location_name,sex_name,measure_name,start_year,end_year,adult_count_start_reconstructed,adult_count_end_reconstructed,population_source,population_growth,population_aging,rate_change,total_change,component_sum,closure_error,population_growth_pct_of_total,population_aging_pct_of_total,rate_change_pct_of_total,cumulative_population_growth,cumulative_population_aging,cumulative_rate_change,cumulative_total_change,chain_step_years
China,Female,DALYs,1990,1991,981432.9910020297,1007781.9109643617,derived_proxy_NOT_OFFICIAL,15568.0483852881,9885.286629606098,895.5849474379212,26348.91996233212,26348.91996233212,0.0,59.084199305109536,37.516857023885244,3.39894367100523,15568.0483852881,9885.286629606098,895.5849474379212,26348.91996233212,1
China,Female,DALYs,1991,1992,1007781.9109643617,1032726.1380429956,derived_proxy_NOT_OFFICIAL,13131.671256911106,10774.297335676072,1038.2584860467857,24944.227078633965,24944.227078633965,0.0,52.64412970389878,43.193550562666346,4.162319733434869,28699.719642199205,20659.58396528217,1933.843433484707,51293.14704096608,1
China,Female,DALYs,1992,1993,1032726.1380429956,1056182.2109943386,derived_proxy_NOT_OFFICIAL,11885.944235742229,10803.275042924175,766.8536726760407,23456.072951342445,23456.07295134244,-3.637978807091713e-12,50.673206296717154,46.0574754577828,3.2693182455000507,40585.663877941435,31462.859008206346,2700.6971061607474,74749.21999230853,1
China,Female,DALYs,1993,1994,1056182.2109943386,1079475.3697889794,derived_proxy_NOT_OFFICIAL,11415.526294146975,9961.604488855888,1916.028011638167,23293.15879464103,23293.15879464103,0.0,49.00806453426705,42.766224094723114,8.225711371009846,52001.19017208841,41424.463497062236,4616.725117798915,98042.37878694956,1
China,Female,DALYs,1994,1995,1079475.3697889794,1100100.8767746822,derived_proxy_NOT_OFFICIAL,11146.70642284987,8876.543623961585,602.2569388910972,20625.506985702552,20625.50698570255,-3.637978807091713e-12,54.04330875636989,43.03672937646934,2.9199618671607794,63147.896594938284,50301.00712102382,5218.982056690012,118667.88577265211,1
China,Female,DALYs,1995,1996,1100100.8767746822,1119239.737729052,derived_proxy_NOT_OFFICIAL,10803.37782880858,8253.94293631074,81.54018925079922,19138.860954370117,19138.860954370117,0.0,56.44733954944046,43.12661529852463,0.42604515203492577,73951.27442374686,58554.95005733456,5300.522245940811,137806.74672702223,1
China,Female,DALYs,1996,1997,1119239.737729052,1140186.1874182657,derived_proxy_NOT_OFFICIAL,11090.7472712429,7588.573538569617,2267.128879401367,20946.449689213885,20946.449689213885,0.0,52.9481006843558,36.22844754678049,10.823451768863709,85042.02169498976,66143.52359590417,7567.651125342178,158753.1964162361,1
China,Female,DALYs,1997,1998,1140186.1874182657,1160107.5344157906,derived_proxy_NOT_OFFICIAL,12755.228216689857,6140.414932678531,1025.703848156457,19921.346997524844,19921.346997524844,0.0,64.02794057186318,30.82329188604292,5.148767542093901,97797.24991167962,72283.9385285827,8593.354973498635,178674.54341376096,1
China,Female,DALYs,1998,1999,1160107.5344157906,1180708.5426507974,derived_proxy_NOT_OFFICIAL,15442.956623341228,3739.6800524130617,1418.3715592530014,20601.00823500729,20601.00823500729,0.0,74.96213994565088,18.152898196789337,6.884961857559781,113240.20653502084,76023.61858099577,10011.726532751636,199275.55164876825,1
China,Female,DALYs,1999,2000,1180708.5426507974,1199983.9559180525,derived_proxy_NOT_OFFICIAL,18344.16809971832,1130.6805014812076,-199.43533394493474,19275.413267254597,19275.413267254597,0.0,95.16874084812339,5.865920931521749,-1.0346617796451552,131584.37463473916,77154.29908247698,9812.291198806703,218550.96491602284,1
China,Female,DALYs,2000,2001,1199983.9559180525,1221037.8404404246,derived_proxy_NOT_OFFICIAL,21084.21209567366,-1281.9630209172608,1251.6354476157576,21053.88452237216,21053.88452237216,0.0,100.1440474002281,-6.0889619659261855,5.944914565698087,152668.58673041282,75872.33606155972,11063.92664642246,239604.849438395,1
China,Female,DALYs,2001,2002,1221037.8404404246,1240268.9853950203,derived_proxy_NOT_OFFICIAL,22858.522598612275,-2416.376798876406,-1211.0008451406222,19231.14495459525,19231.14495459525,0.0,118.8619952300358,-12.564913865406734,-6.297081364629077,175527.1093290251,73455.9592626833,9852.925801281837,258835.99439299025,1
China,Female,DALYs,2002,2003,1240268.9853950203,1262266.235613898,derived_proxy_NOT_OFFICIAL,23991.24098830344,-2347.886545018526,353.89577559265314,21997.25021887757,21997.25021887757,0.0,109.06472740722235,-10.673545655282041,1.6088182480596933,199518.35031732853,71108.07271766478,10206.82157687449,280833.2446118678,1
China,Female,DALYs,2003,2004,1262266.235613898,1284425.76260201,derived_proxy_NOT_OFFICIAL,24318.778761715086,-1594.0906288043673,-565.1611447981171,22159.5269881126,22159.526988112604,3.637978807091713e-12,109.74412393712561,-7.193703320741058,-2.5504206163845273,223837.12907904363,69513.98208886042,9641.660432076373,302992.7715999804,1
China,Female,DALYs,2004,2005,1284425.76260201,1308448.9069317228,derived_proxy_NOT_OFFICIAL,23463.914450974942,76.72334705541532,482.50653168236994,24023.144329712726,24023.14432971273,3.637978807091713e-12,97.67212038914445,0.31937262667369065,2.008506984181866,247301.04353001856,69590.70543591584,10124.166963758744,327015.91592969315,1
China,Female,DALYs,2005,2006,1308448.9069317228,1331106.1257858425,derived_proxy_NOT_OFFICIAL,21294.118553560187,2306.975871682012,-943.8755711224318,22657.21885411977,22657.218854119765,-3.637978807091713e-12,93.983814565521,10.182078773814439,-4.165893339335453,268595.16208357876,71897.68130759784,9180.29139263631,349673.1347838129,1
China,Female,DALYs,2006,2007,1331106.1257858425,1355817.1416943648,derived_proxy_NOT_OFFICIAL,19108.71810386388,4442.80005228729,1159.497752370662,24711.015908521833,24711.015908521833,0.0,77.3287434826751,17.97902631253273,4.692230204792179,287703.88018744264,76340.48135988513,10339.789145006973,374384.15069233475,1
China,Female,DALYs,2007,2008,1355817.1416943648,1378926.404489969,derived_proxy_NOT_OFFICIAL,17122.976222027173,6565.396758561099,-579.1101849839712,23109.2627956043,23109.2627956043,0.0,74.09572678053667,28.410238858030244,-2.5059656385669125,304826.8564094698,82905.87811844623,9760.678960023002,397493.41348793905,1
China,Female,DALYs,2008,2009,1378926.404489969,1403686.0877886373,derived_proxy_NOT_OFFICIAL,15294.024236756144,8142.684660829254,1322.974401083193,24759.68329866859,24759.68329866859,0.0,61.76987020499795,32.88686920024988,5.34326059475217,320120.88064622594,91048.56277927548,11083.653361106195,422253.09678660764,1
China,Female,DALYs,2009,2010,1403686.0877886373,1426225.751027934,derived_proxy_NOT_OFFICIAL,13530.614930224605,9127.25117592339,-118.20286685100292,22539.66323929699,22539.66323929699,0.0,60.03024440327274,40.49417721561339,-0.5244216188861287,333651.49557645054,100175.81395519887,10965.450494255192,444792.76002590463,1
China,Female,DALYs,2010,2011,1426225.751027934,1447149.5036703714,derived_proxy_NOT_OFFICIAL,11643.470419005374,9156.84122328984,123.44100014190191,20923.752642437117,20923.752642437117,0.0,55.647142355288274,43.762901329267905,0.5899563154438247,345294.9659954559,109332.65517848871,11088.891494397094,465716.51266834175,1
China,Female,DALYs,2011,2012,1447149.5036703714,1465875.835296505,derived_proxy_NOT_OFFICIAL,9749.761892326449,9068.648751051785,-92.07901724493907,18726.331626133295,18726.3316261333,3.637978807091713e-12,52.064451740886035,48.427257041609515,-0.4917087824955495,355044.7278877824,118401.3039295405,10996.812477152156,484442.84429447504,1
China,Female,DALYs,2012,2013,1465875.835296505,1481605.8951862373,derived_proxy_NOT_OFFICIAL,7916.8593986781,9218.052487925548,-1404.851996870789,15730.05988973286,15730.059889732858,-1.8189894035458565e-12,50.32949304818286,58.60150916489674,-8.931002213079605,362961.5872864605,127619.35641746604,9591.960480281366,500172.9041842079,1
China,Female,DALYs,2013,2014,1481605.8951862373,1496335.0490614001,derived_proxy_NOT_OFFICIAL,6193.59747542371,8691.521213748725,-155.9648140098434,14729.153875162592,14729.153875162592,0.0,42.04992036825564,59.008964719996726,-1.0588850882523742,369155.1847618842,136310.87763121477,9435.995666271523,514902.0580593705,1
China,Female,DALYs,2014,2015,1496335.0490614001,1509712.2490609773,derived_proxy_NOT_OFFICIAL,4682.7689547580285,8231.438785338503,462.9922594808353,13377.199999577366,13377.199999577368,1.8189894035458565e-12,35.005598741933845,61.53334618304701,3.4610550750191584,373837.9537166422,144542.31641655328,9898.987925752359,528279.2580589479,1
China,Female,DALYs,2015,2016,1509712.2490609773,1520415.2378718737,derived_proxy_NOT_OFFICIAL,3483.796642983526,6428.225831993816,790.9663359185992,10702.988810895942,10702.988810895942,0.0,32.549755068761016,60.060100459506245,7.3901444717327305,377321.75035962573,150970.5422485471,10689.954261670957,538982.2468698438,1
China,Female,DALYs,2016,2017,1520415.2378718737,1528977.7525291194,derived_proxy_NOT_OFFICIAL,2640.358013770776,4852.146830660175,1070.0098128147656,8562.514657245716,8562.514657245716,0.0,30.836245185711526,56.66731123845986,12.496443575828613,379962.1083733965,155822.68907920728,11759.964074485722,547544.7615270895,1
China,Female,DALYs,2017,2018,1528977.7525291194,1537919.4177550222,derived_proxy_NOT_OFFICIAL,2519.964699752163,3715.2725345467916,2706.427991604316,8941.66522590327,8941.66522590327,0.0,28.182275181271965,41.5501189172678,30.267605901460236,382482.07307314867,159537.96161375407,14466.39206609004,556486.4267529928,1
China,Female,DALYs,2018,2019,1537919.4177550222,1543174.0724627222,derived_proxy_NOT_OFFICIAL,3199.222478322607,970.1074278698457,1085.3248015073282,5254.654707699781,5254.654707699781,0.0,60.88359095479106,18.461868226057216,20.65454081915171,385681.2955514713,160508.0690416239,15551.716867597368,561741.0814606926,1
China,Female,DALYs,2019,2020,1543174.0724627222,1547019.8911503726,derived_proxy_NOT_OFFICIAL,4332.588114150839,134.1422490067004,-620.9116755071639,3845.818687650375,3845.818687650376,9.094947017729282e-13,112.6571080447336,3.488002422928975,-16.14511046766257,390013.88366562215,160642.2112906306,14930.805192090203,565586.900148343,1
China,Female,DALYs,2020,2021,1547019.8911503726,1550439.6259349005,derived_proxy_NOT_OFFICIAL,5315.037884070926,-2371.2092357636043,475.90613622012705,3419.734784527449,3419.734784527449,0.0,155.42251721153218,-69.33898051077274,13.9164632992406,395328.92154969304,158271.002054867,15406.71132831033,569006.6349328704,1
China,Female,DALYs,2021,2022,1550439.6259349005,1552061.9611910055,derived_proxy_NOT_OFFICIAL,5880.563424672156,-4053.4746703506294,-204.75349821600443,1622.3352561055217,1622.335256105522,2.2737367544323206e-13,362.47522838088815,-249.85431680016322,-12.620911580724881,401209.4849743652,154217.52738451638,15201.957830094327,570628.9701889759,1
China,Female,DALYs,2022,2023,1552061.9611910055,1548871.3277336091,derived_proxy_NOT_OFFICIAL,6417.944382172039,-5632.061071923623,-3976.5167676448277,-3190.6334573964123,-3190.633457396412,4.547473508864641e-13,-201.14953559752183,176.518586265921,124.63094933160086,407627.42935653724,148585.46631259276,11225.4410624495,567438.3367315795,1
China,Female,Incidence,1990,1991,112468.84108018402,114077.48814327462,derived_proxy_NOT_OFFICIAL,1773.108111683551,-249.1694369661394,84.70838837318539,1608.647063090597,1608.6470630905972,2.2737367544323206e-13,110.22356316474945,-15.489378788124297,5.265815623374854,1773.108111683551,-249.1694369661394,84.70838837318539,1608.647063090597,1
China,Female,Incidence,1991,1992,114077.48814327462,115274.29622622207,derived_proxy_NOT_OFFICIAL,1476.06803595183,-359.3067760868871,80.04682308249176,1196.8080829474347,1196.8080829474347,0.0,123.33372885622973,-30.022088019493122,6.688359163263398,3249.1761476353813,-608.4762130530265,164.75521145567714,2805.4551460380317,1
China,Female,Incidence,1992,1993,115274.29622622207,116209.51567463139,derived_proxy_NOT_OFFICIAL,1317.2195519977904,-467.17184220138734,85.17173861291667,935.2194484093197,935.2194484093197,0.0,140.8460393160344,-49.95317868934213,9.107139373307746,4566.395699633172,-1075.648055254414,249.9269500685938,3740.6745944473514,1
China,Female,Incidence,1993,1994,116209.51567463139,116979.45410466455,derived_proxy_NOT_OFFICIAL,1246.495198916993,-563.3904356023777,86.8336667185431,769.9384300331585,769.9384300331585,0.0,161.89543868635198,-73.17344006041034,11.278001374058375,5812.890898550165,-1639.0384908567917,336.7606167871369,4510.61302448051,1
China,Female,Incidence,1994,1995,116979.45410466455,117567.90411226155,derived_proxy_NOT_OFFICIAL,1199.5606488461708,-682.6486715523862,71.53803030322888,588.4500075970136,588.4500075970135,-1.1368683772161603e-13,203.85090209186677,-116.00792977130564,12.157027679438837,7012.451547396336,-2321.6871624091777,408.29864709036576,5099.0630320775235,1
China,Female,Incidence,1995,1996,117567.90411226155,117986.4356882982,derived_proxy_NOT_OFFICIAL,1146.6852152871895,-785.6307969966413,57.47715774608756,418.53157603663567,418.53157603663584,1.7053025658242404e-13,273.9781849068458,-187.71123661357203,13.733051706726272,8159.136762683525,-3107.3179594058192,465.77580483645335,5517.594608114159,1
China,Female,Incidence,1996,1997,117986.4356882982,118353.57194116674,derived_proxy_NOT_OFFICIAL,1160.1681130798534,-854.170392226195,61.13853201488382,367.1362528685422,367.1362528685422,0.0,316.00478133530066,-232.65759933875054,16.652818003449866,9319.304875763379,-3961.488351632014,526.9143368513372,5884.730860982701,1
China,Female,Incidence,1997,1998,118353.57194116674,118877.3839295535,derived_proxy_NOT_OFFICIAL,1315.5158047301761,-863.4465254933871,71.74270915000186,523.8119883867912,523.8119883867909,-3.410605131648481e-13,251.14274470533465,-164.83901564616428,13.69627094082961,10634.820680493554,-4824.934877125401,598.657046001339,6408.542849369493,1
China,Female,Incidence,1998,1999,118877.3839295535,119733.67934257856,derived_proxy_NOT_OFFICIAL,1574.2439276625664,-796.9285994382298,78.9800848007071,856.2954130250437,856.2954130250438,1.1368683772161603e-13,183.8435548896868,-93.0670172134768,9.223462323790027,12209.06460815612,-5621.863476563631,677.6371308020462,7264.838262394536,1
China,Female,Incidence,1999,2000,119733.67934257856,120936.74077154252,derived_proxy_NOT_OFFICIAL,1854.5131960065385,-729.6888095248312,78.23704248228509,1203.0614289639925,1203.0614289639923,-2.2737367544323206e-13,154.1495015432037,-60.65266427444169,6.50316273123795,14063.57780416266,-6351.552286088462,755.8741732843313,8467.899691358529,1
China,Female,Incidence,2000,2001,120936.74077154252,122465.01714696258,derived_proxy_NOT_OFFICIAL,2119.7935721127506,-675.3671205966602,83.8499239038938,1528.276375419984,1528.276375419984,0.0,138.7048577211836,-44.19142580876861,5.486568087585014,16183.371376275409,-7026.919406685122,839.7240971882251,9996.176066778513,1
China,Female,Incidence,2001,2002,122465.01714696258,124207.42379630519,derived_proxy_NOT_OFFICIAL,2290.9200485970264,-637.8546559303674,89.34125667594829,1742.4066493426071,1742.4066493426074,2.2737367544323206e-13,131.48021728804628,-36.60768031222928,5.127463024183009,18474.291424872437,-7664.77406261549,929.0653538641733,11738.58271612112,1
China,Female,Incidence,2002,2003,124207.42379630519,126149.41088733608,derived_proxy_NOT_OFFICIAL,2400.166091297617,-542.4332539837245,84.25425371704719,1941.98709103094,1941.9870910309398,-2.2737367544323206e-13,123.59330823478565,-27.9318671318131,4.338558897027439,20874.457516170052,-8207.207316599213,1013.3196075812205,13680.56980715206,1
China,Female,Incidence,2003,2004,126149.41088733608,128270.79202468472,derived_proxy_NOT_OFFICIAL,2429.5302063476,-371.7767610133208,63.627692014316075,2121.381137348595,2121.381137348595,0.0,114.5258701311988,-17.52522234066743,2.999352209468641,23303.987722517653,-8578.984077612535,1076.9472995955366,15801.950944500655,1
China,Female,Incidence,2004,2005,128270.79202468472,130432.59832794765,derived_proxy_NOT_OFFICIAL,2341.1241023023663,-192.37842690818312,13.060627868774947,2161.806303262958,2161.8063032629584,4.547473508864641e-13,108.29481340528761,-8.89896687866131,0.6041534733737095,25645.11182482002,-8771.362504520717,1090.0079274643115,17963.757247763613,1
China,Female,Incidence,2005,2006,130432.59832794765,132498.20044994462,derived_proxy_NOT_OFFICIAL,2121.154061120166,-24.488625377072218,-31.063313746109394,2065.6021219969844,2065.602121996984,-4.547473508864641e-13,102.6893823612785,-1.1855441624642158,-1.5038381988142993,27766.265885940185,-8795.85112989779,1058.9446137182022,20029.359369760597,1
China,Female,Incidence,2006,2007,132498.20044994462,134393.08464924258,derived_proxy_NOT_OFFICIAL,1898.0718998027587,45.65047245066671,-48.838172955438495,1894.884199297987,1894.884199297987,0.0,100.16822666556367,2.4091431269298256,-2.577369792493492,29664.337785742944,-8750.200657447123,1010.1064407627637,21924.243569058584,1
China,Female,Incidence,2007,2008,134393.08464924258,136081.28048167817,derived_proxy_NOT_OFFICIAL,1693.5305772952706,55.383801008443704,-60.71854586814879,1688.1958324355655,1688.1958324355655,0.0,100.31600272653255,3.2806502625078346,-3.596652989040374,31357.868363038215,-8694.81685643868,949.3878948946149,23612.43940149415,1
China,Female,Incidence,2008,2009,136081.28048167817,137452.13498857812,derived_proxy_NOT_OFFICIAL,1503.4215876854335,-62.43638893399718,-70.1306918514844,1370.854506899952,1370.8545068999517,-2.2737367544323206e-13,109.67039755993277,-4.554559847141673,-5.115837712791113,32861.28995072365,-8757.253245372676,879.2572030431304,24983.293908394102,1
China,Female,Incidence,2009,2010,137452.13498857812,138483.31730361455,derived_proxy_NOT_OFFICIAL,1319.3600584836531,-214.7448467627837,-73.43289668447687,1031.1823150363925,1031.1823150363925,0.0,127.94634268306766,-20.825109549634288,-7.121233133433371,34180.650009207304,-8971.99809213546,805.8243063586535,26014.476223430494,1
China,Female,Incidence,2010,2011,138483.31730361455,138999.80871873462,derived_proxy_NOT_OFFICIAL,1124.4382386763464,-479.5829711792175,-128.36385237704962,516.4914151200792,516.4914151200792,0.0,217.70705296523187,-92.8540063086468,-24.853046656585047,35305.08824788365,-9451.581063314678,677.4604539816039,26530.967638550574,1
China,Female,Incidence,2011,2012,138999.80871873462,139012.78066876094,derived_proxy_NOT_OFFICIAL,930.5229287302645,-724.9181942056748,-192.63278449824426,12.97195002634544,12.971950026345468,2.842170943040401e-14,7173.346542658697,-5588.351733805626,-1484.9948088530703,36235.611176613915,-10176.499257520352,484.8276694833597,26543.93958857692,1
China,Female,Incidence,2012,2013,139012.78066876094,138613.27399701488,derived_proxy_NOT_OFFICIAL,745.7123923452939,-935.9049152610047,-209.31414883031783,-399.5066717460286,-399.50667174602864,-5.684341886080802e-14,-186.65830762880293,234.26515286232095,52.39315476648196,36981.323568959204,-11112.404172781358,275.51352065304184,26144.43291683089,1
China,Female,Incidence,2013,2014,138613.27399701488,137809.86731494177,derived_proxy_NOT_OFFICIAL,574.9180312992297,-1212.6944000793835,-165.63031329298488,-803.4066820731387,-803.4066820731387,0.0,-71.56002608986162,150.9440271208729,20.615998968988734,37556.241600258436,-12325.098572860741,109.88320736005699,25341.02623475775,1
China,Female,Incidence,2014,2015,137809.86731494177,136893.25973884438,derived_proxy_NOT_OFFICIAL,427.93370680031273,-1274.8561467670029,-69.68513613067141,-916.6075760973617,-916.6075760973615,2.2737367544323206e-13,-46.686686643189795,139.08418171655916,7.602504926630617,37984.17530705875,-13599.954719627744,40.198071229385576,24424.41865866039,1
China,Female,Incidence,2015,2016,136893.25973884438,135921.74267247974,derived_proxy_NOT_OFFICIAL,313.6624499149087,-1355.7889286586967,70.6094123791166,-971.5170663646713,-971.5170663646715,-1.1368683772161603e-13,-32.28584044216589,139.5537943282804,-7.267953886114488,38297.837756973655,-14955.743648286441,110.80748360850218,23452.90159229572,1
China,Female,Incidence,2016,2017,135921.74267247974,134964.74153671347,derived_proxy_NOT_OFFICIAL,234.55032148386334,-1348.0626785728139,156.51122132267724,-957.0011357662734,-957.0011357662733,1.1368683772161603e-13,-24.508886428442768,140.8632266139806,-16.354340185537847,38532.38807845752,-16303.806326859254,267.3187049311794,22495.900456529445,1
China,Female,Incidence,2017,2018,134964.74153671347,134032.7772697242,derived_proxy_NOT_OFFICIAL,221.02313445266918,-1325.5273693157505,172.53996787381766,-931.9642669892637,-931.9642669892637,0.0,-23.715837857892396,142.22941976068495,-18.51358190279256,38753.41121291019,-17629.333696175006,439.8586728049971,21563.93618954018,1
China,Female,Incidence,2018,2019,134032.7772697242,133035.17912185064,derived_proxy_NOT_OFFICIAL,277.3092739994948,-1488.5078940472838,213.60047217425506,-997.5981478735339,-997.598147873534,-1.1368683772161603e-13,-27.797693348830222,149.20916776160485,-21.411474412774602,39030.72048690968,-19117.841590222288,653.4591449792522,20566.338041666648,1
China,Female,Incidence,2019,2020,133035.17912185064,132123.26930346593,derived_proxy_NOT_OFFICIAL,371.7622612860723,-1382.1815828048566,98.5095031340461,-911.9098183847382,-911.9098183847382,0.0,-40.767437063521605,151.56998586253943,-10.802548799017819,39402.482748195755,-20500.023173027144,751.9686481132983,19654.42822328191,1
China,Female,Incidence,2020,2021,132123.26930346593,131156.39673922455,derived_proxy_NOT_OFFICIAL,451.77636864746216,-1347.6189598721053,-71.02997301676321,-966.8725642414065,-966.8725642414063,2.2737367544323206e-13,-46.725533990295716,139.3791705041736,7.346363486122108,39854.25911684322,-21847.64213289925,680.938675096535,18687.555659040503,1
China,Female,Incidence,2021,2022,131156.39673922455,130343.46187984984,derived_proxy_NOT_OFFICIAL,495.65428508240194,-1204.4326776474143,-104.15646680967136,-812.9348593746836,-812.9348593746837,-1.1368683772161603e-13,-60.970971950158884,148.1585718410297,12.812400109129213,40349.91340192562,-23052.074810546666,576.7822082868637,17874.62079966582,1
China,Female,Incidence,2022,2023,130343.46187984984,129940.20803846579,derived_proxy_NOT_OFFICIAL,538.6901388661499,-1093.7348813090648,151.79090105884825,-403.2538413840666,-403.2538413840666,0.0,-133.58586666334847,271.22739303737245,-37.641526374023975,40888.60354079177,-24145.80969185573,728.5731093457119,17471.366958281753,1
China,Female,Prevalence,1990,1991,1539185.4777092559,1578931.5546440936,derived_proxy_NOT_OFFICIAL,24403.23647778062,15672.162945359481,-329.3224883028306,39746.07693483727,39746.07693483727,0.0,61.39784944760495,39.43071657374793,-0.8285660213528667,24403.23647778062,15672.162945359481,-329.3224883028306,39746.07693483727,1
China,Female,Prevalence,1991,1992,1578931.5546440936,1616518.672066629,derived_proxy_NOT_OFFICIAL,20564.313151436316,17145.413786661848,-122.60951556214907,37587.117422536016,37587.11742253601,-7.275957614183426e-12,54.711067412439085,45.61513348821481,-0.3262009006538937,44967.54962921694,32817.57673202133,-451.93200386497966,77333.19435737329,1
China,Female,Prevalence,1992,1993,1616518.672066629,1652460.171706896,derived_proxy_NOT_OFFICIAL,18600.733245646075,17232.902604274765,107.86379034627075,35941.49964026711,35941.49964026712,7.275957614183426e-12,51.752802280978614,47.94708839852597,0.3001093204954236,63568.28287486301,50050.47933629609,-344.06821351870894,113274.6939976404,1
China,Female,Prevalence,1993,1994,1652460.171706896,1686674.5822832854,derived_proxy_NOT_OFFICIAL,17848.385531069787,16061.012122263512,305.0129230556389,34214.41057638894,34214.41057638894,0.0,52.16628090441751,46.94224407696526,0.8914750186172303,81416.6684059328,66111.4914585596,-39.05529046307004,147489.10457402933,1
China,Female,Prevalence,1994,1995,1686674.5822832854,1718829.630423437,derived_proxy_NOT_OFFICIAL,17416.33244393234,14418.61808719618,320.09760902290384,32155.048140151426,32155.048140151426,0.0,54.1636024552701,44.84091587843687,0.9954816662930253,98833.00084986514,80530.10954575578,281.0423185598338,179644.15271418076,1
China,Female,Prevalence,1995,1996,1718829.630423437,1749961.535798578,derived_proxy_NOT_OFFICIAL,16885.496132011176,13564.452069479274,681.9571736509679,31131.905375141418,31131.905375141418,0.0,54.238556646436784,43.57090228184486,2.190541071718358,115718.49698187632,94094.56161523506,962.9994922108017,210776.05808932218,1
China,Female,Prevalence,1996,1997,1749961.535798578,1781217.3867898735,derived_proxy_NOT_OFFICIAL,17333.417339699226,12572.268410329358,1350.1652412666008,31255.850991295185,31255.850991295185,0.0,55.45655226129219,40.223727755263354,4.3197199834444575,133051.91432157555,106666.83002556441,2313.1647334774025,242031.90908061736,1
China,Female,Prevalence,1997,1998,1781217.3867898735,1813113.1201128836,derived_proxy_NOT_OFFICIAL,19930.69507119246,10279.132559964783,1685.9056918529097,31895.73332301015,31895.73332301015,0.0,62.487025676296646,32.22729653482911,5.285677788874248,152982.609392768,116945.9625855292,3999.070425330312,273927.6424036275,1
China,Female,Prevalence,1998,1999,1813113.1201128836,1845395.536073212,derived_proxy_NOT_OFFICIAL,24136.09712092714,6615.8813365704455,1530.4375028308325,32282.41596032842,32282.415960328417,-3.637978807091713e-12,74.76546101936044,20.493761509983155,4.74077747065639,177118.70651369513,123561.84392209964,5529.507928161145,306210.05836395593,1
China,Female,Prevalence,1999,2000,1845395.536073212,1877330.8161118235,derived_proxy_NOT_OFFICIAL,28684.91892345067,2486.91255103463,763.448564126195,31935.280038611498,31935.280038611498,0.0,89.8220365964195,7.787351631261153,2.3906117723193407,205803.62543714582,126048.75647313427,6292.95649228734,338145.33840256743,1
China,Female,Prevalence,2000,2001,1877330.8161118235,1908855.9028104139,derived_proxy_NOT_OFFICIAL,32973.21585688181,-1159.4178943337176,-288.711263957317,31525.086698590778,31525.086698590778,0.0,104.59357708397918,-3.6777627462815055,-0.9158143376976751,238776.84129402763,124889.33857880055,6004.245228330023,369670.4251011582,1
China,Female,Prevalence,2001,2002,1908855.9028104139,1940859.814327077,derived_proxy_NOT_OFFICIAL,35752.66796768608,-2875.705064905924,-873.0513861172367,32003.91151666292,32003.91151666292,0.0,111.7134321192938,-8.985479988621643,-2.727952130672153,274529.5092617137,122013.63351389463,5131.193842212786,401674.3366178211,1
China,Female,Prevalence,2002,2003,1940859.814327077,1974576.976722774,derived_proxy_NOT_OFFICIAL,37536.50502428199,-2808.068071689146,-1011.274556895524,33717.16239569732,33717.16239569733,7.275957614183426e-12,111.32759211395577,-8.328304851797038,-2.9992872621587328,312066.0142859957,119205.56544220548,4119.919285317262,435391.49901351845,1
China,Female,Prevalence,2003,2004,1974576.976722774,2010308.1738945555,derived_proxy_NOT_OFFICIAL,38052.31977505023,-1556.2752423731533,-764.8473608961019,35731.19717178098,35731.19717178098,0.0,106.4960672661211,-4.355508254848609,-2.1405590112724986,350118.3340610459,117649.29019983234,3355.07192442116,471122.6961852994,1
China,Female,Prevalence,2004,2005,2010308.1738945555,2047614.233328827,derived_proxy_NOT_OFFICIAL,36721.63967064831,1033.5360825582563,-449.1163189351404,37306.05943427142,37306.05943427142,0.0,98.43344547109622,2.7704241569099968,-1.2038696280062138,386839.9737316942,118682.82628239058,2905.9556054860195,508428.75561957085,1
China,Female,Prevalence,2005,2006,2047614.233328827,2085761.1939890692,derived_proxy_NOT_OFFICIAL,33345.14451766736,4659.431809028378,142.3843335462734,38146.96066024201,38146.96066024201,0.0,87.41232313278563,12.214424762506932,0.3732521047074425,420185.1182493616,123342.25809141896,3048.339939032293,546575.7162798129,1
China,Female,Prevalence,2006,2007,2085761.1939890692,2124406.489496568,derived_proxy_NOT_OFFICIAL,29941.587801531852,8066.8708661279725,636.8368398394281,38645.29550749925,38645.29550749926,7.275957614183426e-12,77.47796312159545,20.874134251509524,1.6479026268950323,450126.70605089347,131409.12895754693,3685.176778871721,585221.0117873121,1
China,Female,Prevalence,2007,2008,2124406.489496568,2163572.5990954,derived_proxy_NOT_OFFICIAL,26848.20997716137,11444.339939984726,873.5596816851756,39166.10959883127,39166.10959883127,0.0,68.5495961997781,29.220006932540034,2.2303968676818564,476974.91602805484,142853.46889753165,4558.736460556896,624387.1213861434,1
China,Female,Prevalence,2008,2009,2163572.5990954,2202481.3398691346,derived_proxy_NOT_OFFICIAL,23996.75905497085,14156.26776852195,755.7139502427696,38908.74077373557,38908.74077373557,0.0,61.674468455605485,36.38325858666134,1.9422729577331797,500971.67508302565,157009.73666605362,5314.450410799666,663295.862159879,1
China,Female,Prevalence,2009,2010,2202481.3398691346,2239826.889363005,derived_proxy_NOT_OFFICIAL,21240.062243479693,15762.164490175355,343.322760214253,37345.5494938693,37345.5494938693,0.0,56.87441350131023,42.20627277893687,0.9193137197529075,522211.73732650536,172771.90115622897,5657.77317101392,700641.4116537482,1
China,Female,Prevalence,2010,2011,2239826.889363005,2274181.6676221886,derived_proxy_NOT_OFFICIAL,18291.590738290535,16002.880300107026,60.3072207866547,34354.77825918421,34354.77825918422,7.275957614183426e-12,53.2432216569483,46.58123588915584,0.17554245389586387,540503.3280647959,188774.781456336,5718.080391800574,734996.1899129325,1
China,Female,Prevalence,2011,2012,2274181.6676221886,2305828.6056492613,derived_proxy_NOT_OFFICIAL,15329.166132344633,16032.054385028316,285.7175097002182,31646.938027073164,31646.938027073167,3.637978807091713e-12,48.43807043585359,50.659101273283675,0.9028282908627496,555832.4941971406,204806.8358413643,6003.797901500792,766643.1279400056,1
China,Female,Prevalence,2012,2013,2305828.6056492613,2335121.264506881,derived_proxy_NOT_OFFICIAL,12465.44878248079,16407.76952919783,419.4405459407717,29292.65885761939,29292.65885761939,0.0,42.55485595578965,56.013247581757035,1.431896462453322,568297.9429796214,221214.60537056215,6423.238447441564,795935.786797625,1
China,Female,Prevalence,2013,2014,2335121.264506881,2361110.838489692,derived_proxy_NOT_OFFICIAL,9767.262988169987,15839.65251276999,382.6584818710884,25989.573982811067,25989.573982811064,-3.637978807091713e-12,37.581466301178466,60.94617989215979,1.4723538066617416,578065.2059677913,237054.25788333215,6805.896929312652,821925.3607804361,1
China,Female,Prevalence,2014,2015,2361110.838489692,2383807.1109727873,derived_proxy_NOT_OFFICIAL,7391.555042029358,15190.011256374886,114.70618469035252,22696.272483094595,22696.272483094595,0.0,32.567264283309015,66.92733913768978,0.5053965790012076,585456.7610098206,252244.26913970703,6920.6031140030045,844621.6332635307,1
China,Female,Prevalence,2015,2016,2383807.1109727873,2402087.7746185,derived_proxy_NOT_OFFICIAL,5502.435030599823,12484.620083726943,293.6085313868243,18280.66364571359,18280.66364571359,0.0,30.099755332952707,68.29412939094424,1.6061152761030588,590959.1960404204,264728.889223434,7214.211645389829,862902.2969092443,1
China,Female,Prevalence,2016,2017,2402087.7746185,2416940.61439458,derived_proxy_NOT_OFFICIAL,4172.617397228799,10054.569490411863,625.6528884394404,14852.839776080102,14852.839776080104,1.8189894035458565e-12,28.093061395226457,67.69459337065186,4.212345234121687,595131.8134376493,274783.4587138458,7839.86453382927,877755.1366853244,1
China,Female,Prevalence,2017,2018,2416940.61439458,2429757.6609668895,derived_proxy_NOT_OFFICIAL,3982.3311749442946,8418.84955766797,415.8658396971877,12817.046572309453,12817.046572309453,0.0,31.07058363623262,65.68478557186839,3.2446307918989987,599114.1446125936,283202.3082715138,8255.730373526458,890572.1832576338,1
China,Female,Prevalence,2018,2019,2429757.6609668895,2440458.4369422887,derived_proxy_NOT_OFFICIAL,5056.983285904008,4278.2954598686965,1365.4972296260144,10700.77597539872,10700.77597539872,0.0,47.258098828814894,39.981170241341154,12.760730929843943,604171.1278984976,287480.60373138246,9621.227603152473,901272.9592330325,1
China,Female,Prevalence,2019,2020,2440458.4369422887,2450449.4437205894,derived_proxy_NOT_OFFICIAL,6857.214011384484,2921.0495846749595,212.74318224129578,9991.00677830074,9991.00677830074,0.0,68.63386406941015,29.236789139400113,2.129346791189736,611028.341909882,290401.65331605746,9833.970785393767,911263.9660113333,1
China,Female,Prevalence,2020,2021,2450449.4437205894,2457956.505371521,derived_proxy_NOT_OFFICIAL,8422.493350452665,-1017.8117646608346,102.38006513953829,7507.0616509313695,7507.0616509313695,0.0,112.19427443236358,-13.55805789252522,1.3637834601616257,619450.8352603348,289383.8415513966,9936.350850533307,918771.0276622646,1
China,Female,Prevalence,2021,2022,2457956.505371521,2463276.0371070183,derived_proxy_NOT_OFFICIAL,9327.754351454787,-3724.2246680683456,-283.9979478889145,5319.531735497527,5319.531735497527,0.0,175.3491625815515,-70.01038537314083,-5.3387772084106695,628778.5896117896,285659.61688332824,9652.352902644392,924090.5593977622,1
China,Female,Prevalence,2022,2023,2463276.0371070183,2465013.757607841,derived_proxy_NOT_OFFICIAL,10200.015771748343,-6205.154162431059,-2257.1411084946403,1737.7205008226447,1737.7205008226438,-9.094947017729282e-13,586.9767760073964,-357.0858581396439,-129.8909178677526,638978.6053835378,279454.4627208972,7395.211794149751,925828.2798985848,1
China,Male,DALYs,1990,1991,1244646.2134439773,1280536.8183233554,derived_proxy_NOT_OFFICIAL,21367.35502445302,12093.07057670923,2430.179278216092,35890.60487937834,35890.60487937834,0.0,59.53467515040421,33.69425123190817,6.771073617687619,21367.35502445302,12093.07057670923,2430.179278216092,35890.60487937834,1
China,Male,DALYs,1991,1992,1280536.8183233554,1314731.7658241622,derived_proxy_NOT_OFFICIAL,17867.757349271018,13284.882887998285,3042.3072635379312,34194.94750080723,34194.94750080723,0.0,52.25262401367692,38.850426331798495,8.896949654524581,39235.11237372404,25377.953464707512,5472.486541754023,70085.55238018557,1
China,Male,DALYs,1992,1993,1314731.7658241622,1346751.1923288074,derived_proxy_NOT_OFFICIAL,15488.167340415375,13438.724371200624,3092.5347930288017,32019.426504644798,32019.4265046448,3.637978807091713e-12,48.371157859959276,41.970534260665715,9.65830787937502,54723.27971413941,38816.677835908136,8565.021334782825,102104.97888483037,1
China,Male,DALYs,1993,1994,1346751.1923288074,1374087.4445607427,derived_proxy_NOT_OFFICIAL,13854.859447943512,12291.088466578629,1190.304317412898,27336.25223193504,27336.25223193504,0.0,50.68309777943095,44.96259531955813,4.354306901010916,68578.13916208292,51107.766302486765,9755.325652195723,129441.23111676541,1
China,Male,DALYs,1994,1995,1374087.4445607427,1399694.3501809218,derived_proxy_NOT_OFFICIAL,12470.92261209044,10978.174594711125,2157.8084133782736,25606.905620179838,25606.905620179838,0.0,48.70140421130219,42.871929773739005,8.426666014958817,81049.06177417337,62085.94089719789,11913.134065573997,155048.13673694525,1
China,Male,DALYs,1995,1996,1399694.3501809218,1421425.970190837,derived_proxy_NOT_OFFICIAL,11218.389249630814,9884.282433153672,628.9483271304828,21731.620009914972,21731.62000991497,-3.637978807091713e-12,51.622425040160216,45.48341278121008,2.894162178629699,92267.45102380418,71970.22333035157,12542.082392704478,176779.75674686022,1
China,Male,DALYs,1996,1997,1421425.970190837,1439119.1584824093,derived_proxy_NOT_OFFICIAL,10863.496177768722,8851.632645529851,-2021.9405317267713,17693.1882915718,17693.188291571805,3.637978807091713e-12,61.39931367227679,50.0284770594249,-11.427790731701691,103130.9472015729,80821.85597588142,10520.141860977708,194472.94503843202,1
China,Male,DALYs,1997,1998,1439119.1584824093,1454987.5587234045,derived_proxy_NOT_OFFICIAL,12393.384036430856,6839.465549228946,-3364.4493446643464,15868.400240995456,15868.400240995456,0.0,78.10103002325958,43.1011661248588,-21.202196148118382,115524.33123800375,87661.32152511037,7155.692516313362,210341.34527942748,1
China,Male,DALYs,1998,1999,1454987.5587234045,1473665.4843925785,derived_proxy_NOT_OFFICIAL,15388.325107161616,3628.541936322426,-338.94137431009824,18677.925669173943,18677.925669173943,0.0,82.38776285826276,19.42689997054102,-1.8146628288037747,130912.65634516538,91289.86346143279,6816.751142003263,229019.27094860142,1
China,Male,DALYs,1999,2000,1473665.4843925785,1492610.5119141508,derived_proxy_NOT_OFFICIAL,18870.519322748063,377.40205744910054,-302.8938586250879,18945.027521572076,18945.027521572076,0.0,99.60671369445532,1.9920903098154137,-1.598804004270739,149783.17566791343,91667.26551888189,6513.857283378175,247964.2984701735,1
China,Male,DALYs,2000,2001,1492610.5119141508,1512780.5937725785,derived_proxy_NOT_OFFICIAL,22386.474948847008,-2557.582779390233,341.18968897142133,20170.081858428195,20170.0818584282,3.637978807091713e-12,110.98851807332989,-12.680081307263169,1.6915632339332975,172169.65061676045,89109.68273949166,6855.046972349597,268134.3803286017,1
China,Male,DALYs,2001,2002,1512780.5937725785,1534568.2844618026,derived_proxy_NOT_OFFICIAL,24663.948080763028,-4021.3863856463768,1145.1289941067032,21787.690689223353,21787.690689223356,3.637978807091713e-12,113.2012953211344,-18.457148318318282,5.2558529971839,196833.59869752347,85088.29635384528,8000.1759664563,289922.07101782504,1
China,Male,DALYs,2002,2003,1534568.2844618026,1556875.743187371,derived_proxy_NOT_OFFICIAL,26151.177641984385,-4195.926348811404,352.2074323958562,22307.45872556884,22307.458725568835,-3.637978807091713e-12,117.23064452881793,-18.809521964965143,1.5788774361472002,222984.77633950787,80892.37000503388,8352.383398852156,312229.5297433939,1
China,Male,DALYs,2003,2004,1556875.743187371,1581930.90333734,derived_proxy_NOT_OFFICIAL,26687.788856718027,-3535.842038855383,1903.2133321067474,25055.160149969393,25055.160149969393,0.0,106.51613758194489,-14.112230844629835,7.596093262684942,249672.56519622589,77356.52796617849,10255.596730958903,337284.6898933633,1
China,Male,DALYs,2004,2005,1581930.90333734,1606185.6418367603,derived_proxy_NOT_OFFICIAL,25749.748411305558,-1587.4459149694694,92.4360030834408,24254.73849941953,24254.738499419527,-3.637978807091713e-12,106.1637849112321,-6.544889836711537,0.38110492547941915,275422.3136075314,75769.08205120903,10348.032734042345,361539.4283927828,1
China,Male,DALYs,2005,2006,1606185.6418367603,1630363.9571437668,derived_proxy_NOT_OFFICIAL,23063.375165960868,1126.323395853513,-11.383254807209596,24178.31530700717,24178.31530700717,0.0,95.38867730489403,4.658403125080806,-0.04708042997483199,298485.6887734923,76895.40544706254,10336.649479235135,385717.74369979,1
China,Male,DALYs,2006,2007,1630363.9571437668,1654124.769068231,derived_proxy_NOT_OFFICIAL,20450.162016155507,3567.686626725442,-257.03671841711423,23760.811924463836,23760.811924463833,-3.637978807091713e-12,86.0667643898998,15.015003014489569,-1.081767404389378,318935.85078964784,80463.09207378798,10079.612760818021,409478.5556242538,1
China,Male,DALYs,2007,2008,1654124.769068231,1679429.5976471647,derived_proxy_NOT_OFFICIAL,18260.731031842606,5980.026232106689,1064.0713149850103,25304.828578934306,25304.828578934303,-3.637978807091713e-12,72.16302997224905,23.631957092508916,4.205012935242033,337196.5818214904,86443.11830589466,11143.68407580303,434783.3842031881,1
China,Male,DALYs,2008,2009,1679429.5976471647,1702818.4851294272,derived_proxy_NOT_OFFICIAL,16388.126255601295,7728.751005221043,-727.9897785605864,23388.88748226175,23388.88748226175,0.0,70.06800245642351,33.0445431022855,-3.112545558709013,353584.7080770917,94171.8693111157,10415.694297242444,458172.2716854499,1
China,Male,DALYs,2009,2010,1702818.4851294272,1725593.5600454325,derived_proxy_NOT_OFFICIAL,14595.210515031476,8955.790050199023,-775.9256492248968,22775.0749160056,22775.0749160056,0.0,64.08413833481806,39.32276878661408,-3.406907121432127,368179.9185921232,103127.65936131473,9639.768648017547,480947.3466014555,1
China,Male,DALYs,2010,2011,1725593.5600454325,1745188.5268977266,derived_proxy_NOT_OFFICIAL,12637.713102373993,8831.15045411745,-1873.8967041976284,19594.966852293815,19594.966852293815,0.0,64.49468987437763,45.068463349217986,-9.563153223595616,380817.6316944972,111958.80981543218,7765.871943819919,500542.3134537493,1
China,Male,DALYs,2011,2012,1745188.5268977266,1764832.1885143523,derived_proxy_NOT_OFFICIAL,10845.008889841303,8586.965256954581,211.68746983030968,19643.661616626196,19643.661616626196,0.0,55.20869327469069,43.71366919539411,1.0776375299151943,391662.6405843385,120545.77507238676,7977.559413650229,520185.9750703755,1
China,Male,DALYs,2012,2013,1764832.1885143523,1782032.8835870242,derived_proxy_NOT_OFFICIAL,9320.274169625132,8612.456783809466,-732.0358807629674,17200.69507267163,17200.69507267163,0.0,54.18545082188645,50.070399756652215,-4.2558505785386656,400982.91475396365,129158.23185619623,7245.523532887261,537386.6701430471,1
China,Male,DALYs,2013,2014,1782032.8835870242,1797115.1588638918,derived_proxy_NOT_OFFICIAL,8045.236270632595,8117.049477399211,-1080.0104711641325,15082.275276867673,15082.275276867673,0.0,53.34232483458193,53.818467892895946,-7.160792727477866,409028.15102459624,137275.28133359543,6165.513061723129,552468.9454199148,1
China,Male,DALYs,2014,2015,1797115.1588638918,1810970.6759900828,derived_proxy_NOT_OFFICIAL,6962.122017140113,7701.009205946195,-807.6140968955976,13855.517126190709,13855.51712619071,1.8189894035458565e-12,50.24801278603887,55.58081402381717,-5.828826809856029,415990.27304173633,144976.29053954163,5357.898964827531,566324.4625461055,1
China,Male,DALYs,2015,2016,1810970.6759900828,1824132.7201350988,derived_proxy_NOT_OFFICIAL,6010.870588852868,5685.430398438553,1465.743157724811,13162.044145016233,13162.044145016234,1.8189894035458565e-12,45.6682147744419,43.195649063305446,11.136136162252654,422001.1436305892,150661.7209379802,6823.642122552343,579486.5066911217,1
China,Male,DALYs,2016,2017,1824132.7201350988,1835739.3577329258,derived_proxy_NOT_OFFICIAL,5241.458433867277,3946.661842847786,2418.5173211121773,11606.63759782724,11606.63759782724,0.0,45.15914613245507,34.003489896045345,20.837363971499578,427242.6020644565,154608.382780828,9242.15944366452,591093.144288949,1
China,Male,DALYs,2017,2018,1835739.3577329258,1845836.0006065778,derived_proxy_NOT_OFFICIAL,5258.649718233268,2764.326769578038,2073.6663858402753,10096.64287365158,10096.64287365158,0.0,52.08315064759153,27.378672338623417,20.53817701378505,432501.25178268977,157372.70955040603,11315.825829504794,601189.7871626006,1
China,Male,DALYs,2018,2019,1845836.0006065778,1855295.4064736713,derived_proxy_NOT_OFFICIAL,6220.343126550084,-140.5425608124351,3379.60530135606,9459.405867093708,9459.405867093708,0.0,65.75828560426503,-1.4857440603255896,35.72745845606056,438721.59490923985,157232.1669895936,14695.431130860856,610649.1930296943,1
China,Male,DALYs,2019,2020,1855295.4064736713,1862247.6772749664,derived_proxy_NOT_OFFICIAL,7547.594045077063,-945.6664068801715,350.34316309816984,6952.270801295061,6952.270801295062,9.094947017729282e-13,108.56300424418315,-13.602266567407213,5.039262323224065,446269.1889543169,156286.5005827134,15045.774293959024,617601.4638309893,1
China,Male,DALYs,2020,2021,1862247.6772749664,1864216.9029178445,derived_proxy_NOT_OFFICIAL,8196.100374537753,-3391.8686210102164,-2835.0061106494395,1969.2256428780966,1969.2256428780966,0.0,416.2093056313672,-172.2437768001474,-143.96552883121979,454465.28932885465,152894.63196170318,12210.768183309585,619570.6894738674,1
China,Male,DALYs,2021,2022,1864216.9029178445,1865225.257832798,derived_proxy_NOT_OFFICIAL,8022.03206889118,-5094.956222662158,-1918.7209312755538,1008.3549149534665,1008.3549149534676,1.1368683772161603e-12,795.5564008195844,-505.27410013142844,-190.2823006881559,462487.3213977458,147799.67573904103,10292.047252034032,620579.0443888209,1
China,Male,DALYs,2022,2023,1865225.257832798,1863678.773864748,derived_proxy_NOT_OFFICIAL,8533.486819656138,-6867.261076418645,-3212.7097112872484,-1546.4839680497535,-1546.4839680497548,-1.3642420526593924e-12,-551.7992424077687,444.05640267185174,207.74283973591696,471020.80821740197,140932.41466262238,7079.337540746783,619032.5604207711,1
China,Male,Incidence,1990,1991,149191.68386570012,151863.544758199,derived_proxy_NOT_OFFICIAL,2547.5844624863917,-131.2686880698214,255.54511808223714,2671.8608924988075,2671.860892498807,-4.547473508864641e-13,95.3486938499935,-4.913006078960003,9.564312228966507,2547.5844624863917,-131.2686880698214,255.54511808223714,2671.8608924988075,1
China,Male,Incidence,1991,1992,151863.544758199,153859.12265144163,derived_proxy_NOT_OFFICIAL,2104.9430326088427,-319.3580323517138,209.99289298554746,1995.5778932426765,1995.5778932426765,0.0,105.48037436857227,-16.00328573658325,10.522911368010972,4652.527495095234,-450.6267204215352,465.5380110677846,4667.438785741484,1
China,Male,Incidence,1992,1993,153859.12265144163,155287.0134114659,derived_proxy_NOT_OFFICIAL,1799.130993519415,-545.9579290214024,174.71769552618207,1427.8907600241946,1427.8907600241946,0.0,125.99920413301994,-38.2352729148658,12.23606878184586,6451.658488614649,-996.5846494429376,640.2557065939667,6095.329545765679,1
China,Male,Incidence,1993,1994,155287.0134114659,156245.8820549641,derived_proxy_NOT_OFFICIAL,1586.443553777824,-766.7811953708976,139.20628509135472,958.868643498281,958.8686434982811,1.1368683772161603e-13,165.44951850651148,-79.96728233529646,14.517763828784988,8038.102042392473,-1763.3658448138353,779.4619916853214,7054.19818926396,1
China,Male,Incidence,1994,1995,156245.8820549641,156716.18896295302,derived_proxy_NOT_OFFICIAL,1407.1241252760906,-1030.0059343900696,93.1887171028308,470.3069079888519,470.3069079888518,-1.1368683772161603e-13,299.1927401817889,-219.0071880497415,19.814447867952588,9445.226167668563,-2793.3717792039047,872.6507087881522,7524.5050972528115,1
China,Male,Incidence,1995,1996,156716.18896295302,156777.6105360997,derived_proxy_NOT_OFFICIAL,1246.658053547401,-1190.728722656369,5.492242255708939,61.42157314674114,61.42157314674106,-7.815970093361102e-14,2029.6745747117768,-1938.6164529059213,8.941878194144467,10691.884221215965,-3984.1005018602737,878.1429510438611,7585.926670399553,1
China,Male,Incidence,1996,1997,156777.6105360997,156621.1394883971,derived_proxy_NOT_OFFICIAL,1190.2199059311922,-1293.1174484665873,-53.57350516714118,-156.47104770253645,-156.4710477025363,1.4210854715202004e-13,-760.6646235244057,826.4260177543539,34.23860577005181,11882.104127147157,-5277.217950326861,824.5694458767199,7429.455622697016,1
China,Male,Incidence,1997,1998,156621.1394883971,156616.8208140126,derived_proxy_NOT_OFFICIAL,1341.3939982894808,-1302.879395578624,-42.83327709538571,-4.318674384529004,-4.318674384529004,0.0,-31060.318024781434,30168.50263696638,991.8153878150534,13223.498125436638,-6580.097345905485,781.7361687813342,7425.136948312487,1
China,Male,Incidence,1998,1999,156616.8208140126,157047.77614073304,derived_proxy_NOT_OFFICIAL,1648.1667042039965,-1211.9153484323567,-5.29602905123708,430.9553267204028,430.95532672040264,-1.7053025658242404e-13,382.4449083264961,-281.2160039081333,-1.2289044183628488,14871.664829640635,-7792.012694337842,776.4401397300971,7856.09227503289,1
China,Male,Incidence,1999,2000,157047.77614073304,157949.68899675497,derived_proxy_NOT_OFFICIAL,2003.9544440020495,-1143.8439966278431,41.80240864771864,901.9128560219251,901.912856021925,-1.1368683772161603e-13,222.1893645957004,-126.82422575424923,4.63486115854883,16875.619273642686,-8935.856690965686,818.2425483778158,8758.005131054815,1
China,Male,Incidence,2000,2001,157949.68899675497,159337.452220073,derived_proxy_NOT_OFFICIAL,2363.451147802043,-1067.6798028368066,91.99187835285557,1387.763223318092,1387.763223318092,0.0,170.30651252964583,-76.93530026570545,6.628787736059635,19239.070421444725,-10003.536493802492,910.2344267306713,10145.768354372907,1
China,Male,Incidence,2001,2002,159337.452220073,161043.61088892276,derived_proxy_NOT_OFFICIAL,2593.0792654698694,-1008.4646323313402,121.54403571117533,1706.1586688497046,1706.1586688497046,0.0,151.98347684850017,-59.107318137723325,7.12384128922315,21832.149686914596,-11012.001126133831,1031.7784624418466,11851.927023222612,1
China,Male,Incidence,2002,2003,161043.61088892276,163056.59290194008,derived_proxy_NOT_OFFICIAL,2741.64090035068,-857.3460664782955,128.6871791449327,2012.9820130173175,2012.9820130173173,-2.2737367544323206e-13,136.1979830232638,-42.59084586618807,6.392862842924251,24573.790587265277,-11869.347192612127,1160.4656415867794,13864.90903623993,1
China,Male,Incidence,2003,2004,163056.59290194008,165370.2264538251,derived_proxy_NOT_OFFICIAL,2792.4852051434723,-585.7493628394441,106.89770958096778,2313.6335518849955,2313.633551884996,4.547473508864641e-13,120.69695319158646,-25.317292030201337,4.620338838614897,27366.27579240875,-12455.096555451571,1267.3633511677472,16178.542588124925,1
China,Male,Incidence,2004,2005,165370.2264538251,167779.91635294887,derived_proxy_NOT_OFFICIAL,2690.7716513824903,-321.7348536098968,40.65310135117519,2409.6898991237686,2409.689899123769,4.547473508864641e-13,111.66464416690842,-13.351711924712333,1.6870677578039317,30057.047443791238,-12776.831409061468,1308.0164525189223,18588.232487248693,1
China,Male,Incidence,2005,2006,167779.91635294887,170120.31506707924,derived_proxy_NOT_OFFICIAL,2407.851430397427,-70.99309745322778,3.540381186195494,2340.398714130395,2340.398714130395,0.0,102.88210362874409,-3.0333761946030706,0.1512725658589745,32464.898874188664,-12847.824506514697,1311.556833705118,20928.63120137909,1
China,Male,Incidence,2006,2007,170120.31506707924,172326.4129381209,derived_proxy_NOT_OFFICIAL,2132.1853853066423,60.47991623361304,13.432569501339456,2206.0978710415948,2206.0978710415948,0.0,96.64962798318393,2.741488354959422,0.6088836618566408,34597.08425949531,-12787.344590281084,1324.9894032064574,23134.729072420683,1
China,Male,Incidence,2007,2008,172326.4129381209,174349.86772257433,derived_proxy_NOT_OFFICIAL,1899.071523701549,121.8729681861975,2.5102925657217083,2023.4547844534682,2023.4547844534684,2.2737367544323206e-13,93.85292610897086,6.023014159869907,0.12405973115923785,36496.15578319686,-12665.471622094885,1327.499695772179,25158.18385687415,1
China,Male,Incidence,2008,2009,174349.86772257433,176057.8950242797,derived_proxy_NOT_OFFICIAL,1697.8639845093323,33.34128263086799,-23.177965434787136,1708.0273017054133,1708.027301705413,-2.2737367544323206e-13,99.40496752095629,1.9520345253016582,-1.3570020462579635,38194.01976770619,-12632.130339464018,1304.321730337392,26866.211158579565,1
China,Male,Incidence,2009,2010,176057.8950242797,177408.65160755467,derived_proxy_NOT_OFFICIAL,1504.7813372661817,-90.32647683492783,-63.69827715627132,1350.7565832749824,1350.7565832749824,0.0,111.40285051343284,-6.687102469338066,-4.715748044094769,39698.80110497237,-12722.456816298945,1240.6234531811206,28216.967741854547,1
China,Male,Incidence,2010,2011,177408.65160755467,178147.03941387,derived_proxy_NOT_OFFICIAL,1294.661068016377,-391.65446573755855,-164.61879596352327,738.3878063152952,738.3878063152952,0.0,175.3361928438388,-53.041838230237545,-22.294354613601275,40993.46217298875,-13114.111282036503,1076.0046572175972,28955.355548169842,1
China,Male,Incidence,2011,2012,178147.03941387,178320.40412670333,derived_proxy_NOT_OFFICIAL,1101.408673392468,-656.0285498684049,-272.0154106907818,173.36471283328137,173.36471283328137,0.0,635.3130665360103,-378.40950395671575,-156.90356257929446,42094.870846381215,-13770.13983190491,803.9892465268156,29128.720261003124,1
China,Male,Incidence,2012,2013,178320.40412670333,178063.91514316018,derived_proxy_NOT_OFFICIAL,936.5102047643061,-888.3384655335492,-304.66072277391015,-256.48898354315315,-256.48898354315327,-1.1368683772161603e-13,-365.1268728298977,346.3456610346347,118.78121179526306,43031.38105114552,-14658.478297438458,499.32852375290537,28872.23127745997,1
China,Male,Incidence,2013,2014,178063.91514316018,177407.7334707745,derived_proxy_NOT_OFFICIAL,799.0506102609554,-1194.706834419262,-260.5254482274128,-656.1816723857191,-656.1816723857194,-2.2737367544323206e-13,-121.77277176239915,182.06952200837833,39.70324975402083,43830.43166140648,-15853.18513185772,238.80307552549255,28216.04960507425,1
China,Male,Incidence,2014,2015,177407.7334707745,176736.98057902182,derived_proxy_NOT_OFFICIAL,683.3614702610503,-1245.0597680519422,-109.05459396168591,-670.7528917525779,-670.7528917525779,0.0,-101.8797650615457,185.62123001792594,16.25853504361978,44513.79313166753,-17098.244899909663,129.74848156380665,27545.296713321673,1
China,Male,Incidence,2015,2016,176736.98057902182,176045.75517335773,derived_proxy_NOT_OFFICIAL,583.3539950691484,-1320.6322562364946,46.05285550330883,-691.2254056640377,-691.2254056640375,2.2737367544323206e-13,-84.39417739698662,191.0566720226098,-6.662494625623222,45097.14712673668,-18418.877156146158,175.80133706711547,26854.071307657636,1
China,Male,Incidence,2016,2017,176045.75517335773,175338.74999950238,derived_proxy_NOT_OFFICIAL,503.23269890930777,-1310.6096294451902,100.37175668050867,-707.0051738553739,-707.0051738553736,2.2737367544323206e-13,-71.17807867870708,185.37482863078603,-14.196749952078974,45600.379825645985,-19729.486785591347,276.17309374762414,26147.066133802262,1
China,Male,Incidence,2017,2018,175338.74999950238,174639.15079919648,derived_proxy_NOT_OFFICIAL,499.89553737598663,-1309.9786675349849,110.48392985311996,-699.5992003058782,-699.5992003058783,-1.1368683772161603e-13,-71.45456100541891,187.24702186083647,-15.79246085541754,46100.275363021974,-21039.465453126333,386.6570236007441,25447.466933496384,1
China,Male,Incidence,2018,2019,174639.15079919648,173871.19932767673,derived_proxy_NOT_OFFICIAL,585.7266306418945,-1543.2629989169168,189.58489675522046,-767.951471519802,-767.9514715198018,2.2737367544323206e-13,-76.27130780578122,200.9584011685982,-24.68709336281699,46686.001993663864,-22582.728452043248,576.2419203559646,24679.51546197658,1
China,Male,Incidence,2019,2020,173871.19932767673,173245.96260665575,derived_proxy_NOT_OFFICIAL,704.7406234167913,-1442.295379505124,112.31803506726767,-625.236721021065,-625.2367210210649,1.1368683772161603e-13,-112.7158082247456,230.6798898743075,-17.964081649561898,47390.74261708066,-24025.023831548373,688.5599554232323,24054.278740955517,1
China,Male,Incidence,2020,2021,173245.96260665575,172545.62412085585,derived_proxy_NOT_OFFICIAL,760.5543193671183,-1388.207292813953,-72.68551235298219,-700.3384857998171,-700.3384857998169,2.2737367544323206e-13,-108.5981043150202,198.21947828963872,10.378626025381449,48151.296936447776,-25413.231124362326,615.8744430702501,23353.9402551557,1
China,Male,Incidence,2021,2022,172545.62412085585,171931.90809884417,derived_proxy_NOT_OFFICIAL,740.9790817404622,-1213.32182968566,-141.3732740665388,-613.7160220117366,-613.7160220117366,0.0,-120.73647341184973,197.70085612372307,23.03561728812666,48892.27601818824,-26626.552954047984,474.50116900371125,22740.224233143963,1
China,Male,Incidence,2022,2023,171931.90809884417,171280.30877956116,derived_proxy_NOT_OFFICIAL,785.431072330534,-1133.9264468473461,-303.1039447661072,-651.5993192829192,-651.5993192829194,-2.2737367544323206e-13,-120.53896452729505,174.02204288599086,46.516921641304215,49677.70709051877,-27760.479400895332,171.39722423760406,22088.624913861044,1
China,Male,Prevalence,1990,1991,1920293.5095298905,1975320.832919032,derived_proxy_NOT_OFFICIAL,32963.68274996484,18862.062684951197,3201.5779542257856,55027.32338914182,55027.32338914183,7.275957614183426e-12,59.90420889064967,34.27763068096662,5.818160428383715,32963.68274996484,18862.062684951197,3201.5779542257856,55027.32338914182,1
China,Male,Prevalence,1991,1992,1975320.832919032,2026383.1313688557,derived_proxy_NOT_OFFICIAL,27550.821900174724,20770.553318371763,2740.923231277382,51062.298449823866,51062.298449823866,0.0,53.95531093698693,40.67688676173058,5.367802301282497,60514.50465013957,39632.61600332296,5942.501185503168,106089.62183896569,1
China,Male,Prevalence,1992,1993,2026383.1313688557,2073524.1956833096,derived_proxy_NOT_OFFICIAL,23858.963863656547,21036.579270493046,2245.5211803040393,47141.06431445363,47141.06431445363,0.0,50.611848100216314,44.624744002742325,4.763407897041378,84373.4685137961,60669.195273816,8188.022365807206,153230.68615341932,1
China,Male,Prevalence,1993,1994,2073524.1956833096,2116083.027454895,derived_proxy_NOT_OFFICIAL,21334.170674655743,19490.510964962923,1734.1501319667245,42558.83177158539,42558.831771585385,-7.275957614183426e-12,50.12865670081575,45.796630578510985,4.074712720673264,105707.63918845185,80159.70623877893,9922.172497773932,195789.5179250047,1
China,Male,Prevalence,1994,1995,2116083.027454895,2153848.095032992,derived_proxy_NOT_OFFICIAL,19197.562877563138,17503.693125269456,1063.8115752642818,37765.067578096874,37765.06757809688,7.275957614183426e-12,50.83418118572999,46.34889925477404,2.81691955949597,124905.20206601499,97663.39936404838,10985.984073038213,233554.58550310158,1
China,Male,Prevalence,1995,1996,2153848.095032992,2186806.5382690975,derived_proxy_NOT_OFFICIAL,17260.872100352623,16071.181382859668,-373.6102471066794,32958.44323610561,32958.44323610562,7.275957614183426e-12,52.37162440197881,48.761955374317765,-1.1335797762965745,142166.07416636762,113734.58074690806,10612.373825931534,266513.0287392072,1
China,Male,Prevalence,1996,1997,2186806.5382690975,2216327.4363996424,derived_proxy_NOT_OFFICIAL,16721.85831763743,14587.516411618872,-1788.476598711374,29520.898130544927,29520.898130544927,0.0,56.64413814136474,49.414202600175436,-6.058340741540171,158887.93248400505,128322.09715852693,8823.897227220159,296033.9268697521,1
China,Male,Prevalence,1997,1998,2216327.4363996424,2244760.2974069105,derived_proxy_NOT_OFFICIAL,19103.57334010008,11504.725188224189,-2175.4375210561943,28432.861007268075,28432.86100726807,-3.637978807091713e-12,67.18836115442896,40.462777155219534,-7.651138309648487,177991.50582410512,139826.8223467511,6648.459706163965,324466.7878770202,1
China,Male,Prevalence,1998,1999,2244760.2974069105,2273456.249403406,derived_proxy_NOT_OFFICIAL,23740.632286983466,6687.261372733317,-1731.9416632203695,28695.951996496413,28695.951996496417,3.637978807091713e-12,82.73164204443206,23.303849175485755,-6.035491219917806,201732.1381110886,146514.08371948442,4916.518042943596,353162.7398735166,1
China,Male,Prevalence,1999,2000,2273456.249403406,2303583.0455549266,derived_proxy_NOT_OFFICIAL,29117.502420465775,1615.454073006132,-606.1603419521514,30126.796151519753,30126.796151519753,0.0,96.64984711292287,5.362183435906576,-2.012030548829446,230849.64053155435,148129.53779249056,4310.357700991444,383289.53602503636,1
China,Male,Prevalence,2000,2001,2303583.0455549266,2335810.889459635,derived_proxy_NOT_OFFICIAL,34557.7750599687,-2809.676934959832,479.7457796991803,32227.843904708046,32227.843904708046,0.0,107.22955951428163,-8.71816601590706,1.4886065016254344,265407.41559152305,145319.86085753073,4790.103480690625,415517.3799297444,1
China,Male,Prevalence,2001,2002,2335810.889459635,2369765.6930468925,derived_proxy_NOT_OFFICIAL,38084.99222618218,-5066.49396019134,936.3053212665642,33954.8035872574,33954.8035872574,0.0,112.16378303679767,-14.921287785309708,2.7575047485120545,303492.40781770524,140253.36689733938,5726.408801957189,449472.1835170018,1
China,Male,Prevalence,2002,2003,2369765.6930468925,2405951.3554947632,derived_proxy_NOT_OFFICIAL,40398.450067696474,-5325.947670672477,1113.1600508476454,36185.66244787164,36185.66244787165,7.275957614183426e-12,111.64214590763315,-14.718392065766198,3.0762461581330505,343890.8578854017,134927.4192266669,6839.568852804834,485657.84596487344,1
China,Male,Prevalence,2003,2004,2405951.3554947632,2443943.0507961973,derived_proxy_NOT_OFFICIAL,41236.65525625701,-4240.729908943098,995.769954119188,37991.695301433094,37991.6953014331,7.275957614183426e-12,108.54123494378918,-11.162255001511166,2.621020057722,385127.51314165874,130686.68931772382,7835.338806924022,523649.54126630654,1
China,Male,Prevalence,2004,2005,2443943.0507961973,2482828.421432954,derived_proxy_NOT_OFFICIAL,39792.24378750295,-1340.928259439456,434.05510869350593,38885.370636757,38885.370636757005,7.275957614183426e-12,102.33217052041859,-3.448413214227983,1.1162426938094003,424919.75692916167,129345.76105828436,8269.393915617527,562534.9119030635,1
China,Male,Prevalence,2005,2006,2482828.421432954,2521998.0750223906,derived_proxy_NOT_OFFICIAL,35663.767031463096,3019.0912783062086,486.7952796670143,39169.65358943632,39169.65358943632,0.0,91.04948286058183,7.707730351540379,1.2427867878777932,460583.52396062476,132364.85233659056,8756.189195284542,601704.5654924999,1
China,Male,Prevalence,2006,2007,2521998.0750223906,2561668.1754023945,derived_proxy_NOT_OFFICIAL,31652.156553979807,6900.12261003124,1117.8212159933366,39670.10038000438,39670.10038000438,0.0,79.78844583396616,17.39376140704002,2.817792758993803,492235.68051460455,139264.9749466218,9874.010411277879,641374.6658725042,1
China,Male,Prevalence,2007,2008,2561668.1754023945,2602013.6862660507,derived_proxy_NOT_OFFICIAL,28285.84878864807,10651.038956827639,1408.6231181814026,40345.51086365711,40345.51086365711,0.0,70.10903613102522,26.39956398822552,3.4913998807492566,520521.52930325264,149916.01390344944,11282.63352945928,681720.1767361613,1
China,Male,Prevalence,2008,2009,2602013.6862660507,2642182.7203447563,derived_proxy_NOT_OFFICIAL,25409.74306402852,13545.69326846868,1213.5977462079222,40169.034078705125,40169.034078705125,0.0,63.25704276145148,33.721730131543495,3.021227107005017,545931.2723672811,163461.70717191813,12496.231275667204,721889.2108148665,1
China,Male,Prevalence,2009,2010,2642182.7203447563,2680727.0954207284,derived_proxy_NOT_OFFICIAL,22660.360866046198,15433.255603710346,450.75860621516284,38544.37507597171,38544.3750759717,-7.275957614183426e-12,58.79031848715199,40.0402278498253,1.1694536630227081,568591.6332333274,178894.96277562846,12946.989881882366,760433.5858908382,1
China,Male,Prevalence,2010,2011,2680727.0954207284,2715860.2784774415,derived_proxy_NOT_OFFICIAL,19649.846947143862,15464.435900593953,18.900208974800385,35133.183056712616,35133.183056712616,0.0,55.929594865983894,44.0166092426951,0.053795891321009336,588241.4801804712,194359.39867622242,12965.890090857167,795566.7689475508,1
China,Male,Prevalence,2011,2012,2715860.2784774415,2748275.882106124,derived_proxy_NOT_OFFICIAL,16882.606627810048,15259.346552569186,273.65044830320403,32415.60362868244,32415.60362868244,0.0,52.08172835896765,47.07407805007584,0.844193590956513,605124.0868082813,209618.7452287916,13239.54053916037,827982.3725762332,1
China,Male,Prevalence,2012,2013,2748275.882106124,2778705.648557676,derived_proxy_NOT_OFFICIAL,14523.480413955558,15450.961315462057,455.3247221344306,30429.766451552045,30429.76645155205,3.637978807091713e-12,47.72787341985926,50.7758130186832,1.4963135614575418,619647.5672222369,225069.70654425366,13694.8652612948,858412.1390277853,1
China,Male,Prevalence,2013,2014,2778705.648557676,2806340.187190281,derived_proxy_NOT_OFFICIAL,12554.126850654759,14889.835227771116,190.57655417981246,27634.53863260569,27634.538632605687,-3.637978807091713e-12,45.42911686552378,53.8812513779505,0.6896317565257024,632201.6940728916,239959.5417720248,13885.441815474614,886046.677660391,1
China,Male,Prevalence,2014,2015,2806340.187190281,2831414.5859148335,derived_proxy_NOT_OFFICIAL,10878.509797153916,14212.689479784729,-16.8005523859368,25074.39872455271,25074.39872455271,0.0,43.3849278567216,56.6820749558702,-0.06700281259181619,643080.2038700455,254172.2312518095,13868.641263088677,911121.0763849437,1
China,Male,Prevalence,2015,2016,2831414.5859148335,2851934.4779216563,derived_proxy_NOT_OFFICIAL,9397.808908279287,11123.173815760761,-1.0907172181177884,20519.89200682193,20519.89200682193,0.0,45.79853005637136,54.20678535765594,-0.005315414027301775,652478.0127783248,265295.4050675703,13867.55054587056,931640.9683917656,1
China,Male,Prevalence,2016,2017,2851934.4779216563,2868575.237213741,derived_proxy_NOT_OFFICIAL,8192.592239505844,8388.331515614875,59.835536964936175,16640.759292085655,16640.759292085655,0.0,49.232081876229294,50.40834596774899,0.35957215602171444,660670.6050178306,273683.73658318515,13927.386082835495,948281.7276838513,1
China,Male,Prevalence,2017,2018,2868575.237213741,2883119.933483834,derived_proxy_NOT_OFFICIAL,8215.541585009003,6603.523594482957,-274.3689093995684,14544.69627009239,14544.696270092392,1.8189894035458565e-12,56.484793030035654,45.401591562014865,-1.8863845920505122,668886.1466028397,280287.2601776681,13653.017173435926,962826.4239539437,1
China,Male,Prevalence,2018,2019,2883119.933483834,2895823.5866787448,derived_proxy_NOT_OFFICIAL,9712.444718290973,2240.698854576486,750.5096220438522,12703.653194911312,12703.65319491131,-1.8189894035458565e-12,76.45395044459713,17.638224376859093,5.907825178543783,678598.5913211306,282527.9590322446,14403.52679547978,975530.077148855,1
China,Male,Prevalence,2019,2020,2895823.5866787448,2908420.901734111,derived_proxy_NOT_OFFICIAL,11784.128346626725,1054.671278193205,-241.48456945518654,12597.315055364743,12597.315055364745,1.8189894035458565e-12,93.5447616800557,8.37219100703573,-1.9169526870914209,690382.7196677574,283582.6303104378,14162.042226024592,988127.3922042197,1
China,Male,Prevalence,2020,2021,2908420.901734111,2916230.648750348,derived_proxy_NOT_OFFICIAL,12810.924205962492,-2780.503739058118,-2220.673450665859,7809.747016238514,7809.747016238514,0.0,164.0376337328881,-35.60299371127798,-28.43464002161012,703193.6438737198,280802.12657137966,11941.368775358735,995937.1392204582,1
China,Male,Prevalence,2021,2022,2916230.648750348,2920503.6255516545,derived_proxy_NOT_OFFICIAL,12554.828244709643,-5573.953279669165,-2707.8981637344696,4272.976801306009,4272.976801306008,-9.094947017729282e-13,293.8192465934366,-130.44660757262994,-63.37263902080669,715748.4721184295,275228.1732917105,9233.470611624265,1000210.1160217642,1
China,Male,Prevalence,2022,2023,2920503.6255516545,2920251.9442918487,derived_proxy_NOT_OFFICIAL,13366.38480377407,-8359.261135854293,-5258.804927725577,-251.68125980580226,-251.68125980579953,2.7284841053187847e-12,-5310.83832546277,3321.368123436888,2089.47020202588,729114.8569222036,266868.9121558562,3974.6656838986873,999958.4347619584,1
United States of America,Female,DALYs,1990,1991,385611.41380111314,389042.63877341716,derived_proxy_NOT_OFFICIAL,3311.863810345472,1033.8029585658805,-914.4417966071633,3431.2249723041896,3431.2249723041896,0.0,96.52132509753324,30.12926773704509,-26.650592834578347,3311.863810345472,1033.8029585658805,-914.4417966071633,3431.2249723041896,1
United States of America,Female,DALYs,1991,1992,389042.63877341716,392969.0667111185,derived_proxy_NOT_OFFICIAL,3529.7189938558054,309.37048160813475,87.33846223746272,3926.4279377014027,3926.427937701403,4.547473508864641e-13,89.8964414949167,7.879183994122798,2.2243745109605175,6841.582804201277,1343.1734401740152,-827.1033343697005,7357.652910005592,1
United States of America,Female,DALYs,1992,1993,392969.0667111185,396259.00559522596,derived_proxy_NOT_OFFICIAL,3879.2996048638406,-267.76669985881506,-321.59402089762926,3289.938884107396,3289.938884107396,0.0,117.91403249475091,-8.138956658201378,-9.77507583654953,10720.882409065118,1075.4067403152003,-1148.6973552673298,10647.591794112988,1
United States of America,Female,DALYs,1993,1994,396259.00559522596,399509.9187337668,derived_proxy_NOT_OFFICIAL,3802.178033248832,-179.75423934125382,-371.51065536670893,3250.913138540869,3250.9131385408696,4.547473508864641e-13,116.95723235950227,-5.529346115409722,-11.427886244092537,14523.06044231395,895.6525009739464,-1520.2080106340388,13898.504932653857,1
United States of America,Female,DALYs,1994,1995,399509.9187337668,402529.892493087,derived_proxy_NOT_OFFICIAL,4150.784224578451,-373.400149255341,-757.4103160030112,3019.973759320099,3019.973759320099,0.0,137.44438049398605,-12.36435078626002,-25.080029707726023,18673.8446668924,522.2523517186055,-2277.61832663705,16918.478691973956,1
United States of America,Female,DALYs,1995,1996,402529.892493087,406143.0095876373,derived_proxy_NOT_OFFICIAL,4171.127671058726,-315.67343941060244,-242.33713709778385,3613.11709455034,3613.11709455034,0.0,115.44402137838358,-8.736872654548957,-6.707148723834626,22844.972337951127,206.578912308003,-2519.9554637348338,20531.595786524296,1
United States of America,Female,DALYs,1996,1997,406143.0095876373,409566.60201441555,derived_proxy_NOT_OFFICIAL,4226.509708193198,-546.2471374650098,-256.67014394996414,3423.5924267782248,3423.592426778224,-9.094947017729282e-13,123.4524786050704,-15.955378718344,-7.497099886726407,27071.482046144323,-339.6682251570068,-2776.625607684798,23955.18821330252,1
United States of America,Female,DALYs,1997,1998,409566.60201441555,412702.81806301564,derived_proxy_NOT_OFFICIAL,4245.379959989242,-702.3375947962728,-406.8263165929336,3136.2160486000357,3136.2160486000357,0.0,135.36631068144433,-22.394426401516142,-12.971884279928206,31316.862006133568,-1042.0058199532796,-3183.4519242777315,27091.404261902557,1
United States of America,Female,DALYs,1998,1999,412702.81806301564,416024.780471325,derived_proxy_NOT_OFFICIAL,4287.183811725011,-528.526320387978,-436.6950830276376,3321.962408309395,3321.962408309395,0.0,129.05575936083017,-15.9100632525506,-13.145696108279544,35604.045817858576,-1570.5321403412577,-3620.1470073053692,30413.36667021195,1
United States of America,Female,DALYs,1999,2000,416024.780471325,419365.43435965956,derived_proxy_NOT_OFFICIAL,4236.660965480414,-400.0023590939139,-496.0047180518644,3340.6538883346366,3340.6538883346357,-9.094947017729282e-13,126.82130825568554,-11.973774370661332,-14.847533885024221,39840.70678333899,-1970.5344994351717,-4116.151725357234,33754.02055854659,1
United States of America,Female,DALYs,2000,2001,419365.43435965956,424083.08621372475,derived_proxy_NOT_OFFICIAL,4811.771513424076,-283.38890245412284,189.26924309529323,4717.651854065247,4717.651854065246,-9.094947017729282e-13,101.99505309569899,-6.006990579644486,4.011937483945495,44652.47829676307,-2253.9234018892944,-3926.8824822619404,38471.672412611835,1
United States of America,Female,DALYs,2001,2002,424083.08621372475,429733.4217506615,derived_proxy_NOT_OFFICIAL,4797.694809412118,-452.88366487718304,1305.5243924017122,5650.335536936647,5650.335536936647,0.0,84.90990982834991,-8.015164089223553,23.105254260873643,49450.173106175185,-2706.8070667664774,-2621.358089860228,44122.00794954848,1
United States of America,Female,DALYs,2002,2003,429733.4217506615,434172.3812252296,derived_proxy_NOT_OFFICIAL,4630.635230882511,-628.3582894412297,436.68253312691616,4438.959474568197,4438.959474568197,0.0,104.31803348087469,-14.155531111316433,9.837497630441755,54080.80833705769,-3335.165356207707,-2184.675556733312,48560.96742411668,1
United States of America,Female,DALYs,2003,2004,434172.3812252296,439625.2111249652,derived_proxy_NOT_OFFICIAL,4915.4833574135355,-598.8930055306894,1136.2395478527858,5452.829899735632,5452.829899735632,0.0,90.14554731758369,-10.983159506951159,20.837612189367462,58996.291694471234,-3934.0583617383963,-1048.436008880526,54013.79732385231,1
United States of America,Female,DALYs,2004,2005,439625.2111249652,444192.8885315873,derived_proxy_NOT_OFFICIAL,5437.758359189514,-930.2247002832397,60.14374771582273,4567.677406622097,4567.677406622096,-9.094947017729282e-13,119.04865153800039,-20.365376480716975,1.3167249427165746,64434.05005366074,-4864.283062021636,-988.2922611647033,58581.47473047441,1
United States of America,Female,DALYs,2005,2006,444192.8885315873,448865.9940422606,derived_proxy_NOT_OFFICIAL,5294.557889425302,-661.8057196375254,40.35334088541761,4673.105510673195,4673.105510673194,-9.094947017729282e-13,113.29848806821788,-14.162011067928733,0.8635229997108372,69728.60794308604,-5526.088781659162,-947.9389202792858,63254.5802411476,1
United States of America,Female,DALYs,2006,2007,448865.9940422606,452585.88261361036,derived_proxy_NOT_OFFICIAL,5158.640626466833,-850.4176550163828,-588.3344001006626,3719.8885713497875,3719.8885713497875,0.0,138.67728905102618,-22.861374439175815,-15.815914611850358,74887.24856955287,-6376.506436675544,-1536.2733203799485,66974.46881249739,1
United States of America,Female,DALYs,2007,2008,452585.88261361036,456077.1808379923,derived_proxy_NOT_OFFICIAL,5105.978793091432,-880.0189493371581,-734.6616193723457,3491.298224381928,3491.298224381928,0.0,146.24871508922314,-25.20606641940334,-21.04264866981979,79993.2273626443,-7256.525386012702,-2270.934939752294,70465.76703687932,1
United States of America,Female,DALYs,2008,2009,456077.1808379923,459212.60633636825,derived_proxy_NOT_OFFICIAL,4464.685031441506,-421.51167993296986,-907.7478531326341,3135.425498375902,3135.425498375902,0.0,142.39486901392294,-13.443524017754715,-28.951344996168217,84457.91239408581,-7678.037065945672,-3178.682792884928,73601.19253525522,1
United States of America,Female,DALYs,2009,2010,459212.60633636825,462076.5506884189,derived_proxy_NOT_OFFICIAL,4663.697732046159,-525.5465829563327,-1274.2067970391072,2863.9443520507193,2863.9443520507193,0.0,162.84177200254368,-18.350446738953448,-44.49132526359023,89121.61012613197,-8203.583648902006,-4452.889589924035,76465.13688730594,1
United States of America,Female,DALYs,2010,2011,462076.5506884189,463088.39177777537,derived_proxy_NOT_OFFICIAL,4481.825850508147,-313.5753129305376,-3156.409448221035,1011.8410893565742,1011.8410893565742,0.0,442.9377199297295,-30.990569194016317,-311.9471507357132,93603.43597664012,-8517.158961832543,-7609.29903814507,77476.97797666251,1
United States of America,Female,DALYs,2011,2012,463088.39177777537,460931.37560881727,derived_proxy_NOT_OFFICIAL,4245.286518470393,-525.804116261764,-5876.498571166788,-2157.0161689581582,-2157.0161689581582,0.0,-196.8129205318323,24.376456877267085,272.4364636545652,97848.72249511052,-9042.963078094306,-13485.797609311858,75319.96180770436,1
United States of America,Female,DALYs,2012,2013,460931.37560881727,457713.15996251407,derived_proxy_NOT_OFFICIAL,4100.653398914718,-780.4547840418043,-6538.414261176056,-3218.2156463031424,-3218.2156463031424,0.0,-127.42009391524952,24.25116492545598,203.16892898979353,101949.37589402523,-9823.417862136112,-20024.211870487914,72101.74616140121,1
United States of America,Female,DALYs,2013,2014,457713.15996251407,455319.0690010303,derived_proxy_NOT_OFFICIAL,4025.742516802847,-657.8119453054194,-5762.021532981317,-2394.0909614838893,-2394.0909614838893,0.0,-168.15328162417183,27.476480880981182,240.67680074319065,105975.11841082809,-10481.22980744153,-25786.233403469232,69707.65519991732,1
United States of America,Female,DALYs,2014,2015,455319.0690010303,455515.21668237477,derived_proxy_NOT_OFFICIAL,4210.790551453023,-856.0341502661371,-3158.60871984247,196.14768134441692,196.14768134441601,-9.094947017729282e-13,2146.745004881944,-436.4232829054051,-1610.3217219765395,110185.9089622811,-11337.263957707668,-28944.8421233117,69903.80288126174,1
United States of America,Female,DALYs,2015,2016,455515.21668237477,457476.8964282469,derived_proxy_NOT_OFFICIAL,3780.721007975721,-602.6166059936222,-1216.4246561098262,1961.6797458722722,1961.6797458722726,4.547473508864641e-13,192.72875788879605,-30.71941825680956,-62.009339631986464,113966.62997025682,-11939.88056370129,-30161.266779421527,71865.48262713401,1
United States of America,Female,DALYs,2016,2017,457476.8964282469,459199.0151588642,derived_proxy_NOT_OFFICIAL,3708.374197621694,-1263.201750530997,-723.0537164735335,1722.1187306171632,1722.118730617163,-2.2737367544323206e-13,215.3378934733906,-73.35160625529565,-41.98628721809498,117675.00416787852,-13203.082314232286,-30884.32049589506,73587.60135775118,1
United States of America,Female,DALYs,2017,2018,459199.0151588642,460668.72057507007,derived_proxy_NOT_OFFICIAL,3188.8587020958075,-1208.5719081937568,-510.58137769612944,1469.7054162059212,1469.7054162059212,0.0,216.9726441049609,-82.23225517625929,-34.740388928701584,120863.86286997433,-14411.654222426043,-31394.90187359119,75057.3067739571,1
United States of America,Female,DALYs,2018,2019,460668.72057507007,461741.8435556052,derived_proxy_NOT_OFFICIAL,3000.080837520373,-1172.5035040528069,-754.4543529324776,1073.1229805350886,1073.1229805350883,-2.2737367544323206e-13,279.5654265109904,-109.26086993945134,-70.30455657153908,123863.9437074947,-15584.15772647885,-32149.35622652367,76130.42975449219,1
United States of America,Female,DALYs,2019,2020,461741.8435556052,461187.4528600129,derived_proxy_NOT_OFFICIAL,2683.0226981009764,-1323.9470664191178,-1913.4663272740727,-554.3906955922139,-554.3906955922141,-2.2737367544323206e-13,-483.95882532532494,238.81119884323542,345.1476264820896,126546.96640559568,-16908.104792897968,-34062.82255379774,75576.03905889997,1
United States of America,Female,DALYs,2020,2021,461187.4528600129,460858.29245484,derived_proxy_NOT_OFFICIAL,1960.0128083148543,-1114.345124438599,-1174.8280890492802,-329.1604051730246,-329.16040517302486,-2.2737367544323206e-13,-595.4582560695795,338.54166750488673,356.9165885646928,128506.97921391053,-18022.449917336566,-35237.650642847024,75246.87865372695,1
United States of America,Female,DALYs,2021,2022,460858.29245484,462100.68789549265,derived_proxy_NOT_OFFICIAL,3165.3900329227617,-1483.0575320257922,-439.9370602441777,1242.3954406527919,1242.3954406527919,0.0,254.78120164861284,-119.37081250447517,-35.41038914413768,131672.3692468333,-19505.507449362358,-35677.5877030912,76489.27409437974,1
United States of America,Female,DALYs,2022,2023,462100.68789549265,464662.24130695383,derived_proxy_NOT_OFFICIAL,3234.7643312416913,-1386.2685068504943,713.0575870698086,2561.5534114610055,2561.5534114610055,0.0,126.281353992799,-54.11827450671127,27.836920513912286,134907.13357807498,-20891.775956212852,-34964.53011602139,79050.82750584075,1
United States of America,Female,Incidence,1990,1991,31275.82977991084,31300.305133732018,derived_proxy_NOT_OFFICIAL,267.5318809251906,-267.74753920430396,24.691012100286876,24.475353821173485,24.475353821173506,2.1316282072803006e-14,1093.0664491303505,-1093.9475733857507,100.88112425540025,267.5318809251906,-267.74753920430396,24.691012100286876,24.475353821173485,1
United States of America,Female,Incidence,1991,1992,31300.305133732018,31329.99952736533,derived_proxy_NOT_OFFICIAL,282.6943184224759,-265.7194524096054,12.719527620445055,29.694393633315485,29.694393633315507,2.1316282072803006e-14,952.0124300679719,-894.8472081662,42.834778098228085,550.2261993476665,-533.4669916139094,37.41053972073193,54.16974745448897,1
United States of America,Female,Incidence,1992,1993,31329.99952736533,31355.51518534296,derived_proxy_NOT_OFFICIAL,308.12255826874633,-281.1641438615273,-1.4427564295886746,25.515657977630326,25.515657977630365,3.907985046680551e-14,1207.582256114573,-1101.9278597793752,-5.654396335197566,858.3487576164127,-814.6311354754366,35.967783291143256,79.6854054321193,1
United States of America,Female,Incidence,1993,1994,31355.51518534296,31373.320483878208,derived_proxy_NOT_OFFICIAL,299.720925298976,-271.37283342229966,-10.542793341421202,17.805298535255133,17.805298535255133,0.0,1683.3243469943386,-1524.1127964519756,-59.21155054236294,1158.0696829153887,-1086.0039688977363,25.424989949722054,97.49070396737443,1
United States of America,Female,Incidence,1994,1995,31373.320483878208,31391.42798285007,derived_proxy_NOT_OFFICIAL,324.8304445926763,-284.8832154057842,-21.83973021504486,18.107498971847235,18.107498971847257,2.1316282072803006e-14,1793.9001134154905,-1573.28859081372,-120.61152260177035,1482.900127508065,-1370.8871843035206,3.5852597346771944,115.59820293922166,1
United States of America,Female,Incidence,1995,1996,31391.42798285007,31418.864987755616,derived_proxy_NOT_OFFICIAL,323.97920358841594,-235.55047517725203,-60.991723505620634,27.43700490554329,27.437004905543283,-7.105427357601002e-15,1180.8111151482142,-858.5138064018864,-222.29730874632764,1806.879331096481,-1606.4376594807725,-57.40646377094344,143.03520784476495,1
United States of America,Female,Incidence,1996,1997,31418.864987755616,31483.02065799393,derived_proxy_NOT_OFFICIAL,325.9225828095138,-153.9628634756603,-107.8040490955294,64.15567023832409,64.15567023832412,2.842170943040401e-14,508.0183584689922,-239.98325152511447,-168.03510694387768,2132.8019139059948,-1760.400522956433,-165.21051286647284,207.19087808308905,1
United States of America,Female,Incidence,1997,1998,31483.02065799393,31596.246553192566,derived_proxy_NOT_OFFICIAL,325.6785707852517,-92.71442534610894,-119.73825024050954,113.22589519863322,113.22589519863318,-4.263256414560601e-14,287.63611911737223,-81.88447102445883,-105.75164809291341,2458.4804846912466,-1853.1149483025417,-284.94876310698237,320.41677328172227,1
United States of America,Female,Incidence,1998,1999,31596.246553192566,31752.407789725366,derived_proxy_NOT_OFFICIAL,327.71528208711004,-69.98132713097644,-101.57271842334437,156.1612365327892,156.16123653278925,5.684341886080802e-14,209.85699739787833,-44.813507298453324,-65.04349009942499,2786.1957667783568,-1923.0962754335183,-386.52148153032675,476.57800981451146,1
United States of America,Female,Incidence,1999,2000,31752.407789725366,31959.566491471945,derived_proxy_NOT_OFFICIAL,323.1140019652503,-66.99606494739419,-48.95923527126251,207.15870174659358,207.15870174659358,0.0,155.97413926666655,-32.34045414580121,-23.633685120865344,3109.309768743607,-1990.0923403809124,-435.48071680158927,683.736711561105,1
United States of America,Female,Incidence,2000,2001,31959.566491471945,32379.655839402483,derived_proxy_NOT_OFFICIAL,367.04535054204337,34.29475408114437,18.749243307346354,420.08934793053413,420.08934793053413,0.0,87.37316295930881,8.16368095265661,4.463156088034569,3476.3551192856503,-1955.797586299768,-416.7314734942429,1103.8260594916392,1
United States of America,Female,Incidence,2001,2002,32379.655839402483,32827.97238831937,derived_proxy_NOT_OFFICIAL,366.4078581686693,21.963412896049096,59.94527785217119,448.3165489168896,448.3165489168896,0.0,81.72971955951489,4.8990859135384595,13.371194526946637,3842.7629774543193,-1933.834173403719,-356.78619564207173,1552.1426084085288,1
United States of America,Female,Incidence,2002,2003,32827.97238831937,33263.336716433616,derived_proxy_NOT_OFFICIAL,354.25244319191427,4.390947338494395,76.72093758384169,435.3643281142504,435.3643281142504,0.0,81.36919364210053,1.0085684689679264,17.622237888931547,4197.015420646234,-1929.4432260652245,-280.06525805823003,1987.5069365227791,1
United States of America,Female,Incidence,2003,2004,33263.336716433616,33729.90002169307,derived_proxy_NOT_OFFICIAL,376.8613727229058,22.82461952032463,66.87731301622625,466.5633052594567,466.5633052594567,0.0,80.77389894889666,4.89207343634361,14.33402761475973,4573.87679336914,-1906.6186065448999,-213.18794504200378,2454.070241782236,1
United States of America,Female,Incidence,2004,2005,33729.90002169307,34133.65937380471,derived_proxy_NOT_OFFICIAL,417.5340364359896,-39.86947728625576,26.09479296190208,403.75935211163596,403.75935211163596,0.0,103.41160749647356,-9.874564410147011,6.462956913673444,4991.410829805129,-1946.4880838311558,-187.0931520801017,2857.829593893872,1
United States of America,Female,Incidence,2005,2006,34133.65937380471,34512.44902724238,derived_proxy_NOT_OFFICIAL,406.97248286670464,-14.202412518248217,-13.980416910785909,378.7896534376705,378.78965343767055,5.684341886080802e-14,107.44023211121622,-3.749419338505034,-3.6908127727111677,5398.383312671834,-1960.690496349404,-201.0735689908876,3236.6192473315423,1
United States of America,Female,Incidence,2006,2007,34512.44902724238,34825.10859232176,derived_proxy_NOT_OFFICIAL,396.7902069411587,-46.86613021291365,-37.26451164888446,312.6595650793606,312.65956507936056,-5.684341886080802e-14,126.90806591522113,-14.989507901675065,-11.91855801354608,5795.173519612992,-2007.5566265623177,-238.33808063977204,3549.278812410903,1
United States of America,Female,Incidence,2007,2008,34825.10859232176,35095.14874852939,derived_proxy_NOT_OFFICIAL,392.90001312968525,-69.24938580653907,-53.6104711154876,270.0401562076586,270.0401562076586,0.0,145.4968841106537,-25.64410670585114,-19.852777404802566,6188.073532742677,-2076.8060123688565,-291.94855175525964,3819.3189686185615,1
United States of America,Female,Incidence,2008,2009,35095.14874852939,35342.77639926449,derived_proxy_NOT_OFFICIAL,343.58940045415875,-36.84767503068724,-59.1140746883866,247.6276507350849,247.6276507350849,0.0,138.75243715078287,-14.880274848670812,-23.872162302112038,6531.662933196836,-2113.6536873995437,-351.06262644364625,4066.9466193536464,1
United States of America,Female,Incidence,2009,2010,35342.77639926449,35543.09823158268,derived_proxy_NOT_OFFICIAL,358.8363787473997,-95.80190741183591,-62.712639017370144,200.32183231819363,200.32183231819366,2.842170943040401e-14,179.12994035388996,-47.823997166550974,-31.305943187338976,6890.499311944236,-2209.45559481138,-413.7752654610164,4267.26845167184,1
United States of America,Female,Incidence,2010,2011,35543.09823158268,35607.11819291591,derived_proxy_NOT_OFFICIAL,344.67775083237456,-95.33159493948308,-185.3261945596617,64.01996133322973,64.01996133322979,5.684341886080802e-14,538.3910637469703,-148.90917294259745,-289.4818908043727,7235.177062776611,-2304.787189750863,-599.1014600206781,4331.28841300507,1
United States of America,Female,Incidence,2011,2012,35607.11819291591,35466.959466011635,derived_proxy_NOT_OFFICIAL,326.54012669339374,-106.10495887919144,-360.5938947184744,-140.15872690427204,-140.1587269042721,-5.684341886080802e-14,-232.97880474928942,75.70342655271176,257.2753781965777,7561.717189470004,-2410.892148630054,-959.6953547391525,4191.129686100798,1
United States of America,Female,Incidence,2012,2013,35466.959466011635,35216.30667509482,derived_proxy_NOT_OFFICIAL,315.51523557452555,-144.97296250573828,-421.19506398560156,-250.6527909168144,-250.6527909168143,1.1368683772161603e-13,-125.87740771625296,57.838160100061,168.03924761619191,7877.23242504453,-2555.8651111357926,-1380.890418724754,3940.4768951839833,1
United States of America,Female,Incidence,2013,2014,35216.30667509482,35011.82211040001,derived_proxy_NOT_OFFICIAL,309.64823101190024,-145.46908965223946,-368.6637060544842,-204.48456469482335,-204.4845646948234,-5.684341886080802e-14,-151.42865745100377,71.13939864817684,180.28925880282696,8186.88065605643,-2701.334200788032,-1749.5541247792382,3735.99233048916,1
United States of America,Female,Incidence,2014,2015,35011.82211040001,34941.35163381384,derived_proxy_NOT_OFFICIAL,323.3928847618784,-191.54281877004783,-202.32054257799126,-70.47047658616066,-70.47047658616069,-2.842170943040401e-14,-458.9054884090111,271.8057661152017,287.09972229380946,8510.273540818309,-2892.87701955808,-1951.8746673572296,3665.5218539029993,1
United States of America,Female,Incidence,2015,2016,34941.35163381384,34984.18569818292,derived_proxy_NOT_OFFICIAL,289.5637825467408,-179.5474926061482,-67.18222557151724,42.83406436907535,42.834064369075364,1.4210854715202004e-14,676.0128575512797,-419.16987157486517,-156.84298597641455,8799.837323365049,-3072.424512164228,-2019.0568929287467,3708.3559182720746,1
United States of America,Female,Incidence,2016,2017,34984.18569818292,34998.06942882105,derived_proxy_NOT_OFFICIAL,283.1113175199704,-231.16340237824383,-38.064184503587356,13.883730638139241,13.883730638139198,-4.263256414560601e-14,2039.1588176037549,-1664.994866316604,-274.16395128715124,9082.94864088502,-3303.587914542472,-2057.121077432334,3722.239648910214,1
United States of America,Female,Incidence,2017,2018,34998.06942882105,34988.79786152849,derived_proxy_NOT_OFFICIAL,242.62145126990677,-224.18413364064082,-27.708884921835608,-9.27156729256967,-9.27156729256966,1.0658141036401503e-14,-2616.8332021312735,2417.974508153592,298.8586939776815,9325.570092154927,-3527.772048183113,-2084.8299623541698,3712.968081617644,1
United States of America,Female,Incidence,2018,2019,34988.79786152849,34979.41908902724,derived_proxy_NOT_OFFICIAL,227.5685439808658,-218.3475177408327,-18.599798741277482,-9.378772501244384,-9.378772501244384,0.0,-2426.4214101650487,2328.1033601344116,198.3180500306372,9553.138636135793,-3746.1195659239456,-2103.4297610954472,3703.5893091164,1
United States of America,Female,Incidence,2019,2020,34979.41908902724,34948.581320443285,derived_proxy_NOT_OFFICIAL,203.28618696213502,-219.88490799984967,-14.239047546251335,-30.837768583965953,-30.83776858396599,-3.552713678800501e-14,-659.2117273616009,713.0376745682515,46.17405279334934,9756.424823097928,-3966.004473923795,-2117.6688086416984,3672.751540532434,1
United States of America,Female,Incidence,2020,2021,34948.581320443285,34890.004640249164,derived_proxy_NOT_OFFICIAL,148.45736634660352,-169.92918822159118,-37.104858319125924,-58.57668019411358,-58.57668019411358,0.0,-253.44107220593585,290.0969936474268,63.34407855850906,9904.882189444532,-4135.933662145387,-2154.7736669608244,3614.1748603383203,1
United States of America,Female,Incidence,2021,2022,34890.004640249164,34956.1192553888,derived_proxy_NOT_OFFICIAL,239.54454541440643,-139.33318928831795,-34.09674098645701,66.1146151396315,66.11461513963147,-2.842170943040401e-14,362.3170836107836,-210.74491471220347,-51.572168898580166,10144.426734858938,-4275.266851433705,-2188.8704079472814,3680.289475477952,1
United States of America,Female,Incidence,2022,2023,34956.1192553888,35354.910691132776,derived_proxy_NOT_OFFICIAL,245.41244122048133,-115.81981861496266,269.198813138469,398.7914357439877,398.7914357439877,0.0,61.539045030552984,-29.04270459040539,67.50365955985241,10389.839176079418,-4391.086670048667,-1919.6715948088126,4079.0809112219395,1
United States of America,Female,Prevalence,1990,1991,624851.7298002987,631369.5693483789,derived_proxy_NOT_OFFICIAL,5370.685039113858,1761.5680641776416,-614.4135552111547,6517.839548080345,6517.839548080345,0.0,82.39977372096632,27.026870655268958,-9.426644376235279,5370.685039113858,1761.5680641776416,-614.4135552111547,6517.839548080345,1
United States of America,Female,Prevalence,1991,1992,631369.5693483789,637119.3201423329,derived_proxy_NOT_OFFICIAL,5725.525245072688,635.7309591272109,-611.5054102458913,5749.750793954008,5749.750793954007,-9.094947017729282e-13,99.57866784579961,11.056669791596816,-10.635337637396441,11096.210284186545,2397.2990233048527,-1225.918965457046,12267.590342034353,1
United States of America,Female,Prevalence,1992,1993,637119.3201423329,642380.4488635844,derived_proxy_NOT_OFFICIAL,6289.154199457397,-262.260662793337,-765.7648154124423,5261.128721251618,5261.128721251617,-9.094947017729282e-13,119.54001760217743,-4.984874476345172,-14.555143125832274,17385.36448364394,2135.0383605115157,-1991.6837808694884,17528.71906328597,1
United States of America,Female,Prevalence,1993,1994,642380.4488635844,647791.5676182639,derived_proxy_NOT_OFFICIAL,6164.426503413048,-158.8973829001382,-594.4103658334546,5411.118754679454,5411.118754679455,1.8189894035458565e-12,113.92147877150441,-2.936497794706985,-10.984980976797406,23549.790987056993,1976.1409776113774,-2586.094146702943,22939.837817965425,1
United States of America,Female,Prevalence,1994,1995,647791.5676182639,653510.7750654983,derived_proxy_NOT_OFFICIAL,6734.605076251939,-457.4827406977032,-557.914888319928,5719.207447234308,5719.207447234308,0.0,117.75416678597061,-7.999058347130466,-9.755108438840145,30284.39606330893,1518.658236913674,-3144.009035022871,28659.045265199733,1
United States of America,Female,Prevalence,1995,1996,653510.7750654983,659084.2360360671,derived_proxy_NOT_OFFICIAL,6770.344472384798,-389.8073287147369,-807.0761731015905,5573.460970568471,5573.460970568471,0.0,121.47469064799515,-6.99399046253621,-14.480700185458947,37054.74053569373,1128.8509081989373,-3951.0852081244616,34232.5062357682,1
United States of America,Female,Prevalence,1996,1997,659084.2360360671,663940.434167016,derived_proxy_NOT_OFFICIAL,6855.137890887855,-729.6817214858601,-1269.2580384528264,4856.1981309491675,4856.198130949168,9.094947017729282e-13,141.16264835240537,-15.025781523111789,-26.136866829293552,43909.878426581585,399.1691867130771,-5220.343246577288,39088.70436671737,1
United States of America,Female,Prevalence,1997,1998,663940.434167016,668505.662732733,derived_proxy_NOT_OFFICIAL,6879.430836478792,-963.7030902243956,-1350.4991805371635,4565.228565717232,4565.228565717232,0.0,150.6919256604183,-21.109635067592514,-29.582290592825768,50789.30926306038,-564.5339035113185,-6570.842427114451,43653.9329324346,1
United States of America,Female,Prevalence,1998,1999,668505.662732733,673549.3217841943,derived_proxy_NOT_OFFICIAL,6942.727162911886,-681.0225560242737,-1218.045555426351,5043.659051461262,5043.659051461262,0.0,137.65258698246905,-13.502549420484048,-24.150037561985,57732.03642597226,-1245.5564595355922,-7788.887982540802,48697.591983895865,1
United States of America,Female,Prevalence,1999,2000,673549.3217841943,679357.821445144,derived_proxy_NOT_OFFICIAL,6861.226899566382,-460.64823851208587,-592.0790001047233,5808.499660949572,5808.499660949572,0.0,118.12390978851688,-7.930589057429319,-10.193320731087558,64593.263325538646,-1706.204698047678,-8380.966982645527,54506.09164484544,1
United States of America,Female,Prevalence,2000,2001,679357.821445144,687172.8042523854,derived_proxy_NOT_OFFICIAL,7795.879491507501,-343.51618612660485,362.6195018603661,7814.982807241264,7814.982807241262,-1.8189894035458565e-12,99.75555524298709,-4.3956102604385405,4.640055017451445,72389.14281704614,-2049.720884174283,-8018.34748078516,62321.0744520867,1
United States of America,Female,Prevalence,2001,2002,687172.8042523854,695368.8878798585,derived_proxy_NOT_OFFICIAL,7768.694518765726,-569.5709926830023,996.9601013904902,8196.083627473214,8196.083627473214,0.0,94.78544719486655,-6.949306749064936,12.163859554198385,80157.83733581187,-2619.2918768572854,-7021.38737939467,70517.15807955991,1
United States of America,Female,Prevalence,2002,2003,695368.8878798585,703303.2878313535,derived_proxy_NOT_OFFICIAL,7497.023147003571,-823.8185052315628,1261.1953097228736,7934.399951494881,7934.399951494881,0.0,94.48758813312774,-10.382870919890435,15.895282786762698,87654.86048281543,-3443.110382088848,-5760.192069671796,78451.5580310548,1
United States of America,Female,Prevalence,2003,2004,703303.2878313535,711547.972108233,derived_proxy_NOT_OFFICIAL,7959.141013583304,-797.3606442683765,1082.9039075648373,8244.684276879765,8244.684276879765,0.0,96.53663798749457,-9.671208957077747,13.134570969583164,95614.00149639875,-4240.471026357224,-4677.288162106959,86696.24230793456,1
United States of America,Female,Prevalence,2004,2005,711547.972108233,719252.5631525567,derived_proxy_NOT_OFFICIAL,8803.119668016889,-1282.6628030701736,184.13417937703588,7704.591044323752,7704.591044323751,-9.094947017729282e-13,114.25810425723326,-16.648032266620525,2.3899280093872615,104417.12116441563,-5523.133829427398,-4493.153982729923,94400.83335225831,1
United States of America,Female,Prevalence,2005,2006,719252.5631525567,726458.879732034,derived_proxy_NOT_OFFICIAL,8571.002461029293,-897.8147069437351,-466.87117460827966,7206.316579477279,7206.316579477278,-1.8189894035458565e-12,118.93735678277686,-12.45871863998597,-6.478638142790902,112988.12362544492,-6420.948536371133,-4960.025157338203,101607.14993173559,1
United States of America,Female,Prevalence,2006,2007,726458.879732034,732644.5649850237,derived_proxy_NOT_OFFICIAL,8349.829451047097,-1141.8141441378004,-1022.330053919771,6185.685252989526,6185.685252989526,0.0,134.9863290734304,-18.458975803626036,-16.52735326980437,121337.95307649202,-7562.762680508933,-5982.355211257974,107792.83518472512,1
United States of America,Female,Prevalence,2007,2008,732644.5649850237,738259.6054114511,derived_proxy_NOT_OFFICIAL,8265.349260892039,-1165.852195418886,-1484.4566390458883,5615.040426427266,5615.040426427265,-9.094947017729282e-13,147.2001736976115,-20.763024072485507,-26.437149625125986,129603.30233738406,-8728.614875927819,-7466.811850303862,113407.87561115238,1
United States of America,Female,Prevalence,2008,2009,738259.6054114511,743447.2283159298,derived_proxy_NOT_OFFICIAL,7227.586303244771,-463.314652677315,-1576.6487460890007,5187.622904478456,5187.622904478456,0.0,139.3236639657293,-8.931155197833235,-30.392508767896096,136830.88864062884,-9191.929528605135,-9043.460596392862,118595.49851563084,1
United States of America,Female,Prevalence,2009,2010,743447.2283159298,748404.9438932335,derived_proxy_NOT_OFFICIAL,7551.967114160031,-571.5911756882367,-2022.660361167548,4957.715577304247,4957.715577304246,-9.094947017729282e-13,152.3275588606155,-11.52932568993881,-40.798233170676724,144382.85575478885,-9763.52070429337,-11066.12095756041,123553.21409293509,1
United States of America,Female,Prevalence,2010,2011,748404.9438932335,750458.4554215741,derived_proxy_NOT_OFFICIAL,7261.013352500838,-263.4934080717697,-4944.008416088784,2053.5115283402847,2053.5115283402847,0.0,353.59009444516863,-12.831357624991456,-240.75873682017715,151643.8691072897,-10027.014112365141,-16010.129373649193,125606.72562127537,1
United States of America,Female,Prevalence,2011,2012,750458.4554215741,747915.4103359121,derived_proxy_NOT_OFFICIAL,6884.051351799223,-604.1541204793612,-8822.94231698144,-2543.045085661579,-2543.045085661578,9.094947017729282e-13,-270.7011130323048,23.75711401601789,346.94399901628685,158527.92045908893,-10631.168232844502,-24833.071690630633,123063.68053561379,1
United States of America,Female,Prevalence,2012,2013,747915.4103359121,743495.5603738216,derived_proxy_NOT_OFFICIAL,6657.351864971123,-1012.1307857489251,-10065.071041312922,-4419.849962090724,-4419.849962090724,0.0,-150.62393343827426,22.89966388972526,227.72426954854902,165185.27232406006,-11643.299018593427,-34898.14273194355,118643.83057352307,1
United States of America,Female,Prevalence,2013,2014,743495.5603738216,740502.3775013395,derived_proxy_NOT_OFFICIAL,6543.235511187987,-832.6764600571479,-8703.74192361295,-2993.18287248211,-2993.1828724821107,-9.094947017729282e-13,-218.60460218930695,27.819097446814112,290.7855047424929,171728.50783524802,-12475.975478650575,-43601.8846555565,115650.64770104096,1
United States of America,Female,Prevalence,2014,2015,740502.3775013395,741449.1967054268,derived_proxy_NOT_OFFICIAL,6851.045354563859,-1116.6874951651553,-4787.538655311568,946.8192040871363,946.8192040871363,0.0,723.5853819810518,-117.94094272113918,-505.6444392599126,178579.55318981188,-13592.66297381573,-48389.42331086807,116597.4669051281,1
United States of America,Female,Prevalence,2015,2016,741449.1967054268,745395.8953086627,derived_proxy_NOT_OFFICIAL,6157.04319008987,-740.3528451176244,-1469.9917417361287,3946.6986032361165,3946.6986032361174,9.094947017729282e-13,156.00489951377008,-18.758788535576752,-37.2461109781933,184736.59637990178,-14333.015818933354,-49859.4150526042,120544.16550836421,1
United States of America,Female,Prevalence,2016,2017,745395.8953086627,748870.1996422262,derived_proxy_NOT_OFFICIAL,6044.971034128257,-1796.1288606380306,-774.5378399266824,3474.304333563545,3474.3043335635443,-4.547473508864641e-13,173.99083251662114,-51.697510873947145,-22.293321642673998,190781.56741403003,-16129.144679571385,-50633.952892530884,124018.46984192776,1
United States of America,Female,Prevalence,2017,2018,748870.1996422262,751839.3284998817,derived_proxy_NOT_OFFICIAL,5202.427967797403,-1707.193879210953,-526.1052309312314,2969.128857655218,2969.1288576552183,4.547473508864641e-13,175.217318520351,-57.49814039930753,-17.719178121043473,195983.99538182744,-17836.33855878234,-51160.05812346211,126987.59869958297,1
United States of America,Female,Prevalence,2018,2019,751839.3284998817,754824.2156205965,derived_proxy_NOT_OFFICIAL,4900.318324005872,-1641.9912281411234,-273.4399751497549,2984.887120714993,2984.887120714993,0.0,164.17097618190869,-55.01016158184918,-9.160814600059506,200884.3137058333,-19478.329786923463,-51433.49809861187,129972.48582029797,1
United States of America,Female,Prevalence,2019,2020,754824.2156205965,757231.0045221482,derived_proxy_NOT_OFFICIAL,4395.631124132041,-1874.0436834438394,-114.79853913657523,2406.7889015516266,2406.788901551626,-4.547473508864641e-13,182.63467648941844,-77.86489634531999,-4.7697801440984735,205279.94482996533,-21352.3734703673,-51548.29663774845,132379.2747218496,1
United States of America,Female,Prevalence,2020,2021,757231.0045221482,758780.925284812,derived_proxy_NOT_OFFICIAL,3222.614876642299,-1602.7043132587569,-69.98980071983533,1549.9207626637071,1549.9207626637067,-4.547473508864641e-13,207.92126631711707,-103.40556445636199,-4.515701860755144,208502.55970660763,-22955.077783626057,-51618.28643846828,133929.1954845133,1
United States of America,Female,Prevalence,2021,2022,758780.925284812,761290.1580791017,derived_proxy_NOT_OFFICIAL,5213.257420565215,-2228.4123275542124,-475.612298721176,2509.2327942898264,2509.232794289827,4.547473508864641e-13,207.76300359332316,-88.80851281018377,-18.954490783139384,213715.81712717284,-25183.49011118027,-52093.898737189455,136438.42827880313,1
United States of America,Female,Prevalence,2022,2023,761290.1580791017,766467.9634766163,derived_proxy_NOT_OFFICIAL,5332.452618054657,-2101.798080478019,1947.1508599379647,5177.805397514603,5177.805397514603,0.0,102.98673296246874,-40.59245025869266,37.605717296223915,219048.2697452275,-27285.28819165829,-50146.747877251495,141616.23367631773,1
United States of America,Male,DALYs,1990,1991,385181.7982555035,390279.1864436839,derived_proxy_NOT_OFFICIAL,3832.0677995587953,1330.003551377352,-64.68316275586646,5097.388188180281,5097.388188180281,0.0,75.17708399067027,26.091863171444093,-1.2689471621143638,3832.0677995587953,1330.003551377352,-64.68316275586646,5097.388188180281,1
United States of America,Male,DALYs,1991,1992,390279.1864436839,394989.1866291203,derived_proxy_NOT_OFFICIAL,4158.031919239351,534.2508454757917,17.717420721251983,4710.0001854363945,4710.0001854363945,0.0,88.28092899223735,11.342904977535408,0.37616603022724543,7990.099718798147,1864.2543968531438,-46.96574203461448,9807.388373616675,1
United States of America,Male,DALYs,1992,1993,394989.1866291203,399174.04630093067,derived_proxy_NOT_OFFICIAL,4384.796543148541,-9.27941870885358,-190.65745262933586,4184.859671810351,4184.859671810351,0.0,104.77762426981687,-0.22173787024116262,-4.555886399575695,12374.896261946687,1854.9749781442902,-237.62319466395036,13992.248045427026,1
United States of America,Male,DALYs,1993,1994,399174.04630093067,403808.7591408764,derived_proxy_NOT_OFFICIAL,4514.128938157965,-47.637397636358706,168.22129942425332,4634.71283994586,4634.712839945861,9.094947017729282e-13,97.39824437991928,-1.0278392487616381,3.629594868842368,16889.025200104654,1807.3375805079315,-69.40189523969704,18626.960885372886,1
United States of America,Male,DALYs,1994,1995,403808.7591408764,408463.98148982605,derived_proxy_NOT_OFFICIAL,4883.443343549375,-257.88230985188665,29.6613152519761,4655.2223489494645,4655.222348949464,-9.094947017729282e-13,104.90247248128573,-5.53963464086914,0.637162159583413,21772.468543654028,1549.4552706560448,-39.74057998772094,23282.18323432235,1
United States of America,Male,DALYs,1995,1996,408463.98148982605,413173.35368884646,derived_proxy_NOT_OFFICIAL,4927.7298078805425,-305.31116326909006,86.95355440907103,4709.372199020523,4709.372199020524,9.094947017729282e-13,104.63666067645777,-6.48305443627051,1.846393759812742,26700.19835153457,1244.1441073869548,47.21297442135009,27991.555433342874,1
United States of America,Male,DALYs,1996,1997,413173.35368884646,417451.9307768599,derived_proxy_NOT_OFFICIAL,4982.5244731120565,-657.38991296238,-46.55747213638581,4278.577088013291,4278.577088013291,0.0,116.45283865682633,-15.364685488642944,-1.088153168183403,31682.722824646626,586.7541944245748,0.6555022849642782,32270.132521356165,1
United States of America,Male,DALYs,1997,1998,417451.9307768599,421267.25297569623,derived_proxy_NOT_OFFICIAL,4971.629598555281,-889.2692642186207,-267.0381355002367,3815.322198836424,3815.322198836423,-9.094947017729282e-13,130.30693974080359,-23.307841851202635,-6.99909788960095,36654.352423201904,-302.51506979404587,-266.38263321527245,36085.45472019259,1
United States of America,Male,DALYs,1998,1999,421267.25297569623,425629.6993242251,derived_proxy_NOT_OFFICIAL,4860.57814268243,-690.7894227303137,192.6576285767272,4362.446348528843,4362.4463485288425,-9.094947017729282e-13,111.41863427894242,-15.834909304117172,4.416275025174752,41514.93056588434,-993.3044925243596,-73.72500463854524,40447.90106872143,1
United States of America,Male,DALYs,1999,2000,425629.6993242251,429714.00922772655,derived_proxy_NOT_OFFICIAL,4835.216293426996,-672.5104130462762,-78.39597687924591,4084.3099035014748,4084.3099035014743,-4.547473508864641e-13,118.38514725050052,-16.465704829835115,-1.9194424206654133,46350.14685931133,-1665.8149055706358,-152.12098151779117,44532.21097222291,1
United States of America,Male,DALYs,2000,2001,429714.00922772655,435039.51231464895,derived_proxy_NOT_OFFICIAL,5999.717760795989,-708.2445294088975,34.02985553530743,5325.503086922399,5325.503086922399,0.0,112.66011234749313,-13.299110297168019,0.6389979496748961,52349.86462010732,-2374.0594349795333,-118.09112598248372,49857.714059145306,1
United States of America,Male,DALYs,2001,2002,435039.51231464895,439971.63444987993,derived_proxy_NOT_OFFICIAL,5714.730808551336,-951.0628328094318,168.45415948907612,4932.12213523098,4932.12213523098,0.0,115.867585024508,-19.283034903288986,3.4154498787809744,58064.59542865866,-3325.122267788965,50.3630335065924,54789.83619437629,1
United States of America,Male,DALYs,2002,2003,439971.63444987993,444176.12429068965,derived_proxy_NOT_OFFICIAL,5247.390183276158,-1144.6801906299856,101.77984816360794,4204.48984080978,4204.489840809781,9.094947017729282e-13,124.80444434289599,-27.225186264441575,2.4207419215455936,63311.98561193482,-4469.802458418951,152.14288167020032,58994.326035186066,1
United States of America,Male,DALYs,2003,2004,444176.12429068965,449164.34912492323,derived_proxy_NOT_OFFICIAL,5670.73259311829,-1201.7243782133253,519.216619328615,4988.224834233581,4988.22483423358,-9.094947017729282e-13,113.68237763063007,-24.091223193590572,10.408845562960485,68982.71820505311,-5671.526836632276,671.3595009988153,63982.55086941965,1
United States of America,Male,DALYs,2004,2005,449164.34912492323,453670.5497947116,derived_proxy_NOT_OFFICIAL,5858.61428299488,-1408.6948723162639,56.28125910978997,4506.200669788406,4506.200669788406,0.0,130.01228112795027,-31.261254780790992,1.248973652840736,74841.33248804799,-7080.22170894854,727.6407601086053,68488.75153920805,1
United States of America,Male,DALYs,2005,2006,453670.5497947116,458187.57976787473,derived_proxy_NOT_OFFICIAL,5792.829924125185,-1226.7672427540917,-49.03270820805725,4517.029973163037,4517.029973163036,-9.094947017729282e-13,128.24422150266966,-27.15871380182699,-1.0855077008426899,80634.16241217317,-8306.988951702631,678.608051900548,73005.78151237109,1
United States of America,Male,DALYs,2006,2007,458187.57976787473,462003.397642325,derived_proxy_NOT_OFFICIAL,5483.681395701191,-1451.446150281961,-216.41737096893482,3815.8178744502948,3815.8178744502948,0.0,143.7092014380054,-38.03761599840652,-5.671585439598891,86117.84380787436,-9758.435101984593,462.1906809316132,76821.59938682138,1
United States of America,Male,DALYs,2007,2008,462003.397642325,465986.34391133086,derived_proxy_NOT_OFFICIAL,5323.1405261563095,-1421.1318192217248,80.93756207130113,3982.9462690058863,3982.946269005886,-4.547473508864641e-13,133.64831375154165,-35.68041653688763,2.032102785345948,91440.98433403067,-11179.566921206317,543.1282430029144,80804.54565582727,1
United States of America,Male,DALYs,2008,2009,465986.34391133086,469678.7571880434,derived_proxy_NOT_OFFICIAL,4931.736986225384,-1067.952790000505,-171.37091951241018,3692.4132767124684,3692.4132767124684,0.0,133.5640573423662,-28.922894323231183,-4.641163019135005,96372.72132025605,-12247.519711206822,371.7573234905042,84496.95893253974,1
United States of America,Male,DALYs,2009,2010,469678.7571880434,473017.4954768643,derived_proxy_NOT_OFFICIAL,4936.937370225302,-972.5067665387953,-625.6923148655526,3338.738288820954,3338.738288820955,9.094947017729282e-13,147.8683545444569,-29.12797237791967,-18.740382166537238,101309.65869048136,-13220.026477745618,-253.9349913750484,87835.6972213607,1
United States of America,Male,DALYs,2010,2011,473017.4954768643,476015.77460049844,derived_proxy_NOT_OFFICIAL,4915.335659685729,-679.5083393247527,-1237.5481967269347,2998.2791236340418,2998.279123634042,4.547473508864641e-13,163.9385613214067,-22.663278210774443,-41.275283110632266,106224.9943501671,-13899.534817070371,-1491.4831881019832,90833.97634499473,1
United States of America,Male,DALYs,2011,2012,476015.77460049844,477825.01705971156,derived_proxy_NOT_OFFICIAL,4934.830343084002,-929.9358446683327,-2195.652039202483,1809.2424592131865,1809.2424592131865,0.0,272.7567174844044,-51.3991831184831,-121.35753436592134,111159.8246932511,-14829.470661738704,-3687.1352273044663,92643.21880420792,1
United States of America,Male,DALYs,2012,2013,477825.01705971156,479277.6956275446,derived_proxy_NOT_OFFICIAL,4879.899826611712,-1089.5373727343394,-2337.6838860443386,1452.6785678330343,1452.6785678330343,0.0,335.9242667076087,-75.00195823495945,-160.92230847264923,116039.72451986281,-15919.008034473043,-6024.819113348805,94095.89737204096,1
United States of America,Male,DALYs,2013,2014,479277.6956275446,481228.6014530845,derived_proxy_NOT_OFFICIAL,5020.365860690111,-945.5177458414886,-2123.9422893087226,1950.9058255398995,1950.9058255398995,0.0,257.33512068942434,-48.46557601414836,-108.86954467527598,121060.09038055291,-16864.525780314532,-8148.7614026575275,96046.80319758086,1
United States of America,Male,DALYs,2014,2015,481228.6014530845,483823.31064858043,derived_proxy_NOT_OFFICIAL,5248.601978191892,-1092.7971632527865,-1561.0956194431733,2594.7091954959324,2594.709195495932,-4.547473508864641e-13,202.28093334323407,-42.11636375859523,-60.16456958463886,126308.69235874481,-17957.322943567317,-9709.857022100701,98641.51239307679,1
United States of America,Male,DALYs,2015,2016,483823.31064858043,486866.6838689313,derived_proxy_NOT_OFFICIAL,5028.462805788876,-855.7572635189573,-1129.3323219191516,3043.373220350768,3043.373220350767,-9.094947017729282e-13,165.2266232798524,-28.1187091282983,-37.10791415155414,131337.15516453367,-18813.080207086274,-10839.189344019853,101684.88561342756,1
United States of America,Male,DALYs,2016,2017,486866.6838689313,489079.0756203676,derived_proxy_NOT_OFFICIAL,4715.803554553015,-1318.5618926034367,-1184.8499105131777,2212.3917514364,2212.3917514364,0.0,213.15409223937257,-59.59893367652259,-53.55515856284997,136052.9587190867,-20131.64209968971,-12024.03925453303,103897.27736486396,1
United States of America,Male,DALYs,2017,2018,489079.0756203676,490595.5659757918,derived_proxy_NOT_OFFICIAL,4167.082443749727,-1260.3620568123104,-1390.2300315132402,1516.4903554241755,1516.490355424176,4.547473508864641e-13,274.7846320845316,-83.1104564763141,-91.6741756082175,140220.04116283642,-21392.004156502022,-13414.26928604627,105413.76772028813,1
United States of America,Male,DALYs,2018,2019,490595.5659757918,492365.52196722984,derived_proxy_NOT_OFFICIAL,3901.93205291092,-1202.8322655073327,-929.1437959655789,1769.955991438008,1769.9559914380086,6.821210263296962e-13,220.4536198519139,-67.95831485787886,-52.49530499403504,144121.97321574733,-22594.836422009354,-14343.41308201185,107183.72371172614,1
United States of America,Male,DALYs,2019,2020,492365.52196722984,492645.7277286054,derived_proxy_NOT_OFFICIAL,3275.0529282985467,-1339.3400105462836,-1655.5071563767754,280.2057613754878,280.2057613754878,0.0,1168.8028512411045,-477.9844654055882,-590.8183858355162,147397.0261440459,-23934.17643255564,-15998.920238388624,107463.92947310163,1
United States of America,Male,DALYs,2020,2021,492645.7277286054,495549.5985247597,derived_proxy_NOT_OFFICIAL,2400.8992053107745,-1166.4691368914112,1669.440727734948,2903.8707961543114,2903.8707961543114,0.0,82.67927100924607,-40.169457209880115,57.49018620063406,149797.92534935666,-25100.64556944705,-14329.479510653677,110367.80026925594,1
United States of America,Male,DALYs,2021,2022,495549.5985247597,499857.5624039512,derived_proxy_NOT_OFFICIAL,3826.5555062428953,-1467.3697843180948,1948.7781572667493,4307.9638791915495,4307.9638791915495,0.0,88.82515298528925,-34.061794050916404,45.236641065627154,153624.48085559957,-26568.015353765146,-12380.701353386927,114675.76414844749,1
United States of America,Male,DALYs,2022,2023,499857.5624039512,497975.7644495556,derived_proxy_NOT_OFFICIAL,4310.7501808486895,-1489.2148196476726,-4703.333315596664,-1881.7979543956462,-1881.7979543956471,-9.094947017729282e-13,-229.07614341801747,79.13787004439301,249.9382733736245,157935.23103644824,-28057.230173412816,-17084.034668983593,112793.96619405184,1
United States of America,Male,Incidence,1990,1991,35054.94300939064,35116.5720195286,derived_proxy_NOT_OFFICIAL,346.77422255313047,-241.68762683794438,-43.45758557723699,61.62901013794908,61.6290101379491,2.1316282072803006e-14,562.6801757434013,-392.165355726071,-70.51482001733022,346.77422255313047,-241.68762683794438,-43.45758557723699,61.62901013794908,1
United States of America,Male,Incidence,1991,1992,35116.5720195286,35184.79412216151,derived_proxy_NOT_OFFICIAL,372.2604840118559,-267.2157354073958,-36.822645971546685,68.22210263291345,68.22210263291342,-2.842170943040401e-14,545.6596464270517,-391.684989313828,-53.97465711322384,719.0347065649864,-508.9033622453402,-80.28023154878368,129.85111277086253,1
United States of America,Male,Incidence,1992,1993,35184.79412216151,35254.26261369451,derived_proxy_NOT_OFFICIAL,388.9214742543857,-289.0599054120673,-30.393077309318564,69.4684915329999,69.46849153299988,-2.842170943040401e-14,559.8530580869669,-416.102176732532,-43.75088135443507,1107.956180819372,-797.9632676574074,-110.67330885810225,199.31960430386243,1
United States of America,Male,Incidence,1993,1994,35254.26261369451,35337.20846054526,derived_proxy_NOT_OFFICIAL,396.8538425809566,-292.82493926084135,-21.083056469364237,82.94584685075097,82.94584685075102,5.684341886080802e-14,478.4493228395601,-353.0314661657954,-25.417856673764682,1504.8100234003286,-1090.7882069182488,-131.75636532746648,282.2654511546134,1
United States of America,Male,Incidence,1994,1995,35337.20846054526,35436.32464020181,derived_proxy_NOT_OFFICIAL,425.5065047405611,-314.45197290605694,-11.938352177932149,99.11617965657206,99.11617965657204,-1.4210854715202004e-14,429.30075212230724,-317.25594549305924,-12.044806629248,1930.31652814089,-1405.2401798243059,-143.69471750539861,381.38163081118546,1
United States of America,Male,Incidence,1995,1996,35436.32464020181,35594.2478872471,derived_proxy_NOT_OFFICIAL,426.0113519860376,-267.6989315459153,-0.38917339484517777,157.9232470452771,157.92324704527712,2.842170943040401e-14,269.7584807535643,-169.51204876706035,-0.24643198650392523,2356.3278801269275,-1672.939111370221,-144.0838909002438,539.3048778564626,1
United States of America,Male,Incidence,1996,1997,35594.2478872471,35825.78488542397,derived_proxy_NOT_OFFICIAL,428.4198952183663,-205.66399024892115,8.781093207421993,231.5369981768672,231.53699817686717,-2.842170943040401e-14,185.03301787263544,-88.82554056946782,3.79252269683235,2784.7477753452936,-1878.6031016191423,-135.3027976928218,770.8418760333298,1
United States of America,Male,Incidence,1997,1998,35825.78488542397,36104.92272395774,derived_proxy_NOT_OFFICIAL,426.38238632076656,-161.31261989579676,14.068072108782266,279.1378385337521,279.137838533752,-5.684341886080802e-14,152.7497628270165,-57.789592676913834,5.039829849897337,3211.1301616660603,-2039.915721514939,-121.23472558403955,1049.9797145670818,1
United States of America,Male,Incidence,1998,1999,36104.92272395774,36388.74798054769,derived_proxy_NOT_OFFICIAL,416.06392434374476,-143.88774296965008,11.649075215872774,283.82525658996747,283.8252565899674,-5.684341886080802e-14,146.5915786856199,-50.69589109101722,4.104312405397308,3627.1940860098052,-2183.803464484589,-109.58565036816677,1333.8049711570493,1
United States of America,Male,Incidence,1999,2000,36388.74798054769,36645.240826595145,derived_proxy_NOT_OFFICIAL,412.8613686057518,-160.9482195211664,4.579696962883948,256.49284604746936,256.49284604746936,0.0,160.964087290506,-62.749593995061986,1.7855067045559545,4040.0554546155568,-2344.7516840057556,-105.00595340528282,1590.2978172045187,1
United States of America,Male,Incidence,2000,2001,36645.240826595145,37129.70391564773,derived_proxy_NOT_OFFICIAL,511.852525837038,-27.327889519275534,-0.06154726519647133,484.4630890525659,484.46308905256603,1.1368683772161603e-13,105.65356523611239,-5.640861014348682,-0.012704221763692142,4551.9079804525945,-2372.079573525031,-105.06750067047929,2074.7609062570846,1
United States of America,Male,Incidence,2001,2002,37129.70391564773,37578.76589605101,derived_proxy_NOT_OFFICIAL,487.9185228510966,-37.774527231829175,-1.0820152159770562,449.06198040329036,449.0619804032904,5.684341886080802e-14,108.65282391818391,-8.411873834855692,-0.24095008332821402,5039.826503303691,-2409.85410075686,-106.14951588645636,2523.822886660375,1
United States of America,Male,Incidence,2002,2003,37578.76589605101,37965.46641404766,derived_proxy_NOT_OFFICIAL,448.34782837385984,-60.68687717464368,-0.960433202565279,386.7005179966509,386.70051799665083,-5.684341886080802e-14,115.94187426915803,-15.69350811554105,-0.2483661536169954,5488.174331677551,-2470.5409779315037,-107.10994908902163,2910.523404657026,1
United States of America,Male,Incidence,2003,2004,37965.46641404766,38397.76156435185,derived_proxy_NOT_OFFICIAL,484.73396810501436,-50.003215815810115,-2.4356019850201847,432.29515030418406,432.29515030418406,0.0,112.13032756993266,-11.566915747406698,-0.56341182252597,5972.908299782565,-2520.544193747314,-109.54555107404181,3342.81855496121,1
United States of America,Male,Incidence,2004,2005,38397.76156435185,38784.969255458534,derived_proxy_NOT_OFFICIAL,500.84840627165977,-107.0061295555606,-6.634585609415807,387.20769110668334,387.20769110668334,0.0,129.34877528909058,-27.6353316355171,-1.7134436535734638,6473.756706054225,-2627.5503233028744,-116.18013668345762,3730.026246067893,1
United States of America,Male,Incidence,2005,2006,38784.969255458534,39210.1744872063,derived_proxy_NOT_OFFICIAL,495.4862281394987,-83.33615403483903,13.055157643097726,425.20523174775735,425.2052317477574,5.684341886080802e-14,116.52872334210456,-19.599042488798954,3.070319146694408,6969.242934193724,-2710.8864773377136,-103.1249790403599,4155.231477815651,1
United States of America,Male,Incidence,2006,2007,39210.1744872063,39596.951165111845,derived_proxy_NOT_OFFICIAL,469.6364646774212,-120.50394959432982,37.64416282246142,386.7766779055528,386.7766779055528,0.0,121.42316005726228,-31.15595031398345,9.732790256721158,7438.879398871145,-2831.3904269320433,-65.48081621789848,4542.008155721203,1
United States of America,Male,Incidence,2007,2008,39596.951165111845,39959.51591559717,derived_proxy_NOT_OFFICIAL,456.35785471663377,-135.00214367981852,41.209039448510644,362.56475048532593,362.5647504853259,-5.684341886080802e-14,125.86933895414742,-37.235319621972586,11.365980667825154,7895.237253587779,-2966.392570611862,-24.271776769387834,4904.572906206529,1
United States of America,Male,Incidence,2008,2009,39959.51591559717,40283.86629965059,derived_proxy_NOT_OFFICIAL,422.95425514061327,-123.50996372456818,24.906092637372545,324.35038405341766,324.3503840534176,-5.684341886080802e-14,130.4004175530609,-38.07917912137486,7.678761568313953,8318.191508728392,-3089.90253433643,0.6343158679847107,5228.923290259947,1
United States of America,Male,Incidence,2009,2010,40283.86629965059,40528.0450403626,derived_proxy_NOT_OFFICIAL,423.2193833230886,-165.46645093405823,-13.574191677016644,244.17874071201368,244.17874071201373,5.684341886080802e-14,173.32359978964627,-67.76447877958822,-5.559121010058019,8741.410892051481,-3255.3689852704883,-12.939875809031934,5473.102030971961,1
United States of America,Male,Incidence,2010,2011,40528.0450403626,40716.52147264049,derived_proxy_NOT_OFFICIAL,420.7918712045927,-154.7186161656476,-77.59682276105862,188.4764322778865,188.47643227788654,5.684341886080802e-14,223.25967555677428,-82.08910487945414,-41.17057067732011,9162.202763256073,-3410.087601436136,-90.53669857009055,5661.578463249847,1
United States of America,Male,Incidence,2011,2012,40716.52147264049,40839.97634336838,derived_proxy_NOT_OFFICIAL,421.94410837434646,-166.40823158022005,-132.08100606623097,123.45487072789547,123.45487072789544,-2.842170943040401e-14,341.7800414730865,-134.79276321709273,-106.9872782559938,9584.14687163042,-3576.495833016356,-222.61770463632152,5785.033333977743,1
United States of America,Male,Incidence,2012,2013,40839.97634336838,40912.723039521676,derived_proxy_NOT_OFFICIAL,416.82313940381454,-193.70510231139025,-150.37134093914696,72.7466961532773,72.74669615327733,2.842170943040401e-14,572.9787900272037,-266.2734014796405,-206.70538854756308,10000.970011034235,-3770.2009353277463,-372.9890455754685,5857.78003013102,1
United States of America,Male,Incidence,2013,2014,40912.723039521676,41017.203102684594,derived_proxy_NOT_OFFICIAL,428.22949848629776,-185.78904295851194,-137.960392364838,104.48006316294777,104.48006316294783,5.684341886080802e-14,409.867189511963,-177.82248338494412,-132.04470612701877,10429.199509520533,-3955.989978286258,-510.94943794030644,5962.260093293968,1
United States of America,Male,Incidence,2014,2015,41017.203102684594,41147.55823511493,derived_proxy_NOT_OFFICIAL,446.86797255299217,-221.67850691998925,-94.8343332026913,130.35513243031164,130.35513243031164,0.0,342.8081152016699,-170.05736773617213,-72.75074746549784,10876.067482073524,-4177.668485206247,-605.7837711429978,6092.615225724279,1
United States of America,Male,Incidence,2015,2016,41147.55823511493,41280.42838174019,derived_proxy_NOT_OFFICIAL,427.0030222403536,-218.7636175251731,-75.36925808989811,132.87014662528236,132.87014662528236,0.0,321.3686694006432,-164.6446723221626,-56.72399707848064,11303.070504313879,-4396.432102731421,-681.1530292328958,6225.485372349562,1
United States of America,Male,Incidence,2016,2017,41280.42838174019,41335.41001967323,derived_proxy_NOT_OFFICIAL,399.20449020548887,-263.95470339117554,-80.26814888128379,54.98163793302956,54.98163793302953,-2.842170943040401e-14,726.0687480641087,-480.07791930950805,-145.99082875460076,11702.274994519366,-4660.386806122596,-761.4211781141796,6280.467010282591,1
United States of America,Male,Incidence,2017,2018,41335.41001967323,41328.98932020498,derived_proxy_NOT_OFFICIAL,351.61889512483083,-273.81553977515307,-84.22405481793128,-6.420699468253588,-6.420699468253517,7.105427357601002e-14,-5476.333176211877,4264.574928775324,1311.758247436552,12053.893889644198,-4934.202345897749,-845.645232932111,6274.046310814338,1
United States of America,Male,Incidence,2018,2019,41328.98932020498,41318.19287106529,derived_proxy_NOT_OFFICIAL,328.07644673588095,-271.57017087687325,-67.3027249987002,-10.796449139692413,-10.796449139692498,-8.526512829121202e-14,-3038.7439656407973,2515.3656295981973,623.3783360426003,12381.970336380078,-5205.772516774622,-912.9479579308112,6263.249861674645,1
United States of America,Male,Incidence,2019,2020,41318.19287106529,41291.99534666249,derived_proxy_NOT_OFFICIAL,274.6708464441981,-268.83216504066513,-32.03620580633287,-26.1975244027999,-26.1975244027999,0.0,-1048.4610767834317,1026.1739273804562,122.28714940297547,12656.641182824276,-5474.604681815287,-944.9841637371441,6237.052337271845,1
United States of America,Male,Incidence,2020,2021,41291.99534666249,41355.09363820418,derived_proxy_NOT_OFFICIAL,200.79965549415408,-221.96003134676963,84.2586673943127,63.09829154169711,63.09829154169715,4.263256414560601e-14,318.233109943175,-351.768686478765,133.53557653559005,12857.44083831843,-5696.564713162057,-860.7254963428313,6300.150628813542,1
United States of America,Male,Incidence,2021,2022,41355.09363820418,41589.64470863244,derived_proxy_NOT_OFFICIAL,318.85786314185435,-155.7117634764751,71.40497076287768,234.55107042825693,234.55107042825693,0.0,135.9438959539452,-66.38714681291692,30.443250858971716,13176.298701460286,-5852.276476638533,-789.3205255799536,6534.701699241799,1
United States of America,Male,Incidence,2022,2023,41589.64470863244,41469.60122492191,derived_proxy_NOT_OFFICIAL,358.8180698635115,-141.78628008979288,-337.0752734842463,-120.04348371052765,-120.04348371052768,-2.842170943040401e-14,-298.90674509977055,118.11243368419375,280.79431141557683,13535.116771323797,-5994.062756728325,-1126.3957990642,6414.658215531272,1
United States of America,Male,Prevalence,1990,1991,606725.157079028,614754.389712129,derived_proxy_NOT_OFFICIAL,6036.141639067617,2173.0877106522094,-179.99671661888718,8029.232633100939,8029.232633100939,0.0,75.17706753424109,27.064699828144718,-2.2417673623858043,6036.141639067617,2173.0877106522094,-179.99671661888718,8029.232633100939,1
United States of America,Male,Prevalence,1991,1992,614754.389712129,622111.8098614211,derived_proxy_NOT_OFFICIAL,6549.297959070944,975.9381017838606,-167.81591156270588,7357.420149292098,7357.420149292098,0.0,89.01622887067407,13.264678134193023,-2.280907004867086,12585.43959813856,3149.02581243607,-347.812628181593,15386.652782393037,1
United States of America,Male,Prevalence,1992,1993,622111.8098614211,628971.4309855114,derived_proxy_NOT_OFFICIAL,6907.556623446735,159.52292913400257,-207.4584284905771,6859.621124090161,6859.621124090161,0.0,100.69880680710237,2.325535568921982,-3.0243423760243573,19492.996221585294,3308.5487415700727,-555.2710566721702,22246.2739064832,1
United States of America,Male,Prevalence,1993,1994,628971.4309855114,635997.5891347954,derived_proxy_NOT_OFFICIAL,7111.28265844109,78.73537071297565,-163.85987987010353,7026.158149283961,7026.158149283962,9.094947017729282e-13,101.2115370498144,1.1206034512758527,-2.3321405010902376,26604.278880026384,3387.284112283048,-719.1309365422737,29272.43205576716,1
United States of America,Male,Prevalence,1994,1995,635997.5891347954,643308.013379354,derived_proxy_NOT_OFFICIAL,7691.277104516223,-223.025955602061,-157.82690435549011,7310.4242445586715,7310.4242445586715,0.0,105.2097230915296,-3.050793608429288,-2.158929483100308,34295.55598454261,3164.258156680987,-876.9578408977638,36582.85630032583,1
United States of America,Male,Prevalence,1995,1996,643308.013379354,650570.0485993328,derived_proxy_NOT_OFFICIAL,7759.975057765996,-313.35872244732064,-184.58111533978564,7262.03521997889,7262.03521997889,0.0,106.85675327513151,-4.315026200716106,-2.5417270744154035,42055.531042308605,2850.8994342336664,-1061.5389562375494,43844.89152030472,1
United States of America,Male,Prevalence,1996,1997,650570.0485993328,657360.5080075574,derived_proxy_NOT_OFFICIAL,7845.650537428757,-811.2401628715841,-243.95096633272863,6790.459408224444,6790.459408224444,0.0,115.53931870833792,-11.946764042047421,-3.592554666290487,49901.181579737364,2039.6592713620826,-1305.489922570278,50635.350928529166,1
United States of America,Male,Prevalence,1997,1998,657360.5080075574,663829.8408414177,derived_proxy_NOT_OFFICIAL,7831.541054641886,-1152.2221475464758,-209.9860732348752,6469.332833860535,6469.332833860535,0.0,121.0563941563115,-17.810525090249442,-3.2458690660620606,57732.72263437925,887.4371238156068,-1515.4759958051532,57104.6837623897,1
United States of America,Male,Prevalence,1998,1999,663829.8408414177,670439.5824952547,derived_proxy_NOT_OFFICIAL,7657.737398223796,-843.8720041093571,-204.12374027752475,6609.741653836914,6609.741653836913,-9.094947017729282e-13,115.85532081694186,-12.76709511966318,-3.088225697278685,65390.46003260304,43.565119706249675,-1719.599736082678,63714.425416226615,1
United States of America,Male,Prevalence,1999,2000,670439.5824952547,677162.8714192561,derived_proxy_NOT_OFFICIAL,7617.9371145954165,-782.2677377359552,-112.3804528580707,6723.28892400139,6723.288924001391,9.094947017729282e-13,113.30670451183843,-11.63519442014974,-1.671510091688683,73008.39714719846,-738.7026180297055,-1831.9801889407486,70437.714340228,1
United States of America,Male,Prevalence,2000,2001,677162.8714192561,685812.1627435298,derived_proxy_NOT_OFFICIAL,9456.405731163319,-938.9961060976688,131.88169920803438,8649.291324273683,8649.291324273683,0.0,109.33156690681143,-10.856335749293544,1.5247688424821213,82464.80287836178,-1677.6987241273741,-1700.0984897327144,79087.00566450169,1
United States of America,Male,Prevalence,2001,2002,685812.1627435298,693886.7358934282,derived_proxy_NOT_OFFICIAL,9010.841376215918,-1249.0767333543042,312.80850703694165,8074.573149898555,8074.573149898555,0.0,111.59526589128895,-15.469260234146208,3.8739943428572645,91475.6442545777,-2926.7754574816786,-1387.2899826957728,87161.57881440024,1
United States of America,Male,Prevalence,2002,2003,693886.7358934282,701064.0999007171,derived_proxy_NOT_OFFICIAL,8278.961315998225,-1505.7104053877413,404.11309667845495,7177.364007288939,7177.364007288939,0.0,115.34821569019718,-20.978598881965915,5.63038319176873,99754.60557057592,-4432.48586286942,-983.1768860173177,94338.94282168918,1
United States of America,Male,Prevalence,2003,2004,701064.0999007171,708719.6914606089,derived_proxy_NOT_OFFICIAL,8949.005038872128,-1613.1268042040758,319.7133252234198,7655.591559891473,7655.591559891473,0.0,116.89501678429396,-21.07122345261251,4.17620666831855,108703.61060944805,-6045.612667073496,-663.4635607938978,101994.53438158066,1
United States of America,Male,Prevalence,2004,2005,708719.6914606089,716109.8550844069,derived_proxy_NOT_OFFICIAL,9245.901825311088,-1894.9822124696027,39.24401095656989,7390.1636237980565,7390.163623798055,-1.8189894035458565e-12,125.1109217059433,-25.641952045111918,0.5310303391686076,117949.51243475913,-7940.594879543099,-624.219549837328,109384.69800537871,1
United States of America,Male,Prevalence,2005,2006,716109.8550844069,723613.67899629,derived_proxy_NOT_OFFICIAL,9146.22550895096,-1645.0919593095118,2.6903622418370405,7503.823911883286,7503.823911883285,-9.094947017729282e-13,121.88752849686034,-21.92338171347936,0.035853216619016075,127095.73794371009,-9585.68683885261,-621.529187595491,116888.521917262,1
United States of America,Male,Prevalence,2006,2007,723613.67899629,730353.1362966781,derived_proxy_NOT_OFFICIAL,8664.566364435808,-1946.7566664669039,21.647602419116687,6739.457300388021,6739.457300388021,0.0,128.56474903308535,-28.885955941212362,0.32120690812701397,135760.30430814592,-11532.443505319514,-599.8815851763743,123627.97921765002,1
United States of America,Male,Prevalence,2007,2008,730353.1362966781,736819.9334121677,derived_proxy_NOT_OFFICIAL,8416.000021576396,-1888.913817819984,-60.28908826680466,6466.797115489608,6466.797115489608,0.0,130.14170494722893,-29.209418265118593,-0.9322866821103312,144176.3043297223,-13421.357323139498,-660.1706734431789,130094.77633313963,1
United States of America,Male,Prevalence,2008,2009,736819.9334121677,743030.989742913,derived_proxy_NOT_OFFICIAL,7800.0307632681215,-1347.6805094315205,-241.29392309137623,6211.056330745225,6211.056330745225,0.0,125.58299825196153,-21.698088661028468,-3.8849095909330598,151976.33509299043,-14769.037832571019,-901.4645965345552,136305.83266388485,1
United States of America,Male,Prevalence,2009,2010,743030.989742913,748952.308743789,derived_proxy_NOT_OFFICIAL,7813.56031361003,-1165.7442391198515,-726.4970736142519,5921.319000875927,5921.319000875926,-9.094947017729282e-13,131.9564156643847,-19.687239261174845,-12.269176403209874,159789.89540660047,-15934.78207169087,-1627.9616701488071,142227.15166476078,1
United States of America,Male,Prevalence,2010,2011,748952.308743789,754140.398619735,derived_proxy_NOT_OFFICIAL,7784.952748016396,-748.0170114904175,-1848.8458605799242,5188.089875946054,5188.089875946054,0.0,150.0543154448881,-14.417965559126243,-35.63634988576186,167574.84815461686,-16682.799083181286,-3476.8075307287313,147415.24154070683,1
United States of America,Male,Prevalence,2011,2012,754140.398619735,757789.3007530518,derived_proxy_NOT_OFFICIAL,7822.169617763779,-1146.9347926034825,-3026.332691843447,3648.9021333168494,3648.9021333168494,0.0,214.3704964389777,-31.432325414573935,-82.93817102440379,175397.01777238064,-17829.73387578477,-6503.140222572178,151064.14367402368,1
United States of America,Male,Prevalence,2012,2013,757789.3007530518,760735.0038281546,derived_proxy_NOT_OFFICIAL,7742.336673664278,-1414.010373948957,-3382.6232246122086,2945.7030751031125,2945.703075103113,4.547473508864641e-13,262.8349319760704,-48.002474719875174,-114.83245725619517,183139.35444604492,-19243.74424973373,-9885.763447184387,154009.8467491268,1
United States of America,Male,Prevalence,2013,2014,760735.0038281546,764439.7184268461,derived_proxy_NOT_OFFICIAL,7971.766016890179,-1206.783115983766,-3060.268302215438,3704.7145986909745,3704.7145986909754,9.094947017729282e-13,215.17895115879983,-32.574253261241,-82.60469789755881,191111.1204629351,-20450.527365717495,-12946.031749399825,157714.56134781777,1
United States of America,Male,Prevalence,2014,2015,764439.7184268461,769349.6637356488,derived_proxy_NOT_OFFICIAL,8341.763409494597,-1418.2544517813947,-2013.56364891032,4909.945308802882,4909.945308802882,0.0,169.89524088056376,-28.88534113075867,-41.009899749805086,199452.8838724297,-21868.781817498886,-14959.595398310144,162624.50665662065,1
United States of America,Male,Prevalence,2015,2016,769349.6637356488,774758.325305972,derived_proxy_NOT_OFFICIAL,7998.9164034942705,-1078.014870251975,-1512.2399629192464,5408.661570323049,5408.661570323049,0.0,147.89086541083972,-19.931268692553587,-27.959596718286132,207451.80027592395,-22946.796687750862,-16471.83536122939,168033.1682269437,1
United States of America,Male,Prevalence,2016,2017,774758.325305972,778795.4984558348,derived_proxy_NOT_OFFICIAL,7506.804953308989,-1840.6927626359588,-1628.9390408100055,4037.173149863025,4037.1731498630243,-9.094947017729282e-13,185.94211034925968,-45.593604591827095,-40.34850575743259,214958.60522923296,-24787.48945038682,-18100.774402039395,172070.34137680673,1
United States of America,Male,Prevalence,2017,2018,778795.4984558348,781926.4287891589,derived_proxy_NOT_OFFICIAL,6638.585877833578,-1747.1929740281387,-1760.4625704811963,3130.9303333242424,3130.9303333242433,9.094947017729282e-13,212.0323728437965,-55.804275024320624,-56.22809781947585,221597.19110706652,-26534.68242441496,-19861.236972520594,175201.27171013097,1
United States of America,Male,Prevalence,2018,2019,781926.4287891589,785150.3922759409,derived_proxy_NOT_OFFICIAL,6220.612580000074,-1650.955072649056,-1345.694020569208,3223.9634867818095,3223.9634867818095,0.0,192.94922555743793,-51.20886385400893,-41.74036170342898,227817.8036870666,-28185.637497064017,-21206.9309930898,178425.23519691278,1
United States of America,Male,Prevalence,2019,2020,785150.3922759409,788085.428170042,derived_proxy_NOT_OFFICIAL,5230.80963719968,-1859.4645218062797,-436.309221292031,2935.035894101369,2935.035894101369,0.0,178.2196138627196,-63.354064103382925,-14.865549759336671,233048.61332426628,-30045.102018870297,-21643.240214381833,181360.27109101415,1
United States of America,Male,Prevalence,2020,2021,788085.428170042,794434.224874849,derived_proxy_NOT_OFFICIAL,3844.8537281079916,-1655.4879128071482,4159.430889506009,6348.796704806853,6348.796704806853,0.0,60.5603535107203,-26.07561699926116,65.51526348854085,236893.46705237427,-31700.589931677445,-17483.809324875823,187709.067795821,1
United States of America,Male,Prevalence,2021,2022,794434.224874849,802189.8569913522,derived_proxy_NOT_OFFICIAL,6137.7507741448935,-2200.4620460908627,3818.3433884490514,7755.632116503082,7755.632116503082,0.0,79.13927171821977,-28.372439706217314,49.23316798799754,243031.21782651916,-33901.05197776831,-13665.465936426772,195464.69991232408,1
United States of America,Male,Prevalence,2022,2023,802189.8569913522,798906.0584382503,derived_proxy_NOT_OFFICIAL,6916.920193419754,-2250.2158119064793,-7950.502934614992,-3283.7985531017184,-3283.7985531017175,9.094947017729282e-13,-210.63777456404452,68.5247823676953,242.11299219634924,249948.13801993892,-36151.267789674785,-21615.96887104176,192180.90135922236,1
