location_name,sex_name,age_name,measure_name,year,rate,population,population_source,reported_count,reconstructed_count,absolute_error,relative_error_pct
China,Male,15-19 years,DALYs,1990,61.88337504950358,65205213.72819838,derived_proxy_NOT_OFFICIAL,40351.18696324868,40351.18696325139,2.713932190090418e-09,6.725780316108746e-12
China,Male,15-19 years,DALYs,1991,61.84073386632883,62118545.03305512,derived_proxy_NOT_OFFICIAL,38414.56411552471,38414.564115527246,2.5393092073500156e-09,6.610277288878021e-12
China,Male,15-19 years,DALYs,1992,62.2752142830235,58766833.23881966,derived_proxy_NOT_OFFICIAL,36597.17132682068,36597.17132682203,1.3460521586239338e-09,3.67802239851653e-12
China,Male,15-19 years,DALYs,1993,62.08882778308881,55621943.129828095,derived_proxy_NOT_OFFICIAL,34535.01247948233,34535.01247948656,4.234607331454754e-09,1.2261780226576103e-11
China,Male,15-19 years,DALYs,1994,61.89376532449737,53160226.54413922,derived_proxy_NOT_OFFICIAL,32902.86586319798,32902.86586320069,2.713932190090418e-09,8.248315515658363e-12
China,Male,15-19 years,DALYs,1995,62.16858373728255,51498659.28029317,derived_proxy_NOT_OFFICIAL,32015.987118245685,32015.98711824689,1.204170985147357e-09,3.761155265024168e-12
China,Male,15-19 years,DALYs,1996,62.44145686949989,50430443.82387963,derived_proxy_NOT_OFFICIAL,31489.50382938117,31489.503829385172,4.001776687800884e-09,1.2708287528071625e-11
China,Male,15-19 years,DALYs,1997,62.07207194469227,49864405.381456316,derived_proxy_NOT_OFFICIAL,30951.86958316948,30951.869583170566,1.0877556633204222e-09,3.5143455887133384e-12
China,Male,15-19 years,DALYs,1998,62.6649507526977,50039925.87379838,derived_proxy_NOT_OFFICIAL,31357.4949054987,31357.494905502186,3.485183697193861e-09,1.1114356257402168e-11
China,Male,15-19 years,DALYs,1999,62.33473757278825,51164037.25492373,derived_proxy_NOT_OFFICIAL,31892.96835449687,31892.96835450032,3.4524418879300356e-09,1.0825087992925079e-11
China,Male,15-19 years,DALYs,2000,62.77961235479193,53280309.98540917,derived_proxy_NOT_OFFICIAL,33449.17207026991,33449.17207027137,1.4624674804508686e-09,4.3722083087094705e-12
China,Male,15-19 years,DALYs,2001,62.69642801349104,56325469.725123815,derived_proxy_NOT_OFFICIAL,35314.05757947176,35314.057579472945,1.1859810911118984e-09,3.3583823904770297e-12
China,Male,15-19 years,DALYs,2002,62.363073432332094,59750187.19246253,derived_proxy_NOT_OFFICIAL,37262.053114790055,37262.0531147913,1.2441887520253658e-09,3.3390236125543024e-12
China,Male,15-19 years,DALYs,2003,61.911210837092064,62864212.34558374,derived_proxy_NOT_OFFICIAL,38919.9950463508,38919.99504635161,8.076312951743603e-10,2.07510636682387e-12
China,Male,15-19 years,DALYs,2004,61.633504385893815,65057619.251689374,derived_proxy_NOT_OFFICIAL,40097.2906148462,40097.29061484807,1.8699211068451405e-09,4.663459994857592e-12
China,Male,15-19 years,DALYs,2005,61.75771802020604,65849493.90951295,derived_proxy_NOT_OFFICIAL,40667.14476636586,40667.14476636976,3.899913281202316e-09,9.589837948071967e-12
China,Male,15-19 years,DALYs,2006,61.451789950656014,64865544.00205515,derived_proxy_NOT_OFFICIAL,39861.0378504909,39861.03785049328,2.3792381398379803e-09,5.9688313905973206e-12
China,Male,15-19 years,DALYs,2007,61.04127764407573,62558214.47000265,derived_proxy_NOT_OFFICIAL,38186.33338380815,38186.33338381067,2.5174813345074654e-09,6.5926238824881075e-12
China,Male,15-19 years,DALYs,2008,60.74751539238542,59358980.789355375,derived_proxy_NOT_OFFICIAL,36059.105991774784,36059.105991776756,1.9717845134437084e-09,5.468201330042624e-12
China,Male,15-19 years,DALYs,2009,60.30580005673043,55682273.48020818,derived_proxy_NOT_OFFICIAL,33579.64051201433,33579.64051201618,1.8480932340025902e-09,5.50361232527599e-12
China,Male,15-19 years,DALYs,2010,60.14758400223724,52050711.09240444,derived_proxy_NOT_OFFICIAL,31307.24517806245,31307.245178065776,3.3251126296818256e-09,1.0620904556660872e-11
China,Male,15-19 years,DALYs,2011,60.13182292269767,49010340.299854316,derived_proxy_NOT_OFFICIAL,29470.81104291779,29470.81104291993,2.1391315385699272e-09,7.25847529426574e-12
China,Male,15-19 years,DALYs,2012,60.10057588017917,46488432.93321268,derived_proxy_NOT_OFFICIAL,27939.815910528683,27939.81591053169,3.0086084734648466e-09,1.0768175721340739e-11
China,Male,15-19 years,DALYs,2013,60.40047001845578,44326903.7268681,derived_proxy_NOT_OFFICIAL,26773.65819565537,26773.658195656724,1.3533281162381172e-09,5.054700057602608e-12
China,Male,15-19 years,DALYs,2014,60.49163253956742,42456998.308650464,derived_proxy_NOT_OFFICIAL,25682.931404198796,25682.931404199197,4.001776687800884e-10,1.5581463910099647e-12
China,Male,15-19 years,DALYs,2015,60.72930764636518,40904271.50051269,derived_proxy_NOT_OFFICIAL,24840.88088004845,24840.880880050827,2.3756001610308886e-09,9.563268599459808e-12
China,Male,15-19 years,DALYs,2016,60.75812862516495,39740219.51442723,derived_proxy_NOT_OFFICIAL,24145.41368849753,24145.413688498596,1.0659277904778719e-09,4.41461804808779e-12
China,Male,15-19 years,DALYs,2017,61.20533392536307,39000499.762183204,derived_proxy_NOT_OFFICIAL,23870.386112004195,23870.38611200466,4.656612873077393e-10,1.9507907627583894e-12
China,Male,15-19 years,DALYs,2018,61.457822371725314,38661639.088174865,derived_proxy_NOT_OFFICIAL,23760.60147680677,23760.601476808028,1.2587406672537327e-09,5.2975959740851524e-12
China,Male,15-19 years,DALYs,2019,61.56498665338584,38732910.15876223,derived_proxy_NOT_OFFICIAL,23845.910969708184,23845.910969709897,1.7134880181401968e-09,7.185668101826205e-12
China,Male,15-19 years,DALYs,2020,61.65800067714599,39235262.88198076,derived_proxy_NOT_OFFICIAL,24191.678653450446,24191.67865345171,1.2623786460608244e-09,5.218235014380749e-12
China,Male,15-19 years,DALYs,2021,61.31797870033228,40172887.60090091,derived_proxy_NOT_OFFICIAL,24633.202662427902,24633.202662428852,9.49512468650937e-10,3.854604217173891e-12
China,Male,15-19 years,DALYs,2022,61.40334369239255,41497456.02754338,derived_proxy_NOT_OFFICIAL,25480.82554819127,25480.825548191933,6.621121428906918e-10,2.5984721006721504e-12
China,Male,15-19 years,DALYs,2023,61.07504126488006,43091173.37302044,derived_proxy_NOT_OFFICIAL,26317.951919092546,26317.951919093248,7.021299097687006e-10,2.6678744300742318e-12
China,Male,20-24 years,DALYs,1990,196.79595184555987,67707110.41351196,derived_proxy_NOT_OFFICIAL,133244.85240539318,133244.85240539504,1.862645149230957e-09,1.397911525740536e-12
China,Male,20-24 years,DALYs,1991,197.47392595522976,67778008.86958888,derived_proxy_NOT_OFFICIAL,133843.89504905703,133843.89504906102,3.987224772572517e-09,2.979011310983667e-12
China,Male,20-24 years,DALYs,1992,198.0732754765204,67098076.42308377,derived_proxy_NOT_OFFICIAL,132903.3577529394,132903.35775294088,1.4842953532934189e-09,1.1168230648112358e-12
China,Male,20-24 years,DALYs,1993,198.7110585188754,65859614.364925176,derived_proxy_NOT_OFFICIAL,130870.33684098872,130870.33684099214,3.41970007866621e-09,2.6130444539324793e-12
China,Male,20-24 years,DALYs,1994,198.4909502614267,63944468.06496544,derived_proxy_NOT_OFFICIAL,126923.98230176169,126923.98230176444,2.750311978161335e-09,2.1668970105448393e-12
China,Male,20-24 years,DALYs,1995,199.14840437042864,61368700.34301836,derived_proxy_NOT_OFFICIAL,122214.78751598675,122214.78751599083,4.0745362639427185e-09,3.3339142887350957e-12
China,Male,20-24 years,DALYs,1996,199.44046363693332,58305019.72748567,derived_proxy_NOT_OFFICIAL,116283.80166810012,116283.80166810285,2.735760062932968e-09,2.352657914247968e-12
China,Male,20-24 years,DALYs,1997,197.9061179536501,55063953.30502002,derived_proxy_NOT_OFFICIAL,108974.93237777412,108974.93237777572,1.6007106751203537e-09,1.468879714071587e-12
China,Male,20-24 years,DALYs,1998,197.03020947614323,52072581.25378983,derived_proxy_NOT_OFFICIAL,102598.71592397512,102598.715923977,1.877197064459324e-09,1.829649667204717e-12
China,Male,20-24 years,DALYs,1999,196.50480045552575,49768823.794785336,derived_proxy_NOT_OFFICIAL,97798.12788700366,97798.12788700513,1.469743438065052e-09,1.502833919032887e-12
China,Male,20-24 years,DALYs,2000,196.38191637187103,48264375.13394207,derived_proxy_NOT_OFFICIAL,94782.50481294264,94782.50481294421,1.57160684466362e-09,1.6581191304927569e-12
China,Male,20-24 years,DALYs,2001,196.39675389101745,47374586.29050349,derived_proxy_NOT_OFFICIAL,93042.14964384452,93042.14964384782,3.3032847568392754e-09,3.5503100148522998e-12
China,Male,20-24 years,DALYs,2002,197.30739445646543,47009864.08463487,derived_proxy_NOT_OFFICIAL,92753.93796291709,92753.93796291879,1.7025740817189217e-09,1.8355814525089044e-12
China,Male,20-24 years,DALYs,2003,197.68231646658884,47389301.68948196,derived_proxy_NOT_OFFICIAL,93680.26933710568,93680.26933710827,2.5902409106492996e-09,2.764980212992764e-12
China,Male,20-24 years,DALYs,2004,197.8674333442811,48707874.01107095,derived_proxy_NOT_OFFICIAL,96377.0201422704,96377.02014227223,1.8335413187742233e-09,1.902467326824979e-12
China,Male,20-24 years,DALYs,2005,198.1393111140564,51009849.16522211,derived_proxy_NOT_OFFICIAL,101070.56373628702,101070.56373629034,3.3178366720676422e-09,3.2826933475156336e-12
China,Male,20-24 years,DALYs,2006,197.30140778210765,54224238.41170724,derived_proxy_NOT_OFFICIAL,106985.18574542188,106985.18574542475,2.86672729998827e-09,2.679555379573609e-12
China,Male,20-24 years,DALYs,2007,197.21814653584192,57810517.63249851,derived_proxy_NOT_OFFICIAL,114012.8313775885,114012.83137758964,1.1350493878126144e-09,9.955453031892084e-13
China,Male,20-24 years,DALYs,2008,196.7482434407392,61071259.93317485,derived_proxy_NOT_OFFICIAL,120156.63116564648,120156.63116564947,2.9831426218152046e-09,2.482711601411894e-12
China,Male,20-24 years,DALYs,2009,196.94844195387768,63377974.057437316,derived_proxy_NOT_OFFICIAL,124821.9324480517,124821.9324480556,3.899913281202316e-09,3.12438143258628e-12
China,Male,20-24 years,DALYs,2010,196.79357963402555,64225784.034192055,derived_proxy_NOT_OFFICIAL,126392.21944890248,126392.21944890502,2.5320332497358322e-09,2.0033141761225865e-12
China,Male,20-24 years,DALYs,2011,196.1677259980654,63221714.309579045,derived_proxy_NOT_OFFICIAL,124020.59929809211,124020.59929809473,2.6193447411060333e-09,2.112023934677381e-12
China,Male,20-24 years,DALYs,2012,195.51723918345053,60842258.42102973,derived_proxy_NOT_OFFICIAL,118957.10392165616,118957.10392165778,1.6152625903487206e-09,1.3578529882608059e-12
China,Male,20-24 years,DALYs,2013,195.366084180497,57561125.513468996,derived_proxy_NOT_OFFICIAL,112454.916925882,112454.91692588537,3.3614924177527428e-09,2.9891911440104227e-12
China,Male,20-24 years,DALYs,2014,194.94998788472185,53836572.40307525,derived_proxy_NOT_OFFICIAL,104954.39137734374,104954.3913773447,9.604264050722122e-10,9.150892997122723e-13
China,Male,20-24 years,DALYs,2015,194.767354491488,50227383.01721903,derived_proxy_NOT_OFFICIAL,97826.54513294264,97826.54513294443,1.7898855730891228e-09,1.829652238721847e-12
China,Male,20-24 years,DALYs,2016,194.86416623586047,47304485.899898484,derived_proxy_NOT_OFFICIAL,92179.4920409968,92179.49204099736,5.529727786779404e-10,5.998869883466117e-13
China,Male,20-24 years,DALYs,2017,195.06082937913595,44947246.3141564,derived_proxy_NOT_OFFICIAL,87674.47144347463,87674.47144347658,1.949956640601158e-09,2.224087135624572e-12
China,Male,20-24 years,DALYs,2018,196.1656951366785,42967520.1587763,derived_proxy_NOT_OFFICIAL,84287.53460245364,84287.53460245598,2.342858351767063e-09,2.779602420236007e-12
China,Male,20-24 years,DALYs,2019,196.95526949526555,41271448.02901015,derived_proxy_NOT_OFFICIAL,81286.29169013294,81286.2916901354,2.459273673593998e-09,3.025447000299708e-12
China,Male,20-24 years,DALYs,2020,197.6489018785141,39860940.32584608,derived_proxy_NOT_OFFICIAL,78784.71083248362,78784.71083248458,9.604264050722122e-10,1.219051761342786e-12
China,Male,20-24 years,DALYs,2021,197.478097667632,38786900.94026205,derived_proxy_NOT_OFFICIAL,76595.63412105701,76595.63412105836,1.3533281162381172e-09,1.766847590946534e-12
China,Male,20-24 years,DALYs,2022,197.2207037728612,38105523.38092668,derived_proxy_NOT_OFFICIAL,75151.98138819453,75151.98138819578,1.2514647096395493e-09,1.6652451293002626e-12
China,Male,20-24 years,DALYs,2023,195.98996148722813,37809781.14926221,derived_proxy_NOT_OFFICIAL,74103.37551284194,74103.37551284424,2.2992026060819626e-09,3.1026961864692872e-12
China,Male,25-29 years,DALYs,1990,307.9344900957017,56578756.170428336,derived_proxy_NOT_OFFICIAL,174225.50431589733,174225.50431589887,1.5425030142068863e-09,8.853485718199408e-13
China,Male,25-29 years,DALYs,1991,309.3317154885316,61306319.60945443,derived_proxy_NOT_OFFICIAL,189639.8901508057,189639.89015080742,1.7171259969472885e-09,9.054666692655185e-13
China,Male,25-29 years,DALYs,1992,310.6184723954299,65003222.19991781,derived_proxy_NOT_OFFICIAL,201912.01580518868,201912.01580519165,2.9685907065868378e-09,1.470239745142771e-12
China,Male,25-29 years,DALYs,1993,312.5400623634717,67099333.99387229,derived_proxy_NOT_OFFICIAL,209712.3003099205,209712.30030992263,2.1245796233415604e-09,1.0130925177978492e-12
China,Male,25-29 years,DALYs,1994,313.01087340371464,67940231.28420125,derived_proxy_NOT_OFFICIAL,212660.3113351786,212660.3113351821,3.521563485264778e-09,1.655957081579912e-12
China,Male,25-29 years,DALYs,1995,313.0104126897388,67864021.03218868,derived_proxy_NOT_OFFICIAL,212421.45230070112,212421.45230070496,3.841705620288849e-09,1.808529966573517e-12
China,Male,25-29 years,DALYs,1996,313.7786770493763,67211767.80542538,derived_proxy_NOT_OFFICIAL,210896.19584135903,210896.19584136238,3.346940502524376e-09,1.5870084755070791e-12
China,Male,25-29 years,DALYs,1997,312.0694847792736,66134480.80279585,derived_proxy_NOT_OFFICIAL,206385.53350273005,206385.5335027326,2.561137080192566e-09,1.2409479660349777e-12
China,Male,25-29 years,DALYs,1998,309.2024410422428,64769326.62756726,derived_proxy_NOT_OFFICIAL,200268.3389790604,200268.33897906131,9.022187441587448e-10,4.505049319119178e-13
China,Male,25-29 years,DALYs,1999,308.8325818677867,62933948.19286598,derived_proxy_NOT_OFFICIAL,194360.5370753609,194360.5370753633,2.4156179279088974e-09,1.242854112392307e-12
China,Male,25-29 years,DALYs,2000,308.5313970715783,60568637.90839212,derived_proxy_NOT_OFFICIAL,186873.2647259834,186873.26472598777,4.3655745685100555e-09,2.3361151071617434e-12
China,Male,25-29 years,DALYs,2001,308.4476070552344,57768323.96902357,derived_proxy_NOT_OFFICIAL,178185.01291836702,178185.0129183686,1.57160684466362e-09,8.820084354589517e-13
China,Male,25-29 years,DALYs,2002,308.8669462534308,54799422.58051918,derived_proxy_NOT_OFFICIAL,169257.30308896056,169257.3030889626,2.0372681319713593e-09,1.2036515380967544e-12
China,Male,25-29 years,DALYs,2003,310.5398378686624,52054969.06979452,derived_proxy_NOT_OFFICIAL,161651.41655192128,161651.41655192227,9.89530235528946e-10,6.121383014364837e-13
China,Male,25-29 years,DALYs,2004,310.8122503804206,49951132.163051695,derived_proxy_NOT_OFFICIAL,155254.2379664773,155254.23796647904,1.7462298274040222e-09,1.1247550149201535e-12
China,Male,25-29 years,DALYs,2005,310.6004068603198,48585070.71609077,derived_proxy_NOT_OFFICIAL,150905.42731754907,150905.42731755204,2.9685907065868378e-09,1.9671861770352743e-12
China,Male,25-29 years,DALYs,2006,311.7043955983596,47751739.69239119,derived_proxy_NOT_OFFICIAL,148844.27159586686,148844.27159586994,3.0850060284137726e-09,2.0726400790149307e-12
China,Male,25-29 years,DALYs,2007,311.0454777036284,47379586.38512053,derived_proxy_NOT_OFFICIAL,147372.06080559868,147372.06080560148,2.7939677238464355e-09,1.895859845192782e-12
China,Male,25-29 years,DALYs,2008,310.6700571970768,47695936.29442668,derived_proxy_NOT_OFFICIAL,148176.99256657372,148176.99256657666,2.939486876130104e-09,1.9837674022230114e-12
China,Male,25-29 years,DALYs,2009,310.32339269488256,48909182.87642868,derived_proxy_NOT_OFFICIAL,151776.63564147687,151776.63564147803,1.1641532182693481e-09,7.670174090689973e-13
China,Male,25-29 years,DALYs,2010,310.00444488118416,51083055.93156925,derived_proxy_NOT_OFFICIAL,158359.74396900405,158359.74396900606,2.0081643015146255e-09,1.2681027710601036e-12
China,Male,25-29 years,DALYs,2011,309.7784988978958,54162222.660093315,derived_proxy_NOT_OFFICIAL,167782.9203261722,167782.92032617304,8.440110832452774e-10,5.030375449446873e-13
China,Male,25-29 years,DALYs,2012,309.9407667183847,57592649.57677927,derived_proxy_NOT_OFFICIAL,178503.09967169896,178503.0996717022,3.230525180697441e-09,1.8097866012629412e-12
China,Male,25-29 years,DALYs,2013,310.43195428740046,60659159.62974113,derived_proxy_NOT_OFFICIAL,188305.41469291816,188305.41469291926,1.1059455573558807e-09,5.873147934484081e-13
China,Male,25-29 years,DALYs,2014,310.67021327327546,62726563.22256166,derived_proxy_NOT_OFFICIAL,194872.7477425278,194872.74774252827,4.656612873077393e-10,2.3895659742171133e-13
China,Male,25-29 years,DALYs,2015,309.98392324377807,63300964.16249435,derived_proxy_NOT_OFFICIAL,196222.81216203465,196222.81216203794,3.2887328416109085e-09,1.6760196255342504e-12
China,Male,25-29 years,DALYs,2016,309.5629292480079,62017458.08236782,derived_proxy_NOT_OFFICIAL,191983.05988492916,191983.05988493323,4.0745362639427185e-09,2.1223415578358396e-12
China,Male,25-29 years,DALYs,2017,308.7843555666382,59394074.10198395,derived_proxy_NOT_OFFICIAL,183399.60896057877,183399.6089605827,3.92901711165905e-09,2.1423257846223548e-12
China,Male,25-29 years,DALYs,2018,308.2215747304343,55930143.42659293,derived_proxy_NOT_OFFICIAL,172388.7688184341,172388.76881843526,1.1641532182693481e-09,6.753068812130535e-13
China,Male,25-29 years,DALYs,2019,306.85766815535743,52102071.91539501,derived_proxy_NOT_OFFICIAL,159879.2029402062,159879.2029402085,2.2992026060819626e-09,1.4380873583300574e-12
China,Male,25-29 years,DALYs,2020,306.1045110735479,48481224.654085815,derived_proxy_NOT_OFFICIAL,148403.21568985557,148403.21568985772,2.153683453798294e-09,1.4512377267479345e-12
China,Male,25-29 years,DALYs,2021,306.8759496107868,45643401.399541125,derived_proxy_NOT_OFFICIAL,140068.62147950334,140068.62147950497,1.6298145055770874e-09,1.1635828841333909e-12
China,Male,25-29 years,DALYs,2022,307.8456741338057,43411376.010377005,derived_proxy_NOT_OFFICIAL,133640.0431299042,133640.0431299063,2.0954757928848267e-09,1.567999937599488e-12
China,Male,25-29 years,DALYs,2023,307.3513267631007,41562547.03585337,derived_proxy_NOT_OFFICIAL,127743.03975123276,127743.03975123313,3.637978807091713e-10,2.8478880839036907e-13
China,Male,30-34 years,DALYs,1990,363.3534376137599,46161516.857447326,derived_proxy_NOT_OFFICIAL,167729.4583561866,167729.45835619015,3.550667315721512e-09,2.116901437898519e-12
China,Male,30-34 years,DALYs,1991,364.07638822469625,45050141.850993395,derived_proxy_NOT_OFFICIAL,164016.9293411971,164016.92934119908,1.979060471057892e-09,1.2066196331117385e-12
China,Male,30-34 years,DALYs,1992,365.30782174154905,45767545.97253148,derived_proxy_NOT_OFFICIAL,167192.42525681423,167192.42525681682,2.5902409106492996e-09,1.5492573342785036e-12
China,Male,30-34 years,DALYs,1993,365.5437410045413,48773688.62760359,derived_proxy_NOT_OFFICIAL,178289.16603524683,178289.1660352487,1.862645149230957e-09,1.0447326613568443e-12
China,Male,30-34 years,DALYs,1994,367.0102889907663,53099271.65044202,derived_proxy_NOT_OFFICIAL,194879.79033627608,194879.7903362793,3.2014213502407074e-09,1.6427672385712618e-12
China,Male,30-34 years,DALYs,1995,366.3467939367911,57705282.6230496,derived_proxy_NOT_OFFICIAL,211401.45282170497,211401.45282170642,1.4551915228366852e-09,6.883545516898538e-13
China,Male,30-34 years,DALYs,1996,366.084731578249,61667380.47066646,derived_proxy_NOT_OFFICIAL,225754.8642673723,225754.86426737686,4.5693013817071915e-09,2.0240101565632485e-12
China,Male,30-34 years,DALYs,1997,367.1036020562941,64541167.66745041,derived_proxy_NOT_OFFICIAL,236932.95131639965,236932.95131640273,3.0850060284137726e-09,1.302058667345963e-12
China,Male,30-34 years,DALYs,1998,365.5539710824481,65889046.36130731,derived_proxy_NOT_OFFICIAL,240860.0254821111,240860.0254821141,3.026798367500305e-09,1.2566628112912446e-12
China,Male,30-34 years,DALYs,1999,365.0839691452223,66182344.927477665,derived_proxy_NOT_OFFICIAL,241621.1317346152,241621.13173461717,1.979060471057892e-09,8.190759048474266e-13
China,Male,30-34 years,DALYs,2000,364.1924731970336,65863155.848605424,derived_proxy_NOT_OFFICIAL,239868.6562106516,239868.6562106528,1.2223608791828156e-09,5.095959174046248e-13
China,Male,30-34 years,DALYs,2001,364.5862199527948,65350463.1014687,derived_proxy_NOT_OFFICIAL,238258.78314328703,238258.78314329067,3.637978807091713e-09,1.5269022862858576e-12
China,Male,30-34 years,DALYs,2002,364.3352750602013,64661701.08899298,derived_proxy_NOT_OFFICIAL,235585.3865211871,235585.38652118776,6.693881005048752e-10,2.8413821009423033e-13
China,Male,30-34 years,DALYs,2003,365.5012486231576,63810578.46196501,derived_proxy_NOT_OFFICIAL,233228.46103213768,233228.4610321418,4.103640094399452e-09,1.7594937068310852e-12
China,Male,30-34 years,DALYs,2004,365.3417799618056,62516361.98890812,derived_proxy_NOT_OFFICIAL,228398.38965763932,228398.3896576426,3.2887328416109085e-09,1.43991069575429e-12
China,Male,30-34 years,DALYs,2005,366.0566466085223,60642444.491602845,derived_proxy_NOT_OFFICIAL,221985.69872739323,221985.69872739594,2.7066562324762344e-09,1.2192930661718482e-12
China,Male,30-34 years,DALYs,2006,365.4497236413622,58234916.87969423,derived_proxy_NOT_OFFICIAL,212819.3427996176,212819.34279961957,1.979060471057892e-09,9.299250928151292e-13
China,Male,30-34 years,DALYs,2007,365.8631726183044,55558700.87778719,derived_proxy_NOT_OFFICIAL,203268.82569698297,203268.82569698594,2.9685907065868378e-09,1.4604259637000005e-12
China,Male,30-34 years,DALYs,2008,365.9747529708113,53013375.498871624,derived_proxy_NOT_OFFICIAL,194015.5700234835,194015.57002348403,5.238689482212067e-10,2.7001386958675427e-13
China,Male,30-34 years,DALYs,2009,364.3449621850027,51027230.86693156,derived_proxy_NOT_OFFICIAL,185915.1450061746,185915.1450061758,1.1932570487260818e-09,6.418288562163408e-13
China,Male,30-34 years,DALYs,2010,363.81829598928834,49703834.549078956,derived_proxy_NOT_OFFICIAL,180831.64389779183,180831.64389779422,2.3865140974521637e-09,1.319743627835983e-12
China,Male,30-34 years,DALYs,2011,364.3455729027441,48834990.656319454,derived_proxy_NOT_OFFICIAL,177928.1264837673,177928.12648376866,1.367880031466484e-09,7.687823496479509e-13
China,Male,30-34 years,DALYs,2012,365.17074291849,48387629.40829076,derived_proxy_NOT_OFFICIAL,176697.46579089694,176697.4657909011,4.16184775531292e-09,2.3553522608173867e-12
China,Male,30-34 years,DALYs,2013,365.1616851242541,48621986.515970826,derived_proxy_NOT_OFFICIAL,177548.86530260538,177548.8653026067,1.3096723705530167e-09,7.37640518468466e-13
China,Male,30-34 years,DALYs,2014,365.7174514620722,49769703.63136743,derived_proxy_NOT_OFFICIAL,182016.49172086245,182016.49172086336,9.022187441587448e-10,4.956796692589663e-13
China,Male,30-34 years,DALYs,2015,365.92649755529845,51909323.96926739,derived_proxy_NOT_OFFICIAL,189949.9711053696,189949.9711053732,3.6088749766349792e-09,1.899908147200009e-12
China,Male,30-34 years,DALYs,2016,367.0618928609331,54992999.96968921,derived_proxy_NOT_OFFICIAL,201858.34662975228,201858.34662975356,1.280568540096283e-09,6.343896903332396e-13
China,Male,30-34 years,DALYs,2017,366.6769856585132,58446240.44334537,derived_proxy_NOT_OFFICIAL,214308.91268838415,214308.91268838567,1.5133991837501526e-09,7.06176502304741e-13
China,Male,30-34 years,DALYs,2018,366.6206082439789,61530956.636490144,derived_proxy_NOT_OFFICIAL,225585.16747903425,225585.16747903908,4.831235855817795e-09,2.141646062020814e-12
China,Male,30-34 years,DALYs,2019,365.925918536996,63591556.98296024,derived_proxy_NOT_OFFICIAL,232697.9890018717,232697.98900187446,2.764863893389702e-09,1.1881769607245995e-12
China,Male,30-34 years,DALYs,2020,365.7754373021424,64117703.69830136,derived_proxy_NOT_OFFICIAL,234526.81109055164,234526.81109055373,2.0954757928848267e-09,8.934909331435697e-13
China,Male,30-34 years,DALYs,2021,365.8852465471376,62734338.39547041,derived_proxy_NOT_OFFICIAL,229535.68870797893,229535.6887079825,3.5797711461782455e-09,1.5595706124516961e-12
China,Male,30-34 years,DALYs,2022,365.5606466149964,59997047.84313437,derived_proxy_NOT_OFFICIAL,219325.5960452671,219325.59604527077,3.6670826375484467e-09,1.6719811566323472e-12
China,Male,30-34 years,DALYs,2023,362.20697145102656,56426224.688878834,derived_proxy_NOT_OFFICIAL,204379.71954973743,204379.71954973944,2.0081643015146255e-09,9.825653474516697e-13
China,Male,35-39 years,DALYs,1990,381.3533949706996,47340672.99619521,derived_proxy_NOT_OFFICIAL,180535.26367296412,180535.26367296765,3.521563485264778e-09,1.9506236142563356e-12
China,Male,35-39 years,DALYs,1991,382.3373793516379,49330684.560396716,derived_proxy_NOT_OFFICIAL,188609.6465644405,188609.64656444386,3.346940502524376e-09,1.7745330440354002e-12
China,Male,35-39 years,DALYs,1992,382.1746879396479,50103624.48518965,derived_proxy_NOT_OFFICIAL,191483.37052272423,191483.37052272656,2.3283064365386963e-09,1.2159314044779597e-12
China,Male,35-39 years,DALYs,1993,383.3442625775976,49122594.460264355,derived_proxy_NOT_OFFICIAL,188308.6474926817,188308.64749268422,2.5320332497358322e-09,1.3446186797312298e-12
China,Male,35-39 years,DALYs,1994,383.6234896448864,47027302.510044634,derived_proxy_NOT_OFFICIAL,180407.77897488876,180407.77897489048,1.7171259969472885e-09,9.518026366181794e-13
China,Male,35-39 years,DALYs,1995,384.6245798159906,44854794.9826777,derived_proxy_NOT_OFFICIAL,172522.56672944702,172522.56672944812,1.1059455573558807e-09,6.410439969225848e-13
China,Male,35-39 years,DALYs,1996,384.0691035611461,43759392.52256812,derived_proxy_NOT_OFFICIAL,168066.30658522857,168066.30658523057,2.0081643015146255e-09,1.1948643022605247e-12
China,Male,35-39 years,DALYs,1997,384.61682688142207,44540650.67932499,derived_proxy_NOT_OFFICIAL,171310.83731515787,171310.83731515834,4.656612873077393e-10,2.718224337734509e-13
China,Male,35-39 years,DALYs,1998,384.02762682992,47587788.29867264,derived_proxy_NOT_OFFICIAL,182750.25406423837,182750.2540642389,5.238689482212067e-10,2.866583966756413e-13
China,Male,35-39 years,DALYs,1999,385.5262459409105,51918503.19563778,derived_proxy_NOT_OFFICIAL,200159.4563188537,200159.45631885395,2.3283064365386963e-10,1.1632257997492298e-13
China,Male,35-39 years,DALYs,2000,385.0067328261807,56501170.19880974,derived_proxy_NOT_OFFICIAL,217533.309390996,217533.30939099708,1.076841726899147e-09,4.95023833321831e-13
China,Male,35-39 years,DALYs,2001,384.6954142886217,60418929.65200938,derived_proxy_NOT_OFFICIAL,232428.85173354755,232428.8517335484,8.440110832452774e-10,3.631266415293559e-13
China,Male,35-39 years,DALYs,2002,385.3631562989599,63303568.75174518,derived_proxy_NOT_OFFICIAL,243948.6305916059,243948.63059160733,1.4260876923799515e-09,5.84585241950943e-13
China,Male,35-39 years,DALYs,2003,384.71799463954704,64760238.70865075,derived_proxy_NOT_OFFICIAL,249144.29168370136,249144.29168370488,3.521563485264778e-09,1.413463443800488e-12
China,Male,35-39 years,DALYs,2004,386.3998857143153,65245690.95758566,derived_proxy_NOT_OFFICIAL,252109.27529362417,252109.27529362636,2.1827872842550278e-09,8.658099872417627e-13
China,Male,35-39 years,DALYs,2005,386.06377844785135,65163576.312619224,derived_proxy_NOT_OFFICIAL,251572.96488424507,251572.96488424682,1.7462298274040222e-09,6.941245964992724e-13
China,Male,35-39 years,DALYs,2006,385.8045974398031,64870224.38073687,derived_proxy_NOT_OFFICIAL,250272.30803039603,250272.3080303989,2.8812792152166367e-09,1.1512576992204428e-12
China,Male,35-39 years,DALYs,2007,385.2702705491495,64373178.66132237,derived_proxy_NOT_OFFICIAL,248010.71958955916,248010.71958956405,4.889443516731262e-09,1.9714645902495496e-12
China,Male,35-39 years,DALYs,2008,384.4341915241363,63670728.43340689,derived_proxy_NOT_OFFICIAL,244772.0500904933,244772.05009049614,2.8230715543031693e-09,1.1533471870090834e-12
China,Male,35-39 years,DALYs,2009,384.83738445259166,62469578.0033437,derived_proxy_NOT_OFFICIAL,240406.29006663832,240406.29006663946,1.1350493878126144e-09,4.721379742177252e-13
China,Male,35-39 years,DALYs,2010,384.5392819644308,60624676.00225219,derived_proxy_NOT_OFFICIAL,233125.69379232108,233125.69379232317,2.0954757928848267e-09,8.988609358312823e-13
China,Male,35-39 years,DALYs,2011,383.2731602549362,58181043.69588425,derived_proxy_NOT_OFFICIAL,222992.32484251735,222992.3248425209,3.550667315721512e-09,1.5922822986078468e-12
China,Male,35-39 years,DALYs,2012,385.509562663341,55423066.06514638,derived_proxy_NOT_OFFICIAL,213661.2196023589,213661.21960236033,1.4260876923799515e-09,6.67452753023697e-13
China,Male,35-39 years,DALYs,2013,385.3212925429863,52771632.649583474,derived_proxy_NOT_OFFICIAL,203340.3370214099,203340.33702141163,1.7171259969472885e-09,8.444591083600351e-13
China,Male,35-39 years,DALYs,2014,384.5423150912338,50669366.18122386,derived_proxy_NOT_OFFICIAL,194845.15375533124,194845.1537553329,1.6589183360338211e-09,8.514034370682575e-13
China,Male,35-39 years,DALYs,2015,386.0103327829525,49233145.290134996,derived_proxy_NOT_OFFICIAL,190045.0279739625,190045.0279739646,2.0954757928848267e-09,1.1026206869100104e-12
China,Male,35-39 years,DALYs,2016,386.2955187768947,48277060.71698481,derived_proxy_NOT_OFFICIAL,186492.122146911,186492.1221469129,1.9208528101444244e-09,1.0299913948275273e-12
China,Male,35-39 years,DALYs,2017,386.3829564610901,47765659.379406825,derived_proxy_NOT_OFFICIAL,184558.36688328293,184558.36688328604,3.1141098588705063e-09,1.687330632287134e-12
China,Male,35-39 years,DALYs,2018,385.9386235808602,47960293.02882802,derived_proxy_NOT_OFFICIAL,185097.2947808045,185097.2947808061,1.6007106751203537e-09,8.647942029708989e-13
China,Male,35-39 years,DALYs,2019,386.88355505375824,49088885.11747897,derived_proxy_NOT_OFFICIAL,189916.8238787553,189916.82387875786,2.561137080192566e-09,1.3485572409464998e-12
China,Male,35-39 years,DALYs,2020,386.5418388321855,51221336.878506705,derived_proxy_NOT_OFFICIAL,197991.89744460533,197991.89744460816,2.8230715543031693e-09,1.4258520630082932e-12
China,Male,35-39 years,DALYs,2021,386.9386584368199,54301514.40138812,derived_proxy_NOT_OFFICIAL,210113.55133560745,210113.55133560777,3.2014213502407074e-10,1.5236624814965803e-13
China,Male,35-39 years,DALYs,2022,387.7623693959265,57741229.57738948,derived_proxy_NOT_OFFICIAL,223898.7599276234,223898.75992762696,3.550667315721512e-09,1.585836079158851e-12
China,Male,35-39 years,DALYs,2023,385.357972039173,60809652.515220255,derived_proxy_NOT_OFFICIAL,234334.8437367184,234334.84373672074,2.3283064365386963e-09,9.935809798540298e-13
China,Male,40-44 years,DALYs,1990,379.4726146668395,35283594.329945505,derived_proxy_NOT_OFFICIAL,133891.5779522838,133891.57795228492,1.1059455573558807e-09,8.260008390893838e-13
China,Male,40-44 years,DALYs,1991,380.2527101767299,37269040.36682404,derived_proxy_NOT_OFFICIAL,141716.53605170728,141716.5360517079,6.111804395914078e-10,4.3126967157058507e-13
China,Male,40-44 years,DALYs,1992,381.4956313407086,39155248.77843854,derived_proxy_NOT_OFFICIAL,149375.56353032714,149375.56353032918,2.0372681319713593e-09,1.3638563656750594e-12
China,Male,40-44 years,DALYs,1993,381.4960174998562,41884295.415689655,derived_proxy_NOT_OFFICIAL,159786.91896872967,159786.91896873087,1.1932570487260818e-09,7.467801847782061e-13
China,Male,40-44 years,DALYs,1994,381.3503746099623,43386783.93954873,derived_proxy_NOT_OFFICIAL,165455.6630846833,165455.66308468403,7.275957614183426e-10,4.39752709489276e-13
China,Male,40-44 years,DALYs,1995,382.86648093629486,46069144.199263886,derived_proxy_NOT_OFFICIAL,176383.31119318685,176383.31119318886,2.0081643015146255e-09,1.1385228499963634e-12
China,Male,40-44 years,DALYs,1996,382.6538652213544,47580726.4979859,derived_proxy_NOT_OFFICIAL,182069.4890449432,182069.48904494423,1.0186340659856796e-09,5.594754350819502e-13
China,Male,40-44 years,DALYs,1997,382.6555997829619,47999852.81463924,derived_proxy_NOT_OFFICIAL,183674.1246827957,183674.1246827967,1.0186340659856796e-09,5.545876795356209e-13
China,Male,40-44 years,DALYs,1998,382.50052500532144,46842706.669218145,derived_proxy_NOT_OFFICIAL,179173.59893646117,179173.59893646213,9.604264050722122e-10,5.360312070378182e-13
China,Male,40-44 years,DALYs,1999,382.4490936048985,44737985.2145872,derived_proxy_NOT_OFFICIAL,171100.0189502798,171100.01895028225,2.444721758365631e-09,1.4288261178252974e-12
China,Male,40-44 years,DALYs,2000,383.46373031712704,42677995.99237417,derived_proxy_NOT_OFFICIAL,163654.6354569502,163654.63545695198,1.775333657860756e-09,1.0848049937013622e-12
China,Male,40-44 years,DALYs,2001,383.32633933364025,41763568.92938186,derived_proxy_NOT_OFFICIAL,160090.7599520802,160090.75995208108,8.731149137020111e-10,5.453874501959761e-13
China,Male,40-44 years,DALYs,2002,383.2278946467246,42709041.08920517,derived_proxy_NOT_OFFICIAL,163672.95898996442,163672.95898996553,1.1059455573558807e-09,6.757045049962661e-13
China,Male,40-44 years,DALYs,2003,383.4942537824042,45862075.835315794,derived_proxy_NOT_OFFICIAL,175878.42549376245,175878.4254937646,2.153683453798294e-09,1.2245296418546088e-12
China,Male,40-44 years,DALYs,2004,383.8613950992814,50262293.07508339,derived_proxy_NOT_OFFICIAL,192937.53940690364,192937.5394069046,9.604264050722122e-10,4.977913619218918e-13
China,Male,40-44 years,DALYs,2005,383.6281549497504,54899864.82056129,derived_proxy_NOT_OFFICIAL,210611.33848102423,210611.33848102638,2.153683453798294e-09,1.0225866609704575e-12
China,Male,40-44 years,DALYs,2006,384.1400501371899,58872395.28443283,derived_proxy_NOT_OFFICIAL,226152.4487625804,226152.4487625849,4.511093720793724e-09,1.994713630330647e-12
China,Male,40-44 years,DALYs,2007,384.08749051541855,61817767.47816422,derived_proxy_NOT_OFFICIAL,237434.31179953305,237434.31179953748,4.423782229423523e-09,1.8631604656864186e-12
China,Male,40-44 years,DALYs,2008,385.6624775142217,63342424.87066144,derived_proxy_NOT_OFFICIAL,244287.965073776,244287.96507377742,1.4260876923799515e-09,5.83773208782212e-13
China,Male,40-44 years,DALYs,2009,384.8133955526742,63889048.4490343,derived_proxy_NOT_OFFICIAL,245853.61672302004,245853.61672302205,2.0081643015146255e-09,8.168129996546009e-13
China,Male,40-44 years,DALYs,2010,384.57922273489646,63855492.25522201,derived_proxy_NOT_OFFICIAL,245574.95578867244,245574.95578867482,2.3865140974521637e-09,9.718067910417784e-13
China,Male,40-44 years,DALYs,2011,384.38427450635896,63595369.31239182,derived_proxy_NOT_OFFICIAL,244450.5989510725,244450.5989510769,4.423782229423523e-09,1.8096835304989194e-12
China,Male,40-44 years,DALYs,2012,383.86055790422046,63113784.700787425,derived_proxy_NOT_OFFICIAL,242268.9260669105,242268.92606691117,6.693881005048752e-10,2.7629961108590614e-13
China,Male,40-44 years,DALYs,2013,384.31147903705823,62408556.44320267,derived_proxy_NOT_OFFICIAL,239843.24631254576,239843.24631254948,3.725290298461914e-09,1.553218760893269e-12
China,Male,40-44 years,DALYs,2014,384.2078822573962,61193437.57004823,derived_proxy_NOT_OFFICIAL,235110.010568382,235110.01056838414,2.153683453798294e-09,9.160322219337798e-13
China,Male,40-44 years,DALYs,2015,384.83451761134825,59330757.72396142,derived_proxy_NOT_OFFICIAL,228325.2352821616,228325.23528216468,3.0850060284137726e-09,1.351145450305289e-12
China,Male,40-44 years,DALYs,2016,384.9029106899304,56871606.78149401,derived_proxy_NOT_OFFICIAL,218900.4698581016,218900.4698581023,6.984919309616089e-10,3.1909110629794173e-13
China,Male,40-44 years,DALYs,2017,385.0084163891884,54103708.23081112,derived_proxy_NOT_OFFICIAL,208303.8302672689,208303.83026727286,3.958120942115784e-09,1.9001671438481127e-12
China,Male,40-44 years,DALYs,2018,385.5960532960168,51447559.02461757,derived_proxy_NOT_OFFICIAL,198379.75711606108,198379.75711606408,2.9976945370435715e-09,1.5110889239015376e-12
China,Male,40-44 years,DALYs,2019,385.8882618150016,49343244.90823136,derived_proxy_NOT_OFFICIAL,190409.7900994914,190409.7900994933,1.8917489796876907e-09,9.935145554749203e-13
China,Male,40-44 years,DALYs,2020,386.26037924874254,47912094.21853174,derived_proxy_NOT_OFFICIAL,185065.43683451336,185065.43683451557,2.2118911147117615e-09,1.1951940635406966e-12
China,Male,40-44 years,DALYs,2021,384.1626527784473,46978231.5375454,derived_proxy_NOT_OFFICIAL,180472.8205030329,180472.82050303553,2.6193447411060333e-09,1.4513790684963636e-12
China,Male,40-44 years,DALYs,2022,383.3145389871368,46496122.99411629,derived_proxy_NOT_OFFICIAL,178226.39950178657,178226.39950178898,2.4156179279088974e-09,1.3553648251109302e-12
China,Male,40-44 years,DALYs,2023,384.64072375943255,46716567.11843373,derived_proxy_NOT_OFFICIAL,179690.94187990314,179690.9418799046,1.4551915228366852e-09,8.098302049133149e-13
China,Male,45-49 years,DALYs,1990,371.3959607410365,27312208.791170597,derived_proxy_NOT_OFFICIAL,101436.44023956452,101436.44023956587,1.3533281162381172e-09,1.3341636526695283e-12
China,Male,45-49 years,DALYs,1991,371.91358788197226,28248737.50711397,derived_proxy_NOT_OFFICIAL,105060.89319406712,105060.89319406798,8.585629984736443e-10,8.172051201656146e-13
China,Male,45-49 years,DALYs,1992,372.7724692578627,29487554.29122527,derived_proxy_NOT_OFFICIAL,109921.48425515257,109921.4842551533,7.275957614183426e-10,6.619231593793154e-13
China,Male,45-49 years,DALYs,1993,373.919319781889,30381518.809570745,derived_proxy_NOT_OFFICIAL,113602.36847215146,113602.36847215358,2.1245796233415604e-09,1.870189549668043e-12
China,Male,45-49 years,DALYs,1994,374.1703079185402,33079896.44374571,derived_proxy_NOT_OFFICIAL,123775.15038269696,123775.15038269754,5.820766091346741e-10,4.702693612853368e-13
China,Male,45-49 years,DALYs,1995,375.6141237108607,34537228.67206789,derived_proxy_NOT_OFFICIAL,129726.7088306032,129726.70883060394,7.421476766467094e-10,5.720854890536103e-13
China,Male,45-49 years,DALYs,1996,376.2660554369177,36283684.171231456,derived_proxy_NOT_OFFICIAL,136523.18719827948,136523.1871982819,2.4156179279088974e-09,1.7693828993316527e-12
China,Male,45-49 years,DALYs,1997,376.2316562133116,37936867.62014298,derived_proxy_NOT_OFFICIAL,142730.505362715,142730.50536271548,4.94765117764473e-10,3.4664286832527306e-13
China,Male,45-49 years,DALYs,1998,376.4858948165616,40420117.79648462,derived_proxy_NOT_OFFICIAL,152176.04217200205,152176.0421720034,1.3387762010097504e-09,8.797549087894886e-13
China,Male,45-49 years,DALYs,1999,376.4575389880949,41748582.47326948,derived_proxy_NOT_OFFICIAL,157165.68614128392,157165.68614128538,1.4551915228366852e-09,9.258964590582084e-13
China,Male,45-49 years,DALYs,2000,376.2429304222648,44271248.604598075,derived_proxy_NOT_OFFICIAL,166567.44308446394,166567.4430844658,1.862645149230957e-09,1.1182528318492809e-12
China,Male,45-49 years,DALYs,2001,376.454661591125,45745447.94295198,derived_proxy_NOT_OFFICIAL,172210.87124698274,172210.8712469841,1.367880031466484e-09,7.943052732743492e-13
China,Male,45-49 years,DALYs,2002,377.01031884655765,46245113.26296975,derived_proxy_NOT_OFFICIAL,174348.8489636713,174348.84896367398,2.6775524020195007e-09,1.5357442380232843e-12
China,Male,45-49 years,DALYs,2003,376.4219989602116,45275477.84235761,derived_proxy_NOT_OFFICIAL,170426.85873298917,170426.85873299022,1.0477378964424133e-09,6.147727560266326e-13
China,Male,45-49 years,DALYs,2004,375.7214643845894,43401164.17995842,derived_proxy_NOT_OFFICIAL,163067.4896168971,163067.48961689963,2.5320332497358322e-09,1.5527517199685045e-12
China,Male,45-49 years,DALYs,2005,376.3845849750454,41552867.38270738,derived_proxy_NOT_OFFICIAL,156398.58744363257,156398.5874436342,1.6298145055770874e-09,1.0420902977557179e-12
China,Male,45-49 years,DALYs,2006,377.0845853895144,40789158.93055053,derived_proxy_NOT_OFFICIAL,153809.63083713513,153809.63083713656,1.4260876923799515e-09,9.271771114839989e-13
China,Male,45-49 years,DALYs,2007,377.5549427408598,41828445.888857886,derived_proxy_NOT_OFFICIAL,157925.3649250659,157925.36492506892,3.026798367500305e-09,1.9166005213516476e-12
China,Male,45-49 years,DALYs,2008,378.1701368161837,45027633.26423997,derived_proxy_NOT_OFFICIAL,170281.0623204639,170281.06232046572,1.8044374883174896e-09,1.0596818364461408e-12
China,Male,45-49 years,DALYs,2009,377.7600573455926,49450835.25869327,derived_proxy_NOT_OFFICIAL,186805.50363111336,186805.50363111423,8.731149137020111e-10,4.673925000765286e-13
China,Male,45-49 years,DALYs,2010,378.9819371288807,54095446.52422401,derived_proxy_NOT_OFFICIAL,205011.9711360216,205011.97113602192,3.2014213502407074e-10,1.561577761776957e-13
China,Male,45-49 years,DALYs,2011,379.477405076385,58051959.47626336,derived_proxy_NOT_OFFICIAL,220294.0694165157,220294.0694165188,3.0850060284137726e-09,1.400403577175231e-12
China,Male,45-49 years,DALYs,2012,379.58066568259903,60960822.64444432,derived_proxy_NOT_OFFICIAL,231395.4963993673,231395.4963993703,3.026798367500305e-09,1.3080627819464257e-12
China,Male,45-49 years,DALYs,2013,379.1746831106153,62441274.861473985,derived_proxy_NOT_OFFICIAL,236761.5060862203,236761.5060862223,2.0081643015146255e-09,8.481802361838846e-13
China,Male,45-49 years,DALYs,2014,378.9044154764807,62944386.05404294,derived_proxy_NOT_OFFICIAL,238499.05805333023,238499.05805333087,6.402842700481415e-10,2.684640665981033e-13
China,Male,45-49 years,DALYs,2015,378.4209592774929,62879309.275281884,derived_proxy_NOT_OFFICIAL,237948.4853465807,237948.4853465833,2.5902409106492996e-09,1.0885721364758925e-12
China,Male,45-49 years,DALYs,2016,378.538049469482,62610935.73725872,derived_proxy_NOT_OFFICIAL,237006.2148944081,237006.21489441002,1.9208528101444244e-09,8.104651648059989e-13
China,Male,45-49 years,DALYs,2017,379.52181959837606,62137818.11579777,derived_proxy_NOT_OFFICIAL,235826.57797180125,235826.5779718051,3.841705620288849e-09,1.629038445678594e-12
China,Male,45-49 years,DALYs,2018,378.9704034843477,61454701.31556084,derived_proxy_NOT_OFFICIAL,232895.12953567845,232895.12953568166,3.2014213502407074e-09,1.3746192789103665e-12
China,Male,45-49 years,DALYs,2019,380.1374289937228,60276051.059046894,derived_proxy_NOT_OFFICIAL,229131.83079480263,229131.83079480447,1.8335413187742233e-09,8.002123984319918e-13
China,Male,45-49 years,DALYs,2020,379.690787984466,58459387.754525974,derived_proxy_NOT_OFFICIAL,221964.91001605152,221964.91001605408,2.561137080192566e-09,1.1538477320615028e-12
China,Male,45-49 years,DALYs,2021,377.4317434403158,56043831.812297165,derived_proxy_NOT_OFFICIAL,211527.2114999082,211527.21149991153,3.3178366720676422e-09,1.5685152981223325e-12
China,Male,45-49 years,DALYs,2022,375.5321473090262,53315480.27875942,derived_proxy_NOT_OFFICIAL,200216.7679389426,200216.76793894562,3.026798367500305e-09,1.5117606775189514e-12
China,Male,45-49 years,DALYs,2023,376.7948787321373,50693937.38286655,derived_proxy_NOT_OFFICIAL,191012.15988631424,191012.15988631765,3.4051481634378433e-09,1.7826865920287504e-12
China,Male,50-54 years,DALYs,1990,366.2279760191898,25323742.121751703,derived_proxy_NOT_OFFICIAL,92742.62822480864,92742.6282248103,1.6589183360338211e-09,1.7887333665082189e-12
China,Male,50-54 years,DALYs,1991,365.6443492788283,25277986.946769964,derived_proxy_NOT_OFFICIAL,92427.53088230254,92427.53088230419,1.6443664208054543e-09,1.7790872536662207e-12
China,Male,50-54 years,DALYs,1992,365.2869679111965,25285312.28449294,derived_proxy_NOT_OFFICIAL,92363.95057090015,92363.95057090155,1.3969838619232178e-09,1.5124773824511425e-12
China,Male,50-54 years,DALYs,1993,366.4699976042475,25532490.3308209,derived_proxy_NOT_OFFICIAL,93568.91670366235,93568.91670366407,1.7171259969472885e-09,1.8351457486523183e-12
China,Male,50-54 years,DALYs,1994,366.9285932107978,25694056.52810494,derived_proxy_NOT_OFFICIAL,94278.84015736154,94278.84015736262,1.076841726899147e-09,1.142188135855068e-12
China,Male,50-54 years,DALYs,1995,367.207221874687,26045319.989217862,derived_proxy_NOT_OFFICIAL,95640.29596077796,95640.29596077943,1.469743438065052e-09,1.5367407882842533e-12
China,Male,50-54 years,DALYs,1996,367.5206760520855,26892236.7985712,derived_proxy_NOT_OFFICIAL,98834.53048763575,98834.53048763658,8.294591680169106e-10,8.392402573518334e-13
China,Male,50-54 years,DALYs,1997,367.24029553197767,28071377.129504018,derived_proxy_NOT_OFFICIAL,103089.40833028514,103089.40833028655,1.4115357771515846e-09,1.3692345314750537e-12
China,Male,50-54 years,DALYs,1998,367.7530336535827,28950703.0152604,derived_proxy_NOT_OFFICIAL,106467.08860265816,106467.08860265937,1.2078089639544487e-09,1.1344434978043472e-12
China,Male,50-54 years,DALYs,1999,368.6479100395189,31591222.58493136,derived_proxy_NOT_OFFICIAL,116460.38181527983,116460.38181528193,2.0954757928848267e-09,1.7993035573320575e-12
China,Male,50-54 years,DALYs,2000,369.26655731441787,33051787.690851875,derived_proxy_NOT_OFFICIAL,122049.19853687775,122049.19853687925,1.4988472685217857e-09,1.2280680958907747e-12
China,Male,50-54 years,DALYs,2001,369.77328475943807,34812478.579996064,derived_proxy_NOT_OFFICIAL,128727.2455514254,128727.24555142723,1.8335413187742233e-09,1.4243614946625576e-12
China,Male,50-54 years,DALYs,2002,369.9023523716223,36504917.245017424,derived_proxy_NOT_OFFICIAL,135032.54762063228,135032.5476206335,1.2223608791828156e-09,9.05234257015562e-13
China,Male,50-54 years,DALYs,2003,368.7561613258512,39011348.61938716,derived_proxy_NOT_OFFICIAL,143856.75165029598,143856.75165029755,1.57160684466362e-09,1.092480420025101e-12
China,Male,50-54 years,DALYs,2004,369.3919971253333,40438353.317376,derived_proxy_NOT_OFFICIAL,149376.04092365198,149376.0409236537,1.7171259969472885e-09,1.1495324058193065e-12
China,Male,50-54 years,DALYs,2005,368.2439883490405,43010658.73437757,derived_proxy_NOT_OFFICIAL,158384.16513866663,158384.1651386669,2.6193447411060333e-10,1.6537920560510424e-13
China,Male,50-54 years,DALYs,2006,368.9568609308266,44553335.22359127,derived_proxy_NOT_OFFICIAL,164382.58708094835,164382.58708095062,2.270098775625229e-09,1.3809849424667737e-12
China,Male,50-54 years,DALYs,2007,368.9266840377696,45122375.637609884,derived_proxy_NOT_OFFICIAL,166468.48419889738,166468.48419890052,3.14321368932724e-09,1.8881734308169182e-12
China,Male,50-54 years,DALYs,2008,369.58319313770215,44234753.66413441,derived_proxy_NOT_OFFICIAL,163484.21506850317,163484.21506850468,1.5133991837501526e-09,9.257157843134935e-13
China,Male,50-54 years,DALYs,2009,371.1176307479602,42446438.23995456,derived_proxy_NOT_OFFICIAL,157526.2159330151,157526.21593301557,4.656612873077393e-10,2.9560875600906484e-13
China,Male,50-54 years,DALYs,2010,371.2487134032343,40674270.342742994,derived_proxy_NOT_OFFICIAL,151002.70533358483,151002.70533358667,1.8335413187742233e-09,1.2142440194854056e-12
China,Male,50-54 years,DALYs,2011,372.3216801879392,39958724.0110669,derived_proxy_NOT_OFFICIAL,148774.9926196632,148774.99261966578,2.5902409106492996e-09,1.7410459009540254e-12
China,Male,50-54 years,DALYs,2012,371.4136429999564,41005321.14430415,derived_proxy_NOT_OFFICIAL,152299.35708588973,152299.35708589145,1.7171259969472885e-09,1.1274676596165206e-12
China,Male,50-54 years,DALYs,2013,371.136107150028,44157699.04940096,derived_proxy_NOT_OFFICIAL,163885.16525896854,163885.16525897165,3.1141098588705063e-09,1.9001780020477407e-12
China,Male,50-54 years,DALYs,2014,371.1640196633077,48488306.51233588,derived_proxy_NOT_OFFICIAL,179971.14751784902,179971.14751785126,2.240994945168495e-09,1.2451967863050047e-12
China,Male,50-54 years,DALYs,2015,371.4315000002508,53007353.53287413,derived_proxy_NOT_OFFICIAL,196886.00833758945,196886.00833759032,8.731149137020111e-10,4.43462143945206e-13
China,Male,50-54 years,DALYs,2016,371.9217182761429,56823324.76748259,derived_proxy_NOT_OFFICIAL,211338.28585685356,211338.28585685432,7.566995918750763e-10,3.580513529799395e-13
China,Male,50-54 years,DALYs,2017,372.06194380458425,59599923.103134975,derived_proxy_NOT_OFFICIAL,221748.63240355943,221748.63240356147,2.0372681319713593e-09,9.18728611711906e-13
China,Male,50-54 years,DALYs,2018,373.2413919284239,60990823.252369165,derived_proxy_NOT_OFFICIAL,227642.99765574603,227642.9976557475,1.4551915228366852e-09,6.392428222357641e-13
China,Male,50-54 years,DALYs,2019,373.402880399618,61454971.01297416,derived_proxy_NOT_OFFICIAL,229474.6319111932,229474.63191119584,2.648448571562767e-09,1.1541356661104563e-12
China,Male,50-54 years,DALYs,2020,374.0685994704464,61397950.61210357,derived_proxy_NOT_OFFICIAL,229670.45395824948,229670.45395825218,2.7066562324762344e-09,1.1784956165795112e-12
China,Male,50-54 years,DALYs,2021,370.9782393535643,61168812.84726713,derived_proxy_NOT_OFFICIAL,226922.984934266,226922.9849342684,2.4156179279088974e-09,1.0645100268748195e-12
China,Male,50-54 years,DALYs,2022,369.298314299766,60740014.29139805,derived_proxy_NOT_OFFICIAL,224311.8488835671,224311.84888356994,2.852175384759903e-09,1.2715223912404081e-12
China,Male,50-54 years,DALYs,2023,370.07757878585454,60097790.08189148,derived_proxy_NOT_OFFICIAL,222408.4464388664,222408.4464388694,2.9976945370435715e-09,1.347833045480829e-12
China,Male,55-59 years,DALYs,1990,358.3477949171016,22797742.11300969,derived_proxy_NOT_OFFICIAL,81695.20615285686,81695.20615285767,8.149072527885437e-10,9.974970272598383e-13
China,Male,55-59 years,DALYs,1991,358.47173324270943,23298987.480686035,derived_proxy_NOT_OFFICIAL,83520.28425001595,83520.28425001711,1.1641532182693481e-09,1.3938568680926466e-12
China,Male,55-59 years,DALYs,1992,359.08358751892166,23693018.48485292,derived_proxy_NOT_OFFICIAL,85077.74076693054,85077.74076693112,5.820766091346741e-10,6.841702704932728e-13
China,Male,55-59 years,DALYs,1993,359.7531090016179,23865167.433192953,derived_proxy_NOT_OFFICIAL,85855.68180935227,85855.68180935325,9.74978320300579e-10,1.135601394984641e-12
China,Male,55-59 years,DALYs,1994,359.0004267137263,23848607.960027564,derived_proxy_NOT_OFFICIAL,85616.60434178164,85616.60434178266,1.0186340659856796e-09,1.1897622824648483e-12
China,Male,55-59 years,DALYs,1995,360.5748824671561,23772416.223912563,derived_proxy_NOT_OFFICIAL,85717.36185897462,85717.36185897588,1.2660166248679161e-09,1.4769663897855532e-12
China,Male,55-59 years,DALYs,1996,359.95977419695083,23650437.84484738,derived_proxy_NOT_OFFICIAL,85132.06266290239,85132.06266290284,4.511093720793724e-10,5.2989362405752e-13
China,Male,55-59 years,DALYs,1997,359.6951060601872,23594898.839785583,derived_proxy_NOT_OFFICIAL,84869.6964065593,84869.69640656063,1.3242242857813835e-09,1.5603028428873213e-12
China,Male,55-59 years,DALYs,1998,359.6645095256316,23784527.898936737,derived_proxy_NOT_OFFICIAL,85544.50561069718,85544.50561069783,6.548361852765083e-10,7.654918110773702e-13
China,Male,55-59 years,DALYs,1999,359.0383448343266,23922707.75816015,derived_proxy_NOT_OFFICIAL,85891.69397445048,85891.69397445125,7.712515071034431e-10,8.979349124641333e-13
China,Male,55-59 years,DALYs,2000,359.6840815001217,24275038.67246147,derived_proxy_NOT_OFFICIAL,87313.44988284158,87313.44988284237,7.8580342233181e-10,8.999798122582628e-13
China,Male,55-59 years,DALYs,2001,360.1105000132828,25138594.94245699,derived_proxy_NOT_OFFICIAL,90526.719943595,90526.71994359567,6.693881005048752e-10,7.394370423693189e-13
China,Male,55-59 years,DALYs,2002,359.6058820302837,26345055.159398645,derived_proxy_NOT_OFFICIAL,94738.36797731956,94738.36797732025,6.83940015733242e-10,7.219250556405803e-13
China,Male,55-59 years,DALYs,2003,359.85482990673296,27282815.93967224,derived_proxy_NOT_OFFICIAL,98178.53089347392,98178.53089347456,6.402842700481415e-10,6.521632216547072e-13
China,Male,55-59 years,DALYs,2004,360.6374184086409,29900614.505270243,derived_proxy_NOT_OFFICIAL,107832.8042401252,107832.8042401262,1.0040821507573128e-09,9.311472124209935e-13
China,Male,55-59 years,DALYs,2005,361.2995395249276,31393939.221769243,derived_proxy_NOT_OFFICIAL,113426.15784698578,113426.15784698792,2.1391315385699272e-09,1.885924357462288e-12
China,Male,55-59 years,DALYs,2006,361.22045033155854,33173607.034996383,derived_proxy_NOT_OFFICIAL,119829.85272303352,119829.85272303552,2.0081643015146255e-09,1.675846423809064e-12
China,Male,55-59 years,DALYs,2007,362.2600483642254,34881330.30204816,derived_proxy_NOT_OFFICIAL,126361.12402228345,126361.12402228487,1.4260876923799515e-09,1.128581043746069e-12
China,Male,55-59 years,DALYs,2008,363.1332028600008,37361151.46162403,derived_proxy_NOT_OFFICIAL,135670.74592797094,135670.74592797132,3.7834979593753815e-10,2.7887352822428507e-13
China,Male,55-59 years,DALYs,2009,363.6885515089407,38799919.642537475,derived_proxy_NOT_OFFICIAL,141110.86573457683,141110.8657345775,6.693881005048752e-10,4.743703449201169e-13
China,Male,55-59 years,DALYs,2010,363.7430572871261,41322132.343928546,derived_proxy_NOT_OFFICIAL,150306.3875240361,150306.38752403806,1.949956640601158e-09,1.2973212068511277e-12
China,Male,55-59 years,DALYs,2011,362.3841563624011,42836537.33311038,derived_proxy_NOT_OFFICIAL,155232.82442945603,155232.82442945702,9.89530235528946e-10,6.374490956831284e-13
China,Male,55-59 years,DALYs,2012,362.2261078982839,43397286.48649244,derived_proxy_NOT_OFFICIAL,157196.30177348744,157196.30177348948,2.0372681319713593e-09,1.296002583385815e-12
China,Male,55-59 years,DALYs,2013,362.2730007079191,42547638.73725495,derived_proxy_NOT_OFFICIAL,154138.60758381616,154138.60758381846,2.2992026060819626e-09,1.4916461502558482e-12
China,Male,55-59 years,DALYs,2014,362.4880787880182,40829480.92667008,derived_proxy_NOT_OFFICIAL,148002.00099020422,148002.0009902067,2.473825588822365e-09,1.671481177464688e-12
China,Male,55-59 years,DALYs,2015,361.32895789349857,39130134.34423921,derived_proxy_NOT_OFFICIAL,141388.50664836355,141388.50664836552,1.979060471057892e-09,1.3997322116003817e-12
China,Male,55-59 years,DALYs,2016,361.770696487972,38457747.21159385,derived_proxy_NOT_OFFICIAL,139128.85994096572,139128.8599409667,9.89530235528946e-10,7.112329073556824e-13
China,Male,55-59 years,DALYs,2017,363.63093097851737,39483257.828478165,derived_proxy_NOT_OFFICIAL,143573.33802234137,143573.3380223435,2.1245796233415604e-09,1.4797870221635133e-12
China,Male,55-59 years,DALYs,2018,364.0063332113422,42539855.68233816,derived_proxy_NOT_OFFICIAL,154847.7688226745,154847.76882267595,1.4551915228366852e-09,9.397562095344832e-13
China,Male,55-59 years,DALYs,2019,365.2617528994237,46739519.73161465,derived_proxy_NOT_OFFICIAL,170721.58906846563,170721.58906846767,2.0372681319713593e-09,1.1933277701359373e-12
China,Male,55-59 years,DALYs,2020,364.8583641193116,51131995.45945274,derived_proxy_NOT_OFFICIAL,186559.3621749194,186559.36217491998,5.820766091346741e-10,3.1200611019934493e-13
China,Male,55-59 years,DALYs,2021,364.0606657210153,54838655.90673338,derived_proxy_NOT_OFFICIAL,199645.9757665072,199645.97576651044,3.230525180697441e-09,1.618126870974675e-12
China,Male,55-59 years,DALYs,2022,363.07655145223794,57519976.24950006,derived_proxy_NOT_OFFICIAL,208841.546162828,208841.5461628311,3.1141098588705063e-09,1.4911352248093972e-12
China,Male,55-59 years,DALYs,2023,363.17027234171394,58889923.945700064,derived_proxy_NOT_OFFICIAL,213870.69717542577,213870.69717542714,1.367880031466484e-09,6.395827242964898e-13
China,Male,60-64 years,DALYs,1990,344.3871311951305,18266060.6780241,derived_proxy_NOT_OFFICIAL,62905.962351408525,62905.962351409,4.729372449219227e-10,7.518162464155247e-13
China,Male,60-64 years,DALYs,1991,344.06225967137595,18814642.858832344,derived_proxy_NOT_OFFICIAL,64734.08536919677,64734.08536919773,9.604264050722122e-10,1.4836486830618354e-12
China,Male,60-64 years,DALYs,1992,344.6726256302218,19312564.330951188,derived_proxy_NOT_OFFICIAL,66565.12255601486,66565.12255601514,2.764863893389702e-10,4.153622478593134e-13
China,Male,60-64 years,DALYs,1993,345.22435815364884,19759559.159861628,derived_proxy_NOT_OFFICIAL,68214.81128362168,68214.81128362282,1.1496013030409813e-09,1.6852664126874155e-12
China,Male,60-64 years,DALYs,1994,345.69174950547176,20278578.772881925,derived_proxy_NOT_OFFICIAL,70101.37373482046,70101.37373482075,2.9103830456733704e-10,4.1516776214440105e-13
China,Male,60-64 years,DALYs,1995,345.54488780792246,20708350.8311916,derived_proxy_NOT_OFFICIAL,71556.64764651153,71556.64764651199,4.656612873077393e-10,6.507589478032805e-13
China,Male,60-64 years,DALYs,1996,345.97181341315274,21155569.570259277,derived_proxy_NOT_OFFICIAL,73192.30768010668,73192.30768010714,4.656612873077393e-10,6.362161572264564e-13
China,Male,60-64 years,DALYs,1997,345.0954580288968,21541306.341792554,derived_proxy_NOT_OFFICIAL,74338.06978561566,74338.06978561681,1.1496013030409813e-09,1.5464502997674388e-12
China,Male,60-64 years,DALYs,1998,344.253976943243,21749299.50662247,derived_proxy_NOT_OFFICIAL,74872.82850884438,74872.82850884499,6.111804395914078e-10,8.162913726696085e-13
China,Male,60-64 years,DALYs,1999,344.0147785781516,21807136.732547462,derived_proxy_NOT_OFFICIAL,75019.77314470771,75019.77314470791,2.0372681319713593e-10,2.715641552316636e-13
China,Male,60-64 years,DALYs,2000,344.5560799921058,21820330.91179899,derived_proxy_NOT_OFFICIAL,75183.27683099947,75183.27683100033,8.585629984736443e-10,1.1419600670020845e-12
China,Male,60-64 years,DALYs,2001,344.4516889873393,21796878.314875938,derived_proxy_NOT_OFFICIAL,75079.71550210359,75079.71550210527,1.6880221664905548e-09,2.2483065568399227e-12
China,Male,60-64 years,DALYs,2002,344.87315449862626,21847039.879832022,derived_proxy_NOT_OFFICIAL,75344.57559814857,75344.57559814959,1.0186340659856796e-09,1.3519673551797275e-12
China,Male,60-64 years,DALYs,2003,344.0557695517538,22137065.679142207,derived_proxy_NOT_OFFICIAL,76163.85167854886,76163.8516785499,1.0331859812140465e-09,1.3565306355233054e-12
China,Male,60-64 years,DALYs,2004,345.76266317192983,22390310.231611054,derived_proxy_NOT_OFFICIAL,77417.33294927384,77417.33294927547,1.6298145055770874e-09,2.105232050095281e-12
China,Male,60-64 years,DALYs,2005,345.7157917079133,22848654.007038247,derived_proxy_NOT_OFFICIAL,78991.40509503307,78991.40509503413,1.0622898116707802e-09,1.3448169587472958e-12
China,Male,60-64 years,DALYs,2006,345.212675739863,23779042.166331276,derived_proxy_NOT_OFFICIAL,82088.26772770158,82088.26772770248,9.022187441587448e-10,1.0990836682673489e-12
China,Male,60-64 years,DALYs,2007,346.1876521931702,25020907.660483945,derived_proxy_NOT_OFFICIAL,86619.29278724901,86619.29278725044,1.4260876923799515e-09,1.64638574905322e-12
China,Male,60-64 years,DALYs,2008,347.11606189277444,25988574.264292926,derived_proxy_NOT_OFFICIAL,90210.51552829186,90210.51552829267,8.149072527885437e-10,9.033395364346102e-13
China,Male,60-64 years,DALYs,2009,348.6295624989188,28545447.40573976,derived_proxy_NOT_OFFICIAL,99517.8684039879,99517.86840398949,1.5861587598919868e-09,1.5938431814606934e-12
China,Male,60-64 years,DALYs,2010,348.55863692838005,30008106.877349153,derived_proxy_NOT_OFFICIAL,104595.8482996989,104595.84829969969,7.8580342233181e-10,7.51275920704084e-13
China,Male,60-64 years,DALYs,2011,348.2820834238607,31734698.308979437,derived_proxy_NOT_OFFICIAL,110526.2684387892,110526.26843879027,1.076841726899147e-09,9.742857893510766e-13
China,Male,60-64 years,DALYs,2012,348.1442833794904,33383503.27022884,derived_proxy_NOT_OFFICIAL,116222.75822710626,116222.75822710694,6.83940015733242e-10,5.884733989850612e-13
China,Male,60-64 years,DALYs,2013,346.8978209443723,35754729.11189727,derived_proxy_NOT_OFFICIAL,124032.37617373397,124032.37617373474,7.712515071034431e-10,6.218146671826555e-13
China,Male,60-64 years,DALYs,2014,345.96960792383567,37139908.13165426,derived_proxy_NOT_OFFICIAL,128492.79454635558,128492.79454635702,1.4406396076083183e-09,1.1211831859478995e-12
China,Male,60-64 years,DALYs,2015,344.8843503438182,39523937.59906569,derived_proxy_NOT_OFFICIAL,136311.875418832,136311.8754188338,1.8044374883174896e-09,1.3237566299877931e-12
China,Male,60-64 years,DALYs,2016,345.6144115850028,40915548.390418574,derived_proxy_NOT_OFFICIAL,141410.0318163212,141410.03181632224,1.0477378964424133e-09,7.40921901356567e-13
China,Male,60-64 years,DALYs,2017,346.9843288637726,41371121.119879365,derived_proxy_NOT_OFFICIAL,143551.30696122997,143551.3069612319,1.9208528101444244e-09,1.3380949646548354e-12
China,Male,60-64 years,DALYs,2018,347.80482821552016,40493149.64473781,derived_proxy_NOT_OFFICIAL,140837.12956093324,140837.12956093386,6.111804395914078e-10,4.339625789710378e-13
China,Male,60-64 years,DALYs,2019,349.8984152587453,38828570.39026886,derived_proxy_NOT_OFFICIAL,135860.5524631756,135860.55246317716,1.5425030142068863e-09,1.1353575311163074e-12
China,Male,60-64 years,DALYs,2020,349.5610826780555,37225842.23180565,derived_proxy_NOT_OFFICIAL,130127.05714152302,130127.05714152465,1.6298145055770874e-09,1.2524793393310515e-12
China,Male,60-64 years,DALYs,2021,349.74821141189364,36621902.25923216,derived_proxy_NOT_OFFICIAL,128084.44813667564,128084.44813667635,7.130438461899757e-10,5.56698222589135e-13
China,Male,60-64 years,DALYs,2022,349.3187962654575,37618505.6116382,derived_proxy_NOT_OFFICIAL,131408.5109756265,131408.51097562816,1.6589183360338211e-09,1.2624131600893912e-12
China,Male,60-64 years,DALYs,2023,348.82246111200124,40529237.205997564,derived_proxy_NOT_OFFICIAL,141375.08269188032,141375.08269188157,1.2514647096395493e-09,8.852088259195235e-13
China,Male,65-69 years,DALYs,1990,306.1935545446624,13474959.733642157,derived_proxy_NOT_OFFICIAL,41259.45818190033,41259.45818190089,5.602487362921238e-10,1.3578674102363597e-12
China,Male,65-69 years,DALYs,1991,307.02824720003554,13874865.755250897,derived_proxy_NOT_OFFICIAL,42599.7571297042,42599.757129704805,6.039044819772243e-10,1.417624237007986e-12
China,Male,65-69 years,DALYs,1992,307.4302380620596,14268332.460147899,derived_proxy_NOT_OFFICIAL,43865.16844971813,43865.16844971881,6.83940015733242e-10,1.5591870267573016e-12
China,Male,65-69 years,DALYs,1993,307.0293123747447,14714158.167485893,derived_proxy_NOT_OFFICIAL,45176.7786433635,45176.77864336427,7.712515071034431e-10,1.7071857052754702e-12
China,Male,65-69 years,DALYs,1994,307.77367021213803,15170903.175962474,derived_proxy_NOT_OFFICIAL,46692.04550898875,46692.04550898952,7.712515071034431e-10,1.6517835076532865e-12
China,Male,65-69 years,DALYs,1995,307.680495241959,15648011.11439674,derived_proxy_NOT_OFFICIAL,48145.878092291794,48145.87809229268,8.87666828930378e-10,1.8437026472521527e-12
China,Male,65-69 years,DALYs,1996,308.25807350484456,16098174.687841646,derived_proxy_NOT_OFFICIAL,49623.923162184656,49623.92316218518,5.238689482212067e-10,1.0556782189692228e-12
China,Male,65-69 years,DALYs,1997,307.23114646321903,16514280.215371797,derived_proxy_NOT_OFFICIAL,50737.01243583406,50737.012435835335,1.2732925824820995e-09,2.5095931379333843e-12
China,Male,65-69 years,DALYs,1998,307.8206803506164,16898248.49494248,derived_proxy_NOT_OFFICIAL,52016.30348446884,52016.303484469725,8.87666828930378e-10,1.7065165524409473e-12
China,Male,65-69 years,DALYs,1999,308.1086745312092,17361102.320724886,derived_proxy_NOT_OFFICIAL,53491.0622443919,53491.062244392444,5.456968210637569e-10,1.0201644876120754e-12
China,Male,65-69 years,DALYs,2000,307.1169065978234,17770110.778992854,derived_proxy_NOT_OFFICIAL,54575.01452344862,54575.01452344923,6.111804395914078e-10,1.1198905670081112e-12
China,Male,65-69 years,DALYs,2001,307.39301667689443,18226513.712800235,derived_proxy_NOT_OFFICIAL,56027.030336803735,56027.03033680448,7.421476766467094e-10,1.324624332550423e-12
China,Male,65-69 years,DALYs,2002,308.16506935532686,18654128.60316847,derived_proxy_NOT_OFFICIAL,57485.50834758525,57485.50834758599,7.34871719032526e-10,1.2783599556763686e-12
China,Male,65-69 years,DALYs,2003,307.7775526379795,18943448.855130058,derived_proxy_NOT_OFFICIAL,58303.683271545466,58303.68327154664,1.1714291758835316e-09,2.0091855439521365e-12
China,Male,65-69 years,DALYs,2004,308.8251402525583,19119652.817207545,derived_proxy_NOT_OFFICIAL,59046.29462854211,59046.294628543415,1.3023964129388332e-09,2.2057208181007075e-12
China,Male,65-69 years,DALYs,2005,308.67678475585865,19269779.71457249,derived_proxy_NOT_OFFICIAL,59481.33645247813,59481.33645247904,9.094947017729282e-10,1.5290421433276935e-12
China,Male,65-69 years,DALYs,2006,308.85568977793946,19399705.098488916,derived_proxy_NOT_OFFICIAL,59917.09299682261,59917.09299682402,1.4115357771515846e-09,2.355814854412977e-12
China,Male,65-69 years,DALYs,2007,308.8597159386523,19593174.10449274,derived_proxy_NOT_OFFICIAL,60515.421882501374,60515.42188250185,4.729372449219227e-10,7.815152405946906e-13
China,Male,65-69 years,DALYs,2008,309.82419516136235,19988032.771900058,derived_proxy_NOT_OFFICIAL,61927.76166412825,61927.7616641287,4.511093720793724e-10,7.284444971966074e-13
China,Male,65-69 years,DALYs,2009,309.72068578517985,20330592.692753863,derived_proxy_NOT_OFFICIAL,62968.05111218776,62968.05111218893,1.1714291758835316e-09,1.8603548231093275e-12
China,Male,65-69 years,DALYs,2010,309.6554700614996,20842027.17881405,derived_proxy_NOT_OFFICIAL,64538.47723090095,64538.47723090216,1.2078089639544487e-09,1.8714556273666636e-12
China,Male,65-69 years,DALYs,2011,308.70295943976635,21766596.93098338,derived_proxy_NOT_OFFICIAL,67194.12889526993,67194.12889527105,1.1204974725842476e-09,1.667552643372573e-12
China,Male,65-69 years,DALYs,2012,308.86841105633727,22959160.573502026,derived_proxy_NOT_OFFICIAL,70913.59445524786,70913.59445524876,9.022187441587448e-10,1.272278962996463e-12
China,Male,65-69 years,DALYs,2013,308.5763416054554,23876431.752058286,derived_proxy_NOT_OFFICIAL,73677.01960642365,73677.0196064248,1.1496013030409813e-09,1.5603254707940866e-12
China,Male,65-69 years,DALYs,2014,308.45765187378834,26259532.519643463,derived_proxy_NOT_OFFICIAL,80999.53740312463,80999.53740312607,1.4406396076083183e-09,1.7785775743859302e-12
China,Male,65-69 years,DALYs,2015,308.16253193752834,27592730.784384944,derived_proxy_NOT_OFFICIAL,85030.45781586519,85030.45781586647,1.280568540096283e-09,1.5060115786620538e-12
China,Male,65-69 years,DALYs,2016,308.63762324196745,29173872.205234222,derived_proxy_NOT_OFFICIAL,90041.54578188196,90041.54578188385,1.8917489796876907e-09,2.1009734598185297e-12
China,Male,65-69 years,DALYs,2017,310.0843667424934,30683573.45315411,derived_proxy_NOT_OFFICIAL,95144.96443618012,95144.96443618073,6.111804395914078e-10,6.423676157883963e-13
China,Male,65-69 years,DALYs,2018,311.5342492919676,32880637.941508465,derived_proxy_NOT_OFFICIAL,102434.44857348618,102434.44857348828,2.0954757928848267e-09,2.045674889714019e-12
China,Male,65-69 years,DALYs,2019,312.191106645635,34256135.68362121,derived_proxy_NOT_OFFICIAL,106944.6090847263,106944.60908472733,1.0331859812140465e-09,9.660944951376748e-13
China,Male,65-69 years,DALYs,2020,313.3633540702085,36576834.49020493,derived_proxy_NOT_OFFICIAL,114618.39537121289,114618.39537121503,2.1391315385699272e-09,1.866307351138492e-12
China,Male,65-69 years,DALYs,2021,314.82081021673685,37987233.3401345,derived_proxy_NOT_OFFICIAL,119591.71578033188,119591.71578033382,1.9354047253727913e-09,1.618343471990799e-12
China,Male,65-69 years,DALYs,2022,314.6925466356035,38482612.79962224,derived_proxy_NOT_OFFICIAL,121101.91423104925,121101.91423104994,6.984919309616089e-10,5.767802560320909e-13
China,Male,65-69 years,DALYs,2023,313.0420770728907,37699359.74912062,derived_proxy_NOT_OFFICIAL,118014.8588018276,118014.85880182852,9.167706593871117e-10,7.768264680353236e-13
China,Male,70+ years,DALYs,1990,209.8512512624255,16501533.547751429,derived_proxy_NOT_OFFICIAL,34628.67462744491,34628.67462744529,3.7834979593753815e-10,1.0925910390970538e-12
China,Male,70+ years,DALYs,1991,209.89724964812964,17128764.805440888,derived_proxy_NOT_OFFICIAL,35952.8062253172,35952.80622531723,2.9103830456733704e-11,8.095009406036128e-14
China,Male,70+ years,DALYs,1992,210.67300151784215,17787943.7614799,derived_proxy_NOT_OFFICIAL,37474.39503061544,37474.39503061546,2.1827872842550278e-11,5.82474322126283e-14
China,Male,70+ years,DALYs,1993,210.45887267688573,18450280.94833517,derived_proxy_NOT_OFFICIAL,38830.253289584005,38830.25328958442,4.147295840084553e-10,1.0680578901083402e-12
China,Male,70+ years,DALYs,1994,210.88440561157051,19154113.563754372,derived_proxy_NOT_OFFICIAL,40393.03853908856,40393.038539088615,5.820766091346741e-11,1.441031995083498e-13
China,Male,70+ years,DALYs,1995,210.58359675639352,19919832.673861124,derived_proxy_NOT_OFFICIAL,41947.90011247156,41947.90011247203,4.729372449219227e-10,1.1274396183214745e-12
China,Male,70+ years,DALYs,1996,210.33407992944632,20709814.490325578,derived_proxy_NOT_OFFICIAL,43559.79776332118,43559.797763321454,2.764863893389702e-10,6.347283585686917e-13
China,Male,70+ years,DALYs,1997,209.35929956448692,21553481.25314992,derived_proxy_NOT_OFFICIAL,45124.217383357136,45124.21738335767,5.311449058353901e-10,1.1770728372372587e-12
China,Male,70+ years,DALYs,1998,208.840711652642,22458438.14753163,derived_proxy_NOT_OFFICIAL,46902.36205337331,46902.36205337348,1.673470251262188e-10,3.567987150322696e-13
China,Male,70+ years,DALYs,1999,208.026365875995,23412727.779357664,derived_proxy_NOT_OFFICIAL,48704.64675183619,48704.64675183729,1.0986695997416973e-09,2.2557798341906194e-12
China,Male,70+ years,DALYs,2000,207.7361198445891,24435127.80814591,derived_proxy_NOT_OFFICIAL,50760.58638770811,50760.5863877085,3.92901711165905e-10,7.740291023530174e-13
China,Male,70+ years,DALYs,2001,207.7818742474928,25454287.777794875,derived_proxy_NOT_OFFICIAL,52889.396221052455,52889.39622105267,2.1827872842550278e-10,4.1270792261118234e-13
China,Male,70+ years,DALYs,2002,208.00651700619275,26507902.96313858,derived_proxy_NOT_OFFICIAL,55138.1656850058,55138.16568500592,1.2369127944111824e-10,2.243296959636702e-13
China,Male,70+ years,DALYs,2003,207.97783002032364,27619870.738099955,derived_proxy_NOT_OFFICIAL,57443.20781551807,57443.20781551864,5.675246939063072e-10,9.879752811314839e-13
China,Male,70+ years,DALYs,2004,207.7615943481165,28887527.594010875,derived_proxy_NOT_OFFICIAL,60017.18789706766,60017.18789706909,1.4260876923799515e-09,2.3761321420553058e-12
China,Male,70+ years,DALYs,2005,207.47356561779256,30216308.164561898,derived_proxy_NOT_OFFICIAL,62690.85194707602,62690.85194707674,7.203198038041592e-10,1.149003054564097e-12
China,Male,70+ years,DALYs,2006,206.96771637500436,31600064.077251885,derived_proxy_NOT_OFFICIAL,65401.93099372557,65401.93099372632,7.494236342608929e-10,1.145873864691839e-12
China,Male,70+ years,DALYs,2007,206.1412156731701,32962839.75877381,derived_proxy_NOT_OFFICIAL,67949.99859913513,67949.99859913539,2.6193447411060333e-10,3.854812060495572e-13
China,Male,70+ years,DALYs,2008,205.8033856362728,34201080.807504356,derived_proxy_NOT_OFFICIAL,70386.98222604097,70386.98222604147,4.94765117764473e-10,7.029213387435517e-13
China,Male,70+ years,DALYs,2009,204.7351203921717,35429544.17308059,derived_proxy_NOT_OFFICIAL,72536.71991715349,72536.7199171542,7.130438461899757e-10,9.83010876428333e-13
China,Male,70+ years,DALYs,2010,203.32366741434615,36664038.8669063,derived_proxy_NOT_OFFICIAL,74546.66844641378,74546.66844641516,1.382431946694851e-09,1.854451681752326e-12
China,Male,70+ years,DALYs,2011,201.76326707840096,37926062.19234894,derived_proxy_NOT_OFFICIAL,76520.86215346931,76520.86215346945,1.4551915228366852e-10,1.901692534407376e-13
China,Male,70+ years,DALYs,2012,200.6798100031213,39255094.77408615,derived_proxy_NOT_OFFICIAL,78777.04960918105,78777.04960918128,2.3283064365386963e-10,2.9555644037059043e-13
China,Male,70+ years,DALYs,2013,199.68392621806132,40700206.554468274,derived_proxy_NOT_OFFICIAL,81271.7704268227,81271.77042682299,2.9103830456733704e-10,3.581050382425084e-13
China,Male,70+ years,DALYs,2014,198.70243323881883,42107634.224995345,derived_proxy_NOT_OFFICIAL,83668.89378436604,83668.89378436739,1.3533281162381172e-09,1.617480589292784e-12
China,Male,70+ years,DALYs,2015,197.6079674836512,43619126.79125077,derived_proxy_NOT_OFFICIAL,86194.86988630712,86194.86988630741,2.9103830456733704e-10,3.3765153883429813e-13
China,Male,70+ years,DALYs,2016,197.4789032081609,45396685.99484053,derived_proxy_NOT_OFFICIAL,89648.87759546337,89648.87759546387,4.94765117764473e-10,5.518921497233673e-13
China,Male,70+ years,DALYs,2017,198.1807733244064,47319908.99504952,derived_proxy_NOT_OFFICIAL,93778.96158279196,93778.9615827945,2.5320332497358322e-09,2.7000013723765197e-12
China,Male,70+ years,DALYs,2018,199.07267504502173,49067207.32132177,derived_proxy_NOT_OFFICIAL,97679.40218444187,97679.402184442,1.3096723705530167e-10,1.3407866359378864e-13
China,Male,70+ years,DALYs,2019,201.3451112520297,52211937.95936268,derived_proxy_NOT_OFFICIAL,105126.1845711168,105126.18457111952,2.7212081477046013e-09,2.5885160379465035e-12
China,Male,70+ years,DALYs,2020,201.84056449336248,54668767.07588561,derived_proxy_NOT_OFFICIAL,110343.74806752686,110343.74806752901,2.153683453798294e-09,1.951794724681917e-12
China,Male,70+ years,DALYs,2021,203.1192220476946,57613970.165288955,derived_proxy_NOT_OFFICIAL,117025.04799052364,117025.04799052578,2.1391315385699272e-09,1.827926222036797e-12
China,Male,70+ years,DALYs,2022,204.2564923403284,60522465.00631058,derived_proxy_NOT_OFFICIAL,123621.06409979211,123621.06409979271,5.966285243630409e-10,4.826269120943801e-13
China,Male,70+ years,DALYs,2023,204.2617784078984,63853187.579926156,derived_proxy_NOT_OFFICIAL,130427.65652088828,130427.65652088846,1.7462298274040222e-10,1.338849346821132e-13
China,Female,15-19 years,DALYs,1990,53.27154242554902,61796263.46390657,derived_proxy_NOT_OFFICIAL,32919.82270857426,32919.82270857904,4.780304152518511e-09,1.452105072021982e-11
China,Female,15-19 years,DALYs,1991,53.209414397656296,59125902.55618613,derived_proxy_NOT_OFFICIAL,31460.546507474726,31460.546507475534,8.076312951743603e-10,2.567124175616195e-12
China,Female,15-19 years,DALYs,1992,53.3771792311456,56107741.03579761,derived_proxy_NOT_OFFICIAL,29948.72949522137,29948.729495224718,3.346940502524376e-09,1.1175567574772795e-11
China,Female,15-19 years,DALYs,1993,53.15679150619059,53152124.36711848,derived_proxy_NOT_OFFICIAL,28253.963930939517,28253.963930940296,7.785274647176266e-10,2.7554627967267264e-12
China,Female,15-19 years,DALYs,1994,53.3508395402798,50737055.65679725,derived_proxy_NOT_OFFICIAL,27068.64515091775,27068.645150920358,2.608430804684758e-09,9.636355237367026e-12
China,Female,15-19 years,DALYs,1995,53.402334954552266,49044530.4442822,derived_proxy_NOT_OFFICIAL,26190.9244247424,26190.924424742938,5.384208634495735e-10,2.0557535683655777e-12
China,Female,15-19 years,DALYs,1996,53.316928291391896,47944575.83326172,derived_proxy_NOT_OFFICIAL,25562.5751166304,25562.57511663216,1.760781742632389e-09,6.888123495378471e-12
China,Female,15-19 years,DALYs,1997,53.78151309923338,47341073.73786944,derived_proxy_NOT_OFFICIAL,25460.74577364909,25460.74577364999,8.985807653516531e-10,3.5292790452416766e-12
China,Female,15-19 years,DALYs,1998,53.68878298506967,47460112.425857455,derived_proxy_NOT_OFFICIAL,25480.75676478633,25480.756764788694,2.3646862246096134e-09,9.280282553764422e-12
China,Female,15-19 years,DALYs,1999,54.42160622366439,48512200.55640106,derived_proxy_NOT_OFFICIAL,26401.118757237437,26401.118757238906,1.469743438065052e-09,5.5669740800743374e-12
China,Female,15-19 years,DALYs,2000,54.26055024208627,50578077.710189365,derived_proxy_NOT_OFFICIAL,27443.94326741641,27443.943267418737,2.3283064365386963e-09,8.483862591652576e-12
China,Female,15-19 years,DALYs,2001,54.21458899035616,53648147.67386716,derived_proxy_NOT_OFFICIAL,29085.122762324718,29085.1227623264,1.6807462088763714e-09,5.778714508482386e-12
China,Female,15-19 years,DALYs,2002,53.84434045142287,57115473.84062582,derived_proxy_NOT_OFFICIAL,30753.450185188743,30753.450185189937,1.1932570487260818e-09,3.880075378666846e-12
China,Female,15-19 years,DALYs,2003,53.50235143124117,60235739.03710461,derived_proxy_NOT_OFFICIAL,32227.53678683599,32227.536786837034,1.0440999176353216e-09,3.2397757375667816e-12
China,Female,15-19 years,DALYs,2004,53.69704512505711,62357017.06363928,derived_proxy_NOT_OFFICIAL,33483.87559129954,33483.87559130195,2.408341970294714e-09,7.192542463395421e-12
China,Female,15-19 years,DALYs,2005,53.31431548457143,62996041.29626687,derived_proxy_NOT_OFFICIAL,33585.90819948043,33585.90819948262,2.190063241869211e-09,6.520780170247388e-12
China,Female,15-19 years,DALYs,2006,52.5042844969866,61835224.167568624,derived_proxy_NOT_OFFICIAL,32466.14201628749,32466.142016289643,2.153683453798294e-09,6.633629128825477e-12
China,Female,15-19 years,DALYs,2007,52.23267874534987,59316291.05912571,derived_proxy_NOT_OFFICIAL,30982.48775256839,30982.487752569818,1.4260876923799515e-09,4.60288309889425e-12
China,Female,15-19 years,DALYs,2008,51.5639388391879,55877808.87527764,derived_proxy_NOT_OFFICIAL,28812.799193122988,28812.79919312647,3.4815457183867693e-09,1.2083330380540539e-11
China,Female,15-19 years,DALYs,2009,51.81055384185175,51957905.84769013,derived_proxy_NOT_OFFICIAL,26919.678784315463,26919.678784316133,6.693881005048752e-10,2.486612510751387e-12
China,Female,15-19 years,DALYs,2010,51.28530862825709,48088420.7858348,derived_proxy_NOT_OFFICIAL,24662.29501446704,24662.29501447031,3.27054294757545e-09,1.3261308185864014e-11
China,Female,15-19 years,DALYs,2011,51.17519012743325,44792437.2122288,derived_proxy_NOT_OFFICIAL,22922.614906067265,22922.614906069244,1.979060471057892e-09,8.63365928873178e-12
China,Female,15-19 years,DALYs,2012,50.81784420997399,42050174.39649069,derived_proxy_NOT_OFFICIAL,21368.99211483005,21368.99211483101,9.604264050722122e-10,4.494486215873877e-12
China,Female,15-19 years,DALYs,2013,50.97974025010395,39723738.87166913,derived_proxy_NOT_OFFICIAL,20251.05889440533,20251.058894406495,1.1641532182693481e-09,5.748604180845889e-12
China,Female,15-19 years,DALYs,2014,50.81871697077126,37737124.489577964,derived_proxy_NOT_OFFICIAL,19177.522487264832,19177.522487266237,1.4042598195374012e-09,7.322425618167959e-12
China,Female,15-19 years,DALYs,2015,51.37036771025342,36086983.05742185,derived_proxy_NOT_OFFICIAL,18538.015892133004,18538.015892134455,1.4515535440295935e-09,7.830145105472645e-12
China,Female,15-19 years,DALYs,2016,51.22333771492402,34802584.9587908,derived_proxy_NOT_OFFICIAL,17827.04562696296,17827.045626964762,1.800799509510398e-09,1.0101502779500006e-11
China,Female,15-19 years,DALYs,2017,51.442995674871526,33930977.18811874,derived_proxy_NOT_OFFICIAL,17455.11112732528,17455.111127325566,2.874003257602453e-10,1.6465110056522733e-12
China,Female,15-19 years,DALYs,2018,51.64877468745965,33463613.979658544,derived_proxy_NOT_OFFICIAL,17283.546586633434,17283.54658663509,1.6552803572267294e-09,9.577203086933978e-12
China,Female,15-19 years,DALYs,2019,52.155939531871375,33415818.955237836,derived_proxy_NOT_OFFICIAL,17428.33432837289,17428.334328373458,5.675246939063072e-10,3.25633352684996e-12
China,Female,15-19 years,DALYs,2020,51.91161837912122,33812915.86969583,derived_proxy_NOT_OFFICIAL,17552.831849129383,17552.831849129816,4.3291947804391384e-10,2.4663796802986327e-12
China,Female,15-19 years,DALYs,2021,52.10508152210041,34669430.31894393,derived_proxy_NOT_OFFICIAL,18064.53493093257,18064.534930933532,9.64064383879304e-10,5.336779427565008e-12
China,Female,15-19 years,DALYs,2022,51.95651102048765,35927424.8132707,derived_proxy_NOT_OFFICIAL,18666.636432483003,18666.636432484407,1.4042598195374012e-09,7.522832646452359e-12
China,Female,15-19 years,DALYs,2023,52.78407133151164,37469550.065319404,derived_proxy_NOT_OFFICIAL,19777.95403407419,19777.95403407466,4.69299266114831e-10,2.3728403115221364e-12
China,Female,20-24 years,DALYs,1990,160.24555253107536,64663632.694886245,derived_proxy_NOT_OFFICIAL,103620.59549858344,103620.59549858556,2.1245796233415604e-09,2.050344927201856e-12
China,Female,20-24 years,DALYs,1991,160.61847313489366,63880680.527626336,derived_proxy_NOT_OFFICIAL,102604.17369165109,102604.17369165276,1.673470251262188e-09,1.6309962753477722e-12
China,Female,20-24 years,DALYs,1992,161.0892873836523,62701919.48230104,derived_proxy_NOT_OFFICIAL,101006.07526990872,101006.0752699102,1.4842953532934189e-09,1.4695109668671718e-12
China,Female,20-24 years,DALYs,1993,161.70651231140388,61437341.124606,derived_proxy_NOT_OFFICIAL,99348.1815894584,99348.1815894602,1.8044374883174896e-09,1.8162763117034789e-12
China,Female,20-24 years,DALYs,1994,162.1317864578533,59946444.186088085,derived_proxy_NOT_OFFICIAL,97192.24087686348,97192.24087686455,1.076841726899147e-09,1.1079503026002236e-12
China,Female,20-24 years,DALYs,1995,162.42972946972472,58053509.86939469,derived_proxy_NOT_OFFICIAL,94296.15902853524,94296.15902853773,2.4883775040507317e-09,2.638895931379046e-12
China,Female,20-24 years,DALYs,1996,162.5688194347576,55698481.76047139,derived_proxy_NOT_OFFICIAL,90548.36424107823,90548.36424108212,3.8853613659739494e-09,4.29092385990482e-12
China,Female,20-24 years,DALYs,1997,162.98047103518718,53041790.22617623,derived_proxy_NOT_OFFICIAL,86447.7595561147,86447.7595561179,3.2014213502407074e-09,3.70330170114196e-12
China,Female,20-24 years,DALYs,1998,162.86947689885207,50439997.30828879,derived_proxy_NOT_OFFICIAL,82151.35976380431,82151.35976380501,6.984919309616089e-10,8.502499933900823e-13
China,Female,20-24 years,DALYs,1999,162.91470614695135,48336616.628590204,derived_proxy_NOT_OFFICIAL,78747.45694184577,78747.45694184615,3.7834979593753815e-10,4.804597007074728e-13
China,Female,20-24 years,DALYs,2000,162.6672384957775,46914858.7391842,derived_proxy_NOT_OFFICIAL,76315.10515522303,76315.10515522587,2.837623469531536e-09,3.718298577666741e-12
China,Female,20-24 years,DALYs,2001,163.63948453288043,46070421.866135836,derived_proxy_NOT_OFFICIAL,75389.40086386706,75389.40086386811,1.0477378964424133e-09,1.389768169579097e-12
China,Female,20-24 years,DALYs,2002,162.83721429836953,45749129.952482894,derived_proxy_NOT_OFFICIAL,74496.60878036071,74496.60878036413,3.41970007866621e-09,4.590410402101061e-12
China,Female,20-24 years,DALYs,2003,162.7806396162469,46194080.73240049,derived_proxy_NOT_OFFICIAL,75195.02008104423,75195.020081047,2.764863893389702e-09,3.676924203770099e-12
China,Female,20-24 years,DALYs,2004,162.48231498942337,47623767.30352108,derived_proxy_NOT_OFFICIAL,77380.19959993527,77380.19959993714,1.877197064459324e-09,2.425939806519825e-12
China,Female,20-24 years,DALYs,2005,162.20074219513552,50110163.70838763,derived_proxy_NOT_OFFICIAL,81279.05745019982,81279.05745020218,2.35741026699543e-09,2.900390753718853e-12
China,Female,20-24 years,DALYs,2006,161.59489920649486,53596369.39210484,derived_proxy_NOT_OFFICIAL,86608.99909751081,86608.99909751247,1.6589183360338211e-09,1.915411046565829e-12
China,Female,20-24 years,DALYs,2007,162.37080016724155,57439156.500632964,derived_proxy_NOT_OFFICIAL,93264.4180193899,93264.41801939187,1.979060471057892e-09,2.121988763867524e-12
China,Female,20-24 years,DALYs,2008,161.84302042451995,60847078.61734612,derived_proxy_NOT_OFFICIAL,98476.74987439348,98476.7498743952,1.7171259969472885e-09,1.743686706900332e-12
China,Female,20-24 years,DALYs,2009,162.2872699126642,63122668.6887839,derived_proxy_NOT_OFFICIAL,102440.05571104043,102440.05571104349,3.055902197957039e-09,2.9831125888656563e-12
China,Female,20-24 years,DALYs,2010,161.49516239064224,63750070.81096414,derived_proxy_NOT_OFFICIAL,102953.28038031346,102953.28038031595,2.4883775040507317e-09,2.4169968114260834e-12
China,Female,20-24 years,DALYs,2011,161.3440108976195,62406184.10357879,derived_proxy_NOT_OFFICIAL,100688.64048086322,100688.64048086666,3.434251993894577e-09,3.41076409165271e-12
China,Female,20-24 years,DALYs,2012,159.78551501689412,59549375.53855698,derived_proxy_NOT_OFFICIAL,95151.27639362444,95151.27639362765,3.2014213502407074e-09,3.364559543055396e-12
China,Female,20-24 years,DALYs,2013,158.85883361929302,55695793.590577364,derived_proxy_NOT_OFFICIAL,88477.68807299841,88477.68807300016,1.7462298274040222e-09,1.973638626230036e-12
China,Female,20-24 years,DALYs,2014,157.70893220736832,51381084.38089691,derived_proxy_NOT_OFFICIAL,81032.5595336772,81032.55953367942,2.2264430299401283e-09,2.7475906509096717e-12
China,Female,20-24 years,DALYs,2015,157.65435350711442,47230493.27191245,derived_proxy_NOT_OFFICIAL,74460.92882605242,74460.92882605475,2.3283064365386963e-09,3.1268834182525905e-12
China,Female,20-24 years,DALYs,2016,157.79986674259936,43836190.79419997,derived_proxy_NOT_OFFICIAL,69173.4506582766,69173.45065827917,2.561137080192566e-09,3.702485644159673e-12
China,Female,20-24 years,DALYs,2017,157.94034671715875,41113514.33254525,derived_proxy_NOT_OFFICIAL,64934.82708442879,64934.827084430726,1.9354047253727913e-09,2.9805341944721935e-12
China,Female,20-24 years,DALYs,2018,158.3808825817494,38874362.75846508,derived_proxy_NOT_OFFICIAL,61569.55883488585,61569.558834887896,2.0445440895855427e-09,3.3207060896253914e-12
China,Female,20-24 years,DALYs,2019,159.0299630336429,37000427.27526101,derived_proxy_NOT_OFFICIAL,58841.76581813661,58841.7658181375,8.87666828930378e-10,1.5085659252203733e-12
China,Female,20-24 years,DALYs,2020,158.8278956186412,35451003.18540919,derived_proxy_NOT_OFFICIAL,56306.08233508224,56306.08233508287,6.330083124339581e-10,1.1242272347539156e-12
China,Female,20-24 years,DALYs,2021,160.00735101978293,34224560.90659714,derived_proxy_NOT_OFFICIAL,54761.81330479776,54761.81330479829,5.311449058353901e-10,9.699184044164143e-13
China,Female,20-24 years,DALYs,2022,159.87567769789183,33387627.22082627,derived_proxy_NOT_OFFICIAL,53378.69528654121,53378.695286541806,5.966285243630409e-10,1.1177278147401132e-12
China,Female,20-24 years,DALYs,2023,160.44693971685342,32946413.46019198,derived_proxy_NOT_OFFICIAL,52861.51214333805,52861.51214333951,1.4624674804508686e-09,2.7666016751190842e-12
China,Female,25-29 years,DALYs,1990,250.03942642958083,53595033.365452275,derived_proxy_NOT_OFFICIAL,134008.71402171865,134008.71402171935,6.984919309616089e-10,5.212287395343597e-13
China,Female,25-29 years,DALYs,1991,249.9464184675845,57955566.76128641,derived_proxy_NOT_OFFICIAL,144857.86342242206,144857.86342242523,3.1723175197839737e-09,2.1899518913468534e-12
China,Female,25-29 years,DALYs,1992,249.67309111693083,61187479.08531362,derived_proxy_NOT_OFFICIAL,152768.67040882722,152768.67040882807,8.440110832452774e-10,5.524765522843151e-13
China,Female,25-29 years,DALYs,1993,249.5577930708006,62771621.02135896,derived_proxy_NOT_OFFICIAL,156651.47209566843,156651.47209567018,1.7462298274040222e-09,1.1147228966591417e-12
China,Female,25-29 years,DALYs,1994,249.34601922809344,63172481.6080246,derived_proxy_NOT_OFFICIAL,157518.0681372074,157518.06813720881,1.4260876923799515e-09,9.053486430126519e-13
China,Female,25-29 years,DALYs,1995,249.7108733017738,62800091.56900246,derived_proxy_NOT_OFFICIAL,156818.65709126735,156818.65709126968,2.3283064365386963e-09,1.4847126481791248e-12
China,Female,25-29 years,DALYs,1996,249.67540883444255,61922645.67891607,derived_proxy_NOT_OFFICIAL,154605.61875993642,154605.61875993697,5.529727786779404e-10,3.576666767438561e-13
China,Female,25-29 years,DALYs,1997,250.30661219343497,60972040.95658209,derived_proxy_NOT_OFFICIAL,152617.0501036126,152617.05010361428,1.6880221664905548e-09,1.1060508412032252e-12
China,Female,25-29 years,DALYs,1998,251.1524704046609,60111470.56840821,derived_proxy_NOT_OFFICIAL,150971.44332912736,150971.44332912788,5.238689482212067e-10,3.4699870165455e-13
China,Female,25-29 years,DALYs,1999,251.26970233926772,59083653.73031867,derived_proxy_NOT_OFFICIAL,148459.32085933277,148459.3208593354,2.6193447411060333e-09,1.7643518277898483e-12
China,Female,25-29 years,DALYs,2000,251.52715049101428,57613619.09880635,derived_proxy_NOT_OFFICIAL,144913.89441397195,144913.8944139744,2.444721758365631e-09,1.687016809707601e-12
China,Female,25-29 years,DALYs,2001,252.19046124929335,55562570.695672125,derived_proxy_NOT_OFFICIAL,140123.50331937865,140123.50331938022,1.57160684466362e-09,1.1215868911595158e-12
China,Female,25-29 years,DALYs,2002,251.66367636456252,53117323.57987939,derived_proxy_NOT_OFFICIAL,133677.0093075842,133677.00930758513,9.313225746154785e-10,6.966961480059381e-13
China,Female,25-29 years,DALYs,2003,250.9558562999244,50661917.83899528,derived_proxy_NOT_OFFICIAL,127139.04973081354,127139.04973081475,1.2078089639544487e-09,9.499905548387333e-13
China,Female,25-29 years,DALYs,2004,250.2641669638948,48668201.34711155,derived_proxy_NOT_OFFICIAL,121799.06867765724,121799.06867765976,2.5174813345074654e-09,2.066913451670153e-12
China,Female,25-29 years,DALYs,2005,250.78253697072805,47336706.61194,derived_proxy_NOT_OFFICIAL,118712.1937598109,118712.19375981348,2.5756889954209328e-09,2.1696920205453337e-12
China,Female,25-29 years,DALYs,2006,251.05132603505425,46558493.99877336,derived_proxy_NOT_OFFICIAL,116885.7165658694,116885.71656587168,2.2846506908535957e-09,1.9546021173306586e-12
China,Female,25-29 years,DALYs,2007,251.12720989130403,46274721.10457443,derived_proxy_NOT_OFFICIAL,116208.41599489914,116208.41599490019,1.0477378964424133e-09,9.016024248092348e-13
China,Female,25-29 years,DALYs,2008,251.4301027840408,46722952.64972362,derived_proxy_NOT_OFFICIAL,117475.56787093807,117475.56787093882,7.421476766467094e-10,6.317464048882518e-13
China,Female,25-29 years,DALYs,2009,252.17430816024208,48126586.27388618,derived_proxy_NOT_OFFICIAL,121362.88597731316,121362.88597731451,1.3533281162381172e-09,1.1151087132940297e-12
China,Female,25-29 years,DALYs,2010,252.5951630781485,50562088.737522006,derived_proxy_NOT_OFFICIAL,127717.39050225842,127717.39050226187,3.448803909122944e-09,2.7003400989953353e-12
China,Female,25-29 years,DALYs,2011,252.7508741726539,53963867.06561394,derived_proxy_NOT_OFFICIAL,136394.1457457061,136394.1457457081,2.0081643015146255e-09,1.4723244099190713e-12
China,Female,25-29 years,DALYs,2012,253.24958562629004,57626222.25170167,derived_proxy_NOT_OFFICIAL,145938.16906451757,145938.16906451943,1.862645149230957e-09,1.2763248718075279e-12
China,Female,25-29 years,DALYs,2013,252.05183464097684,60706767.597969085,derived_proxy_NOT_OFFICIAL,153012.52148191174,153012.52148191514,3.4051481634378433e-09,2.2254049083429947e-12
China,Female,25-29 years,DALYs,2014,251.4561598006623,62486393.5245924,derived_proxy_NOT_OFFICIAL,157125.8855548686,157125.88555486978,1.1641532182693481e-09,7.40904793731663e-13
China,Female,25-29 years,DALYs,2015,250.34143360849708,62476429.67089323,derived_proxy_NOT_OFFICIAL,156404.38970551552,156404.38970551855,3.026798367500305e-09,1.935238757172534e-12
China,Female,25-29 years,DALYs,2016,249.23534955122307,60437996.972678244,derived_proxy_NOT_OFFICIAL,150632.85301661093,150632.85301661224,1.3096723705530167e-09,8.694467005870183e-13
China,Female,25-29 years,DALYs,2017,248.74250112982867,56979362.769863695,derived_proxy_NOT_OFFICIAL,141731.89208159337,141731.89208159738,4.016328603029251e-09,2.8337507839922846e-12
China,Female,25-29 years,DALYs,2018,249.2407444322264,52712314.37483065,derived_proxy_NOT_OFFICIAL,131380.56475528146,131380.56475528338,1.9208528101444244e-09,1.462052483731013e-12
China,Female,25-29 years,DALYs,2019,247.7091078857404,48210372.4859419,derived_proxy_NOT_OFFICIAL,119421.48359331826,119421.48359331914,8.731149137020111e-10,7.311204713176605e-13
China,Female,25-29 years,DALYs,2020,247.85855213887,44085147.16580543,derived_proxy_NOT_OFFICIAL,109268.80747345462,109268.80747345542,8.003553375601768e-10,7.324646036377878e-13
China,Female,25-29 years,DALYs,2021,248.2129377970768,40883258.12197943,derived_proxy_NOT_OFFICIAL,101477.5360517244,101477.53605172715,2.750311978161335e-09,2.7102668089610157e-12
China,Female,25-29 years,DALYs,2022,249.31985156008125,38411810.153980605,derived_proxy_NOT_OFFICIAL,95768.26805744343,95768.26805744467,1.2369127944111824e-09,1.291568511679945e-12
China,Female,25-29 years,DALYs,2023,248.3400966114696,36427218.19631554,derived_proxy_NOT_OFFICIAL,90463.38886159868,90463.38886160083,2.153683453798294e-09,2.3807238275068906e-12
China,Female,30-34 years,DALYs,1990,297.2304621856382,42338691.994530685,derived_proxy_NOT_OFFICIAL,125843.48989869446,125843.48989869736,2.8958311304450035e-09,2.3011370177163576e-12
China,Female,30-34 years,DALYs,1991,296.2330626939932,41427170.0021604,derived_proxy_NOT_OFFICIAL,122720.97448484549,122720.97448484696,1.469743438065052e-09,1.1976301885107236e-12
China,Female,30-34 years,DALYs,1992,295.34449482723886,42292965.59781191,derived_proxy_NOT_OFFICIAL,124909.94559231275,124909.9455923155,2.750311978161335e-09,2.2018358627246057e-12
China,Female,30-34 years,DALYs,1993,294.8460646845472,45367493.24272607,derived_proxy_NOT_OFFICIAL,133764.26847220314,133764.26847220567,2.5320332497358322e-09,1.8929070361282625e-12
China,Female,30-34 years,DALYs,1994,294.5040946390708,49638863.690028556,derived_proxy_NOT_OFFICIAL,146188.48609944014,146188.48609944104,9.022187441587448e-10,6.171612883008028e-13
China,Female,30-34 years,DALYs,1995,294.3138023197212,54156956.481504485,derived_proxy_NOT_OFFICIAL,159391.39784135218,159391.39784135256,3.7834979593753815e-10,2.373715276116236e-13
China,Female,30-34 years,DALYs,1996,294.4760278827489,58185270.54355438,derived_proxy_NOT_OFFICIAL,171341.6735094871,171341.67350949007,2.9685907065868378e-09,1.7325561527344768e-12
China,Female,30-34 years,DALYs,1997,295.8071093097945,61121250.860686764,derived_proxy_NOT_OFFICIAL,180801.00534498363,180801.0053449854,1.775333657860756e-09,9.81926872847454e-13
China,Female,30-34 years,DALYs,1998,296.5837994690925,62485074.54062192,derived_proxy_NOT_OFFICIAL,185320.6081736688,185320.60817367112,2.3283064365386963e-09,1.2563667146811753e-12
China,Female,30-34 years,DALYs,1999,297.5271498354128,62768411.3591827,derived_proxy_NOT_OFFICIAL,186753.06531394197,186753.06531394378,1.8044374883174896e-09,9.662157273210658e-13
China,Female,30-34 years,DALYs,2000,297.3824709974777,62403849.5083336,derived_proxy_NOT_OFFICIAL,185578.1096654269,185578.1096654298,2.9103830456733704e-09,1.5682792819263064e-12
China,Female,30-34 years,DALYs,2001,297.2640206719874,61684283.04816845,derived_proxy_NOT_OFFICIAL,183365.179911672,183365.1799116747,2.7066562324762344e-09,1.4761015334427427e-12
China,Female,30-34 years,DALYs,2002,297.0635520636609,60961206.00839351,derived_proxy_NOT_OFFICIAL,181093.523949378,181093.52394937963,1.6298145055770874e-09,8.99984974632598e-13
China,Female,30-34 years,DALYs,2003,296.2441585484014,60335390.16302041,derived_proxy_NOT_OFFICIAL,178740.0688953329,178740.06889533479,1.8917489796876907e-09,1.058379909652752e-12
China,Female,30-34 years,DALYs,2004,296.36561370262706,59507782.062831506,derived_proxy_NOT_OFFICIAL,176360.60351132927,176360.60351133245,3.1723175197839737e-09,1.7987676706834281e-12
China,Female,30-34 years,DALYs,2005,296.74814194747603,58184344.319777474,derived_proxy_NOT_OFFICIAL,172660.96067325806,172660.96067326146,3.4051481634378433e-09,1.972158703484636e-12
China,Female,30-34 years,DALYs,2006,296.03263001966644,56231549.91548745,derived_proxy_NOT_OFFICIAL,166463.73611563677,166463.73611563904,2.270098775625229e-09,1.3637197077255719e-12
China,Female,30-34 years,DALYs,2007,296.79982885505206,53836893.43708356,derived_proxy_NOT_OFFICIAL,159787.80758213997,159787.80758214075,7.8580342233181e-10,4.917793379997798e-13
China,Female,30-34 years,DALYs,2008,296.69914125392853,51386285.36530737,derived_proxy_NOT_OFFICIAL,152462.66740115668,152462.6674011601,3.434251993894577e-09,2.2525199463147546e-12
China,Female,30-34 years,DALYs,2009,297.8878427361197,49357613.947071046,derived_proxy_NOT_OFFICIAL,147030.33141294823,147030.33141295207,3.841705620288849e-09,2.6128660551672597e-12
China,Female,30-34 years,DALYs,2010,297.6031199189465,47951620.653503194,derived_proxy_NOT_OFFICIAL,142705.51911652158,142705.51911652344,1.862645149230957e-09,1.3052369388110872e-12
China,Female,30-34 years,DALYs,2011,298.4847302761418,47052272.57158744,derived_proxy_NOT_OFFICIAL,140443.8488740966,140443.84887409784,1.2223608791828156e-09,8.703555826632342e-13
China,Female,30-34 years,DALYs,2012,298.7436003003315,46612727.60973961,derived_proxy_NOT_OFFICIAL,139252.54065952112,139252.54065952275,1.6298145055770874e-09,1.170401988974879e-12
China,Female,30-34 years,DALYs,2013,298.9776793249836,46880006.62092115,derived_proxy_NOT_OFFICIAL,140160.75586262706,140160.75586262872,1.6589183360338211e-09,1.1835826125679168e-12
China,Female,30-34 years,DALYs,2014,299.53890661621745,48073688.77104999,derived_proxy_NOT_OFFICIAL,143999.4017148841,143999.40171488642,2.3283064365386963e-09,1.6168861875889569e-12
China,Female,30-34 years,DALYs,2015,299.8185189652814,50257112.15690745,derived_proxy_NOT_OFFICIAL,150680.1293435586,150680.1293435603,1.6880221664905548e-09,1.1202685940372242e-12
China,Female,30-34 years,DALYs,2016,299.57983329693184,53352155.1987845,derived_proxy_NOT_OFFICIAL,159832.29760483783,159832.29760483897,1.1350493878126144e-09,7.101502041964381e-13
China,Female,30-34 years,DALYs,2017,299.6846115262616,56665929.26134114,derived_proxy_NOT_OFFICIAL,169819.06997459478,169819.0699745964,1.6298145055770874e-09,9.597358564152485e-13
China,Female,30-34 years,DALYs,2018,299.05738536864544,59394534.58820323,derived_proxy_NOT_OFFICIAL,177623.74219135294,177623.74219135634,3.4051481634378433e-09,1.917056876197045e-12
China,Female,30-34 years,DALYs,2019,298.42732880907755,60870948.985871404,derived_proxy_NOT_OFFICIAL,181655.54707926812,181655.5470792723,4.190951585769653e-09,2.307087040915337e-12
China,Female,30-34 years,DALYs,2020,297.7304029059078,60654564.70129019,derived_proxy_NOT_OFFICIAL,180587.0798659732,180587.0798659758,2.5902409106492996e-09,1.434344534820379e-12
China,Female,30-34 years,DALYs,2021,297.5974896901972,58534842.42888312,derived_proxy_NOT_OFFICIAL,174198.22166246537,174198.22166246866,3.2887328416109085e-09,1.8879256115388544e-12
China,Female,30-34 years,DALYs,2022,297.3545976914082,55121181.58570029,derived_proxy_NOT_OFFICIAL,163905.36774690595,163905.36774690964,3.6961864680051804e-09,2.255073472464085e-12
China,Female,30-34 years,DALYs,2023,292.9441578465636,50991728.29390372,derived_proxy_NOT_OFFICIAL,149377.28902198223,149377.28902198415,1.9208528101444244e-09,1.285906862228403e-12
China,Female,35-39 years,DALYs,1990,317.08889753291584,44223891.49821174,derived_proxy_NOT_OFFICIAL,140229.0499978303,140229.0499978325,2.2118911147117615e-09,1.5773415813242586e-12
China,Female,35-39 years,DALYs,1991,316.685826980596,45779072.15871413,derived_proxy_NOT_OFFICIAL,144975.83324986542,144975.83324986763,2.2118911147117615e-09,1.5256964316939456e-12
China,Female,35-39 years,DALYs,1992,316.62057101715016,46232752.05157849,derived_proxy_NOT_OFFICIAL,146382.40354264976,146382.40354265104,1.280568540096283e-09,8.748104342494816e-13
China,Female,35-39 years,DALYs,1993,315.43674570234805,45125553.11016169,derived_proxy_NOT_OFFICIAL,142342.57621087696,142342.57621087876,1.8044374883174896e-09,1.2676723552089297e-12
China,Female,35-39 years,DALYs,1994,316.7923900260911,43092175.68284768,derived_proxy_NOT_OFFICIAL,136512.7332599336,136512.7332599352,1.6007106751203537e-09,1.1725724310804356e-12
China,Female,35-39 years,DALYs,1995,315.9916341339354,41110939.532464676,derived_proxy_NOT_OFFICIAL,129907.12963644735,129907.12963644919,1.8335413187742233e-09,1.411424703097894e-12
China,Female,35-39 years,DALYs,1996,315.6441595398733,40263706.305094615,derived_proxy_NOT_OFFICIAL,127090.03736631824,127090.03736631888,6.402842700481415e-10,5.03803668105484e-13
China,Female,35-39 years,DALYs,1997,316.9141197001138,41244398.504208505,derived_proxy_NOT_OFFICIAL,130709.32244521852,130709.32244521928,7.566995918750763e-10,5.789178443582063e-13
China,Female,35-39 years,DALYs,1998,318.12564489396925,44430543.5151472,derived_proxy_NOT_OFFICIAL,141344.95308745428,141344.9530874577,3.4051481634378433e-09,2.4091048806892863e-12
China,Female,35-39 years,DALYs,1999,318.34555699636223,48801431.45460871,derived_proxy_NOT_OFFICIAL,155357.18878637,155357.18878637202,2.0081643015146255e-09,1.2926111222803024e-12
China,Female,35-39 years,DALYs,2000,318.2719553149974,53405574.76601325,derived_proxy_NOT_OFFICIAL,169974.96705500022,169974.96705500322,2.9976945370435715e-09,1.763609423776845e-12
China,Female,35-39 years,DALYs,2001,319.1616201687908,57498962.399665594,derived_proxy_NOT_OFFICIAL,183514.6199750156,183514.61997501657,9.604264050722122e-10,5.233514393583293e-13
China,Female,35-39 years,DALYs,2002,318.77263784630867,60513128.73629689,derived_proxy_NOT_OFFICIAL,192899.2967160217,192899.29671602623,4.540197551250458e-09,2.3536620550433354e-12
China,Female,35-39 years,DALYs,2003,319.4382412264501,61985326.89593741,derived_proxy_NOT_OFFICIAL,198004.83805484665,198004.83805484822,1.57160684466362e-09,7.937214363561614e-13
China,Female,35-39 years,DALYs,2004,318.934567916956,62392911.302634716,derived_proxy_NOT_OFFICIAL,198992.5620738644,198992.5620738676,3.2014213502407074e-09,1.6088145792365678e-12
China,Female,35-39 years,DALYs,2005,318.20466543309664,62149244.22741715,derived_proxy_NOT_OFFICIAL,197761.79466304844,197761.79466305088,2.444721758365631e-09,1.236195172344087e-12
China,Female,35-39 years,DALYs,2006,318.076430136165,61521519.08099541,derived_proxy_NOT_OFFICIAL,195685.45165836715,195685.4516583698,2.648448571562767e-09,1.3534212937743061e-12
China,Female,35-39 years,DALYs,2007,317.93591525588107,60856364.57345164,derived_proxy_NOT_OFFICIAL,193484.23969805747,193484.23969805925,1.775333657860756e-09,9.17559828454896e-13
China,Female,35-39 years,DALYs,2008,317.27424400960194,60246557.2887892,derived_proxy_NOT_OFFICIAL,191146.80917981683,191146.80917981765,8.149072527885437e-10,4.2632532360084494e-13
China,Female,35-39 years,DALYs,2009,317.60946670894526,59387397.08466455,derived_proxy_NOT_OFFICIAL,188619.9951729249,188619.99517292678,1.8917489796876907e-09,1.0029419086525554e-12
China,Female,35-39 years,DALYs,2010,317.49936025875365,57983764.98734608,derived_proxy_NOT_OFFICIAL,184098.08288876043,184098.08288876302,2.5902409106492996e-09,1.4069896166243236e-12
China,Female,35-39 years,DALYs,2011,317.90811049816085,55906995.29995221,derived_proxy_NOT_OFFICIAL,177732.87239437335,177732.87239437367,3.2014213502407074e-10,1.8012544933933435e-13
China,Female,35-39 years,DALYs,2012,318.4694449545566,53363328.051056206,derived_proxy_NOT_OFFICIAL,169945.89465347564,169945.8946534779,2.270098775625229e-09,1.3357773544656802e-12
China,Female,35-39 years,DALYs,2013,318.70825586114233,50753278.30153735,derived_proxy_NOT_OFFICIAL,161754.88806718032,161754.88806718128,9.604264050722122e-10,5.937541774152298e-13
China,Female,35-39 years,DALYs,2014,319.8802407539338,48556913.54746287,derived_proxy_NOT_OFFICIAL,155323.97195830214,155323.9719583037,1.57160684466362e-09,1.0118250421033075e-12
China,Female,35-39 years,DALYs,2015,319.6342998312807,46976109.70396685,derived_proxy_NOT_OFFICIAL,150151.75934024868,150151.75934024877,8.731149137020111e-11,5.814883005956027e-14
China,Female,35-39 years,DALYs,2016,320.7276610950995,45906857.56850934,derived_proxy_NOT_OFFICIAL,147235.99056173651,147235.99056173867,2.153683453798294e-09,1.4627425302614769e-12
China,Female,35-39 years,DALYs,2017,320.4743259278631,45308325.531191394,derived_proxy_NOT_OFFICIAL,145201.55083528606,145201.55083528752,1.4551915228366852e-09,1.0021873144367635e-12
China,Female,35-39 years,DALYs,2018,320.5572680910197,45425704.19898498,derived_proxy_NOT_OFFICIAL,145615.396391371,145615.39639137388,2.8812792152166367e-09,1.978691324283191e-12
China,Female,35-39 years,DALYs,2019,321.54905662413825,46473650.28885258,derived_proxy_NOT_OFFICIAL,149435.5840826038,149435.58408260657,2.764863893389702e-09,1.850204494708143e-12
China,Female,35-39 years,DALYs,2020,320.6348961099307,48516962.35283063,derived_proxy_NOT_OFFICIAL,155562.31183569183,155562.3118356927,8.731149137020111e-10,5.612637813098415e-13
China,Female,35-39 years,DALYs,2021,321.22728044566406,51489841.345391914,derived_proxy_NOT_OFFICIAL,165399.41705958807,165399.41705958958,1.5133991837501526e-09,9.149966853903263e-13
China,Female,35-39 years,DALYs,2022,321.4918337061657,54714848.68512598,derived_proxy_NOT_OFFICIAL,175903.7703473625,175903.7703473654,2.9103830456733704e-09,1.6545313610539154e-12
China,Female,35-39 years,DALYs,2023,317.51207898398155,57409404.70681161,derived_proxy_NOT_OFFICIAL,182281.79441692372,182281.7944169253,1.57160684466362e-09,8.62185304731511e-13
China,Female,40-44 years,DALYs,1990,322.5159421857023,32004837.540236212,derived_proxy_NOT_OFFICIAL,103220.70333789584,103220.70333789615,3.055902197957039e-10,2.960551613326503e-13
China,Female,40-44 years,DALYs,1991,322.1320693615814,34160267.86593946,derived_proxy_NOT_OFFICIAL,110041.17777600992,110041.1777760101,1.7462298274040222e-10,1.586887620340172e-13
China,Female,40-44 years,DALYs,1992,321.9107560282446,36210655.67633142,derived_proxy_NOT_OFFICIAL,116565.9954504615,116565.99545046296,1.4551915228366852e-09,1.248384245519626e-12
China,Female,40-44 years,DALYs,1993,322.7993283741392,39039038.59963539,derived_proxy_NOT_OFFICIAL,126017.7544033438,126017.754403344,2.0372681319713593e-10,1.6166516707246623e-13
China,Female,40-44 years,DALYs,1994,322.40892991919947,40686061.31358728,derived_proxy_NOT_OFFICIAL,131175.49490740383,131175.49490740613,2.2992026060819626e-09,1.752768386888846e-12
China,Female,40-44 years,DALYs,1995,322.6168425575163,43228604.61730935,derived_proxy_NOT_OFFICIAL,139462.75929803465,139462.7592980361,1.4551915228366852e-09,1.0434265965775941e-12
China,Female,40-44 years,DALYs,1996,323.16352905402084,44383187.47535649,derived_proxy_NOT_OFFICIAL,143430.27495202297,143430.27495202422,1.2514647096395493e-09,8.725247930105138e-13
China,Female,40-44 years,DALYs,1997,323.66911501136417,44553115.135374635,derived_proxy_NOT_OFFICIAL,144204.67346865914,144204.67346866123,2.0954757928848267e-09,1.4531261314081121e-12
China,Female,40-44 years,DALYs,1998,324.61962216029474,43317768.07985835,derived_proxy_NOT_OFFICIAL,140617.97506910787,140617.9750691089,1.0477378964424133e-09,7.450952809749208e-13
China,Female,40-44 years,DALYs,1999,325.24370619435416,41296974.17766152,derived_proxy_NOT_OFFICIAL,134315.80936155014,134315.80936155174,1.6007106751203537e-09,1.1917515017249938e-12
China,Female,40-44 years,DALYs,2000,325.7550745675844,39430204.2547602,derived_proxy_NOT_OFFICIAL,128445.89127224346,128445.89127224493,1.469743438065052e-09,1.1442510332618609e-12
China,Female,40-44 years,DALYs,2001,325.6810977709505,38757745.607457146,derived_proxy_NOT_OFFICIAL,126226.65136563763,126226.65136563877,1.1350493878126144e-09,8.992153206415536e-13
China,Female,40-44 years,DALYs,2002,325.4972878593246,39906467.78048791,derived_proxy_NOT_OFFICIAL,129894.47030594102,129894.47030594335,2.3283064365386963e-09,1.7924600108494425e-12
China,Female,40-44 years,DALYs,2003,325.55430258941806,43222514.906558745,derived_proxy_NOT_OFFICIAL,140712.75696565173,140712.75696565458,2.852175384759903e-09,2.0269486905555583e-12
China,Female,40-44 years,DALYs,2004,325.3703172983492,47704052.11307525,derived_proxy_NOT_OFFICIAL,155214.8257244807,155214.8257244828,2.0954757928848267e-09,1.3500487360688543e-12
China,Female,40-44 years,DALYs,2005,324.7747308881236,52411791.07497014,derived_proxy_NOT_OFFICIAL,170220.25341737765,170220.25341737986,2.2118911147117615e-09,1.299428869541297e-12
China,Female,40-44 years,DALYs,2006,324.991184941876,56605241.132429,derived_proxy_NOT_OFFICIAL,183962.04389548427,183962.0438954872,2.939486876130104e-09,1.597876830396675e-12
China,Female,40-44 years,DALYs,2007,325.14966269359894,59713272.631822854,derived_proxy_NOT_OFFICIAL,194157.50454567705,194157.50454568115,4.103640094399452e-09,2.1135624419987534e-12
China,Female,40-44 years,DALYs,2008,324.74120018371576,61263864.16269123,derived_proxy_NOT_OFFICIAL,198949.0077608426,198949.0077608448,2.2118911147117615e-09,1.1117879599433262e-12
China,Female,40-44 years,DALYs,2009,324.8978530500489,61718599.3442346,derived_proxy_NOT_OFFICIAL,200522.4042019766,200522.40420197978,3.1723175197839737e-09,1.5820264735050006e-12
China,Female,40-44 years,DALYs,2010,325.3857276156407,61485557.29078985,derived_proxy_NOT_OFFICIAL,200065.2279691672,200065.22796916816,9.604264050722122e-10,4.800566369385424e-13
China,Female,40-44 years,DALYs,2011,324.66130474246245,60832068.34895382,derived_proxy_NOT_OFFICIAL,197498.18680353824,197498.18680354,1.775333657860756e-09,8.989113705771755e-13
China,Female,40-44 years,DALYs,2012,325.1058117956168,60111476.5545097,derived_proxy_NOT_OFFICIAL,195425.9038348668,195425.9038348706,3.812601789832115e-09,1.9509193587016645e-12
China,Female,40-44 years,DALYs,2013,324.58240487092974,59424092.838624015,derived_proxy_NOT_OFFICIAL,192880.1496083383,192880.14960833977,1.4551915228366852e-09,7.544537505759879e-13
China,Female,40-44 years,DALYs,2014,325.31104187846086,58475124.79303759,derived_proxy_NOT_OFFICIAL,190226.0377039588,190226.03770396076,1.949956640601158e-09,1.025073467406075e-12
China,Female,40-44 years,DALYs,2015,326.51186483106494,56980778.09163314,derived_proxy_NOT_OFFICIAL,186049.00114223897,186049.00114224228,3.3178366720676422e-09,1.7833133484716082e-12
China,Female,40-44 years,DALYs,2016,325.5872182625302,54822855.25430071,derived_proxy_NOT_OFFICIAL,178496.20939456817,178496.20939457108,2.9103830456733704e-09,1.630501317392086e-12
China,Female,40-44 years,DALYs,2017,326.19504370535844,52214304.19675553,derived_proxy_NOT_OFFICIAL,170320.47239505223,170320.4723950555,3.259629011154175e-09,1.9138210253395623e-12
China,Female,40-44 years,DALYs,2018,326.93680203241223,49555880.35145821,derived_proxy_NOT_OFFICIAL,162016.4104400638,162016.41044006599,2.1827872842550278e-09,1.347263081762033e-12
China,Female,40-44 years,DALYs,2019,326.7989500914339,47324860.41462853,derived_proxy_NOT_OFFICIAL,154657.14696724096,154657.14696724265,1.6880221664905548e-09,1.0914608213017837e-12
China,Female,40-44 years,DALYs,2020,326.8042309574644,45726257.51919482,derived_proxy_NOT_OFFICIAL,149435.34423123245,149435.34423123437,1.9208528101444244e-09,1.2854072910436407e-12
China,Female,40-44 years,DALYs,2021,327.473329740938,44665118.26380558,derived_proxy_NOT_OFFICIAL,146266.35001120984,146266.350011212,2.153683453798294e-09,1.4724394596797116e-12
China,Female,40-44 years,DALYs,2022,326.6855588154971,44090053.543745995,derived_proxy_NOT_OFFICIAL,144035.83780143684,144035.83780143847,1.6298145055770874e-09,1.1315340199040583e-12
China,Female,40-44 years,DALYs,2023,325.3891348989963,44229497.462642774,derived_proxy_NOT_OFFICIAL,143917.97916386454,143917.97916386684,2.2992026060819626e-09,1.5975784397751292e-12
China,Female,45-49 years,DALYs,1990,319.10954585340846,24444640.920842405,derived_proxy_NOT_OFFICIAL,78005.1826279952,78005.18262799665,1.4551915228366852e-09,1.865506205884368e-12
China,Female,45-49 years,DALYs,1991,320.3124337614515,25437732.529112335,derived_proxy_NOT_OFFICIAL,81480.22015772785,81480.22015772815,3.055902197957039e-10,3.7504834818088146e-13
China,Female,45-49 years,DALYs,1992,321.6937090036129,26687141.398563944,derived_proxy_NOT_OFFICIAL,85850.85499207786,85850.85499207901,1.1496013030409813e-09,1.3390679721792686e-12
China,Female,45-49 years,DALYs,1993,321.7687769267804,27629556.30349838,derived_proxy_NOT_OFFICIAL,88903.28538806281,88903.2853880629,8.731149137020111e-11,9.820952171687073e-14
China,Female,45-49 years,DALYs,1994,324.28408157503327,30088310.971731156,derived_proxy_NOT_OFFICIAL,97571.60289611745,97571.60289611836,9.167706593871117e-10,9.39587576892817e-13
China,Female,45-49 years,DALYs,1995,324.1568373535423,31538340.572629385,derived_proxy_NOT_OFFICIAL,102233.68735402348,102233.68735402447,9.89530235528946e-10,9.679101489338996e-13
China,Female,45-49 years,DALYs,1996,324.2584265158045,33492846.72135882,derived_proxy_NOT_OFFICIAL,108603.3777740274,108603.37777402833,9.313225746154785e-10,8.575447593842751e-13
China,Female,45-49 years,DALYs,1997,325.07186783640867,35343382.10297775,derived_proxy_NOT_OFFICIAL,114891.39235870643,114891.39235870876,2.3283064365386963e-09,2.02652817477345e-12
China,Female,45-49 years,DALYs,1998,324.5382040221695,37968931.15585795,derived_proxy_NOT_OFFICIAL,123223.68725963256,123223.68725963535,2.7939677238464355e-09,2.2673950000859332e-12
China,Female,45-49 years,DALYs,1999,325.1682176497715,39468136.86924581,derived_proxy_NOT_OFFICIAL,128337.83719729756,128337.83719729894,1.382431946694851e-09,1.0771818949773926e-12
China,Female,45-49 years,DALYs,2000,325.4455606990152,41901021.634031475,derived_proxy_NOT_OFFICIAL,136365.01479548833,136365.01479548938,1.0477378964424133e-09,7.683333573598365e-13
China,Female,45-49 years,DALYs,2001,325.43910082709635,43063400.451824516,derived_proxy_NOT_OFFICIAL,140145.1432159876,140145.14321598946,1.862645149230957e-09,1.3290829111075956e-12
China,Female,45-49 years,DALYs,2002,324.42338269875887,43345107.09171887,derived_proxy_NOT_OFFICIAL,140621.66266135074,140621.66266135397,3.230525180697441e-09,2.297316871069351e-12
China,Female,45-49 years,DALYs,2003,326.0108900779272,42305099.852862984,derived_proxy_NOT_OFFICIAL,137919.2325786717,137919.23257867448,2.764863893389702e-09,2.0046978522829087e-12
China,Female,45-49 years,DALYs,2004,325.6033600823558,40503897.30607479,derived_proxy_NOT_OFFICIAL,131882.0505928839,131882.05059288628,2.3865140974521637e-09,1.8095821885718658e-12
China,Female,45-49 years,DALYs,2005,325.74535343983297,38829624.729460545,derived_proxy_NOT_OFFICIAL,126485.69831434112,126485.69831434204,9.167706593871117e-10,7.248018326220261e-13
China,Female,45-49 years,DALYs,2006,326.04699278014965,38292172.66394679,derived_proxy_NOT_OFFICIAL,124850.47744097792,124850.47744098105,3.128661774098873e-09,2.5059269601735592e-12
China,Female,45-49 years,DALYs,2007,325.54128149736266,39533699.13478476,derived_proxy_NOT_OFFICIAL,128698.5107866891,128698.51078669008,9.74978320300579e-10,7.575676783988227e-13
China,Female,45-49 years,DALYs,2008,325.5110327314979,42915865.510296285,derived_proxy_NOT_OFFICIAL,139695.8770282241,139695.87702822615,2.066371962428093e-09,1.4791932348945446e-12
China,Female,45-49 years,DALYs,2009,325.33932827847576,47450759.5965319,derived_proxy_NOT_OFFICIAL,154375.98253438945,154375.98253439125,1.8044374883174896e-09,1.1688589498794125e-12
China,Female,45-49 years,DALYs,2010,326.1982291798755,52193760.38083498,derived_proxy_NOT_OFFICIAL,170255.12210466902,170255.12210467114,2.1245796233415604e-09,1.2478800033019957e-12
China,Female,45-49 years,DALYs,2011,326.06624510967964,56387189.91081403,derived_proxy_NOT_OFFICIAL,183859.5928650513,183859.59286505543,4.132743924856186e-09,2.2477717156099245e-12
China,Female,45-49 years,DALYs,2012,326.7324702320406,59459853.88409208,derived_proxy_NOT_OFFICIAL,194274.6493918553,194274.64939185602,7.275957614183426e-10,3.745191478640991e-13
China,Female,45-49 years,DALYs,2013,326.42797090918214,60948242.94050782,derived_proxy_NOT_OFFICIAL,198952.11273549733,198952.11273549855,1.2223608791828156e-09,6.143995468939397e-13
China,Female,45-49 years,DALYs,2014,326.4562597773213,61327537.335413024,derived_proxy_NOT_OFFICIAL,200207.58459872828,200207.58459872962,1.3387762010097504e-09,6.686940475771837e-13
China,Female,45-49 years,DALYs,2015,326.10049950068804,61022254.593909904,derived_proxy_NOT_OFFICIAL,198993.87703731825,198993.87703732174,3.4924596548080444e-09,1.75505885246564e-12
China,Female,45-49 years,DALYs,2016,327.2200563624002,60317284.109698184,derived_proxy_NOT_OFFICIAL,197370.2510600217,197370.25106002347,1.775333657860756e-09,8.994940465069705e-13
China,Female,45-49 years,DALYs,2017,326.7848709778346,59560812.79597922,derived_proxy_NOT_OFFICIAL,194635.72524868808,194635.7252486903,2.2118911147117615e-09,1.1364260656082563e-12
China,Female,45-49 years,DALYs,2018,326.6626859889311,58851242.176645696,derived_proxy_NOT_OFFICIAL,192245.04843208104,192245.04843208153,4.94765117764473e-10,2.573616963348059e-13
China,Female,45-49 years,DALYs,2019,326.1018527475707,57895641.067555934,derived_proxy_NOT_OFFICIAL,188798.7581813825,188798.7581813833,8.149072527885437e-10,4.316274432301335e-13
China,Female,45-49 years,DALYs,2020,326.0077135569382,56409349.19307445,derived_proxy_NOT_OFFICIAL,183898.829536688,183898.82953669116,3.1723175197839737e-09,1.7250341004215545e-12
China,Female,45-49 years,DALYs,2021,325.2323638258524,54268721.94846274,derived_proxy_NOT_OFFICIAL,176499.44721106236,176499.44721106457,2.2118911147117615e-09,1.2532000239449634e-12
China,Female,45-49 years,DALYs,2022,325.8113412089488,51683935.01442311,derived_proxy_NOT_OFFICIAL,168392.12186005013,168392.12186005345,3.3178366720676422e-09,1.970303975874287e-12
China,Female,45-49 years,DALYs,2023,326.6425467847738,49050894.905810535,derived_proxy_NOT_OFFICIAL,160221.09234105994,160221.0923410624,2.473825588822365e-09,1.54400744163969e-12
China,Female,50-54 years,DALYs,1990,316.14422142232604,22514565.142984252,derived_proxy_NOT_OFFICIAL,71178.49667790868,71178.49667790998,1.2951204553246498e-09,1.8195389278664126e-12
China,Female,50-54 years,DALYs,1991,316.0971171845487,22513799.465633824,derived_proxy_NOT_OFFICIAL,71165.47107957734,71165.47107957886,1.5133991837501526e-09,2.126591956452965e-12
China,Female,50-54 years,DALYs,1992,317.31267133031685,22600325.06328363,derived_proxy_NOT_OFFICIAL,71713.6951876396,71713.6951876404,8.003553375601768e-10,1.116042529207342e-12
China,Female,50-54 years,DALYs,1993,317.800977063134,22845280.64907322,derived_proxy_NOT_OFFICIAL,72602.52511556908,72602.52511556978,6.984919309616089e-10,9.620766355574351e-13
China,Female,50-54 years,DALYs,1994,318.3312384669681,23273120.002557874,derived_proxy_NOT_OFFICIAL,74085.61113404504,74085.61113404615,1.1059455573558807e-09,1.4927939993028665e-12
China,Female,50-54 years,DALYs,1995,319.4594106204521,23732237.491101526,derived_proxy_NOT_OFFICIAL,75814.86601611786,75814.8660161189,1.0477378964424133e-09,1.3819689349838981e-12
China,Female,50-54 years,DALYs,1996,320.06859769117995,24662030.577909376,derived_proxy_NOT_OFFICIAL,78935.41543288395,78935.41543288455,5.966285243630409e-10,7.558439023740029e-13
China,Female,50-54 years,DALYs,1997,320.1384374898426,25874144.062515035,derived_proxy_NOT_OFFICIAL,82833.08051560594,82833.08051560652,5.820766091346741e-10,7.027103248019486e-13
China,Female,50-54 years,DALYs,1998,320.73618683198345,26810271.22755818,derived_proxy_NOT_OFFICIAL,85990.24161458136,85990.2416145825,1.1350493878126144e-09,1.3199746465419213e-12
China,Female,50-54 years,DALYs,1999,321.06166083581115,29250965.41199761,derived_proxy_NOT_OFFICIAL,93913.63536226744,93913.63536226819,7.566995918750763e-10,8.057398576427621e-13
China,Female,50-54 years,DALYs,2000,321.5203617387522,30721527.408450145,derived_proxy_NOT_OFFICIAL,98775.96605531788,98775.9660553188,9.167706593871117e-10,9.281313015695428e-13
China,Female,50-54 years,DALYs,2001,321.56208569286287,32704709.43036522,derived_proxy_NOT_OFFICIAL,105165.94576407214,105165.94576407282,6.83940015733242e-10,6.503436171891458e-13
China,Female,50-54 years,DALYs,2002,321.0616303939683,34608732.829273805,derived_proxy_NOT_OFFICIAL,111115.36188035666,111115.36188035904,2.371962182223797e-09,2.1346842975481684e-12
China,Female,50-54 years,DALYs,2003,321.5781144561243,37288457.609046966,derived_proxy_NOT_OFFICIAL,119911.51888894312,119911.51888894444,1.3242242857813835e-09,1.1043345110221005e-12
China,Female,50-54 years,DALYs,2004,320.58860464322726,38899707.413853124,derived_proxy_NOT_OFFICIAL,124708.02920836832,124708.02920836976,1.4406396076083183e-09,1.1552099866811517e-12
China,Female,50-54 years,DALYs,2005,322.3260962930784,41427748.761104435,derived_proxy_NOT_OFFICIAL,133532.44536376948,133532.44536377207,2.5902409106492996e-09,1.9397839256166978e-12
China,Female,50-54 years,DALYs,2006,322.3769332331757,42695317.57540268,derived_proxy_NOT_OFFICIAL,137639.8554337461,137639.85543374822,2.1245796233415604e-09,1.5435787960154038e-12
China,Female,50-54 years,DALYs,2007,323.5054878912989,43066606.42105532,derived_proxy_NOT_OFFICIAL,139322.8352206575,139322.8352206605,2.9976945370435715e-09,2.151617523642744e-12
China,Female,50-54 years,DALYs,2008,323.071285780186,42098948.5724462,derived_proxy_NOT_OFFICIAL,136009.6144529397,136009.61445294117,1.4551915228366852e-09,1.0699181294570847e-12
China,Female,50-54 years,DALYs,2009,323.65878341293194,40350241.5591777,derived_proxy_NOT_OFFICIAL,130597.1009346122,130597.1009346138,1.6007106751203537e-09,1.2256862240164144e-12
China,Female,50-54 years,DALYs,2010,323.36435269367576,38709790.48280487,derived_proxy_NOT_OFFICIAL,125173.66342379776,125173.66342380008,2.3283064365386963e-09,1.860060952802667e-12
China,Female,50-54 years,DALYs,2011,323.08085437098623,38187899.75859506,derived_proxy_NOT_OFFICIAL,123377.79280640284,123377.7928064047,1.862645149230957e-09,1.5097086006018198e-12
China,Female,50-54 years,DALYs,2012,323.0500546455237,39431161.317209825,derived_proxy_NOT_OFFICIAL,127382.38818260928,127382.38818261093,1.6443664208054543e-09,1.2908899293426414e-12
China,Female,50-54 years,DALYs,2013,324.3418596443388,42795903.69014904,derived_proxy_NOT_OFFICIAL,138805.02988022676,138805.02988022962,2.852175384759903e-09,2.0548069383515942e-12
China,Female,50-54 years,DALYs,2014,323.6651367165669,47288549.76072123,derived_proxy_NOT_OFFICIAL,153056.54923431718,153056.54923432015,2.9685907065868378e-09,1.9395385048451377e-12
China,Female,50-54 years,DALYs,2015,324.4714599299013,51963397.41474642,derived_proxy_NOT_OFFICIAL,168606.3942208035,168606.3942208043,8.149072527885437e-10,4.83319305032618e-13
China,Female,50-54 years,DALYs,2016,324.28359388935235,56068991.23346113,derived_proxy_NOT_OFFICIAL,181822.53982937176,181822.53982937365,1.8917489796876907e-09,1.0404370005297309e-12
China,Female,50-54 years,DALYs,2017,324.4456037548788,59047571.87763573,derived_proxy_NOT_OFFICIAL,191577.25108098844,191577.2510809913,2.852175384759903e-09,1.4887860477516499e-12
China,Female,50-54 years,DALYs,2018,325.3277443012937,60455697.58094372,derived_proxy_NOT_OFFICIAL,196679.15724169312,196679.15724169597,2.852175384759903e-09,1.4501665681101888e-12
China,Female,50-54 years,DALYs,2019,324.3859964533996,60778274.49904512,derived_proxy_NOT_OFFICIAL,197156.2113609061,197156.21136091,3.899913281202316e-09,1.9780828888334107e-12
China,Female,50-54 years,DALYs,2020,323.83154969293395,60444471.30611559,derived_proxy_NOT_OFFICIAL,195738.26813429332,195738.2681342949,1.57160684466362e-09,8.029124093329375e-13
China,Female,50-54 years,DALYs,2021,323.39498992513404,59740158.770488836,derived_proxy_NOT_OFFICIAL,193196.68043707867,193196.68043708146,2.7939677238464355e-09,1.446177914405931e-12
China,Female,50-54 years,DALYs,2022,323.1428922070668,58995761.50951069,derived_proxy_NOT_OFFICIAL,190640.6100214143,190640.61002141633,2.0372681319713593e-09,1.0686433135849266e-12
China,Female,50-54 years,DALYs,2023,323.29656671553767,58299142.27256253,derived_proxy_NOT_OFFICIAL,188479.12539179923,188479.12539180132,2.0954757928848267e-09,1.1117813649277477e-12
China,Female,55-59 years,DALYs,1990,310.9204970539658,20700566.22271914,derived_proxy_NOT_OFFICIAL,64362.30339266289,64362.3033926637,8.076312951743603e-10,1.2548203724890738e-12
China,Female,55-59 years,DALYs,1991,311.7130839502988,21193797.354773052,derived_proxy_NOT_OFFICIAL,66063.83934073862,66063.83934073994,1.3242242857813835e-09,2.0044615919934788e-12
China,Female,55-59 years,DALYs,1992,312.79760628374606,21548684.258013304,derived_proxy_NOT_OFFICIAL,67403.76854470708,67403.76854470803,9.458744898438454e-10,1.4032961513368094e-12
China,Female,55-59 years,DALYs,1993,313.35739749907674,21671278.948601365,derived_proxy_NOT_OFFICIAL,67908.55571810147,67908.55571810252,1.0477378964424133e-09,1.5428658220795174e-12
China,Female,55-59 years,DALYs,1994,314.4762160047432,21494746.92362304,derived_proxy_NOT_OFFICIAL,67595.86676520499,67595.86676520569,6.984919309616089e-10,1.033335267950374e-12
China,Female,55-59 years,DALYs,1995,314.6290669092224,21437802.95821006,derived_proxy_NOT_OFFICIAL,67449.5594132539,67449.55941325398,8.731149137020111e-11,1.2944708924673025e-13
China,Female,55-59 years,DALYs,1996,313.7523039909381,21373741.320773005,derived_proxy_NOT_OFFICIAL,67060.60584298741,67060.60584298847,1.0622898116707802e-09,1.5840742837277317e-12
China,Female,55-59 years,DALYs,1997,313.6251701506632,21409108.75139077,derived_proxy_NOT_OFFICIAL,67144.3537492889,67144.35374928983,9.313225746154785e-10,1.387045257882673e-12
China,Female,55-59 years,DALYs,1998,312.64841115399656,21614851.116370574,derived_proxy_NOT_OFFICIAL,67578.48858863355,67578.48858863449,9.313225746154785e-10,1.378134660993474e-12
China,Female,55-59 years,DALYs,1999,312.3374519862024,22019778.624288816,derived_proxy_NOT_OFFICIAL,68776.01548810533,68776.01548810613,8.003553375601768e-10,1.1637128610606944e-12
China,Female,55-59 years,DALYs,2000,312.00597060198044,22487074.511615958,derived_proxy_NOT_OFFICIAL,70161.01508995751,70161.01508995792,4.0745362639427185e-10,5.80740780149563e-13
China,Female,55-59 years,DALYs,2001,313.1152453240365,23442426.386920623,derived_proxy_NOT_OFFICIAL,73401.81089131208,73401.81089131317,1.0913936421275139e-09,1.4868756354575068e-12
China,Female,55-59 years,DALYs,2002,313.25744437531915,24694264.28697417,derived_proxy_NOT_OFFICIAL,77356.62121266116,77356.62121266242,1.2514647096395493e-09,1.617786157178642e-12
China,Female,55-59 years,DALYs,2003,314.5799912659361,25693940.618149966,derived_proxy_NOT_OFFICIAL,80827.9961524506,80827.99615245097,3.637978807091713e-10,4.500889518812367e-13
China,Female,55-59 years,DALYs,2004,316.06975915007257,28156750.707820848,derived_proxy_NOT_OFFICIAL,88994.97414669492,88994.9741466957,7.8580342233181e-10,8.829750554638405e-13
China,Female,55-59 years,DALYs,2005,316.3071658547974,29678727.875790477,derived_proxy_NOT_OFFICIAL,93875.94300566951,93875.94300567056,1.0477378964424133e-09,1.1160877461216412e-12
China,Female,55-59 years,DALYs,2006,317.18010707920894,31700028.626181185,derived_proxy_NOT_OFFICIAL,100546.18474066078,100546.18474066137,5.820766091346741e-10,5.789146655698839e-13
China,Female,55-59 years,DALYs,2007,316.7640885251164,33637946.170938015,derived_proxy_NOT_OFFICIAL,106552.93358693917,106552.93358694109,1.9208528101444244e-09,1.8027216571913089e-12
China,Female,55-59 years,DALYs,2008,317.7078821892497,36324608.11598007,derived_proxy_NOT_OFFICIAL,115406.1431588242,115406.14315882458,3.7834979593753815e-10,3.2784198967367427e-13
China,Female,55-59 years,DALYs,2009,316.8154198818309,37960209.12196344,derived_proxy_NOT_OFFICIAL,120263.7959177692,120263.79591776954,3.4924596548080444e-10,2.903999186252217e-13
China,Female,55-59 years,DALYs,2010,316.85488255372,40474611.58058095,derived_proxy_NOT_OFFICIAL,128245.78298772374,128245.78298772413,3.92901711165905e-10,3.0636618375476353e-13
China,Female,55-59 years,DALYs,2011,317.7408261174638,41738180.09423122,derived_proxy_NOT_OFFICIAL,132619.2382378042,132619.2382378051,9.022187441587448e-10,6.803075904726166e-13
China,Female,55-59 years,DALYs,2012,317.7630125089061,42107558.03878675,derived_proxy_NOT_OFFICIAL,133802.24491798287,133802.24491798482,1.949956640601158e-09,1.4573422454880547e-12
China,Female,55-59 years,DALYs,2013,317.9049013819776,41157559.02978937,derived_proxy_NOT_OFFICIAL,130841.89744487892,130841.89744488112,2.1973391994833946e-09,1.6793850000601601e-12
China,Female,55-59 years,DALYs,2014,318.5099023585507,39442292.21427828,derived_proxy_NOT_OFFICIAL,125627.60641967112,125627.606419672,8.731149137020111e-10,6.950024270822184e-13
China,Female,55-59 years,DALYs,2015,318.80455513519985,37839899.015714176,derived_proxy_NOT_OFFICIAL,120635.32172065368,120635.32172065646,2.7794158086180687e-09,2.3039817600471585e-12
China,Female,55-59 years,DALYs,2016,319.1528421616574,37348187.45030855,derived_proxy_NOT_OFFICIAL,119197.8017435213,119197.80174352317,1.877197064459324e-09,1.5748587952137752e-12
China,Female,55-59 years,DALYs,2017,319.44196714067857,38591486.06778447,derived_proxy_NOT_OFFICIAL,123277.40224374887,123277.40224375163,2.750311978161335e-09,2.230994430531e-12
China,Female,55-59 years,DALYs,2018,319.8414878461588,41916046.38763246,derived_proxy_NOT_OFFICIAL,134064.90641248695,134064.90641248977,2.8230715543031693e-09,2.105749841511265e-12
China,Female,55-59 years,DALYs,2019,320.4394334723133,46347185.32230213,derived_proxy_NOT_OFFICIAL,148514.65807714636,148514.65807714808,1.7171259969472885e-09,1.1561996769741896e-12
China,Female,55-59 years,DALYs,2020,320.1527206951098,50957804.47667726,derived_proxy_NOT_OFFICIAL,163142.79743857528,163142.7974385767,1.4260876923799515e-09,8.741346322180642e-13
China,Female,55-59 years,DALYs,2021,320.3771416623716,55003987.90919568,derived_proxy_NOT_OFFICIAL,176220.2042637962,176220.2042637976,1.4260876923799515e-09,8.092645779964835e-13
China,Female,55-59 years,DALYs,2022,319.5456417327461,57935067.44673574,derived_proxy_NOT_OFFICIAL,185128.98306096808,185128.983060971,2.9103830456733704e-09,1.5720839587364346e-12
China,Female,55-59 years,DALYs,2023,319.6415899326998,59332827.45972243,derived_proxy_NOT_OFFICIAL,189652.39304427945,189652.39304428227,2.8230715543031693e-09,1.4885504522181523e-12
China,Female,60-64 years,DALYs,1990,298.2327920110142,17185942.56048867,derived_proxy_NOT_OFFICIAL,51254.11633155384,51254.11633155455,7.057678885757923e-10,1.3769974766715404e-12
China,Female,60-64 years,DALYs,1991,300.82259329923426,17598689.495015062,derived_proxy_NOT_OFFICIAL,52940.83412558379,52940.834125584224,4.3655745685100555e-10,8.246138619868063e-13
China,Female,60-64 years,DALYs,1992,301.8428323727156,18008503.720324993,derived_proxy_NOT_OFFICIAL,54357.377697374046,54357.37769737482,7.712515071034431e-10,1.4188534101060978e-12
China,Female,60-64 years,DALYs,1993,302.6666748410697,18417562.03430535,derived_proxy_NOT_OFFICIAL,55743.822596022204,55743.822596023274,1.0695657692849636e-09,1.9187162262555103e-12
China,Female,60-64 years,DALYs,1994,303.40574270106043,18940915.204558007,derived_proxy_NOT_OFFICIAL,57467.82445076679,57467.8244507673,5.093170329928398e-10,8.862646843873068e-13
China,Female,60-64 years,DALYs,1995,303.9835780792964,19384447.04529219,derived_proxy_NOT_OFFICIAL,58925.535719164815,58925.53571916566,8.440110832452774e-10,1.432335019010736e-12
China,Female,60-64 years,DALYs,1996,304.22252030633337,19815743.68683421,derived_proxy_NOT_OFFICIAL,60283.954861529615,60283.95486153017,5.529727786779404e-10,9.172801949508817e-13
China,Female,60-64 years,DALYs,1997,303.2550685788589,20145851.3388386,derived_proxy_NOT_OFFICIAL,61093.315293388965,61093.31529338997,1.0040821507573128e-09,1.643522120113142e-12
China,Female,60-64 years,DALYs,1998,302.0737137399499,20282261.74695518,derived_proxy_NOT_OFFICIAL,61267.38128948465,61267.38128948475,1.0186340659856796e-10,1.662604218666856e-13
China,Female,60-64 years,DALYs,1999,300.9475047241345,20160349.456259705,derived_proxy_NOT_OFFICIAL,60672.068632278206,60672.068632279195,9.89530235528946e-10,1.6309485696396792e-12
China,Female,60-64 years,DALYs,2000,300.65908665774515,20166787.443566404,derived_proxy_NOT_OFFICIAL,60633.27893603506,60633.27893603558,5.238689482212067e-10,8.63995741965169e-13
China,Female,60-64 years,DALYs,2001,300.37092180050524,20179193.87668551,derived_proxy_NOT_OFFICIAL,60612.43065931039,60612.43065931138,9.89530235528946e-10,1.6325532976740124e-12
China,Female,60-64 years,DALYs,2002,301.8179773666216,20301947.637739576,derived_proxy_NOT_OFFICIAL,61274.92772625591,61274.92772625621,2.9831426218152046e-10,4.868455553537842e-13
China,Female,60-64 years,DALYs,2003,300.6832167618663,20601104.74867754,derived_proxy_NOT_OFFICIAL,61944.06444680456,61944.06444680522,6.621121428906918e-10,1.068887146498582e-12
China,Female,60-64 years,DALYs,2004,301.3592739239996,21099780.544302247,derived_proxy_NOT_OFFICIAL,63586.14544786533,63586.145447866584,1.2514647096395493e-09,1.9681405451217872e-12
China,Female,60-64 years,DALYs,2005,302.3091173721806,21663684.95076015,derived_proxy_NOT_OFFICIAL,65491.29476493242,65491.29476493292,5.020410753786564e-10,7.665768056359703e-13
China,Female,60-64 years,DALYs,2006,302.2091979589508,22688093.583244555,derived_proxy_NOT_OFFICIAL,68565.50565009913,68565.50565009956,4.220055416226387e-10,6.154779106803372e-13
China,Female,60-64 years,DALYs,2007,302.77561888411475,23989607.730847754,derived_proxy_NOT_OFFICIAL,72634.68327494504,72634.68327494572,6.83940015733242e-10,9.416162980215866e-13
China,Female,60-64 years,DALYs,2008,304.38044418186905,25029905.197558716,derived_proxy_NOT_OFFICIAL,76186.13661862838,76186.13661862996,1.57160684466362e-09,2.062851477206083e-12
China,Female,60-64 years,DALYs,2009,304.700778845431,27482242.39109925,derived_proxy_NOT_OFFICIAL,83738.60660986799,83738.60660986861,6.257323548197746e-10,7.472447657685728e-13
China,Female,60-64 years,DALYs,2010,306.1351988990741,29000902.35357025,derived_proxy_NOT_OFFICIAL,88781.97010262734,88781.97010262856,1.2223608791828156e-09,1.3768120686777169e-12
China,Female,60-64 years,DALYs,2011,306.28214313302897,30994148.76759956,derived_proxy_NOT_OFFICIAL,94929.54309124112,94929.5430912432,2.08092387765646e-09,2.192071940824985e-12
China,Female,60-64 years,DALYs,2012,306.4365112910963,32897592.051636178,derived_proxy_NOT_OFFICIAL,100810.23338180964,100810.23338181089,1.2514647096395493e-09,1.2414064204173994e-12
China,Female,60-64 years,DALYs,2013,305.85427326656867,35519902.11990881,derived_proxy_NOT_OFFICIAL,108639.1384938419,108639.13849384361,1.7025740817189217e-09,1.5671829741317676e-12
China,Female,60-64 years,DALYs,2014,305.71281355801915,37118949.03189273,derived_proxy_NOT_OFFICIAL,113477.38344856392,113477.38344856638,2.459273673593998e-09,2.1671927910716384e-12
China,Female,60-64 years,DALYs,2015,305.8559558780302,39554188.75752485,derived_proxy_NOT_OFFICIAL,120978.84211412766,120978.84211412798,3.2014213502407074e-10,2.6462654909695584e-13
China,Female,60-64 years,DALYs,2016,307.1690117657753,40755586.33241049,derived_proxy_NOT_OFFICIAL,125188.53177661065,125188.53177661268,2.0372681319713593e-09,1.6273600329515074e-12
China,Female,60-64 years,DALYs,2017,307.5627608358103,41073994.275968924,derived_proxy_NOT_OFFICIAL,126328.31078071252,126328.31078071272,2.0372681319713593e-10,1.6126774112477121e-13
China,Female,60-64 years,DALYs,2018,309.3347573583031,40113114.91110377,derived_proxy_NOT_OFFICIAL,124083.80667911832,124083.80667912014,1.8189894035458565e-09,1.4659361702609406e-12
China,Female,60-64 years,DALYs,2019,309.83679082295293,38426403.31992134,derived_proxy_NOT_OFFICIAL,119059.1348751272,119059.13487512892,1.7171259969472885e-09,1.4422463246925672e-12
China,Female,60-64 years,DALYs,2020,310.57817827006534,36871461.444139645,derived_proxy_NOT_OFFICIAL,114514.7132547573,114514.71325475843,1.1350493878126144e-09,9.911821420602134e-13
China,Female,60-64 years,DALYs,2021,309.60321182861657,36414608.04728794,derived_proxy_NOT_OFFICIAL,112740.79608920384,112740.79608920534,1.4988472685217857e-09,1.3294630874664516e-12
China,Female,60-64 years,DALYs,2022,307.8097454143709,37646721.15148698,derived_proxy_NOT_OFFICIAL,115880.27653324963,115880.2765332502,5.675246939063072e-10,4.897508971196378e-13
China,Female,60-64 years,DALYs,2023,309.396511828129,40899032.51594391,derived_proxy_NOT_OFFICIAL,126540.17997577996,126540.17997578272,2.764863893389702e-09,2.1849691488655243e-12
China,Female,65-69 years,DALYs,1990,266.9372661314317,13936442.110095907,derived_proxy_NOT_OFFICIAL,37201.55756467922,37201.557564679635,4.147295840084553e-10,1.1148177956995478e-12
China,Female,65-69 years,DALYs,1991,269.8288887730245,14259855.983653236,derived_proxy_NOT_OFFICIAL,38477.21094132445,38477.210941325175,7.275957614183426e-10,1.8909784353337998e-12
China,Female,65-69 years,DALYs,1992,270.64186335470066,14561192.222697597,derived_proxy_NOT_OFFICIAL,39408.68195816811,39408.681958168534,4.220055416226387e-10,1.0708440898139984e-12
China,Female,65-69 years,DALYs,1993,272.73503642390205,14888251.869750533,derived_proxy_NOT_OFFICIAL,40605.4791598462,40605.4791598464,1.964508555829525e-10,4.838038108345193e-13
China,Female,65-69 years,DALYs,1994,272.90307986024385,15213269.521131366,derived_proxy_NOT_OFFICIAL,41517.48107060664,41517.48107060727,6.257323548197746e-10,1.5071539474074158e-12
China,Female,65-69 years,DALYs,1995,273.6145753843308,15551729.941637676,derived_proxy_NOT_OFFICIAL,42551.79984472968,42551.799844729765,8.731149137020111e-11,2.0518871513966104e-13
China,Female,65-69 years,DALYs,1996,273.41504698117245,15882226.464378757,derived_proxy_NOT_OFFICIAL,43424.396949237125,43424.39694923739,2.6193447411060333e-10,6.031965726934636e-13
China,Female,65-69 years,DALYs,1997,273.0164347293,16215994.435633373,derived_proxy_NOT_OFFICIAL,44272.32986406776,44272.329864067906,1.4551915228366852e-10,3.2869097409254383e-13
China,Female,65-69 years,DALYs,1998,272.3644869010506,16559640.326645095,derived_proxy_NOT_OFFICIAL,45102.57940832617,45102.579408326375,2.0372681319713593e-10,4.516965900170377e-13
China,Female,65-69 years,DALYs,1999,272.52593219665994,17022409.301068135,derived_proxy_NOT_OFFICIAL,46390.479630065645,46390.47963006688,1.2369127944111824e-09,2.6663074067670122e-12
China,Female,65-69 years,DALYs,2000,271.2866825269988,17433901.411321785,derived_proxy_NOT_OFFICIAL,47295.85277380167,47295.85277380249,8.221832104027271e-10,1.7383833088599144e-12
China,Female,65-69 years,DALYs,2001,271.0167668464708,17863771.480864704,derived_proxy_NOT_OFFICIAL,48413.81590428097,48413.81590428144,4.656612873077393e-10,9.61835539318774e-13
China,Female,65-69 years,DALYs,2002,272.47390525154515,18226370.98317591,derived_proxy_NOT_OFFICIAL,49662.10480349286,49662.10480349385,9.89530235528946e-10,1.992525768781652e-12
China,Female,65-69 years,DALYs,2003,272.42432382728924,18430852.265691333,derived_proxy_NOT_OFFICIAL,50210.1246604148,50210.12466041623,1.433363649994135e-09,2.8547303152270118e-12
China,Female,65-69 years,DALYs,2004,272.5703541069237,18413802.673357602,derived_proxy_NOT_OFFICIAL,50190.567151320414,50190.56715132099,5.748006515204906e-10,1.1452364142200549e-12
China,Female,65-69 years,DALYs,2005,273.1910814940705,18527544.08929438,derived_proxy_NOT_OFFICIAL,50615.59807183375,50615.59807183405,2.9831426218152046e-10,5.893721966065723e-13
China,Female,65-69 years,DALYs,2006,272.27218391266524,18657442.8817833,derived_proxy_NOT_OFFICIAL,50799.02719648896,50799.02719648949,5.311449058353901e-10,1.0455808607927454e-12
China,Female,65-69 years,DALYs,2007,273.09283761183696,18891881.81848582,derived_proxy_NOT_OFFICIAL,51592.376136376646,51592.37613637763,9.822542779147625e-10,1.9038748580184053e-12
China,Female,65-69 years,DALYs,2008,274.33284140874883,19281200.37262138,derived_proxy_NOT_OFFICIAL,52894.66483992525,52894.6648399265,1.2514647096395493e-09,2.3659564030263696e-12
China,Female,65-69 years,DALYs,2009,274.87130059670204,19844200.109927654,derived_proxy_NOT_OFFICIAL,54546.01093516973,54546.010935170314,5.820766091346741e-10,1.0671295648484672e-12
China,Female,65-69 years,DALYs,2010,274.57387318453056,20457512.6017982,derived_proxy_NOT_OFFICIAL,56170.984707970296,56170.98470797074,4.43833414465189e-10,7.901471138037784e-13
China,Female,65-69 years,DALYs,2011,275.17456495393697,21489463.377207518,derived_proxy_NOT_OFFICIAL,59133.53735916529,59133.537359166396,1.1059455573558807e-09,1.8702509721997325e-12
China,Female,65-69 years,DALYs,2012,275.6355614958343,22770003.82374624,derived_proxy_NOT_OFFICIAL,62762.2278922051,62762.22789220589,7.930793799459934e-10,1.2636252832007765e-12
China,Female,65-69 years,DALYs,2013,276.20732431977046,23783903.640153315,derived_proxy_NOT_OFFICIAL,65692.88386325956,65692.88386325997,4.0745362639427185e-10,6.202401271382619e-13
China,Female,65-69 years,DALYs,2014,275.9361849305634,26146564.05637269,derived_proxy_NOT_OFFICIAL,72147.83134758013,72147.83134758077,6.402842700481415e-10,8.874615606441467e-13
China,Female,65-69 years,DALYs,2015,276.6202719847872,27595319.458576627,derived_proxy_NOT_OFFICIAL,76334.24774138437,76334.24774138558,1.2078089639544487e-09,1.5822635313659335e-12
China,Female,65-69 years,DALYs,2016,277.3412794429835,29513774.96190031,derived_proxy_NOT_OFFICIAL,81853.88109125668,81853.88109125722,5.384208634495735e-10,6.57782937438608e-13
China,Female,65-69 years,DALYs,2017,278.40947369085416,31352894.804769464,derived_proxy_NOT_OFFICIAL,87289.42941280466,87289.42941280582,1.1641532182693481e-09,1.3336703265224646e-12
China,Female,65-69 years,DALYs,2018,278.9753226812926,33891098.869150996,derived_proxy_NOT_OFFICIAL,94547.80243044913,94547.80243044991,7.8580342233181e-10,8.311175956837913e-13
China,Female,65-69 years,DALYs,2019,280.9030083604083,35503618.17763037,derived_proxy_NOT_OFFICIAL,99730.73153775386,99730.73153775648,2.6193447411060333e-09,2.6264168533793012e-12
China,Female,65-69 years,DALYs,2020,280.567464796056,37920794.80430448,derived_proxy_NOT_OFFICIAL,106393.4126129496,106393.41261295161,2.0081643015146255e-09,1.8874893211858525e-12
China,Female,65-69 years,DALYs,2021,280.49717901240035,39157039.459738396,derived_proxy_NOT_OFFICIAL,109834.3910693382,109834.39106933864,4.3655745685100555e-10,3.9746881882871075e-13
China,Female,65-69 years,DALYs,2022,281.45935690813945,39516569.96402538,derived_proxy_NOT_OFFICIAL,111223.08369289876,111223.08369290084,2.08092387765646e-09,1.8709460379665056e-12
China,Female,65-69 years,DALYs,2023,280.4340787764247,38613502.53348436,derived_proxy_NOT_OFFICIAL,108285.42011308632,108285.42011308829,1.964508555829525e-09,1.8141948877124165e-12
China,Female,70+ years,DALYs,1990,181.39894467347943,21824249.86825356,derived_proxy_NOT_OFFICIAL,39588.95894391397,39588.95894391518,1.2150849215686321e-09,3.0692520187006024e-12
China,Female,70+ years,DALYs,1991,182.11161061621056,22510243.05831836,derived_proxy_NOT_OFFICIAL,40993.76618712689,40993.7661871273,4.147295840084553e-10,1.011689392273236e-12
China,Female,70+ years,DALYs,1992,182.6429932452559,23220129.69130636,derived_proxy_NOT_OFFICIAL,42409.9399036319,42409.93990363234,4.3655745685100555e-10,1.0293753253199486e-12
China,Female,70+ years,DALYs,1993,183.87250525082823,23951556.13622454,derived_proxy_NOT_OFFICIAL,44040.32631423447,44040.326314234546,7.275957614183426e-11,1.6521125575383694e-13
China,Female,70+ years,DALYs,1994,184.52031059687607,24702600.430822197,derived_proxy_NOT_OFFICIAL,45581.31504045775,45581.315040458365,6.184563972055912e-10,1.3568199966513744e-12
China,Female,70+ years,DALYs,1995,184.6825564976096,25480696.17371264,derived_proxy_NOT_OFFICIAL,47058.401106999416,47058.4011070011,1.6807462088763714e-09,3.57161775440428e-12
China,Female,70+ years,DALYs,1996,184.1743253686633,26254171.327143084,derived_proxy_NOT_OFFICIAL,48353.442922898015,48353.44292289881,7.930793799459934e-10,1.6401714790208386e-12
China,Female,70+ years,DALYs,1997,183.7413094168969,27054971.52638842,derived_proxy_NOT_OFFICIAL,49711.15894495305,49711.15894495471,1.6589183360338211e-09,3.3371145860244394e-12
China,Female,70+ years,DALYs,1998,182.98544517994983,27902798.50780301,derived_proxy_NOT_OFFICIAL,51058.06006716752,51058.06006716774,2.1827872842550278e-10,4.2751081443038447e-13
China,Female,70+ years,DALYs,1999,182.81069422799104,28764480.4055664,derived_proxy_NOT_OFFICIAL,52584.54632049025,52584.546320490386,1.382431946694851e-10,2.62896999865561e-13
China,Female,70+ years,DALYs,2000,182.3477502612944,29658121.562046297,derived_proxy_NOT_OFFICIAL,54080.917438150405,54080.91743815129,8.87666828930378e-10,1.64136791862963e-12
China,Female,70+ years,DALYs,2001,182.00829976202087,30544879.48090396,derived_proxy_NOT_OFFICIAL,55594.21580755154,55594.21580755169,1.5279510989785194e-10,2.7483994095137014e-13
China,Female,70+ years,DALYs,2002,182.3004295774133,31499622.9024361,derived_proxy_NOT_OFFICIAL,57423.94786640572,57423.94786640627,5.529727786779404e-10,9.62965451216289e-13
China,Female,70+ years,DALYs,2003,182.47507162907115,32571039.89134775,derived_proxy_NOT_OFFICIAL,59434.02837206998,59434.02837207015,1.673470251262188e-10,2.815676973443394e-13
China,Female,70+ years,DALYs,2004,182.77600586679824,33829856.705234565,derived_proxy_NOT_OFFICIAL,61832.86087628715,61832.86087628897,1.8189894035458565e-09,2.941784316247669e-12
China,Female,70+ years,DALYs,2005,182.7705770702416,35141191.912578374,derived_proxy_NOT_OFFICIAL,64227.75924798026,64227.75924798055,2.9103830456733704e-10,4.5313476287356104e-13
China,Female,70+ years,DALYs,2006,182.51324705532815,36508575.15810533,derived_proxy_NOT_OFFICIAL,66632.98597469192,66632.98597469293,1.0040821507573128e-09,1.506884519836281e-12
China,Female,70+ years,DALYs,2007,182.49209504632245,37881601.98306625,derived_proxy_NOT_OFFICIAL,69130.9290960057,69130.92909600683,1.1350493878126144e-09,1.6418836006620316e-12
China,Female,70+ years,DALYs,2008,182.272511231802,39177803.95329194,derived_proxy_NOT_OFFICIAL,71410.367111137,71410.36711113741,4.0745362639427185e-10,5.705804953504101e-13
China,Female,70+ years,DALYs,2009,181.37621628039935,40396277.47169453,derived_proxy_NOT_OFFICIAL,73269.23959628983,73269.2395962909,1.076841726899147e-09,1.4697050670001434e-12
China,Female,70+ years,DALYs,2010,180.5726219926799,41754077.11180785,derived_proxy_NOT_OFFICIAL,75396.43182963386,75396.43182963687,3.0122464522719383e-09,3.995210886210669e-12
China,Female,70+ years,DALYs,2011,179.69278373655646,43156708.073338345,derived_proxy_NOT_OFFICIAL,77549.49010604025,77549.49010604087,6.257323548197746e-10,8.068813269618609e-13
China,Female,70+ years,DALYs,2012,178.56312115152744,44668414.33708032,derived_proxy_NOT_OFFICIAL,79761.31480918577,79761.314809187,1.2223608791828156e-09,1.5325234822257989e-12
China,Female,70+ years,DALYs,2013,177.4854011288108,46278606.724077106,derived_proxy_NOT_OFFICIAL,82137.7707810529,82137.77078105306,1.6007106751203537e-10,1.9488119289081037e-13
China,Female,70+ years,DALYs,2014,177.00538358170448,47983125.33830963,derived_proxy_NOT_OFFICIAL,84932.71505956394,84932.715059565,1.0622898116707802e-09,1.2507427920157603e-12
China,Female,70+ years,DALYs,2015,176.46238114933183,49800609.85494354,derived_proxy_NOT_OFFICIAL,87879.34197692179,87879.3419769222,4.0745362639427185e-10,4.636512031476912e-13
China,Female,70+ years,DALYs,2016,176.7524690100459,51928205.59856601,derived_proxy_NOT_OFFICIAL,91784.3855080766,91784.38550807831,1.7171259969472885e-09,1.870825835398974e-12
China,Female,70+ years,DALYs,2017,177.7479699052839,54237868.547948346,derived_proxy_NOT_OFFICIAL,96406.71026387293,96406.71026387466,1.7316779121756554e-09,1.7962213495677983e-12
China,Female,70+ years,DALYs,2018,178.86380632166285,56361026.54457104,derived_proxy_NOT_OFFICIAL,100809.4773595805,100809.47735958254,2.0372681319713593e-09,2.0209093284995052e-12
China,Female,70+ years,DALYs,2019,180.9283753636225,59954507.60193683,derived_proxy_NOT_OFFICIAL,108474.71656144154,108474.71656144386,2.3137545213103294e-09,2.1329896907357096e-12
China,Female,70+ years,DALYs,2020,182.0577271725555,62957730.14561026,derived_proxy_NOT_OFFICIAL,114619.4125825285,114619.41258252886,3.637978807091713e-10,3.173963925589209e-13
China,Female,70+ years,DALYs,2021,182.498289249815,66729520.77758011,derived_proxy_NOT_OFFICIAL,121780.23384368088,121780.23384368354,2.663000486791134e-09,2.1867263699045e-12
China,Female,70+ years,DALYs,2022,183.07903601602823,70536918.45904386,derived_proxy_NOT_OFFICIAL,129138.31035022836,129138.31035022938,1.0186340659856796e-09,7.887930879869053e-13
China,Female,70+ years,DALYs,2023,183.4274701657468,74696117.81811872,derived_proxy_NOT_OFFICIAL,137013.19922579665,137013.1992258008,4.16184775531292e-09,3.037552424751595e-12
United States of America,Male,15-19 years,DALYs,1990,91.10324150746538,9320231.166150702,derived_proxy_NOT_OFFICIAL,8491.032708352011,8491.032708352332,3.2014213502407074e-10,3.770355691942751e-12
United States of America,Male,15-19 years,DALYs,1991,90.93414324591603,9077968.713092282,derived_proxy_NOT_OFFICIAL,8254.973073382496,8254.973073382776,2.801243681460619e-10,3.3934013552303475e-12
United States of America,Male,15-19 years,DALYs,1992,90.71871946308843,9027238.098561812,derived_proxy_NOT_OFFICIAL,8189.394805898858,8189.394805899329,4.711182555183768e-10,5.75278475008957e-12
United States of America,Male,15-19 years,DALYs,1993,90.58052326887376,9126583.446443485,derived_proxy_NOT_OFFICIAL,8266.907042358647,8266.907042358922,2.7466739993542433e-10,3.322492904880402e-12
United States of America,Male,15-19 years,DALYs,1994,90.30812508592228,9323745.80870649,derived_proxy_NOT_OFFICIAL,8420.100027619914,8420.100027620094,1.800799509510398e-10,2.1386913499879465e-12
United States of America,Male,15-19 years,DALYs,1995,90.83862947628688,9573096.622225782,derived_proxy_NOT_OFFICIAL,8696.069770070471,8696.069770070613,1.418811734765768e-10,1.631555141897476e-12
United States of America,Male,15-19 years,DALYs,1996,91.10930120508355,9837843.103981748,derived_proxy_NOT_OFFICIAL,8963.190105690079,8963.190105690272,1.9281287677586079e-10,2.151163531089873e-12
United States of America,Male,15-19 years,DALYs,1997,90.70437944317192,10054746.056428991,derived_proxy_NOT_OFFICIAL,9120.095015070432,9120.095015070718,2.8558133635669947e-10,3.1313416788398887e-12
United States of America,Male,15-19 years,DALYs,1998,90.91562260890902,10233457.1277521,derived_proxy_NOT_OFFICIAL,9303.811262111356,9303.8112621116,2.4374458007514477e-10,2.619835820055433e-12
United States of America,Male,15-19 years,DALYs,1999,90.52379760338133,10353259.96752865,derived_proxy_NOT_OFFICIAL,9372.164098357363,9372.16409835754,1.7644197214394808e-10,1.8826171873673513e-12
United States of America,Male,15-19 years,DALYs,2000,90.37637168492677,10412244.67962611,derived_proxy_NOT_OFFICIAL,9410.20895240283,9410.208952402903,7.275957614183426e-11,7.731983052645777e-13
United States of America,Male,15-19 years,DALYs,2001,89.92841761536796,10530041.868870746,derived_proxy_NOT_OFFICIAL,9469.500026910771,9469.500026911182,4.1109160520136356e-10,4.341217635916452e-12
United States of America,Male,15-19 years,DALYs,2002,89.54596018310887,10630269.43266184,derived_proxy_NOT_OFFICIAL,9518.976833527964,9518.976833528564,6.002665031701326e-10,6.305998151564566e-12
United States of America,Male,15-19 years,DALYs,2003,89.3090182532557,10728897.085619073,derived_proxy_NOT_OFFICIAL,9581.87265656811,9581.872656568557,4.474713932722807e-10,4.6699785032683705e-12
United States of America,Male,15-19 years,DALYs,2004,89.2514684039059,10899967.559531353,derived_proxy_NOT_OFFICIAL,9728.381102430782,9728.38110243112,3.383320290595293e-10,3.477783461577096e-12
United States of America,Male,15-19 years,DALYs,2005,89.26594728772262,11085511.386752512,derived_proxy_NOT_OFFICIAL,9895.586751072751,9895.586751072988,2.3646862246096134e-10,2.3896372030221095e-12
United States of America,Male,15-19 years,DALYs,2006,89.16326742794222,11258658.63975205,derived_proxy_NOT_OFFICIAL,10038.58791176108,10038.587911761242,1.6189005691558123e-10,1.6126775831281303e-12
United States of America,Male,15-19 years,DALYs,2007,89.74048883480077,11399456.492435165,derived_proxy_NOT_OFFICIAL,10229.92798082157,10229.92798082175,1.800799509510398e-10,1.760324718694427e-12
United States of America,Male,15-19 years,DALYs,2008,90.3720440590978,11470051.17818845,derived_proxy_NOT_OFFICIAL,10365.71970435305,10365.719704353533,4.82032191939652e-10,4.650253004016924e-12
United States of America,Male,15-19 years,DALYs,2009,91.10842816213489,11449001.529238382,derived_proxy_NOT_OFFICIAL,10431.005333547224,10431.005333547875,6.511982064694166e-10,6.242909342353549e-12
United States of America,Male,15-19 years,DALYs,2010,91.2010231412295,11337177.006374067,derived_proxy_NOT_OFFICIAL,10339.621425144664,10339.621425145362,6.984919309616089e-10,6.755488448184032e-12
United States of America,Male,15-19 years,DALYs,2011,90.99553953734758,11194798.836883891,derived_proxy_NOT_OFFICIAL,10186.76760174276,10186.767601743208,4.474713932722807e-10,4.392673031980497e-12
United States of America,Male,15-19 years,DALYs,2012,90.18996657879626,11060862.344165567,derived_proxy_NOT_OFFICIAL,9975.78805152908,9975.788051529586,5.056790541857481e-10,5.069063732847031e-12
United States of America,Male,15-19 years,DALYs,2013,89.63640153969325,10963283.32984955,derived_proxy_NOT_OFFICIAL,9827.092667477678,9827.092667478197,5.184119800105691e-10,5.275334196513993e-12
United States of America,Male,15-19 years,DALYs,2014,89.24539556429725,10921166.212654714,derived_proxy_NOT_OFFICIAL,9746.637986717777,9746.63798671808,3.0377123039215803e-10,3.1166770614248937e-12
United States of America,Male,15-19 years,DALYs,2015,88.80769653509488,10939040.331866086,derived_proxy_NOT_OFFICIAL,9714.709741774835,9714.709741775268,4.3291947804391384e-10,4.4563295204002804e-12
United States of America,Male,15-19 years,DALYs,2016,88.14700483921916,10976509.908103682,derived_proxy_NOT_OFFICIAL,9675.464719873007,9675.464719873524,5.165929906070232e-10,5.339205976804013e-12
United States of America,Male,15-19 years,DALYs,2017,87.60474118544126,10998716.08843048,derived_proxy_NOT_OFFICIAL,9635.396762990807,9635.39676299101,2.0190782379359007e-10,2.0954801214736724e-12
United States of America,Male,15-19 years,DALYs,2018,86.97041898375241,11008823.186296424,derived_proxy_NOT_OFFICIAL,9574.419650302068,9574.419650302481,4.129105946049094e-10,4.312643582442955e-12
United States of America,Male,15-19 years,DALYs,2019,86.43543811971468,11016053.396964267,derived_proxy_NOT_OFFICIAL,9521.774017167185,9521.774017167776,5.911715561524034e-10,6.208628298535091e-12
United States of America,Male,15-19 years,DALYs,2020,85.59925900308365,11011460.975554224,derived_proxy_NOT_OFFICIAL,9425.729000487603,9425.729000488142,5.384208634495735e-10,5.7122463782029e-12
United States of America,Male,15-19 years,DALYs,2021,85.75556926450558,11044510.697008558,derived_proxy_NOT_OFFICIAL,9471.283020698504,9471.283020698902,3.9835867937654257e-10,4.2059632101160015e-12
United States of America,Male,15-19 years,DALYs,2022,86.04850395805953,11177787.606143154,derived_proxy_NOT_OFFICIAL,9618.319010695044,9618.319010695579,5.347828846424818e-10,5.560045201742971e-12
United States of America,Male,15-19 years,DALYs,2023,85.41321409955394,11304046.503213428,derived_proxy_NOT_OFFICIAL,9655.149441702417,9655.149441702826,4.092726157978177e-10,4.238905034758881e-12
United States of America,Male,20-24 years,DALYs,1990,332.71188560164336,9990986.732238935,derived_proxy_NOT_OFFICIAL,33241.20034704187,33241.20034704218,3.055902197957039e-10,9.193116271533749e-13
United States of America,Male,20-24 years,DALYs,1991,333.2257964880177,10084249.246967653,derived_proxy_NOT_OFFICIAL,33603.31987304447,33603.319873044886,4.147295840084553e-10,1.234192292830978e-12
United States of America,Male,20-24 years,DALYs,1992,333.5605262754032,10089205.933470018,derived_proxy_NOT_OFFICIAL,33653.6084086916,33653.608408691805,2.0372681319713593e-10,6.053639500497668e-13
United States of America,Male,20-24 years,DALYs,1993,333.6033779434758,10015839.127871163,derived_proxy_NOT_OFFICIAL,33413.177659961926,33413.17765996257,6.402842700481415e-10,1.916262728927384e-12
United States of America,Male,20-24 years,DALYs,1994,333.53362620192075,9841332.729135009,derived_proxy_NOT_OFFICIAL,32824.15391808035,32824.15391808045,9.458744898438454e-11,2.881641647807514e-13
United States of America,Male,20-24 years,DALYs,1995,334.26328369388006,9599928.037778944,derived_proxy_NOT_OFFICIAL,32089.03469132922,32089.034691329365,1.4551915228366852e-10,4.5348560242913527e-13
United States of America,Male,20-24 years,DALYs,1996,333.51509597204364,9365580.361302739,derived_proxy_NOT_OFFICIAL,31235.624330337498,31235.6243303377,2.0372681319713593e-10,6.522258400939562e-13
United States of America,Male,20-24 years,DALYs,1997,333.3906736517808,9304651.062535413,derived_proxy_NOT_OFFICIAL,31020.83885833405,31020.838858334388,3.383320290595293e-10,1.0906604769929784e-12
United States of America,Male,20-24 years,DALYs,1998,333.00875996494347,9381593.005800582,derived_proxy_NOT_OFFICIAL,31241.526533574142,31241.526533574386,2.4374458007514477e-10,7.801942066217579e-13
United States of America,Male,20-24 years,DALYs,1999,332.7712846736352,9543608.313864525,derived_proxy_NOT_OFFICIAL,31758.38799026654,31758.387990266834,2.9467628337442875e-10,9.27869145829261e-13
United States of America,Male,20-24 years,DALYs,2000,332.94173491179,9745877.62419597,derived_proxy_NOT_OFFICIAL,32448.094044377707,32448.094044378005,2.9831426218152046e-10,9.193583505198496e-13
United States of America,Male,20-24 years,DALYs,2001,333.2291402708574,10079755.403079662,derived_proxy_NOT_OFFICIAL,33588.68227108727,33588.68227108766,3.8562575355172157e-10,1.1480824119249938e-12
United States of America,Male,20-24 years,DALYs,2002,334.0943173059853,10340967.884184014,derived_proxy_NOT_OFFICIAL,34548.58605549538,34548.586055495776,3.92901711165905e-10,1.137243968638216e-12
United States of America,Male,20-24 years,DALYs,2003,335.1071685153892,10518414.557537932,derived_proxy_NOT_OFFICIAL,35247.961196475044,35247.961196475866,8.221832104027271e-10,2.332569551526144e-12
United States of America,Male,20-24 years,DALYs,2004,336.2337232690204,10649475.929958872,derived_proxy_NOT_OFFICIAL,35807.12942793877,35807.12942793885,8.003553375601768e-11,2.2351843064406435e-13
United States of America,Male,20-24 years,DALYs,2005,337.91245538092767,10704019.328940384,derived_proxy_NOT_OFFICIAL,36170.214538870816,36170.21453887155,7.34871719032526e-10,2.0317040647983608e-12
United States of America,Male,20-24 years,DALYs,2006,337.46536060830783,10768197.633000694,derived_proxy_NOT_OFFICIAL,36338.9369732206,36338.93697322106,4.5838532969355583e-10,1.2614164526368935e-12
United States of America,Male,20-24 years,DALYs,2007,336.9784018572478,10812296.18010185,derived_proxy_NOT_OFFICIAL,36435.10287177876,36435.10287177946,6.984919309616089e-10,1.9170851072377074e-12
United States of America,Male,20-24 years,DALYs,2008,336.76812244859127,10879380.863079716,derived_proxy_NOT_OFFICIAL,36638.28666662449,36638.2866666249,4.147295840084553e-10,1.1319568182380418e-12
United States of America,Male,20-24 years,DALYs,2009,335.11645260733565,11006093.755488858,derived_proxy_NOT_OFFICIAL,36883.23096403108,36883.23096403175,6.693881005048752e-10,1.814884658986816e-12
United States of America,Male,20-24 years,DALYs,2010,334.4812935282068,11159827.5140943,derived_proxy_NOT_OFFICIAL,37327.53542465869,37327.53542465934,6.548361852765083e-10,1.7542979407205156e-12
United States of America,Male,20-24 years,DALYs,2011,331.1081478924985,11313955.260756476,derived_proxy_NOT_OFFICIAL,37461.427717275954,37461.42771727667,7.130438461899757e-10,1.9034080910406517e-12
United States of America,Male,20-24 years,DALYs,2012,326.288641599696,11459404.47017825,derived_proxy_NOT_OFFICIAL,37390.735181159,37390.735181159456,4.5838532969355583e-10,1.225932914858903e-12
United States of America,Male,20-24 years,DALYs,2013,322.3103807248202,11534476.581311354,derived_proxy_NOT_OFFICIAL,37176.8153838397,37176.81538383986,1.6007106751203537e-10,4.3056691612594736e-13
United States of America,Male,20-24 years,DALYs,2014,317.82999145775267,11537026.579862595,derived_proxy_NOT_OFFICIAL,36668.13059325573,36668.13059325594,2.1100277081131935e-10,5.754391276497977e-13
United States of America,Male,20-24 years,DALYs,2015,313.8546544987341,11457805.673775258,derived_proxy_NOT_OFFICIAL,35960.85641056309,35960.85641056368,5.966285243630409e-10,1.659105438289251e-12
United States of America,Male,20-24 years,DALYs,2016,311.1530239451285,11338618.207948163,derived_proxy_NOT_OFFICIAL,35280.45342762342,35280.45342762365,2.3283064365386963e-10,6.599423222593024e-13
United States of America,Male,20-24 years,DALYs,2017,308.82037908971495,11206884.609080728,derived_proxy_NOT_OFFICIAL,34609.143533909606,34609.14353391002,4.147295840084553e-10,1.1983237424009306e-12
United States of America,Male,20-24 years,DALYs,2018,307.2986474546468,11084692.710126985,derived_proxy_NOT_OFFICIAL,34063.11077272362,34063.11077272406,4.3655745685100555e-10,1.281613590032368e-12
United States of America,Male,20-24 years,DALYs,2019,304.4388181517604,10994463.69355492,derived_proxy_NOT_OFFICIAL,33471.41533078289,33471.415330782984,9.458744898438454e-11,2.825917220697705e-13
United States of America,Male,20-24 years,DALYs,2020,303.5629031567648,10954342.61419098,derived_proxy_NOT_OFFICIAL,33253.3204613764,33253.32046137678,3.7834979593753815e-10,1.137780500377368e-12
United States of America,Male,20-24 years,DALYs,2021,304.6870092698216,10928986.712554153,derived_proxy_NOT_OFFICIAL,33299.20275797733,33299.202757977444,1.1641532182693481e-10,3.4960393098013666e-13
United States of America,Male,20-24 years,DALYs,2022,307.10051258802594,10986271.340191033,derived_proxy_NOT_OFFICIAL,33738.895600037446,33738.89560003805,6.039044819772243e-10,1.7899355365282142e-12
United States of America,Male,20-24 years,DALYs,2023,307.3478133968624,11070684.901490917,derived_proxy_NOT_OFFICIAL,34025.50797278866,34025.507972788924,2.6193447411060333e-10,7.698179680964091e-13
United States of America,Male,25-29 years,DALYs,1990,512.2026094731389,10923338.006422458,derived_proxy_NOT_OFFICIAL,55949.62231046618,55949.62231046698,8.003553375601768e-10,1.430492833569064e-12
United States of America,Male,25-29 years,DALYs,1991,512.1249284757657,10713439.708403394,derived_proxy_NOT_OFFICIAL,54866.195443954566,54866.19544395516,5.966285243630409e-10,1.0874246328460897e-12
United States of America,Male,25-29 years,DALYs,1992,511.1156553889077,10506438.021638311,derived_proxy_NOT_OFFICIAL,53700.04955232543,53700.04955232605,6.184563972055912e-10,1.1516868277802353e-12
United States of America,Male,25-29 years,DALYs,1993,511.9117492026435,10299048.784302197,derived_proxy_NOT_OFFICIAL,52722.040782954566,52722.040782954966,4.001776687800884e-10,7.59032963893668e-13
United States of America,Male,25-29 years,DALYs,1994,512.4026184736911,10162856.474974468,derived_proxy_NOT_OFFICIAL,52074.74268949204,52074.74268949223,1.8917489796876907e-10,3.6327572292919256e-13
United States of America,Male,25-29 years,DALYs,1995,512.0379798747183,10140933.08538062,derived_proxy_NOT_OFFICIAL,51925.42891082935,51925.42891082987,5.165929906070232e-10,9.948747683801698e-13
United States of America,Male,25-29 years,DALYs,1996,512.9034454643066,10232862.066912899,derived_proxy_NOT_OFFICIAL,52484.70211080567,52484.70211080632,6.475602276623249e-10,1.2338075698613971e-12
United States of America,Male,25-29 years,DALYs,1997,512.6360761774805,10238930.353109712,derived_proxy_NOT_OFFICIAL,52488.4508047264,52488.45080472668,2.764863893389702e-10,5.267566199802444e-13
United States of America,Male,25-29 years,DALYs,1998,511.6467835878888,10159433.234086126,derived_proxy_NOT_OFFICIAL,51980.41337295994,51980.41337296069,7.494236342608929e-10,1.441742351842744e-12
United States of America,Male,25-29 years,DALYs,1999,512.4803184279441,9972436.981752358,derived_proxy_NOT_OFFICIAL,51106.77679911031,51106.77679911054,2.3283064365386963e-10,4.555768495616082e-13
United States of America,Male,25-29 years,DALYs,2000,511.5023688018216,9711374.430193247,derived_proxy_NOT_OFFICIAL,49673.91025365271,49673.910253652866,1.5279510989785194e-10,3.075962997831771e-13
United States of America,Male,25-29 years,DALYs,2001,512.7737870470613,9532835.21788331,derived_proxy_NOT_OFFICIAL,48881.880159695946,48881.88015969623,2.837623469531536e-10,5.805062039882851e-13
United States of America,Male,25-29 years,DALYs,2002,515.0484477675745,9509634.207351021,derived_proxy_NOT_OFFICIAL,48979.22337333544,48979.22337333572,2.837623469531536e-10,5.793524833789737e-13
United States of America,Male,25-29 years,DALYs,2003,517.9373626434483,9600480.536126204,derived_proxy_NOT_OFFICIAL,49724.47568990917,49724.47568990965,4.729372449219227e-10,9.511155992297333e-13
United States of America,Male,25-29 years,DALYs,2004,519.1933511081613,9792161.873291066,derived_proxy_NOT_OFFICIAL,50840.25337587544,50840.25337587559,1.4551915228366852e-10,2.8622822000474097e-13
United States of America,Male,25-29 years,DALYs,2005,519.7424024538241,10029398.514912736,derived_proxy_NOT_OFFICIAL,52127.03679307527,52127.03679307561,3.41970007866621e-10,6.560319344913338e-13
United States of America,Male,25-29 years,DALYs,2006,519.8165554996996,10285388.636720559,derived_proxy_NOT_OFFICIAL,53465.15293115778,53465.152931158314,5.311449058353901e-10,9.934412916003385e-13
United States of America,Male,25-29 years,DALYs,2007,517.5620707847881,10481909.24955501,derived_proxy_NOT_OFFICIAL,54250.38656977876,54250.386569779155,3.92901711165905e-10,7.242376248518357e-13
United States of America,Male,25-29 years,DALYs,2008,516.6171439917146,10638125.351841662,derived_proxy_NOT_OFFICIAL,54958.37936694256,54958.37936694293,3.710738383233547e-10,6.751906489923818e-13
United States of America,Male,25-29 years,DALYs,2009,512.6183912208645,10726507.76725822,derived_proxy_NOT_OFFICIAL,54986.05155069971,54986.05155070016,4.511093720793724e-10,8.204069202230832e-13
United States of America,Male,25-29 years,DALYs,2010,510.45772963392176,10754626.653171958,derived_proxy_NOT_OFFICIAL,54897.82304438596,54897.823044386205,2.473825588822365e-10,4.5062362251090153e-13
United States of America,Male,25-29 years,DALYs,2011,506.2739004802255,10806234.385354495,derived_proxy_NOT_OFFICIAL,54709.14431776918,54709.144317769526,3.41970007866621e-10,6.250691947955606e-13
United States of America,Male,25-29 years,DALYs,2012,500.5980100749209,10865289.515247269,derived_proxy_NOT_OFFICIAL,54391.42310220648,54391.42310220685,3.710738383233547e-10,6.822285889193833e-13
United States of America,Male,25-29 years,DALYs,2013,492.53567233440094,10950894.015615704,derived_proxy_NOT_OFFICIAL,53937.05946644024,53937.059466440485,2.473825588822365e-10,4.586504368784852e-13
United States of America,Male,25-29 years,DALYs,2014,486.9752961675466,11122251.289453948,derived_proxy_NOT_OFFICIAL,54162.61615731673,54162.616157317134,4.0745362639427185e-10,7.522783338434247e-13
United States of America,Male,25-29 years,DALYs,2015,484.7792663663912,11330053.409369374,derived_proxy_NOT_OFFICIAL,54925.74979686081,54925.74979686114,3.346940502524376e-10,6.093572713896142e-13
United States of America,Male,25-29 years,DALYs,2016,482.1781144973584,11529531.863043368,derived_proxy_NOT_OFFICIAL,55592.87934759412,55592.87934759467,5.529727786779404e-10,9.94682745645322e-13
United States of America,Male,25-29 years,DALYs,2017,479.8478474457981,11696675.43045013,derived_proxy_NOT_OFFICIAL,56126.24527573607,56126.24527573649,4.147295840084553e-10,7.389227303037621e-13
United States of America,Male,25-29 years,DALYs,2018,478.4513192935849,11766814.454029925,derived_proxy_NOT_OFFICIAL,56298.47899413397,56298.47899413441,4.43833414465189e-10,7.883577361147435e-13
United States of America,Male,25-29 years,DALYs,2019,478.1640621773284,11730345.48879876,derived_proxy_NOT_OFFICIAL,56090.2964966746,56090.29649667514,5.384208634495735e-10,9.599180198334209e-13
United States of America,Male,25-29 years,DALYs,2020,476.0288064444124,11579709.090034332,derived_proxy_NOT_OFFICIAL,55122.75097102533,55122.75097102556,2.3283064365386963e-10,4.2238574735911583e-13
United States of America,Male,25-29 years,DALYs,2021,477.5222831850926,11373821.57352305,derived_proxy_NOT_OFFICIAL,54312.53246328566,54312.5324632859,2.4010660126805305e-10,4.4208323636972925e-13
United States of America,Male,25-29 years,DALYs,2022,480.69053408469176,11240233.35142159,derived_proxy_NOT_OFFICIAL,54030.737729313805,54030.737729314096,2.9103830456733704e-10,5.386532125942773e-13
United States of America,Male,25-29 years,DALYs,2023,472.7018404795451,11169651.166496312,derived_proxy_NOT_OFFICIAL,52799.14663917256,52799.14663917305,4.874891601502895e-10,9.232898468639514e-13
United States of America,Male,30-34 years,DALYs,1990,565.9208150720439,11134309.472872403,derived_proxy_NOT_OFFICIAL,63011.3749215229,63011.3749215233,3.92901711165905e-10,6.235409267854286e-13
United States of America,Male,30-34 years,DALYs,1991,565.6495529219369,11248892.413917243,derived_proxy_NOT_OFFICIAL,63629.30964799189,63629.309647992566,6.766640581190586e-10,1.0634471155863214e-12
United States of America,Male,30-34 years,DALYs,1992,564.5862815491876,11285387.627054833,derived_proxy_NOT_OFFICIAL,63715.75036200038,63715.75036200098,6.039044819772243e-10,9.478103585787616e-13
United States of America,Male,30-34 years,DALYs,1993,564.5103645991343,11266151.44024086,derived_proxy_NOT_OFFICIAL,63598.59257159395,63598.592571594294,3.41970007866621e-10,5.377005905935102e-13
United States of America,Male,30-34 years,DALYs,1994,566.0356456213775,11275331.40232702,derived_proxy_NOT_OFFICIAL,63822.39489911115,63822.39489911166,5.165929906070232e-10,8.094227604959678e-13
United States of America,Male,30-34 years,DALYs,1995,566.7708819830258,11145440.726630349,derived_proxy_NOT_OFFICIAL,63169.1127072177,63169.11270721819,4.94765117764473e-10,7.832389858911872e-13
United States of America,Male,30-34 years,DALYs,1996,566.4734757384582,10945221.885846939,derived_proxy_NOT_OFFICIAL,62001.77884404292,62001.778844043576,6.548361852765083e-10,1.0561570933693048e-12
United States of America,Male,30-34 years,DALYs,1997,565.6442201707841,10734460.638021486,derived_proxy_NOT_OFFICIAL,60718.8561654759,60718.85616547642,5.165929906070232e-10,8.507949971902674e-13
United States of America,Male,30-34 years,DALYs,1998,565.6208544709432,10515984.623298673,derived_proxy_NOT_OFFICIAL,59480.6020823347,59480.602082334946,2.473825588822365e-10,4.1590459783813667e-13
United States of America,Male,30-34 years,DALYs,1999,567.1170867110616,10354426.212635651,derived_proxy_NOT_OFFICIAL,58721.72028274561,58721.72028274582,2.0372681319713593e-10,3.469360437946802e-13
United States of America,Male,30-34 years,DALYs,2000,567.0484996407938,10301551.786756111,derived_proxy_NOT_OFFICIAL,58414.79484651959,58414.794846519915,3.2741809263825417e-10,5.605054224679214e-13
United States of America,Male,30-34 years,DALYs,2001,568.8980440565998,10408277.234079508,derived_proxy_NOT_OFFICIAL,59212.48560466604,59212.48560466669,6.475602276623249e-10,1.0936210852315514e-12
United States of America,Male,30-34 years,DALYs,2002,569.423911493986,10428943.396229912,derived_proxy_NOT_OFFICIAL,59384.89741430559,59384.897414306106,5.165929906070232e-10,8.699063450475508e-13
United States of America,Male,30-34 years,DALYs,2003,570.7867836889284,10352242.119216923,derived_proxy_NOT_OFFICIAL,59089.22983196819,59089.229831968834,6.475602276623249e-10,1.095902298107099e-12
United States of America,Male,30-34 years,DALYs,2004,572.8663669905264,10186028.340412777,derived_proxy_NOT_OFFICIAL,58352.33049434761,58352.33049434809,4.802132025361061e-10,8.229546248930413e-13
United States of America,Male,30-34 years,DALYs,2005,573.5894739923934,9954724.054189749,derived_proxy_NOT_OFFICIAL,57099.249339821086,57099.24933982125,1.6007106751203537e-10,2.8033830455350944e-13
United States of America,Male,30-34 years,DALYs,2006,572.8214385459547,9722481.005422542,derived_proxy_NOT_OFFICIAL,55692.45555761824,55692.45555761861,3.710738383233547e-10,6.662910345898639e-13
United States of America,Male,30-34 years,DALYs,2007,569.9694400398126,9655373.41318465,derived_proxy_NOT_OFFICIAL,55032.67777688137,55032.67777688149,1.2369127944111824e-10,2.2475969630734488e-13
United States of America,Male,30-34 years,DALYs,2008,568.1664611161019,9731970.49035619,derived_proxy_NOT_OFFICIAL,55293.79233191989,55293.79233192012,2.3283064365386963e-10,4.210791733296644e-13
United States of America,Male,30-34 years,DALYs,2009,565.0252129728123,9893516.524094567,derived_proxy_NOT_OFFICIAL,55900.86281076547,55900.8628107657,2.255546860396862e-10,4.0349052715559974e-13
United States of America,Male,30-34 years,DALYs,2010,563.2168443032878,10113615.075042779,derived_proxy_NOT_OFFICIAL,56961.58367063705,56961.58367063752,4.729372449219227e-10,8.302740451468797e-13
United States of America,Male,30-34 years,DALYs,2011,559.4066023484677,10359162.479162175,derived_proxy_NOT_OFFICIAL,57949.838856437775,57949.838856438415,6.402842700481415e-10,1.1048939611969446e-12
United States of America,Male,30-34 years,DALYs,2012,555.5550618537726,10574852.570801128,derived_proxy_NOT_OFFICIAL,58749.12874065933,58749.128740659464,1.3096723705530167e-10,2.2292626267436257e-13
United States of America,Male,30-34 years,DALYs,2013,550.9913868408026,10760354.635306759,derived_proxy_NOT_OFFICIAL,59288.6272340649,59288.6272340653,4.001776687800884e-10,6.749653136683896e-13
United States of America,Male,30-34 years,DALYs,2014,547.5004535730272,10895685.331454208,derived_proxy_NOT_OFFICIAL,59653.92660960099,59653.926609601585,5.966285243630409e-10,1.0001496268093384e-12
United States of America,Male,30-34 years,DALYs,2015,544.7194167057842,10977462.22606663,derived_proxy_NOT_OFFICIAL,59796.36820692763,59796.36820692794,3.055902197957039e-10,5.110514717853719e-13
United States of America,Male,30-34 years,DALYs,2016,542.7465832002297,11071989.683387179,derived_proxy_NOT_OFFICIAL,60092.845698865,60092.84569886584,8.440110832452774e-10,1.4045117574806723e-12
United States of America,Male,30-34 years,DALYs,2017,542.2216153816782,11153324.583020583,derived_proxy_NOT_OFFICIAL,60475.736722815534,60475.73672281604,5.020410753786564e-10,8.301528887191755e-13
United States of America,Male,30-34 years,DALYs,2018,541.4251778665214,11244620.099751743,derived_proxy_NOT_OFFICIAL,60881.20437549512,60881.20437549548,3.5652192309498787e-10,5.856026120903893e-13
United States of America,Male,30-34 years,DALYs,2019,540.9781324622364,11401691.032486796,derived_proxy_NOT_OFFICIAL,61680.65521666076,61680.655216661355,5.966285243630409e-10,9.672862946531795e-13
United States of America,Male,30-34 years,DALYs,2020,539.9221154377634,11567467.412742972,derived_proxy_NOT_OFFICIAL,62455.31475745543,62455.31475745578,3.4924596548080444e-10,5.591933478153101e-13
United States of America,Male,30-34 years,DALYs,2021,541.2853863524676,11706103.035111902,derived_proxy_NOT_OFFICIAL,63363.42504042262,63363.425040423404,7.8580342233181e-10,1.2401530091381702e-12
United States of America,Male,30-34 years,DALYs,2022,543.2645061501978,11858406.319730546,derived_proxy_NOT_OFFICIAL,64422.5125301674,64422.512530168,6.039044819772243e-10,9.3741218443542e-13
United States of America,Male,30-34 years,DALYs,2023,533.4664387220535,11948148.121294558,derived_proxy_NOT_OFFICIAL,63739.36027590547,63739.360275906016,5.456968210637569e-10,8.561379008223892e-13
United States of America,Male,35-39 years,DALYs,1990,566.7629805013448,10114807.254022676,derived_proxy_NOT_OFFICIAL,57326.98306486476,57326.98306486515,3.8562575355172157e-10,6.726775646215166e-13
United States of America,Male,35-39 years,DALYs,1991,566.1462738742551,10356835.808295032,derived_proxy_NOT_OFFICIAL,58634.84001993632,58634.84001993691,5.966285243630409e-10,1.0175324502636699e-12
United States of America,Male,35-39 years,DALYs,1992,567.8298932999805,10610624.956899246,derived_proxy_NOT_OFFICIAL,60250.300371221965,60250.300371222096,1.3096723705530167e-10,2.1737192387153148e-13
United States of America,Male,35-39 years,DALYs,1993,567.1378149824807,10847660.041541506,derived_proxy_NOT_OFFICIAL,61521.18213632578,61521.18213632615,3.710738383233547e-10,6.031643499650027e-13
United States of America,Male,35-39 years,DALYs,1994,566.5879102331257,11007562.292682998,derived_proxy_NOT_OFFICIAL,62367.51716172171,62367.51716172214,4.2928149923682213e-10,6.883094257603302e-13
United States of America,Male,35-39 years,DALYs,1995,565.8730359722069,11182250.917044943,derived_proxy_NOT_OFFICIAL,63277.342754311736,63277.34275431217,4.3655745685100555e-10,6.899111717539031e-13
United States of America,Male,35-39 years,DALYs,1996,567.4416258212681,11314163.753831249,derived_proxy_NOT_OFFICIAL,64201.27475281992,64201.27475282065,7.34871719032526e-10,1.1446372706178208e-12
United States of America,Male,35-39 years,DALYs,1997,567.191417540391,11371166.74587192,derived_proxy_NOT_OFFICIAL,64496.28185679235,64496.28185679249,1.382431946694851e-10,2.1434289030248365e-13
United States of America,Male,35-39 years,DALYs,1998,567.2020330788392,11369304.299400453,derived_proxy_NOT_OFFICIAL,64486.92513311844,64486.92513311925,8.076312951743603e-10,1.2523954173767644e-12
United States of America,Male,35-39 years,DALYs,1999,567.1377112217599,11391159.210789459,derived_proxy_NOT_OFFICIAL,64603.55962969795,64603.55962969803,8.003553375601768e-11,1.2388718859266344e-13
United States of America,Male,35-39 years,DALYs,2000,567.5452262259752,11276067.618916648,derived_proxy_NOT_OFFICIAL,63996.78347717387,63996.78347717442,5.456968210637569e-10,8.52694137758336e-13
United States of America,Male,35-39 years,DALYs,2001,566.8177894765925,11103049.705809873,derived_proxy_NOT_OFFICIAL,62934.06090695845,62934.06090695882,3.637978807091713e-10,5.780619833940306e-13
United States of America,Male,35-39 years,DALYs,2002,568.835184288547,10899887.025995938,derived_proxy_NOT_OFFICIAL,62002.392451566935,62002.39245156742,4.874891601502895e-10,7.86242499482727e-13
United States of America,Male,35-39 years,DALYs,2003,569.6445575297595,10677629.98208631,derived_proxy_NOT_OFFICIAL,60824.53806611992,60824.5380661205,5.748006515204906e-10,9.450144132548081e-13
United States of America,Male,35-39 years,DALYs,2004,570.4582695890589,10518189.675279826,derived_proxy_NOT_OFFICIAL,60001.88281369572,60001.88281369635,6.257323548197746e-10,1.0428545330196674e-12
United States of America,Male,35-39 years,DALYs,2005,570.6016417949932,10477647.816234592,derived_proxy_NOT_OFFICIAL,59785.63046093148,59785.63046093183,3.4924596548080444e-10,5.84163724273224e-13
United States of America,Male,35-39 years,DALYs,2006,569.5649893368812,10556749.138482986,derived_proxy_NOT_OFFICIAL,60127.5471049216,60127.54710492192,3.2014213502407074e-10,5.324383754844146e-13
United States of America,Male,35-39 years,DALYs,2007,568.7762003843382,10553176.98673803,derived_proxy_NOT_OFFICIAL,60023.95908500213,60023.959085002956,8.294591680169106e-10,1.3818801369671118e-12
United States of America,Male,35-39 years,DALYs,2008,568.3375405593823,10468627.211110234,derived_proxy_NOT_OFFICIAL,59497.13842195392,59497.138421954165,2.473825588822365e-10,4.1578900337659687e-13
United States of America,Male,35-39 years,DALYs,2009,567.459885364355,10290372.572574448,derived_proxy_NOT_OFFICIAL,58393.73640389574,58393.736403896,2.6193447411060333e-10,4.4856604533552057e-13
United States of America,Male,35-39 years,DALYs,2010,565.7105959280177,10059995.0158712,derived_proxy_NOT_OFFICIAL,56910.457754613424,56910.457754613846,4.220055416226387e-10,7.415254740038161e-13
United States of America,Male,35-39 years,DALYs,2011,564.0418902176735,9829479.316113792,derived_proxy_NOT_OFFICIAL,55442.38093316319,55442.380933163484,2.9103830456733704e-10,5.249383227574391e-13
United States of America,Male,35-39 years,DALYs,2012,560.0750067225874,9777091.663972978,derived_proxy_NOT_OFFICIAL,54759.04679426977,54759.046794270194,4.220055416226387e-10,7.706590350414924e-13
United States of America,Male,35-39 years,DALYs,2013,557.4465338770475,9872197.143140286,derived_proxy_NOT_OFFICIAL,55032.22079194393,55032.220791944426,4.94765117764473e-10,8.990462508045846e-13
United States of America,Male,35-39 years,DALYs,2014,554.5416007948746,10061055.276201524,derived_proxy_NOT_OFFICIAL,55792.73698550496,55792.73698550512,1.6007106751203537e-10,2.8690305613367214e-13
United States of America,Male,35-39 years,DALYs,2015,552.7443311683534,10314696.326153483,derived_proxy_NOT_OFFICIAL,57013.89922004331,57013.899220043786,4.729372449219227e-10,8.295121915739118e-13
United States of America,Male,35-39 years,DALYs,2016,552.0994856830129,10591712.112730715,derived_proxy_NOT_OFFICIAL,58476.78809941136,58476.78809941166,2.9831426218152046e-10,5.101413259469416e-13
United States of America,Male,35-39 years,DALYs,2017,551.4751258653662,10829528.086504854,derived_proxy_NOT_OFFICIAL,59722.15364567741,59722.15364567783,4.147295840084553e-10,6.944317287500778e-13
United States of America,Male,35-39 years,DALYs,2018,550.2129475872391,11027668.277793705,derived_proxy_NOT_OFFICIAL,60675.65868139113,60675.65868139168,5.529727786779404e-10,9.113585096481761e-13
United States of America,Male,35-39 years,DALYs,2019,549.7600038464687,11156298.394584633,derived_proxy_NOT_OFFICIAL,61332.86648319144,61332.86648319202,5.748006515204906e-10,9.371821088421123e-13
United States of America,Male,35-39 years,DALYs,2020,547.825179342893,11214974.047238816,derived_proxy_NOT_OFFICIAL,61438.4516875445,61438.45168754495,4.511093720793724e-10,7.342459969101507e-13
United States of America,Male,35-39 years,DALYs,2021,551.0761944576703,11269957.53071883,derived_proxy_NOT_OFFICIAL,62106.05307728093,62106.05307728096,2.9103830456733704e-11,4.686150385457388e-14
United States of America,Male,35-39 years,DALYs,2022,554.1771575699788,11335073.003787797,derived_proxy_NOT_OFFICIAL,62816.38538087265,62816.38538087323,5.820766091346741e-10,9.266318104828652e-13
United States of America,Male,35-39 years,DALYs,2023,543.2940317943547,11430970.237131624,derived_proxy_NOT_OFFICIAL,62103.77907452476,62103.77907452511,3.4924596548080444e-10,5.623586369224134e-13
United States of America,Male,40-44 years,DALYs,1990,539.597056273311,8927684.514486313,derived_proxy_NOT_OFFICIAL,48173.52283353631,48173.52283353638,6.548361852765083e-11,1.3593280016894256e-13
United States of America,Male,40-44 years,DALYs,1991,539.3772419591708,9398982.213466972,derived_proxy_NOT_OFFICIAL,50695.97103523104,50695.971035231174,1.3096723705530167e-10,2.583385511331587e-13
United States of America,Male,40-44 years,DALYs,1992,539.7474116185347,9460885.276952233,derived_proxy_NOT_OFFICIAL,51064.88339854818,51064.883398548714,5.311449058353901e-10,1.0401373125440075e-12
United States of America,Male,40-44 years,DALYs,1993,539.0733433452357,9578814.378473807,derived_proxy_NOT_OFFICIAL,51636.834922872345,51636.834922872906,5.602487362921238e-10,1.084978847229778e-12
United States of America,Male,40-44 years,DALYs,1994,539.4010468410133,9816162.995630855,derived_proxy_NOT_OFFICIAL,52948.48595805253,52948.48595805301,4.802132025361061e-10,9.06944162514007e-13
United States of America,Male,40-44 years,DALYs,1995,538.6013297595189,10055346.210195467,derived_proxy_NOT_OFFICIAL,54158.22840003562,54158.228400036176,5.529727786779404e-10,1.0210318819763621e-12
United States of America,Male,40-44 years,DALYs,1996,538.9577535690171,10299044.12161166,derived_proxy_NOT_OFFICIAL,55507.49683691972,55507.49683692011,3.8562575355172157e-10,6.947273350925638e-13
United States of America,Male,40-44 years,DALYs,1997,539.9093751074229,10553158.9126929,derived_proxy_NOT_OFFICIAL,56977.49433961325,56977.49433961354,2.9103830456733704e-10,5.107951971924368e-13
United States of America,Male,40-44 years,DALYs,1998,539.1997679167879,10796704.463218298,derived_proxy_NOT_OFFICIAL,58215.8054083338,58215.80540833454,7.421476766467094e-10,1.2748216252290625e-12
United States of America,Male,40-44 years,DALYs,1999,540.0827597108423,10968176.365553657,derived_proxy_NOT_OFFICIAL,59237.22960503434,59237.229605034554,2.1100277081131935e-10,3.561995930906719e-13
United States of America,Male,40-44 years,DALYs,2000,540.376517816176,11149830.606841668,derived_proxy_NOT_OFFICIAL,60251.06637565281,60251.066375653216,4.0745362639427185e-10,6.762596098364195e-13
United States of America,Male,40-44 years,DALYs,2001,540.7799161249892,11290093.365310302,derived_proxy_NOT_OFFICIAL,61054.55743135743,61054.55743135802,5.893525667488575e-10,9.652884101427747e-13
United States of America,Male,40-44 years,DALYs,2002,541.0066951002948,11354299.136232704,derived_proxy_NOT_OFFICIAL,61427.51850873353,61427.518508733876,3.4924596548080444e-10,5.685496890634611e-13
United States of America,Male,40-44 years,DALYs,2003,541.3972153516542,11350942.104181359,derived_proxy_NOT_OFFICIAL,61453.68446821585,61453.684468216336,4.874891601502895e-10,7.932627056762094e-13
United States of America,Male,40-44 years,DALYs,2004,542.1988276167798,11373497.902435588,derived_proxy_NOT_OFFICIAL,61666.97228602404,61666.9722860248,7.566995918750763e-10,1.227074337889249e-12
United States of America,Male,40-44 years,DALYs,2005,541.2337203630248,11268051.912069168,derived_proxy_NOT_OFFICIAL,60986.496576128346,60986.496576128906,5.602487362921238e-10,9.18643909300111e-13
United States of America,Male,40-44 years,DALYs,2006,541.4737638337995,11083674.767209198,derived_proxy_NOT_OFFICIAL,60015.19093310402,60015.19093310475,7.275957614183426e-10,1.2123526562289167e-12
United States of America,Male,40-44 years,DALYs,2007,542.31389578806,10871921.181094192,derived_proxy_NOT_OFFICIAL,58959.93930419831,58959.93930419918,8.658389560878277e-10,1.4685207724190696e-12
United States of America,Male,40-44 years,DALYs,2008,541.1119480788658,10653092.195375435,derived_proxy_NOT_OFFICIAL,57645.15470903312,57645.15470903363,5.093170329928398e-10,8.835383226285777e-13
United States of America,Male,40-44 years,DALYs,2009,542.3369883194619,10488530.277018555,derived_proxy_NOT_OFFICIAL,56883.17922335693,56883.179223357336,4.0745362639427185e-10,7.162989691458146e-13
United States of America,Male,40-44 years,DALYs,2010,542.2872959125245,10449338.655608306,derived_proxy_NOT_OFFICIAL,56665.4360362399,56665.436036240426,5.238689482212067e-10,9.244946917661954e-13
United States of America,Male,40-44 years,DALYs,2011,541.263522371174,10532465.268315937,derived_proxy_NOT_OFFICIAL,57008.39250380713,57008.392503807365,2.3283064365386963e-10,4.0841467971285235e-13
United States of America,Male,40-44 years,DALYs,2012,539.463617070607,10543849.359398745,derived_proxy_NOT_OFFICIAL,56880.23113268782,56880.231132688496,6.766640581190586e-10,1.1896295859638212e-12
United States of America,Male,40-44 years,DALYs,2013,537.454650505579,10475489.662726173,derived_proxy_NOT_OFFICIAL,56301.00635555236,56301.006355553014,6.548361852765083e-10,1.1630985441735873e-12
United States of America,Male,40-44 years,DALYs,2014,535.0347286278344,10321756.521089762,derived_proxy_NOT_OFFICIAL,55224.981992238005,55224.981992238405,4.001776687800884e-10,7.246315966863227e-13
United States of America,Male,40-44 years,DALYs,2015,533.1976929265793,10116840.824382497,derived_proxy_NOT_OFFICIAL,53942.76187266105,53942.7618726618,7.494236342608929e-10,1.3892941485458334e-12
United States of America,Male,40-44 years,DALYs,2016,534.0647482964994,9900702.22396957,derived_proxy_NOT_OFFICIAL,52876.16041202837,52876.160412029,6.330083124339581e-10,1.1971525683811946e-12
United States of America,Male,40-44 years,DALYs,2017,533.3459352380448,9857740.026171818,derived_proxy_NOT_OFFICIAL,52575.85573592074,52575.85573592117,4.2928149923682213e-10,8.164993098600762e-13
United States of America,Male,40-44 years,DALYs,2018,531.9524198114013,9955052.280475914,derived_proxy_NOT_OFFICIAL,52956.14149948157,52956.14149948172,1.4551915228366852e-10,2.747918337008997e-13
United States of America,Male,40-44 years,DALYs,2019,531.3194619055681,10136147.614292381,derived_proxy_NOT_OFFICIAL,53855.324962211824,53855.32496221236,5.384208634495735e-10,9.99754181833203e-13
United States of America,Male,40-44 years,DALYs,2020,529.1606578645939,10368847.821568955,derived_proxy_NOT_OFFICIAL,54867.86334559243,54867.86334559289,4.5838532969355583e-10,8.354349918938082e-13
United States of America,Male,40-44 years,DALYs,2021,530.5507295226244,10614627.111028649,derived_proxy_NOT_OFFICIAL,56315.98157366843,56315.98157366877,3.346940502524376e-10,5.943145105525958e-13
United States of America,Male,40-44 years,DALYs,2022,532.5978674742834,10836675.991685472,derived_proxy_NOT_OFFICIAL,57715.90523681409,57715.90523681447,3.7834979593753815e-10,6.555381820403429e-13
United States of America,Male,40-44 years,DALYs,2023,526.4720110035008,11034382.594724854,derived_proxy_NOT_OFFICIAL,58092.93594826784,58092.93594826821,3.710738383233547e-10,6.3875896830864e-13
United States of America,Male,45-49 years,DALYs,1990,497.84912665940703,6871799.877347618,derived_proxy_NOT_OFFICIAL,34211.19567515707,34211.19567515732,2.546585164964199e-10,7.443718685381806e-13
United States of America,Male,45-49 years,DALYs,1991,497.7059581502506,7031726.290817872,derived_proxy_NOT_OFFICIAL,34997.320710218075,34997.32071021816,8.731149137020111e-11,2.4948050193084927e-13
United States of America,Male,45-49 years,DALYs,1992,498.5888519258138,7590294.390480838,derived_proxy_NOT_OFFICIAL,37844.36165928752,37844.36165928785,3.346940502524376e-10,8.84396077982991e-13
United States of America,Male,45-49 years,DALYs,1993,497.1837641055475,7980335.496687604,derived_proxy_NOT_OFFICIAL,39676.93241068216,39676.932410682566,4.0745362639427185e-10,1.0269282468131879e-12
United States of America,Male,45-49 years,DALYs,1994,498.08038306461697,8325501.509652177,derived_proxy_NOT_OFFICIAL,41467.68981132572,41467.68981132603,3.128661774098873e-10,7.54481811823616e-13
United States of America,Male,45-49 years,DALYs,1995,498.1696263439224,8758359.317048352,derived_proxy_NOT_OFFICIAL,43631.485883597765,43631.48588359789,1.2369127944111824e-10,2.834908711821274e-13
United States of America,Male,45-49 years,DALYs,1996,497.2530387071925,9221786.222268581,derived_proxy_NOT_OFFICIAL,45855.61221331164,45855.61221331173,9.458744898438454e-11,2.062723501419665e-13
United States of America,Male,45-49 years,DALYs,1997,498.4283638113397,9291101.973606374,derived_proxy_NOT_OFFICIAL,46309.487547088655,46309.48754708934,6.83940015733242e-10,1.4768896223215481e-12
United States of America,Male,45-49 years,DALYs,1998,497.2778462921986,9418741.80897231,derived_proxy_NOT_OFFICIAL,46837.31641547963,46837.316415480374,7.421476766467094e-10,1.5845222003398794e-12
United States of America,Male,45-49 years,DALYs,1999,498.1929810823942,9661061.847543653,derived_proxy_NOT_OFFICIAL,48130.73202249111,48130.73202249156,4.511093720793724e-10,9.372584897910394e-13
United States of America,Male,45-49 years,DALYs,2000,498.07570670163,9914337.311707173,derived_proxy_NOT_OFFICIAL,49380.90563006892,49380.90563006888,-3.637978807091713e-11,-7.3671771723775e-14
United States of America,Male,45-49 years,DALYs,2001,498.1361373349993,10169531.485354856,derived_proxy_NOT_OFFICIAL,50658.11132621257,50658.111326213264,6.912159733474255e-10,1.3644724512059772e-12
United States of America,Male,45-49 years,DALYs,2002,497.5683381577959,10426550.24456131,derived_proxy_NOT_OFFICIAL,51879.21277905086,51879.21277905131,4.511093720793724e-10,8.695378127663747e-13
United States of America,Male,45-49 years,DALYs,2003,496.936142108351,10670274.729882926,derived_proxy_NOT_OFFICIAL,53024.45159504215,53024.45159504248,3.346940502524376e-10,6.312070001375213e-13
United States of America,Male,45-49 years,DALYs,2004,497.4598197713765,10848260.640767535,derived_proxy_NOT_OFFICIAL,53965.73783189096,53965.737831891354,3.92901711165905e-10,7.28057702814767e-13
United States of America,Male,45-49 years,DALYs,2005,497.4425768324459,11032274.100504985,derived_proxy_NOT_OFFICIAL,54879.228568769926,54879.228568770544,6.184563972055912e-10,1.1269407630805066e-12
United States of America,Male,45-49 years,DALYs,2006,498.2968012723621,11175159.088897951,derived_proxy_NOT_OFFICIAL,55685.46027707592,55685.46027707613,2.0372681319713593e-10,3.6585279565517805e-13
United States of America,Male,45-49 years,DALYs,2007,499.1191321622954,11243598.53075748,derived_proxy_NOT_OFFICIAL,56118.95141052888,56118.95141052933,4.43833414465189e-10,7.908797354718894e-13
United States of America,Male,45-49 years,DALYs,2008,500.4931145241939,11252817.290480543,derived_proxy_NOT_OFFICIAL,56319.57572884286,56319.575728843076,2.1827872842550278e-10,3.875716846242434e-13
United States of America,Male,45-49 years,DALYs,2009,501.2284126152673,11281344.622948898,derived_proxy_NOT_OFFICIAL,56545.30457526408,56545.30457526458,4.94765117764473e-10,8.749888633209512e-13
United States of America,Male,45-49 years,DALYs,2010,500.9109187548567,11188022.492189389,derived_proxy_NOT_OFFICIAL,56042.02625612525,56042.02625612588,6.257323548197746e-10,1.116541275577779e-12
United States of America,Male,45-49 years,DALYs,2011,501.9313388003806,11015918.030241128,derived_proxy_NOT_OFFICIAL,55292.34485034173,55292.34485034182,8.731149137020111e-11,1.5790882373776102e-13
United States of America,Male,45-49 years,DALYs,2012,501.043024958019,10819692.252639942,derived_proxy_NOT_OFFICIAL,54211.31335377494,54211.313353775586,6.475602276623249e-10,1.1945112331746023e-12
United States of America,Male,45-49 years,DALYs,2013,500.9457918415156,10618282.521475248,derived_proxy_NOT_OFFICIAL,53191.83945717316,53191.839457173424,2.6193447411060333e-10,4.92433570231195e-13
United States of America,Male,45-49 years,DALYs,2014,498.487172861755,10473957.168728065,derived_proxy_NOT_OFFICIAL,52211.332977143175,52211.33297714365,4.729372449219227e-10,9.058133894588803e-13
United States of America,Male,45-49 years,DALYs,2015,497.47324748479,10456594.534680843,derived_proxy_NOT_OFFICIAL,52018.7604079937,52018.76040799386,1.6007106751203537e-10,3.077179583991727e-13
United States of America,Male,45-49 years,DALYs,2016,497.8397161617156,10558664.046632651,derived_proxy_NOT_OFFICIAL,52565.22312022469,52565.223120225106,4.147295840084553e-10,7.889809257727402e-13
United States of America,Male,45-49 years,DALYs,2017,495.8677303442566,10579602.533208722,derived_proxy_NOT_OFFICIAL,52460.83496086496,52460.83496086556,6.039044819772243e-10,1.1511530123905358e-12
United States of America,Male,45-49 years,DALYs,2018,494.2919804656606,10513160.202566735,derived_proxy_NOT_OFFICIAL,51965.7077747945,51965.70777479477,2.6921043172478676e-10,5.180540076380233e-13
United States of America,Male,45-49 years,DALYs,2019,492.93195575579966,10358268.20532393,derived_proxy_NOT_OFFICIAL,51059.21404693368,51059.21404693442,7.421476766467094e-10,1.453503917950101e-12
United States of America,Male,45-49 years,DALYs,2020,492.1790485126256,10143710.67967561,derived_proxy_NOT_OFFICIAL,49925.2187071008,49925.21870710101,2.1100277081131935e-10,4.2263764941966834e-13
United States of America,Male,45-49 years,DALYs,2021,493.5796769514336,9902197.19446759,derived_proxy_NOT_OFFICIAL,48875.23292354678,48875.232923547046,2.6921043172478676e-10,5.508115575549275e-13
United States of America,Male,45-49 years,DALYs,2022,494.29032094524825,9843724.676330745,derived_proxy_NOT_OFFICIAL,48656.57829560135,48656.578295601845,4.94765117764473e-10,1.0168514414611039e-12
United States of America,Male,45-49 years,DALYs,2023,493.5882669224037,9934667.07737422,derived_proxy_NOT_OFFICIAL,49036.3510517218,49036.35105172203,2.255546860396862e-10,4.59974449978505e-13
United States of America,Male,50-54 years,DALYs,1990,446.667321036913,5577492.794117403,derived_proxy_NOT_OFFICIAL,24912.837644510862,24912.83764451107,2.0736479200422764e-10,8.323611904961661e-13
United States of America,Male,50-54 years,DALYs,1991,447.3451772986388,5711780.012931171,derived_proxy_NOT_OFFICIAL,25551.37242575481,25551.372425755162,3.5288394428789616e-10,1.3810762819620703e-12
United States of America,Male,50-54 years,DALYs,1992,446.9890086376258,5896994.304475411,derived_proxy_NOT_OFFICIAL,26358.916380991683,26358.916380991894,2.1100277081131935e-10,8.004986538956536e-13
United States of America,Male,50-54 years,DALYs,1993,447.1222628993267,6209773.493067995,derived_proxy_NOT_OFFICIAL,27765.27976312796,27765.27976312818,2.1827872842550278e-10,7.861571368546948e-13
United States of America,Male,50-54 years,DALYs,1994,446.785093825581,6481521.007341548,derived_proxy_NOT_OFFICIAL,28958.46971397548,28958.46971397568,2.000888343900442e-10,6.909509941869632e-13
United States of America,Male,50-54 years,DALYs,1995,447.8176077654952,6706094.2144737085,derived_proxy_NOT_OFFICIAL,30031.07068575603,30031.07068575644,4.1109160520136356e-10,1.3688876081143105e-12
United States of America,Male,50-54 years,DALYs,1996,447.8510369004655,6871049.020452516,derived_proxy_NOT_OFFICIAL,30772.064284035663,30772.064284035867,2.0372681319713593e-10,6.620511751069882e-13
United States of America,Male,50-54 years,DALYs,1997,447.2324357192532,7425919.136636665,derived_proxy_NOT_OFFICIAL,33211.11902932212,33211.1190293223,1.7462298274040222e-10,5.257967447174167e-13
United States of America,Male,50-54 years,DALYs,1998,448.29342565359286,7821262.342531292,derived_proxy_NOT_OFFICIAL,35062.2048846877,35062.20488468797,2.6921043172478676e-10,7.678080503213186e-13
United States of America,Male,50-54 years,DALYs,1999,447.88425686735286,8179457.753478916,derived_proxy_NOT_OFFICIAL,36634.50357494787,36634.50357494812,2.473825588822365e-10,6.752720379467801e-13
United States of America,Male,50-54 years,DALYs,2000,448.05422513259725,8619263.393694881,derived_proxy_NOT_OFFICIAL,38618.973810756666,38618.973810757205,5.384208634495735e-10,1.394187391120179e-12
United States of America,Male,50-54 years,DALYs,2001,447.4638214843517,9070329.334209891,derived_proxy_NOT_OFFICIAL,40586.4422600714,40586.44226007173,3.2741809263825417e-10,8.067178949566745e-13
United States of America,Male,50-54 years,DALYs,2002,446.6195862790174,9141027.719999015,derived_proxy_NOT_OFFICIAL,40825.62018470948,40825.6201847099,4.220055416226387e-10,1.0336782141051063e-12
United States of America,Male,50-54 years,DALYs,2003,445.810383708184,9268126.59361321,derived_proxy_NOT_OFFICIAL,41318.27072954684,41318.270729547294,4.511093720793724e-10,1.0917915104244247e-12
United States of America,Male,50-54 years,DALYs,2004,446.21196139603126,9505711.521017238,derived_proxy_NOT_OFFICIAL,42415.621822579305,42415.62182257954,2.3283064365386963e-10,5.489266304471005e-13
United States of America,Male,50-54 years,DALYs,2005,446.0633026988605,9760281.523745524,derived_proxy_NOT_OFFICIAL,43537.03411752581,43537.03411752595,1.4551915228366852e-10,3.342422267232252e-13
United States of America,Male,50-54 years,DALYs,2006,446.5092271056909,10023569.515286453,derived_proxy_NOT_OFFICIAL,44756.16277110706,44756.162771107185,1.2369127944111824e-10,2.763670336836133e-13
United States of America,Male,50-54 years,DALYs,2007,447.10702870720735,10287398.409089703,derived_proxy_NOT_OFFICIAL,45995.681358153015,45995.68135815349,4.729372449219227e-10,1.0282209784856066e-12
United States of America,Male,50-54 years,DALYs,2008,448.7722192260234,10540201.33720111,derived_proxy_NOT_OFFICIAL,47301.49545184803,47301.49545184841,3.7834979593753815e-10,7.998685714338369e-13
United States of America,Male,50-54 years,DALYs,2009,450.52664040337,10724505.48818689,derived_proxy_NOT_OFFICIAL,48316.75427580326,48316.75427580343,1.7462298274040222e-10,3.614128998475636e-13
United States of America,Male,50-54 years,DALYs,2010,451.5949558595959,10911292.764012255,derived_proxy_NOT_OFFICIAL,49274.84774135187,49274.84774135242,5.529727786779404e-10,1.1222211818503113e-12
United States of America,Male,50-54 years,DALYs,2011,452.192472022638,11058332.875410967,derived_proxy_NOT_OFFICIAL,50004.94879381224,50004.94879381292,6.766640581190586e-10,1.3531941826581593e-12
United States of America,Male,50-54 years,DALYs,2012,451.5080452474421,11133315.930118695,derived_proxy_NOT_OFFICIAL,50267.8171273008,50267.817127300994,1.964508555829525e-10,3.90808407465656e-13
United States of America,Male,50-54 years,DALYs,2013,450.8317312006165,11149901.070920143,derived_proxy_NOT_OFFICIAL,50267.29202518495,50267.292025185365,4.147295840084553e-10,8.250485898477825e-13
United States of America,Male,50-54 years,DALYs,2014,450.6159828736936,11184525.885480456,derived_proxy_NOT_OFFICIAL,50399.26124861998,50399.261248620445,4.656612873077393e-10,9.239446685748591e-13
United States of America,Male,50-54 years,DALYs,2015,449.9525167408386,11099211.939286182,derived_proxy_NOT_OFFICIAL,49941.18345921713,49941.18345921781,6.83940015733242e-10,1.3694910059385352e-12
United States of America,Male,50-54 years,DALYs,2016,448.79654518423433,10932074.012305453,derived_proxy_NOT_OFFICIAL,49062.77048420995,49062.770484210385,4.3655745685100555e-10,8.897937326867924e-13
United States of America,Male,50-54 years,DALYs,2017,448.1422673746056,10738199.966601696,derived_proxy_NOT_OFFICIAL,48122.41280554756,48122.41280554798,4.220055416226387e-10,8.76941776231947e-13
United States of America,Male,50-54 years,DALYs,2018,445.56517972759497,10538640.073682241,derived_proxy_NOT_OFFICIAL,46956.51058514625,46956.51058514663,3.7834979593753815e-10,8.057451271884362e-13
United States of America,Male,50-54 years,DALYs,2019,445.4682302594076,10393779.4068394,derived_proxy_NOT_OFFICIAL,46300.9851807136,46300.98518071423,6.330083124339581e-10,1.3671594890763446e-12
United States of America,Male,50-54 years,DALYs,2020,445.1697938978781,10366414.08008313,derived_proxy_NOT_OFFICIAL,46148.14419490607,46148.14419490668,6.111804395914078e-10,1.3243879038994405e-12
United States of America,Male,50-54 years,DALYs,2021,444.59222215099663,10444628.247363742,derived_proxy_NOT_OFFICIAL,46436.00482036453,46436.00482036515,6.257323548197746e-10,1.3475154833849088e-12
United States of America,Male,50-54 years,DALYs,2022,445.7858660951061,10446768.313842336,derived_proxy_NOT_OFFICIAL,46570.21660681058,46570.21660681117,5.893525667488575e-10,1.2655139050022556e-12
United States of America,Male,50-54 years,DALYs,2023,445.7419668978503,10372046.102569167,derived_proxy_NOT_OFFICIAL,46232.56230514342,46232.562305143634,2.1100277081131935e-10,4.56394282061769e-13
United States of America,Male,55-59 years,DALYs,1990,392.9507087617835,5026758.607129205,derived_proxy_NOT_OFFICIAL,19752.683574457988,19752.683574458166,1.7826096154749393e-10,9.024645227345288e-13
United States of America,Male,55-59 years,DALYs,1991,393.060819921506,5014117.51397723,derived_proxy_NOT_OFFICIAL,19708.53141226646,19708.53141226673,2.6921043172478676e-10,1.3659588636687152e-12
United States of America,Male,55-59 years,DALYs,1992,392.8643218182562,5045625.739476402,derived_proxy_NOT_OFFICIAL,19822.46334288113,19822.463342881343,2.1464074961841106e-10,1.0828157222724557e-12
United States of America,Male,55-59 years,DALYs,1993,393.6312886613232,5119770.475478817,derived_proxy_NOT_OFFICIAL,20153.018499129,20153.018499129223,2.219167072325945e-10,1.1011586539365583e-12
United States of America,Male,55-59 years,DALYs,1994,392.99617097360425,5222238.815633242,derived_proxy_NOT_OFFICIAL,20523.198584535727,20523.19858453594,2.1464074961841106e-10,1.0458445292252999e-12
United States of America,Male,55-59 years,DALYs,1995,393.4659384080322,5340068.07956361,derived_proxy_NOT_OFFICIAL,21011.34898088258,21011.348980882743,1.6370904631912708e-10,7.791458152833483e-13
United States of America,Male,55-59 years,DALYs,1996,393.1309603516243,5472943.660143912,derived_proxy_NOT_OFFICIAL,21515.835970626955,21515.835970627097,1.418811734765768e-10,6.594267295505994e-13
United States of America,Male,55-59 years,DALYs,1997,393.8388283462284,5659615.444965821,derived_proxy_NOT_OFFICIAL,22289.76315735522,22289.76315735557,3.4924596548080444e-10,1.5668446677306195e-12
United States of America,Male,55-59 years,DALYs,1998,393.8167597926532,5969954.946131376,derived_proxy_NOT_OFFICIAL,23510.683129935645,23510.683129935816,1.709850039333105e-10,7.272651457566496e-13
United States of America,Male,55-59 years,DALYs,1999,394.6867235187475,6243729.971806858,derived_proxy_NOT_OFFICIAL,24643.17325108214,24643.173251082502,3.637978807091713e-10,1.4762623181785084e-12
United States of America,Male,55-59 years,DALYs,2000,394.1607331189192,6475299.344200487,derived_proxy_NOT_OFFICIAL,25523.087366745007,25523.08736674521,2.0372681319713593e-10,7.982059939291642e-13
United States of America,Male,55-59 years,DALYs,2001,393.8643422577338,6644472.474655784,derived_proxy_NOT_OFFICIAL,26170.207808798863,26170.207808799172,3.092281986027956e-10,1.1816039095372713e-12
United States of America,Male,55-59 years,DALYs,2002,393.3524821072074,7185059.223086923,derived_proxy_NOT_OFFICIAL,28262.60879488476,28262.608794885244,4.838511813431978e-10,1.7119834366839125e-12
United States of America,Male,55-59 years,DALYs,2003,391.23996286730977,7572615.920192356,derived_proxy_NOT_OFFICIAL,29627.099714244006,29627.09971424456,5.529727786779404e-10,1.8664424935664026e-12
United States of America,Male,55-59 years,DALYs,2004,390.6139984516422,7925518.589207765,derived_proxy_NOT_OFFICIAL,30958.18505933237,30958.185059332634,2.6557245291769505e-10,8.57842449125221e-13
United States of America,Male,55-59 years,DALYs,2005,390.47178947915296,8351631.287115614,derived_proxy_NOT_OFFICIAL,32610.76413750093,32610.764137501155,2.255546860396862e-10,6.916571629191244e-13
United States of America,Male,55-59 years,DALYs,2006,390.97966323827086,8793395.35138541,derived_proxy_NOT_OFFICIAL,34380.387532056295,34380.38753205645,1.5279510989785194e-10,4.444252111916589e-13
United States of America,Male,55-59 years,DALYs,2007,392.60097384183,8867227.119585767,derived_proxy_NOT_OFFICIAL,34812.82002426038,34812.820024260574,1.964508555829525e-10,5.643060672650182e-13
United States of America,Male,55-59 years,DALYs,2008,394.3228227255195,9001353.431336302,derived_proxy_NOT_OFFICIAL,35494.39093394525,35494.39093394571,4.5838532969355583e-10,1.2914303292218956e-12
United States of America,Male,55-59 years,DALYs,2009,395.8605594659174,9239086.807972975,derived_proxy_NOT_OFFICIAL,36573.900727583,36573.90072758359,5.893525667488575e-10,1.6114019971197233e-12
United States of America,Male,55-59 years,DALYs,2010,395.4128609232237,9497877.50096329,derived_proxy_NOT_OFFICIAL,37555.8291535417,37555.82915354213,4.2928149923682213e-10,1.1430489192017713e-12
United States of America,Male,55-59 years,DALYs,2011,395.5611575283378,9765015.234001465,derived_proxy_NOT_OFFICIAL,38626.607292434055,38626.60729243472,6.621121428906918e-10,1.7141348653221798e-12
United States of America,Male,55-59 years,DALYs,2012,396.2764322281128,10030818.780632418,derived_proxy_NOT_OFFICIAL,39749.77078715731,39749.770787157635,3.2741809263825417e-10,8.23698064553467e-13
United States of America,Male,55-59 years,DALYs,2013,396.1485219744632,10283963.07787146,derived_proxy_NOT_OFFICIAL,40739.76773338701,40739.76773338731,2.9831426218152046e-10,7.322434043654262e-13
United States of America,Male,55-59 years,DALYs,2014,396.15567453128574,10470476.398303907,derived_proxy_NOT_OFFICIAL,41479.38640233942,41479.386402339915,4.94765117764473e-10,1.1927975813464984e-12
United States of America,Male,55-59 years,DALYs,2015,396.7282346801071,10657596.488414336,derived_proxy_NOT_OFFICIAL,42281.69440781486,42281.69440781528,4.220055416226387e-10,9.980809604088148e-13
United States of America,Male,55-59 years,DALYs,2016,395.259565052652,10807338.824347949,derived_proxy_NOT_OFFICIAL,42717.04043088389,42717.0404308841,2.1100277081131935e-10,4.939545639935461e-13
United States of America,Male,55-59 years,DALYs,2017,394.58703180509474,10884574.191345364,derived_proxy_NOT_OFFICIAL,42949.11822625251,42949.118226253064,5.529727786779404e-10,1.2875067091364348e-12
United States of America,Male,55-59 years,DALYs,2018,392.83596588633424,10904007.812246922,derived_proxy_NOT_OFFICIAL,42834.8644095613,42834.86440956154,2.4010660126805305e-10,5.605401221124401e-13
United States of America,Male,55-59 years,DALYs,2019,392.34033387650646,10936008.302730072,derived_proxy_NOT_OFFICIAL,42906.37148769308,42906.371487693636,5.529727786779404e-10,1.288789425683667e-12
United States of America,Male,55-59 years,DALYs,2020,389.29601700055775,10840562.071630131,derived_proxy_NOT_OFFICIAL,42201.87636532856,42201.87636532925,6.912159733474255e-10,1.6378797173940399e-12
United States of America,Male,55-59 years,DALYs,2021,390.5427988060228,10648967.559154104,derived_proxy_NOT_OFFICIAL,41588.77594946564,41588.77594946585,2.1100277081131935e-10,5.073550879874608e-13
United States of America,Male,55-59 years,DALYs,2022,392.2604293700825,10438347.146284482,derived_proxy_NOT_OFFICIAL,40945.50533515504,40945.505335155256,2.1827872842550278e-10,5.330957003431895e-13
United States of America,Male,55-59 years,DALYs,2023,391.1075085541534,10236011.983589374,derived_proxy_NOT_OFFICIAL,40033.81144432075,40033.81144432098,2.255546860396862e-10,5.634104720540759e-13
United States of America,Male,60-64 years,DALYs,1990,336.07782796564544,4972326.508417901,derived_proxy_NOT_OFFICIAL,16710.886928850745,16710.886928850898,1.5279510989785194e-10,9.143447056305352e-13
United States of America,Male,60-64 years,DALYs,1991,336.3033061026603,4944327.528969965,derived_proxy_NOT_OFFICIAL,16627.936944469828,16627.936944469962,1.3460521586239338e-10,8.095124266583222e-13
United States of America,Male,60-64 years,DALYs,1992,335.7568546394758,4878823.834356317,derived_proxy_NOT_OFFICIAL,16380.985449635577,16380.985449635842,2.6557245291769505e-10,1.6212239106994821e-12
United States of America,Male,60-64 years,DALYs,1993,335.5540790313095,4808152.076681687,derived_proxy_NOT_OFFICIAL,16133.950419333674,16133.950419334016,3.41970007866621e-10,2.119567737463918e-12
United States of America,Male,60-64 years,DALYs,1994,335.95928788905127,4749778.3115794035,derived_proxy_NOT_OFFICIAL,15957.321391890697,15957.321391890766,6.912159733474255e-11,4.3316541440262803e-13
United States of America,Male,60-64 years,DALYs,1995,335.25335638289937,4723738.975793005,derived_proxy_NOT_OFFICIAL,15836.49346311295,15836.493463113244,2.928572939708829e-10,1.8492559268440253e-12
United States of America,Male,60-64 years,DALYs,1996,335.6182489500434,4723336.663801935,derived_proxy_NOT_OFFICIAL,15852.379803067295,15852.37980306745,1.546140993013978e-10,9.75336834104122e-13
United States of America,Male,60-64 years,DALYs,1997,337.0370084458663,4763918.344163699,derived_proxy_NOT_OFFICIAL,16056.16787197296,16056.16787197318,2.2009771782904863e-10,1.3707985590586834e-12
United States of America,Male,60-64 years,DALYs,1998,336.83271686253244,4848804.189283725,derived_proxy_NOT_OFFICIAL,16332.358886108555,16332.358886108661,1.0550138540565968e-10,6.459653877395114e-13
United States of America,Male,60-64 years,DALYs,1999,335.7165248505218,4963002.658013167,derived_proxy_NOT_OFFICIAL,16661.620051720678,16661.62005172083,1.5279510989785194e-10,9.17048338778272e-13
United States of America,Male,60-64 years,DALYs,2000,336.8566605305338,5088045.915255977,derived_proxy_NOT_OFFICIAL,17139.421556391393,17139.421556391517,1.2369127944111824e-10,7.216770941431977e-13
United States of America,Male,60-64 years,DALYs,2001,336.2069207088355,5219539.118598469,derived_proxy_NOT_OFFICIAL,17548.45174583284,17548.451745833005,1.6370904631912708e-10,9.328973785849934e-13
United States of America,Male,60-64 years,DALYs,2002,334.7520770956732,5404658.443303964,derived_proxy_NOT_OFFICIAL,18092.20639888654,18092.206398886698,1.5643308870494366e-10,8.646435114435303e-13
United States of America,Male,60-64 years,DALYs,2003,333.7859108655816,5705882.65075269,derived_proxy_NOT_OFFICIAL,19045.43237873592,19045.43237873606,1.382431946694851e-10,7.258601008388371e-13
United States of America,Male,60-64 years,DALYs,2004,332.6647488724461,5971164.458728392,derived_proxy_NOT_OFFICIAL,19863.959251389213,19863.959251389562,3.4924596548080444e-10,1.7581890954411793e-12
United States of America,Male,60-64 years,DALYs,2005,333.3941714277776,6197170.944361189,derived_proxy_NOT_OFFICIAL,20661.006721915688,20661.00672191597,2.801243681460619e-10,1.3558118048958689e-12
United States of America,Male,60-64 years,DALYs,2006,333.075535262558,6373315.825240044,derived_proxy_NOT_OFFICIAL,21227.95579889124,21227.95579889159,3.5288394428789616e-10,1.6623548100016664e-12
United States of America,Male,60-64 years,DALYs,2007,333.6260213818223,6907988.5490711015,derived_proxy_NOT_OFFICIAL,23046.84735377758,23046.84735377779,2.1100277081131935e-10,9.155385444800724e-13
United States of America,Male,60-64 years,DALYs,2008,334.4576842011432,7292393.85956458,derived_proxy_NOT_OFFICIAL,24389.971625525755,24389.97162552606,3.055902197957039e-10,1.2529338881062208e-12
United States of America,Male,60-64 years,DALYs,2009,335.7720865657224,7640802.224584404,derived_proxy_NOT_OFFICIAL,25655.681059847037,25655.681059847193,1.5643308870494366e-10,6.09740541831776e-13
United States of America,Male,60-64 years,DALYs,2010,336.1694542560014,8051253.0127485,derived_proxy_NOT_OFFICIAL,27065.85331372624,27065.853313726508,2.6921043172478676e-10,9.946497108526735e-13
United States of America,Male,60-64 years,DALYs,2011,336.43532686593073,8473323.305975262,derived_proxy_NOT_OFFICIAL,28507.252960864804,28507.25296086496,1.5643308870494366e-10,5.487483796481457e-13
United States of America,Male,60-64 years,DALYs,2012,336.6800205711834,8540698.547641862,derived_proxy_NOT_OFFICIAL,28754.825627123075,28754.82562712338,3.055902197957039e-10,1.0627441242678064e-12
United States of America,Male,60-64 years,DALYs,2013,336.71512182537066,8668307.593577836,derived_proxy_NOT_OFFICIAL,29187.502473913173,29187.502473913464,2.9103830456733704e-10,9.971332930162745e-13
United States of America,Male,60-64 years,DALYs,2014,337.41869441268386,8894882.014554624,derived_proxy_NOT_OFFICIAL,30012.994763058527,30012.994763058843,3.1650415621697903e-10,1.05455706341757e-12
United States of America,Male,60-64 years,DALYs,2015,337.03555835944167,9141808.35748824,derived_proxy_NOT_OFFICIAL,30811.14484181048,30811.14484181059,1.0913936421275139e-10,3.542204120395102e-13
United States of America,Male,60-64 years,DALYs,2016,336.5341510497418,9394972.96825573,derived_proxy_NOT_OFFICIAL,31617.29252007189,31617.29252007215,2.6193447411060333e-10,8.284532078270684e-13
United States of America,Male,60-64 years,DALYs,2017,335.2769244495543,9647784.886204327,derived_proxy_NOT_OFFICIAL,32346.796443974574,32346.7964439748,2.255546860396862e-10,6.973014667166572e-13
United States of America,Male,60-64 years,DALYs,2018,335.2478414882028,9887522.396425983,derived_proxy_NOT_OFFICIAL,33147.70541068048,33147.70541068073,2.546585164964199e-10,7.682538303672951e-13
United States of America,Male,60-64 years,DALYs,2019,333.6320662785887,10063278.283988966,derived_proxy_NOT_OFFICIAL,33574.32327423622,33574.323274236885,6.621121428906918e-10,1.972078893392838e-12
United States of America,Male,60-64 years,DALYs,2020,332.5698478414259,10227141.14872085,derived_proxy_NOT_OFFICIAL,34012.387756828495,34012.387756828786,2.9103830456733704e-10,8.556832488448469e-13
United States of America,Male,60-64 years,DALYs,2021,334.08669480915427,10339248.613293096,derived_proxy_NOT_OFFICIAL,34542.05396025182,34542.053960252226,4.0745362639427185e-10,1.1795871399631772e-12
United States of America,Male,60-64 years,DALYs,2022,334.95282145323847,10388434.815685347,derived_proxy_NOT_OFFICIAL,34796.35551996792,34796.3555199686,6.83940015733242e-10,1.965550717921486e-12
United States of America,Male,60-64 years,DALYs,2023,333.1675162380711,10397769.436163444,derived_proxy_NOT_OFFICIAL,34641.99017462674,34641.99017462703,2.9103830456733704e-10,8.401315949235093e-13
United States of America,Male,65-69 years,DALYs,1990,267.5737603654076,4521819.51578881,derived_proxy_NOT_OFFICIAL,12099.202515332792,12099.202515332987,1.9463186617940664e-10,1.608633841220181e-12
United States of America,Male,65-69 years,DALYs,1991,267.36613723015046,4535388.02621802,derived_proxy_NOT_OFFICIAL,12126.091774097766,12126.091774097884,1.1823431123048067e-10,9.750405442505224e-13
United States of America,Male,65-69 years,DALYs,1992,267.7660062859721,4522784.010999266,derived_proxy_NOT_OFFICIAL,12110.478119193069,12110.478119193234,1.6552803572267294e-10,1.3668166862903527e-12
United States of America,Male,65-69 years,DALYs,1993,267.1190453190909,4534501.52847599,derived_proxy_NOT_OFFICIAL,12112.517192844503,12112.517192844649,1.4551915228366852e-10,1.201394804786195e-12
United States of America,Male,65-69 years,DALYs,1994,267.3899259181672,4509200.96436197,derived_proxy_NOT_OFFICIAL,12057.149118108517,12057.149118108755,2.382876118645072e-10,1.9763180294969176e-12
United States of America,Male,65-69 years,DALYs,1995,267.1217362290037,4494189.296761377,derived_proxy_NOT_OFFICIAL,12004.956478926848,12004.956478927043,1.9463186617940664e-10,1.6212625720139658e-12
United States of America,Male,65-69 years,DALYs,1996,267.58374921706564,4480098.9283156535,derived_proxy_NOT_OFFICIAL,11988.016681020466,11988.016681020603,1.3642420526593924e-10,1.1380048000928063e-12
United States of America,Male,65-69 years,DALYs,1997,267.32152583893713,4432363.264961401,derived_proxy_NOT_OFFICIAL,11848.661110619096,11848.661110619349,2.5283952709287405e-10,2.133907997978542e-12
United States of America,Male,65-69 years,DALYs,1998,267.55881379678976,4381667.107726672,derived_proxy_NOT_OFFICIAL,11723.536537957363,11723.536537957589,2.255546860396862e-10,1.923947482139084e-12
United States of America,Male,65-69 years,DALYs,1999,267.5987465232503,4341215.240868183,derived_proxy_NOT_OFFICIAL,11617.03756843952,11617.03756843956,4.001776687800884e-11,3.444747995541199e-13
United States of America,Male,65-69 years,DALYs,2000,267.2719537197666,4335376.0884592775,derived_proxy_NOT_OFFICIAL,11587.244372724466,11587.244372724706,2.4010660126805305e-10,2.0721630919707417e-12
United States of America,Male,65-69 years,DALYs,2001,266.80832762309603,4348522.245063124,derived_proxy_NOT_OFFICIAL,11602.219478371058,11602.219478371231,1.7280399333685637e-10,1.4894046234774201e-12
United States of America,Male,65-69 years,DALYs,2002,266.0748818652376,4396449.31687602,derived_proxy_NOT_OFFICIAL,11697.847326142664,11697.847326142917,2.5283952709287405e-10,2.16141927692817e-12
United States of America,Male,65-69 years,DALYs,2003,265.13529689506817,4485741.833986439,derived_proxy_NOT_OFFICIAL,11893.284929486126,11893.28492948622,9.458744898438454e-11,7.953012943453578e-13
United States of America,Male,65-69 years,DALYs,2004,264.9679081030314,4601832.414570322,derived_proxy_NOT_OFFICIAL,12193.379083294049,12193.379083294201,1.5279510989785194e-10,1.253098988017145e-12
United States of America,Male,65-69 years,DALYs,2005,263.5558543747502,4725466.762063259,derived_proxy_NOT_OFFICIAL,12454.24429795064,12454.244297950667,2.7284841053187847e-11,2.1908066359094626e-13
United States of America,Male,65-69 years,DALYs,2006,264.2935760047495,4862393.318163633,derived_proxy_NOT_OFFICIAL,12850.99317999042,12850.993179990664,2.4374458007514477e-10,1.896698384796174e-12
United States of America,Male,65-69 years,DALYs,2007,264.4478171903329,5050071.380949766,derived_proxy_NOT_OFFICIAL,13354.803533475157,13354.803533475359,2.0190782379359007e-10,1.5118741603909621e-12
United States of America,Male,65-69 years,DALYs,2008,264.0948138800433,5346686.420265015,derived_proxy_NOT_OFFICIAL,14120.32155034823,14120.32155034844,2.1100277081131935e-10,1.4943198712504934e-12
United States of America,Male,65-69 years,DALYs,2009,264.5637959676256,5601971.760748697,derived_proxy_NOT_OFFICIAL,14820.789139271008,14820.789139271188,1.800799509510398e-10,1.2150496796009163e-12
United States of America,Male,65-69 years,DALYs,2010,265.1458066554991,5820340.719426252,derived_proxy_NOT_OFFICIAL,15432.389350620846,15432.389350621213,3.67435859516263e-10,2.3809395367638326e-12
United States of America,Male,65-69 years,DALYs,2011,265.8091815320709,5991149.375682997,derived_proxy_NOT_OFFICIAL,15925.025119866612,15925.02511986675,1.382431946694851e-10,8.680877651930701e-13
United States of America,Male,65-69 years,DALYs,2012,266.2320947775758,6504102.420558131,derived_proxy_NOT_OFFICIAL,17316.008120730625,17316.008120730927,3.019522409886122e-10,1.743775117702311e-12
United States of America,Male,65-69 years,DALYs,2013,266.30776553797193,6868133.529518081,derived_proxy_NOT_OFFICIAL,18290.37293662369,18290.372936623848,1.5643308870494366e-10,8.552755553262131e-13
United States of America,Male,65-69 years,DALYs,2014,267.13611470818125,7193642.518471643,derived_proxy_NOT_OFFICIAL,19216.817129840765,19216.817129840907,1.418811734765768e-10,7.383177584401172e-13
United States of America,Male,65-69 years,DALYs,2015,266.5053704236504,7572983.128660962,derived_proxy_NOT_OFFICIAL,20182.406739158283,20182.406739158443,1.6007106751203537e-10,7.93121799500069e-13
United States of America,Male,65-69 years,DALYs,2016,266.60364771898384,7955639.360842174,derived_proxy_NOT_OFFICIAL,21210.02473537223,21210.024735372484,2.546585164964199e-10,1.2006516714321536e-12
United States of America,Male,65-69 years,DALYs,2017,265.5904198799625,8008659.506058247,derived_proxy_NOT_OFFICIAL,21270.232408896434,21270.232408896627,1.9281287677586079e-10,9.064916314464686e-13
United States of America,Male,65-69 years,DALYs,2018,264.7545309818052,8123326.868954899,derived_proxy_NOT_OFFICIAL,21506.87595202013,21506.875952020502,3.710738383233547e-10,1.725373034889802e-12
United States of America,Male,65-69 years,DALYs,2019,264.3595235721401,8329522.070348652,derived_proxy_NOT_OFFICIAL,22019.884861009807,22019.88486100996,1.5279510989785194e-10,6.938960437908709e-13
United States of America,Male,65-69 years,DALYs,2020,262.9729786603809,8543772.23816262,derived_proxy_NOT_OFFICIAL,22467.81234465478,22467.812344654933,1.5279510989785194e-10,6.800622488473061e-13
United States of America,Male,65-69 years,DALYs,2021,264.03498461501755,8743158.203312576,derived_proxy_NOT_OFFICIAL,23084.996416982456,23084.996416983002,5.456968210637569e-10,2.3638592408977614e-12
United States of America,Male,65-69 years,DALYs,2022,264.66244863843264,8952514.17477874,derived_proxy_NOT_OFFICIAL,23693.943229671902,23693.943229672182,2.801243681460619e-10,1.1822614979310934e-12
United States of America,Male,65-69 years,DALYs,2023,263.2949366674043,9168492.52534037,derived_proxy_NOT_OFFICIAL,24140.17658795023,24140.176587950624,3.92901711165905e-10,1.627584246264483e-12
United States of America,Male,70+ years,DALYs,1990,139.8745979259019,8079562.621794719,derived_proxy_NOT_OFFICIAL,11301.25573140652,11301.255731406822,3.019522409886122e-10,2.6718468121155605e-12
United States of America,Male,70+ years,DALYs,1991,139.69990936277586,8291575.947449405,derived_proxy_NOT_OFFICIAL,11583.324083332502,11583.324083332542,4.001776687800884e-11,3.4547740001155006e-13
United States of America,Male,70+ years,DALYs,1992,139.6247565392366,8521407.71690277,derived_proxy_NOT_OFFICIAL,11897.99477844101,11897.994778441214,2.0372681319713593e-10,1.7122785560999394e-12
United States of America,Male,70+ years,DALYs,1993,139.4299597469462,8730987.88942948,derived_proxy_NOT_OFFICIAL,12173.612899741913,12173.612899742271,3.583409124985337e-10,2.943587211534636e-12
United States of America,Male,70+ years,DALYs,1994,138.93102318435257,8916320.90733419,derived_proxy_NOT_OFFICIAL,12387.53586695964,12387.535866959739,9.822542779147625e-11,7.929375853793947e-13
United States of America,Male,70+ years,DALYs,1995,138.5647094651018,9117335.007247314,derived_proxy_NOT_OFFICIAL,12633.408763752182,12633.408763752257,7.457856554538012e-11,5.903281286944595e-13
United States of America,Male,70+ years,DALYs,1996,137.73764395352586,9289673.751412787,derived_proxy_NOT_OFFICIAL,12795.377756165,12795.377756165091,9.094947017729282e-11,7.107994145266406e-13
United States of America,Male,70+ years,DALYs,1997,136.58710189719872,9455296.174455795,derived_proxy_NOT_OFFICIAL,12914.715020485874,12914.715020485872,-1.8189894035458565e-12,-1.4084626727422926e-14
United States of America,Male,70+ years,DALYs,1998,136.08948309016594,9620191.826591246,derived_proxy_NOT_OFFICIAL,13092.069329090018,13092.069329090418,4.001776687800884e-10,3.0566418395823093e-12
United States of America,Male,70+ years,DALYs,1999,134.767640408272,9752188.589570712,derived_proxy_NOT_OFFICIAL,13142.794450329067,13142.794450329191,1.2369127944111824e-10,9.411337893823735e-13
United States of America,Male,70+ years,DALYs,2000,134.0823008437485,9896547.462085366,derived_proxy_NOT_OFFICIAL,13269.5185412575,13269.518541257657,1.5825207810848951e-10,1.19259849267668e-12
United States of America,Male,70+ years,DALYs,2001,133.01732108209197,10023441.44824088,derived_proxy_NOT_OFFICIAL,13332.913294681835,13332.91329468206,2.2373569663614035e-10,1.6780705888590974e-12
United States of America,Male,70+ years,DALYs,2002,131.84279034220222,10127625.70829963,derived_proxy_NOT_OFFICIAL,13352.544329236109,13352.544329236453,3.4378899727016687e-10,2.5747077769846643e-12
United States of America,Male,70+ years,DALYs,2003,130.5119357308019,10225749.054784454,derived_proxy_NOT_OFFICIAL,13345.823034373272,13345.823034373369,9.640643838793039e-11,7.223716224891311e-13
United States of America,Male,70+ years,DALYs,2004,129.7429244235683,10305391.708661333,derived_proxy_NOT_OFFICIAL,13370.516576120544,13370.516576121146,6.020854925736785e-10,4.503083251465319e-12
United States of America,Male,70+ years,DALYs,2005,128.6997071199098,10461606.939478654,derived_proxy_NOT_OFFICIAL,13464.057491144518,13464.057491145186,6.675691111013293e-10,4.958157015746539e-12
United States of America,Male,70+ years,DALYs,2006,128.34693875444194,10603095.741148576,derived_proxy_NOT_OFFICIAL,13608.748796966796,13608.748796966805,9.094947017729282e-12,6.683161805261937e-14
United States of America,Male,70+ years,DALYs,2007,127.70979185339998,10760569.07949514,derived_proxy_NOT_OFFICIAL,13742.300373664526,13742.30037366456,3.456079866737127e-11,2.51492091772371e-13
United States of America,Male,70+ years,DALYs,2008,127.3330538655657,10965037.74638959,derived_proxy_NOT_OFFICIAL,13962.11741998966,13962.117419989869,2.091837814077735e-10,1.4982239091348969e-12
United States of America,Male,70+ years,DALYs,2009,128.13381349935963,11151046.498780785,derived_proxy_NOT_OFFICIAL,14288.261123974478,14288.261123974642,1.6370904631912708e-10,1.145759059823153e-12
United States of America,Male,70+ years,DALYs,2010,127.49508117835065,11407571.312863413,derived_proxy_NOT_OFFICIAL,14544.09230581342,14544.092305813449,2.9103830456733704e-11,2.0010757525996045e-13
United States of America,Male,70+ years,DALYs,2011,127.70922969742531,11668415.578329196,derived_proxy_NOT_OFFICIAL,14901.643652978064,14901.643652978591,5.275069270282984e-10,3.5399244493601696e-12
United States of America,Male,70+ years,DALYs,2012,128.5081791113264,11967276.439102156,derived_proxy_NOT_OFFICIAL,15378.92904110853,15378.929041108964,4.347384674474597e-10,2.8268448751235234e-12
United States of America,Male,70+ years,DALYs,2013,129.38666212610283,12395480.985751696,derived_proxy_NOT_OFFICIAL,16038.09910193969,16038.09910193987,1.800799509510398e-10,1.1228260269900716e-12
United States of America,Male,70+ years,DALYs,2014,130.42900404136455,12773062.80906734,derived_proxy_NOT_OFFICIAL,16659.778607444412,16659.778607444474,6.184563972055912e-11,3.712272604446462e-13
United States of America,Male,70+ years,DALYs,2015,130.93808590260338,13161774.456188384,derived_proxy_NOT_OFFICIAL,17233.775543750766,17233.775543750857,9.094947017729282e-11,5.277396699661237e-13
United States of America,Male,70+ years,DALYs,2016,131.17622047413576,13493101.728951413,derived_proxy_NOT_OFFICIAL,17699.740872768096,17699.740872768733,6.366462912410498e-10,3.5969243607433867e-12
United States of America,Male,70+ years,DALYs,2017,132.31296780170626,14197511.71021255,derived_proxy_NOT_OFFICIAL,18785.14909777696,18785.149097777008,4.729372449219227e-11,2.5176124099962036e-13
United States of America,Male,70+ years,DALYs,2018,132.86091454541295,14853794.991236629,derived_proxy_NOT_OFFICIAL,19734.88787005762,19734.887870057726,1.0550138540565968e-10,5.345932852536224e-13
United States of America,Male,70+ years,DALYs,2019,133.14854150442744,15435700.892950203,derived_proxy_NOT_OFFICIAL,20552.41060994846,20552.41060994908,6.184563972055912e-10,3.0091671918340586e-12
United States of America,Male,70+ years,DALYs,2020,133.1802979184904,16013523.373669866,derived_proxy_NOT_OFFICIAL,21326.85813630059,21326.858136300623,3.2741809263825417e-11,1.5352382922309292e-13
United States of America,Male,70+ years,DALYs,2021,134.57086828180073,16462743.23980644,derived_proxy_NOT_OFFICIAL,22154.056520810915,22154.056520810977,6.184563972055912e-11,2.7916169511648133e-13
United States of America,Male,70+ years,DALYs,2022,134.38590749304714,17004913.949047074,derived_proxy_NOT_OFFICIAL,22852.207928837637,22852.207928838667,1.0295480024069548e-09,4.5052452069970385e-12
United States of America,Male,70+ years,DALYs,2023,133.30882135457222,17609482.474523433,derived_proxy_NOT_OFFICIAL,23474.99353342693,23474.993533427147,2.1827872842550278e-10,9.29835095011581e-13
United States of America,Female,15-19 years,DALYs,1990,80.77665992702808,8841756.767730402,derived_proxy_NOT_OFFICIAL,7142.075795844097,7142.0757958445765,4.793037078343332e-10,6.710986014923493e-12
United States of America,Female,15-19 years,DALYs,1991,81.09032857243699,8600194.695424903,derived_proxy_NOT_OFFICIAL,6973.926136388987,6973.926136389351,3.637978807091713e-10,5.21654335871044e-12
United States of America,Female,15-19 years,DALYs,1992,81.50921218509158,8542572.100207072,derived_proxy_NOT_OFFICIAL,6962.983219222131,6962.983219222217,8.549250196665525e-11,1.2278142755054068e-12
United States of America,Female,15-19 years,DALYs,1993,81.42530673891424,8628830.546040967,derived_proxy_NOT_OFFICIAL,7026.051740094536,7026.051740094986,4.4929038267582655e-10,6.394635270217656e-12
United States of America,Female,15-19 years,DALYs,1994,81.60323267060608,8806269.913855318,derived_proxy_NOT_OFFICIAL,7186.20092740459,7186.200927404937,3.4651748137548566e-10,4.821984312379029e-12
United States of America,Female,15-19 years,DALYs,1995,81.81249788487456,9035284.152722646,derived_proxy_NOT_OFFICIAL,7391.991656338306,7391.9916563386205,3.1468516681343317e-10,4.257109334581088e-12
United States of America,Female,15-19 years,DALYs,1996,81.84819553836283,9281633.24521871,derived_proxy_NOT_OFFICIAL,7596.849327700123,7596.8493277003,1.77351466845721e-10,2.334539743983741e-12
United States of America,Female,15-19 years,DALYs,1997,82.22311969588343,9482137.658073751,derived_proxy_NOT_OFFICIAL,7796.509396326076,7796.509396326418,3.41970007866621e-10,4.386193750087269e-12
United States of America,Female,15-19 years,DALYs,1998,82.23821020673114,9646953.869881215,derived_proxy_NOT_OFFICIAL,7933.482202058945,7933.482202059297,3.5197444958612323e-10,4.436569473802773e-12
United States of America,Female,15-19 years,DALYs,1999,82.87109557702699,9762247.222965848,derived_proxy_NOT_OFFICIAL,8090.081226609036,8090.081226609691,6.548361852765083e-10,8.0943091538153e-12
United States of America,Female,15-19 years,DALYs,2000,82.97956799393778,9825806.437612178,derived_proxy_NOT_OFFICIAL,8153.411733850879,8153.411733851112,2.3374013835564256e-10,2.8667770742548585e-12
United States of America,Female,15-19 years,DALYs,2001,83.026128736588,9909400.087196166,derived_proxy_NOT_OFFICIAL,8227.39127341873,8227.391273419053,3.219611244276166e-10,3.913283247726615e-12
United States of America,Female,15-19 years,DALYs,2002,83.04766877290955,9993714.292972744,derived_proxy_NOT_OFFICIAL,8299.546744138783,8299.546744138923,1.4006218407303095e-10,1.6875883513993601e-12
United States of America,Female,15-19 years,DALYs,2003,82.7727823306959,10098399.18994562,derived_proxy_NOT_OFFICIAL,8358.725980378125,8358.725980378447,3.219611244276166e-10,3.851796615697312e-12
United States of America,Female,15-19 years,DALYs,2004,83.10356542933943,10272456.501387263,derived_proxy_NOT_OFFICIAL,8536.777609830293,8536.777609830795,5.020410753786564e-10,5.880920158919739e-12
United States of America,Female,15-19 years,DALYs,2005,83.303481614932,10466715.062676739,derived_proxy_NOT_OFFICIAL,8719.138057924058,8719.138057924234,1.7644197214394808e-10,2.0236171393523867e-12
United States of America,Female,15-19 years,DALYs,2006,83.37764304904783,10649765.161776755,derived_proxy_NOT_OFFICIAL,8879.523182147861,8879.523182148074,2.128217602148652e-10,2.3967701401212616e-12
United States of America,Female,15-19 years,DALYs,2007,82.6866542540497,10799294.050555546,derived_proxy_NOT_OFFICIAL,8929.574933460477,8929.574933461023,5.456968210637569e-10,6.111117551843905e-12
United States of America,Female,15-19 years,DALYs,2008,82.14445144463089,10871224.867915101,derived_proxy_NOT_OFFICIAL,8930.108033060862,8930.108033061158,2.964952727779746e-10,3.320175653869986e-12
United States of America,Female,15-19 years,DALYs,2009,81.72760884341145,10856838.862942869,derived_proxy_NOT_OFFICIAL,8873.034798665087,8873.034798665427,3.4015101846307516e-10,3.8335363962987e-12
United States of America,Female,15-19 years,DALYs,2010,81.18938176721117,10750370.191605277,derived_proxy_NOT_OFFICIAL,8728.159096250665,8728.15909625088,2.1464074961841106e-10,2.4591754945279788e-12
United States of America,Female,15-19 years,DALYs,2011,80.40015931050696,10614530.042499097,derived_proxy_NOT_OFFICIAL,8534.09906423066,8534.099064230897,2.3646862246096134e-10,2.7708680281446757e-12
United States of America,Female,15-19 years,DALYs,2012,80.16293362132504,10496258.979103621,derived_proxy_NOT_OFFICIAL,8414.109118140637,8414.109118141205,5.675246939063072e-10,6.74491720915214e-12
United States of America,Female,15-19 years,DALYs,2013,79.41420295645301,10421806.158988804,derived_proxy_NOT_OFFICIAL,8276.39429482723,8276.394294827489,2.582964953035116e-10,3.1208819457157528e-12
United States of America,Female,15-19 years,DALYs,2014,78.27406281892087,10395175.722591229,derived_proxy_NOT_OFFICIAL,8136.726375238005,8136.72637523827,2.646629582159221e-10,3.252695814146516e-12
United States of America,Female,15-19 years,DALYs,2015,77.4000921222985,10421112.390470864,derived_proxy_NOT_OFFICIAL,8065.950590392271,8065.950590392712,4.411049303598702e-10,5.46872839619537e-12
United States of America,Female,15-19 years,DALYs,2016,77.03616980937545,10464491.31825336,derived_proxy_NOT_OFFICIAL,8061.443301616619,8061.443301617011,3.9199221646413207e-10,4.862556266884902e-12
United States of America,Female,15-19 years,DALYs,2017,76.97793351978743,10490401.014120638,derived_proxy_NOT_OFFICIAL,8075.29391860832,8075.293918608891,5.70253178011626e-10,7.0617018248408505e-12
United States of America,Female,15-19 years,DALYs,2018,76.51384774719537,10511412.863487639,derived_proxy_NOT_OFFICIAL,8042.686434447568,8042.686434448041,4.729372449219227e-10,5.880339222181892e-12
United States of America,Female,15-19 years,DALYs,2019,75.51204519794761,10530910.802205786,derived_proxy_NOT_OFFICIAL,7952.106124716633,7952.106124717181,5.484253051690757e-10,6.896604453812146e-12
United States of America,Female,15-19 years,DALYs,2020,75.24229057694828,10535568.738824088,derived_proxy_NOT_OFFICIAL,7927.203244399419,7927.203244400145,7.257767720147967e-10,9.155521179901109e-12
United States of America,Female,15-19 years,DALYs,2021,75.30048749331999,10569761.611032013,derived_proxy_NOT_OFFICIAL,7959.0820199888385,7959.082019988898,5.911715561524034e-11,7.427634929099931e-13
United States of America,Female,15-19 years,DALYs,2022,75.87602051758711,10675848.899941735,derived_proxy_NOT_OFFICIAL,8100.409301745944,8100.409301746388,4.447429091669619e-10,5.490375764976506e-12
United States of America,Female,15-19 years,DALYs,2023,74.85710853183095,10770622.4823803,derived_proxy_NOT_OFFICIAL,8062.576561188868,8062.576561189206,3.374225343577564e-10,4.185045956425643e-12
United States of America,Female,20-24 years,DALYs,1990,336.8996794600265,9626327.287989315,derived_proxy_NOT_OFFICIAL,32431.065777008567,32431.065777009062,4.94765117764473e-10,1.5255900659152187e-12
United States of America,Female,20-24 years,DALYs,1991,335.4717617266662,9693045.575297927,derived_proxy_NOT_OFFICIAL,32517.430756420137,32517.43075642063,4.911271389573812e-10,1.5103503798817644e-12
United States of America,Female,20-24 years,DALYs,1992,334.9910217582059,9679661.861633997,derived_proxy_NOT_OFFICIAL,32425.998173027005,32425.9981730271,9.458744898438454e-11,2.9170250513079176e-13
United States of America,Female,20-24 years,DALYs,1993,333.9696995103822,9600441.120783143,derived_proxy_NOT_OFFICIAL,32062.5643627503,32062.56436275063,3.2741809263825417e-10,1.0211849836273312e-12
United States of America,Female,20-24 years,DALYs,1994,333.8243713236383,9429171.282955999,derived_proxy_NOT_OFFICIAL,31476.871756356348,31476.871756356897,5.493347998708487e-10,1.7452013787231497e-12
United States of America,Female,20-24 years,DALYs,1995,333.2457109471251,9195695.16299522,derived_proxy_NOT_OFFICIAL,30644.25972245356,30644.259722453808,2.473825588822365e-10,8.07272099645387e-13
United States of America,Female,20-24 years,DALYs,1996,333.6481009139971,8961067.379225414,derived_proxy_NOT_OFFICIAL,29898.43113240893,29898.431132409285,3.5652192309498787e-10,1.1924435817922556e-12
United States of America,Female,20-24 years,DALYs,1997,335.26404623657294,8896399.602303844,derived_proxy_NOT_OFFICIAL,29826.429276057912,29826.42927605825,3.383320290595293e-10,1.1343363495781008e-12
United States of America,Female,20-24 years,DALYs,1998,335.9704249950264,8966293.560049798,derived_proxy_NOT_OFFICIAL,30124.094580000445,30124.09458000099,5.456968210637569e-10,1.8114961749789755e-12
United States of America,Female,20-24 years,DALYs,1999,336.85881157284206,9120212.746173238,derived_proxy_NOT_OFFICIAL,30722.24026967373,30722.240269674036,3.055902197957039e-10,9.946872920506238e-13
United States of America,Female,20-24 years,DALYs,2000,337.4247277045211,9319475.497229347,derived_proxy_NOT_OFFICIAL,31446.214820015364,31446.214820015688,3.2378011383116245e-10,1.0296314379467954e-12
United States of America,Female,20-24 years,DALYs,2001,337.29183873066387,9625245.52688466,derived_proxy_NOT_OFFICIAL,32465.16761996977,32465.167619970245,4.765752237290144e-10,1.467958611234357e-12
United States of America,Female,20-24 years,DALYs,2002,338.037371589386,9862385.492694743,derived_proxy_NOT_OFFICIAL,33338.5486955177,33338.54869551823,5.311449058353901e-10,1.5931854463322858e-12
United States of America,Female,20-24 years,DALYs,2003,337.9304444308715,10023612.583854843,derived_proxy_NOT_OFFICIAL,33872.838552649155,33872.83855264943,2.764863893389702e-10,8.162480652727774e-13
United States of America,Female,20-24 years,DALYs,2004,338.8462848458054,10140111.11894863,derived_proxy_NOT_OFFICIAL,34359.389805793326,34359.38980579386,5.311449058353901e-10,1.545850810615484e-12
United States of America,Female,20-24 years,DALYs,2005,339.0748627354086,10191289.048537403,derived_proxy_NOT_OFFICIAL,34556.09935229642,34556.09935229693,5.093170329928398e-10,1.4738846181694208e-12
United States of America,Female,20-24 years,DALYs,2006,338.41913323658827,10247822.761521133,derived_proxy_NOT_OFFICIAL,34680.592965161035,34680.59296516162,5.820766091346741e-10,1.6783928974899846e-12
United States of America,Female,20-24 years,DALYs,2007,338.31914752815527,10298533.290588759,derived_proxy_NOT_OFFICIAL,34841.910036622736,34841.910036623165,4.2928149923682213e-10,1.232083714083411e-12
United States of America,Female,20-24 years,DALYs,2008,337.4100558145412,10381200.964910474,derived_proxy_NOT_OFFICIAL,35027.21596992379,35027.21596992412,3.2741809263825417e-10,9.34753401239175e-13
United States of America,Female,20-24 years,DALYs,2009,336.8273121697059,10525419.72297156,derived_proxy_NOT_OFFICIAL,35452.48834746467,35452.488347465216,5.456968210637569e-10,1.5392341877824257e-12
United States of America,Female,20-24 years,DALYs,2010,336.0350752093633,10698450.989267744,derived_proxy_NOT_OFFICIAL,35950.54782802233,35950.54782802274,4.0745362639427185e-10,1.133372510325627e-12
United States of America,Female,20-24 years,DALYs,2011,332.04303168332314,10870612.379765019,derived_proxy_NOT_OFFICIAL,36095.11090831436,36095.11090831441,5.093170329928398e-11,1.4110416069549207e-13
United States of America,Female,20-24 years,DALYs,2012,325.135620970952,11022223.479386784,derived_proxy_NOT_OFFICIAL,35837.174754510044,35837.17475451029,2.473825588822365e-10,6.902959303484263e-13
United States of America,Female,20-24 years,DALYs,2013,315.81816441705803,11090614.496345658,derived_proxy_NOT_OFFICIAL,35026.17512493078,35026.175124931004,2.255546860396862e-10,6.439603674542867e-13
United States of America,Female,20-24 years,DALYs,2014,306.9588928975241,11082747.355088297,derived_proxy_NOT_OFFICIAL,34019.47858380828,34019.47858380867,3.8562575355172157e-10,1.133543985989432e-12
United States of America,Female,20-24 years,DALYs,2015,302.5394065528528,10987375.49081532,derived_proxy_NOT_OFFICIAL,33241.14060564605,33241.140605646266,2.1827872842550278e-10,6.566523423941351e-13
United States of America,Female,20-24 years,DALYs,2016,300.4142137659203,10856621.977895577,derived_proxy_NOT_OFFICIAL,32614.835556432758,32614.8355564331,3.41970007866621e-10,1.048510599646954e-12
United States of America,Female,20-24 years,DALYs,2017,298.6927076451464,10729349.614687003,derived_proxy_NOT_OFFICIAL,32047.784876822097,32047.784876822694,5.966285243630409e-10,1.861684127799236e-12
United States of America,Female,20-24 years,DALYs,2018,296.29596674727463,10625456.044811836,derived_proxy_NOT_OFFICIAL,31482.79770928172,31482.79770928196,2.4010660126805305e-10,7.626596704817791e-13
United States of America,Female,20-24 years,DALYs,2019,295.21307758727346,10553519.543223895,derived_proxy_NOT_OFFICIAL,31155.36983732528,31155.369837325627,3.4560798667371273e-10,1.1093047152971416e-12
United States of America,Female,20-24 years,DALYs,2020,293.17692787694864,10531563.085704843,derived_proxy_NOT_OFFICIAL,30876.113112091956,30876.113112092233,2.764863893389702e-10,8.954701919092605e-13
United States of America,Female,20-24 years,DALYs,2021,294.6718589913512,10526968.342225825,derived_proxy_NOT_OFFICIAL,31020.01330946756,31020.013309467864,3.055902197957039e-10,9.851389061217304e-13
United States of America,Female,20-24 years,DALYs,2022,297.7683979912229,10581618.446861777,derived_proxy_NOT_OFFICIAL,31508.71573076357,31508.715730764037,4.656612873077393e-10,1.477880886313276e-12
United States of America,Female,20-24 years,DALYs,2023,292.7234660282516,10658557.792093117,derived_proxy_NOT_OFFICIAL,31200.09979763916,31200.09979763926,1.0186340659856796e-10,3.264842332532402e-13
United States of America,Female,25-29 years,DALYs,1990,500.2154183780618,10823316.089238273,derived_proxy_NOT_OFFICIAL,54139.89585816309,54139.89585816331,2.255546860396862e-10,4.166145546910534e-13
United States of America,Female,25-29 years,DALYs,1991,497.2979851766998,10575847.863401221,derived_proxy_NOT_OFFICIAL,52593.478340046655,52593.47834004733,6.766640581190586e-10,1.2865930900102135e-12
United States of America,Female,25-29 years,DALYs,1992,497.0546068508206,10339393.493749753,derived_proxy_NOT_OFFICIAL,51392.43168111693,51392.43168111716,2.3283064365386963e-10,4.53044613842272e-13
United States of America,Female,25-29 years,DALYs,1993,494.8667433310034,10097112.956200387,derived_proxy_NOT_OFFICIAL,49967.25405680139,49967.25405680166,2.764863893389702e-10,5.533351683177709e-13
United States of America,Female,25-29 years,DALYs,1994,494.4901143056574,9921249.712868333,derived_proxy_NOT_OFFICIAL,49059.5990457117,49059.599045712326,6.257323548197746e-10,1.27545346270919e-12
United States of America,Female,25-29 years,DALYs,1995,493.4871570382565,9867310.621267116,derived_proxy_NOT_OFFICIAL,48693.91066102454,48693.91066102502,4.729372449219227e-10,9.71245148524228e-13
United States of America,Female,25-29 years,DALYs,1996,492.43366799020026,9945688.875243476,derived_proxy_NOT_OFFICIAL,48975.92053525395,48975.920535254736,7.8580342233181e-10,1.604468918080205e-12
United States of America,Female,25-29 years,DALYs,1997,492.9289696074856,9946554.500787418,derived_proxy_NOT_OFFICIAL,49029.448612178,49029.4486121784,4.001776687800884e-10,8.161985910661287e-13
United States of America,Female,25-29 years,DALYs,1998,493.5423378145522,9877602.432369702,derived_proxy_NOT_OFFICIAL,48750.14996474428,48750.149964744494,2.1100277081131935e-10,4.328248650802405e-13
United States of America,Female,25-29 years,DALYs,1999,494.43618483520174,9710707.654224254,derived_proxy_NOT_OFFICIAL,48013.252446046135,48013.25244604632,1.8189894035458565e-10,3.7885152762560856e-13
United States of America,Female,25-29 years,DALYs,2000,494.6848458137037,9476164.094009334,derived_proxy_NOT_OFFICIAL,46877.14773750346,46877.14773750363,1.673470251262188e-10,3.569906301964165e-13
United States of America,Female,25-29 years,DALYs,2001,495.3858294869456,9275175.002596442,derived_proxy_NOT_OFFICIAL,45947.90262297785,45947.90262297821,3.637978807091713e-10,7.917616690674397e-13
United States of America,Female,25-29 years,DALYs,2002,497.346831452777,9236574.651836552,derived_proxy_NOT_OFFICIAL,45937.81136567918,45937.81136567945,2.6921043172478676e-10,5.860323418148689e-13
United States of America,Female,25-29 years,DALYs,2003,498.82804748009136,9322806.637971204,derived_proxy_NOT_OFFICIAL,46504.77432253582,46504.774322536105,2.837623469531536e-10,6.101789570789182e-13
United States of America,Female,25-29 years,DALYs,2004,500.4393524564797,9508126.557645094,derived_proxy_NOT_OFFICIAL,47582.40697582105,47582.40697582168,6.257323548197746e-10,1.315049814814412e-12
United States of America,Female,25-29 years,DALYs,2005,501.63974119816,9747723.020790696,derived_proxy_NOT_OFFICIAL,48898.4525342077,48898.45253420791,2.0372681319713593e-10,4.1663243444077404e-13
United States of America,Female,25-29 years,DALYs,2006,501.9352492582146,10011705.370140236,derived_proxy_NOT_OFFICIAL,50252.278304611085,50252.27830461144,3.5652192309498787e-10,7.094641976904635e-13
United States of America,Female,25-29 years,DALYs,2007,500.2549657939708,10220341.74177707,derived_proxy_NOT_OFFICIAL,51127.76708435301,51127.7670843538,7.930793799459934e-10,1.5511715554437055e-12
United States of America,Female,25-29 years,DALYs,2008,499.8509344649685,10386537.687258413,derived_proxy_NOT_OFFICIAL,51917.2056883168,51917.2056883173,5.020410753786564e-10,9.670032674575037e-13
United States of America,Female,25-29 years,DALYs,2009,499.1852084101282,10487243.20983908,derived_proxy_NOT_OFFICIAL,52350.76687351151,52350.76687351223,7.203198038041592e-10,1.3759489054755897e-12
United States of America,Female,25-29 years,DALYs,2010,496.77624057505335,10526958.29462047,derived_proxy_NOT_OFFICIAL,52295.42766291906,52295.42766291931,2.546585164964199e-10,4.86961342276181e-13
United States of America,Female,25-29 years,DALYs,2011,490.496848510874,10570670.27204296,derived_proxy_NOT_OFFICIAL,51848.80455084628,51848.80455084655,2.6921043172478676e-10,5.192220612546267e-13
United States of America,Female,25-29 years,DALYs,2012,478.01322883328135,10620470.834218029,derived_proxy_NOT_OFFICIAL,50767.2555519421,50767.25555194253,4.2928149923682213e-10,8.455873664425414e-13
United States of America,Female,25-29 years,DALYs,2013,466.0382323215064,10701941.025249712,derived_proxy_NOT_OFFICIAL,49875.13677816331,49875.13677816386,5.529727786779404e-10,1.1087143101731742e-12
United States of America,Female,25-29 years,DALYs,2014,456.0917254491956,10864727.183630362,derived_proxy_NOT_OFFICIAL,49553.121677166826,49553.12167716751,6.83940015733242e-10,1.3802158019206873e-12
United States of America,Female,25-29 years,DALYs,2015,448.7942024514789,11062862.01954798,derived_proxy_NOT_OFFICIAL,49649.48336893731,49649.48336893793,6.184563972055912e-10,1.245645181461288e-12
United States of America,Female,25-29 years,DALYs,2016,447.3310370538748,11253231.786648387,derived_proxy_NOT_OFFICIAL,50339.19845329022,50339.19845329051,2.9103830456733704e-10,5.781544273840428e-13
United States of America,Female,25-29 years,DALYs,2017,444.90291764914906,11404868.937685288,derived_proxy_NOT_OFFICIAL,50740.59465782272,50740.59465782336,6.402842700481415e-10,1.2618777418081131e-12
United States of America,Female,25-29 years,DALYs,2018,443.1150522591812,11453351.871475697,derived_proxy_NOT_OFFICIAL,50751.52613071725,50751.52613071744,1.8917489796876907e-10,3.727472105597853e-13
United States of America,Female,25-29 years,DALYs,2019,441.3076767466956,11400182.740130655,derived_proxy_NOT_OFFICIAL,50309.88159534807,50309.88159534838,3.055902197957039e-10,6.074158994322905e-13
United States of America,Female,25-29 years,DALYs,2020,438.89488262685495,11236018.983513404,derived_proxy_NOT_OFFICIAL,49314.31232962182,49314.3123296223,4.802132025361061e-10,9.737805919837487e-13
United States of America,Female,25-29 years,DALYs,2021,440.3013867094954,11029377.415277787,derived_proxy_NOT_OFFICIAL,48562.501704891576,48562.501704892,4.220055416226387e-10,8.689946497960816e-13
United States of America,Female,25-29 years,DALYs,2022,442.89057719006433,10883572.163204048,derived_proxy_NOT_OFFICIAL,48202.315572511245,48202.31557251158,3.346940502524376e-10,6.94352639032359e-13
United States of America,Female,25-29 years,DALYs,2023,440.4290983537491,10802911.300256126,derived_proxy_NOT_OFFICIAL,47579.16483567274,47579.164835673335,5.966285243630409e-10,1.253970149378737e-12
United States of America,Female,30-34 years,DALYs,1990,535.2206042782099,11197307.2487504,derived_proxy_NOT_OFFICIAL,59930.29551964965,59930.295519649684,3.637978807091713e-11,6.070350188576846e-14
United States of America,Female,30-34 years,DALYs,1991,532.6337715499362,11306801.330627192,derived_proxy_NOT_OFFICIAL,60223.84236897744,60223.84236897799,5.456968210637569e-10,9.061142557467518e-13
United States of America,Female,30-34 years,DALYs,1992,530.8757214603337,11324116.707425531,derived_proxy_NOT_OFFICIAL,60116.98626955515,60116.98626955548,3.2741809263825417e-10,5.446349076285407e-13
United States of America,Female,30-34 years,DALYs,1993,529.7831727729252,11284897.892607434,derived_proxy_NOT_OFFICIAL,59785.49009964007,59785.490099640636,5.675246939063072e-10,9.492682805818865e-13
United States of America,Female,30-34 years,DALYs,1994,528.4067599564012,11268095.207761545,derived_proxy_NOT_OFFICIAL,59541.37679613497,59541.37679613529,3.2014213502407074e-10,5.37680101218036e-13
United States of America,Female,30-34 years,DALYs,1995,526.6123791935851,11116074.339144811,derived_proxy_NOT_OFFICIAL,58538.623550297576,58538.62355029808,5.020410753786564e-10,8.576236421877814e-13
United States of America,Female,30-34 years,DALYs,1996,527.3058354172102,10881145.038367607,derived_proxy_NOT_OFFICIAL,57376.912747522256,57376.912747522634,3.7834979593753815e-10,6.59411212315317e-13
United States of America,Female,30-34 years,DALYs,1997,526.6609824806836,10646503.769506115,derived_proxy_NOT_OFFICIAL,56070.98135232373,56070.98135232392,1.8917489796876907e-10,3.373846745789641e-13
United States of America,Female,30-34 years,DALYs,1998,525.968212565383,10401241.871074066,derived_proxy_NOT_OFFICIAL,54707.22595389003,54707.22595389047,4.3655745685100555e-10,7.979886555003865e-13
United States of America,Female,30-34 years,DALYs,1999,525.5505766219367,10214053.046393447,derived_proxy_NOT_OFFICIAL,53680.01468179061,53680.01468179125,6.330083124339581e-10,1.1792252967633553e-12
United States of America,Female,30-34 years,DALYs,2000,524.5331223570315,10148470.267977342,derived_proxy_NOT_OFFICIAL,53232.08796809649,53232.08796809655,5.820766091346741e-11,1.0934694304749594e-13
United States of America,Female,30-34 years,DALYs,2001,527.4537883373071,10244464.32185621,derived_proxy_NOT_OFFICIAL,54034.8151604938,54034.81516049439,5.893525667488575e-10,1.0906904465174294e-12
United States of America,Female,30-34 years,DALYs,2002,529.4138323449827,10261526.9341662,derived_proxy_NOT_OFFICIAL,54325.94299928163,54325.94299928189,2.6193447411060333e-10,4.821535709266325e-13
United States of America,Female,30-34 years,DALYs,2003,532.1014439499232,10199209.456969395,derived_proxy_NOT_OFFICIAL,54270.140792011,54270.14079201128,2.837623469531536e-10,5.228701138636546e-13
United States of America,Female,30-34 years,DALYs,2004,534.6698757566754,10048018.937851578,derived_proxy_NOT_OFFICIAL,53723.73037101772,53723.730371018246,5.238689482212067e-10,9.75116479446516e-13
United States of America,Female,30-34 years,DALYs,2005,534.8665689086546,9833900.18423197,derived_proxy_NOT_OFFICIAL,52598.24450530319,52598.2445053034,2.1100277081131935e-10,4.011593405746557e-13
United States of America,Female,30-34 years,DALYs,2006,535.2570036301929,9609143.708002359,derived_proxy_NOT_OFFICIAL,51433.6146859722,51433.61468597264,4.43833414465189e-10,8.629247957294325e-13
United States of America,Female,30-34 years,DALYs,2007,534.7843544279176,9553336.113949914,derived_proxy_NOT_OFFICIAL,51089.7468633157,51089.746863316155,4.5838532969355583e-10,8.972158952361011e-13
United States of America,Female,30-34 years,DALYs,2008,533.0525824667502,9637900.877177197,derived_proxy_NOT_OFFICIAL,51375.07952137838,51375.07952137862,2.4010660126805305e-10,4.673600576484539e-13
United States of America,Female,30-34 years,DALYs,2009,531.602695625095,9808395.7082403,derived_proxy_NOT_OFFICIAL,52141.695982581216,52141.69598258156,3.41970007866621e-10,6.558474967535803e-13
United States of America,Female,30-34 years,DALYs,2010,529.6348582577916,10036140.752273608,derived_proxy_NOT_OFFICIAL,53154.8998478565,53154.89984785679,2.9103830456733704e-10,5.475286481591844e-13
United States of America,Female,30-34 years,DALYs,2011,523.7954925104472,10287001.766644888,derived_proxy_NOT_OFFICIAL,53882.8515681555,53882.85156815599,4.874891601502895e-10,9.047204183944734e-13
United States of America,Female,30-34 years,DALYs,2012,514.0223988986247,10496596.497932844,derived_proxy_NOT_OFFICIAL,53954.85712138302,53954.85712138344,4.147295840084553e-10,7.686603322392869e-13
United States of America,Female,30-34 years,DALYs,2013,503.3054148832072,10667937.890546922,derived_proxy_NOT_OFFICIAL,53692.30905949953,53692.30905950005,5.165929906070232e-10,9.621359178919963e-13
United States of America,Female,30-34 years,DALYs,2014,493.6281498432824,10781602.24681725,derived_proxy_NOT_OFFICIAL,53221.0236944254,53221.023694425756,3.5652192309498787e-10,6.698892624501162e-13
United States of America,Female,30-34 years,DALYs,2015,489.3696626698958,10838399.854051111,derived_proxy_NOT_OFFICIAL,53039.84080458392,53039.8408045844,4.802132025361061e-10,9.053820585649347e-13
United States of America,Female,30-34 years,DALYs,2016,486.355280327894,10893132.446539788,derived_proxy_NOT_OFFICIAL,52979.32484685692,52979.32484685736,4.3655745685100555e-10,8.24014760688112e-13
United States of America,Female,30-34 years,DALYs,2017,484.91025674767513,10939827.671171084,derived_proxy_NOT_OFFICIAL,53048.34644802841,53048.34644802892,5.093170329928398e-10,9.600997337246297e-13
United States of America,Female,30-34 years,DALYs,2018,483.380811249017,11008535.57033247,derived_proxy_NOT_OFFICIAL,53213.14854650919,53213.148546509685,4.94765117764473e-10,9.29779821864966e-13
United States of America,Female,30-34 years,DALYs,2019,483.2834936854681,11148581.446373768,derived_proxy_NOT_OFFICIAL,53879.253910404565,53879.25391040504,4.729372449219227e-10,8.777724459740418e-13
United States of America,Female,30-34 years,DALYs,2020,480.1906852081283,11310291.857373368,derived_proxy_NOT_OFFICIAL,54310.967968959776,54310.967968960314,5.384208634495735e-10,9.913667231217384e-13
United States of America,Female,30-34 years,DALYs,2021,479.8236302075976,11455913.126870278,derived_proxy_NOT_OFFICIAL,54968.178238777065,54968.17823877768,6.111804395914078e-10,1.1118804718913773e-12
United States of America,Female,30-34 years,DALYs,2022,480.6907382622372,11594755.734400976,derived_proxy_NOT_OFFICIAL,55734.91693939464,55734.91693939513,4.874891601502895e-10,8.746566549661827e-13
United States of America,Female,30-34 years,DALYs,2023,480.3947028819297,11652228.391856652,derived_proxy_NOT_OFFICIAL,55976.68796218285,55976.68796218362,7.712515071034431e-10,1.3778083969964265e-12
United States of America,Female,35-39 years,DALYs,1990,524.6731977349305,10260424.044866193,derived_proxy_NOT_OFFICIAL,53833.69493736294,53833.69493736315,2.1100277081131935e-10,3.919529786257978e-13
United States of America,Female,35-39 years,DALYs,1991,522.3184372305903,10500313.84579927,derived_proxy_NOT_OFFICIAL,54845.07518368541,54845.07518368604,6.330083124339581e-10,1.1541753025479616e-12
United States of America,Female,35-39 years,DALYs,1992,522.3642817911009,10752185.205117248,derived_proxy_NOT_OFFICIAL,56165.57502355958,56165.57502355972,1.4551915228366852e-10,2.590895797338995e-13
United States of America,Female,35-39 years,DALYs,1993,522.6619112483463,10981297.227182575,derived_proxy_NOT_OFFICIAL,57395.05796745343,57395.0579674541,6.693881005048752e-10,1.1662817744420782e-12
United States of America,Female,35-39 years,DALYs,1994,520.7362306850396,11135157.880969796,derived_proxy_NOT_OFFICIAL,57984.80143019025,57984.80143019024,-1.4551915228366852e-11,-2.5096085300708264e-14
United States of America,Female,35-39 years,DALYs,1995,519.3910052141865,11303058.802530851,derived_proxy_NOT_OFFICIAL,58707.070734415065,58707.07073441558,5.165929906070232e-10,8.799502072655582e-13
United States of America,Female,35-39 years,DALYs,1996,518.939879270696,11426614.057375953,derived_proxy_NOT_OFFICIAL,59297.25719407446,59297.257194075144,6.83940015733242e-10,1.1534091931010727e-12
United States of America,Female,35-39 years,DALYs,1997,517.6037800009402,11461626.222808864,derived_proxy_NOT_OFFICIAL,59325.81057883759,59325.81057883766,7.275957614183426e-11,1.2264404890877074e-13
United States of America,Female,35-39 years,DALYs,1998,517.1887187046229,11440085.94543906,derived_proxy_NOT_OFFICIAL,59166.83391992348,59166.83391992391,4.2928149923682213e-10,7.255441449137072e-13
United States of America,Female,35-39 years,DALYs,1999,516.5931114757311,11441196.89772142,derived_proxy_NOT_OFFICIAL,59104.43504400368,59104.4350440039,2.1827872842550278e-10,3.6931023579362985e-13
United States of America,Female,35-39 years,DALYs,2000,516.042801308246,11315047.608947169,derived_proxy_NOT_OFFICIAL,58390.48865057223,58390.48865057268,4.511093720793724e-10,7.725733805362691e-13
United States of America,Female,35-39 years,DALYs,2001,517.1034920973549,11109286.794183925,derived_proxy_NOT_OFFICIAL,57446.50995983508,57446.509959835355,2.764863893389702e-10,4.812936234634296e-13
United States of America,Female,35-39 years,DALYs,2002,520.6690518941049,10890442.729428433,derived_proxy_NOT_OFFICIAL,56703.16490638502,56703.1649063855,4.802132025361061e-10,8.468895930746046e-13
United States of America,Female,35-39 years,DALYs,2003,522.5343618413189,10652569.466002919,derived_proxy_NOT_OFFICIAL,55663.33587888098,55663.33587888154,5.602487362921238e-10,1.0064950787555759e-12
United States of America,Female,35-39 years,DALYs,2004,524.905687057497,10475392.359921426,derived_proxy_NOT_OFFICIAL,54985.93023881346,54985.93023881411,6.475602276623249e-10,1.1776834998514315e-12
United States of America,Female,35-39 years,DALYs,2005,525.6044642720274,10425909.971991953,derived_proxy_NOT_OFFICIAL,54799.0482537716,54799.048253772184,5.820766091346741e-10,1.0622020412455102e-12
United States of America,Female,35-39 years,DALYs,2006,525.9770136304219,10518078.676917935,derived_proxy_NOT_OFFICIAL,55322.67611615084,55322.67611615114,2.9831426218152046e-10,5.392260156670746e-13
United States of America,Female,35-39 years,DALYs,2007,525.110492076337,10530404.38768626,derived_proxy_NOT_OFFICIAL,55296.25829780702,55296.2582978075,4.802132025361061e-10,8.684370648549845e-13
United States of America,Female,35-39 years,DALYs,2008,523.4202220862874,10470975.669361986,derived_proxy_NOT_OFFICIAL,54807.20410317513,54807.20410317562,4.94765117764473e-10,9.027373788910533e-13
United States of America,Female,35-39 years,DALYs,2009,522.0336238283209,10314962.884326354,derived_proxy_NOT_OFFICIAL,53847.574541595095,53847.57454159515,5.820766091346741e-11,1.0809708962565124e-13
United States of America,Female,35-39 years,DALYs,2010,520.185807270466,10100290.073706489,derived_proxy_NOT_OFFICIAL,52540.27545656844,52540.275456568845,4.0745362639427185e-10,7.755072139488244e-13
United States of America,Female,35-39 years,DALYs,2011,515.1378680580063,9867830.705661397,derived_proxy_NOT_OFFICIAL,50832.932720717006,50832.93272071745,4.43833414465189e-10,8.731217946909923e-13
United States of America,Female,35-39 years,DALYs,2012,506.7532966120008,9808885.002794456,derived_proxy_NOT_OFFICIAL,49706.84811254084,49706.84811254105,2.0372681319713593e-10,4.098566312953093e-13
United States of America,Female,35-39 years,DALYs,2013,498.2155378038124,9887847.734946989,derived_proxy_NOT_OFFICIAL,49262.79376988812,49262.79376988822,1.0186340659856796e-10,2.06775537486532e-13
United States of America,Female,35-39 years,DALYs,2014,490.5327985733378,10055783.278936964,derived_proxy_NOT_OFFICIAL,49326.91513663856,49326.91513663924,6.766640581190586e-10,1.3717948025832508e-12
United States of America,Female,35-39 years,DALYs,2015,485.7846537940474,10283314.207312267,derived_proxy_NOT_OFFICIAL,49954.76232054553,49954.76232054599,4.5838532969355583e-10,9.176008620604124e-13
United States of America,Female,35-39 years,DALYs,2016,484.9283660299221,10532836.847611139,derived_proxy_NOT_OFFICIAL,51076.713621718,51076.71362171824,2.4010660126805305e-10,4.700901531103185e-13
United States of America,Female,35-39 years,DALYs,2017,483.5671987252722,10735265.17188097,derived_proxy_NOT_OFFICIAL,51912.22106739431,51912.22106739458,2.6921043172478676e-10,5.185877741106244e-13
United States of America,Female,35-39 years,DALYs,2018,483.2366706663021,10894499.342209727,derived_proxy_NOT_OFFICIAL,52646.21590705612,52646.21590705647,3.4924596548080444e-10,6.633828461619696e-13
United States of America,Female,35-39 years,DALYs,2019,483.3110556170081,10983973.416305847,derived_proxy_NOT_OFFICIAL,53086.75786703877,53086.757867039334,5.675246939063072e-10,1.06905133541538e-12
United States of America,Female,35-39 years,DALYs,2020,481.5782234827916,11011221.992861569,derived_proxy_NOT_OFFICIAL,53027.647256968834,53027.64725696918,3.4924596548080444e-10,6.586110897743194e-13
United States of America,Female,35-39 years,DALYs,2021,479.9471420071045,11031655.573420897,derived_proxy_NOT_OFFICIAL,52946.1156407008,52946.11564070106,2.546585164964199e-10,4.809767693338744e-13
United States of America,Female,35-39 years,DALYs,2022,479.3449318260669,11064661.609695699,derived_proxy_NOT_OFFICIAL,53037.89464978031,53037.89464978084,5.311449058353901e-10,1.0014441737226651e-12
United States of America,Female,35-39 years,DALYs,2023,480.7271028333215,11137561.801007703,derived_proxy_NOT_OFFICIAL,53541.27817225462,53541.27817225504,4.220055416226387e-10,7.88187275367147e-13
United States of America,Female,40-44 years,DALYs,1990,494.14347709527857,9140013.480417017,derived_proxy_NOT_OFFICIAL,45164.78041910927,45164.78041910983,5.602487362921238e-10,1.2404549099835365e-12
United States of America,Female,40-44 years,DALYs,1991,493.7983583391029,9610110.04736661,derived_proxy_NOT_OFFICIAL,47454.56564847715,47454.56564847751,3.5652192309498787e-10,7.512910891144758e-13
United States of America,Female,40-44 years,DALYs,1992,493.0495803276287,9670899.358859174,derived_proxy_NOT_OFFICIAL,47682.328702762,47682.32870276249,4.874891601502895e-10,1.0223686078529375e-12
United States of America,Female,40-44 years,DALYs,1993,493.6507867637612,9786455.864210714,derived_proxy_NOT_OFFICIAL,48310.9163699642,48310.91636996443,2.255546860396862e-10,4.668814069110016e-13
United States of America,Female,40-44 years,DALYs,1994,493.35001756967415,10013827.407074925,derived_proxy_NOT_OFFICIAL,49403.21927220055,49403.219272200986,4.3655745685100555e-10,8.836619622815931e-13
United States of America,Female,40-44 years,DALYs,1995,492.7630551036207,10238544.68288346,derived_proxy_NOT_OFFICIAL,50451.76557752556,50451.765577525846,2.837623469531536e-10,5.624428475493422e-13
United States of America,Female,40-44 years,DALYs,1996,491.467527922278,10482840.528046252,derived_proxy_NOT_OFFICIAL,51519.75719922304,51519.7571992236,5.602487362921238e-10,1.087444442188817e-12
United States of America,Female,40-44 years,DALYs,1997,491.8666473566167,10735885.350034462,derived_proxy_NOT_OFFICIAL,52806.23933526426,52806.23933526468,4.220055416226387e-10,7.991584837983745e-13
United States of America,Female,40-44 years,DALYs,1998,490.353028319068,10970372.98169854,derived_proxy_NOT_OFFICIAL,53793.556133654914,53793.55613365563,7.130438461899757e-10,1.3255190722441818e-12
United States of America,Female,40-44 years,DALYs,1999,489.8375951032124,11135738.09404597,derived_proxy_NOT_OFFICIAL,54547.03167686669,54547.03167686708,3.92901711165905e-10,7.202989770248745e-13
United States of America,Female,40-44 years,DALYs,2000,489.3363371759262,11312287.631390128,derived_proxy_NOT_OFFICIAL,55355.1339462494,55355.13394624979,3.92901711165905e-10,7.097836879004177e-13
United States of America,Female,40-44 years,DALYs,2001,488.2943532678568,11448326.012582444,derived_proxy_NOT_OFFICIAL,55901.52946313472,55901.52946313526,5.384208634495735e-10,9.631594495185413e-13
United States of America,Female,40-44 years,DALYs,2002,491.3911665854224,11500507.784390932,derived_proxy_NOT_OFFICIAL,56512.47936496566,56512.47936496592,2.6193447411060333e-10,4.634984645054999e-13
United States of America,Female,40-44 years,DALYs,2003,492.7094081084886,11491998.194028836,derived_proxy_NOT_OFFICIAL,56622.156281637086,56622.156281637675,5.893525667488575e-10,1.0408515066389094e-12
United States of America,Female,40-44 years,DALYs,2004,495.64760567765984,11506752.556704123,derived_proxy_NOT_OFFICIAL,57032.94353855681,57032.943538556894,8.731149137020111e-11,1.5308957587148674e-13
United States of America,Female,40-44 years,DALYs,2005,495.8558255637553,11398201.344942952,derived_proxy_NOT_OFFICIAL,56518.64537838563,56518.645378385925,2.9831426218152046e-10,5.278156618658176e-13
United States of America,Female,40-44 years,DALYs,2006,496.01333342824256,11195400.081195801,derived_proxy_NOT_OFFICIAL,55530.67713336722,55530.67713336747,2.473825588822365e-10,4.454881007269214e-13
United States of America,Female,40-44 years,DALYs,2007,496.0099869524673,10976948.722153708,derived_proxy_NOT_OFFICIAL,54446.76192453304,54446.76192453363,5.893525667488575e-10,1.08243823125008e-12
United States of America,Female,40-44 years,DALYs,2008,495.09485354776086,10743661.680863809,derived_proxy_NOT_OFFICIAL,53191.31606453949,53191.31606453958,8.731149137020111e-11,1.6414613856190743e-13
United States of America,Female,40-44 years,DALYs,2009,493.43644006786656,10560794.840005357,derived_proxy_NOT_OFFICIAL,52110.81010139302,52110.81010139338,3.5652192309498787e-10,6.841611604219857e-13
United States of America,Female,40-44 years,DALYs,2010,492.88452232270936,10506855.882013764,derived_proxy_NOT_OFFICIAL,51786.666425198186,51786.66642519903,8.440110832452774e-10,1.6297845401274976e-12
United States of America,Female,40-44 years,DALYs,2011,488.27331458590015,10591827.604635999,derived_proxy_NOT_OFFICIAL,51717.06772038049,51717.067720380546,5.820766091346741e-11,1.1255019566882584e-13
United States of America,Female,40-44 years,DALYs,2012,482.3319778978615,10600177.211793128,derived_proxy_NOT_OFFICIAL,51128.0444063199,51128.04440632018,2.764863893389702e-10,5.407724714477715e-13
United States of America,Female,40-44 years,DALYs,2013,475.839151488827,10536173.665413111,derived_proxy_NOT_OFFICIAL,50135.239368890536,50135.239368890994,4.5838532969355583e-10,9.142976785665632e-13
United States of America,Female,40-44 years,DALYs,2014,469.8223702251265,10381818.938542156,derived_proxy_NOT_OFFICIAL,48776.10780953932,48776.107809539826,5.093170329928398e-10,1.0441936756856826e-12
United States of America,Female,40-44 years,DALYs,2015,466.4909090168823,10172183.114024041,derived_proxy_NOT_OFFICIAL,47452.309475472255,47452.30947547255,2.9831426218152046e-10,6.286612084406912e-13
United States of America,Female,40-44 years,DALYs,2016,465.64926650754944,9939830.65409553,derived_proxy_NOT_OFFICIAL,46284.74853288776,46284.74853288839,6.330083124339581e-10,1.3676390873857125e-12
United States of America,Female,40-44 years,DALYs,2017,464.7730358061591,9878964.989366136,derived_proxy_NOT_OFFICIAL,45914.76548730402,45914.76548730459,5.675246939063072e-10,1.2360396222936923e-12
United States of America,Female,40-44 years,DALYs,2018,463.91921112320455,9950007.728048936,derived_proxy_NOT_OFFICIAL,46159.997358662,46159.99735866251,5.093170329928398e-10,1.1033731848714363e-12
United States of America,Female,40-44 years,DALYs,2019,464.6225063959058,10103049.318822645,derived_proxy_NOT_OFFICIAL,46941.04096752783,46941.04096752826,4.2928149923682213e-10,9.145120994095212e-13
United States of America,Female,40-44 years,DALYs,2020,461.55007708844886,10306765.857038941,derived_proxy_NOT_OFFICIAL,47570.885758488526,47570.88575848916,6.330083124339581e-10,1.330663287725317e-12
United States of America,Female,40-44 years,DALYs,2021,459.46774384755366,10528090.920576118,derived_proxy_NOT_OFFICIAL,48373.18182298966,48373.181822990235,5.748006515204906e-10,1.1882630620078685e-12
United States of America,Female,40-44 years,DALYs,2022,458.0779905408601,10717678.544260263,derived_proxy_NOT_OFFICIAL,49095.32650817603,49095.326508176324,2.9103830456733704e-10,5.928024626109154e-13
United States of America,Female,40-44 years,DALYs,2023,460.2809374626317,10878576.74075342,derived_proxy_NOT_OFFICIAL,50072.01500493132,50072.01500493164,3.2014213502407074e-10,6.39363394887427e-13
United States of America,Female,45-49 years,DALYs,1990,457.2271826202145,7126274.376764039,derived_proxy_NOT_OFFICIAL,32583.263558664174,32583.26355866446,2.874003257602453e-10,8.820489244203504e-13
United States of America,Female,45-49 years,DALYs,1991,457.45847305987263,7285731.235409625,derived_proxy_NOT_OFFICIAL,33329.19486075078,33329.194860751064,2.837623469531536e-10,8.513927448254042e-13
United States of America,Female,45-49 years,DALYs,1992,458.98103580220857,7836689.601408519,derived_proxy_NOT_OFFICIAL,35968.9191051484,35968.91910514879,3.8562575355172157e-10,1.0721082622038679e-12
United States of America,Female,45-49 years,DALYs,1993,459.250454782063,8226844.69842915,derived_proxy_NOT_OFFICIAL,37781.82169174975,37781.82169174991,1.6007106751203537e-10,4.2367217975354904e-13
United States of America,Female,45-49 years,DALYs,1994,459.38763690403647,8586957.027312458,derived_proxy_NOT_OFFICIAL,39447.418969735394,39447.418969735794,4.001776687800884e-10,1.0144584341173507e-12
United States of America,Female,45-49 years,DALYs,1995,459.2408834418391,9032395.300523803,derived_proxy_NOT_OFFICIAL,41480.45197408412,41480.451974084666,5.456968210637569e-10,1.315551772205119e-12
United States of America,Female,45-49 years,DALYs,1996,458.9583831838927,9504962.45112253,derived_proxy_NOT_OFFICIAL,43623.82198790782,43623.82198790806,2.4010660126805305e-10,5.504024872800204e-13
United States of America,Female,45-49 years,DALYs,1997,457.7963396362266,9580246.480218727,derived_proxy_NOT_OFFICIAL,43858.01771456926,43858.01771456977,5.093170329928398e-10,1.1612860305440778e-12
United States of America,Female,45-49 years,DALYs,1998,457.75211525070586,9712902.355541384,derived_proxy_NOT_OFFICIAL,44461.01598472605,44461.01598472631,2.6193447411060333e-10,5.891329028571619e-13
United States of America,Female,45-49 years,DALYs,1999,456.1896555504764,9954182.443245623,derived_proxy_NOT_OFFICIAL,45409.95060070761,45409.95060070821,5.966285243630409e-10,1.3138717758344e-12
United States of America,Female,45-49 years,DALYs,2000,454.6875782087832,10200801.045285655,derived_proxy_NOT_OFFICIAL,46381.77523070513,46381.775230705585,4.5838532969355583e-10,9.882875923000482e-13
United States of America,Female,45-49 years,DALYs,2001,456.3462370133037,10459859.59672224,derived_proxy_NOT_OFFICIAL,47733.17566651636,47733.175666516865,5.020410753786564e-10,1.0517655034857146e-12
United States of America,Female,45-49 years,DALYs,2002,457.33183818386266,10721991.939639334,derived_proxy_NOT_OFFICIAL,49035.082827477774,49035.08282747815,3.7834979593753815e-10,7.715900007117402e-13
United States of America,Female,45-49 years,DALYs,2003,457.6207181223383,10963604.239156187,derived_proxy_NOT_OFFICIAL,50171.72445131716,50171.72445131766,5.020410753786564e-10,1.0006454449573464e-12
United States of America,Female,45-49 years,DALYs,2004,459.3665341107017,11139652.524570037,derived_proxy_NOT_OFFICIAL,51171.83571409237,51171.83571409267,2.9831426218152046e-10,5.829657232706365e-13
United States of America,Female,45-49 years,DALYs,2005,459.2611213883255,11320080.527276078,derived_proxy_NOT_OFFICIAL,51988.72877162898,51988.72877162958,6.039044819772243e-10,1.1616065563557e-12
United States of America,Female,45-49 years,DALYs,2006,459.8819348094164,11463748.30722028,derived_proxy_NOT_OFFICIAL,52719.707516925664,52719.70751692635,6.83940015733242e-10,1.2973137521934526e-12
United States of America,Female,45-49 years,DALYs,2007,460.47189716457126,11522277.902371112,derived_proxy_NOT_OFFICIAL,53056.851653622005,53056.85165362243,4.220055416226387e-10,7.953836846137663e-13
United States of America,Female,45-49 years,DALYs,2008,459.564646048731,11522703.567641143,derived_proxy_NOT_OFFICIAL,52954.271865874296,52954.27186587452,2.255546860396862e-10,4.259423802691205e-13
United States of America,Female,45-49 years,DALYs,2009,459.5782635533535,11536927.896708498,derived_proxy_NOT_OFFICIAL,53021.21289509492,53021.21289509534,4.220055416226387e-10,7.959183100122538e-13
United States of America,Female,45-49 years,DALYs,2010,457.9294763156071,11428779.599290535,derived_proxy_NOT_OFFICIAL,52335.75056829549,52335.75056829608,5.893525667488575e-10,1.1260993877976058e-12
United States of America,Female,45-49 years,DALYs,2011,456.4466091476333,11220309.570179071,derived_proxy_NOT_OFFICIAL,51214.72256894952,51214.72256894976,2.4010660126805305e-10,4.688233953523844e-13
United States of America,Female,45-49 years,DALYs,2012,451.7449906902388,10995128.364124248,derived_proxy_NOT_OFFICIAL,49669.9416048921,49669.94160489289,7.930793799459934e-10,1.5966988370042322e-12
United States of America,Female,45-49 years,DALYs,2013,446.5445625220331,10755190.921116155,derived_proxy_NOT_OFFICIAL,48026.72024710734,48026.72024710755,2.1100277081131935e-10,4.39344535137246e-13
United States of America,Female,45-49 years,DALYs,2014,441.9674333825909,10568552.26099199,derived_proxy_NOT_OFFICIAL,46709.55917360396,46709.55917360408,1.2369127944111824e-10,2.6480934872752433e-13
United States of America,Female,45-49 years,DALYs,2015,439.2994164396713,10512913.454998586,derived_proxy_NOT_OFFICIAL,46183.16745861622,46183.16745861647,2.546585164964199e-10,5.514098112144736e-13
United States of America,Female,45-49 years,DALYs,2016,438.6436328501953,10595635.897326425,derived_proxy_NOT_OFFICIAL,46477.08222361167,46477.082223612015,3.41970007866621e-10,7.35782005895565e-13
United States of America,Female,45-49 years,DALYs,2017,438.2925759590147,10598208.057232078,derived_proxy_NOT_OFFICIAL,46451.15909953796,46451.15909953832,3.637978807091713e-10,7.831836444158611e-13
United States of America,Female,45-49 years,DALYs,2018,437.8667818266014,10526680.405840347,derived_proxy_NOT_OFFICIAL,46092.83672622429,46092.83672622456,2.6921043172478676e-10,5.840613224215398e-13
United States of America,Female,45-49 years,DALYs,2019,436.593837100926,10367642.644180406,derived_proxy_NOT_OFFICIAL,45264.48883713873,45264.48883713914,4.147295840084553e-10,9.162360929351242e-13
United States of America,Female,45-49 years,DALYs,2020,434.6234896711464,10153509.765864674,derived_proxy_NOT_OFFICIAL,44129.53846850118,44129.53846850169,5.093170329928398e-10,1.1541408559175857e-12
United States of America,Female,45-49 years,DALYs,2021,432.1407400713526,9908899.14335071,derived_proxy_NOT_OFFICIAL,42820.39009099948,42820.39009099967,1.8917489796876907e-10,4.417869560897163e-13
United States of America,Female,45-49 years,DALYs,2022,430.5016477178336,9843515.391950086,derived_proxy_NOT_OFFICIAL,42376.495955703256,42376.495955703685,4.2928149923682213e-10,1.0130179231561668e-12
United States of America,Female,45-49 years,DALYs,2023,433.6637263158405,9915213.010163017,derived_proxy_NOT_OFFICIAL,42998.68221202575,42998.68221202596,2.1100277081131935e-10,4.90719156858967e-13
United States of America,Female,50-54 years,DALYs,1990,419.27878773293713,5894241.530611159,derived_proxy_NOT_OFFICIAL,24713.304435597514,24713.304435597787,2.7284841053187847e-10,1.1040547460697422e-12
United States of America,Female,50-54 years,DALYs,1991,420.3380707102409,6021721.463898031,derived_proxy_NOT_OFFICIAL,25311.5878248934,25311.58782489346,6.184563972055912e-11,2.443372582882188e-13
United States of America,Female,50-54 years,DALYs,1992,422.0473759238721,6211125.660600037,derived_proxy_NOT_OFFICIAL,26213.892865896607,26213.892865896727,1.2005330063402653e-10,4.5797585748972e-13
United States of America,Female,50-54 years,DALYs,1993,422.3440722121676,6530436.559690725,derived_proxy_NOT_OFFICIAL,27580.9116994297,27580.911699429987,2.874003257602453e-10,1.0420261987430532e-12
United States of America,Female,50-54 years,DALYs,1994,422.5597180424,6810453.230793225,derived_proxy_NOT_OFFICIAL,28778.231969449283,28778.23196944937,8.731149137020111e-11,3.033942163746898e-13
United States of America,Female,50-54 years,DALYs,1995,423.27285861514656,7032055.265877144,derived_proxy_NOT_OFFICIAL,29764.781343274728,29764.78134327513,4.0381564758718014e-10,1.3566894476059075e-12
United States of America,Female,50-54 years,DALYs,1996,422.6780661847604,7197514.004091617,derived_proxy_NOT_OFFICIAL,30422.31300587166,30422.313005871758,9.822542779147625e-11,3.2287297738511286e-13
United States of America,Female,50-54 years,DALYs,1997,423.2202342113735,7749042.120453335,derived_proxy_NOT_OFFICIAL,32795.5142113203,32795.51421132059,2.9103830456733704e-10,8.874332711846212e-13
United States of America,Female,50-54 years,DALYs,1998,421.3798295781925,8145395.689926511,derived_proxy_NOT_OFFICIAL,34323.05447668146,34323.05447668177,3.128661774098873e-10,9.115336096396772e-13
United States of America,Female,50-54 years,DALYs,1999,420.5482558986077,8519941.14050727,derived_proxy_NOT_OFFICIAL,35830.46386999073,35830.46386999127,5.384208634495735e-10,1.502690183982016e-12
United States of America,Female,50-54 years,DALYs,2000,420.7134593108168,8977328.521345783,derived_proxy_NOT_OFFICIAL,37768.82937585006,37768.829375850444,3.8562575355172157e-10,1.0210159010072373e-12
United States of America,Female,50-54 years,DALYs,2001,419.77643381571,9448897.613417346,derived_proxy_NOT_OFFICIAL,39664.24543650048,39664.24543650106,5.820766091346741e-10,1.4675095989574176e-12
United States of America,Female,50-54 years,DALYs,2002,420.63628242268976,9533594.808747463,derived_proxy_NOT_OFFICIAL,40101.75878475727,40101.75878475787,5.966285243630409e-10,1.487786427436744e-12
United States of America,Female,50-54 years,DALYs,2003,420.5033573257341,9675350.164950814,derived_proxy_NOT_OFFICIAL,40685.172276638696,40685.172276639125,4.2928149923682213e-10,1.055130100759864e-12
United States of America,Female,50-54 years,DALYs,2004,421.3714881022284,9923024.921168208,derived_proxy_NOT_OFFICIAL,41812.79777508076,41812.79777508145,6.912159733474255e-10,1.6531205997398493e-12
United States of America,Female,50-54 years,DALYs,2005,421.3982833417304,10178321.065794744,derived_proxy_NOT_OFFICIAL,42891.27024426873,42891.270244268766,3.637978807091713e-11,8.481863060648878e-14
United States of America,Female,50-54 years,DALYs,2006,421.2238290047057,10449847.59386002,derived_proxy_NOT_OFFICIAL,44017.2481600127,44017.24816001328,5.820766091346741e-10,1.3223830054498031e-12
United States of America,Female,50-54 years,DALYs,2007,421.1889752157372,10719253.386568168,derived_proxy_NOT_OFFICIAL,45148.31348966395,45148.313489664666,7.130438461899757e-10,1.5793366154268791e-12
United States of America,Female,50-54 years,DALYs,2008,420.66938256372384,10965737.367014857,derived_proxy_NOT_OFFICIAL,46129.499675380655,46129.49967538095,2.9103830456733704e-10,6.309158057542609e-13
United States of America,Female,50-54 years,DALYs,2009,420.3430249498939,11139424.830236915,derived_proxy_NOT_OFFICIAL,46823.79529343693,46823.79529343743,5.020410753786564e-10,1.0721921882505434e-12
United States of America,Female,50-54 years,DALYs,2010,419.452951133579,11309543.766959427,derived_proxy_NOT_OFFICIAL,47438.21509025427,47438.21509025505,7.785274647176266e-10,1.6411398768617828e-12
United States of America,Female,50-54 years,DALYs,2011,418.4398902841111,11441939.248165466,derived_proxy_NOT_OFFICIAL,47877.6380363981,47877.63803639822,1.1641532182693481e-10,2.4315176479347663e-13
United States of America,Female,50-54 years,DALYs,2012,415.8500561625023,11490362.299086249,derived_proxy_NOT_OFFICIAL,47782.6780740249,47782.678074025156,2.546585164964199e-10,5.329515354955683e-13
United States of America,Female,50-54 years,DALYs,2013,412.0047254444227,11480641.151316429,derived_proxy_NOT_OFFICIAL,47300.784054740434,47300.78405474067,2.3283064365386963e-10,4.922342162117619e-13
United States of America,Female,50-54 years,DALYs,2014,408.41556492252926,11483773.582369786,derived_proxy_NOT_OFFICIAL,46901.518750859104,46901.51875085974,6.330083124339581e-10,1.3496541888046282e-12
United States of America,Female,50-54 years,DALYs,2015,407.3350778762844,11367384.65333227,derived_proxy_NOT_OFFICIAL,46303.34513014734,46303.34513014781,4.729372449219227e-10,1.0213889376515069e-12
United States of America,Female,50-54 years,DALYs,2016,406.6422916755158,11150596.848870829,derived_proxy_NOT_OFFICIAL,45343.042561745744,45343.04256174619,4.43833414465189e-10,9.788346555280234e-13
United States of America,Female,50-54 years,DALYs,2017,406.2112718919689,10916850.77348352,derived_proxy_NOT_OFFICIAL,44345.47837751488,44345.47837751566,7.785274647176266e-10,1.7555960454186338e-12
United States of America,Female,50-54 years,DALYs,2018,406.1659646912423,10670141.302204859,derived_proxy_NOT_OFFICIAL,43338.48235401871,43338.48235401905,3.346940502524376e-10,7.722791202479704e-13
United States of America,Female,50-54 years,DALYs,2019,405.0213028876499,10476994.456209293,derived_proxy_NOT_OFFICIAL,42434.059450004985,42434.05945000573,7.421476766467094e-10,1.748943387141864e-12
United States of America,Female,50-54 years,DALYs,2020,403.6963309947847,10410044.038424684,derived_proxy_NOT_OFFICIAL,42024.96583806145,42024.96583806177,3.2014213502407074e-10,7.617903516155206e-13
United States of America,Female,50-54 years,DALYs,2021,400.824229396335,10474613.878307698,derived_proxy_NOT_OFFICIAL,41984.79035996783,41984.79035996839,5.602487362921238e-10,1.334408797778151e-12
United States of America,Female,50-54 years,DALYs,2022,398.9966020219284,10467265.563830975,derived_proxy_NOT_OFFICIAL,41764.0339242965,41764.03392429704,5.384208634495735e-10,1.2891974573757437e-12
United States of America,Female,50-54 years,DALYs,2023,402.5938833045051,10395078.534997288,derived_proxy_NOT_OFFICIAL,41849.95034659823,41849.95034659864,4.147295840084553e-10,9.90991818565363e-13
United States of America,Female,55-59 years,DALYs,1990,381.2526360349856,5483499.590274448,derived_proxy_NOT_OFFICIAL,20905.986734888644,20905.986734888967,3.2378011383116245e-10,1.5487435151330449e-12
United States of America,Female,55-59 years,DALYs,1991,381.78186463090185,5458178.619263243,derived_proxy_NOT_OFFICIAL,20838.336107508232,20838.33610750842,1.8917489796876907e-10,9.07821512201292e-13
United States of America,Female,55-59 years,DALYs,1992,381.9779988018759,5478883.338266528,derived_proxy_NOT_OFFICIAL,20928.12893219975,20928.1289321999,1.4915713109076023e-10,7.127112584884212e-13
United States of America,Female,55-59 years,DALYs,1993,383.3033044248109,5538471.126017287,derived_proxy_NOT_OFFICIAL,21229.14284063825,21229.142840638295,4.3655745685100555e-11,2.0564064226621432e-13
United States of America,Female,55-59 years,DALYs,1994,383.6595253301796,5635287.371388787,derived_proxy_NOT_OFFICIAL,21620.316780061403,21620.316780061774,3.710738383233547e-10,1.7163200803124442e-12
United States of America,Female,55-59 years,DALYs,1995,383.3507187287386,5749772.208435254,derived_proxy_NOT_OFFICIAL,22041.79308630147,22041.793086301812,3.41970007866621e-10,1.5514618367375406e-12
United States of America,Female,55-59 years,DALYs,1996,384.0004532381497,5878771.817018244,derived_proxy_NOT_OFFICIAL,22574.51042218621,22574.510422186664,4.547473508864641e-10,2.0144284078893637e-12
United States of America,Female,55-59 years,DALYs,1997,382.9442301403771,6072011.761049628,derived_proxy_NOT_OFFICIAL,23252.418692384334,23252.418692384654,3.2014213502407074e-10,1.3768121899891823e-12
United States of America,Female,55-59 years,DALYs,1998,383.9863950143314,6392866.4406118365,derived_proxy_NOT_OFFICIAL,24547.737383386226,24547.737383386393,1.673470251262188e-10,6.817207733348099e-13
United States of America,Female,55-59 years,DALYs,1999,383.1451036957457,6677977.455191897,derived_proxy_NOT_OFFICIAL,25586.34364547328,25586.343645473513,2.3283064365386963e-10,9.099801319015814e-13
United States of America,Female,55-59 years,DALYs,2000,381.7542713640804,6909860.569142279,derived_proxy_NOT_OFFICIAL,26378.68786800292,26378.687868003006,8.731149137020111e-11,3.309925490119206e-13
United States of America,Female,55-59 years,DALYs,2001,381.80272492323513,7080751.495027462,derived_proxy_NOT_OFFICIAL,27034.502153057256,27034.50215305756,3.055902197957039e-10,1.1303711755651678e-12
United States of America,Female,55-59 years,DALYs,2002,383.4790114469629,7627994.93327125,derived_proxy_NOT_OFFICIAL,29251.759563332856,29251.759563333006,1.4915713109076023e-10,5.099082356663734e-13
United States of America,Female,55-59 years,DALYs,2003,382.62205656397725,8025220.293149028,derived_proxy_NOT_OFFICIAL,30706.26292943616,30706.262929436456,2.9467628337442875e-10,9.596618255096786e-13
United States of America,Female,55-59 years,DALYs,2004,381.6494997371339,8402450.695854139,derived_proxy_NOT_OFFICIAL,32067.911046386373,32067.911046386645,2.7284841053187847e-10,8.508456011905548e-13
United States of America,Female,55-59 years,DALYs,2005,382.4345517656848,8856545.342821702,derived_proxy_NOT_OFFICIAL,33870.48948374435,33870.48948374481,4.5838532969355583e-10,1.3533472255060006e-12
United States of America,Female,55-59 years,DALYs,2006,382.5805009143511,9330562.054023782,derived_proxy_NOT_OFFICIAL,35696.91104440835,35696.91104440855,2.0372681319713593e-10,5.707127234165774e-13
United States of America,Female,55-59 years,DALYs,2007,381.3767595073408,9422550.288221776,derived_proxy_NOT_OFFICIAL,35935.41695216966,35935.41695216981,1.5279510989785194e-10,4.2519364698404225e-13
United States of America,Female,55-59 years,DALYs,2008,382.73896427779033,9573634.639999093,derived_proxy_NOT_OFFICIAL,36642.03006487199,36642.03006487229,2.9831426218152046e-10,8.141313722339544e-13
United States of America,Female,55-59 years,DALYs,2009,381.7118684939593,9822464.839695087,derived_proxy_NOT_OFFICIAL,37493.514071761616,37493.5140717623,6.83940015733242e-10,1.82415554440749e-12
United States of America,Female,55-59 years,DALYs,2010,381.6800032927954,10078655.95085027,derived_proxy_NOT_OFFICIAL,38468.21436507432,38468.21436507483,5.165929906070232e-10,1.3429086822289398e-12
United States of America,Female,55-59 years,DALYs,2011,381.3862191197839,10344103.933889793,derived_proxy_NOT_OFFICIAL,39450.98689528279,39450.98689528311,3.2014213502407074e-10,8.114933496438098e-13
United States of America,Female,55-59 years,DALYs,2012,378.0480034494054,10602218.330174867,derived_proxy_NOT_OFFICIAL,40081.474718572535,40081.47471857297,4.3655745685100555e-10,1.0891751361850918e-12
United States of America,Female,55-59 years,DALYs,2013,374.6238872584327,10833555.564526739,derived_proxy_NOT_OFFICIAL,40585.086984131856,40585.086984132315,4.5838532969355583e-10,1.129442767666797e-12
United States of America,Female,55-59 years,DALYs,2014,372.4049120154096,10992490.886901006,derived_proxy_NOT_OFFICIAL,40936.57601566509,40936.57601566561,5.238689482212067e-10,1.2797087573243526e-12
United States of America,Female,55-59 years,DALYs,2015,372.3164424834003,11146793.93299679,derived_proxy_NOT_OFFICIAL,41501.34662228884,41501.34662228915,3.128661774098873e-10,7.538699412752512e-13
United States of America,Female,55-59 years,DALYs,2016,371.3657855800749,11267712.180800367,derived_proxy_NOT_OFFICIAL,41844.42785713068,41844.42785713107,3.92901711165905e-10,9.38958258689516e-13
United States of America,Female,55-59 years,DALYs,2017,371.5367435526909,11307651.215797063,derived_proxy_NOT_OFFICIAL,42012.07909946831,42012.07909946867,3.5652192309498787e-10,8.486176612466196e-13
United States of America,Female,55-59 years,DALYs,2018,371.2612177388841,11293203.577173911,derived_proxy_NOT_OFFICIAL,41927.28512234656,41927.285122347086,5.238689482212067e-10,1.2494702356532812e-12
United States of America,Female,55-59 years,DALYs,2019,369.9520894306548,11289927.799795475,derived_proxy_NOT_OFFICIAL,41767.32379055524,41767.32379055571,4.729372449219227e-10,1.1323139765753129e-12
United States of America,Female,55-59 years,DALYs,2020,369.0111817077945,11166619.403044574,derived_proxy_NOT_OFFICIAL,41206.07421598626,41206.07421598665,3.92901711165905e-10,9.535043525536227e-13
United States of America,Female,55-59 years,DALYs,2021,366.5755835501918,10936283.636272503,derived_proxy_NOT_OFFICIAL,40089.74555836994,40089.745558370065,1.2369127944111824e-10,3.085359553131261e-13
United States of America,Female,55-59 years,DALYs,2022,363.9690507914824,10694965.813570403,derived_proxy_NOT_OFFICIAL,38926.36555412559,38926.36555412574,1.5279510989785194e-10,3.9252344194681194e-13
United States of America,Female,55-59 years,DALYs,2023,367.3883498290297,10450785.511949167,derived_proxy_NOT_OFFICIAL,38394.96843652078,38394.96843652136,5.820766091346741e-10,1.5160231479211496e-12
United States of America,Female,60-64 years,DALYs,1990,339.1704289474958,5683144.679081645,derived_proxy_NOT_OFFICIAL,19275.54618574777,19275.546185747997,2.255546860396862e-10,1.1701597654672948e-12
United States of America,Female,60-64 years,DALYs,1991,339.27876400169777,5618823.677872583,derived_proxy_NOT_OFFICIAL,19063.47552572056,19063.475525720838,2.764863893389702e-10,1.4503461814501401e-12
United States of America,Female,60-64 years,DALYs,1992,340.96919478508374,5522332.31473876,derived_proxy_NOT_OFFICIAL,18829.452026920982,18829.452026921226,2.4374458007514477e-10,1.2944857860263616e-12
United States of America,Female,60-64 years,DALYs,1993,341.0032967849551,5425675.608009292,derived_proxy_NOT_OFFICIAL,18501.7326961687,18501.732696168845,1.4551915228366852e-10,7.865163478110475e-13
United States of America,Female,60-64 years,DALYs,1994,341.276871279455,5343953.010316071,derived_proxy_NOT_OFFICIAL,18237.675636250773,18237.67563625094,1.673470251262188e-10,9.175896559624377e-13
United States of America,Female,60-64 years,DALYs,1995,341.21667208541703,5292703.311469041,derived_proxy_NOT_OFFICIAL,18059.586102749035,18059.586102749327,2.9103830456733704e-10,1.611544710446244e-12
United States of America,Female,60-64 years,DALYs,1996,341.3120660297399,5276403.592061713,derived_proxy_NOT_OFFICIAL,18009.002112132974,18009.002112133243,2.6921043172478676e-10,1.494865901222895e-12
United States of America,Female,60-64 years,DALYs,1997,341.8802152433033,5304645.699728638,derived_proxy_NOT_OFFICIAL,18135.534136126666,18135.534136126902,2.3646862246096134e-10,1.3038966522078166e-12
United States of America,Female,60-64 years,DALYs,1998,340.81669858824387,5374008.604637148,derived_proxy_NOT_OFFICIAL,18315.518708172283,18315.51870817248,1.964508555829525e-10,1.0725923666868206e-12
United States of America,Female,60-64 years,DALYs,1999,340.50048931863097,5481974.665678615,derived_proxy_NOT_OFFICIAL,18666.150560959024,18666.150560959068,4.3655745685100555e-11,2.338765325101804e-13
United States of America,Female,60-64 years,DALYs,2000,340.883736457563,5603151.101113778,derived_proxy_NOT_OFFICIAL,19100.230832839625,19100.230832839727,1.0186340659856796e-10,5.333098196040177e-13
United States of America,Female,60-64 years,DALYs,2001,340.5864160941251,5730114.569327052,derived_proxy_NOT_OFFICIAL,19515.99184975816,19515.991849758317,1.5643308870494366e-10,8.015636095220144e-13
United States of America,Female,60-64 years,DALYs,2002,339.40637367156273,5923159.1523914505,derived_proxy_NOT_OFFICIAL,20103.57968592689,20103.579685927096,2.0736479200422764e-10,1.031481931296988e-12
United States of America,Female,60-64 years,DALYs,2003,339.7165054512286,6238981.063238261,derived_proxy_NOT_OFFICIAL,21194.848443796607,21194.848443796927,3.2014213502407074e-10,1.5104714519332703e-12
United States of America,Female,60-64 years,DALYs,2004,339.2370671242903,6518936.300066192,derived_proxy_NOT_OFFICIAL,22114.6483120452,22114.648312045272,7.275957614183426e-11,3.290107765458077e-13
United States of America,Female,60-64 years,DALYs,2005,338.84075991228497,6748314.713978175,derived_proxy_NOT_OFFICIAL,22866.04085811589,22866.040858116186,2.9467628337442875e-10,1.2887070621578055e-12
United States of America,Female,60-64 years,DALYs,2006,338.8769154818432,6928149.183668371,derived_proxy_NOT_OFFICIAL,23477.898253595555,23477.89825359588,3.2378011383116245e-10,1.379084747424428e-12
United States of America,Female,60-64 years,DALYs,2007,338.44729218181175,7476461.363078563,derived_proxy_NOT_OFFICIAL,25303.881034358536,25303.88103435877,2.3283064365386963e-10,9.201380742255453e-13
United States of America,Female,60-64 years,DALYs,2008,338.14018000994935,7874376.4328928925,derived_proxy_NOT_OFFICIAL,26626.430644844462,26626.430644845055,5.929905455559492e-10,2.2270748695742547e-12
United States of America,Female,60-64 years,DALYs,2009,336.5989405730575,8250423.188629553,derived_proxy_NOT_OFFICIAL,27770.8370457206,27770.837045720946,3.4560798667371273e-10,1.2444997106306878e-12
United States of America,Female,60-64 years,DALYs,2010,336.8244129650295,8692672.735318193,derived_proxy_NOT_OFFICIAL,29279.04391170609,29279.04391170668,5.929905455559492e-10,2.0253070672122083e-12
United States of America,Female,60-64 years,DALYs,2011,335.55242550493,9150783.467568312,derived_proxy_NOT_OFFICIAL,30705.67587812909,30705.675878129612,5.238689482212067e-10,1.7060980852544786e-12
United States of America,Female,60-64 years,DALYs,2012,334.6961839917902,9231761.055458818,derived_proxy_NOT_OFFICIAL,30898.351967860683,30898.351967860875,1.9281287677586079e-10,6.24023174363531e-13
United States of America,Female,60-64 years,DALYs,2013,333.13717250107084,9370932.255084954,derived_proxy_NOT_OFFICIAL,31218.05875158073,31218.058751580855,1.2369127944111824e-10,3.962170755888372e-13
United States of America,Female,60-64 years,DALYs,2014,332.21063803312165,9603294.06814687,derived_proxy_NOT_OFFICIAL,31903.16449598736,31903.16449598764,2.801243681460619e-10,8.780457129301224e-13
United States of America,Female,60-64 years,DALYs,2015,331.29126450585073,9841253.898382282,derived_proxy_NOT_OFFICIAL,32603.21448318188,32603.214483181993,1.127773430198431e-10,3.4590866209839046e-13
United States of America,Female,60-64 years,DALYs,2016,330.4790945064229,10085861.151645511,derived_proxy_NOT_OFFICIAL,33331.66260713276,33331.66260713316,4.001776687800884e-10,1.2005931822148378e-12
United States of America,Female,60-64 years,DALYs,2017,329.9330733106039,10323771.862352183,derived_proxy_NOT_OFFICIAL,34061.53778703355,34061.53778703392,3.710738383233547e-10,1.0894218594693456e-12
United States of America,Female,60-64 years,DALYs,2018,331.5116973642164,10535984.559963714,derived_proxy_NOT_OFFICIAL,34928.02124876704,34928.02124876747,4.2928149923682213e-10,1.2290461465863192e-12
United States of America,Female,60-64 years,DALYs,2019,330.3263961089235,10680147.661467308,derived_proxy_NOT_OFFICIAL,35279.34686923612,35279.34686923643,3.128661774098873e-10,8.868253104841608e-13
United States of America,Female,60-64 years,DALYs,2020,328.91593868390913,10813811.597994171,derived_proxy_NOT_OFFICIAL,35568.34992505128,35568.34992505196,6.766640581190586e-10,1.9024330888132504e-12
United States of America,Female,60-64 years,DALYs,2021,326.5472223198181,10909323.422531731,derived_proxy_NOT_OFFICIAL,35624.09261016196,35624.09261016268,7.203198038041592e-10,2.0220018280512895e-12
United States of America,Female,60-64 years,DALYs,2022,325.28529847437227,10932281.285923513,derived_proxy_NOT_OFFICIAL,35561.103810974084,35561.10381097424,1.5279510989785194e-10,4.296691989934792e-13
United States of America,Female,60-64 years,DALYs,2023,327.0844451810829,10913940.570741288,derived_proxy_NOT_OFFICIAL,35697.80196320201,35697.801963202255,2.473825588822365e-10,6.929910114276595e-13
United States of America,Female,65-69 years,DALYs,1990,284.71777940142096,5556010.306697926,derived_proxy_NOT_OFFICIAL,15818.94916854439,15818.949168544412,2.1827872842550278e-11,1.3798560580720805e-13
United States of America,Female,65-69 years,DALYs,1991,285.2904642212779,5561048.717906201,derived_proxy_NOT_OFFICIAL,15865.14170288598,15865.141702886023,4.3655745685100555e-11,2.7516770100552756e-13
United States of America,Female,65-69 years,DALYs,1992,285.3850836482228,5521392.92963328,derived_proxy_NOT_OFFICIAL,15757.23183078079,15757.231830780996,2.0736479200422764e-10,1.315997595460601e-12
United States of America,Female,65-69 years,DALYs,1993,285.8838091378278,5503251.841019215,derived_proxy_NOT_OFFICIAL,15732.905989553252,15732.905989553368,1.1641532182693481e-10,7.399479911990532e-13
United States of America,Female,65-69 years,DALYs,1994,285.80503321291195,5436591.152715422,derived_proxy_NOT_OFFICIAL,15538.051149668385,15538.051149668545,1.6007106751203537e-10,1.0301875439215015e-12
United States of America,Female,65-69 years,DALYs,1995,284.58291947436066,5374749.780753301,derived_proxy_NOT_OFFICIAL,15295.61984050937,15295.619840509544,1.7462298274040222e-10,1.1416535227812448e-12
United States of America,Female,65-69 years,DALYs,1996,284.999847230636,5318657.914875866,derived_proxy_NOT_OFFICIAL,15158.16693211618,15158.166932116348,1.673470251262188e-10,1.1040056879942016e-12
United States of America,Female,65-69 years,DALYs,1997,284.43487542266803,5233645.62097993,derived_proxy_NOT_OFFICIAL,14886.31340209806,14886.313402098185,1.255102688446641e-10,8.431252618057526e-13
United States of America,Female,65-69 years,DALYs,1998,284.1186770955038,5150748.739759674,derived_proxy_NOT_OFFICIAL,14634.239179918446,14634.23917991852,7.457856554538012e-11,5.096169649032327e-13
United States of America,Female,65-69 years,DALYs,1999,284.79011746549946,5081142.31732917,derived_proxy_NOT_OFFICIAL,14470.59117411058,14470.591174110945,3.6561687011271715e-10,2.526620133991792e-12
United States of America,Female,65-69 years,DALYs,2000,284.4970437895797,5045468.213976812,derived_proxy_NOT_OFFICIAL,14354.207914106606,14354.207914106937,3.310560714453459e-10,2.3063346541051586e-12
United States of America,Female,65-69 years,DALYs,2001,282.9378204035755,5035375.010814805,derived_proxy_NOT_OFFICIAL,14246.980304745495,14246.98030474571,2.1464074961841106e-10,1.5065701294394072e-12
United States of America,Female,65-69 years,DALYs,2002,283.47145371557,5066787.094007706,derived_proxy_NOT_OFFICIAL,14362.89503205651,14362.895032056529,1.8189894035458565e-11,1.2664503914329656e-13
United States of America,Female,65-69 years,DALYs,2003,282.2548921728828,5140055.961461322,derived_proxy_NOT_OFFICIAL,14508.05941164836,14508.05941164849,1.291482476517558e-10,8.901827872862452e-13
United States of America,Female,65-69 years,DALYs,2004,281.3336181261347,5249995.638416356,derived_proxy_NOT_OFFICIAL,14770.002681020762,14770.002681020998,2.3646862246096134e-10,1.6010059548927509e-12
United States of America,Female,65-69 years,DALYs,2005,280.7867346576251,5370019.983017789,derived_proxy_NOT_OFFICIAL,15078.30376077744,15078.303760777604,1.6370904631912708e-10,1.0857258808180836e-12
United States of America,Female,65-69 years,DALYs,2006,280.6430168542114,5505316.075275229,derived_proxy_NOT_OFFICIAL,15450.285121012075,15450.28512101227,1.9463186617940664e-10,1.2597299315513035e-12
United States of America,Female,65-69 years,DALYs,2007,280.1688103953031,5703568.5730048865,derived_proxy_NOT_OFFICIAL,15979.620221067982,15979.620221068155,1.7280399333685637e-10,1.0814023796950236e-12
United States of America,Female,65-69 years,DALYs,2008,280.8405379740466,6018796.755049903,derived_proxy_NOT_OFFICIAL,16903.221186446506,16903.221186446608,1.0186340659856796e-10,6.026271884807672e-13
United States of America,Female,65-69 years,DALYs,2009,279.7494106064471,6292626.9816262135,derived_proxy_NOT_OFFICIAL,17603.586892761417,17603.586892761596,1.7826096154749393e-10,1.012639995663581e-12
United States of America,Female,65-69 years,DALYs,2010,278.9923569893608,6516833.868967362,derived_proxy_NOT_OFFICIAL,18181.46841211288,18181.468412112998,1.1641532182693481e-10,6.402965876473236e-13
United States of America,Female,65-69 years,DALYs,2011,279.2492080461496,6690831.7762814015,derived_proxy_NOT_OFFICIAL,18684.09474696585,18684.094746965937,8.731149137020111e-11,4.673038354420667e-13
United States of America,Female,65-69 years,DALYs,2012,277.9370242641423,7223464.024089342,derived_proxy_NOT_OFFICIAL,20076.680957344703,20076.680957344783,8.003553375601768e-11,3.9864922855557e-13
United States of America,Female,65-69 years,DALYs,2013,276.9549705930377,7603873.034775754,derived_proxy_NOT_OFFICIAL,21059.30432739504,21059.30432739511,7.275957614183426e-11,3.4549847901283624e-13
United States of America,Female,65-69 years,DALYs,2014,276.24492226308587,7959828.721625424,derived_proxy_NOT_OFFICIAL,21988.62266432888,21988.622664328934,5.4569682106375694e-11,2.481723523088218e-13
United States of America,Female,65-69 years,DALYs,2015,275.69673143963,8376541.78322426,derived_proxy_NOT_OFFICIAL,23093.851904024203,23093.851904024184,-1.8189894035458565e-11,-7.876509345887378e-14
United States of America,Female,65-69 years,DALYs,2016,275.4166580110341,8803571.956963124,derived_proxy_NOT_OFFICIAL,24246.503669464248,24246.503669464426,1.7826096154749393e-10,7.352027491369555e-13
United States of America,Female,65-69 years,DALYs,2017,274.8852540001976,8871042.56069649,derived_proxy_NOT_OFFICIAL,24385.187875435666,24385.187875436182,5.165929906070232e-10,2.1184704142772317e-12
United States of America,Female,65-69 years,DALYs,2018,274.5411822161448,9000032.663993038,derived_proxy_NOT_OFFICIAL,24708.79607556567,24708.796075565682,1.0913936421275139e-11,4.41702476636158e-14
United States of America,Female,65-69 years,DALYs,2019,274.6986674228696,9218161.05822871,derived_proxy_NOT_OFFICIAL,25322.165587847616,25322.16558784816,5.456968210637569e-10,2.1550163992515823e-12
United States of America,Female,65-69 years,DALYs,2020,273.01207445495584,9434789.268158693,derived_proxy_NOT_OFFICIAL,25758.113901453427,25758.113901453595,1.673470251262188e-10,6.49686641523765e-13
United States of America,Female,65-69 years,DALYs,2021,271.5419146169766,9643037.504819855,derived_proxy_NOT_OFFICIAL,26184.888667820946,26184.888667820964,1.8189894035458565e-11,6.946714292435558e-14
United States of America,Female,65-69 years,DALYs,2022,270.85315891264605,9850035.770452332,derived_proxy_NOT_OFFICIAL,26679.13303829522,26679.133038295735,5.165929906070232e-10,1.936318507297467e-12
United States of America,Female,65-69 years,DALYs,2023,271.1207110526335,10044624.944072708,derived_proxy_NOT_OFFICIAL,27233.05857093983,27233.058570940117,2.874003257602453e-10,1.0553362010792567e-12
United States of America,Female,70+ years,DALYs,1990,150.63861825527633,13059436.97464893,derived_proxy_NOT_OFFICIAL,19672.55541052963,19672.55541052981,1.8189894035458565e-10,9.24633005518059e-13
United States of America,Female,70+ years,DALYs,1991,150.1042973278575,13341779.46545827,derived_proxy_NOT_OFFICIAL,20026.58431765788,20026.58431765852,6.402842700481415e-10,3.1971716189444688e-12
United States of America,Female,70+ years,DALYs,1992,150.54844626308622,13633577.356925135,derived_proxy_NOT_OFFICIAL,20525.138880926053,20525.13888092673,6.766640581190586e-10,3.2967575130411437e-12
United States of America,Female,70+ years,DALYs,1993,149.80440954147554,13941616.368239641,derived_proxy_NOT_OFFICIAL,20885.15608097906,20885.1560809791,4.001776687800884e-11,1.9160865603707221e-13
United States of America,Female,70+ years,DALYs,1994,149.848520402273,14171748.205181213,derived_proxy_NOT_OFFICIAL,21236.15500059921,21236.15500059973,5.20230969414115e-10,2.449741817195419e-12
United States of America,Female,70+ years,DALYs,1995,148.72032839731887,14429794.820501743,derived_proxy_NOT_OFFICIAL,21460.038244108728,21460.0382441095,7.712515071034431e-10,3.5938962378837764e-12
United States of America,Female,70+ years,DALYs,1996,148.27179167624388,14628586.291448116,derived_proxy_NOT_OFFICIAL,21690.066991235028,21690.066991235522,4.94765117764473e-10,2.2810677254450522e-12
United States of America,Female,70+ years,DALYs,1997,147.10197367120588,14808356.926342152,derived_proxy_NOT_OFFICIAL,21783.385306925207,21783.385306926026,8.185452315956354e-10,3.7576585092832646e-12
United States of America,Female,70+ years,DALYs,1998,146.50659617956657,14979468.602872448,derived_proxy_NOT_OFFICIAL,21945.90957585449,21945.909575855298,8.076312951743603e-10,3.680099438953941e-12
United States of America,Female,70+ years,DALYs,1999,144.9307059363404,15113584.891189976,derived_proxy_NOT_OFFICIAL,21904.22527508938,21904.225275089713,3.346940502524376e-10,1.5279885321169931e-12
United States of America,Female,70+ years,DALYs,2000,144.03946093187278,15223063.277246948,derived_proxy_NOT_OFFICIAL,21927.21828186392,21927.21828186439,4.69299266114831e-10,2.1402590154492606e-12
United States of America,Female,70+ years,DALYs,2001,142.99347064024354,15290820.34684116,derived_proxy_NOT_OFFICIAL,21864.874703312224,21864.874703312704,4.802132025361061e-10,2.1962769467110667e-12
United States of America,Female,70+ years,DALYs,2002,141.90437121205164,15334870.656395119,derived_proxy_NOT_OFFICIAL,21760.851781138783,21760.85178113891,1.2732925824820995e-10,5.851299366809372e-13
United States of America,Female,70+ years,DALYs,2003,140.61325076810064,15371482.976339743,derived_proxy_NOT_OFFICIAL,21614.341904296118,21614.341904296503,3.8562575355172157e-10,1.7841197999883294e-12
United States of America,Female,70+ years,DALYs,2004,139.89954704575362,15344465.017804507,derived_proxy_NOT_OFFICIAL,21466.83705650245,21466.837056502623,1.7462298274040222e-10,8.134546429955211e-13
United States of America,Female,70+ years,DALYs,2005,138.47708283500427,15459906.35625099,derived_proxy_NOT_OFFICIAL,21408.42733115935,21408.42733115977,4.220055416226387e-10,1.971212247844202e-12
United States of America,Female,70+ years,DALYs,2006,137.92779193812808,15518686.450438894,derived_proxy_NOT_OFFICIAL,21404.58155889117,21404.581558891834,6.657501216977835e-10,3.1103159847628045e-12
United States of America,Female,70+ years,DALYs,2007,137.3438973841361,15603008.60160862,derived_proxy_NOT_OFFICIAL,21429.780122630767,21429.780122631273,5.056790541857481e-10,2.3597024854759443e-12
United States of America,Female,70+ years,DALYs,2008,136.82413958395475,15767391.694021203,derived_proxy_NOT_OFFICIAL,21573.59802017614,21573.598020176458,3.1650415621697903e-10,1.4670902643174163e-12
United States of America,Female,70+ years,DALYs,2009,137.1735329700328,15836356.345158324,derived_proxy_NOT_OFFICIAL,21723.28949237736,21723.289492377633,2.7284841053187847e-10,1.256017927798735e-12
United States of America,Female,70+ years,DALYs,2010,136.45214268131642,16062688.055653948,derived_proxy_NOT_OFFICIAL,21917.882024155304,21917.882024155693,3.892637323588133e-10,1.7760097984367865e-12
United States of America,Female,70+ years,DALYs,2011,136.54082196871298,16291396.81354786,derived_proxy_NOT_OFFICIAL,22244.40711940272,22244.40711940296,2.4010660126805305e-10,1.0794021165824631e-12
United States of America,Female,70+ years,DALYs,2012,136.76162791974218,16535310.061205756,derived_proxy_NOT_OFFICIAL,22613.959221281733,22613.95922128191,1.7826096154749393e-10,7.882784248577516e-13
United States of America,Female,70+ years,DALYs,2013,137.3587068113824,16930238.891437337,derived_proxy_NOT_OFFICIAL,23255.157201355847,23255.157201356047,2.000888343900442e-10,8.604062860447076e-13
United States of America,Female,70+ years,DALYs,2014,138.11994396456592,17264888.718665183,derived_proxy_NOT_OFFICIAL,23846.254623764104,23846.25462376501,9.058567229658365e-10,3.798737945467966e-12
United States of America,Female,70+ years,DALYs,2015,138.431420709524,17645418.788116775,derived_proxy_NOT_OFFICIAL,24426.803918535028,24426.803918535323,2.9467628337442875e-10,1.2063644689546501e-12
United States of America,Female,70+ years,DALYs,2016,138.86443697865295,17915251.54865951,derived_proxy_NOT_OFFICIAL,24877.91319635516,24877.913196355432,2.7284841053187847e-10,1.096749588192362e-12
United States of America,Female,70+ years,DALYs,2017,140.51312138726783,18649195.32437548,derived_proxy_NOT_OFFICIAL,26204.56646388811,26204.566463888397,2.874003257602453e-10,1.096756651770236e-12
United States of America,Female,70+ years,DALYs,2018,141.7445906467242,19314265.776605736,derived_proxy_NOT_OFFICIAL,27376.92696146945,27376.926961470148,6.984919309616089e-10,2.5513891020152595e-12
United States of America,Female,70+ years,DALYs,2019,142.34370308245352,19916615.982678406,derived_proxy_NOT_OFFICIAL,28350.0487184558,28350.04871845623,4.2928149923682213e-10,1.5142178537328619e-12
United States of America,Female,70+ years,DALYs,2020,143.37741736018972,20556431.677369222,derived_proxy_NOT_OFFICIAL,29473.28084042342,29473.28084042392,4.984030965715647e-10,1.6910336493248185e-12
United States of America,Female,70+ years,DALYs,2021,144.1427686338456,21038386.259759888,derived_proxy_NOT_OFFICIAL,30325.312430699472,30325.31243070046,9.858922567218542e-10,3.2510539140358464e-12
United States of America,Female,70+ years,DALYs,2022,143.40686532335903,21696295.25027621,derived_proxy_NOT_OFFICIAL,31113.976909720484,31113.976909721947,1.4624674804508686e-09,4.700355356997039e-12
United States of America,Female,70+ years,DALYs,2023,143.38776669308902,22356131.3374849,derived_proxy_NOT_OFFICIAL,32055.95744379233,32055.95744379341,1.0804797057062387e-09,3.37060500408006e-12
China,Male,15-19 years,Prevalence,1990,91.42228553331,65205213.72819838,derived_proxy_NOT_OFFICIAL,59612.09667720059,59612.09667719857,-2.0227162167429924e-09,-3.3931304709780592e-12
China,Male,15-19 years,Prevalence,1991,91.46727688319,62118545.03305512,derived_proxy_NOT_OFFICIAL,56818.14158119273,56818.14158119359,8.585629984736443e-10,1.511071947410958e-12
China,Male,15-19 years,Prevalence,1992,91.51709452206,58766833.23881966,derived_proxy_NOT_OFFICIAL,53781.69832279087,53781.69832279197,1.0986695997416973e-09,2.042831732734848e-12
China,Male,15-19 years,Prevalence,1993,91.57115753203,55621943.129828095,derived_proxy_NOT_OFFICIAL,50933.65716579005,50933.657165791024,9.74978320300579e-10,1.9142122803532555e-12
China,Male,15-19 years,Prevalence,1994,91.63529921648,53160226.54413922,derived_proxy_NOT_OFFICIAL,48713.53265787881,48713.532657880605,1.7971615307033062e-09,3.689244923633428e-12
China,Male,15-19 years,Prevalence,1995,91.71415705915,51498659.28029317,derived_proxy_NOT_OFFICIAL,47231.561255684406,47231.5612556846,1.964508555829525e-10,4.159313187202959e-13
China,Male,15-19 years,Prevalence,1996,91.81630053315,50430443.82387963,derived_proxy_NOT_OFFICIAL,46303.36786153325,46303.3678615347,1.4551915228366852e-09,3.1427336499330383e-12
China,Male,15-19 years,Prevalence,1997,91.92670294488,49864405.381456316,derived_proxy_NOT_OFFICIAL,45838.70381024202,45838.70381024211,8.731149137020111e-11,1.9047548057127342e-13
China,Male,15-19 years,Prevalence,1998,92.02906219617,50039925.87379838,derived_proxy_NOT_OFFICIAL,46051.27450531471,46051.274505315276,5.675246939063072e-10,1.2323756508428665e-12
China,Male,15-19 years,Prevalence,1999,92.10776031612,51164037.25492373,derived_proxy_NOT_OFFICIAL,47126.04880281435,47126.04880281549,1.1350493878126144e-09,2.408539261506748e-12
China,Male,15-19 years,Prevalence,2000,92.14991630743,53280309.98540917,derived_proxy_NOT_OFFICIAL,49097.7610598945,49097.76105989382,-6.83940015733242e-10,-1.393016709863616e-12
China,Male,15-19 years,Prevalence,2001,92.06077284874,56325469.725123815,derived_proxy_NOT_OFFICIAL,51853.662739632935,51853.662739632055,-8.803908713161945e-10,-1.6978373846738733e-12
China,Male,15-19 years,Prevalence,2002,91.78958054856,59750187.19246253,derived_proxy_NOT_OFFICIAL,54844.44620094074,54844.44620094078,3.637978807091713e-11,6.633267466614169e-14
China,Male,15-19 years,Prevalence,2003,91.40719280567,62864212.34558374,derived_proxy_NOT_OFFICIAL,57462.411784492826,57462.411784493524,6.984919309616089e-10,1.21556319908958e-12
China,Male,15-19 years,Prevalence,2004,90.98803200633,65057619.251689374,derived_proxy_NOT_OFFICIAL,59194.64742728259,59194.64742728344,8.512870408594608e-10,1.4381148935893584e-12
China,Male,15-19 years,Prevalence,2005,90.61015705688,65849493.90951295,derived_proxy_NOT_OFFICIAL,59666.32985257026,59666.329852570314,5.093170329928398e-11,8.53608784470761e-14
China,Male,15-19 years,Prevalence,2006,90.19842223376,64865544.00205515,derived_proxy_NOT_OFFICIAL,58507.6972631968,58507.697263199094,2.291926648467779e-09,3.917307902509904e-12
China,Male,15-19 years,Prevalence,2007,89.70668810455,62558214.47000265,derived_proxy_NOT_OFFICIAL,56118.90233838257,56118.90233838074,-1.82626536116004e-09,-3.2542784784850723e-12
China,Male,15-19 years,Prevalence,2008,89.22756592759,59358980.789355375,derived_proxy_NOT_OFFICIAL,52964.573717765714,52964.573717767555,1.8408172763884068e-09,3.4755632815958038e-12
China,Male,15-19 years,Prevalence,2009,88.84954924124,55682273.48020818,derived_proxy_NOT_OFFICIAL,49473.44899444181,49473.44899443949,-2.321030478924513e-09,-4.6914668900186715e-12
China,Male,15-19 years,Prevalence,2010,88.65754821691999,52050711.09240444,derived_proxy_NOT_OFFICIAL,46146.88428399756,46146.88428399818,6.184563972055912e-10,1.3401910157129599e-12
China,Male,15-19 years,Prevalence,2011,88.65629384568,49010340.299854316,derived_proxy_NOT_OFFICIAL,43450.75131100528,43450.75131100656,1.280568540096283e-09,2.947172376676346e-12
China,Male,15-19 years,Prevalence,2012,88.75431235034,46488432.93321268,derived_proxy_NOT_OFFICIAL,41260.48897232127,41260.48897232191,6.402842700481415e-10,1.5518096997775832e-12
China,Male,15-19 years,Prevalence,2013,88.92185648390999,44326903.7268681,derived_proxy_NOT_OFFICIAL,39416.30571576479,39416.305715766604,1.811713445931673e-09,4.596355272348792e-12
China,Male,15-19 years,Prevalence,2014,89.13383875371001,42456998.308650464,derived_proxy_NOT_OFFICIAL,37843.55241209741,37843.55241209789,4.802132025361061e-10,1.2689432464130849e-12
China,Male,15-19 years,Prevalence,2015,89.36322336933,40904271.50051269,derived_proxy_NOT_OFFICIAL,36553.37550860074,36553.375508600344,-3.92901711165905e-10,-1.074871214215109e-12
China,Male,15-19 years,Prevalence,2016,89.63042356894,39740219.51442723,derived_proxy_NOT_OFFICIAL,35619.32707800636,35619.32707800768,1.3169483281672e-09,3.697285817003454e-12
China,Male,15-19 years,Prevalence,2017,89.93927456512,39000499.762183204,derived_proxy_NOT_OFFICIAL,35076.76656287825,35076.766562878925,6.766640581190586e-10,1.9290947382680717e-12
China,Male,15-19 years,Prevalence,2018,90.22963501109,38661639.088174865,derived_proxy_NOT_OFFICIAL,34884.255838564095,34884.255838565085,9.89530235528946e-10,2.8366098451641126e-12
China,Male,15-19 years,Prevalence,2019,90.44724123921,38732910.15876223,derived_proxy_NOT_OFFICIAL,35032.84869026132,35032.84869026215,8.294591680169106e-10,2.3676612066305913e-12
China,Male,15-19 years,Prevalence,2020,90.54568170226,39235262.88198076,derived_proxy_NOT_OFFICIAL,35525.836244162056,35525.83624416326,1.2078089639544487e-09,3.3998044568280285e-12
China,Male,15-19 years,Prevalence,2021,90.43434054799,40172887.60090091,derived_proxy_NOT_OFFICIAL,36330.08598096005,36330.085980959986,-6.548361852765083e-11,-1.8024625254663485e-13
China,Male,15-19 years,Prevalence,2022,90.26961965671,41497456.02754338,derived_proxy_NOT_OFFICIAL,37459.59572327529,37459.595723273895,-1.3969838619232178e-09,-3.729308432058732e-12
China,Male,15-19 years,Prevalence,2023,90.09821563925,43091173.37302044,derived_proxy_NOT_OFFICIAL,38824.37830710801,38824.378307107036,-9.74978320300579e-10,-2.5112528849485245e-12
China,Male,20-24 years,Prevalence,1990,292.37135729289,67707110.41351196,derived_proxy_NOT_OFFICIAL,197956.1976997834,197956.1976997806,-2.7939677238464355e-09,-1.4114070467668376e-12
China,Male,20-24 years,Prevalence,1991,293.4720437191,67778008.86958888,derived_proxy_NOT_OFFICIAL,198909.50782169143,198909.50782169536,3.92901711165905e-09,1.9752786856127265e-12
China,Male,20-24 years,Prevalence,1992,294.29345894168,67098076.42308377,derived_proxy_NOT_OFFICIAL,197465.24998882707,197465.24998882512,-1.949956640601158e-09,-9.87493566949876e-13
China,Male,20-24 years,Prevalence,1993,294.8753542506,65859614.364925176,derived_proxy_NOT_OFFICIAL,194203.771166652,194203.77116665218,1.7462298274040222e-10,8.991740051770317e-14
China,Male,20-24 years,Prevalence,1994,295.22982469048,63944468.06496544,derived_proxy_NOT_OFFICIAL,188783.14096745744,188783.14096745744,0.0,0.0
China,Male,20-24 years,Prevalence,1995,295.37833330705,61368700.34301836,derived_proxy_NOT_OFFICIAL,181269.8442454037,181269.8442454055,1.775333657860756e-09,9.793872032334861e-13
China,Male,20-24 years,Prevalence,1996,294.85337753233,58305019.72748567,derived_proxy_NOT_OFFICIAL,171914.3199373841,171914.31993738282,-1.280568540096283e-09,-7.44887651338586e-13
China,Male,20-24 years,Prevalence,1997,293.54754986408,55063953.30502002,derived_proxy_NOT_OFFICIAL,161638.88578518966,161638.88578518736,-2.2992026060819626e-09,-1.4224316103845784e-12
China,Male,20-24 years,Prevalence,1998,292.00600967059,52072581.25378983,derived_proxy_NOT_OFFICIAL,152055.0666516677,152055.06665166735,-3.4924596548080444e-10,-2.296838725412995e-13
China,Male,20-24 years,Prevalence,1999,290.76430116969,49768823.794785336,derived_proxy_NOT_OFFICIAL,144709.97270727993,144709.97270728197,2.0372681319713593e-09,1.4078284266505638e-12
China,Male,20-24 years,Prevalence,2000,290.33245370799,48264375.13394207,derived_proxy_NOT_OFFICIAL,140127.14459320475,140127.144593203,-1.7462298274040222e-09,-1.2461752735156375e-12
China,Male,20-24 years,Prevalence,2001,290.66385639801,47374586.29050349,derived_proxy_NOT_OFFICIAL,137700.79946457996,137700.7994645804,4.3655745685100555e-10,3.170333495146474e-13
China,Male,20-24 years,Prevalence,2002,291.24135742827,47009864.08463487,derived_proxy_NOT_OFFICIAL,136912.16628527726,136912.1662852754,-1.862645149230957e-09,-1.3604672249140033e-12
China,Male,20-24 years,Prevalence,2003,291.89586692421,47389301.68948196,derived_proxy_NOT_OFFICIAL,138327.41299584022,138327.41299584266,2.444721758365631e-09,1.7673443791211137e-12
China,Male,20-24 years,Prevalence,2004,292.46470627421,48707874.01107095,derived_proxy_NOT_OFFICIAL,142453.34065889285,142453.34065889093,-1.9208528101444244e-09,-1.3484083990307689e-12
China,Male,20-24 years,Prevalence,2005,292.80338881476,51009849.16522211,derived_proxy_NOT_OFFICIAL,149358.56698506788,149358.5669850679,2.9103830456733704e-11,1.9485879547601282e-14
China,Male,20-24 years,Prevalence,2006,292.81227409958,54224238.41170724,derived_proxy_NOT_OFFICIAL,158775.22560649595,158775.22560649793,1.979060471057892e-09,1.2464542018430127e-12
China,Male,20-24 years,Prevalence,2007,292.52206219132,57810517.63249851,derived_proxy_NOT_OFFICIAL,169108.51834206117,169108.51834206132,1.4551915228366852e-10,8.605075232775815e-14
China,Male,20-24 years,Prevalence,2008,292.03192279735003,61071259.93317485,derived_proxy_NOT_OFFICIAL,178347.5746594143,178347.57465941814,3.841705620288849e-09,2.154055432278938e-12
China,Male,20-24 years,Prevalence,2009,291.45111095582,63377974.057437316,derived_proxy_NOT_OFFICIAL,184715.80949169103,184715.80949169246,1.4260876923799515e-09,7.720441993050413e-13
China,Male,20-24 years,Prevalence,2010,290.90243177475,64225784.034192055,derived_proxy_NOT_OFFICIAL,186834.3675818625,186834.36758186383,1.3387762010097504e-09,7.165577823486669e-13
China,Male,20-24 years,Prevalence,2011,290.40215869795,63221714.309579045,derived_proxy_NOT_OFFICIAL,183597.22312086704,183597.2231208683,1.2514647096395493e-09,6.816359683259894e-13
China,Male,20-24 years,Prevalence,2012,289.96999579057,60842258.42102973,derived_proxy_NOT_OFFICIAL,176424.29418234952,176424.29418234763,-1.8917489796876907e-09,-1.0722723808844643e-12
China,Male,20-24 years,Prevalence,2013,289.65281163937,57561125.513468996,derived_proxy_NOT_OFFICIAL,166727.41846102878,166727.41846102968,9.022187441587448e-10,5.41133997327279e-13
China,Male,20-24 years,Prevalence,2014,289.48688174236,53836572.40307525,derived_proxy_NOT_OFFICIAL,155849.8146866303,155849.81468663047,1.7462298274040222e-10,1.1204567877832864e-13
China,Male,20-24 years,Prevalence,2015,289.49712602010004,50227383.01721903,derived_proxy_NOT_OFFICIAL,145406.83030995695,145406.8303099569,-5.820766091346741e-11,-4.003089867882331e-14
China,Male,20-24 years,Prevalence,2016,289.75669134214,47304485.899898484,derived_proxy_NOT_OFFICIAL,137067.91319995548,137067.91319995502,-4.656612873077393e-10,-3.397303398268199e-13
China,Male,20-24 years,Prevalence,2017,290.20860498983,44947246.3141564,derived_proxy_NOT_OFFICIAL,130440.77650965496,130440.77650965606,1.1059455573558807e-09,8.478526323967575e-13
China,Male,20-24 years,Prevalence,2018,290.76227039087,42967520.1587763,derived_proxy_NOT_OFFICIAL,124933.33714431088,124933.33714431273,1.8480932340025902e-09,1.4792634826266203e-12
China,Male,20-24 years,Prevalence,2019,291.33648798412,41271448.02901015,derived_proxy_NOT_OFFICIAL,120238.78722790972,120238.78722790949,-2.3283064365386963e-10,-1.9364021296434465e-13
China,Male,20-24 years,Prevalence,2020,291.83688207097,39860940.32584608,derived_proxy_NOT_OFFICIAL,116328.92541111828,116328.92541111915,8.731149137020111e-10,7.505570180557708e-13
China,Male,20-24 years,Prevalence,2021,291.75805084386,38786900.94026205,derived_proxy_NOT_OFFICIAL,113163.90616604824,113163.90616604737,-8.731149137020111e-10,-7.715489357718597e-13
China,Male,20-24 years,Prevalence,2022,291.400094704,38105523.38092668,derived_proxy_NOT_OFFICIAL,111039.5312194763,111039.53121947523,-1.0622898116707802e-09,-9.566771401178745e-13
China,Male,20-24 years,Prevalence,2023,290.53099826695,37809781.14926221,derived_proxy_NOT_OFFICIAL,109849.13461549948,109849.13461550059,1.1059455573558807e-09,1.006785862471268e-12
China,Male,25-29 years,Prevalence,1990,462.18996110069,56578756.170428336,derived_proxy_NOT_OFFICIAL,261501.331135358,261501.33113535697,-1.0186340659856796e-09,-3.895330328006688e-13
China,Male,25-29 years,Prevalence,1991,464.33602848251,61306319.60945443,derived_proxy_NOT_OFFICIAL,284667.32968333585,284667.329683335,-8.731149137020111e-10,-3.0671412651155465e-13
China,Male,25-29 years,Prevalence,1992,466.0344745769,65003222.19991781,derived_proxy_NOT_OFFICIAL,302937.42503744044,302937.4250374418,1.3387762010097504e-09,4.419315972083308e-13
China,Male,25-29 years,Prevalence,1993,467.19585991342,67099333.99387229,derived_proxy_NOT_OFFICIAL,313485.31044885074,313485.3104488494,-1.3387762010097504e-09,-4.2706186107823684e-13
China,Male,25-29 years,Prevalence,1994,467.82933163832,67940231.28420125,derived_proxy_NOT_OFFICIAL,317844.32993040833,317844.3299304075,-8.149072527885437e-10,-2.563856504745473e-13
China,Male,25-29 years,Prevalence,1995,468.00943032722,67864021.03218868,derived_proxy_NOT_OFFICIAL,317610.01822988794,317610.018229891,3.0850060284137726e-09,9.713188663277075e-13
China,Male,25-29 years,Prevalence,1996,467.20418291053,67211767.80542538,derived_proxy_NOT_OFFICIAL,314016.19059505913,314016.1905950603,1.1641532182693481e-09,3.707303168232452e-13
China,Male,25-29 years,Prevalence,1997,465.33540106436,66134480.80279585,derived_proxy_NOT_OFFICIAL,307747.15148552245,307747.1514855222,-2.3283064365386963e-10,-7.565647400145728e-14
China,Male,25-29 years,Prevalence,1998,463.12328147192,64769326.62756726,derived_proxy_NOT_OFFICIAL,299961.8308648541,299961.83086485555,1.4551915228366852e-09,4.851255636895724e-13
China,Male,25-29 years,Prevalence,1999,461.27010472172,62933948.19286598,derived_proxy_NOT_OFFICIAL,290295.4887347432,290295.4887347459,2.6775524020195007e-09,9.223541205168737e-13
China,Male,25-29 years,Prevalence,2000,460.49564294814,60568637.90839212,derived_proxy_NOT_OFFICIAL,278915.9385611803,278915.93856118113,8.149072527885437e-10,2.9216948195658366e-13
China,Male,25-29 years,Prevalence,2001,460.89809289243,57768323.96902357,derived_proxy_NOT_OFFICIAL,266253.1034691486,266253.10346915014,1.5133991837501526e-09,5.684062134980949e-13
China,Male,25-29 years,Prevalence,2002,461.8931955264,54799422.58051918,derived_proxy_NOT_OFFICIAL,253114.80408717805,253114.80408717564,-2.4156179279088974e-09,-9.543566353696594e-13
China,Male,25-29 years,Prevalence,2003,463.14678465961,52054969.06979452,derived_proxy_NOT_OFFICIAL,241090.9155023072,241090.91550230782,6.111804395914078e-10,2.5350620877523643e-13
China,Male,25-29 years,Prevalence,2004,464.31176517638,49951132.163051695,derived_proxy_NOT_OFFICIAL,231928.9834718541,231928.9834718518,-2.2992026060819626e-09,-9.913390606314557e-13
China,Male,25-29 years,Prevalence,2005,465.0354254565,48585070.71609077,derived_proxy_NOT_OFFICIAL,225937.79031291124,225937.7903129141,2.852175384759903e-09,1.2623719922239654e-12
China,Male,25-29 years,Prevalence,2006,465.09613267093,47751739.69239119,derived_proxy_NOT_OFFICIAL,222091.4945923985,222091.49459240085,2.35741026699543e-09,1.0614590492634367e-12
China,Male,25-29 years,Prevalence,2007,464.68222739057,47379586.38512053,derived_proxy_NOT_OFFICIAL,220164.5173428157,220164.51734281736,1.6589183360338211e-09,7.534903244425795e-13
China,Male,25-29 years,Prevalence,2008,464.10000308735,47695936.29442668,derived_proxy_NOT_OFFICIAL,221356.84181497435,221356.8418149747,3.4924596548080444e-10,1.577750941047166e-13
China,Male,25-29 years,Prevalence,2009,463.64240447517,48909182.87642868,derived_proxy_NOT_OFFICIAL,226763.71149743165,226763.71149743203,3.7834979593753815e-10,1.6684759366439606e-13
China,Male,25-29 years,Prevalence,2010,463.61162101063,51083055.93156925,derived_proxy_NOT_OFFICIAL,236826.98366611503,236826.983666115,-2.9103830456733704e-11,-1.2289068587625579e-14
China,Male,25-29 years,Prevalence,2011,464.09091323602,54162222.660093315,derived_proxy_NOT_OFFICIAL,251361.95377215475,251361.95377215362,-1.1350493878126144e-09,-4.5155974115377536e-13
China,Male,25-29 years,Prevalence,2012,464.73210067232,57592649.57677927,derived_proxy_NOT_OFFICIAL,267651.53021101473,267651.53021101427,-4.656612873077393e-10,-1.7398043154866888e-13
China,Male,25-29 years,Prevalence,2013,465.2713874089,60659159.62974113,derived_proxy_NOT_OFFICIAL,282229.7135998771,282229.7135998759,-1.1641532182693481e-09,-4.124842857332139e-13
China,Male,25-29 years,Prevalence,2014,465.47203371617,62726563.22256166,derived_proxy_NOT_OFFICIAL,291974.6095123163,291974.6095123169,5.820766091346741e-10,1.9935863947447817e-13
China,Male,25-29 years,Prevalence,2015,465.11542350486,63300964.16249435,derived_proxy_NOT_OFFICIAL,294422.54754704225,294422.5475470452,2.9685907065868378e-09,1.0082755995827806e-12
China,Male,25-29 years,Prevalence,2016,463.86961170668,62017458.08236782,derived_proxy_NOT_OFFICIAL,287680.1419970316,287680.1419970327,1.1059455573558807e-09,3.8443583546593646e-13
China,Male,25-29 years,Prevalence,2017,461.96539286885,59394074.10198395,derived_proxy_NOT_OFFICIAL,274380.0677660447,274380.0677660461,1.3969838619232178e-09,5.091418896777816e-13
China,Male,25-29 years,Prevalence,2018,459.92096426887,55930143.42659293,derived_proxy_NOT_OFFICIAL,257234.45496454625,257234.45496454823,1.979060471057892e-09,7.693605708188116e-13
China,Male,25-29 years,Prevalence,2019,458.26601958216,52102071.91539501,derived_proxy_NOT_OFFICIAL,238766.09108651275,238766.0910865152,2.444721758365631e-09,1.0238982207401589e-12
China,Male,25-29 years,Prevalence,2020,457.53706132936,48481224.654085815,derived_proxy_NOT_OFFICIAL,221819.57057878692,221819.5705787894,2.473825588822365e-09,1.1152422585471103e-12
China,Male,25-29 years,Prevalence,2021,459.00052488902,45643401.399541125,derived_proxy_NOT_OFFICIAL,209503.4520010938,209503.45200109607,2.270098775625229e-09,1.0835615136371962e-12
China,Male,25-29 years,Prevalence,2022,460.84869017123,43411376.010377005,derived_proxy_NOT_OFFICIAL,200060.75772912923,200060.75772912998,7.566995918750763e-10,3.7823489247181803e-13
China,Male,25-29 years,Prevalence,2023,458.60621717889,41562547.03585337,derived_proxy_NOT_OFFICIAL,190608.42472432443,190608.42472432402,-4.0745362639427185e-10,-2.1376475199539004e-13
China,Male,30-34 years,Prevalence,1990,547.81935739327,46161516.857447326,derived_proxy_NOT_OFFICIAL,252881.7250114524,252881.72501145396,1.57160684466362e-09,6.214790114202383e-13
China,Male,30-34 years,Prevalence,1991,549.29747106866,45050141.850993395,derived_proxy_NOT_OFFICIAL,247459.2899003497,247459.28990035073,1.0477378964424133e-09,4.2339808574749034e-13
China,Male,30-34 years,Prevalence,1992,550.29993943009,45767545.97253148,derived_proxy_NOT_OFFICIAL,251858.77776547684,251858.77776547935,2.5029294192790985e-09,9.937828816154065e-13
China,Male,30-34 years,Prevalence,1993,550.9943894747199,48773688.62760359,derived_proxy_NOT_OFFICIAL,268740.28787796723,268740.2878779653,-1.9208528101444244e-09,-7.147617595083727e-13
China,Male,30-34 years,Prevalence,1994,551.4402800714499,53099271.65044202,derived_proxy_NOT_OFFICIAL,292810.7723050975,292810.7723050975,0.0,0.0
China,Male,30-34 years,Prevalence,1995,551.65362952924,57705282.6230496,derived_proxy_NOT_OFFICIAL,318333.2860201601,318333.28602015896,-1.1641532182693481e-09,-3.657026360088596e-13
China,Male,30-34 years,Prevalence,1996,551.44190251207,61667380.47066646,derived_proxy_NOT_OFFICIAL,340059.776096798,340059.7760967998,1.8044374883174896e-09,5.306236183028764e-13
China,Male,30-34 years,Prevalence,1997,550.7273542666201,64541167.66745041,derived_proxy_NOT_OFFICIAL,355445.86510773364,355445.8651077328,-8.149072527885437e-10,-2.292633936089114e-13
China,Male,30-34 years,Prevalence,1998,549.7408915357099,65889046.36130731,derived_proxy_NOT_OFFICIAL,362219.0308910252,362219.03089102806,2.852175384759903e-09,7.874173197757766e-13
China,Male,30-34 years,Prevalence,1999,548.82071583937,66182344.927477665,derived_proxy_NOT_OFFICIAL,363222.4191902647,363222.4191902639,-8.149072527885437e-10,-2.2435488828173777e-13
China,Male,30-34 years,Prevalence,2000,548.35442401653,65863155.848605424,derived_proxy_NOT_OFFICIAL,361163.5288927279,361163.5288927297,1.8044374883174896e-09,4.996178583838791e-13
China,Male,30-34 years,Prevalence,2001,548.5253992573199,65350463.1014687,derived_proxy_NOT_OFFICIAL,358463.8886438392,358463.88864383876,-4.656612873077393e-10,-1.2990465764053816e-13
China,Male,30-34 years,Prevalence,2002,549.1214438596601,64661701.08899298,derived_proxy_NOT_OFFICIAL,355071.26664409565,355071.2666440958,1.7462298274040222e-10,4.91796997236149e-14
China,Male,30-34 years,Prevalence,2003,549.8882842717101,63810578.46196501,derived_proxy_NOT_OFFICIAL,350886.89508835174,350886.8950883527,9.89530235528946e-10,2.8200831931320394e-13
China,Male,30-34 years,Prevalence,2004,550.54445201089,62516361.98890812,derived_proxy_NOT_OFFICIAL,344180.3625289782,344180.36252897856,3.4924596548080444e-10,1.0147178732528639e-13
China,Male,30-34 years,Prevalence,2005,550.81788979954,60642444.491602845,derived_proxy_NOT_OFFICIAL,334029.43307150604,334029.4330715042,-1.862645149230957e-09,-5.576290484653844e-13
China,Male,30-34 years,Prevalence,2006,550.54712208594,58234916.87969423,derived_proxy_NOT_OFFICIAL,320610.65893029666,320610.6589302959,-7.566995918750763e-10,-2.3601822671765536e-13
China,Male,30-34 years,Prevalence,2007,549.95355492808,55558700.87778719,derived_proxy_NOT_OFFICIAL,305547.05054925,305547.05054924905,-9.313225746154785e-10,-3.0480496307895535e-13
China,Male,30-34 years,Prevalence,2008,549.32577355851,53013375.498871624,derived_proxy_NOT_OFFICIAL,291216.1350486539,291216.13504865416,2.9103830456733704e-10,9.993893522373438e-14
China,Male,30-34 years,Prevalence,2009,548.9429652119,51027230.86693156,derived_proxy_NOT_OFFICIAL,280110.3941864556,280110.39418645593,3.4924596548080444e-10,1.2468154439436073e-13
China,Male,30-34 years,Prevalence,2010,549.06739988677,49703834.549078956,derived_proxy_NOT_OFFICIAL,272907.5520026472,272907.55200264987,2.6775524020195007e-09,9.8112066975469e-13
China,Male,30-34 years,Prevalence,2011,549.79561008193,48834990.656319454,derived_proxy_NOT_OFFICIAL,268492.6348123642,268492.63481236505,8.731149137020111e-10,3.2519138348513233e-13
China,Male,30-34 years,Prevalence,2012,550.857507995,48387629.40829076,derived_proxy_NOT_OFFICIAL,266546.8895363653,266546.8895363662,9.313225746154785e-10,3.4940290477050086e-13
China,Male,30-34 years,Prevalence,2013,552.01078451606,48621986.515970826,derived_proxy_NOT_OFFICIAL,268398.60921410227,268398.6092141035,1.2223608791828156e-09,4.554274266778093e-13
China,Male,30-34 years,Prevalence,2014,553.01072495214,49769703.63136743,derived_proxy_NOT_OFFICIAL,275231.79885835625,275231.79885835655,2.9103830456733704e-10,1.0574297947204689e-13
China,Male,30-34 years,Prevalence,2015,553.63761002876,51909323.96926739,derived_proxy_NOT_OFFICIAL,287389.54060553707,287389.54060553823,1.1641532182693481e-09,4.0507849235447044e-13
China,Male,30-34 years,Prevalence,2016,553.6242951788499,54992999.96968921,derived_proxy_NOT_OFFICIAL,304454.60847989627,304454.6084798971,8.149072527885437e-10,2.6766132950237593e-13
China,Male,30-34 years,Prevalence,2017,552.94578438609,58446240.44334537,derived_proxy_NOT_OFFICIAL,323176.0226636355,323176.02266363625,7.566995918750763e-10,2.3414471953652825e-13
China,Male,30-34 years,Prevalence,2018,551.84114045271,61530956.636490144,derived_proxy_NOT_OFFICIAL,339553.13283426844,339553.13283426967,1.2223608791828156e-09,3.599910473449922e-13
China,Male,30-34 years,Prevalence,2019,550.57910675431,63591556.98296024,derived_proxy_NOT_OFFICIAL,350121.8264079393,350121.82640794053,1.2223608791828156e-09,3.491244438324732e-13
China,Male,30-34 years,Prevalence,2020,549.4601288761199,64117703.69830136,derived_proxy_NOT_OFFICIAL,352301.2173730964,352301.2173730954,-9.89530235528946e-10,-2.8087618967294317e-13
China,Male,30-34 years,Prevalence,2021,549.55623815113,62734338.39547041,derived_proxy_NOT_OFFICIAL,344760.47011514526,344760.4701151471,1.862645149230957e-09,5.402722500665053e-13
China,Male,30-34 years,Prevalence,2022,549.4646640843799,59997047.84313437,derived_proxy_NOT_OFFICIAL,329662.5773918228,329662.577391823,1.7462298274040222e-10,5.297021703887634e-14
China,Male,30-34 years,Prevalence,2023,544.42202581097,56426224.688878834,derived_proxy_NOT_OFFICIAL,307196.7955398414,307196.79553984385,2.444721758365631e-09,7.95816165357287e-13
China,Male,35-39 years,Prevalence,1990,580.9366003169899,47340672.99619521,derived_proxy_NOT_OFFICIAL,275019.2962712784,275019.29627127975,1.3387762010097504e-09,4.867935520019601e-13
China,Male,35-39 years,Prevalence,1991,581.26939341099,49330684.560396716,derived_proxy_NOT_OFFICIAL,286744.17090970586,286744.17090970685,9.89530235528946e-10,3.450916656438479e-13
China,Male,35-39 years,Prevalence,1992,581.75157295756,50103624.48518965,derived_proxy_NOT_OFFICIAL,291478.62355133775,291478.62355133996,2.2118911147117615e-09,7.588519143401897e-13
China,Male,35-39 years,Prevalence,1993,582.3061567594999,49122594.460264355,derived_proxy_NOT_OFFICIAL,286043.89190211846,286043.8919021204,1.9208528101444244e-09,6.715237991523771e-13
China,Male,35-39 years,Prevalence,1994,582.91810195832,47027302.510044634,derived_proxy_NOT_OFFICIAL,274130.6591937475,274130.65919374954,2.0372681319713593e-09,7.431741265144217e-13
China,Male,35-39 years,Prevalence,1995,583.45299902615,44854794.9826777,derived_proxy_NOT_OFFICIAL,261706.6465334652,261706.64653346408,-1.1059455573558807e-09,-4.2258978593211247e-13
China,Male,35-39 years,Prevalence,1996,583.72450095745,43759392.52256812,derived_proxy_NOT_OFFICIAL,255434.29562437168,255434.29562437243,7.566995918750763e-10,2.962404050033435e-13
China,Male,35-39 years,Prevalence,1997,583.7846056869399,44540650.67932499,derived_proxy_NOT_OFFICIAL,260021.461938694,260021.46193869473,7.275957614183426e-10,2.798214255059799e-13
China,Male,35-39 years,Prevalence,1998,583.84017245304,47587788.29867264,derived_proxy_NOT_OFFICIAL,277836.62526955875,277836.62526955793,-8.149072527885437e-10,-2.9330447416639756e-13
China,Male,35-39 years,Prevalence,1999,583.90739325872,51918503.19563778,derived_proxy_NOT_OFFICIAL,303155.97862859373,303155.97862859385,1.1641532182693481e-10,3.8401130122378035e-14
China,Male,35-39 years,Prevalence,2000,583.9941898875201,56501170.19880974,derived_proxy_NOT_OFFICIAL,329963.5511795091,329963.55117950786,-1.2223608791828156e-09,-3.7045330455842326e-13
China,Male,35-39 years,Prevalence,2001,584.25680245793,60418929.65200938,derived_proxy_NOT_OFFICIAL,353001.70646413584,353001.70646413614,2.9103830456733704e-10,8.244671321352546e-14
China,Male,35-39 years,Prevalence,2002,584.66726134437,63303568.75174518,derived_proxy_NOT_OFFICIAL,370115.241754081,370115.2417540789,-2.0954757928848267e-09,-5.661684676788163e-13
China,Male,35-39 years,Prevalence,2003,585.00865595499,64760238.70865075,derived_proxy_NOT_OFFICIAL,378853.0020627192,378853.00206272095,1.7462298274040222e-09,4.609254296247951e-13
China,Male,35-39 years,Prevalence,2004,585.17785487834,65245690.95758566,derived_proxy_NOT_OFFICIAL,381803.3347461487,381803.3347461508,2.0954757928848267e-09,5.488364302208243e-13
China,Male,35-39 years,Prevalence,2005,585.13325044802,65163576.312619224,derived_proxy_NOT_OFFICIAL,381293.7521862062,381293.7521862049,-1.3387762010097504e-09,-3.511141195819946e-13
China,Male,35-39 years,Prevalence,2006,584.9109116168701,64870224.38073687,derived_proxy_NOT_OFFICIAL,379433.02079327806,379433.02079327713,-9.313225746154785e-10,-2.454511135241653e-13
China,Male,35-39 years,Prevalence,2007,584.64862561349,64373178.66132237,derived_proxy_NOT_OFFICIAL,376356.904307136,376356.9043071377,1.6880221664905548e-09,4.4851632776557214e-13
China,Male,35-39 years,Prevalence,2008,584.41869864422,63670728.43340689,derived_proxy_NOT_OFFICIAL,372103.6425278097,372103.64252781187,2.153683453798294e-09,5.78785910067337e-13
China,Male,35-39 years,Prevalence,2009,584.260937849,62469578.0033437,derived_proxy_NOT_OFFICIAL,364985.34231264895,364985.34231264854,-4.0745362639427185e-10,-1.1163561358725586e-13
China,Male,35-39 years,Prevalence,2010,584.24683773977,60624676.00225219,derived_proxy_NOT_OFFICIAL,354197.7524331418,354197.7524331396,-2.2118911147117615e-09,-6.244791502818124e-13
China,Male,35-39 years,Prevalence,2011,584.55467068813,58181043.69588425,derived_proxy_NOT_OFFICIAL,340100.0083793932,340100.00837939326,5.820766091346741e-11,1.7114866062730223e-14
China,Male,35-39 years,Prevalence,2012,585.22358053898,55423066.06514638,derived_proxy_NOT_OFFICIAL,324348.8516709352,324348.851670934,-1.2223608791828156e-09,-3.7686610354426325e-13
China,Male,35-39 years,Prevalence,2013,586.10722309606,52771632.649583474,derived_proxy_NOT_OFFICIAL,309298.3507049249,309298.35070492746,2.561137080192566e-09,8.280474416871132e-13
China,Male,35-39 years,Prevalence,2014,587.01893788579,50669366.18122386,derived_proxy_NOT_OFFICIAL,297438.7751904818,297438.775190482,1.7462298274040222e-10,5.870888307301981e-14
China,Male,35-39 years,Prevalence,2015,587.73117054019,49233145.290134996,derived_proxy_NOT_OFFICIAL,289358.5411074641,289358.54110746284,-1.280568540096283e-09,-4.425542564581482e-13
China,Male,35-39 years,Prevalence,2016,588.07561211348,48277060.71698481,derived_proxy_NOT_OFFICIAL,283905.6203218042,283905.62032180483,6.402842700481415e-10,2.2552715558162802e-13
China,Male,35-39 years,Prevalence,2017,588.10465726262,47765659.379406825,derived_proxy_NOT_OFFICIAL,280912.0673824885,280912.067382491,2.5029294192790985e-09,8.910010319603401e-13
China,Male,35-39 years,Prevalence,2018,587.95883177217,47960293.02882802,derived_proxy_NOT_OFFICIAL,281986.7786068086,281986.7786068067,-1.9208528101444244e-09,-6.811854157257446e-13
China,Male,35-39 years,Prevalence,2019,587.78539859871,49088885.11747897,derived_proxy_NOT_OFFICIAL,288537.2990554343,288537.29905543657,2.270098775625229e-09,7.867609432321931e-13
China,Male,35-39 years,Prevalence,2020,587.7582835728,51221336.878506705,derived_proxy_NOT_OFFICIAL,301057.65046015265,301057.65046015265,0.0,0.0
China,Male,35-39 years,Prevalence,2021,587.73283011892,54301514.40138812,derived_proxy_NOT_OFFICIAL,319147.8273887117,319147.82738871133,-3.4924596548080444e-10,-1.0943078269977824e-13
China,Male,35-39 years,Prevalence,2022,587.41946370326,57741229.57738948,derived_proxy_NOT_OFFICIAL,339183.22111916903,339183.22111916944,4.0745362639427185e-10,1.2012788399433138e-13
China,Male,35-39 years,Prevalence,2023,584.72505023477,60809652.515220255,derived_proxy_NOT_OFFICIAL,355569.2712172114,355569.27121721074,-6.402842700481415e-10,-1.8007300458115302e-13
China,Male,40-44 years,Prevalence,1990,583.80505032002,35283594.329945505,derived_proxy_NOT_OFFICIAL,205987.4056326509,205987.40563265007,-8.149072527885437e-10,-3.9561023174485454e-13
China,Male,40-44 years,Prevalence,1991,584.45379030471,37269040.36682404,derived_proxy_NOT_OFFICIAL,217820.3190340964,217820.31903409545,-9.604264050722122e-10,-4.409259931906868e-13
China,Male,40-44 years,Prevalence,1992,584.9799280916101,39155248.77843854,derived_proxy_NOT_OFFICIAL,229050.3461481989,229050.3461482008,1.8917489796876907e-09,8.259096794657108e-13
China,Male,40-44 years,Prevalence,1993,585.3200494105799,41884295.415689655,derived_proxy_NOT_OFFICIAL,245157.1786223858,245157.17862238796,2.153683453798294e-09,8.784908791578159e-13
China,Male,40-44 years,Prevalence,1994,585.53633017195,43386783.93954873,derived_proxy_NOT_OFFICIAL,254045.382459266,254045.38245926664,6.402842700481415e-10,2.5203538983858744e-13
China,Male,40-44 years,Prevalence,1995,585.74227304876,46069144.199263886,derived_proxy_NOT_OFFICIAL,269846.45240687893,269846.4524068792,2.9103830456733704e-10,1.078533002644425e-13
China,Male,40-44 years,Prevalence,1996,586.0348922130801,47580726.4979859,derived_proxy_NOT_OFFICIAL,278839.65924667247,278839.6592466721,-3.4924596548080444e-10,-1.252497461890268e-13
China,Male,40-44 years,Prevalence,1997,586.56259857451,47999852.81463924,derived_proxy_NOT_OFFICIAL,281549.1839814878,281549.18398148805,2.3283064365386963e-10,8.26962594461572e-14
China,Male,40-44 years,Prevalence,1998,587.1503161124699,46842706.669218145,derived_proxy_NOT_OFFICIAL,275037.10028395173,275037.1002839514,-3.4924596548080444e-10,-1.269814018255132e-13
China,Male,40-44 years,Prevalence,1999,587.7226646770999,44737985.2145872,derived_proxy_NOT_OFFICIAL,262935.2788260168,262935.27882601885,2.0372681319713593e-09,7.74817339486578e-13
China,Male,40-44 years,Prevalence,2000,588.09656652685,42677995.99237417,derived_proxy_NOT_OFFICIAL,250987.8290936169,250987.8290936191,2.2118911147117615e-09,8.812742525004031e-13
China,Male,40-44 years,Prevalence,2001,588.1234975428,41763568.92938186,derived_proxy_NOT_OFFICIAL,245621.36228617985,245621.36228617874,-1.1059455573558807e-09,-4.502644017043252e-13
China,Male,40-44 years,Prevalence,2002,587.97946073223,42709041.08920517,derived_proxy_NOT_OFFICIAL,251120.38948021465,251120.38948021506,4.0745362639427185e-10,1.622542985209787e-13
China,Male,40-44 years,Prevalence,2003,587.8992341734601,45862075.835315794,derived_proxy_NOT_OFFICIAL,269622.79261187324,269622.79261187307,-1.7462298274040222e-10,-6.476566059152688e-14
China,Male,40-44 years,Prevalence,2004,587.8915810070799,50262293.07508339,derived_proxy_NOT_OFFICIAL,295487.7894095201,295487.7894095198,-2.9103830456733704e-10,-9.84941899456913e-14
China,Male,40-44 years,Prevalence,2005,587.98491708085,54899864.82056129,derived_proxy_NOT_OFFICIAL,322802.9246426787,322802.924642676,-2.6775524020195007e-09,-8.294696849427162e-13
China,Male,40-44 years,Prevalence,2006,588.4113511659,58872395.28443283,derived_proxy_NOT_OFFICIAL,346411.8565568588,346411.8565568608,1.979060471057892e-09,5.713027523736203e-13
China,Male,40-44 years,Prevalence,2007,589.13677657469,61817767.47816422,derived_proxy_NOT_OFFICIAL,364191.202671292,364191.2026712937,1.6880221664905548e-09,4.634988857800919e-13
China,Male,40-44 years,Prevalence,2008,589.8609843184901,63342424.87066144,derived_proxy_NOT_OFFICIAL,373632.25083328417,373632.25083328364,-5.238689482212067e-10,-1.4020977767654178e-13
China,Male,40-44 years,Prevalence,2009,590.40973442392,63889048.4490343,derived_proxy_NOT_OFFICIAL,377207.1612739119,377207.161273913,1.1059455573558807e-09,2.931931497856134e-13
China,Male,40-44 years,Prevalence,2010,590.65830375354,63855492.25522201,derived_proxy_NOT_OFFICIAL,377167.7674081647,377167.7674081674,2.735760062932968e-09,7.253430169106615e-13
China,Male,40-44 years,Prevalence,2011,590.8474058455901,63595369.31239182,derived_proxy_NOT_OFFICIAL,375751.5898201876,375751.5898201895,1.9208528101444244e-09,5.112028430973853e-13
China,Male,40-44 years,Prevalence,2012,591.2463594119,63113784.700787425,derived_proxy_NOT_OFFICIAL,373157.9543304709,373157.95433047035,-5.238689482212067e-10,-1.4038798909195038e-13
China,Male,40-44 years,Prevalence,2013,591.73630363485,62408556.44320267,derived_proxy_NOT_OFFICIAL,369294.0850488744,369294.0850488764,2.0372681319713593e-09,5.516655192843764e-13
China,Male,40-44 years,Prevalence,2014,592.16249165418,61193437.57004823,derived_proxy_NOT_OFFICIAL,362364.5846436399,362364.5846436427,2.7939677238464355e-09,7.710377454778331e-13
China,Male,40-44 years,Prevalence,2015,592.38265050647,59330757.72396142,derived_proxy_NOT_OFFICIAL,351465.11517077376,351465.11517077486,1.1059455573558807e-09,3.1466723427686745e-13
China,Male,40-44 years,Prevalence,2016,592.38444532136,56871606.78149401,derived_proxy_NOT_OFFICIAL,336898.55237789906,336898.5523778982,-8.731149137020111e-10,-2.591625602245504e-13
China,Male,40-44 years,Prevalence,2017,592.30252394294,54103708.23081112,derived_proxy_NOT_OFFICIAL,320457.62939781736,320457.6293978184,1.0477378964424133e-09,3.2695052335350935e-13
China,Male,40-44 years,Prevalence,2018,592.19644339659,51447559.02461757,derived_proxy_NOT_OFFICIAL,304670.6147581456,304670.6147581466,9.89530235528946e-10,3.247868969294782e-13
China,Male,40-44 years,Prevalence,2019,592.0999286609899,49343244.90823136,derived_proxy_NOT_OFFICIAL,292161.31790065696,292161.31790065544,-1.5133991837501526e-09,-5.1800121748655e-13
China,Male,40-44 years,Prevalence,2020,592.0194441396,47912094.21853174,derived_proxy_NOT_OFFICIAL,283648.9138681944,283648.913868193,-1.3969838619232178e-09,-4.925045694242871e-13
China,Male,40-44 years,Prevalence,2021,590.0480818611501,46978231.5375454,derived_proxy_NOT_OFFICIAL,277194.1540795753,277194.1540795765,1.1641532182693481e-09,4.1997755044110693e-13
China,Male,40-44 years,Prevalence,2022,588.02457146074,46496122.99411629,derived_proxy_NOT_OFFICIAL,273408.6279820096,273408.62798201095,1.3387762010097504e-09,4.896612849751919e-13
China,Male,40-44 years,Prevalence,2023,588.77116325812,46716567.11843373,derived_proxy_NOT_OFFICIAL,275053.67565746355,275053.6756574627,-8.731149137020111e-10,-3.1743437407807615e-13
China,Male,45-49 years,Prevalence,1990,578.86995087714,27312208.791170597,derived_proxy_NOT_OFFICIAL,158102.16961291034,158102.16961291115,8.149072527885437e-10,5.154307842730578e-13
China,Male,45-49 years,Prevalence,1991,579.45556481802,28248737.50711397,derived_proxy_NOT_OFFICIAL,163688.88147580743,163688.8814758071,-3.2014213502407074e-10,-1.9557964605640394e-13
China,Male,45-49 years,Prevalence,1992,580.19087972256,29487554.29122527,derived_proxy_NOT_OFFICIAL,171084.10065092743,171084.1006509274,-2.9103830456733704e-11,-1.7011417394136405e-14
China,Male,45-49 years,Prevalence,1993,581.05664843948,30381518.809570745,derived_proxy_NOT_OFFICIAL,176533.8349399011,176533.83493990195,8.440110832452774e-10,4.781015965197896e-13
China,Male,45-49 years,Prevalence,1994,581.90370499217,33079896.44374571,derived_proxy_NOT_OFFICIAL,192493.1430137301,192493.14301372936,-7.275957614183426e-10,-3.7798528821696515e-13
China,Male,45-49 years,Prevalence,1995,582.52425738203,34537228.67206789,derived_proxy_NOT_OFFICIAL,201187.7348422976,201187.734842297,-5.820766091346741e-10,-2.893201265926767e-13
China,Male,45-49 years,Prevalence,1996,583.24845188367,36283684.171231456,derived_proxy_NOT_OFFICIAL,211624.02621506705,211624.0262150677,6.402842700481415e-10,3.025574560222383e-13
China,Male,45-49 years,Prevalence,1997,584.0469068509,37936867.62014298,derived_proxy_NOT_OFFICIAL,221569.10189156543,221569.10189156572,2.9103830456733704e-10,1.313532898236729e-13
China,Male,45-49 years,Prevalence,1998,584.67013556394,40420117.79648462,derived_proxy_NOT_OFFICIAL,236324.35751581192,236324.35751581084,-1.076841726899147e-09,-4.556626063511451e-13
China,Male,45-49 years,Prevalence,1999,585.0455226619699,41748582.47326948,derived_proxy_NOT_OFFICIAL,244248.2125347021,244248.212534703,9.022187441587448e-10,3.693860171159124e-13
China,Male,45-49 years,Prevalence,2000,585.2006406261299,44271248.604598075,derived_proxy_NOT_OFFICIAL,259075.63044729413,259075.63044729453,4.0745362639427185e-10,1.5727207753612453e-13
China,Male,45-49 years,Prevalence,2001,585.0250913508801,45745447.94295198,derived_proxy_NOT_OFFICIAL,267622.34861712257,267622.3486171241,1.5133991837501526e-09,5.65498057830483e-13
China,Male,45-49 years,Prevalence,2002,584.64002002658,46245113.26296975,derived_proxy_NOT_OFFICIAL,270367.43944193947,270367.439441941,1.5133991837501526e-09,5.597564510260305e-13
China,Male,45-49 years,Prevalence,2003,584.18453561767,45275477.84235761,derived_proxy_NOT_OFFICIAL,264492.3399820584,264492.3399820579,-4.656612873077393e-10,-1.7605851547130893e-13
China,Male,45-49 years,Prevalence,2004,583.91228300707,43401164.17995842,derived_proxy_NOT_OFFICIAL,253424.7286148392,253424.72861484188,2.6775524020195007e-09,1.0565474082400646e-12
China,Male,45-49 years,Prevalence,2005,583.9343492652899,41552867.38270738,derived_proxy_NOT_OFFICIAL,242641.46575228017,242641.46575228128,1.1059455573558807e-09,4.557941297984794e-13
China,Male,45-49 years,Prevalence,2006,584.4747324590801,40789158.93055053,derived_proxy_NOT_OFFICIAL,238402.3275316436,238402.32753164417,5.820766091346741e-10,2.4415726774203325e-13
China,Male,45-49 years,Prevalence,2007,585.6032520825399,41828445.888857886,derived_proxy_NOT_OFFICIAL,244948.73942073568,244948.73942073726,1.57160684466362e-09,6.416064227887912e-13
China,Male,45-49 years,Prevalence,2008,587.09876503588,45027633.26423997,derived_proxy_NOT_OFFICIAL,264356.6788192381,264356.6788192379,-1.7462298274040222e-10,-6.60558240935558e-14
China,Male,45-49 years,Prevalence,2009,588.48564976391,49450835.25869327,derived_proxy_NOT_OFFICIAL,291011.0691858012,291011.06918580184,6.402842700481415e-10,2.2002058953961665e-13
China,Male,45-49 years,Prevalence,2010,589.34082241179,54095446.52422401,derived_proxy_NOT_OFFICIAL,318806.549433192,318806.5494331919,-1.1641532182693481e-10,-3.6515975607750303e-14
China,Male,45-49 years,Prevalence,2011,589.91289819481,58051959.47626336,derived_proxy_NOT_OFFICIAL,342455.9966053021,342455.99660530186,-2.3283064365386963e-10,-6.798848493291789e-14
China,Male,45-49 years,Prevalence,2012,590.54062521767,60960822.64444432,derived_proxy_NOT_OFFICIAL,359998.4231823326,359998.42318233644,3.841705620288849e-09,1.0671451242282514e-12
China,Male,45-49 years,Prevalence,2013,591.01645204236,62441274.861473985,derived_proxy_NOT_OFFICIAL,369038.20729630033,369038.20729630155,1.2223608791828156e-09,3.31228814527972e-13
China,Male,45-49 years,Prevalence,2014,591.26217230187,62944386.05404294,derived_proxy_NOT_OFFICIAL,372166.3443252095,372166.3443252097,1.7462298274040222e-10,4.692068087376856e-14
China,Male,45-49 years,Prevalence,2015,591.2568011682,62879309.275281884,derived_proxy_NOT_OFFICIAL,371778.19261769217,371778.19261769095,-1.2223608791828156e-09,-3.287876759462857e-13
China,Male,45-49 years,Prevalence,2016,591.08037033351,62610935.73725872,derived_proxy_NOT_OFFICIAL,370080.95082506543,370080.9508250648,-6.402842700481415e-10,-1.7301195012082618e-13
China,Male,45-49 years,Prevalence,2017,590.8508341319999,62137818.11579777,derived_proxy_NOT_OFFICIAL,367141.8166486159,367141.8166486161,2.3283064365386963e-10,6.341708655778299e-14
China,Male,45-49 years,Prevalence,2018,590.5693389077501,61454701.31556084,derived_proxy_NOT_OFFICIAL,362932.6232870378,362932.62328704004,2.270098775625229e-09,6.254876607854134e-13
China,Male,45-49 years,Prevalence,2019,590.2025284647999,60276051.059046894,derived_proxy_NOT_OFFICIAL,355750.7774092289,355750.7774092286,-2.9103830456733704e-10,-8.180960465830507e-14
China,Male,45-49 years,Prevalence,2020,589.74280011508,58459387.754525974,derived_proxy_NOT_OFFICIAL,344760.030273672,344760.03027367365,1.6298145055770874e-09,4.727388219229862e-13
China,Male,45-49 years,Prevalence,2021,586.54853872946,56043831.812297165,derived_proxy_NOT_OFFICIAL,328724.2765430252,328724.2765430253,5.820766091346741e-11,1.77071378863766e-14
China,Male,45-49 years,Prevalence,2022,583.43773708507,53315480.27875942,derived_proxy_NOT_OFFICIAL,311062.6316544306,311062.6316544307,1.1641532182693481e-10,3.7425042412765386e-14
China,Male,45-49 years,Prevalence,2023,585.6052272164301,50693937.38286655,derived_proxy_NOT_OFFICIAL,296866.3471958895,296866.34719589044,9.313225746154785e-10,3.137178004217966e-13
China,Male,50-54 years,Prevalence,1990,576.364079734,25323742.121751703,derived_proxy_NOT_OFFICIAL,145956.95323424405,145956.95323424553,1.4842953532934189e-09,1.0169404885502756e-12
China,Male,50-54 years,Prevalence,1991,576.27494370565,25277986.946769964,derived_proxy_NOT_OFFICIAL,145670.7050474197,145670.70504742017,4.656612873077393e-10,3.1966707867319933e-13
China,Male,50-54 years,Prevalence,1992,576.32184700093,25285312.28449294,derived_proxy_NOT_OFFICIAL,145724.77877794232,145724.77877794276,4.3655745685100555e-10,2.995766818189778e-13
China,Male,50-54 years,Prevalence,1993,576.5509308898701,25532490.3308209,derived_proxy_NOT_OFFICIAL,147207.8106817135,147207.81068171395,4.3655745685100555e-10,2.96558623370136e-13
China,Male,50-54 years,Prevalence,1994,576.93183367073,25694056.52810494,derived_proxy_NOT_OFFICIAL,148237.19147198822,148237.19147198973,1.5133991837501526e-09,1.020930826280619e-12
China,Male,50-54 years,Prevalence,1995,577.4307627044001,26045319.989217862,derived_proxy_NOT_OFFICIAL,150393.6898625417,150393.68986254226,5.529727786779404e-10,3.676834973484272e-13
China,Male,50-54 years,Prevalence,1996,578.02976314284,26892236.7985712,derived_proxy_NOT_OFFICIAL,155445.1326705918,155445.13267059278,9.89530235528946e-10,6.365784624635933e-13
China,Male,50-54 years,Prevalence,1997,578.77916374772,28071377.129504018,derived_proxy_NOT_OFFICIAL,162471.28180261093,162471.28180261207,1.1350493878126144e-09,6.98615395422069e-13
China,Male,50-54 years,Prevalence,1998,579.83183316662,28950703.0152604,derived_proxy_NOT_OFFICIAL,167865.39200800887,167865.3920080083,-5.820766091346741e-10,-3.4675200300184754e-13
China,Male,50-54 years,Prevalence,1999,580.8675920106899,31591222.58493136,derived_proxy_NOT_OFFICIAL,183503.17391582683,183503.17391582803,1.1932570487260818e-09,6.502650734931868e-13
China,Male,50-54 years,Prevalence,2000,581.4505531982,33051787.690851875,derived_proxy_NOT_OFFICIAL,192179.80237035075,192179.80237035282,2.066371962428093e-09,1.0752284771559792e-12
China,Male,50-54 years,Prevalence,2001,581.56249773874,34812478.579996064,derived_proxy_NOT_OFFICIAL,202456.3199545873,202456.31995458898,1.6880221664905548e-09,8.337710410172391e-13
China,Male,50-54 years,Prevalence,2002,581.40149553974,36504917.245017424,derived_proxy_NOT_OFFICIAL,212240.1348080762,212240.1348080758,-4.0745362639427185e-10,-1.9197765152322517e-13
China,Male,50-54 years,Prevalence,2003,580.86520883125,39011348.61938716,derived_proxy_NOT_OFFICIAL,226603.3516258916,226603.3516258902,-1.3969838619232178e-09,-6.164886140914426e-13
China,Male,50-54 years,Prevalence,2004,580.31215293631,40438353.317376,derived_proxy_NOT_OFFICIAL,234668.6787480568,234668.6787480564,-3.7834979593753815e-10,-1.6122722382723227e-13
China,Male,50-54 years,Prevalence,2005,580.13006733035,43010658.73437757,derived_proxy_NOT_OFFICIAL,249517.76347497164,249517.76347497167,2.9103830456733704e-11,1.1664031470710509e-14
China,Male,50-54 years,Prevalence,2006,580.7583949025201,44553335.22359127,derived_proxy_NOT_OFFICIAL,258747.2345200667,258747.23452006775,1.0477378964424133e-09,4.0492718632753455e-13
China,Male,50-54 years,Prevalence,2007,582.06140990669,45122375.637609884,derived_proxy_NOT_OFFICIAL,262639.9358196632,262639.93581966485,1.6298145055770874e-09,6.205509076487777e-13
China,Male,50-54 years,Prevalence,2008,583.57057713987,44234753.66413441,derived_proxy_NOT_OFFICIAL,258141.00725418984,258141.007254189,-8.440110832452774e-10,-3.269573835722214e-13
China,Male,50-54 years,Prevalence,2009,584.9655358802099,42446438.23995456,derived_proxy_NOT_OFFICIAL,248297.03491241284,248297.03491241252,-3.2014213502407074e-10,-1.2893514219249593e-13
China,Male,50-54 years,Prevalence,2010,585.7792295371501,40674270.342742994,derived_proxy_NOT_OFFICIAL,238261.4274335776,238261.42743357742,-1.7462298274040222e-10,-7.329049633478064e-14
China,Male,50-54 years,Prevalence,2011,586.02253616541,39958724.0110669,derived_proxy_NOT_OFFICIAL,234167.12786898905,234167.12786899085,1.8044374883174896e-09,7.705767691385913e-13
China,Male,50-54 years,Prevalence,2012,586.20263846796,41005321.14430415,derived_proxy_NOT_OFFICIAL,240374.27446017065,240374.2744601712,5.529727786779404e-10,2.300465721299832e-13
China,Male,50-54 years,Prevalence,2013,586.49974780854,44157699.04940096,derived_proxy_NOT_OFFICIAL,258984.79356279,258984.79356279067,6.693881005048752e-10,2.584661791513965e-13
China,Male,50-54 years,Prevalence,2014,586.81764288846,48488306.51233588,derived_proxy_NOT_OFFICIAL,284537.9373522188,284537.93735222105,2.270098775625229e-09,7.978193687456021e-13
China,Male,50-54 years,Prevalence,2015,587.1110021015301,53007353.53287413,derived_proxy_NOT_OFFICIAL,311212.0045143588,311212.0045143581,-6.984919309616089e-10,-2.2444247677771748e-13
China,Male,50-54 years,Prevalence,2016,587.48526326603,56823324.76748259,derived_proxy_NOT_OFFICIAL,333828.6591067554,333828.6591067563,9.313225746154785e-10,2.789822111461227e-13
China,Male,50-54 years,Prevalence,2017,587.87862326838,59599923.103134975,derived_proxy_NOT_OFFICIAL,350375.207407722,350375.207407723,9.89530235528946e-10,2.824201640435868e-13
China,Male,50-54 years,Prevalence,2018,588.0600217843199,60990823.252369165,derived_proxy_NOT_OFFICIAL,358662.6485043168,358662.64850431815,1.3387762010097504e-09,3.7326892181069617e-13
China,Male,50-54 years,Prevalence,2019,587.94445039012,61454971.01297416,derived_proxy_NOT_OFFICIAL,361321.0915596347,361321.09155963844,3.725290298461914e-09,1.0310193303086123e-12
China,Male,50-54 years,Prevalence,2020,587.5084500250599,61397950.61210357,derived_proxy_NOT_OFFICIAL,360718.1479883196,360718.14798832143,1.862645149230957e-09,5.163713441141507e-13
China,Male,50-54 years,Prevalence,2021,584.4121706024299,61168812.84726713,derived_proxy_NOT_OFFICIAL,357477.9868924513,357477.9868924519,5.820766091346741e-10,1.6282865812092485e-13
China,Male,50-54 years,Prevalence,2022,581.37762499717,60740014.29139805,derived_proxy_NOT_OFFICIAL,353128.8525102705,353128.8525102716,1.1059455573558807e-09,3.131847056659623e-13
China,Male,50-54 years,Prevalence,2023,583.21993924189,60097790.08189148,derived_proxy_NOT_OFFICIAL,350502.2948013268,350502.29480132606,-7.566995918750763e-10,-2.1589005353131623e-13
China,Male,55-59 years,Prevalence,1990,574.10133880309,22797742.11300969,derived_proxy_NOT_OFFICIAL,130882.14268766515,130882.14268766451,-6.402842700481415e-10,-4.892067450149442e-13
China,Male,55-59 years,Prevalence,1991,574.1319563481401,23298987.480686035,derived_proxy_NOT_OFFICIAL,133766.93263216945,133766.93263217097,1.5133991837501526e-09,1.1313701779435115e-12
China,Male,55-59 years,Prevalence,1992,574.1482051140599,23693018.48485292,derived_proxy_NOT_OFFICIAL,136033.0403681258,136033.04036812548,-3.2014213502407074e-10,-2.3534145392745624e-13
China,Male,55-59 years,Prevalence,1993,574.10973314456,23865167.433192953,derived_proxy_NOT_OFFICIAL,137012.24906520508,137012.2490652065,1.4260876923799515e-09,1.0408468601236278e-12
China,Male,55-59 years,Prevalence,1994,574.0586627479399,23848607.960027564,derived_proxy_NOT_OFFICIAL,136904.9999393322,136904.999939333,8.149072527885437e-10,5.952355671083307e-13
China,Male,55-59 years,Prevalence,1995,574.07343287573,23772416.223912563,derived_proxy_NOT_OFFICIAL,136471.1258941215,136471.12589412183,3.2014213502407074e-10,2.345859850767604e-13
China,Male,55-59 years,Prevalence,1996,574.12660468865,23650437.84484738,derived_proxy_NOT_OFFICIAL,135783.4557926222,135783.4557926218,-4.0745362639427185e-10,-3.0007604683192255e-13
China,Male,55-59 years,Prevalence,1997,574.27431571953,23594898.839785583,derived_proxy_NOT_OFFICIAL,135499.44385689346,135499.44385689398,5.238689482212067e-10,3.8662073681607597e-13
China,Male,55-59 years,Prevalence,1998,574.52304598621,23784527.898936737,derived_proxy_NOT_OFFICIAL,136647.59415841158,136647.5941584113,-2.9103830456733704e-10,-2.1298458005045065e-13
China,Male,55-59 years,Prevalence,1999,574.80413079601,23922707.75816015,derived_proxy_NOT_OFFICIAL,137508.7123921608,137508.71239216212,1.3096723705530167e-09,9.524286481702808e-13
China,Male,55-59 years,Prevalence,2000,575.02071963943,24275038.67246147,derived_proxy_NOT_OFFICIAL,139586.50206713847,139586.50206713786,-6.111804395914078e-10,-4.378506736256214e-13
China,Male,55-59 years,Prevalence,2001,574.95600630528,25138594.94245699,derived_proxy_NOT_OFFICIAL,144535.8615224119,144535.8615224118,-8.731149137020111e-11,-6.040818551917822e-14
China,Male,55-59 years,Prevalence,2002,574.7509252030101,26345055.159398645,derived_proxy_NOT_OFFICIAL,151418.44827388666,151418.44827388704,3.7834979593753815e-10,2.498703429143433e-13
China,Male,55-59 years,Prevalence,2003,575.15885655923,27282815.93967224,derived_proxy_NOT_OFFICIAL,156919.5321957779,156919.53219577819,2.9103830456733704e-10,1.8546977581110056e-13
China,Male,55-59 years,Prevalence,2004,575.84037990863,29900614.505270243,derived_proxy_NOT_OFFICIAL,172179.81216216425,172179.81216216309,-1.1641532182693481e-09,-6.761264306485088e-13
China,Male,55-59 years,Prevalence,2005,576.42318959373,31393939.221769243,derived_proxy_NOT_OFFICIAL,180961.9458012387,180961.9458012393,5.820766091346741e-10,3.216569133125942e-13
China,Male,55-59 years,Prevalence,2006,577.33403349635,33173607.034996383,derived_proxy_NOT_OFFICIAL,191522.5235513723,191522.5235513735,1.2223608791828156e-09,6.382334863371516e-13
China,Male,55-59 years,Prevalence,2007,578.9321137496099,34881330.30204816,derived_proxy_NOT_OFFICIAL,201939.22282163,201939.22282163062,6.111804395914078e-10,3.026556362115222e-13
China,Male,55-59 years,Prevalence,2008,580.29860219456,37361151.46162403,derived_proxy_NOT_OFFICIAL,216806.2396955971,216806.23969559665,-4.3655745685100555e-10,-2.0135834534280295e-13
China,Male,55-59 years,Prevalence,2009,581.31193878064,38799919.642537475,derived_proxy_NOT_OFFICIAL,225548.5651193658,225548.56511936497,-8.440110832452774e-10,-3.7420370322400684e-13
China,Male,55-59 years,Prevalence,2010,581.79139961896,41322132.343928546,derived_proxy_NOT_OFFICIAL,240408.6121161405,240408.61211614084,3.4924596548080444e-10,1.4527181967677806e-13
China,Male,55-59 years,Prevalence,2011,581.81738236817,42836537.33311038,derived_proxy_NOT_OFFICIAL,249230.4202086675,249230.42020866668,-8.149072527885437e-10,-3.269694173392898e-13
China,Male,55-59 years,Prevalence,2012,581.50660511193,43397286.48649244,derived_proxy_NOT_OFFICIAL,252358.0873583012,252358.08735830055,-6.693881005048752e-10,-2.652532785899861e-13
China,Male,55-59 years,Prevalence,2013,580.99570801238,42547638.73725495,derived_proxy_NOT_OFFICIAL,247199.9549240617,247199.95492406402,2.3283064365386963e-09,9.4187170756319e-13
China,Male,55-59 years,Prevalence,2014,580.58520131737,40829480.92667008,derived_proxy_NOT_OFFICIAL,237049.9240349436,237049.92403494468,1.076841726899147e-09,4.542679063421296e-13
China,Male,55-59 years,Prevalence,2015,580.42265199801,39130134.34423921,derived_proxy_NOT_OFFICIAL,227120.1634912152,227120.16349121733,2.1245796233415604e-09,9.354429790306738e-13
China,Male,55-59 years,Prevalence,2016,580.55047358031,38457747.21159385,derived_proxy_NOT_OFFICIAL,223266.6335652269,223266.6335652266,-2.9103830456733704e-10,-1.3035458989993272e-13
China,Male,55-59 years,Prevalence,2017,580.98657724565,39483257.828478165,derived_proxy_NOT_OFFICIAL,229392.42824274907,229392.42824275044,1.367880031466484e-09,5.963056592342959e-13
China,Male,55-59 years,Prevalence,2018,581.75391963504,42539855.68233816,derived_proxy_NOT_OFFICIAL,247477.2778390924,247477.27783909158,-8.149072527885437e-10,-3.292856863078918e-13
China,Male,55-59 years,Prevalence,2019,582.51599923659,46739519.73161465,derived_proxy_NOT_OFFICIAL,272265.1804029987,272265.18040299823,-4.656612873077393e-10,-1.7103225855707347e-13
China,Male,55-59 years,Prevalence,2020,582.97380233984,51131995.45945274,derived_proxy_NOT_OFFICIAL,298086.1381422092,298086.13814220595,-3.259629011154175e-09,-1.0935191523730264e-12
China,Male,55-59 years,Prevalence,2021,581.9150264014401,54838655.90673338,derived_proxy_NOT_OFFICIAL,319114.3789978627,319114.3789978624,-2.9103830456733704e-10,-9.120187735861513e-14
China,Male,55-59 years,Prevalence,2022,580.61834247748,57519976.24950006,derived_proxy_NOT_OFFICIAL,333971.5326932848,333971.5326932874,2.6193447411060333e-09,7.843017996122461e-13
China,Male,55-59 years,Prevalence,2023,580.97892215092,58889923.945700064,derived_proxy_NOT_OFFICIAL,342138.0453952232,342138.04539522476,1.57160684466362e-09,4.593487528836985e-13
China,Male,60-64 years,Prevalence,1990,562.0245347118,18266060.6780241,derived_proxy_NOT_OFFICIAL,102659.74253584056,102659.74253583999,-5.675246939063072e-10,-5.528210765852769e-13
China,Male,60-64 years,Prevalence,1991,562.32710412345,18814642.858832344,derived_proxy_NOT_OFFICIAL,105799.83633924116,105799.8363392414,2.473825588822365e-10,2.3382130581848764e-13
China,Male,60-64 years,Prevalence,1992,562.62152914563,19312564.330951188,derived_proxy_NOT_OFFICIAL,108656.64475603098,108656.64475603108,1.0186340659856796e-10,9.374797724270244e-14
China,Male,60-64 years,Prevalence,1993,562.8758684437599,19759559.159861628,derived_proxy_NOT_OFFICIAL,111221.79022172872,111221.79022172967,9.458744898438454e-10,8.504399074661322e-13
China,Male,60-64 years,Prevalence,1994,563.04136750002,20278578.772881925,derived_proxy_NOT_OFFICIAL,114176.78723240408,114176.78723240316,-9.167706593871117e-10,-8.029396181213676e-13
China,Male,60-64 years,Prevalence,1995,563.03724135543,20708350.8311916,derived_proxy_NOT_OFFICIAL,116595.72725014552,116595.72725014543,-8.731149137020111e-11,-7.488395452337825e-14
China,Male,60-64 years,Prevalence,1996,562.9766387608,21155569.570259277,derived_proxy_NOT_OFFICIAL,119100.91447734798,119100.91447734831,3.346940502524376e-10,2.810171959813908e-13
China,Male,60-64 years,Prevalence,1997,562.77271167751,21541306.341792554,derived_proxy_NOT_OFFICIAL,121228.59383046482,121228.59383046537,5.529727786779404e-10,4.561405533180226e-13
China,Male,60-64 years,Prevalence,1998,562.4430285662501,21749299.50662247,derived_proxy_NOT_OFFICIAL,122327.4188369918,122327.4188369919,1.0186340659856796e-10,8.327111580299647e-14
China,Male,60-64 years,Prevalence,1999,562.1128257136199,21807136.732547462,derived_proxy_NOT_OFFICIAL,122580.71249455484,122580.71249455531,4.656612873077393e-10,3.798813678199369e-13
China,Male,60-64 years,Prevalence,2000,561.9574602195601,21820330.91179899,derived_proxy_NOT_OFFICIAL,122620.97740344856,122620.97740344919,6.257323548197746e-10,5.10297967011782e-13
China,Male,60-64 years,Prevalence,2001,561.9133431003099,21796878.314875938,derived_proxy_NOT_OFFICIAL,122479.56763062526,122479.56763062588,6.257323548197746e-10,5.108871356460554e-13
China,Male,60-64 years,Prevalence,2002,561.98287155529,21847039.879832022,derived_proxy_NOT_OFFICIAL,122776.6220665088,122776.62206650939,5.820766091346741e-10,4.740940085640732e-13
China,Male,60-64 years,Prevalence,2003,562.16339384845,22137065.679142207,derived_proxy_NOT_OFFICIAL,124446.47972032668,124446.47972032627,-4.0745362639427185e-10,-3.2741273783714727e-13
China,Male,60-64 years,Prevalence,2004,562.40148026197,22390310.231611054,derived_proxy_NOT_OFFICIAL,125923.43617782684,125923.43617782791,1.076841726899147e-09,8.551559261601235e-13
China,Male,60-64 years,Prevalence,2005,562.59716949626,22848654.007038247,derived_proxy_NOT_OFFICIAL,128545.88071159142,128545.88071159096,-4.656612873077393e-10,-3.6225298292716817e-13
China,Male,60-64 years,Prevalence,2006,562.97526436959,23779042.166331276,derived_proxy_NOT_OFFICIAL,133870.12550046007,133870.12550045978,-2.9103830456733704e-10,-2.1740347480763126e-13
China,Male,60-64 years,Prevalence,2007,563.86972744965,25020907.660483945,derived_proxy_NOT_OFFICIAL,141085.32383059867,141085.32383059943,7.566995918750763e-10,5.363418187873647e-13
China,Male,60-64 years,Prevalence,2008,565.8735912913,25988574.264292926,derived_proxy_NOT_OFFICIAL,147062.47851476044,147062.47851476094,4.94765117764473e-10,3.3643191843445923e-13
China,Male,60-64 years,Prevalence,2009,567.95002713501,28545447.40573976,derived_proxy_NOT_OFFICIAL,162123.87628670738,162123.87628670895,1.57160684466362e-09,9.693864226909537e-13
China,Male,60-64 years,Prevalence,2010,569.1061139556899,30008106.877349153,derived_proxy_NOT_OFFICIAL,170777.9709213531,170777.9709213519,-1.1932570487260818e-09,-6.98718366478076e-13
China,Male,60-64 years,Prevalence,2011,569.0505344364,31734698.308979437,derived_proxy_NOT_OFFICIAL,180586.4703290281,180586.4703290267,-1.3969838619232178e-09,-7.735816860354581e-13
China,Male,60-64 years,Prevalence,2012,568.54094048176,33383503.27022884,derived_proxy_NOT_OFFICIAL,189798.883458319,189798.88345831813,-8.731149137020111e-10,-4.60021101174577e-13
China,Male,60-64 years,Prevalence,2013,567.2500876947399,35754729.11189727,derived_proxy_NOT_OFFICIAL,202818.73224225373,202818.73224225396,2.3283064365386963e-10,1.1479740607774268e-13
China,Male,60-64 years,Prevalence,2014,565.98063698851,37139908.13165426,derived_proxy_NOT_OFFICIAL,210204.68862048312,210204.68862048423,1.1059455573558807e-09,5.261279206538656e-13
China,Male,60-64 years,Prevalence,2015,565.4072262673,39523937.59906569,derived_proxy_NOT_OFFICIAL,223471.1992904937,223471.1992904958,2.0954757928848267e-09,9.376938950244255e-13
China,Male,60-64 years,Prevalence,2016,565.90724165275,40915548.390418574,derived_proxy_NOT_OFFICIAL,231544.0513033139,231544.0513033139,0.0,0.0
China,Male,60-64 years,Prevalence,2017,566.7580836687,41371121.119879365,derived_proxy_NOT_OFFICIAL,234474.1732512861,234474.1732512851,-9.89530235528946e-10,-4.220209935311152e-13
China,Male,60-64 years,Prevalence,2018,567.6297749648301,40493149.64473781,derived_proxy_NOT_OFFICIAL,229851.1742045981,229851.17420459713,-9.604264050722122e-10,-4.17847073610033e-13
China,Male,60-64 years,Prevalence,2019,568.40648154101,38828570.39026886,derived_proxy_NOT_OFFICIAL,220704.1107880011,220704.11078800162,5.238689482212067e-10,2.373625694377812e-13
China,Male,60-64 years,Prevalence,2020,568.8363414104899,37225842.23180565,derived_proxy_NOT_OFFICIAL,211754.11901064368,211754.11901064435,6.693881005048752e-10,3.161157401010125e-13
China,Male,60-64 years,Prevalence,2021,569.26988994529,36621902.25923216,derived_proxy_NOT_OFFICIAL,208477.46268700148,208477.4626870026,1.1350493878126144e-09,5.444470463057802e-13
China,Male,60-64 years,Prevalence,2022,569.56429176445,37618505.6116382,derived_proxy_NOT_OFFICIAL,214261.5750592952,214261.575059297,1.8044374883174896e-09,8.42165697614295e-13
China,Male,60-64 years,Prevalence,2023,568.17689992061,40529237.205997564,derived_proxy_NOT_OFFICIAL,230277.7635185084,230277.76351850742,-9.89530235528946e-10,-4.297115884788473e-13
China,Male,65-69 years,Prevalence,1990,513.8016298452,13474959.733642157,derived_proxy_NOT_OFFICIAL,69234.5627324381,69234.56273243781,-2.9103830456733704e-10,-4.203656282080892e-13
China,Male,65-69 years,Prevalence,1991,513.66852632165,13874865.755250897,derived_proxy_NOT_OFFICIAL,71270.81845410423,71270.81845410456,3.346940502524376e-10,4.696088209902742e-13
China,Male,65-69 years,Prevalence,1992,513.61130293384,14268332.460147899,derived_proxy_NOT_OFFICIAL,73283.76825549656,73283.76825549765,1.0913936421275139e-09,1.4892706367424758e-12
China,Male,65-69 years,Prevalence,1993,513.72078928838,14714158.167485893,derived_proxy_NOT_OFFICIAL,75589.68947514932,75589.68947514916,-1.6007106751203537e-10,-2.1176309708834024e-13
China,Male,65-69 years,Prevalence,1994,513.95767749575,15170903.175962474,derived_proxy_NOT_OFFICIAL,77972.02161830486,77972.0216183057,8.440110832452774e-10,1.0824537644758665e-12
China,Male,65-69 years,Prevalence,1995,514.3139672510699,15648011.11439674,derived_proxy_NOT_OFFICIAL,80479.90675834136,80479.90675834223,8.731149137020111e-10,1.0848855930260095e-12
China,Male,65-69 years,Prevalence,1996,514.50036641705,16098174.687841646,derived_proxy_NOT_OFFICIAL,82825.1677554018,82825.16775540207,2.764863893389702e-10,3.3381929289353953e-13
China,Male,65-69 years,Prevalence,1997,514.48746296377,16514280.215371797,derived_proxy_NOT_OFFICIAL,84963.90130679373,84963.90130679417,4.3655745685100555e-10,5.138152205071806e-13
China,Male,65-69 years,Prevalence,1998,514.37025829931,16898248.49494248,derived_proxy_NOT_OFFICIAL,86919.56443149461,86919.56443149489,2.764863893389702e-10,3.1809454079453205e-13
China,Male,65-69 years,Prevalence,1999,514.21231941702,17361102.320724886,derived_proxy_NOT_OFFICIAL,89272.92691976216,89272.92691976152,-6.402842700481415e-10,-7.172211017833258e-13
China,Male,65-69 years,Prevalence,2000,514.04359692112,17770110.778992854,derived_proxy_NOT_OFFICIAL,91346.11662520256,91346.11662520253,-2.9103830456733704e-11,-3.186104842983977e-14
China,Male,65-69 years,Prevalence,2001,514.1383747636701,18226513.712800235,derived_proxy_NOT_OFFICIAL,93709.50137906845,93709.50137906859,1.4551915228366852e-10,1.5528751102305257e-13
China,Male,65-69 years,Prevalence,2002,514.38721474739,18654128.60316847,derived_proxy_NOT_OFFICIAL,95954.45255723356,95954.4525572345,9.458744898438454e-10,9.857536202185756e-13
China,Male,65-69 years,Prevalence,2003,514.64722225122,18943448.855130058,derived_proxy_NOT_OFFICIAL,97491.9333315064,97491.93333150737,9.74978320300579e-10,1.000060504478165e-12
China,Male,65-69 years,Prevalence,2004,514.8899235176999,19119652.817207545,derived_proxy_NOT_OFFICIAL,98445.1657673692,98445.16576736969,4.94765117764473e-10,5.025793942321428e-13
China,Male,65-69 years,Prevalence,2005,515.13255142995,19269779.71457249,derived_proxy_NOT_OFFICIAL,99264.90789860704,99264.9078986082,1.1641532182693481e-09,1.1727741886976398e-12
China,Male,65-69 years,Prevalence,2006,515.64323377824,19399705.098488916,derived_proxy_NOT_OFFICIAL,100033.2667132896,100033.26671329033,7.275957614183426e-10,7.273537947168531e-13
China,Male,65-69 years,Prevalence,2007,516.64721703052,19593174.10449274,derived_proxy_NOT_OFFICIAL,101227.5887388063,101227.58873880625,-4.3655745685100555e-11,-4.312633169376761e-14
China,Male,65-69 years,Prevalence,2008,517.80717737074,19988032.771900058,derived_proxy_NOT_OFFICIAL,103499.46830811416,103499.46830811417,1.4551915228366852e-11,1.4059893704039453e-14
China,Male,65-69 years,Prevalence,2009,518.7565610945301,20330592.692753863,derived_proxy_NOT_OFFICIAL,105466.2835030643,105466.28350306576,1.4551915228366852e-09,1.3797694149281414e-12
China,Male,65-69 years,Prevalence,2010,519.07581797459,20842027.17881405,derived_proxy_NOT_OFFICIAL,108185.92306091406,108185.92306091539,1.3242242857813835e-09,1.2240264244321132e-12
China,Male,65-69 years,Prevalence,2011,518.34496169074,21766596.93098338,derived_proxy_NOT_OFFICIAL,112826.05852328317,112826.05852328357,4.0745362639427185e-10,3.6113432634907505e-13
China,Male,65-69 years,Prevalence,2012,517.00605549928,22959160.573502026,derived_proxy_NOT_OFFICIAL,118700.2504568073,118700.2504568087,1.3969838619232178e-09,1.1769005175195925e-12
China,Male,65-69 years,Prevalence,2013,516.55746448667,23876431.752058286,derived_proxy_NOT_OFFICIAL,123335.49046832226,123335.49046832249,2.3283064365386963e-10,1.8877830117655417e-13
China,Male,65-69 years,Prevalence,2014,516.6402624687599,26259532.519643463,derived_proxy_NOT_OFFICIAL,135667.31773255407,135667.31773255536,1.280568540096283e-09,9.43903485009348e-13
China,Male,65-69 years,Prevalence,2015,516.9895618025799,27592730.784384944,derived_proxy_NOT_OFFICIAL,142651.53797155566,142651.5379715573,1.6298145055770874e-09,1.1425144998451178e-12
China,Male,65-69 years,Prevalence,2016,517.60285105829,29173872.205234222,derived_proxy_NOT_OFFICIAL,151004.79429839386,151004.79429839435,4.94765117764473e-10,3.276486154385202e-13
China,Male,65-69 years,Prevalence,2017,518.80707049351,30683573.45315411,derived_proxy_NOT_OFFICIAL,159188.54855503255,159188.54855503314,5.820766091346741e-10,3.6565231256785177e-13
China,Male,65-69 years,Prevalence,2018,519.6096287792,32880637.941508465,derived_proxy_NOT_OFFICIAL,170850.96074810412,170850.9607481049,7.8580342233181e-10,4.599350327858954e-13
China,Male,65-69 years,Prevalence,2019,520.2899007941201,34256135.68362121,derived_proxy_NOT_OFFICIAL,178231.214364211,178231.21436421195,9.604264050722122e-10,5.388654330265657e-13
China,Male,65-69 years,Prevalence,2020,520.9592148588,36576834.49020493,derived_proxy_NOT_OFFICIAL,190550.3897803728,190550.38978037436,1.57160684466362e-09,8.247723064093673e-13
China,Male,65-69 years,Prevalence,2021,523.19433138617,37987233.3401345,derived_proxy_NOT_OFFICIAL,198747.05148601995,198747.05148602097,1.0186340659856796e-09,5.125278882727633e-13
China,Male,65-69 years,Prevalence,2022,525.01813720553,38482612.79962224,derived_proxy_NOT_OFFICIAL,202040.69686859247,202040.6968685935,1.0477378964424133e-09,5.185776492960046e-13
China,Male,65-69 years,Prevalence,2023,522.2113367308,37699359.74912062,derived_proxy_NOT_OFFICIAL,196870.3304848372,196870.33048483595,-1.2514647096395493e-09,-6.356796915805128e-13
China,Male,70+ years,Prevalence,1990,366.63190196232,16501533.547751429,derived_proxy_NOT_OFFICIAL,60499.88629907202,60499.88629907136,-6.621121428906918e-10,-1.094402292952487e-12
China,Male,70+ years,Prevalence,1991,366.07952033992,17128764.805440888,derived_proxy_NOT_OFFICIAL,62704.900039911096,62704.90003991103,-6.548361852765083e-11,-1.0443142160496405e-13
China,Male,70+ years,Prevalence,1992,365.57726187033,17787943.7614799,derived_proxy_NOT_OFFICIAL,65028.67774625245,65028.677746252404,-4.3655745685100555e-11,-6.713306682237807e-14
China,Male,70+ years,Prevalence,1993,365.27749525637,18450280.94833517,derived_proxy_NOT_OFFICIAL,67394.72411584266,67394.72411584193,-7.275957614183426e-10,-1.079603442203727e-12
China,Male,70+ years,Prevalence,1994,365.30568972757,19154113.563754372,derived_proxy_NOT_OFFICIAL,69971.06666527546,69971.06666527495,-5.093170329928398e-10,-7.278966253712959e-13
China,Male,70+ years,Prevalence,1995,365.07385842395,19919832.673861124,derived_proxy_NOT_OFFICIAL,72722.10173405903,72722.1017340595,4.656612873077393e-10,6.403297982374581e-13
China,Male,70+ years,Prevalence,1996,364.36942509308,20709814.490325578,derived_proxy_NOT_OFFICIAL,75460.23199624316,75460.23199624268,-4.802132025361061e-10,-6.363791759347014e-13
China,Male,70+ years,Prevalence,1997,363.5322789955,21553481.25314992,derived_proxy_NOT_OFFICIAL,78353.86160244465,78353.86160244375,-9.022187441587448e-10,-1.1514668526951012e-12
China,Male,70+ years,Prevalence,1998,362.95953197786,22458438.14753163,derived_proxy_NOT_OFFICIAL,81515.04198981827,81515.04198981797,-3.055902197957039e-10,-3.7488813393959115e-13
China,Male,70+ years,Prevalence,1999,362.61184538919,23412727.779357664,derived_proxy_NOT_OFFICIAL,84897.32425667619,84897.32425667637,1.7462298274040222e-10,2.0568726313735399e-13
China,Male,70+ years,Prevalence,2000,362.25823722455,24435127.80814591,derived_proxy_NOT_OFFICIAL,88518.2632613559,88518.26326135518,-7.130438461899757e-10,-8.055330277828291e-13
China,Male,70+ years,Prevalence,2001,361.87524904411,25454287.777794875,derived_proxy_NOT_OFFICIAL,92112.76728830003,92112.76728829966,-3.7834979593753815e-10,-4.1074631354126664e-13
China,Male,70+ years,Prevalence,2002,361.51589049018,26507902.96313858,derived_proxy_NOT_OFFICIAL,95830.2814474635,95830.28144746326,-2.3283064365386963e-10,-2.4296145241054424e-13
China,Male,70+ years,Prevalence,2003,361.16855701286,27619870.738099955,derived_proxy_NOT_OFFICIAL,99754.28859361286,99754.28859361277,-8.731149137020111e-11,-8.752655409723563e-14
China,Male,70+ years,Prevalence,2004,360.89198268694,28887527.594010875,derived_proxy_NOT_OFFICIAL,104252.77108326196,104252.77108326275,7.8580342233181e-10,7.537482353387273e-13
China,Male,70+ years,Prevalence,2005,360.09581366044,30216308.164561898,derived_proxy_NOT_OFFICIAL,108807.66074332508,108807.66074332513,5.820766091346741e-11,5.3495921625204335e-14
China,Male,70+ years,Prevalence,2006,359.46966178716,31600064.077251885,derived_proxy_NOT_OFFICIAL,113592.6434630222,113592.64346302321,1.0040821507573128e-09,8.839323746208719e-13
China,Male,70+ years,Prevalence,2007,359.0111473588,32962839.75877381,derived_proxy_NOT_OFFICIAL,118340.26922001695,118340.26922001656,-3.92901711165905e-10,-3.3201015491643537e-13
China,Male,70+ years,Prevalence,2008,358.25416091926,34201080.807504356,derived_proxy_NOT_OFFICIAL,122526.79507224198,122526.7950722428,8.294591680169106e-10,6.769614495571031e-13
China,Male,70+ years,Prevalence,2009,356.99026485619004,35429544.17308059,derived_proxy_NOT_OFFICIAL,126480.02358082143,126480.02358082125,-1.8917489796876907e-10,-1.4956899327891513e-13
China,Male,70+ years,Prevalence,2010,355.1308287455,36664038.8669063,derived_proxy_NOT_OFFICIAL,130205.30507961517,130205.30507961659,1.4260876923799515e-09,1.0952608202161639e-12
China,Male,70+ years,Prevalence,2011,352.89728484703,37926062.19234894,derived_proxy_NOT_OFFICIAL,133840.04372619814,133840.0437261954,-2.735760062932968e-09,-2.0440519793385755e-12
China,Male,70+ years,Prevalence,2012,350.67028898783,39255094.77408615,derived_proxy_NOT_OFFICIAL,137655.95428673728,137655.95428673446,-2.8230715543031693e-09,-2.0508168854234323e-12
China,Male,70+ years,Prevalence,2013,348.80409545189,40700206.554468274,derived_proxy_NOT_OFFICIAL,141963.98731936357,141963.98731936392,3.4924596548080444e-10,2.4601025378016276e-13
China,Male,70+ years,Prevalence,2014,346.75621774701,42107634.224995345,derived_proxy_NOT_OFFICIAL,146010.83982134087,146010.83982133935,-1.5133991837501526e-09,-1.0364978282447733e-12
China,Male,70+ years,Prevalence,2015,345.22822637142,43619126.79125077,derived_proxy_NOT_OFFICIAL,150585.53778013925,150585.53778013593,-3.3178366720676422e-09,-2.2032903829794154e-12
China,Male,70+ years,Prevalence,2016,344.92215001355,45396685.99484053,derived_proxy_NOT_OFFICIAL,156583.22536830438,156583.2253683041,-2.9103830456733704e-10,-1.8586812468754338e-13
China,Male,70+ years,Prevalence,2017,345.64676116118,47319908.99504952,derived_proxy_NOT_OFFICIAL,163559.73282580575,163559.73282580654,7.8580342233181e-10,4.80438191451869e-13
China,Male,70+ years,Prevalence,2018,346.6320665862,49067207.32132177,derived_proxy_NOT_OFFICIAL,170082.67475403304,170082.67475403287,-1.7462298274040222e-10,-1.0266947118096255e-13
China,Male,70+ years,Prevalence,2019,349.90664764855,52211937.95936268,derived_proxy_NOT_OFFICIAL,182693.0417859426,182693.0417859467,4.103640094399452e-09,2.2461939733904023e-12
China,Male,70+ years,Prevalence,2020,350.96815396814,54668767.07588561,derived_proxy_NOT_OFFICIAL,191869.96260337945,191869.96260337802,-1.4260876923799515e-09,-7.432573984119979e-13
China,Male,70+ years,Prevalence,2021,353.3684553041,57613970.165288955,derived_proxy_NOT_OFFICIAL,203589.5964124459,203589.59641244658,6.693881005048752e-10,3.287928815128561e-13
China,Male,70+ years,Prevalence,2022,355.6101450568,60522465.00631058,derived_proxy_NOT_OFFICIAL,215224.0256008931,215224.02560089206,-1.0477378964424133e-09,-4.868127029578549e-13
China,Male,70+ years,Prevalence,2023,354.71288344236,63853187.579926156,derived_proxy_NOT_OFFICIAL,226495.4828346153,226495.48283461496,-3.4924596548080444e-10,-1.5419555441457535e-13
China,Female,15-19 years,Prevalence,1990,79.63498754786,61796263.46390657,derived_proxy_NOT_OFFICIAL,49211.44671452358,49211.44671452476,1.178705133497715e-09,2.3951848852064906e-12
China,Female,15-19 years,Prevalence,1991,79.39526053203,59125902.55618613,derived_proxy_NOT_OFFICIAL,46943.16437639833,46943.16437639816,-1.673470251262188e-10,-3.56488590723032e-13
China,Female,15-19 years,Prevalence,1992,79.21646590513001,56107741.03579761,derived_proxy_NOT_OFFICIAL,44446.56954776154,44446.569547761246,-2.9103830456733704e-10,-6.548048758961975e-13
China,Female,15-19 years,Prevalence,1993,79.09792805654,53152124.36711848,derived_proxy_NOT_OFFICIAL,42042.22909242676,42042.22909242604,-7.203198038041592e-10,-1.713324481964524e-12
China,Female,15-19 years,Prevalence,1994,79.04519191826,50737055.65679725,derived_proxy_NOT_OFFICIAL,40105.20301758635,40105.20301758978,3.434251993894577e-09,8.563108363741829e-12
China,Female,15-19 years,Prevalence,1995,79.07760769539,49044530.4442822,derived_proxy_NOT_OFFICIAL,38783.24138077491,38783.24138077559,6.766640581190586e-10,1.7447331219058063e-12
China,Female,15-19 years,Prevalence,1996,79.25882235963999,47944575.83326172,derived_proxy_NOT_OFFICIAL,38000.3061907691,38000.30619076779,-1.3096723705530167e-09,-3.446478467773919e-12
China,Female,15-19 years,Prevalence,1997,79.54992913512,47341073.73786944,derived_proxy_NOT_OFFICIAL,37659.79061027895,37659.79061028004,1.0913936421275139e-09,2.898034281235824e-12
China,Female,15-19 years,Prevalence,1998,79.86495184243,47460112.425857455,derived_proxy_NOT_OFFICIAL,37903.99593327089,37903.99593327419,3.3032847568392754e-09,8.714872074845702e-12
China,Female,15-19 years,Prevalence,1999,80.12756393917999,48512200.55640106,derived_proxy_NOT_OFFICIAL,38871.64451913615,38871.64451913349,-2.6557245291769505e-09,-6.832035438761954e-12
China,Female,15-19 years,Prevalence,2000,80.26439937349001,50578077.710189365,derived_proxy_NOT_OFFICIAL,40596.19028873926,40596.19028874052,1.2660166248679161e-09,3.1185601798183736e-12
China,Female,15-19 years,Prevalence,2001,80.20223668799001,53648147.67386716,derived_proxy_NOT_OFFICIAL,43027.01437611496,43027.014376117346,2.3865140974521637e-09,5.5465482140842175e-12
China,Female,15-19 years,Prevalence,2002,79.94913698645,57115473.84062582,derived_proxy_NOT_OFFICIAL,45663.32842130126,45663.32842130196,6.984919309616089e-10,1.5296561926391964e-12
China,Female,15-19 years,Prevalence,2003,79.5697360402,60235739.03710461,derived_proxy_NOT_OFFICIAL,47929.41855368835,47929.41855368784,-5.093170329928398e-10,-1.0626397072235001e-12
China,Female,15-19 years,Prevalence,2004,79.13423249967,62357017.06363928,derived_proxy_NOT_OFFICIAL,49345.74686299625,49345.74686299921,2.954038791358471e-09,5.986410134920193e-12
China,Female,15-19 years,Prevalence,2005,78.71376266457,62996041.29626687,derived_proxy_NOT_OFFICIAL,49586.55443401988,49586.55443401801,-1.8699211068451405e-09,-3.771024480705282e-12
China,Female,15-19 years,Prevalence,2006,78.19648625587,61835224.167568624,derived_proxy_NOT_OFFICIAL,48352.97256747633,48352.9725674792,2.86672729998827e-09,5.928750907687767e-12
China,Female,15-19 years,Prevalence,2007,77.53195298122,59316291.05912571,derived_proxy_NOT_OFFICIAL,45989.07889416388,45989.078894164944,1.0622898116707802e-09,2.3098740770943927e-12
China,Female,15-19 years,Prevalence,2008,76.84320853167999,55877808.87527764,derived_proxy_NOT_OFFICIAL,42938.30119696185,42938.301196963184,1.331500243395567e-09,3.1009616269815975e-12
China,Female,15-19 years,Prevalence,2009,76.25152862931,51957905.84769013,derived_proxy_NOT_OFFICIAL,39618.697452641005,39618.697452641376,3.710738383233547e-10,9.366129180973836e-13
China,Female,15-19 years,Prevalence,2010,75.8802623344,48088420.7858348,derived_proxy_NOT_OFFICIAL,36489.61984476136,36489.61984476158,2.255546860396862e-10,6.18133833674532e-13
China,Female,15-19 years,Prevalence,2011,75.70185924319,44792437.2122288,derived_proxy_NOT_OFFICIAL,33908.70776999652,33908.7077699957,-8.221832104027271e-10,-2.424696381766044e-12
China,Female,15-19 years,Prevalence,2012,75.59177358759,42050174.39649069,derived_proxy_NOT_OFFICIAL,31786.47262298095,31786.472622981983,1.0331859812140465e-09,3.2503952026028668e-12
China,Female,15-19 years,Prevalence,2013,75.55604691208,39723738.87166913,derived_proxy_NOT_OFFICIAL,30013.68677710988,30013.686777110484,6.039044819772243e-10,2.0120969691660665e-12
China,Female,15-19 years,Prevalence,2014,75.60511122615,37737124.489577964,derived_proxy_NOT_OFFICIAL,28531.19494389752,28531.194943896113,-1.407897798344493e-09,-4.934591071677582e-12
China,Female,15-19 years,Prevalence,2015,75.7503092129,36086983.05742185,derived_proxy_NOT_OFFICIAL,27336.00125160421,27336.001251603884,-3.2741809263825417e-10,-1.1977541617175617e-12
China,Female,15-19 years,Prevalence,2016,75.98789110893999,34802584.9587908,derived_proxy_NOT_OFFICIAL,26445.750361582865,26445.750361582282,-5.820766091346741e-10,-2.2010213405789514e-12
China,Female,15-19 years,Prevalence,2017,76.26875957598,33930977.18811874,derived_proxy_NOT_OFFICIAL,25878.73541338756,25878.7354133869,-6.584741640836e-10,-2.544460359307043e-12
China,Female,15-19 years,Prevalence,2018,76.54115543482,33463613.979658544,derived_proxy_NOT_OFFICIAL,25613.436790276377,25613.436790278603,2.2264430299401283e-09,8.692480623238161e-12
China,Female,15-19 years,Prevalence,2019,76.75916763589,33415818.955237836,derived_proxy_NOT_OFFICIAL,25649.704488756663,25649.704488756513,-1.4915713109076023e-10,-5.815159825959868e-13
China,Female,15-19 years,Prevalence,2020,76.88509437396999,33812915.86969583,derived_proxy_NOT_OFFICIAL,25997.09227700858,25997.09227700671,-1.8699211068451405e-09,-7.19280866844816e-12
China,Female,15-19 years,Prevalence,2021,76.85372075919,34669430.31894393,derived_proxy_NOT_OFFICIAL,26644.747166124343,26644.747166123125,-1.2187229003757238e-09,-4.573970594568773e-12
China,Female,15-19 years,Prevalence,2022,76.84077587979,35927424.8132707,derived_proxy_NOT_OFFICIAL,27606.91198014342,27606.911980145404,1.9826984498649836e-09,7.1818914454867736e-12
China,Female,15-19 years,Prevalence,2023,77.65948284302,37469550.065319404,derived_proxy_NOT_OFFICIAL,29098.65880433331,29098.65880433351,2.000888343900442e-10,6.876221881410129e-13
China,Female,20-24 years,Prevalence,1990,240.86798190619,64663632.694886245,derived_proxy_NOT_OFFICIAL,155753.98709940191,155753.98709940375,1.8335413187742233e-09,1.177203455860209e-12
China,Female,20-24 years,Prevalence,1991,241.05984882988,63880680.527626336,derived_proxy_NOT_OFFICIAL,153990.67191139335,153990.67191139463,1.280568540096283e-09,8.315883840244074e-13
China,Female,20-24 years,Prevalence,1992,241.28546699275,62701919.48230104,derived_proxy_NOT_OFFICIAL,151290.61923628833,151290.61923628816,-1.7462298274040222e-10,-1.1542221429318958e-13
China,Female,20-24 years,Prevalence,1993,241.54652899596,61437341.124606,derived_proxy_NOT_OFFICIAL,148399.76499389272,148399.76499389327,5.529727786779404e-10,3.7262375631167446e-13
China,Female,20-24 years,Prevalence,1994,241.8152942346,59946444.186088085,derived_proxy_NOT_OFFICIAL,144959.6703917678,144959.67039176915,1.3387762010097504e-09,9.235508037453283e-13
China,Female,20-24 years,Prevalence,1995,242.05779224427,58053509.86939469,derived_proxy_NOT_OFFICIAL,140523.0443101658,140523.04431016618,3.7834979593753815e-10,2.692439505526478e-13
China,Female,20-24 years,Prevalence,1996,242.35193130638,55698481.76047139,derived_proxy_NOT_OFFICIAL,134986.3462548337,134986.3462548342,4.94765117764473e-10,3.665297502240942e-13
China,Female,20-24 years,Prevalence,1997,242.73652577068,53041790.22617623,derived_proxy_NOT_OFFICIAL,128751.79880159136,128751.79880159229,9.313225746154785e-10,7.233472334244137e-13
China,Female,20-24 years,Prevalence,1998,243.14879588402,50439997.30828879,derived_proxy_NOT_OFFICIAL,122644.24609903558,122644.24609903629,7.130438461899757e-10,5.813920088955424e-13
China,Female,20-24 years,Prevalence,1999,243.5242777887,48336616.628590204,derived_proxy_NOT_OFFICIAL,117711.39655226668,117711.39655226696,2.764863893389702e-10,2.348849792264622e-13
China,Female,20-24 years,Prevalence,2000,243.83052755977,46914858.7391842,derived_proxy_NOT_OFFICIAL,114392.74756767256,114392.74756767368,1.1204974725842476e-09,9.795179295972262e-13
China,Female,20-24 years,Prevalence,2001,243.843584868,46070421.866135836,derived_proxy_NOT_OFFICIAL,112339.76824219777,112339.76824219656,-1.2078089639544487e-09,-1.0751392697824383e-12
China,Female,20-24 years,Prevalence,2002,243.40934697061,45749129.952482894,derived_proxy_NOT_OFFICIAL,111357.65846207288,111357.65846207435,1.469743438065052e-09,1.3198404657238995e-12
China,Female,20-24 years,Prevalence,2003,242.74950495212,46194080.73240049,derived_proxy_NOT_OFFICIAL,112135.90229508412,112135.90229508484,7.275957614183426e-10,6.488517473232473e-13
China,Female,20-24 years,Prevalence,2004,242.12041759655003,47623767.30352108,derived_proxy_NOT_OFFICIAL,115306.86427049486,115306.8642704945,-3.637978807091713e-10,-3.1550409683828443e-13
China,Female,20-24 years,Prevalence,2005,241.8018376106,50110163.70838763,derived_proxy_NOT_OFFICIAL,121167.2966765605,121167.29667656127,7.712515071034431e-10,6.365178792114125e-13
China,Female,20-24 years,Prevalence,2006,241.7803360766,53596369.39210484,derived_proxy_NOT_OFFICIAL,129585.48204108684,129585.48204108707,2.3283064365386963e-10,1.796734016701404e-13
China,Female,20-24 years,Prevalence,2007,241.75546212275,57439156.500632964,derived_proxy_NOT_OFFICIAL,138862.2982375164,138862.29823751483,-1.57160684466362e-09,-1.1317736092596365e-12
China,Female,20-24 years,Prevalence,2008,241.63349010624,60847078.61734612,derived_proxy_NOT_OFFICIAL,147026.91969078366,147026.91969078113,-2.5320332497358322e-09,-1.7221562249015492e-12
China,Female,20-24 years,Prevalence,2009,241.33860242129,63122668.6887839,derived_proxy_NOT_OFFICIAL,152339.36642453296,152339.3664245323,-6.693881005048752e-10,-4.3940585825954697e-13
China,Female,20-24 years,Prevalence,2010,240.80318411318,63750070.81096414,derived_proxy_NOT_OFFICIAL,153512.20038721024,153512.2003872086,-1.6298145055770874e-09,-1.0616840234627203e-12
China,Female,20-24 years,Prevalence,2011,239.82965718797,62406184.10357879,derived_proxy_NOT_OFFICIAL,149668.53739970273,149668.53739970646,3.725290298461914e-09,2.4890269947071142e-12
China,Female,20-24 years,Prevalence,2012,238.52793515717,59549375.53855698,derived_proxy_NOT_OFFICIAL,142041.89587111003,142041.89587110883,-1.1932570487260818e-09,-8.400740087339112e-13
China,Female,20-24 years,Prevalence,2013,237.18899373116,55695793.590577364,derived_proxy_NOT_OFFICIAL,132104.2923680746,132104.29236807436,-2.3283064365386963e-10,-1.7624759913564883e-13
China,Female,20-24 years,Prevalence,2014,236.08998504802,51381084.38089691,derived_proxy_NOT_OFFICIAL,121305.59443236692,121305.59443237005,3.128661774098873e-09,2.579157036193608e-12
China,Female,20-24 years,Prevalence,2015,235.49984121019,47230493.27191245,derived_proxy_NOT_OFFICIAL,111227.7366581436,111227.73665814329,-3.2014213502407074e-10,-2.878258109378074e-13
China,Female,20-24 years,Prevalence,2016,235.48480467413,43836190.79419997,derived_proxy_NOT_OFFICIAL,103227.5682682985,103227.56826830076,2.255546860396862e-09,2.185023727900357e-12
China,Female,20-24 years,Prevalence,2017,235.80276442319,41113514.33254525,derived_proxy_NOT_OFFICIAL,96946.8033476637,96946.80334766614,2.4301698431372643e-09,2.5067044597874595e-12
China,Female,20-24 years,Prevalence,2018,236.32876053677,38874362.75846508,derived_proxy_NOT_OFFICIAL,91871.29967364587,91871.29967364825,2.371962182223797e-09,2.5818315302490666e-12
China,Female,20-24 years,Prevalence,2019,236.94447489585,37000427.27526101,derived_proxy_NOT_OFFICIAL,87670.46811658783,87670.46811658806,2.3283064365386963e-10,2.6557476953840574e-13
China,Female,20-24 years,Prevalence,2020,237.52718090211,35451003.18540919,derived_proxy_NOT_OFFICIAL,84205.76846781994,84205.76846781967,-2.764863893389702e-10,-3.2834613871451354e-13
China,Female,20-24 years,Prevalence,2021,237.9655616093,34224560.90659714,derived_proxy_NOT_OFFICIAL,81442.66856970008,81442.6685697008,7.275957614183426e-10,8.933839892484039e-13
China,Female,20-24 years,Prevalence,2022,238.44248488802,33387627.22082627,derived_proxy_NOT_OFFICIAL,79610.28799048711,79610.28799048712,1.4551915228366852e-11,1.8278938056480473e-14
China,Female,20-24 years,Prevalence,2023,239.84696818256,32946413.46019198,derived_proxy_NOT_OFFICIAL,79020.97380916183,79020.97380916133,-5.093170329928398e-10,-6.445339869170135e-13
China,Female,25-29 years,Prevalence,1990,379.75976484954,53595033.365452275,derived_proxy_NOT_OFFICIAL,203532.3726796744,203532.37267967404,-3.4924596548080444e-10,-1.7159234223169925e-13
China,Female,25-29 years,Prevalence,1991,379.20728410486,57955566.76128641,derived_proxy_NOT_OFFICIAL,219771.73070305405,219771.73070305312,-9.313225746154785e-10,-4.237681396220339e-13
China,Female,25-29 years,Prevalence,1992,378.74050422161,61187479.08531362,derived_proxy_NOT_OFFICIAL,231741.7668082096,231741.76680820895,-6.402842700481415e-10,-2.7629213277641197e-13
China,Female,25-29 years,Prevalence,1993,378.34212806606,62771621.02135896,derived_proxy_NOT_OFFICIAL,237491.48679377377,237491.48679377174,-2.0372681319713593e-09,-8.578278571056424e-13
China,Female,25-29 years,Prevalence,1994,378.06860971701,63172481.6080246,derived_proxy_NOT_OFFICIAL,238835.3229391912,238835.32293919247,1.280568540096283e-09,5.361721726657337e-13
China,Female,25-29 years,Prevalence,1995,377.92727682424,62800091.56900246,derived_proxy_NOT_OFFICIAL,237338.67590986,237338.67590986012,1.1641532182693481e-10,4.9050295482034605e-14
China,Female,25-29 years,Prevalence,1996,377.98815777638,61922645.67891607,derived_proxy_NOT_OFFICIAL,234060.26764812972,234060.26764813,2.6193447411060333e-10,1.1190898683597927e-13
China,Female,25-29 years,Prevalence,1997,378.36555447602,60972040.95658209,derived_proxy_NOT_OFFICIAL,230697.20084071576,230697.20084071785,2.0954757928848267e-09,9.083230248344634e-13
China,Female,25-29 years,Prevalence,1998,378.88560686248,60111470.56840821,derived_proxy_NOT_OFFICIAL,227753.71005707447,227753.7100570745,2.9103830456733704e-11,1.2778641651738785e-14
China,Female,25-29 years,Prevalence,1999,379.3746045045101,59083653.73031867,derived_proxy_NOT_OFFICIAL,224148.37766620755,224148.3776662107,3.14321368932724e-09,1.4022915187046248e-12
China,Female,25-29 years,Prevalence,2000,379.65531460871,57613619.09880635,derived_proxy_NOT_OFFICIAL,218733.1668470369,218733.1668470371,2.0372681319713593e-10,9.313942468523985e-14
China,Female,25-29 years,Prevalence,2001,379.48214705902,55562570.695672125,derived_proxy_NOT_OFFICIAL,210850.03623712223,210850.03623712246,2.3283064365386963e-10,1.1042475866213652e-13
China,Female,25-29 years,Prevalence,2002,378.88683400835,53117323.57987939,derived_proxy_NOT_OFFICIAL,201254.54562177503,201254.54562177573,6.984919309616089e-10,3.4706889665702763e-13
China,Female,25-29 years,Prevalence,2003,378.1681489583,50661917.83899528,derived_proxy_NOT_OFFICIAL,191587.23691850185,191587.23691850321,1.367880031466484e-09,7.139724198060012e-13
China,Female,25-29 years,Prevalence,2004,377.61820829111,48668201.34711155,derived_proxy_NOT_OFFICIAL,183779.98993447275,183779.9899344725,-2.3283064365386963e-10,-1.2668987724772757e-13
China,Female,25-29 years,Prevalence,2005,377.57631157977,47336706.61194,derived_proxy_NOT_OFFICIAL,178732.19084869817,178732.19084870015,1.979060471057892e-09,1.1072770168935165e-12
China,Female,25-29 years,Prevalence,2006,378.14110915467,46558493.99877336,derived_proxy_NOT_OFFICIAL,176056.80561267256,176056.80561267203,-5.238689482212067e-10,-2.9755677231457087e-13
China,Female,25-29 years,Prevalence,2007,378.93304037136,46274721.10457443,derived_proxy_NOT_OFFICIAL,175350.20760493012,175350.20760493126,1.1350493878126144e-09,6.473042737251379e-13
China,Female,25-29 years,Prevalence,2008,379.7502376988,46722952.64972362,derived_proxy_NOT_OFFICIAL,177430.52374722384,177430.5237472232,-6.402842700481415e-10,-3.6086478049308e-13
China,Female,25-29 years,Prevalence,2009,380.41464294755,48126586.27388618,derived_proxy_NOT_OFFICIAL,183080.5813366493,183080.58133664876,-5.529727786779404e-10,-3.020379193908784e-13
China,Female,25-29 years,Prevalence,2010,380.76640274826,50562088.737522006,derived_proxy_NOT_OFFICIAL,192523.4464402444,192523.44644024567,1.2514647096395493e-09,6.500323637349698e-13
China,Female,25-29 years,Prevalence,2011,380.78538248668,53963867.06561394,derived_proxy_NOT_OFFICIAL,205486.5176104014,205486.5176104016,2.0372681319713593e-10,9.91436399654201e-14
China,Female,25-29 years,Prevalence,2012,380.53500527254,57626222.25170167,derived_proxy_NOT_OFFICIAL,219287.9478838813,219287.94788387854,-2.764863893389702e-09,-1.260837141334265e-12
China,Female,25-29 years,Prevalence,2013,380.05834575925,60706767.597969085,derived_proxy_NOT_OFFICIAL,230721.1366967525,230721.1366967537,1.1932570487260818e-09,5.171858399321407e-13
China,Female,25-29 years,Prevalence,2014,379.40979986403,62486393.5245924,derived_proxy_NOT_OFFICIAL,237079.50061390584,237079.50061390622,3.7834979593753815e-10,1.5958773110193826e-13
China,Female,25-29 years,Prevalence,2015,378.64336936928,62476429.67089323,derived_proxy_NOT_OFFICIAL,236562.85836749652,236562.8583674987,2.1827872842550278e-09,9.227092111239642e-13
China,Female,25-29 years,Prevalence,2016,377.63411912474,60437996.972678244,derived_proxy_NOT_OFFICIAL,228234.4974844095,228234.4974844105,9.89530235528946e-10,4.3355857525286676e-13
China,Female,25-29 years,Prevalence,2017,376.45480463421,56979362.769863695,derived_proxy_NOT_OFFICIAL,214501.5487971066,214501.54879710815,1.5425030142068863e-09,7.191104320024812e-13
China,Female,25-29 years,Prevalence,2018,375.31487415077,52712314.37483065,derived_proxy_NOT_OFFICIAL,197837.1563578517,197837.15635785388,2.1827872842550278e-09,1.1033252420524886e-12
China,Female,25-29 years,Prevalence,2019,374.41041662884,48210372.4859419,derived_proxy_NOT_OFFICIAL,180504.6564829317,180504.65648293073,-9.604264050722122e-10,-5.320784647807848e-13
China,Female,25-29 years,Prevalence,2020,373.92817206674,44085147.16580543,derived_proxy_NOT_OFFICIAL,164846.78495002954,164846.78495002846,-1.076841726899147e-09,-6.532379307400948e-13
China,Female,25-29 years,Prevalence,2021,374.44715822902,40883258.12197943,derived_proxy_NOT_OFFICIAL,153086.19822918696,153086.19822918696,0.0,0.0
China,Female,25-29 years,Prevalence,2022,375.19170781652,38411810.153980605,derived_proxy_NOT_OFFICIAL,144117.9265199603,144117.9265199593,-1.0186340659856796e-09,-7.068059405119175e-13
China,Female,25-29 years,Prevalence,2023,373.84683788074,36427218.19631554,derived_proxy_NOT_OFFICIAL,136182.00335484123,136182.00335484318,1.949956640601158e-09,1.431875425947637e-12
China,Female,30-34 years,Prevalence,1990,454.76000599208,42338691.994530685,derived_proxy_NOT_OFFICIAL,192539.4382512954,192539.43825129603,6.402842700481415e-10,3.325470749595031e-13
China,Female,30-34 years,Prevalence,1991,453.25026595002,41427170.0021604,derived_proxy_NOT_OFFICIAL,187768.7582103591,187768.75821035894,-1.7462298274040222e-10,-9.299895488725043e-14
China,Female,30-34 years,Prevalence,1992,451.88221374456,42292965.59781191,derived_proxy_NOT_OFFICIAL,191114.3892016161,191114.38920161763,1.5133991837501526e-09,7.918813387481736e-13
China,Female,30-34 years,Prevalence,1993,450.90875873034,45367493.24272607,derived_proxy_NOT_OFFICIAL,204566.00064784585,204566.00064784702,1.1641532182693481e-09,5.6908441020627e-13
China,Female,30-34 years,Prevalence,1994,450.28170531476,49638863.690028556,derived_proxy_NOT_OFFICIAL,223514.721922332,223514.7219223298,-2.2118911147117615e-09,-9.895952694697041e-13
China,Female,30-34 years,Prevalence,1995,449.99638334997,54156956.481504485,derived_proxy_NOT_OFFICIAL,243704.345499187,243704.34549918736,3.4924596548080444e-10,1.4330723761426302e-13
China,Female,30-34 years,Prevalence,1996,450.34935998353,58185270.54355438,derived_proxy_NOT_OFFICIAL,262036.99349757904,262036.99349758256,3.521563485264778e-09,1.3439184438274033e-12
China,Female,30-34 years,Prevalence,1997,451.29519854596,61121250.860686764,derived_proxy_NOT_OFFICIAL,275837.2704255091,275837.2704255106,1.5133991837501526e-09,5.486565254273178e-13
China,Female,30-34 years,Prevalence,1998,452.39645622767,62485074.54062192,derived_proxy_NOT_OFFICIAL,282680.2628929927,282680.26289299165,-1.0477378964424133e-09,-3.706441637345688e-13
China,Female,30-34 years,Prevalence,1999,453.3084047215201,62768411.3591827,derived_proxy_NOT_OFFICIAL,284534.4842013524,284534.4842013525,1.1641532182693481e-10,4.0914310317674135e-14
China,Female,30-34 years,Prevalence,2000,453.64985207552,62403849.5083336,derived_proxy_NOT_OFFICIAL,283094.97098398284,283094.9709839855,2.6775524020195007e-09,9.45814188331517e-13
China,Female,30-34 years,Prevalence,2001,453.25263985407,61684283.04816845,derived_proxy_NOT_OFFICIAL,279585.64129087725,279585.6412908801,2.852175384759903e-09,1.0201437282655504e-12
China,Female,30-34 years,Prevalence,2002,452.56477600154005,60961206.00839351,derived_proxy_NOT_OFFICIAL,275888.945419725,275888.94541972346,-1.5133991837501526e-09,-5.48553760081882e-13
China,Female,30-34 years,Prevalence,2003,451.80659879244,60335390.16302041,derived_proxy_NOT_OFFICIAL,272599.2741636925,272599.2741636909,-1.57160684466362e-09,-5.765264230747326e-13
China,Female,30-34 years,Prevalence,2004,451.17983593075,59507782.062831506,derived_proxy_NOT_OFFICIAL,268487.1134771099,268487.11347711144,1.57160684466362e-09,5.853565276597936e-13
China,Female,30-34 years,Prevalence,2005,450.87611977244,58184344.319777474,derived_proxy_NOT_OFFICIAL,262339.3139840486,262339.3139840488,1.7462298274040222e-10,6.65637872145309e-14
China,Female,30-34 years,Prevalence,2006,450.89712762656,56231549.91548745,derived_proxy_NOT_OFFICIAL,253546.4433888258,253546.44338882825,2.444721758365631e-09,9.642106296937998e-13
China,Female,30-34 years,Prevalence,2007,451.06557860616,53836893.43708356,derived_proxy_NOT_OFFICIAL,242839.6948855622,242839.6948855627,4.94765117764473e-10,2.0374145091791118e-13
China,Female,30-34 years,Prevalence,2008,451.37760043205,51386285.36530737,derived_proxy_NOT_OFFICIAL,231946.1818330885,231946.18183309006,1.5425030142068863e-09,6.65026258253689e-13
China,Female,30-34 years,Prevalence,2009,451.81280563203,49357613.947071046,derived_proxy_NOT_OFFICIAL,223004.0203672865,223004.02036728783,1.3387762010097504e-09,6.003372489898581e-13
China,Female,30-34 years,Prevalence,2010,452.3793692235601,47951620.653503194,derived_proxy_NOT_OFFICIAL,216923.23904479243,216923.23904479214,-2.9103830456733704e-10,-1.3416649403213116e-13
China,Female,30-34 years,Prevalence,2011,453.15298953947,47052272.57158744,derived_proxy_NOT_OFFICIAL,213218.77980440907,213218.77980440858,-4.94765117764473e-10,-2.320457504814226e-13
China,Female,30-34 years,Prevalence,2012,453.99631744631006,46612727.60973961,derived_proxy_NOT_OFFICIAL,211620.0668094989,211620.06680949725,-1.6589183360338211e-09,-7.839135300562895e-13
China,Female,30-34 years,Prevalence,2013,454.77257823371,46880006.62092115,derived_proxy_NOT_OFFICIAL,213197.4147860972,213197.41478609707,-1.1641532182693481e-10,-5.4604471608502064e-14
China,Female,30-34 years,Prevalence,2014,455.38447793916,48073688.77104999,derived_proxy_NOT_OFFICIAL,218920.1166361408,218920.11663614257,1.775333657860756e-09,8.109504439975582e-13
China,Female,30-34 years,Prevalence,2015,455.77006298381,50257112.15690745,derived_proxy_NOT_OFFICIAL,229056.87173138265,229056.8717313811,-1.5425030142068863e-09,-6.734148609240571e-13
China,Female,30-34 years,Prevalence,2016,455.86095244393,53352155.1987845,derived_proxy_NOT_OFFICIAL,243211.6428385428,243211.64283854276,-2.9103830456733704e-11,-1.1966462673028536e-14
China,Female,30-34 years,Prevalence,2017,455.60061708139,56665929.26134114,derived_proxy_NOT_OFFICIAL,258170.3233895753,258170.32338957416,-1.1350493878126144e-09,-4.3965137933372816e-13
China,Female,30-34 years,Prevalence,2018,455.04361486805,59394534.58820323,derived_proxy_NOT_OFFICIAL,270271.03722421447,270271.03722421423,-2.3283064365386963e-10,-8.61470936897746e-14
China,Female,30-34 years,Prevalence,2019,454.27115912266,60870948.985871404,derived_proxy_NOT_OFFICIAL,276519.1655270806,276519.16552708106,4.656612873077393e-10,1.684010894579874e-13
China,Female,30-34 years,Prevalence,2020,453.37269552924,60654564.70129019,derived_proxy_NOT_OFFICIAL,274991.23494776344,274991.2349477663,2.852175384759903e-09,1.0371877435663336e-12
China,Female,30-34 years,Prevalence,2021,452.76086630904,58534842.42888312,derived_proxy_NOT_OFFICIAL,265022.85967364133,265022.8596736427,1.3969838619232178e-09,5.271182507212826e-13
China,Female,30-34 years,Prevalence,2022,451.72288321692,55121181.58570029,derived_proxy_NOT_OFFICIAL,248994.9907221581,248994.99072215936,1.2514647096395493e-09,5.026063801564588e-13
China,Female,30-34 years,Prevalence,2023,446.13393855648,50991728.29390372,derived_proxy_NOT_OFFICIAL,227491.40577561167,227491.4057756117,2.9103830456733704e-11,1.2793375801387656e-14
China,Female,35-39 years,Prevalence,1990,489.44947890638,44223891.49821174,derived_proxy_NOT_OFFICIAL,216453.60649011983,216453.6064901203,4.656612873077393e-10,2.1513214533988126e-13
China,Female,35-39 years,Prevalence,1991,488.27604248307,45779072.15871413,derived_proxy_NOT_OFFICIAL,223528.2418220373,223528.24182203828,9.89530235528946e-10,4.4268689605529287e-13
China,Female,35-39 years,Prevalence,1992,487.51451299492,46232752.05157849,derived_proxy_NOT_OFFICIAL,225391.3760084037,225391.37600840177,-1.9208528101444244e-09,-8.522299495934599e-13
China,Female,35-39 years,Prevalence,1993,487.04400626796,45125553.11016169,derived_proxy_NOT_OFFICIAL,219781.30171830475,219781.30171830754,2.7939677238464355e-09,1.2712490562220274e-12
China,Female,35-39 years,Prevalence,1994,486.85592441369,43092175.68284768,derived_proxy_NOT_OFFICIAL,209796.8102707011,209796.81027069938,-1.7171259969472885e-09,-8.184709742401129e-13
China,Female,35-39 years,Prevalence,1995,486.80940440426,41110939.532464676,derived_proxy_NOT_OFFICIAL,200131.919882986,200131.91988298675,7.566995918750763e-10,3.7810040113416524e-13
China,Female,35-39 years,Prevalence,1996,487.08362176914005,40263706.305094615,derived_proxy_NOT_OFFICIAL,196117.91892934352,196117.91892934445,9.313225746154785e-10,4.748788788397308e-13
China,Female,35-39 years,Prevalence,1997,487.82431299995,41244398.504208505,derived_proxy_NOT_OFFICIAL,201200.20365411573,201200.20365411678,1.0477378964424133e-09,5.207439542375338e-13
China,Female,35-39 years,Prevalence,1998,488.92332042563,44430543.5151472,derived_proxy_NOT_OFFICIAL,217231.2886374108,217231.2886374121,1.3096723705530167e-09,6.028930633188122e-13
China,Female,35-39 years,Prevalence,1999,489.91673064007,48801431.45460871,derived_proxy_NOT_OFFICIAL,239086.3774879748,239086.37748797375,-1.0477378964424133e-09,-4.382256770338623e-13
China,Female,35-39 years,Prevalence,2000,490.38306460705,53405574.76601325,derived_proxy_NOT_OFFICIAL,261891.8942085835,261891.89420858517,1.6880221664905548e-09,6.445492219572598e-13
China,Female,35-39 years,Prevalence,2001,490.38245908842,57498962.399665594,derived_proxy_NOT_OFFICIAL,281964.8257658068,281964.82576580613,-6.402842700481415e-10,-2.2707948351683632e-13
China,Female,35-39 years,Prevalence,2002,490.19009920604,60513128.73629689,derived_proxy_NOT_OFFICIAL,296629.36578513135,296629.3657851324,1.0477378964424133e-09,3.5321448827873656e-13
China,Female,35-39 years,Prevalence,2003,489.8252880601101,61985326.89593741,derived_proxy_NOT_OFFICIAL,303619.80602302874,303619.80602302635,-2.3865140974521637e-09,-7.86020559301442e-13
China,Female,35-39 years,Prevalence,2004,489.4107574151601,62392911.302634716,derived_proxy_NOT_OFFICIAL,305357.61977959285,305357.6197795936,7.566995918750763e-10,2.478076664408316e-13
China,Female,35-39 years,Prevalence,2005,489.0233163504301,62149244.22741715,derived_proxy_NOT_OFFICIAL,303924.2952076409,303924.2952076436,2.6775524020195007e-09,8.809932092431763e-13
China,Female,35-39 years,Prevalence,2006,488.49384918497,61521519.08099541,derived_proxy_NOT_OFFICIAL,300528.83663581987,300528.8366358202,3.4924596548080444e-10,1.1621046731832256e-13
China,Female,35-39 years,Prevalence,2007,487.93923598796,60856364.57345164,derived_proxy_NOT_OFFICIAL,296942.0803497491,296942.08034974744,-1.6880221664905548e-09,-5.684684920717001e-13
China,Female,35-39 years,Prevalence,2008,487.50760259241,60246557.2887892,derived_proxy_NOT_OFFICIAL,293706.54708303866,293706.54708303907,4.0745362639427185e-10,1.3872813883140093e-13
China,Female,35-39 years,Prevalence,2009,487.28863507651,59387397.08466455,derived_proxy_NOT_OFFICIAL,289388.0366613272,289388.036661329,1.8044374883174896e-09,6.235356199016739e-13
China,Female,35-39 years,Prevalence,2010,487.34593237246,57983764.98734608,derived_proxy_NOT_OFFICIAL,282581.52010223863,282581.52010223776,-8.731149137020111e-10,-3.08978065298154e-13
China,Female,35-39 years,Prevalence,2011,487.81607971443,55906995.29995221,derived_proxy_NOT_OFFICIAL,272723.3127583572,272723.3127583575,2.9103830456733704e-10,1.0671559450629276e-13
China,Female,35-39 years,Prevalence,2012,488.63561526224,53363328.051056206,derived_proxy_NOT_OFFICIAL,260752.2263466837,260752.226346686,2.2992026060819626e-09,8.817576126943794e-13
China,Female,35-39 years,Prevalence,2013,489.6434261638,50753278.30153735,derived_proxy_NOT_OFFICIAL,248510.0907660958,248510.09076609596,1.7462298274040222e-10,7.026796465370171e-14
China,Female,35-39 years,Prevalence,2014,490.64642669759,48556913.54746287,derived_proxy_NOT_OFFICIAL,238242.7612352644,238242.7612352646,2.0372681319713593e-10,8.551227837556667e-14
China,Female,35-39 years,Prevalence,2015,491.47585817915,46976109.70396685,derived_proxy_NOT_OFFICIAL,230876.23830674976,230876.23830675002,2.6193447411060333e-10,1.134523310114697e-13
China,Female,35-39 years,Prevalence,2016,492.03506133902,45906857.56850934,derived_proxy_NOT_OFFICIAL,225877.83479602807,225877.83479603144,3.3760443329811096e-09,1.4946328558664205e-12
China,Female,35-39 years,Prevalence,2017,492.26604013411,45308325.531191394,derived_proxy_NOT_OFFICIAL,223037.49994346767,223037.49994346788,2.0372681319713593e-10,9.134195516394044e-14
China,Female,35-39 years,Prevalence,2018,492.24889075755,45425704.19898498,derived_proxy_NOT_OFFICIAL,223607.5250383072,223607.52503830937,2.153683453798294e-09,9.631533882544145e-13
China,Female,35-39 years,Prevalence,2019,492.1219173058,46473650.28885258,derived_proxy_NOT_OFFICIAL,228707.01884349223,228707.0188434938,1.57160684466362e-09,6.871703599700606e-13
China,Female,35-39 years,Prevalence,2020,492.06999653345,48516962.35283063,derived_proxy_NOT_OFFICIAL,238737.41496770992,238737.41496770896,-9.604264050722122e-10,-4.022940456158132e-13
China,Female,35-39 years,Prevalence,2021,492.26999548738,51489841.345391914,derived_proxy_NOT_OFFICIAL,253469.03966741904,253469.0396674199,8.440110832452774e-10,3.3298389592382503e-13
China,Female,35-39 years,Prevalence,2022,492.06875119032,54714848.68512598,derived_proxy_NOT_OFFICIAL,269234.67264057265,269234.6726405726,-5.820766091346741e-11,-2.161967488904166e-14
China,Female,35-39 years,Prevalence,2023,487.93308127256,57409404.70681161,derived_proxy_NOT_OFFICIAL,280119.4773261815,280119.47732618,-1.5133991837501526e-09,-5.40269173067139e-13
China,Female,40-44 years,Prevalence,1990,502.67569897904,32004837.540236212,derived_proxy_NOT_OFFICIAL,160880.54081248798,160880.5408124886,6.111804395914078e-10,3.7989705685025044e-13
China,Female,40-44 years,Prevalence,1991,502.34113418529006,34160267.86593946,derived_proxy_NOT_OFFICIAL,171601.07703849312,171601.07703849347,3.4924596548080444e-10,2.0352201251188095e-13
China,Female,40-44 years,Prevalence,1992,502.03415926004,36210655.67633142,derived_proxy_NOT_OFFICIAL,181789.860787218,181789.8607872184,4.0745362639427185e-10,2.2413440696298763e-13
China,Female,40-44 years,Prevalence,1993,501.63454273228,39039038.59963539,derived_proxy_NOT_OFFICIAL,195833.3027663596,195833.3027663593,-2.9103830456733704e-10,-1.4861532765678905e-13
China,Female,40-44 years,Prevalence,1994,501.24175855716,40686061.31358728,derived_proxy_NOT_OFFICIAL,203935.52921586696,203935.5292158692,2.240994945168495e-09,1.0988742147016417e-12
China,Female,40-44 years,Prevalence,1995,501.2597562796,43228604.61730935,derived_proxy_NOT_OFFICIAL,216687.59814779463,216687.59814779676,2.1245796233415604e-09,9.804804896551867e-13
China,Female,40-44 years,Prevalence,1996,501.82565135321,44383187.47535649,derived_proxy_NOT_OFFICIAL,222726.2196395252,222726.219639524,-1.1932570487260818e-09,-5.357505958020244e-13
China,Female,40-44 years,Prevalence,1997,502.81747971837,44553115.135374635,derived_proxy_NOT_OFFICIAL,224020.8506597149,224020.8506597144,-4.94765117764473e-10,-2.208567266428318e-13
China,Female,40-44 years,Prevalence,1998,503.87240601124,43317768.07985835,derived_proxy_NOT_OFFICIAL,218266.28025434984,218266.28025435115,1.3096723705530167e-09,6.000342192237988e-13
China,Female,40-44 years,Prevalence,1999,504.75522446021,41296974.17766152,derived_proxy_NOT_OFFICIAL,208448.6347057303,208448.6347057304,8.731149137020111e-11,4.1886334009076093e-14
China,Female,40-44 years,Prevalence,2000,505.10504253593,39430204.2547602,derived_proxy_NOT_OFFICIAL,199163.94997301008,199163.9499730106,5.238689482212067e-10,2.6303402211705447e-13
China,Female,40-44 years,Prevalence,2001,504.89488568503,38757745.607457146,derived_proxy_NOT_OFFICIAL,195685.87537886688,195685.87537886546,-1.4260876923799515e-09,-7.287637340298103e-13
China,Female,40-44 years,Prevalence,2002,504.51823945522005,39906467.78048791,derived_proxy_NOT_OFFICIAL,201335.4086748828,201335.40867488223,-5.820766091346741e-10,-2.891079184559203e-13
China,Female,40-44 years,Prevalence,2003,504.27859642919,43222514.906558745,derived_proxy_NOT_OFFICIAL,217961.8915121907,217961.89151219185,1.1641532182693481e-09,5.341086050376089e-13
China,Female,40-44 years,Prevalence,2004,504.1018679274701,47704052.11307525,derived_proxy_NOT_OFFICIAL,240477.01777910287,240477.0177791061,3.230525180697441e-09,1.3433820872084058e-12
China,Female,40-44 years,Prevalence,2005,503.97804685248,52411791.07497014,derived_proxy_NOT_OFFICIAL,264143.92098003713,264143.92098003696,-1.7462298274040222e-10,-6.61090295368181e-14
China,Female,40-44 years,Prevalence,2006,503.9197879611,56605241.132429,derived_proxy_NOT_OFFICIAL,285245.01108940487,285245.01108940557,6.984919309616089e-10,2.4487437248908774e-13
China,Female,40-44 years,Prevalence,2007,503.83555624766,59713272.631822854,derived_proxy_NOT_OFFICIAL,300856.6993182243,300856.69931822637,2.0954757928848267e-09,6.965029522804095e-13
China,Female,40-44 years,Prevalence,2008,503.69898611067,61263864.16269123,derived_proxy_NOT_OFFICIAL,308585.4626396915,308585.4626396938,2.3283064365386963e-09,7.545094369067081e-13
China,Female,40-44 years,Prevalence,2009,503.59395165842,61718599.3442346,derived_proxy_NOT_OFFICIAL,310811.133345855,310811.1333458587,3.725290298461914e-09,1.1985704174620407e-12
China,Female,40-44 years,Prevalence,2010,503.55347865168,61485557.29078985,derived_proxy_NOT_OFFICIAL,309612.6626061448,309612.662606144,-8.149072527885437e-10,-2.632021720071505e-13
China,Female,40-44 years,Prevalence,2011,503.66598668674,60832068.34895382,derived_proxy_NOT_OFFICIAL,306390.4372717106,306390.4372717103,-2.9103830456733704e-10,-9.498935644301487e-14
China,Female,40-44 years,Prevalence,2012,504.10842930359,60111476.5545097,derived_proxy_NOT_OFFICIAL,303027.0202901344,303027.02029013465,2.3283064365386963e-10,7.68349447620034e-14
China,Female,40-44 years,Prevalence,2013,504.7066889018601,59424092.838624015,derived_proxy_NOT_OFFICIAL,299917.3713757888,299917.3713757866,-2.2118911147117615e-09,-7.37500166984432e-13
China,Female,40-44 years,Prevalence,2014,505.27101734142,58475124.79303759,derived_proxy_NOT_OFFICIAL,295457.85793344834,295457.85793344595,-2.3865140974521637e-09,-8.077341770986927e-13
China,Female,40-44 years,Prevalence,2015,505.60727919955,56980778.09163314,derived_proxy_NOT_OFFICIAL,288098.96177584043,288098.9617758396,-8.149072527885437e-10,-2.828567127647597e-13
China,Female,40-44 years,Prevalence,2016,505.62105113122,54822855.25430071,derived_proxy_NOT_OFFICIAL,277195.8969969385,277195.8969969425,4.016328603029251e-09,1.4489134386695519e-12
China,Female,40-44 years,Prevalence,2017,505.4071880145,52214304.19675553,derived_proxy_NOT_OFFICIAL,263894.84658215777,263894.84658215917,1.3969838619232178e-09,5.293714068373435e-13
China,Female,40-44 years,Prevalence,2018,505.12326447078,49555880.35145821,derived_proxy_NOT_OFFICIAL,250318.28056852115,250318.28056851952,-1.6298145055770874e-09,-6.510968762950368e-13
China,Female,40-44 years,Prevalence,2019,504.90744728952,47324860.41462853,derived_proxy_NOT_OFFICIAL,238946.7446528293,238946.74465282942,1.1641532182693481e-10,4.8720195789265536e-14
China,Female,40-44 years,Prevalence,2020,504.96961235088,45726257.51919482,derived_proxy_NOT_OFFICIAL,230903.7053372429,230903.70533724318,2.9103830456733704e-10,1.2604315038698296e-13
China,Female,40-44 years,Prevalence,2021,505.11129091957,44665118.26380558,derived_proxy_NOT_OFFICIAL,225608.555453059,225608.55545306104,2.0372681319713593e-09,9.030101397884448e-13
China,Female,40-44 years,Prevalence,2022,505.22090527845,44090053.543745995,derived_proxy_NOT_OFFICIAL,222752.1676514647,222752.16765146682,2.1245796233415604e-09,9.537862844351048e-13
China,Female,40-44 years,Prevalence,2023,504.54525458482,44229497.462642774,derived_proxy_NOT_OFFICIAL,223157.8305744768,223157.83057447747,6.693881005048752e-10,2.999617350561549e-13
China,Female,45-49 years,Prevalence,1990,503.74512705878,24444640.920842405,derived_proxy_NOT_OFFICIAL,123138.68746575913,123138.6874657601,9.74978320300579e-10,7.91772545546816e-13
China,Female,45-49 years,Prevalence,1991,504.59913694068,25437732.529112335,derived_proxy_NOT_OFFICIAL,128358.57879917927,128358.57879917946,1.8917489796876907e-10,1.4738001911406225e-13
China,Female,45-49 years,Prevalence,1992,505.58214038593,26687141.398563944,derived_proxy_NOT_OFFICIAL,134925.42069067986,134925.4206906792,-6.693881005048752e-10,-4.961171120151371e-13
China,Female,45-49 years,Prevalence,1993,506.71793267239,27629556.30349838,derived_proxy_NOT_OFFICIAL,140003.91650764106,140003.916507641,-5.820766091346741e-11,-4.157573756894907e-14
China,Female,45-49 years,Prevalence,1994,507.93317444611,30088310.971731156,derived_proxy_NOT_OFFICIAL,152828.5130559311,152828.51305593125,1.4551915228366852e-10,9.521727940283789e-14
China,Female,45-49 years,Prevalence,1995,508.55301641109,31538340.572629385,derived_proxy_NOT_OFFICIAL,160389.18230810988,160389.1823081094,-4.94765117764473e-10,-3.0847786031730133e-13
China,Female,45-49 years,Prevalence,1996,509.00589058064,33492846.72135882,derived_proxy_NOT_OFFICIAL,170480.5627348603,170480.56273486116,8.731149137020111e-10,5.121492442865303e-13
China,Female,45-49 years,Prevalence,1997,509.41908060264,35343382.10297775,derived_proxy_NOT_OFFICIAL,180045.9321628661,180045.93216286728,1.1641532182693481e-09,6.46586792761459e-13
China,Female,45-49 years,Prevalence,1998,509.60249592058,37968931.15585795,derived_proxy_NOT_OFFICIAL,193490.62084461737,193490.62084461882,1.4551915228366852e-09,7.520734165224869e-13
China,Female,45-49 years,Prevalence,1999,509.59136786954,39468136.86924581,derived_proxy_NOT_OFFICIAL,201126.2185446131,201126.21854461197,-1.1350493878126144e-09,-5.643468047209577e-13
China,Female,45-49 years,Prevalence,2000,509.72394141698,41901021.634031475,derived_proxy_NOT_OFFICIAL,213579.53896696496,213579.5389669667,1.7462298274040222e-09,8.176016466044143e-13
China,Female,45-49 years,Prevalence,2001,509.94496790757,43063400.451824516,derived_proxy_NOT_OFFICIAL,219599.6436139633,219599.64361396487,1.57160684466362e-09,7.156691235011134e-13
China,Female,45-49 years,Prevalence,2002,510.21384853523,43345107.09171887,derived_proxy_NOT_OFFICIAL,221152.73904437447,221152.73904437572,1.2514647096395493e-09,5.65882527635546e-13
China,Female,45-49 years,Prevalence,2003,510.42742065007,42305099.852862984,derived_proxy_NOT_OFFICIAL,215936.8299824049,215936.8299824051,2.0372681319713593e-10,9.434556078911417e-14
China,Female,45-49 years,Prevalence,2004,510.60319808951,40503897.30607479,derived_proxy_NOT_OFFICIAL,206814.1949957088,206814.19499570876,-2.9103830456733704e-11,-1.4072453033186423e-14
China,Female,45-49 years,Prevalence,2005,510.62176260926,38829624.729460545,derived_proxy_NOT_OFFICIAL,198272.51420813217,198272.51420813252,3.4924596548080444e-10,1.7614441763430268e-13
China,Female,45-49 years,Prevalence,2006,510.46960974757,38292172.66394679,derived_proxy_NOT_OFFICIAL,195469.90436151385,195469.9043615149,1.0477378964424133e-09,5.360098271213473e-13
China,Female,45-49 years,Prevalence,2007,510.35537516508,39533699.13478476,derived_proxy_NOT_OFFICIAL,201762.35853596457,201762.35853596474,1.7462298274040222e-10,8.654884092727103e-14
China,Female,45-49 years,Prevalence,2008,510.51805404495,42915865.510296285,derived_proxy_NOT_OFFICIAL,219093.24147971047,219093.24147971245,1.979060471057892e-09,9.032959929259919e-13
China,Female,45-49 years,Prevalence,2009,510.79020591467,47450759.5965319,derived_proxy_NOT_OFFICIAL,242373.83265119896,242373.83265120033,1.367880031466484e-09,5.643678678114584e-13
China,Female,45-49 years,Prevalence,2010,511.08282960022,52193760.38083498,derived_proxy_NOT_OFFICIAL,266753.3474291291,266753.34742913,8.731149137020111e-10,3.2731169903462213e-13
China,Female,45-49 years,Prevalence,2011,511.60848950459,56387189.91081403,derived_proxy_NOT_OFFICIAL,288481.6505767986,288481.6505768002,1.6298145055770874e-09,5.649629715853292e-13
China,Female,45-49 years,Prevalence,2012,512.3736042924801,59459853.88409208,derived_proxy_NOT_OFFICIAL,304656.5964529674,304656.59645296476,-2.6193447411060333e-09,-8.597695804398594e-13
China,Female,45-49 years,Prevalence,2013,513.11462673618,60948242.94050782,derived_proxy_NOT_OFFICIAL,312734.3492664467,312734.3492664469,1.7462298274040222e-10,5.583748096427524e-14
China,Female,45-49 years,Prevalence,2014,513.6671778562301,61327537.335413024,derived_proxy_NOT_OFFICIAL,315019.43027954287,315019.43027954194,-9.313225746154785e-10,-2.9563972412401314e-13
China,Female,45-49 years,Prevalence,2015,513.80602044988,61022254.593909904,derived_proxy_NOT_OFFICIAL,313536.0179177601,313536.0179177625,2.3865140974521637e-09,7.611610663748819e-13
China,Female,45-49 years,Prevalence,2016,513.3158546652301,60317284.109698184,derived_proxy_NOT_OFFICIAL,309618.1824385546,309618.18243855226,-2.3283064365386963e-09,-7.519927990665604e-13
China,Female,45-49 years,Prevalence,2017,512.49980709158,59560812.79597922,derived_proxy_NOT_OFFICIAL,305249.0506815698,305249.0506815706,8.149072527885437e-10,2.669647132297358e-13
China,Female,45-49 years,Prevalence,2018,511.60389258281,58851242.176645696,derived_proxy_NOT_OFFICIAL,301085.2458090557,301085.2458090558,1.1641532182693481e-10,3.8665236323391244e-14
China,Female,45-49 years,Prevalence,2019,510.85049208503006,57895641.067555934,derived_proxy_NOT_OFFICIAL,295760.16728939244,295760.16728939227,-1.7462298274040222e-10,-5.904208952165586e-14
China,Female,45-49 years,Prevalence,2020,510.43445598325,56409349.19307445,derived_proxy_NOT_OFFICIAL,287932.7546773592,287932.7546773614,2.2118911147117615e-09,7.68197115048713e-13
China,Female,45-49 years,Prevalence,2021,509.97700050003,54268721.94846274,derived_proxy_NOT_OFFICIAL,276758.0004024732,276758.0004024717,-1.5133991837501526e-09,-5.468312321773186e-13
China,Female,45-49 years,Prevalence,2022,509.73120175024,51683935.01442311,derived_proxy_NOT_OFFICIAL,263449.14306083,263449.143060832,1.979060471057892e-09,7.512115803697755e-13
China,Female,45-49 years,Prevalence,2023,510.87529486561,49050894.905810535,derived_proxy_NOT_OFFICIAL,250588.90398428103,250588.90398428004,-9.89530235528946e-10,-3.9488190410498675e-13
China,Female,50-54 years,Prevalence,1990,505.85472872722,22514565.142984252,derived_proxy_NOT_OFFICIAL,113890.99242815608,113890.99242815623,1.4551915228366852e-10,1.277705542652672e-13
China,Female,50-54 years,Prevalence,1991,506.18450893621,22513799.465633824,derived_proxy_NOT_OFFICIAL,113961.36526800106,113961.36526800165,5.966285243630409e-10,5.235357815869961e-13
China,Female,50-54 years,Prevalence,1992,506.4978766075501,22600325.06328363,derived_proxy_NOT_OFFICIAL,114470.16655193438,114470.16655193554,1.1641532182693481e-09,1.0169926831906716e-12
China,Female,50-54 years,Prevalence,1993,506.91704257405,22845280.64907322,derived_proxy_NOT_OFFICIAL,115806.62103402344,115806.6210340237,2.6193447411060333e-10,2.2618264117528154e-13
China,Female,50-54 years,Prevalence,1994,507.4176551253401,23273120.002557874,derived_proxy_NOT_OFFICIAL,118091.91979148435,118091.91979148565,1.2951204553246498e-09,1.0967053949257935e-12
China,Female,50-54 years,Prevalence,1995,508.1346544803,23732237.491101526,derived_proxy_NOT_OFFICIAL,120591.72297585376,120591.72297585297,-7.8580342233181e-10,-6.516230160250322e-13
China,Female,50-54 years,Prevalence,1996,508.66816400746,24662030.577909376,derived_proxy_NOT_OFFICIAL,125447.8981476094,125447.89814761,5.966285243630409e-10,4.755986614148071e-13
China,Female,50-54 years,Prevalence,1997,509.15715079098,25874144.062515035,derived_proxy_NOT_OFFICIAL,131740.05470025472,131740.05470025507,3.4924596548080444e-10,2.651023382944816e-13
China,Female,50-54 years,Prevalence,1998,509.89382623909,26810271.22755818,derived_proxy_NOT_OFFICIAL,136703.9177872746,136703.91778727426,-3.4924596548080444e-10,-2.5547619346525763e-13
China,Female,50-54 years,Prevalence,1999,510.76377365674,29250965.41199761,derived_proxy_NOT_OFFICIAL,149403.33476934725,149403.33476934678,-4.656612873077393e-10,-3.116806515909697e-13
China,Female,50-54 years,Prevalence,2000,511.12678327432,30721527.408450145,derived_proxy_NOT_OFFICIAL,157025.95481555015,157025.9548155498,-3.4924596548080444e-10,-2.2241289084409306e-13
China,Female,50-54 years,Prevalence,2001,511.40211823734,32704709.43036522,derived_proxy_NOT_OFFICIAL,167252.57679025436,167252.57679025483,4.656612873077393e-10,2.7841800481896845e-13
China,Female,50-54 years,Prevalence,2002,511.72004403174,34608732.829273805,derived_proxy_NOT_OFFICIAL,177099.8228727861,177099.82287278716,1.0477378964424133e-09,5.916086642249336e-13
China,Female,50-54 years,Prevalence,2003,511.78374477733,37288457.609046966,derived_proxy_NOT_OFFICIAL,190836.26472128852,190836.2647212878,-7.275957614183426e-10,-3.812670314423611e-13
China,Female,50-54 years,Prevalence,2004,511.6413367398,38899707.413853124,derived_proxy_NOT_OFFICIAL,199026.98300011043,199026.9830001092,-1.2223608791828156e-09,-6.141684211643491e-13
China,Female,50-54 years,Prevalence,2005,511.7608163678,41427748.761104435,derived_proxy_NOT_OFFICIAL,212010.98526262783,212010.9852626292,1.367880031466484e-09,6.451929977930283e-13
China,Female,50-54 years,Prevalence,2006,512.27623312657,42695317.57540268,derived_proxy_NOT_OFFICIAL,218717.9645966988,218717.96459669922,4.3655745685100555e-10,1.995983538233762e-13
China,Female,50-54 years,Prevalence,2007,512.9775486053001,43066606.42105532,derived_proxy_NOT_OFFICIAL,220922.0218862209,220922.0218862223,1.3969838619232178e-09,6.323425116228075e-13
China,Female,50-54 years,Prevalence,2008,513.65007012178,42098948.5724462,derived_proxy_NOT_OFFICIAL,216241.2788629002,216241.278862902,1.8044374883174896e-09,8.34455612640696e-13
China,Female,50-54 years,Prevalence,2009,514.23488122475,40350241.5591777,derived_proxy_NOT_OFFICIAL,207495.01675573847,207495.01675573716,-1.3096723705530167e-09,-6.311825657455441e-13
China,Female,50-54 years,Prevalence,2010,514.52991649973,38709790.48280487,derived_proxy_NOT_OFFICIAL,199173.4526483964,199173.45264839634,-5.820766091346741e-11,-2.922460806873805e-14
China,Female,50-54 years,Prevalence,2011,514.66346431078,38187899.75859506,derived_proxy_NOT_OFFICIAL,196539.16784511253,196539.1678451133,7.566995918750763e-10,3.850121073431082e-13
China,Female,50-54 years,Prevalence,2012,514.97140635672,39431161.317209825,derived_proxy_NOT_OFFICIAL,203059.2059780228,203059.2059780224,-4.0745362639427185e-10,-2.0065754932498394e-13
China,Female,50-54 years,Prevalence,2013,515.5632756397499,42795903.69014904,derived_proxy_NOT_OFFICIAL,220639.96290456332,220639.962904565,1.6880221664905548e-09,7.650573106834233e-13
China,Female,50-54 years,Prevalence,2014,516.12416028666,47288549.76072123,derived_proxy_NOT_OFFICIAL,244067.6303642612,244067.63036426177,5.820766091346741e-10,2.3848988424476773e-13
China,Female,50-54 years,Prevalence,2015,516.43495914727,51963397.41474642,derived_proxy_NOT_OFFICIAL,268357.1502103796,268357.1502103792,-4.0745362639427185e-10,-1.5183259550745974e-13
China,Female,50-54 years,Prevalence,2016,516.4958244420101,56068991.23346113,derived_proxy_NOT_OFFICIAL,289593.9985275843,289593.9985275834,-9.313225746154785e-10,-3.2159595134937457e-13
China,Female,50-54 years,Prevalence,2017,516.35950297945,59047571.87763573,derived_proxy_NOT_OFFICIAL,304897.7486687895,304897.74866879336,3.841705620288849e-09,1.2599980278837988e-12
China,Female,50-54 years,Prevalence,2018,516.01271814863,60455697.58094372,derived_proxy_NOT_OFFICIAL,311959.0883631443,311959.0883631432,-1.1059455573558807e-09,-3.5451621658429623e-13
China,Female,50-54 years,Prevalence,2019,515.56790070515,60778274.49904512,derived_proxy_NOT_OFFICIAL,313353.2739195374,313353.27391954046,3.0850060284137726e-09,9.845137374265758e-13
China,Female,50-54 years,Prevalence,2020,515.10792008229,60444471.30611559,derived_proxy_NOT_OFFICIAL,311354.2589496671,311354.25894966855,1.4551915228366852e-09,4.673748570986878e-13
China,Female,50-54 years,Prevalence,2021,514.0722264167,59740158.770488836,derived_proxy_NOT_OFFICIAL,307107.56425632385,307107.56425632344,-4.0745362639427185e-10,-1.3267456546729513e-13
China,Female,50-54 years,Prevalence,2022,513.23840409146,58995761.50951069,derived_proxy_NOT_OFFICIAL,302788.90485301364,302788.9048530165,2.852175384759903e-09,9.419682620618044e-13
China,Female,50-54 years,Prevalence,2023,514.5541761887999,58299142.27256253,derived_proxy_NOT_OFFICIAL,299980.6712457208,299980.6712457206,-2.3283064365386963e-10,-7.761521523603528e-14
China,Female,55-59 years,Prevalence,1990,505.77492458276,20700566.22271914,derived_proxy_NOT_OFFICIAL,104698.2732011613,104698.27320116201,7.130438461899757e-10,6.8104642453842e-13
China,Female,55-59 years,Prevalence,1991,506.87427057121,21193797.354773052,derived_proxy_NOT_OFFICIAL,107425.90574834544,107425.90574834631,8.731149137020111e-10,8.127601136986074e-13
China,Female,55-59 years,Prevalence,1992,507.71434371114,21548684.258013304,derived_proxy_NOT_OFFICIAL,109405.76085895734,109405.76085895798,6.402842700481415e-10,5.852381675527827e-13
China,Female,55-59 years,Prevalence,1993,508.22344473835,21671278.948601365,derived_proxy_NOT_OFFICIAL,110138.52039143804,110138.52039143874,6.984919309616089e-10,6.341940389966491e-13
China,Female,55-59 years,Prevalence,1994,508.420286876,21494746.92362304,derived_proxy_NOT_OFFICIAL,109283.6539723544,109283.65397235446,5.820766091346741e-11,5.32629160882489e-14
China,Female,55-59 years,Prevalence,1995,508.22734081618006,21437802.95821006,derived_proxy_NOT_OFFICIAL,108952.77590392323,108952.77590392336,1.3096723705530167e-10,1.2020550735741807e-13
China,Female,55-59 years,Prevalence,1996,507.64923705168,21373741.320773005,derived_proxy_NOT_OFFICIAL,108503.63474430284,108503.63474430384,1.0040821507573128e-09,9.253903365758296e-13
China,Female,55-59 years,Prevalence,1997,506.76742709386,21409108.75139077,derived_proxy_NOT_OFFICIAL,108494.3895831498,108494.38958314943,-3.637978807091713e-10,-3.353149246766881e-13
China,Female,55-59 years,Prevalence,1998,505.94832001903,21614851.116370574,derived_proxy_NOT_OFFICIAL,109359.9760978908,109359.97609789147,6.693881005048752e-10,6.120960559699551e-13
China,Female,55-59 years,Prevalence,1999,505.43174328415,22019778.624288816,derived_proxy_NOT_OFFICIAL,111294.95096805404,111294.95096805358,-4.511093720793724e-10,-4.0532779623476205e-13
China,Female,55-59 years,Prevalence,2000,505.6000885226901,22487074.511615958,derived_proxy_NOT_OFFICIAL,113694.66863689404,113694.66863689356,-4.802132025361061e-10,-4.223709064756238e-13
China,Female,55-59 years,Prevalence,2001,506.04213406472,23442426.386920623,derived_proxy_NOT_OFFICIAL,118628.55476492344,118628.55476492416,7.275957614183426e-10,6.133394804144416e-13
China,Female,55-59 years,Prevalence,2002,506.69059695665,24694264.28697417,derived_proxy_NOT_OFFICIAL,125123.5151297206,125123.51512972225,1.6443664208054543e-09,1.314194553358474e-12
China,Female,55-59 years,Prevalence,2003,508.01273107084,25693940.618149966,derived_proxy_NOT_OFFICIAL,130528.48945398389,130528.48945398352,-3.637978807091713e-10,-2.7871147688215873e-13
China,Female,55-59 years,Prevalence,2004,509.6805297561,28156750.707820848,derived_proxy_NOT_OFFICIAL,143509.47616972597,143509.47616972573,-2.3283064365386963e-10,-1.6224060589455793e-13
China,Female,55-59 years,Prevalence,2005,510.62741116487,29678727.875790477,derived_proxy_NOT_OFFICIAL,151547.71981881393,151547.71981881553,1.6007106751203537e-09,1.0562420055109488e-12
China,Female,55-59 years,Prevalence,2006,511.32120400434,31700028.626181185,derived_proxy_NOT_OFFICIAL,162088.96804110988,162088.96804111009,2.0372681319713593e-10,1.2568826593150104e-13
China,Female,55-59 years,Prevalence,2007,512.2818237988,33637946.170938015,derived_proxy_NOT_OFFICIAL,172321.08413293964,172321.08413293987,2.3283064365386963e-10,1.3511442597137388e-13
China,Female,55-59 years,Prevalence,2008,512.7864748643,36324608.11598007,derived_proxy_NOT_OFFICIAL,186267.6774662062,186267.67746620558,-6.111804395914078e-10,-3.281194289343581e-13
China,Female,55-59 years,Prevalence,2009,512.95739492295,37960209.12196344,derived_proxy_NOT_OFFICIAL,194719.69981932777,194719.6998193277,-5.820766091346741e-11,-2.9893051893298856e-14
China,Female,55-59 years,Prevalence,2010,513.26096173508,40474611.58058095,derived_proxy_NOT_OFFICIAL,207740.3806570284,207740.38065702782,-5.820766091346741e-10,-2.801942536610929e-13
China,Female,55-59 years,Prevalence,2011,513.8382538697699,41738180.09423122,derived_proxy_NOT_OFFICIAL,214466.7357932166,214466.73579321758,9.89530235528946e-10,4.613910086658035e-13
China,Female,55-59 years,Prevalence,2012,514.40844865447,42107558.03878675,derived_proxy_NOT_OFFICIAL,216604.8360736025,216604.83607360348,9.89530235528946e-10,4.568366309202361e-13
China,Female,55-59 years,Prevalence,2013,514.83144394975,41157559.02978937,derived_proxy_NOT_OFFICIAL,211892.05544753364,211892.05544753536,1.7171259969472885e-09,8.10377714879671e-13
China,Female,55-59 years,Prevalence,2014,515.13718912616,39442292.21427828,derived_proxy_NOT_OFFICIAL,203181.9154395605,203181.9154395594,-1.076841726899147e-09,-5.299889631267256e-13
China,Female,55-59 years,Prevalence,2015,515.19367763272,37839899.015714176,derived_proxy_NOT_OFFICIAL,194948.767351564,194948.76735156527,1.280568540096283e-09,6.568743970496357e-13
China,Female,55-59 years,Prevalence,2016,515.09329572278,37348187.45030855,derived_proxy_NOT_OFFICIAL,192378.0096305148,192378.00963051603,1.2223608791828156e-09,6.35395324824551e-13
China,Female,55-59 years,Prevalence,2017,515.13292709829,38591486.06778447,derived_proxy_NOT_OFFICIAL,198797.45179170603,198797.45179170693,9.022187441587448e-10,4.538381835518004e-13
China,Female,55-59 years,Prevalence,2018,515.50904489413,41916046.38763246,derived_proxy_NOT_OFFICIAL,216081.01039026305,216081.0103902646,1.5425030142068863e-09,7.138540362343631e-13
China,Female,55-59 years,Prevalence,2019,515.93593420721,46347185.32230213,derived_proxy_NOT_OFFICIAL,239121.7835713668,239121.78357136642,-3.7834979593753815e-10,-1.5822472979531713e-13
China,Female,55-59 years,Prevalence,2020,516.2000990653801,50957804.47667726,derived_proxy_NOT_OFFICIAL,263044.237190153,263044.2371901507,-2.270098775625229e-09,-8.630102677308186e-13
China,Female,55-59 years,Prevalence,2021,515.8600013759,55003987.90919568,derived_proxy_NOT_OFFICIAL,283743.5727851773,283743.5727851767,-6.402842700481415e-10,-2.2565595539776389e-13
China,Female,55-59 years,Prevalence,2022,515.4297315543499,57935067.44673574,derived_proxy_NOT_OFFICIAL,298614.56261654035,298614.5626165416,1.2223608791828156e-09,4.0934402812514026e-13
China,Female,55-59 years,Prevalence,2023,516.5745396659199,59332827.45972243,derived_proxy_NOT_OFFICIAL,306498.2803208311,306498.2803208357,4.598405212163925e-09,1.5003037561419543e-12
China,Female,60-64 years,Prevalence,1990,495.39634507187,17185942.56048867,derived_proxy_NOT_OFFICIAL,85138.53131081171,85138.53131081183,1.1641532182693481e-10,1.367363519602449e-13
China,Female,60-64 years,Prevalence,1991,497.4337513831,17598689.495015062,derived_proxy_NOT_OFFICIAL,87541.8213493165,87541.82134931696,4.656612873077393e-10,5.319300879628946e-13
China,Female,60-64 years,Prevalence,1992,499.05763732137,18008503.720324993,derived_proxy_NOT_OFFICIAL,89872.81318358441,89872.81318358493,5.238689482212067e-10,5.829003562524437e-13
China,Female,60-64 years,Prevalence,1993,500.193160469,18417562.03430535,derived_proxy_NOT_OFFICIAL,92123.38562072928,92123.38562073057,1.280568540096283e-09,1.3900580525431035e-12
China,Female,60-64 years,Prevalence,1994,500.76683255059,18940915.204558007,derived_proxy_NOT_OFFICIAL,94849.82112595894,94849.82112595823,-7.130438461899757e-10,-7.517608760095243e-13
China,Female,60-64 years,Prevalence,1995,500.71923260362,19384447.04529219,derived_proxy_NOT_OFFICIAL,97061.65448964149,97061.65448964217,6.83940015733242e-10,7.046449180466348e-13
China,Female,60-64 years,Prevalence,1996,500.06195661536,19815743.68683421,derived_proxy_NOT_OFFICIAL,99090.9955982676,99090.99559826782,2.1827872842550278e-10,2.202810932594151e-13
China,Female,60-64 years,Prevalence,1997,498.84336552973,20145851.3388386,derived_proxy_NOT_OFFICIAL,100496.24283327728,100496.24283327864,1.3533281162381172e-09,1.3466454845314775e-12
China,Female,60-64 years,Prevalence,1998,497.3710464623,20282261.74695518,derived_proxy_NOT_OFFICIAL,100878.09749705392,100878.09749705374,-1.8917489796876907e-10,-1.8752821738563595e-13
China,Female,60-64 years,Prevalence,1999,496.05775778704,20160349.456259705,derived_proxy_NOT_OFFICIAL,100006.97747475385,100006.97747475358,-2.6193447411060333e-10,-2.619161989739437e-13
China,Female,60-64 years,Prevalence,2000,495.20874798602,20166787.443566404,derived_proxy_NOT_OFFICIAL,99867.69560828627,99867.69560828709,8.149072527885437e-10,8.15986839212628e-13
China,Female,60-64 years,Prevalence,2001,495.03593699356,20179193.87668551,derived_proxy_NOT_OFFICIAL,99894.26148519706,99894.2614851972,1.4551915228366852e-10,1.4567318494589646e-13
China,Female,60-64 years,Prevalence,2002,495.2759161164501,20301947.637739576,derived_proxy_NOT_OFFICIAL,100550.65715229668,100550.6571522967,1.4551915228366852e-11,1.447222289788334e-14
China,Female,60-64 years,Prevalence,2003,495.83727598001,20601104.74867754,derived_proxy_NOT_OFFICIAL,102147.95660763013,102147.9566076312,1.076841726899147e-09,1.0541980110630136e-12
China,Female,60-64 years,Prevalence,2004,496.52437928549,21099780.544302247,derived_proxy_NOT_OFFICIAL,104765.55437819602,104765.55437819732,1.3096723705530167e-09,1.250098258274084e-12
China,Female,60-64 years,Prevalence,2005,497.28327363976,21663684.95076015,derived_proxy_NOT_OFFICIAL,107729.88171414477,107729.8817141441,-6.693881005048752e-10,-6.213578719793448e-13
China,Female,60-64 years,Prevalence,2006,497.85630309894,22688093.583244555,derived_proxy_NOT_OFFICIAL,112954.10395716951,112954.10395716917,-3.4924596548080444e-10,-3.091928077382945e-13
China,Female,60-64 years,Prevalence,2007,498.73649927514,23989607.730847754,derived_proxy_NOT_OFFICIAL,119644.92978666764,119644.92978666844,8.003553375601768e-10,6.689421264964984e-13
China,Female,60-64 years,Prevalence,2008,500.69812980348,25029905.197558716,derived_proxy_NOT_OFFICIAL,125324.2672157594,125324.26721576054,1.1350493878126144e-09,9.056900255865873e-13
China,Female,60-64 years,Prevalence,2009,503.03073632769,27482242.39109925,derived_proxy_NOT_OFFICIAL,138244.1262593079,138244.12625930714,-7.566995918750763e-10,-5.473647324847034e-13
China,Female,60-64 years,Prevalence,2010,504.30168826273,29000902.35357025,derived_proxy_NOT_OFFICIAL,146252.04018048057,146252.04018048057,0.0,0.0
China,Female,60-64 years,Prevalence,2011,504.72148353859,30994148.76759956,derived_proxy_NOT_OFFICIAL,156434.127469985,156434.12746998612,1.1350493878126144e-09,7.25576577291548e-13
China,Female,60-64 years,Prevalence,2012,504.99918635007,32897592.051636178,derived_proxy_NOT_OFFICIAL,166132.57218952666,166132.572189528,1.3387762010097504e-09,8.058481147709272e-13
China,Female,60-64 years,Prevalence,2013,504.49121465701,35519902.11990881,derived_proxy_NOT_OFFICIAL,179194.78564970684,179194.78564970903,2.1827872842550278e-09,1.2181087057532908e-12
China,Female,60-64 years,Prevalence,2014,503.7595310453201,37118949.03189273,derived_proxy_NOT_OFFICIAL,186990.24357201275,186990.2435720142,1.4551915228366852e-09,7.782178872216234e-13
China,Female,60-64 years,Prevalence,2015,503.65117586614,39554188.75752485,derived_proxy_NOT_OFFICIAL,199215.13678158665,199215.13678158645,-2.0372681319713593e-10,-1.0226472570731196e-13
China,Female,60-64 years,Prevalence,2016,504.57958277621,40755586.33241049,derived_proxy_NOT_OFFICIAL,205644.36747407465,205644.36747407494,2.9103830456733704e-10,1.4152505519220112e-13
China,Female,60-64 years,Prevalence,2017,505.96906475228,41073994.275968924,derived_proxy_NOT_OFFICIAL,207821.70469452508,207821.704694525,-8.731149137020111e-11,-4.201269135894124e-14
China,Female,60-64 years,Prevalence,2018,507.34777543362,40113114.91110377,derived_proxy_NOT_OFFICIAL,203512.9961586177,203512.99615861668,-1.0186340659856796e-09,-5.005253154406699e-13
China,Female,60-64 years,Prevalence,2019,508.4419868742201,38426403.31992134,derived_proxy_NOT_OFFICIAL,195375.9685241103,195375.9685241093,-9.89530235528946e-10,-5.064748970940268e-13
China,Female,60-64 years,Prevalence,2020,508.8386971763,36871461.444139645,derived_proxy_NOT_OFFICIAL,187616.26404222057,187616.26404222194,1.367880031466484e-09,7.290839301429969e-13
China,Female,60-64 years,Prevalence,2021,508.2159387123,36414608.04728794,derived_proxy_NOT_OFFICIAL,185064.84211592755,185064.84211592915,1.6007106751203537e-09,8.649458518531808e-13
China,Female,60-64 years,Prevalence,2022,507.56230894273,37646721.15148698,derived_proxy_NOT_OFFICIAL,191080.5671177199,191080.56711771843,-1.4842953532934189e-09,-7.767903223664718e-13
China,Female,60-64 years,Prevalence,2023,508.27819477779,40899032.51594391,derived_proxy_NOT_OFFICIAL,207880.86415361945,207880.86415362105,1.6007106751203537e-09,7.700134794213012e-13
China,Female,65-69 years,Prevalence,1990,455.68596247416,13936442.110095907,derived_proxy_NOT_OFFICIAL,63506.41036404493,63506.41036404466,-2.6921043172478676e-10,-4.2391064174712687e-13
China,Female,65-69 years,Prevalence,1991,457.6413402461,14259855.983653236,derived_proxy_NOT_OFFICIAL,65258.99604075443,65258.996040754355,-7.275957614183426e-11,-1.1149355729652307e-13
China,Female,65-69 years,Prevalence,1992,459.30771782816,14561192.222697597,derived_proxy_NOT_OFFICIAL,66880.67968664436,66880.67968664385,-5.093170329928398e-10,-7.615308866164935e-13
China,Female,65-69 years,Prevalence,1993,460.69563150954,14888251.869750533,derived_proxy_NOT_OFFICIAL,68589.52597207799,68589.52597207812,1.3096723705530167e-10,1.9094349348414644e-13
China,Female,65-69 years,Prevalence,1994,461.71526831707,15213269.521131366,derived_proxy_NOT_OFFICIAL,70241.98818929077,70241.98818929073,-4.3655745685100555e-11,-6.21504983137086e-14
China,Female,65-69 years,Prevalence,1995,462.3136326119,15551729.941637676,derived_proxy_NOT_OFFICIAL,71897.76762717763,71897.76762717766,2.9103830456733704e-11,4.0479463295230806e-14
China,Female,65-69 years,Prevalence,1996,462.15088692945,15882226.464378757,derived_proxy_NOT_OFFICIAL,73399.85046927001,73399.85046927026,2.473825588822365e-10,3.3703414557473387e-13
China,Female,65-69 years,Prevalence,1997,461.35549473787006,16215994.435633373,derived_proxy_NOT_OFFICIAL,74813.38135518205,74813.38135518183,-2.1827872842550278e-10,-2.917642866444018e-13
China,Female,65-69 years,Prevalence,1998,460.25759452512,16559640.326645095,derived_proxy_NOT_OFFICIAL,76217.00222942856,76217.00222942843,-1.3096723705530167e-10,-1.718346736612178e-13
China,Female,65-69 years,Prevalence,1999,459.16911355939,17022409.301068135,derived_proxy_NOT_OFFICIAL,78161.64589416487,78161.6458941657,8.294591680169106e-10,1.0612099560186379e-12
China,Female,65-69 years,Prevalence,2000,458.41632022530007,17433901.411321785,derived_proxy_NOT_OFFICIAL,79919.84932148678,79919.84932148799,1.2078089639544487e-09,1.511275326728781e-12
China,Female,65-69 years,Prevalence,2001,458.2934403365,17863771.480864704,derived_proxy_NOT_OFFICIAL,81868.49289350596,81868.49289350538,-5.820766091346741e-10,-7.109897697662955e-13
China,Female,65-69 years,Prevalence,2002,458.54412134679,18226370.98317591,derived_proxy_NOT_OFFICIAL,83575.95267821036,83575.95267821026,-1.0186340659856796e-10,-1.2188123896208418e-13
China,Female,65-69 years,Prevalence,2003,458.93680021963,18430852.265691333,derived_proxy_NOT_OFFICIAL,84585.96364137046,84585.96364137098,5.238689482212067e-10,6.193331915473807e-13
China,Female,65-69 years,Prevalence,2004,459.34032492732007,18413802.673357602,derived_proxy_NOT_OFFICIAL,84582.0210312763,84582.02103127637,7.275957614183426e-11,8.602250839446081e-14
China,Female,65-69 years,Prevalence,2005,459.50375406394,18527544.08929438,derived_proxy_NOT_OFFICIAL,85134.76062615975,85134.7606261593,-4.511093720793724e-10,-5.298768314628443e-13
China,Female,65-69 years,Prevalence,2006,459.8999182346501,18657442.8817833,derived_proxy_NOT_OFFICIAL,85805.56455799716,85805.56455799795,7.8580342233181e-10,9.157954106818733e-13
China,Female,65-69 years,Prevalence,2007,460.77901793755,18891881.81848582,derived_proxy_NOT_OFFICIAL,87049.82751314102,87049.82751314151,4.94765117764473e-10,5.683700150810561e-13
China,Female,65-69 years,Prevalence,2008,461.88756466152006,19281200.37262138,derived_proxy_NOT_OFFICIAL,89057.46683860804,89057.46683860882,7.712515071034431e-10,8.660155453344777e-13
China,Female,65-69 years,Prevalence,2009,462.90724323452,19844200.109927654,derived_proxy_NOT_OFFICIAL,91860.239670808,91860.2396708077,-3.055902197957039e-10,-3.326686506488797e-13
China,Female,65-69 years,Prevalence,2010,463.66222651378,20457512.6017982,derived_proxy_NOT_OFFICIAL,94853.75841883528,94853.75841883465,-6.257323548197746e-10,-6.596811399468193e-13
China,Female,65-69 years,Prevalence,2011,463.54109033585,21489463.377207518,derived_proxy_NOT_OFFICIAL,99612.49284603025,99612.4928460309,6.548361852765083e-10,6.573835937312403e-13
China,Female,65-69 years,Prevalence,2012,463.1223916138,22770003.82374624,derived_proxy_NOT_OFFICIAL,105452.98627908697,105452.9862790873,3.346940502524376e-10,3.173869816893112e-13
China,Female,65-69 years,Prevalence,2013,463.75797092311,23783903.640153315,derived_proxy_NOT_OFFICIAL,110299.74892788316,110299.74892788271,-4.511093720793724e-10,-4.089849491627759e-13
China,Female,65-69 years,Prevalence,2014,465.04140187357,26146564.05637269,derived_proxy_NOT_OFFICIAL,121592.34802952604,121592.34802952653,4.94765117764473e-10,4.069048141453195e-13
China,Female,65-69 years,Prevalence,2015,465.9182128972601,27595319.458576627,derived_proxy_NOT_OFFICIAL,128571.61926468878,128571.61926469009,1.3096723705530167e-09,1.018632555180635e-12
China,Female,65-69 years,Prevalence,2016,466.96202695916,29513774.96190031,derived_proxy_NOT_OFFICIAL,137818.12179425388,137818.12179425475,8.731149137020111e-10,6.335269283421727e-13
China,Female,65-69 years,Prevalence,2017,468.7378531225,31352894.804769464,derived_proxy_NOT_OFFICIAL,146962.8859996319,146962.8859996322,3.2014213502407074e-10,2.1783876442442252e-13
China,Female,65-69 years,Prevalence,2018,469.98593833854,33891098.869150996,derived_proxy_NOT_OFFICIAL,159283.3990334236,159283.39903342162,-1.979060471057892e-09,-1.2424775482362799e-12
China,Female,65-69 years,Prevalence,2019,470.78150762528,35503618.17763037,derived_proxy_NOT_OFFICIAL,167144.46891817066,167144.46891817125,5.820766091346741e-10,3.4824760454361357e-13
China,Female,65-69 years,Prevalence,2020,471.49175103538,37920794.80430448,derived_proxy_NOT_OFFICIAL,178793.41942934817,178793.4194293486,4.3655745685100555e-10,2.4416863788631504e-13
China,Female,65-69 years,Prevalence,2021,472.22713880556,39157039.459738396,derived_proxy_NOT_OFFICIAL,184910.1670816873,184910.16708168676,-5.529727786779404e-10,-2.99049418106715e-13
China,Female,65-69 years,Prevalence,2022,472.6807179177901,39516569.96402538,derived_proxy_NOT_OFFICIAL,186787.2066024383,186787.20660244097,2.6775524020195007e-09,1.4334774049694196e-12
China,Female,65-69 years,Prevalence,2023,472.95595254527,38613502.53348436,derived_proxy_NOT_OFFICIAL,182624.8587183333,182624.85871833295,-3.4924596548080444e-10,-1.9123681624277387e-13
China,Female,70+ years,Prevalence,1990,322.76569099532,21824249.86825356,derived_proxy_NOT_OFFICIAL,70441.19089181225,70441.19089181382,1.57160684466362e-09,2.231090679709528e-12
China,Female,70+ years,Prevalence,1991,323.32500003754,22510243.05831836,derived_proxy_NOT_OFFICIAL,72781.24337675866,72781.2433767582,-4.656612873077393e-10,-6.398094697245025e-13
China,Female,70+ years,Prevalence,1992,323.81063544827,23220129.69130636,derived_proxy_NOT_OFFICIAL,75189.24950533228,75189.24950533154,-7.421476766467094e-10,-9.87039612084541e-13
China,Female,70+ years,Prevalence,1993,324.33849277496,23951556.13622454,derived_proxy_NOT_OFFICIAL,77684.11616837925,77684.11616837913,-1.1641532182693481e-10,-1.4985730361481647e-13
China,Female,70+ years,Prevalence,1994,324.78940270073,24702600.430822197,derived_proxy_NOT_OFFICIAL,80231.42839081647,80231.42839081537,-1.0913936421275139e-09,-1.3603068822496972e-12
China,Female,70+ years,Prevalence,1995,324.82512025455003,25480696.17371264,derived_proxy_NOT_OFFICIAL,82767.70198795725,82767.70198795862,1.367880031466484e-09,1.652673686247217e-12
China,Female,70+ years,Prevalence,1996,324.17912141866,26254171.327143084,derived_proxy_NOT_OFFICIAL,85110.54194408195,85110.5419440822,2.473825588822365e-10,2.9066030274459776e-13
China,Female,70+ years,Prevalence,1997,323.26876070782,27054971.52638842,derived_proxy_NOT_OFFICIAL,87460.27116320904,87460.27116320941,3.7834979593753815e-10,4.3259618442241285e-13
China,Female,70+ years,Prevalence,1998,322.4899529605,27902798.50780301,derived_proxy_NOT_OFFICIAL,89983.72178247741,89983.72178247702,-3.92901711165905e-10,-4.3663643088211875e-13
China,Female,70+ years,Prevalence,1999,321.9300052842,28764480.4055664,derived_proxy_NOT_OFFICIAL,92601.49328961349,92601.49328961258,-9.022187441587448e-10,-9.743025863924604e-13
China,Female,70+ years,Prevalence,2000,321.56516957450003,29658121.562046297,derived_proxy_NOT_OFFICIAL,95370.18889360467,95370.18889360553,8.585629984736443e-10,9.002425269718824e-13
China,Female,70+ years,Prevalence,2001,321.36061310357,30544879.48090396,derived_proxy_NOT_OFFICIAL,98159.21197158216,98159.21197157953,-2.6338966563344e-09,-2.6832903437498392e-12
China,Female,70+ years,Prevalence,2002,321.36218067857004,31499622.9024361,derived_proxy_NOT_OFFICIAL,101227.87506479643,101227.87506479492,-1.5133991837501526e-09,-1.4950419366023624e-12
China,Female,70+ years,Prevalence,2003,321.47559058354,32571039.89134775,derived_proxy_NOT_OFFICIAL,104707.9428499116,104707.94284991059,-1.0186340659856796e-09,-9.728336153502605e-13
China,Female,70+ years,Prevalence,2004,321.77373130557,33829856.705234565,derived_proxy_NOT_OFFICIAL,108855.59221575913,108855.59221576083,1.7025740817189217e-09,1.5640667117444044e-12
China,Female,70+ years,Prevalence,2005,321.63052365757,35141191.912578374,derived_proxy_NOT_OFFICIAL,113024.79956793827,113024.79956793747,-8.003553375601768e-10,-7.081236512868929e-13
China,Female,70+ years,Prevalence,2006,321.59331507962,36508575.15810533,derived_proxy_NOT_OFFICIAL,117409.13713928734,117409.13713928557,-1.775333657860756e-09,-1.5120915638402177e-12
China,Female,70+ years,Prevalence,2007,321.70288998327,37881601.98306625,derived_proxy_NOT_OFFICIAL,121866.2083514843,121866.20835148385,-4.511093720793724e-10,-3.7016772588697513e-13
China,Female,70+ years,Prevalence,2008,321.49512818938,39177803.95329194,derived_proxy_NOT_OFFICIAL,125954.73104142094,125954.7310414199,-1.0331859812140465e-09,-8.202835833727257e-13
China,Female,70+ years,Prevalence,2009,320.68942296782,40396277.47169453,derived_proxy_NOT_OFFICIAL,129546.58912445854,129546.58912445666,-1.877197064459324e-09,-1.4490517096176538e-12
China,Female,70+ years,Prevalence,2010,319.51663366071,41754077.11180785,derived_proxy_NOT_OFFICIAL,133411.22160374353,133411.22160374545,1.9208528101444244e-09,1.4397985319778567e-12
China,Female,70+ years,Prevalence,2011,318.02981877863004,43156708.073338345,derived_proxy_NOT_OFFICIAL,137251.20047646147,137251.20047646033,-1.1350493878126144e-09,-8.269868561239106e-13
China,Female,70+ years,Prevalence,2012,316.56995429628,44668414.33708032,derived_proxy_NOT_OFFICIAL,141406.77885177033,141406.77885176818,-2.153683453798294e-09,-1.5230411662625403e-12
China,Female,70+ years,Prevalence,2013,315.25661610923,46278606.724077106,derived_proxy_NOT_OFFICIAL,145896.36954082508,145896.36954082406,-1.0186340659856796e-09,-6.981901394747475e-13
China,Female,70+ years,Prevalence,2014,314.1151059817,47983125.33830963,derived_proxy_NOT_OFFICIAL,150722.24500976587,150722.24500976325,-2.6193447411060333e-09,-1.7378620793077464e-12
China,Female,70+ years,Prevalence,2015,313.28883684363,49800609.85494354,derived_proxy_NOT_OFFICIAL,156019.75135558943,156019.7513555868,-2.6193447411060333e-09,-1.6788545798513701e-12
China,Female,70+ years,Prevalence,2016,313.59047001656,51928205.59856601,derived_proxy_NOT_OFFICIAL,162841.90400770633,162841.90400770877,2.444721758365631e-09,1.5012854174500054e-12
China,Female,70+ years,Prevalence,2017,314.8759707141,54237868.547948346,derived_proxy_NOT_OFFICIAL,170782.01508498922,170782.0150849899,6.693881005048752e-10,3.9195467987173937e-13
China,Female,70+ years,Prevalence,2018,316.38384978412,56361026.54457104,derived_proxy_NOT_OFFICIAL,178317.18555956442,178317.18555956363,-7.8580342233181e-10,-4.4067733565104027e-13
China,Female,70+ years,Prevalence,2019,319.75079818992,59954507.60193683,derived_proxy_NOT_OFFICIAL,191705.01660803065,191705.01660802928,-1.367880031466484e-09,-7.135337695743861e-13
China,Female,70+ years,Prevalence,2020,320.89230030532,62957730.14561026,derived_proxy_NOT_OFFICIAL,202026.5084842653,202026.5084842647,-6.111804395914078e-10,-3.025248736796385e-13
China,Female,70+ years,Prevalence,2021,322.34352572043,66729520.77758011,derived_proxy_NOT_OFFICIAL,215098.28997079752,215098.28997079865,1.1350493878126144e-09,5.276887082490115e-13
China,Female,70+ years,Prevalence,2022,323.57338587764,70536918.45904386,derived_proxy_NOT_OFFICIAL,228238.6953516801,228238.69535167827,-1.8335413187742233e-09,-8.033437607716006e-13
China,Female,70+ years,Prevalence,2023,324.47446617052003,74696117.81811872,derived_proxy_NOT_OFFICIAL,242369.8295404419,242369.82954044343,1.5425030142068863e-09,6.364253410301235e-13
United States of America,Male,15-19 years,Prevalence,1990,136.35224673516998,9320231.166150702,derived_proxy_NOT_OFFICIAL,12708.34459595775,12708.344595958017,2.673914423212409e-10,2.104061943727056e-12
United States of America,Male,15-19 years,Prevalence,1991,136.18877170555,9077968.713092282,derived_proxy_NOT_OFFICIAL,12363.174086174104,12363.174086174506,4.019966581836343e-10,3.2515651351475533e-12
United States of America,Male,15-19 years,Prevalence,1992,136.02984795038,9027238.098561812,derived_proxy_NOT_OFFICIAL,12279.73825959198,12279.73825959241,4.2928149923682213e-10,3.4958521929528965e-12
United States of America,Male,15-19 years,Prevalence,1993,135.88651162084,9126583.446443485,derived_proxy_NOT_OFFICIAL,12401.795875536987,12401.795875537086,9.822542779147625e-11,7.920258386547842e-13
United States of America,Male,15-19 years,Prevalence,1994,135.76918476004002,9323745.80870649,derived_proxy_NOT_OFFICIAL,12658.77367357916,12658.773673579202,4.18367562815547e-11,3.304961235611199e-13
United States of America,Male,15-19 years,Prevalence,1995,135.6880251631,9573096.622225782,derived_proxy_NOT_OFFICIAL,12989.545753653769,12989.545753653596,-1.7280399333685637e-10,-1.3303313034503085e-12
United States of America,Male,15-19 years,Prevalence,1996,135.61369783377,9837843.103981748,derived_proxy_NOT_OFFICIAL,13341.46282039396,13341.462820394187,2.2737367544323206e-10,1.7042634567452772e-12
United States of America,Male,15-19 years,Prevalence,1997,135.51649617259,10054746.056428991,derived_proxy_NOT_OFFICIAL,13625.839554724364,13625.839554724238,-1.255102688446641e-10,-9.211195269149273e-13
United States of America,Male,15-19 years,Prevalence,1998,135.40565858902,10233457.1277521,derived_proxy_NOT_OFFICIAL,13856.680020257696,13856.68002025774,4.3655745685100555e-11,3.1505198663228334e-13
United States of America,Male,15-19 years,Prevalence,1999,135.2912530534,10353259.96752865,derived_proxy_NOT_OFFICIAL,14007.05514194559,14007.055141945546,-4.3655745685100555e-11,-3.1166969247068117e-13
United States of America,Male,15-19 years,Prevalence,2000,135.18371515817998,10412244.67962611,derived_proxy_NOT_OFFICIAL,14075.659189278473,14075.659189278509,3.637978807091713e-11,2.584588585281169e-13
United States of America,Male,15-19 years,Prevalence,2001,134.94615535857,10530041.868870746,derived_proxy_NOT_OFFICIAL,14209.886659688353,14209.886659688786,4.3291947804391384e-10,3.046607537497477e-12
United States of America,Male,15-19 years,Prevalence,2002,134.53163071902,10630269.43266184,derived_proxy_NOT_OFFICIAL,14301.074817584977,14301.07481758549,5.129550117999315e-10,3.5868283911723094e-12
United States of America,Male,15-19 years,Prevalence,2003,134.07825996309,10728897.085619073,derived_proxy_NOT_OFFICIAL,14385.118525628604,14385.118525628728,1.2369127944111824e-10,8.598558240639394e-13
United States of America,Male,15-19 years,Prevalence,2004,133.72087931527,10899967.559531353,derived_proxy_NOT_OFFICIAL,14575.53246568404,14575.532465684502,4.6202330850064754e-10,3.1698554381352026e-12
United States of America,Male,15-19 years,Prevalence,2005,133.59531039831,11085511.386752512,derived_proxy_NOT_OFFICIAL,14809.723346372066,14809.723346372019,-4.729372449219227e-11,-3.1934239003713595e-13
United States of America,Male,15-19 years,Prevalence,2006,133.93424568039,11258658.63975205,derived_proxy_NOT_OFFICIAL,15079.199522881829,15079.199522881969,1.4006218407303095e-10,9.288436290036121e-13
United States of America,Male,15-19 years,Prevalence,2007,134.68690340173,11399456.492435165,derived_proxy_NOT_OFFICIAL,15353.57495428853,15353.57495428839,-1.4006218407303095e-10,-9.1224476703329e-13
United States of America,Male,15-19 years,Prevalence,2008,135.57393635358002,11470051.17818845,derived_proxy_NOT_OFFICIAL,15550.399884040064,15550.399884040266,2.0190782379359007e-10,1.2984092068321365e-12
United States of America,Male,15-19 years,Prevalence,2009,136.31130501861,11449001.529238382,derived_proxy_NOT_OFFICIAL,15606.283396105582,15606.283396105455,-1.2732925824820995e-10,-8.158845704415691e-13
United States of America,Male,15-19 years,Prevalence,2010,136.61613376291,11337177.006374067,derived_proxy_NOT_OFFICIAL,15488.412903965793,15488.412903965871,7.821654435247183e-11,5.050003821401517e-13
United States of America,Male,15-19 years,Prevalence,2011,136.29517443934,11194798.836883891,derived_proxy_NOT_OFFICIAL,15257.970602864056,15257.970602864105,4.9112713895738125e-11,3.218823470961416e-13
United States of America,Male,15-19 years,Prevalence,2012,135.49842498267998,11060862.344165567,derived_proxy_NOT_OFFICIAL,14987.294265846413,14987.29426584668,2.673914423212409e-10,1.784120853158813e-12
United States of America,Male,15-19 years,Prevalence,2013,134.46044599091002,10963283.32984955,derived_proxy_NOT_OFFICIAL,14741.279660563036,14741.279660562797,-2.382876118645072e-10,-1.6164649023109703e-12
United States of America,Male,15-19 years,Prevalence,2014,133.41669732497,10921166.212654714,derived_proxy_NOT_OFFICIAL,14570.659270294444,14570.659270294427,-1.6370904631912708e-11,-1.1235527732975315e-13
United States of America,Male,15-19 years,Prevalence,2015,132.60091388853,10939040.331866086,derived_proxy_NOT_OFFICIAL,14505.26745068915,14505.267450689313,1.6189005691558123e-10,1.1160777108448957e-12
United States of America,Male,15-19 years,Prevalence,2016,131.84768632755,10976509.908103682,derived_proxy_NOT_OFFICIAL,14472.274353348252,14472.27435334899,7.385096978396177e-10,5.102927707204216e-12
United States of America,Male,15-19 years,Prevalence,2017,130.94309884499,10998716.08843048,derived_proxy_NOT_OFFICIAL,14402.05967935344,14402.05967935334,-1.000444171950221e-10,-6.946535386077046e-13
United States of America,Male,15-19 years,Prevalence,2018,130.04773408168,11008823.186296424,derived_proxy_NOT_OFFICIAL,14316.725102837325,14316.725102837105,-2.2009771782904863e-10,-1.537346818131118e-12
United States of America,Male,15-19 years,Prevalence,2019,129.32275667384,11016053.396964267,derived_proxy_NOT_OFFICIAL,14246.263929616513,14246.263929616385,-1.2732925824820995e-10,-8.937729841120349e-13
United States of America,Male,15-19 years,Prevalence,2020,128.93037484009,11011460.975554224,derived_proxy_NOT_OFFICIAL,14197.117911152502,14197.11791115229,-2.1100277081131935e-10,-1.4862366582555941e-12
United States of America,Male,15-19 years,Prevalence,2021,129.1271515789,11044510.697008558,derived_proxy_NOT_OFFICIAL,14261.462068874464,14261.462068874065,-3.9835867937654257e-10,-2.7932527356080655e-12
United States of America,Male,15-19 years,Prevalence,2022,129.41150456506,11177787.606143154,derived_proxy_NOT_OFFICIAL,14465.343118195866,14465.343118196659,7.930793799459934e-10,5.48261713162119e-12
United States of America,Male,15-19 years,Prevalence,2023,128.94538677031,11304046.503213428,derived_proxy_NOT_OFFICIAL,14576.046484264192,14576.046484264258,6.548361852765083e-11,4.492550061386312e-13
United States of America,Male,20-24 years,Prevalence,1990,501.71156019782,9990986.732238935,derived_proxy_NOT_OFFICIAL,50125.93541347314,50125.935413473155,1.4551915228366852e-11,2.903071056596283e-14
United States of America,Male,20-24 years,Prevalence,1991,502.7158216472701,10084249.246967653,derived_proxy_NOT_OFFICIAL,50695.11645885152,50695.116458852084,5.675246939063072e-10,1.119485925960854e-12
United States of America,Male,20-24 years,Prevalence,1992,503.49892758422,10089205.933470018,derived_proxy_NOT_OFFICIAL,50799.04367678484,50799.04367678503,1.964508555829525e-10,3.867215627776287e-13
United States of America,Male,20-24 years,Prevalence,1993,504.05871739666,10015839.127871163,derived_proxy_NOT_OFFICIAL,50485.71024446026,50485.7102444602,-5.820766091346741e-11,-1.1529531947082883e-13
United States of America,Male,20-24 years,Prevalence,1994,504.39672780698,9841332.729135009,derived_proxy_NOT_OFFICIAL,49639.36025835439,49639.36025835434,-5.093170329928398e-11,-1.0260346433596933e-13
United States of America,Male,20-24 years,Prevalence,1995,504.5093893816,9599928.037778944,derived_proxy_NOT_OFFICIAL,48432.53832447175,48432.53832447156,-1.8917489796876907e-10,-3.9059463846680885e-13
United States of America,Male,20-24 years,Prevalence,1996,504.20633523916,9365580.361302739,derived_proxy_NOT_OFFICIAL,47221.84951360336,47221.84951360302,-3.41970007866621e-10,-7.241774970463801e-13
United States of America,Male,20-24 years,Prevalence,1997,503.49433865768,9304651.062535413,derived_proxy_NOT_OFFICIAL,46848.39133171785,46848.391331717474,-3.7834979593753815e-10,-8.076046694081111e-13
United States of America,Male,20-24 years,Prevalence,1998,502.67699649619993,9381593.005800582,derived_proxy_NOT_OFFICIAL,47159.10994505582,47159.109945055934,1.1641532182693481e-10,2.468564863980005e-13
United States of America,Male,20-24 years,Prevalence,1999,502.05681650309,9543608.313864525,derived_proxy_NOT_OFFICIAL,47914.33608011212,47914.33608011246,3.346940502524376e-10,6.985259060938122e-13
United States of America,Male,20-24 years,Prevalence,2000,501.9339102407,9745877.62419597,derived_proxy_NOT_OFFICIAL,48917.864646400696,48917.864646400274,-4.220055416226387e-10,-8.626818539056758e-13
United States of America,Male,20-24 years,Prevalence,2001,502.97250936243,10079755.403079662,derived_proxy_NOT_OFFICIAL,50698.398688464345,50698.3986884649,5.529727786779404e-10,1.0907105411275267e-12
United States of America,Male,20-24 years,Prevalence,2002,505.13093193583,10340967.884184014,derived_proxy_NOT_OFFICIAL,52235.42744456334,52235.42744456359,2.473825588822365e-10,4.735915277897932e-13
United States of America,Male,20-24 years,Prevalence,2003,507.641307119,10518414.557537932,derived_proxy_NOT_OFFICIAL,53395.81714808052,53395.81714808074,2.255546860396862e-10,4.224201409150913e-13
United States of America,Male,20-24 years,Prevalence,2004,509.73265173441,10649475.929958872,derived_proxy_NOT_OFFICIAL,54283.85605359711,54283.856053597076,-3.637978807091713e-11,-6.701769313329102e-14
United States of America,Male,20-24 years,Prevalence,2005,510.65016418948,10704019.328940384,derived_proxy_NOT_OFFICIAL,54660.0922781076,54660.092278107746,1.4551915228366852e-10,2.662255883932192e-13
United States of America,Male,20-24 years,Prevalence,2006,510.4451827211,10768197.633000694,derived_proxy_NOT_OFFICIAL,54965.74608353897,54965.74608353956,5.893525667488575e-10,1.0722178970392537e-12
United States of America,Male,20-24 years,Prevalence,2007,509.67671350505,10812296.18010185,derived_proxy_NOT_OFFICIAL,55107.75582517496,55107.75582517516,2.0372681319713593e-10,3.696880958887952e-13
United States of America,Male,20-24 years,Prevalence,2008,508.50340182597,10879380.863079716,derived_proxy_NOT_OFFICIAL,55322.02178636434,55322.02178636393,-4.147295840084553e-10,-7.496645469863811e-13
United States of America,Male,20-24 years,Prevalence,2009,507.02104665768,11006093.755488858,derived_proxy_NOT_OFFICIAL,55803.21175520523,55803.211755205164,-6.548361852765083e-11,-1.1734740074623507e-13
United States of America,Male,20-24 years,Prevalence,2010,505.33287079923,11159827.5140943,derived_proxy_NOT_OFFICIAL,56394.27675321487,56394.276753215076,2.0372681319713593e-10,3.6125441255086593e-13
United States of America,Male,20-24 years,Prevalence,2011,501.5450082994,11313955.260756476,derived_proxy_NOT_OFFICIAL,56744.57785155111,56744.577851551476,3.637978807091713e-10,6.411147892595114e-13
United States of America,Male,20-24 years,Prevalence,2012,494.85088587707,11459404.47017825,derived_proxy_NOT_OFFICIAL,56706.964536913256,56706.964536913634,3.7834979593753815e-10,6.67201637448346e-13
United States of America,Male,20-24 years,Prevalence,2013,487.0160228188,11534476.581311354,derived_proxy_NOT_OFFICIAL,56174.74909926864,56174.749099268454,-1.8917489796876907e-10,-3.36761447095154e-13
United States of America,Male,20-24 years,Prevalence,2014,479.80631930851,11537026.579862595,derived_proxy_NOT_OFFICIAL,55355.38259048298,55355.38259048319,2.1100277081131935e-10,3.8117841650975453e-13
United States of America,Male,20-24 years,Prevalence,2015,474.96799037275,11457805.673775258,derived_proxy_NOT_OFFICIAL,54420.90934954549,54420.90934954527,-2.1827872842550278e-10,-4.0109349702978785e-13
United States of America,Male,20-24 years,Prevalence,2016,471.74986041653,11338618.207948163,derived_proxy_NOT_OFFICIAL,53489.91556915867,53489.915569158715,4.3655745685100555e-11,8.161490856843244e-14
United States of America,Male,20-24 years,Prevalence,2017,468.50463037226,11206884.609080728,derived_proxy_NOT_OFFICIAL,52504.77331401914,52504.77331401937,2.255546860396862e-10,4.2958891507005427e-13
United States of America,Male,20-24 years,Prevalence,2018,465.6333611087901,11084692.710126985,derived_proxy_NOT_OFFICIAL,51614.02723474532,51614.027234745314,-7.275957614183426e-12,-1.4096860880651116e-14
United States of America,Male,20-24 years,Prevalence,2019,463.54997548653,10994463.69355492,derived_proxy_NOT_OFFICIAL,50964.83375634935,50964.83375634927,-8.003553375601768e-11,-1.570407040639991e-13
United States of America,Male,20-24 years,Prevalence,2020,462.67196744403,10954342.61419098,derived_proxy_NOT_OFFICIAL,50682.67249363691,50682.6724936372,2.9103830456733704e-10,5.742363025625301e-13
United States of America,Male,20-24 years,Prevalence,2021,466.36317808072994,10928986.712554153,derived_proxy_NOT_OFFICIAL,50968.769764688186,50968.76976468824,5.093170329928398e-11,9.99272761230547e-14
United States of America,Male,20-24 years,Prevalence,2022,470.71969846492,10986271.340191033,derived_proxy_NOT_OFFICIAL,51714.54332508505,51714.54332508516,1.0913936421275139e-10,2.1104191818283238e-13
United States of America,Male,20-24 years,Prevalence,2023,470.27115125277,11070684.901490917,derived_proxy_NOT_OFFICIAL,52062.23733780817,52062.23733780792,-2.473825588822365e-10,-4.751669761656296e-13
United States of America,Male,25-29 years,Prevalence,1990,781.35005168109,10923338.006422458,derived_proxy_NOT_OFFICIAL,85349.50715848176,85349.50715848203,2.6193447411060333e-10,3.068962936414251e-13
United States of America,Male,25-29 years,Prevalence,1991,781.26581464293,10713439.708403394,derived_proxy_NOT_OFFICIAL,83700.44201413686,83700.44201413692,5.820766091346741e-11,6.95428357518545e-14
United States of America,Male,25-29 years,Prevalence,1992,781.1463305867401,10506438.021638311,derived_proxy_NOT_OFFICIAL,82070.6550813974,82070.65508139777,3.637978807091713e-10,4.432740062186146e-13
United States of America,Male,25-29 years,Prevalence,1993,781.0158386645901,10299048.784302197,derived_proxy_NOT_OFFICIAL,80437.20223719307,80437.20223719308,1.4551915228366852e-11,1.8091026072060778e-14
United States of America,Male,25-29 years,Prevalence,1994,780.8889084940699,10162856.474974468,derived_proxy_NOT_OFFICIAL,79360.61899924719,79360.61899924703,-1.6007106751203537e-10,-2.01700880777598e-13
United States of America,Male,25-29 years,Prevalence,1995,780.78541390557,10140933.08538062,derived_proxy_NOT_OFFICIAL,79178.92636457545,79178.92636457596,5.093170329928398e-10,6.432482181530407e-13
United States of America,Male,25-29 years,Prevalence,1996,780.5242101966701,10232862.066912899,derived_proxy_NOT_OFFICIAL,79869.96582828647,79869.96582828656,8.731149137020111e-11,1.0931705111520053e-13
United States of America,Male,25-29 years,Prevalence,1997,780.07010055825,10238930.353109712,derived_proxy_NOT_OFFICIAL,79870.83430159245,79870.83430159211,-3.346940502524376e-10,-4.1904413942720584e-13
United States of America,Male,25-29 years,Prevalence,1998,779.6344702295199,10159433.234086126,derived_proxy_NOT_OFFICIAL,79206.44347288895,79206.44347288915,2.0372681319713593e-10,2.572098989230191e-13
United States of America,Male,25-29 years,Prevalence,1999,779.4240070115101,9972436.981752358,derived_proxy_NOT_OFFICIAL,77727.56791987168,77727.56791987192,2.3283064365386963e-10,2.995470588940743e-13
United States of America,Male,25-29 years,Prevalence,2000,779.63516121161,9711374.430193247,derived_proxy_NOT_OFFICIAL,75713.28969470019,75713.28969470019,0.0,0.0
United States of America,Male,25-29 years,Prevalence,2001,781.33307997614,9532835.21788331,derived_proxy_NOT_OFFICIAL,74483.19501693812,74483.19501693784,-2.764863893389702e-10,-3.7120640337205567e-13
United States of America,Male,25-29 years,Prevalence,2002,784.6382129412299,9509634.207351021,derived_proxy_NOT_OFFICIAL,74616.22390180675,74616.22390180695,2.0372681319713593e-10,2.7303286409298304e-13
United States of America,Male,25-29 years,Prevalence,2003,788.4069393570701,9600480.536126204,derived_proxy_NOT_OFFICIAL,75690.85475844331,75690.85475844383,5.238689482212067e-10,6.921165706122101e-13
United States of America,Male,25-29 years,Prevalence,2004,791.48181239599,9792161.873291066,derived_proxy_NOT_OFFICIAL,77503.18026747333,77503.18026747326,-7.275957614183426e-11,-9.387947164326896e-14
United States of America,Male,25-29 years,Prevalence,2005,792.7229202388299,10029398.514912736,derived_proxy_NOT_OFFICIAL,79505.34078980605,79505.34078980608,2.9103830456733704e-11,3.660613257878811e-14
United States of America,Male,25-29 years,Prevalence,2006,791.8287158348201,10285388.636720559,derived_proxy_NOT_OFFICIAL,81442.66076076425,81442.6607607649,6.548361852765083e-10,8.040456674175627e-13
United States of America,Male,25-29 years,Prevalence,2007,789.4421990059001,10481909.24955501,derived_proxy_NOT_OFFICIAL,82748.61487748918,82748.6148774899,7.275957614183426e-10,8.792845203458225e-13
United States of America,Male,25-29 years,Prevalence,2008,786.10028040168,10638125.351841662,derived_proxy_NOT_OFFICIAL,83626.33322030942,83626.33322030952,1.0186340659856796e-10,1.2180781181713884e-13
United States of America,Male,25-29 years,Prevalence,2009,782.2886374325201,10726507.76725822,derived_proxy_NOT_OFFICIAL,83912.25145657771,83912.25145657775,4.3655745685100555e-11,5.20254729521722e-14
United States of America,Male,25-29 years,Prevalence,2010,778.4816119368801,10754626.653171958,derived_proxy_NOT_OFFICIAL,83722.79092740658,83722.7909274064,-1.7462298274040222e-10,-2.0857281608279443e-13
United States of America,Male,25-29 years,Prevalence,2011,772.4783056319,10806234.385354495,derived_proxy_NOT_OFFICIAL,83475.81628259778,83475.81628259816,3.7834979593753815e-10,4.532447992562042e-13
United States of America,Male,25-29 years,Prevalence,2012,763.27707999145,10865289.515247269,derived_proxy_NOT_OFFICIAL,82932.26454459685,82932.26454459653,-3.2014213502407074e-10,-3.8602844958118103e-13
United States of America,Male,25-29 years,Prevalence,2013,753.18754198493,10950894.015615704,derived_proxy_NOT_OFFICIAL,82480.76946159088,82480.76946159072,-1.6007106751203537e-10,-1.9407077377785162e-13
United States of America,Male,25-29 years,Prevalence,2014,744.51037061295,11122251.289453948,derived_proxy_NOT_OFFICIAL,82806.31429561709,82806.31429561721,1.1641532182693481e-10,1.4058749361954955e-13
United States of America,Male,25-29 years,Prevalence,2015,739.5353408749,11330053.409369374,derived_proxy_NOT_OFFICIAL,83789.7491022883,83789.74910228804,-2.6193447411060333e-10,-3.126092116481226e-13
United States of America,Male,25-29 years,Prevalence,2016,737.23656299002,11529531.863043368,derived_proxy_NOT_OFFICIAL,84999.92443593964,84999.92443594015,5.093170329928398e-10,5.991970420828875e-13
United States of America,Male,25-29 years,Prevalence,2017,735.17851785244,11696675.43045013,derived_proxy_NOT_OFFICIAL,85991.44506759418,85991.44506759377,-4.0745362639427185e-10,-4.738304212401479e-13
United States of America,Male,25-29 years,Prevalence,2018,733.53004372594,11766814.454029925,derived_proxy_NOT_OFFICIAL,86313.11920979571,86313.11920979593,2.1827872842550278e-10,2.528917161421855e-13
United States of America,Male,25-29 years,Prevalence,2019,732.4665989495301,11730345.48879876,derived_proxy_NOT_OFFICIAL,85920.86264683316,85920.86264683389,7.275957614183426e-10,8.468208290796997e-13
United States of America,Male,25-29 years,Prevalence,2020,732.1639767835,11579709.090034332,derived_proxy_NOT_OFFICIAL,84782.45857355611,84782.4585735558,-3.055902197957039e-10,-3.604403846469939e-13
United States of America,Male,25-29 years,Prevalence,2021,737.82486477079,11373821.57352305,derived_proxy_NOT_OFFICIAL,83918.88364411728,83918.88364411738,1.0186340659856796e-10,1.2138317643803476e-13
United States of America,Male,25-29 years,Prevalence,2022,743.37989335125,11240233.35142159,derived_proxy_NOT_OFFICIAL,83557.6347002296,83557.63470022945,-1.4551915228366852e-10,-1.741542263681007e-13
United States of America,Male,25-29 years,Prevalence,2023,731.06165134711,11169651.166496312,derived_proxy_NOT_OFFICIAL,81657.03626749951,81657.03626749967,1.6007106751203537e-10,1.960285051096639e-13
United States of America,Male,30-34 years,Prevalence,1990,871.19747490663,11134309.472872403,derived_proxy_NOT_OFFICIAL,97001.82297595404,97001.82297595407,2.9103830456733704e-11,3.0003385053854405e-14
United States of America,Male,30-34 years,Prevalence,1991,870.87472895924,11248892.413917243,derived_proxy_NOT_OFFICIAL,97963.76132061816,97963.7613206183,1.4551915228366852e-10,1.4854385981302813e-13
United States of America,Male,30-34 years,Prevalence,1992,870.58087444281,11285387.627054833,derived_proxy_NOT_OFFICIAL,98248.42628787427,98248.42628787464,3.637978807091713e-10,3.702836721712161e-13
United States of America,Male,30-34 years,Prevalence,1993,870.32731688506,11266151.44024086,derived_proxy_NOT_OFFICIAL,98052.39354605557,98052.39354605581,2.473825588822365e-10,2.522962978624688e-13
United States of America,Male,30-34 years,Prevalence,1994,870.13040267859,11275331.40232702,derived_proxy_NOT_OFFICIAL,98110.08653441316,98110.08653441361,4.511093720793724e-10,4.597991786717475e-13
United States of America,Male,30-34 years,Prevalence,1995,870.0087593799,11145440.726630349,derived_proxy_NOT_OFFICIAL,96966.31059317855,96966.3105931788,2.473825588822365e-10,2.551221732258415e-13
United States of America,Male,30-34 years,Prevalence,1996,869.88681568531,10945221.885846939,derived_proxy_NOT_OFFICIAL,95211.04213248522,95211.04213248559,3.637978807091713e-10,3.8209631210941914e-13
United States of America,Male,30-34 years,Prevalence,1997,869.73947732362,10734460.638021486,derived_proxy_NOT_OFFICIAL,93361.8418466379,93361.8418466378,-8.731149137020111e-11,-9.351946110234686e-14
United States of America,Male,30-34 years,Prevalence,1998,869.6492537196799,10515984.623298673,derived_proxy_NOT_OFFICIAL,91452.18179779303,91452.1817977932,1.6007106751203537e-10,1.75032529968463e-13
United States of America,Male,30-34 years,Prevalence,1999,869.69530525303,10354426.212635651,derived_proxy_NOT_OFFICIAL,90051.9586571815,90051.95865718137,-1.3096723705530167e-10,-1.4543518987063946e-13
United States of America,Male,30-34 years,Prevalence,2000,869.9561226056999,10301551.786756111,derived_proxy_NOT_OFFICIAL,89618.98049228152,89618.98049228167,1.4551915228366852e-10,1.6237537124872943e-13
United States of America,Male,30-34 years,Prevalence,2001,871.1962988002,10408277.234079508,derived_proxy_NOT_OFFICIAL,90676.526032164,90676.5260321645,5.093170329928398e-10,5.616856481821759e-13
United States of America,Male,30-34 years,Prevalence,2002,873.57948114779,10428943.396229912,derived_proxy_NOT_OFFICIAL,91105.10960998178,91105.10960998197,1.8917489796876907e-10,2.0764466315733672e-13
United States of America,Male,30-34 years,Prevalence,2003,876.2709344456699,10352242.119216923,derived_proxy_NOT_OFFICIAL,90713.68875414,90713.68875414036,3.4924596548080444e-10,3.849980860411935e-13
United States of America,Male,30-34 years,Prevalence,2004,878.43123936782,10186028.340412777,derived_proxy_NOT_OFFICIAL,89477.25499304512,89477.25499304535,2.3283064365386963e-10,2.602120993452102e-13
United States of America,Male,30-34 years,Prevalence,2005,879.2336874993899,9954724.054189749,derived_proxy_NOT_OFFICIAL,87525.28738204105,87525.28738204131,2.6193447411060333e-10,2.9926719688137646e-13
United States of America,Male,30-34 years,Prevalence,2006,878.06552502695,9722481.005422542,derived_proxy_NOT_OFFICIAL,85369.75388590877,85369.75388590893,1.6007106751203537e-10,1.875032552231088e-13
United States of America,Male,30-34 years,Prevalence,2007,875.23229020219,9655373.41318465,derived_proxy_NOT_OFFICIAL,84506.94585178919,84506.94585178938,1.8917489796876907e-10,2.2385721796235503e-13
United States of America,Male,30-34 years,Prevalence,2008,871.4497336636699,9731970.49035619,derived_proxy_NOT_OFFICIAL,84809.23091843596,84809.23091843598,1.4551915228366852e-11,1.715840961034294e-14
United States of America,Male,30-34 years,Prevalence,2009,867.3910304387199,9893516.524094567,derived_proxy_NOT_OFFICIAL,85815.4749249689,85815.47492496888,-2.9103830456733704e-11,-3.3914431496393945e-14
United States of America,Male,30-34 years,Prevalence,2010,863.72782687501,10113615.075042779,derived_proxy_NOT_OFFICIAL,87354.10770616995,87354.10770617041,4.656612873077393e-10,5.330731427926302e-13
United States of America,Male,30-34 years,Prevalence,2011,859.0383607263699,10359162.479162175,derived_proxy_NOT_OFFICIAL,88989.1795459757,88989.17954597593,2.3283064365386963e-10,2.616392743946798e-13
United States of America,Male,30-34 years,Prevalence,2012,852.4515293619,10574852.570801128,derived_proxy_NOT_OFFICIAL,90145.49246756024,90145.49246756043,1.8917489796876907e-10,2.098550829225827e-13
United States of America,Male,30-34 years,Prevalence,2013,845.46493716685,10760354.635306759,derived_proxy_NOT_OFFICIAL,90975.02555632664,90975.02555632652,-1.1641532182693481e-10,-1.2796404410445258e-13
United States of America,Male,30-34 years,Prevalence,2014,839.58680744722,10895685.331454208,derived_proxy_NOT_OFFICIAL,91478.73662385112,91478.73662385145,3.346940502524376e-10,3.6587087076711257e-13
United States of America,Male,30-34 years,Prevalence,2015,836.31661723307,10977462.22606663,derived_proxy_NOT_OFFICIAL,91806.34074707824,91806.34074707852,2.764863893389702e-10,3.011626289524773e-13
United States of America,Male,30-34 years,Prevalence,2016,834.9198050410599,11071989.683387179,derived_proxy_NOT_OFFICIAL,92442.23467870217,92442.2346787025,3.346940502524376e-10,3.620575069563393e-13
United States of America,Male,30-34 years,Prevalence,2017,833.72619817003,11153324.583020583,derived_proxy_NOT_OFFICIAL,92988.18901558018,92988.18901558087,6.83940015733242e-10,7.355127817562377e-13
United States of America,Male,30-34 years,Prevalence,2018,832.84648367203,11244620.099751743,derived_proxy_NOT_OFFICIAL,93650.42310306094,93650.4231030607,-2.3283064365386963e-10,-2.4861675573813787e-13
United States of America,Male,30-34 years,Prevalence,2019,832.38113333513,11401691.032486796,derived_proxy_NOT_OFFICIAL,94905.5250355833,94905.52503558347,1.7462298274040222e-10,1.8399664579583766e-13
United States of America,Male,30-34 years,Prevalence,2020,832.4418759478199,11567467.412742972,derived_proxy_NOT_OFFICIAL,96292.4427302902,96292.44273029034,1.3096723705530167e-10,1.3600988129684657e-13
United States of America,Male,30-34 years,Prevalence,2021,838.5553724384299,11706103.035111902,derived_proxy_NOT_OFFICIAL,98162.15590410876,98162.15590410896,2.0372681319713593e-10,2.0754109495735777e-13
United States of America,Male,30-34 years,Prevalence,2022,844.3129888452199,11858406.319730546,derived_proxy_NOT_OFFICIAL,100122.064827527,100122.06482752743,4.220055416226387e-10,4.2149104930026857e-13
United States of America,Male,30-34 years,Prevalence,2023,825.82696652862,11948148.121294558,derived_proxy_NOT_OFFICIAL,98671.0291864333,98671.02918643314,-1.6007106751203537e-10,-1.6222701722264415e-13
United States of America,Male,35-39 years,Prevalence,1990,879.83633059442,10114807.254022676,derived_proxy_NOT_OFFICIAL,88993.74899049118,88993.74899049134,1.6007106751203537e-10,1.798677652394874e-13
United States of America,Male,35-39 years,Prevalence,1991,879.56924964072,10356835.808295032,derived_proxy_NOT_OFFICIAL,91095.54300554204,91095.54300554201,-2.9103830456733704e-11,-3.194868760479653e-14
United States of America,Male,35-39 years,Prevalence,1992,879.32111552482,10610624.956899246,derived_proxy_NOT_OFFICIAL,93301.46573516144,93301.4657351614,-4.3655745685100555e-11,-4.678998914016902e-14
United States of America,Male,35-39 years,Prevalence,1993,879.1101269092501,10847660.041541506,derived_proxy_NOT_OFFICIAL,95362.87795787989,95362.87795787954,-3.4924596548080444e-10,-3.6622842447672384e-13
United States of America,Male,35-39 years,Prevalence,1994,878.95353064104,11007562.292682998,derived_proxy_NOT_OFFICIAL,96751.35740904872,96751.35740904901,2.9103830456733704e-10,3.008105646899353e-13
United States of America,Male,35-39 years,Prevalence,1995,878.85547867825,11182250.917044943,derived_proxy_NOT_OFFICIAL,98275.8248239978,98275.82482399834,5.384208634495735e-10,5.478670511428742e-13
United States of America,Male,35-39 years,Prevalence,1996,878.7627339760601,11314163.753831249,derived_proxy_NOT_OFFICIAL,99424.65472969555,99424.65472969592,3.637978807091713e-10,3.6590308681304816e-13
United States of America,Male,35-39 years,Prevalence,1997,878.64314437334,11371166.74587192,derived_proxy_NOT_OFFICIAL,99911.9770478646,99911.97704786465,5.820766091346741e-11,5.825894215423442e-14
United States of America,Male,35-39 years,Prevalence,1998,878.54694039838,11369304.299400453,derived_proxy_NOT_OFFICIAL,99884.67506696378,99884.67506696415,3.637978807091713e-10,3.64217914775492e-13
United States of America,Male,35-39 years,Prevalence,1999,878.5266835910201,11391159.210789459,derived_proxy_NOT_OFFICIAL,100074.37323712176,100074.37323712165,-1.1641532182693481e-10,-1.1632880432944996e-13
United States of America,Male,35-39 years,Prevalence,2000,878.63703415981,11276067.618916648,derived_proxy_NOT_OFFICIAL,99075.70609670391,99075.70609670394,2.9103830456733704e-11,2.9375344979450964e-14
United States of America,Male,35-39 years,Prevalence,2001,879.28972557492,11103049.705809873,derived_proxy_NOT_OFFICIAL,97627.97528866275,97627.97528866258,-1.7462298274040222e-10,-1.7886572186310686e-13
United States of America,Male,35-39 years,Prevalence,2002,880.5520297598299,10899887.025995938,derived_proxy_NOT_OFFICIAL,95979.17644893518,95979.17644893558,4.0745362639427185e-10,4.245229449442648e-13
United States of America,Male,35-39 years,Prevalence,2003,881.9676241662701,10677629.98208631,derived_proxy_NOT_OFFICIAL,94173.2394702713,94173.23947027195,6.402842700481415e-10,6.799004405601519e-13
United States of America,Male,35-39 years,Prevalence,2004,883.07401927372,10518189.675279826,derived_proxy_NOT_OFFICIAL,92883.40032032652,92883.400320327,4.802132025361061e-10,5.170064843448854e-13
United States of America,Male,35-39 years,Prevalence,2005,883.4179213719699,10477647.816234592,derived_proxy_NOT_OFFICIAL,92561.41854685526,92561.41854685525,-1.4551915228366852e-11,-1.572136150981801e-14
United States of America,Male,35-39 years,Prevalence,2006,882.5779181232999,10556749.138482986,derived_proxy_NOT_OFFICIAL,93171.5367679228,93171.53676792253,-2.6193447411060333e-10,-2.8113143047435753e-13
United States of America,Male,35-39 years,Prevalence,2007,880.7153717494499,10553176.98673803,derived_proxy_NOT_OFFICIAL,92943.45193012716,92943.45193012724,7.275957614183426e-11,7.828370329577742e-14
United States of America,Male,35-39 years,Prevalence,2008,878.32107434526,10468627.211110234,derived_proxy_NOT_OFFICIAL,91948.1589898237,91948.15898982363,-7.275957614183426e-11,-7.913108532155263e-14
United States of America,Male,35-39 years,Prevalence,2009,875.8598735698399,10290372.572574448,derived_proxy_NOT_OFFICIAL,90129.24420401562,90129.24420401604,4.220055416226387e-10,4.682226566411579e-13
United States of America,Male,35-39 years,Prevalence,2010,873.7812682603799,10059995.0158712,derived_proxy_NOT_OFFICIAL,87902.35203660987,87902.35203661038,5.093170329928398e-10,5.794122923817985e-13
United States of America,Male,35-39 years,Prevalence,2011,871.09345598818,9829479.316113792,derived_proxy_NOT_OFFICIAL,85623.95108037897,85623.95108037896,-1.4551915228366852e-11,-1.6995145686171767e-14
United States of America,Male,35-39 years,Prevalence,2012,867.10789345803,9777091.663972978,derived_proxy_NOT_OFFICIAL,84777.93356893622,84777.93356893674,5.238689482212067e-10,6.179307824190224e-13
United States of America,Male,35-39 years,Prevalence,2013,862.76935481664,9872197.143140286,derived_proxy_NOT_OFFICIAL,85174.29159809777,85174.2915980982,4.3655745685100555e-10,5.125460378478279e-13
United States of America,Male,35-39 years,Prevalence,2014,859.02292540603,10061055.276201524,derived_proxy_NOT_OFFICIAL,86426.77136034408,86426.77136034406,-1.4551915228366852e-11,-1.6837277384451538e-14
United States of America,Male,35-39 years,Prevalence,2015,856.80673794467,10314696.326153483,derived_proxy_NOT_OFFICIAL,88377.01312101459,88377.01312101439,-2.0372681319713593e-10,-2.3052013866792817e-13
United States of America,Male,35-39 years,Prevalence,2016,855.5998454001001,10591712.112730715,derived_proxy_NOT_OFFICIAL,90622.67246174764,90622.67246174769,4.3655745685100555e-11,4.817309454599002e-14
United States of America,Male,35-39 years,Prevalence,2017,854.39088449355,10829528.086504854,derived_proxy_NOT_OFFICIAL,92526.50080476578,92526.50080476624,4.656612873077393e-10,5.032734224871436e-13
United States of America,Male,35-39 years,Prevalence,2018,853.36886880735,11027668.277793705,derived_proxy_NOT_OFFICIAL,94106.6880380344,94106.68803803512,7.275957614183426e-10,7.731605230058417e-13
United States of America,Male,35-39 years,Prevalence,2019,852.7383918736999,11156298.394584633,derived_proxy_NOT_OFFICIAL,95134.03952261266,95134.0395226124,-2.6193447411060333e-10,-2.7533202145625643e-13
United States of America,Male,35-39 years,Prevalence,2020,852.70480097952,11214974.047238816,derived_proxy_NOT_OFFICIAL,95630.62212941266,95630.62212941256,-1.0186340659856796e-10,-1.0651756135259766e-13
United States of America,Male,35-39 years,Prevalence,2021,858.46467688632,11269957.53071883,derived_proxy_NOT_OFFICIAL,96748.60450131094,96748.60450131088,-5.820766091346741e-11,-6.01638248050169e-14
United States of America,Male,35-39 years,Prevalence,2022,863.9029920320199,11335073.003787797,derived_proxy_NOT_OFFICIAL,97924.03482873586,97924.03482873653,6.693881005048752e-10,6.835789616671747e-13
United States of America,Male,35-39 years,Prevalence,2023,847.1689350234599,11430970.237131624,derived_proxy_NOT_OFFICIAL,96839.62882075632,96839.62882075664,3.2014213502407074e-10,3.305900063047871e-13
United States of America,Male,40-44 years,Prevalence,1990,846.31180939509,8927684.514486313,derived_proxy_NOT_OFFICIAL,75556.04835163435,75556.04835163437,1.4551915228366852e-11,1.9259762184283265e-14
United States of America,Male,40-44 years,Prevalence,1991,845.9539560592399,9398982.213466972,derived_proxy_NOT_OFFICIAL,79511.06186412832,79511.06186412816,-1.6007106751203537e-10,-2.0131924257982015e-13
United States of America,Male,40-44 years,Prevalence,1992,845.61912086268,9460885.276952233,derived_proxy_NOT_OFFICIAL,80003.05490479033,80003.0549047902,-1.3096723705530167e-10,-1.6370279511346479e-13
United States of America,Male,40-44 years,Prevalence,1993,845.32881515235,9578814.378473807,derived_proxy_NOT_OFFICIAL,80972.47809119552,80972.47809119557,5.820766091346741e-11,7.188573486402483e-14
United States of America,Male,40-44 years,Prevalence,1994,845.0975835008401,9816162.995630855,derived_proxy_NOT_OFFICIAL,82956.15626858028,82956.15626858003,-2.473825588822365e-10,-2.9820880090117295e-13
United States of America,Male,40-44 years,Prevalence,1995,844.95261436573,10055346.210195467,derived_proxy_NOT_OFFICIAL,84962.91068657138,84962.91068657195,5.675246939063072e-10,6.679675746984573e-13
United States of America,Male,40-44 years,Prevalence,1996,844.8068630032401,10299044.12161166,derived_proxy_NOT_OFFICIAL,87007.03156310643,87007.03156310707,6.402842700481415e-10,7.358994538087897e-13
United States of America,Male,40-44 years,Prevalence,1997,844.59331133251,10553158.9126929,derived_proxy_NOT_OFFICIAL,89131.27431089494,89131.27431089488,-5.820766091346741e-11,-6.53055410275363e-14
United States of America,Male,40-44 years,Prevalence,1998,844.37222950231,10796704.463218298,derived_proxy_NOT_OFFICIAL,91164.37418885152,91164.37418885175,2.3283064365386963e-10,2.5539652493149286e-13
United States of America,Male,40-44 years,Prevalence,1999,844.20296921321,10968176.365553657,derived_proxy_NOT_OFFICIAL,92593.67054654552,92593.67054654553,1.4551915228366852e-11,1.5715885483826686e-14
United States of America,Male,40-44 years,Prevalence,2000,844.1366584793,11149830.606841668,derived_proxy_NOT_OFFICIAL,94119.8075106952,94119.80751069551,3.055902197957039e-10,3.2468215551862286e-13
United States of America,Male,40-44 years,Prevalence,2001,844.22209586828,11290093.365310302,derived_proxy_NOT_OFFICIAL,95313.4628341076,95313.46283410826,6.548361852765083e-10,6.870343032402946e-13
United States of America,Male,40-44 years,Prevalence,2002,844.4184273704599,11354299.136232704,derived_proxy_NOT_OFFICIAL,95877.79420511352,95877.79420511391,3.92901711165905e-10,4.0979427449630467e-13
United States of America,Male,40-44 years,Prevalence,2003,844.65403669217,11350942.104181359,derived_proxy_NOT_OFFICIAL,95876.19068555892,95876.19068555899,7.275957614183426e-11,7.588909782665517e-14
United States of America,Male,40-44 years,Prevalence,2004,844.8545946059901,11373497.902435588,derived_proxy_NOT_OFFICIAL,96089.51959614232,96089.51959614299,6.693881005048752e-10,6.966296671252678e-13
United States of America,Male,40-44 years,Prevalence,2005,844.95300278349,11268051.912069168,derived_proxy_NOT_OFFICIAL,95209.74298623097,95209.74298623089,-7.275957614183426e-11,-7.642030517019314e-14
United States of America,Male,40-44 years,Prevalence,2006,845.11904129659,11083674.767209198,derived_proxy_NOT_OFFICIAL,93670.24593307,93670.24593307043,4.3655745685100555e-10,4.6605776733301e-13
United States of America,Male,40-44 years,Prevalence,2007,845.42810657888,10871921.181094192,derived_proxy_NOT_OFFICIAL,91914.27739007249,91914.27739007284,3.4924596548080444e-10,3.799692228429856e-13
United States of America,Male,40-44 years,Prevalence,2008,845.72607703881,10653092.195375435,derived_proxy_NOT_OFFICIAL,90095.97870727604,90095.9787072763,2.6193447411060333e-10,2.907282632021065e-13
United States of America,Male,40-44 years,Prevalence,2009,845.8466379455799,10488530.277018555,derived_proxy_NOT_OFFICIAL,88716.88071806602,88716.88071806566,-3.637978807091713e-10,-4.100661314561848e-13
United States of America,Male,40-44 years,Prevalence,2010,845.61686562669,10449338.655608306,derived_proxy_NOT_OFFICIAL,88361.37001827318,88361.37001827307,-1.1641532182693481e-10,-1.317491136713476e-13
United States of America,Male,40-44 years,Prevalence,2011,844.3199102382999,10532465.268315937,derived_proxy_NOT_OFFICIAL,88927.70129932488,88927.70129932524,3.637978807091713e-10,4.090939891549105e-13
United States of America,Male,40-44 years,Prevalence,2012,841.84583276392,10543849.359398745,derived_proxy_NOT_OFFICIAL,88762.95644500351,88762.9564450036,8.731149137020111e-11,9.836478511652357e-14
United States of America,Male,40-44 years,Prevalence,2013,838.9077526153101,10475489.662726173,derived_proxy_NOT_OFFICIAL,87879.69490502475,87879.69490502527,5.238689482212067e-10,5.961205814236994e-13
United States of America,Male,40-44 years,Prevalence,2014,836.22110898251,10321756.521089762,derived_proxy_NOT_OFFICIAL,86312.70684713128,86312.70684713137,8.731149137020111e-11,1.0115716973728883e-13
United States of America,Male,40-44 years,Prevalence,2015,834.4952500899301,10116840.824382497,derived_proxy_NOT_OFFICIAL,84424.55613863055,84424.55613863087,3.2014213502407074e-10,3.7920499635008655e-13
United States of America,Male,40-44 years,Prevalence,2016,833.18641369559,9900702.22396957,derived_proxy_NOT_OFFICIAL,82491.30579057112,82491.30579057157,4.511093720793724e-10,5.468568690434464e-13
United States of America,Male,40-44 years,Prevalence,2017,831.5228446059,9857740.026171818,derived_proxy_NOT_OFFICIAL,81969.36027947834,81969.3602794783,-4.3655745685100555e-11,-5.325861460459648e-14
United States of America,Male,40-44 years,Prevalence,2018,829.8933572768501,9955052.280475914,derived_proxy_NOT_OFFICIAL,82616.31758910728,82616.3175891072,-7.275957614183426e-11,-8.806925588683875e-14
United States of America,Male,40-44 years,Prevalence,2019,828.68484199781,10136147.614292381,derived_proxy_NOT_OFFICIAL,83996.71884216317,83996.71884216361,4.3655745685100555e-10,5.197315595997665e-13
United States of America,Male,40-44 years,Prevalence,2020,828.28942510744,10368847.821568955,derived_proxy_NOT_OFFICIAL,85884.07001153888,85884.07001153882,-5.820766091346741e-11,-6.777468849071425e-14
United States of America,Male,40-44 years,Prevalence,2021,832.95525214082,10614627.111028649,derived_proxy_NOT_OFFICIAL,88415.09401647646,88415.09401647652,5.820766091346741e-11,6.583452922938724e-14
United States of America,Male,40-44 years,Prevalence,2022,837.5231199736,10836675.991685472,derived_proxy_NOT_OFFICIAL,90759.66686699424,90759.66686699423,-1.4551915228366852e-11,-1.603346038025049e-14
United States of America,Male,40-44 years,Prevalence,2023,827.27453401224,11034382.594724854,derived_proxy_NOT_OFFICIAL,91284.63719163807,91284.63719163777,-3.055902197957039e-10,-3.347663190621705e-13
United States of America,Male,45-49 years,Prevalence,1990,791.44548797148,6871799.877347618,derived_proxy_NOT_OFFICIAL,54386.55007169708,54386.55007169743,3.4924596548080444e-10,6.421550273374539e-13
United States of America,Male,45-49 years,Prevalence,1991,791.01327291683,7031726.290817872,derived_proxy_NOT_OFFICIAL,55621.88827555173,55621.88827555166,-7.275957614183426e-11,-1.3081105010563852e-13
United States of America,Male,45-49 years,Prevalence,1992,790.59228205115,7590294.390480838,derived_proxy_NOT_OFFICIAL,60008.281636103,60008.28163610289,-1.0913936421275139e-10,-1.8187383680570096e-13
United States of America,Male,45-49 years,Prevalence,1993,790.21322800901,7980335.496687604,derived_proxy_NOT_OFFICIAL,63061.66673432363,63061.666734323975,3.41970007866621e-10,5.422787337786796e-13
United States of America,Male,45-49 years,Prevalence,1994,789.91909777459,8325501.509652177,derived_proxy_NOT_OFFICIAL,65764.72641025393,65764.72641025434,4.0745362639427185e-10,6.195625658844714e-13
United States of America,Male,45-49 years,Prevalence,1995,789.7459572926001,8758359.317048352,derived_proxy_NOT_OFFICIAL,69168.78863154902,69168.78863154913,1.1641532182693481e-10,1.6830614519947785e-13
United States of America,Male,45-49 years,Prevalence,1996,789.61353623012,9221786.222268581,derived_proxy_NOT_OFFICIAL,72816.47229323667,72816.47229323693,2.6193447411060333e-10,3.5971870905222676e-13
United States of America,Male,45-49 years,Prevalence,1997,789.4471373321501,9291101.973606374,derived_proxy_NOT_OFFICIAL,73348.33855724607,73348.33855724642,3.4924596548080444e-10,4.761470707454798e-13
United States of America,Male,45-49 years,Prevalence,1998,789.27083250286,9418741.80897231,derived_proxy_NOT_OFFICIAL,74339.38188697048,74339.38188697069,2.0372681319713593e-10,2.740496463999296e-13
United States of America,Male,45-49 years,Prevalence,1999,789.0972547148101,9661061.847543653,derived_proxy_NOT_OFFICIAL,76235.17381526697,76235.17381526687,-1.0186340659856796e-10,-1.336173337066212e-13
United States of America,Male,45-49 years,Prevalence,2000,788.9498979832699,9914337.311707173,derived_proxy_NOT_OFFICIAL,78219.15410643096,78219.154106431,4.3655745685100555e-11,5.581209127587753e-14
United States of America,Male,45-49 years,Prevalence,2001,788.61471251322,10169531.485354856,derived_proxy_NOT_OFFICIAL,80198.42148717222,80198.42148717259,3.637978807091713e-10,4.536222458784441e-13
United States of America,Male,45-49 years,Prevalence,2002,788.00653606018,10426550.24456131,derived_proxy_NOT_OFFICIAL,82161.89741274144,82161.89741274182,3.7834979593753815e-10,4.604930117873163e-13
United States of America,Male,45-49 years,Prevalence,2003,787.3547575597,10670274.729882926,derived_proxy_NOT_OFFICIAL,84012.91573042402,84012.91573042366,-3.637978807091713e-10,-4.3302613359653617e-13
United States of America,Male,45-49 years,Prevalence,2004,786.8886194981301,10848260.640767535,derived_proxy_NOT_OFFICIAL,85363.72839569424,85363.72839569466,4.220055416226387e-10,4.943616563541814e-13
United States of America,Male,45-49 years,Prevalence,2005,786.82715003629,11032274.100504985,derived_proxy_NOT_OFFICIAL,86804.9278891951,86804.92788919511,1.4551915228366852e-11,1.6763927558285754e-14
United States of America,Male,45-49 years,Prevalence,2006,787.75383634608,11175159.088897951,derived_proxy_NOT_OFFICIAL,88032.74444057126,88032.74444057124,-1.4551915228366852e-11,-1.653011651612258e-14
United States of America,Male,45-49 years,Prevalence,2007,789.6398816828,11243598.53075748,derived_proxy_NOT_OFFICIAL,88783.93813516202,88783.93813516242,3.92901711165905e-10,4.425369266316652e-13
United States of America,Male,45-49 years,Prevalence,2008,791.82305589132,11252817.290480543,derived_proxy_NOT_OFFICIAL,89102.4017433495,89102.40174334988,3.7834979593753815e-10,4.2462356629548174e-13
United States of America,Male,45-49 years,Prevalence,2009,793.63493412072,11281344.622948898,derived_proxy_NOT_OFFICIAL,89532.6919662713,89532.69196627187,5.675246939063072e-10,6.338742658604577e-13
United States of America,Male,45-49 years,Prevalence,2010,794.4082503835199,11188022.492189389,derived_proxy_NOT_OFFICIAL,88878.57373271622,88878.57373271641,1.8917489796876907e-10,2.128464600902273e-13
United States of America,Male,45-49 years,Prevalence,2011,793.88890735048,11015918.030241128,derived_proxy_NOT_OFFICIAL,87454.15128490586,87454.15128490582,-4.3655745685100555e-11,-4.991843731108887e-14
United States of America,Male,45-49 years,Prevalence,2012,792.55069167391,10819692.252639942,derived_proxy_NOT_OFFICIAL,85751.5457852859,85751.54578528632,4.220055416226387e-10,4.921258710359606e-13
United States of America,Male,45-49 years,Prevalence,2013,790.82859099475,10618282.521475248,derived_proxy_NOT_OFFICIAL,83972.41405242444,83972.41405242452,7.275957614183426e-11,8.664699825874966e-14
United States of America,Male,45-49 years,Prevalence,2014,789.15861581186,10473957.168728065,derived_proxy_NOT_OFFICIAL,82656.13541346147,82656.13541346148,1.4551915228366852e-11,1.7605366081507982e-14
United States of America,Male,45-49 years,Prevalence,2015,787.9741786753301,10456594.534680843,derived_proxy_NOT_OFFICIAL,82395.2649020611,82395.26490206084,-2.6193447411060333e-10,-3.178999113868388e-13
United States of America,Male,45-49 years,Prevalence,2016,786.6633413005401,10558664.046632651,derived_proxy_NOT_OFFICIAL,83061.13938593894,83061.13938593923,2.9103830456733704e-10,3.503904554150694e-13
United States of America,Male,45-49 years,Prevalence,2017,784.6996888022101,10579602.533208722,derived_proxy_NOT_OFFICIAL,83018.1081545994,83018.10815459957,1.7462298274040222e-10,2.1034324513299297e-13
United States of America,Male,45-49 years,Prevalence,2018,782.62184595781,10513160.202566735,derived_proxy_NOT_OFFICIAL,82278.28844582991,82278.28844582962,-2.9103830456733704e-10,-3.5372430572489343e-13
United States of America,Male,45-49 years,Prevalence,2019,780.96800596938,10358268.20532393,derived_proxy_NOT_OFFICIAL,80894.76065607819,80894.7606560786,4.0745362639427185e-10,5.036835798631626e-13
United States of America,Male,45-49 years,Prevalence,2020,780.27470029828,10143710.67967561,derived_proxy_NOT_OFFICIAL,79148.80810496319,79148.8081049635,3.055902197957039e-10,3.8609579488606506e-13
United States of America,Male,45-49 years,Prevalence,2021,783.7940507877399,9902197.19446759,derived_proxy_NOT_OFFICIAL,77612.83250750726,77612.83250750745,1.8917489796876907e-10,2.437417780757721e-13
United States of America,Male,45-49 years,Prevalence,2022,787.47917189705,9843724.676330745,derived_proxy_NOT_OFFICIAL,77517.28156499442,77517.28156499492,4.94765117764473e-10,6.382642783333891e-13
United States of America,Male,45-49 years,Prevalence,2023,782.59534372628,9934667.07737422,derived_proxy_NOT_OFFICIAL,77748.24196223816,77748.24196223835,1.8917489796876907e-10,2.4331726762471383e-13
United States of America,Male,50-54 years,Prevalence,1990,724.09848317669,5577492.794117403,derived_proxy_NOT_OFFICIAL,40386.54072149338,40386.5407214933,-8.003553375601768e-11,-1.981737785069159e-13
United States of America,Male,50-54 years,Prevalence,1991,723.58485514999,5711780.012931171,derived_proxy_NOT_OFFICIAL,41329.57513305386,41329.57513305409,2.255546860396862e-10,5.457464426226244e-13
United States of America,Male,50-54 years,Prevalence,1992,723.1208845072999,5896994.304475411,derived_proxy_NOT_OFFICIAL,42642.39737386746,42642.397373867694,2.3283064365386963e-10,5.460073963771916e-13
United States of America,Male,50-54 years,Prevalence,1993,722.7481302552501,6209773.493067995,derived_proxy_NOT_OFFICIAL,44881.02181423478,44881.021814235064,2.837623469531536e-10,6.322546490310823e-13
United States of America,Male,50-54 years,Prevalence,1994,722.47173484989,6481521.007341548,derived_proxy_NOT_OFFICIAL,46827.157266400754,46827.15726640054,-2.1100277081131935e-10,-4.5059914615555207e-13
United States of America,Male,50-54 years,Prevalence,1995,722.3210014255,6706094.2144737085,derived_proxy_NOT_OFFICIAL,48439.526886524094,48439.52688652401,-8.731149137020111e-11,-1.8024843961572883e-13
United States of America,Male,50-54 years,Prevalence,1996,722.28260235854,6871049.020452516,derived_proxy_NOT_OFFICIAL,49628.39167425517,49628.3916742554,2.3283064365386963e-10,4.691480739132052e-13
United States of America,Male,50-54 years,Prevalence,1997,722.2897960067501,7425919.136636665,derived_proxy_NOT_OFFICIAL,53636.65618363911,53636.656183639185,7.275957614183426e-11,1.3565270715743882e-13
United States of America,Male,50-54 years,Prevalence,1998,722.29396466507,7821262.342531292,derived_proxy_NOT_OFFICIAL,56492.505860725534,56492.505860725396,-1.382431946694851e-10,-2.447106789886513e-13
United States of America,Male,50-54 years,Prevalence,1999,722.25681774345,8179457.753478916,derived_proxy_NOT_OFFICIAL,59076.69127894673,59076.6912789467,-2.9103830456733704e-11,-4.926448964332146e-14
United States of America,Male,50-54 years,Prevalence,2000,722.13499131094,8619263.393694881,derived_proxy_NOT_OFFICIAL,62242.71695912546,62242.716959125566,1.0913936421275139e-10,1.7534479461174997e-13
United States of America,Male,50-54 years,Prevalence,2001,721.55858845905,9070329.334209891,derived_proxy_NOT_OFFICIAL,65447.740312512295,65447.74031251205,-2.473825588822365e-10,-3.7798487419273343e-13
United States of America,Male,50-54 years,Prevalence,2002,720.46697033816,9141027.719999015,derived_proxy_NOT_OFFICIAL,65858.08547204787,65858.08547204829,4.220055416226387e-10,6.407801541721865e-13
United States of America,Male,50-54 years,Prevalence,2003,719.2568388717,9268126.59361321,derived_proxy_NOT_OFFICIAL,66661.63435984979,66661.63435984973,-5.820766091346741e-11,-8.731808254093122e-14
United States of America,Male,50-54 years,Prevalence,2004,718.3153463938,9505711.521017238,derived_proxy_NOT_OFFICIAL,68280.98463939044,68280.98463939033,-1.1641532182693481e-10,-1.7049449776062e-13
United States of America,Male,50-54 years,Prevalence,2005,718.0405056966899,9760281.523745524,derived_proxy_NOT_OFFICIAL,70082.77481052311,70082.77481052295,-1.6007106751203537e-10,-2.284028678156737e-13
United States of America,Male,50-54 years,Prevalence,2006,719.16945516651,10023569.515286453,derived_proxy_NOT_OFFICIAL,72086.45027132212,72086.45027132197,-1.4551915228366852e-10,-2.0186755171874492e-13
United States of America,Male,50-54 years,Prevalence,2007,721.59238276944,10287398.409089703,derived_proxy_NOT_OFFICIAL,74233.08330513541,74233.08330513585,4.3655745685100555e-10,5.880901579374445e-13
United States of America,Male,50-54 years,Prevalence,2008,724.46028749353,10540201.33720111,derived_proxy_NOT_OFFICIAL,76359.5729098841,76359.57290988405,-4.3655745685100555e-11,-5.717128058929949e-14
United States of America,Male,50-54 years,Prevalence,2009,726.92201369443,10724505.48818689,derived_proxy_NOT_OFFICIAL,77958.79125349806,77958.7912534978,-2.6193447411060333e-10,-3.359909381597168e-13
United States of America,Male,50-54 years,Prevalence,2010,728.11842708815,10911292.764012255,derived_proxy_NOT_OFFICIAL,79447.13324830901,79447.13324830917,1.6007106751203537e-10,2.0148123785881526e-13
United States of America,Male,50-54 years,Prevalence,2011,728.12379331759,11058332.875410967,derived_proxy_NOT_OFFICIAL,80518.3528101281,80518.35281012845,3.4924596548080444e-10,4.3374703193987115e-13
United States of America,Male,50-54 years,Prevalence,2012,727.70295054676,11133315.930118695,derived_proxy_NOT_OFFICIAL,81017.46851716617,81017.4685171662,2.9103830456733704e-11,3.592290772522362e-14
United States of America,Male,50-54 years,Prevalence,2013,727.03159311638,11149901.070920143,derived_proxy_NOT_OFFICIAL,81063.30338681045,81063.30338681104,5.820766091346741e-10,7.18051923392727e-13
United States of America,Male,50-54 years,Prevalence,2014,726.2881574511499,11184525.885480456,derived_proxy_NOT_OFFICIAL,81231.886973303,81231.88697330291,-8.731149137020111e-11,-1.074842584893986e-13
United States of America,Male,50-54 years,Prevalence,2015,725.65091497386,11099211.939286182,derived_proxy_NOT_OFFICIAL,80541.53299231752,80541.5329923181,5.820766091346741e-10,7.227036629538646e-13
United States of America,Male,50-54 years,Prevalence,2016,724.52717380044,10932074.012305453,derived_proxy_NOT_OFFICIAL,79205.84687912904,79205.84687912907,2.9103830456733704e-11,3.67445480396759e-14
United States of America,Male,50-54 years,Prevalence,2017,722.59517855151,10738199.966601696,derived_proxy_NOT_OFFICIAL,77593.71522188353,77593.7152218837,1.7462298274040222e-10,2.2504784342528017e-13
United States of America,Male,50-54 years,Prevalence,2018,720.44300100548,10538640.073682241,derived_proxy_NOT_OFFICIAL,75924.89481200228,75924.89481200247,1.8917489796876907e-10,2.491605664218373e-13
United States of America,Male,50-54 years,Prevalence,2019,718.66107513544,10393779.4068394,derived_proxy_NOT_OFFICIAL,74696.04683239775,74696.046832398,2.473825588822365e-10,3.3118561071553223e-13
United States of America,Male,50-54 years,Prevalence,2020,717.83614299554,10366414.08008313,derived_proxy_NOT_OFFICIAL,74413.86699941506,74413.86699941532,2.6193447411060333e-10,3.5199685847889387e-13
United States of America,Male,50-54 years,Prevalence,2021,720.31121613547,10444628.247363742,derived_proxy_NOT_OFFICIAL,75233.82874941442,75233.82874941459,1.7462298274040222e-10,2.321069997939742e-13
United States of America,Male,50-54 years,Prevalence,2022,723.0994056416,10446768.313842336,derived_proxy_NOT_OFFICIAL,75540.51958614888,75540.51958614893,5.820766091346741e-11,7.70548855532897e-14
United States of America,Male,50-54 years,Prevalence,2023,721.29687530561,10372046.102569167,derived_proxy_NOT_OFFICIAL,74813.24444308903,74813.2444430887,-3.346940502524376e-10,-4.4737272490172747e-13
United States of America,Male,55-59 years,Prevalence,1990,649.53172567795,5026758.607129205,derived_proxy_NOT_OFFICIAL,32650.391926551216,32650.39192655121,-7.275957614183426e-12,-2.2284441885264586e-14
United States of America,Male,55-59 years,Prevalence,1991,648.9608923916301,5014117.51397723,derived_proxy_NOT_OFFICIAL,32539.661764271623,32539.661764271645,2.1827872842550278e-11,6.708082278383473e-14
United States of America,Male,55-59 years,Prevalence,1992,648.49770778555,5045625.739476402,derived_proxy_NOT_OFFICIAL,32720.767263942023,32720.767263942176,1.5279510989785194e-10,4.669667696522224e-13
United States of America,Male,55-59 years,Prevalence,1993,648.1410793736401,5119770.475478817,derived_proxy_NOT_OFFICIAL,33183.33562122143,33183.33562122135,-8.003553375601768e-11,-2.411919484816147e-13
United States of America,Male,55-59 years,Prevalence,1994,647.9010259172301,5222238.815633242,derived_proxy_NOT_OFFICIAL,33834.93886233555,33834.938862335584,3.637978807091713e-11,1.075213648794692e-13
United States of America,Male,55-59 years,Prevalence,1995,647.78680795104,5340068.07956361,derived_proxy_NOT_OFFICIAL,34592.256555017586,34592.25655501751,-7.275957614183426e-11,-2.1033486504736427e-13
United States of America,Male,55-59 years,Prevalence,1996,647.88018550266,5472943.660143912,derived_proxy_NOT_OFFICIAL,35458.117537796315,35458.11753779645,1.3096723705530167e-10,3.693575580138966e-13
United States of America,Male,55-59 years,Prevalence,1997,648.1574857809101,5659615.444965821,derived_proxy_NOT_OFFICIAL,36683.22117295832,36683.22117295853,2.1100277081131935e-10,5.752024060713178e-13
United States of America,Male,55-59 years,Prevalence,1998,648.49135422905,5969954.946131376,derived_proxy_NOT_OFFICIAL,38714.64167703144,38714.641677031505,6.548361852765083e-11,1.6914432289967662e-13
United States of America,Male,55-59 years,Prevalence,1999,648.72106830924,6243729.971806858,derived_proxy_NOT_OFFICIAL,40504.39177544956,40504.39177544965,8.731149137020111e-11,2.1556055415976438e-13
United States of America,Male,55-59 years,Prevalence,2000,648.71051270566,6475299.344200487,derived_proxy_NOT_OFFICIAL,42005.947574989084,42005.947574989215,1.3096723705530167e-10,3.1178260369320023e-13
United States of America,Male,55-59 years,Prevalence,2001,648.0352568048199,6644472.474655784,derived_proxy_NOT_OFFICIAL,43058.524264461324,43058.524264461186,-1.382431946694851e-10,-3.210588310468066e-13
United States of America,Male,55-59 years,Prevalence,2002,646.6862584775,7185059.223086923,derived_proxy_NOT_OFFICIAL,46464.79065917327,46464.790659173355,8.731149137020111e-11,1.879089308948898e-13
United States of America,Male,55-59 years,Prevalence,2003,645.1474639494201,7572615.920192356,derived_proxy_NOT_OFFICIAL,48854.53956375073,48854.53956375103,2.9831426218152046e-10,6.106172831538971e-13
United States of America,Male,55-59 years,Prevalence,2004,643.90819088711,7925518.589207765,derived_proxy_NOT_OFFICIAL,51033.0633661895,51033.063366189315,-1.8189894035458565e-10,-3.5643351262173614e-13
United States of America,Male,55-59 years,Prevalence,2005,643.4628251052201,8351631.287115614,derived_proxy_NOT_OFFICIAL,53739.64262244557,53739.642622445586,1.4551915228366852e-11,2.7078548569076112e-14
United States of America,Male,55-59 years,Prevalence,2006,644.39280035289,8793395.35138541,derived_proxy_NOT_OFFICIAL,56664.00655089342,56664.006550893304,-1.1641532182693481e-10,-2.0544844763558163e-13
United States of America,Male,55-59 years,Prevalence,2007,646.4860930798,8867227.119585767,derived_proxy_NOT_OFFICIAL,57325.39016992277,57325.3901699225,-2.6921043172478676e-10,-4.696181411531585e-13
United States of America,Male,55-59 years,Prevalence,2008,649.01581816609,9001353.431336302,derived_proxy_NOT_OFFICIAL,58420.20761840804,58420.20761840872,6.766640581190586e-10,1.1582705466213434e-12
United States of America,Male,55-59 years,Prevalence,2009,651.24999324676,9239086.807972975,derived_proxy_NOT_OFFICIAL,60169.552212986135,60169.552212986295,1.6007106751203537e-10,2.6603333683691254e-13
United States of America,Male,55-59 years,Prevalence,2010,652.4684872653401,9497877.50096329,derived_proxy_NOT_OFFICIAL,61970.65765285043,61970.657652850256,-1.7462298274040222e-10,-2.817833299730525e-13
United States of America,Male,55-59 years,Prevalence,2011,652.90231248487,9765015.234001465,derived_proxy_NOT_OFFICIAL,63756.01027729528,63756.010277295405,1.2369127944111824e-10,1.9400724559636858e-13
United States of America,Male,55-59 years,Prevalence,2012,653.23712138963,10030818.780632418,derived_proxy_NOT_OFFICIAL,65525.03185441363,65525.031854413595,-3.637978807091713e-11,-5.55204431670439e-14
United States of America,Male,55-59 years,Prevalence,2013,653.44423672709,10283963.07787146,derived_proxy_NOT_OFFICIAL,67199.96403949286,67199.96403949292,5.820766091346741e-11,8.661858937790391e-14
United States of America,Male,55-59 years,Prevalence,2014,653.49467321497,10470476.398303907,derived_proxy_NOT_OFFICIAL,68424.00552314646,68424.00552314668,2.1827872842550278e-10,3.190089892525562e-13
United States of America,Male,55-59 years,Prevalence,2015,653.3507157584401,10657596.488414336,derived_proxy_NOT_OFFICIAL,69631.48293970096,69631.48293970144,4.802132025361061e-10,6.896495410731927e-13
United States of America,Male,55-59 years,Prevalence,2016,652.49143723728,10807338.824347949,derived_proxy_NOT_OFFICIAL,70516.96042209046,70516.96042209049,2.9103830456733704e-11,4.1272100048737364e-14
United States of America,Male,55-59 years,Prevalence,2017,650.79670022136,10884574.191345364,derived_proxy_NOT_OFFICIAL,70836.4496704215,70836.4496704214,-1.0186340659856796e-10,-1.4380083568911853e-13
United States of America,Male,55-59 years,Prevalence,2018,648.82662071909,10904007.812246922,derived_proxy_NOT_OFFICIAL,70748.10541114688,70748.10541114728,3.92901711165905e-10,5.553529792530677e-13
United States of America,Male,55-59 years,Prevalence,2019,647.1471160188499,10936008.302730072,derived_proxy_NOT_OFFICIAL,70772.06233869944,70772.06233869964,2.0372681319713593e-10,2.878633269469306e-13
United States of America,Male,55-59 years,Prevalence,2020,646.32583252741,10840562.071630131,derived_proxy_NOT_OFFICIAL,70065.3530601138,70065.35306011408,2.764863893389702e-10,3.9461214032812167e-13
United States of America,Male,55-59 years,Prevalence,2021,647.94361384597,10648967.559154104,derived_proxy_NOT_OFFICIAL,68999.30524006793,68999.30524006809,1.6007106751203537e-10,2.3198939026284863e-13
United States of America,Male,55-59 years,Prevalence,2022,649.8885767623899,10438347.146284482,derived_proxy_NOT_OFFICIAL,67837.62570650569,67837.62570650576,7.275957614183426e-11,1.0725548747331314e-13
United States of America,Male,55-59 years,Prevalence,2023,649.2653228691499,10236011.983589374,derived_proxy_NOT_OFFICIAL,66458.87625417646,66458.87625417643,-2.9103830456733704e-11,-4.379223979867511e-14
United States of America,Male,60-64 years,Prevalence,1990,566.80267595715,4972326.508417901,derived_proxy_NOT_OFFICIAL,28183.279707039183,28183.279707039386,2.0372681319713593e-10,7.228641070693139e-13
United States of America,Male,60-64 years,Prevalence,1991,566.28141676238,4944327.528969965,derived_proxy_NOT_OFFICIAL,27998.80798042372,27998.807980423495,-2.255546860396862e-10,-8.055867456835666e-13
United States of America,Male,60-64 years,Prevalence,1992,565.87604039926,4878823.834356317,derived_proxy_NOT_OFFICIAL,27608.095131910857,27608.09513191088,2.1827872842550278e-11,7.906330638987295e-14
United States of America,Male,60-64 years,Prevalence,1993,565.58450664748,4808152.076681687,derived_proxy_NOT_OFFICIAL,27194.163201760493,27194.163201760683,1.8917489796876907e-10,6.956452256509304e-13
United States of America,Male,60-64 years,Prevalence,1994,565.40778139317,4749778.3115794035,derived_proxy_NOT_OFFICIAL,26855.61617259508,26855.616172595077,-3.637978807091713e-12,-1.3546435813318269e-14
United States of America,Male,60-64 years,Prevalence,1995,565.3476921924,4723738.975793005,derived_proxy_NOT_OFFICIAL,26705.549284838413,26705.549284838668,2.546585164964199e-10,9.535790250193342e-13
United States of America,Male,60-64 years,Prevalence,1996,565.56086526899,4723336.663801935,derived_proxy_NOT_OFFICIAL,26713.34370536565,26713.343705365667,1.8189894035458565e-11,6.809291354943686e-14
United States of America,Male,60-64 years,Prevalence,1997,566.07845302458,4763918.344163699,derived_proxy_NOT_OFFICIAL,26967.51526599592,26967.515265996055,1.3460521586239338e-10,4.991383690143703e-13
United States of America,Male,60-64 years,Prevalence,1998,566.67399124821,4848804.189283725,derived_proxy_NOT_OFFICIAL,27476.91222722447,27476.912227224493,2.1827872842550278e-11,7.944077799587301e-14
United States of America,Male,60-64 years,Prevalence,1999,567.13303386366,4963002.658013167,derived_proxy_NOT_OFFICIAL,28146.827545124248,28146.827545124157,-9.094947017729282e-11,-3.2312511963021425e-13
United States of America,Male,60-64 years,Prevalence,2000,567.24239250349,5088045.915255977,derived_proxy_NOT_OFFICIAL,28861.553381373986,28861.5533813741,1.127773430198431e-10,3.907528521753953e-13
United States of America,Male,60-64 years,Prevalence,2001,566.58311510181,5219539.118598469,derived_proxy_NOT_OFFICIAL,29573.02733211256,29573.02733211276,2.000888343900442e-10,6.765923290267043e-13
United States of America,Male,60-64 years,Prevalence,2002,565.20479264804,5404658.443303964,derived_proxy_NOT_OFFICIAL,30547.388547810948,30547.388547810955,7.275957614183426e-12,2.3818591244863802e-14
United States of America,Male,60-64 years,Prevalence,2003,563.61737474457,5705882.65075269,derived_proxy_NOT_OFFICIAL,32159.346002178336,32159.346002178194,-1.418811734765768e-10,-4.411817748624813e-13
United States of America,Male,60-64 years,Prevalence,2004,562.30383906837,5971164.458728392,derived_proxy_NOT_OFFICIAL,33576.086988515744,33576.0869885158,5.820766091346741e-11,1.7336046613584413e-13
United States of America,Male,60-64 years,Prevalence,2005,561.76791028909,6197170.944361189,derived_proxy_NOT_OFFICIAL,34813.71771118048,34813.717711180514,3.637978807091713e-11,1.0449842896047183e-13
United States of America,Male,60-64 years,Prevalence,2006,562.3032474630199,6373315.825240044,derived_proxy_NOT_OFFICIAL,35837.361856399075,35837.36185639934,2.6193447411060333e-10,7.308977573744945e-13
United States of America,Male,60-64 years,Prevalence,2007,563.57378454214,6907988.5490711015,derived_proxy_NOT_OFFICIAL,38931.612501737785,38931.61250173767,-1.1641532182693481e-10,-2.9902517349297667e-13
United States of America,Male,60-64 years,Prevalence,2008,565.1523082396,7292393.85956458,derived_proxy_NOT_OFFICIAL,41213.132223252185,41213.132223252076,-1.0913936421275139e-10,-2.648169608209872e-13
United States of America,Male,60-64 years,Prevalence,2009,566.6089771943,7640802.224584404,derived_proxy_NOT_OFFICIAL,43293.47133415697,43293.47133415702,4.3655745685100555e-11,1.0083678748730357e-13
United States of America,Male,60-64 years,Prevalence,2010,567.51920853016,8051253.0127485,derived_proxy_NOT_OFFICIAL,45692.40737471117,45692.40737471095,-2.1827872842550278e-10,-4.777133466299061e-13
United States of America,Male,60-64 years,Prevalence,2011,568.19604268594,8473323.305975262,derived_proxy_NOT_OFFICIAL,48145.08770853702,48145.0877085369,-1.2369127944111824e-10,-2.569136028787117e-13
United States of America,Male,60-64 years,Prevalence,2012,569.10880591026,8540698.547641862,derived_proxy_NOT_OFFICIAL,48605.8675208796,48605.86752087952,-8.003553375601768e-11,-1.6466228839889929e-13
United States of America,Male,60-64 years,Prevalence,2013,570.0240053303299,8668307.593577836,derived_proxy_NOT_OFFICIAL,49411.434139265904,49411.43413926552,-3.8562575355172157e-10,-7.804382938265607e-13
United States of America,Male,60-64 years,Prevalence,2014,570.70661383732,8894882.014554624,derived_proxy_NOT_OFFICIAL,50763.67995008947,50763.679950089485,1.4551915228366852e-11,2.866599750584316e-14
United States of America,Male,60-64 years,Prevalence,2015,570.9320681831799,9141808.35748824,derived_proxy_NOT_OFFICIAL,52193.51552475034,52193.51552475039,5.093170329928398e-11,9.758243488145955e-14
United States of America,Male,60-64 years,Prevalence,2016,570.33978180876,9394972.96825573,derived_proxy_NOT_OFFICIAL,53583.2683281418,53583.26832814172,-8.003553375601768e-11,-1.4936665166798573e-13
United States of America,Male,60-64 years,Prevalence,2017,569.02476001823,9647784.886204327,derived_proxy_NOT_OFFICIAL,54898.28479579896,54898.284795799234,2.764863893389702e-10,5.036339302173027e-13
United States of America,Male,60-64 years,Prevalence,2018,567.44928442873,9887522.396425983,derived_proxy_NOT_OFFICIAL,56106.67508624963,56106.675086249656,2.9103830456733704e-11,5.187231360973365e-14
United States of America,Male,60-64 years,Prevalence,2019,566.07567375222,10063278.283988966,derived_proxy_NOT_OFFICIAL,56965.77034765096,56965.770347651385,4.220055416226387e-10,7.408054679981002e-13
United States of America,Male,60-64 years,Prevalence,2020,565.36315354198,10227141.14872085,derived_proxy_NOT_OFFICIAL,57820.487715597206,57820.487715597665,4.5838532969355583e-10,7.927731982272874e-13
United States of America,Male,60-64 years,Prevalence,2021,566.26746375596,10339248.613293096,derived_proxy_NOT_OFFICIAL,58547.80089391798,58547.80089391807,9.458744898438454e-11,1.6155593812270822e-13
United States of America,Male,60-64 years,Prevalence,2022,567.39594311468,10388434.815685347,derived_proxy_NOT_OFFICIAL,58943.55769731131,58943.55769731164,3.2741809263825417e-10,5.55477316655403e-13
United States of America,Male,60-64 years,Prevalence,2023,566.67354396437,10397769.436163444,derived_proxy_NOT_OFFICIAL,58921.40855715182,58921.40855715148,-3.41970007866621e-10,-5.80383287230687e-13
United States of America,Male,65-69 years,Prevalence,1990,462.7341262870301,4521819.51578881,derived_proxy_NOT_OFFICIAL,20924.002028661507,20924.002028661766,2.582964953035116e-10,1.234450727684405e-12
United States of America,Male,65-69 years,Prevalence,1991,462.36332281866,4535388.02621802,derived_proxy_NOT_OFFICIAL,20969.97078074145,20969.970780741278,-1.709850039333105e-10,-8.1538026791311e-13
United States of America,Male,65-69 years,Prevalence,1992,462.09181233376,4522784.010999266,derived_proxy_NOT_OFFICIAL,20899.41460436817,20899.41460436803,-1.382431946694851e-10,-6.614692195282398e-13
United States of America,Male,65-69 years,Prevalence,1993,461.91347004214,4534501.52847599,derived_proxy_NOT_OFFICIAL,20945.473359297488,20945.473359297317,-1.709850039333105e-10,-8.163339209395904e-13
United States of America,Male,65-69 years,Prevalence,1994,461.82686259436,4509200.96436197,derived_proxy_NOT_OFFICIAL,20824.70134178738,20824.701341787513,1.3460521586239338e-10,6.463728514189594e-13
United States of America,Male,65-69 years,Prevalence,1995,461.82248395731,4494189.296761377,derived_proxy_NOT_OFFICIAL,20755.176644046976,20755.17664404695,-2.546585164964199e-11,-1.226963859974959e-13
United States of America,Male,65-69 years,Prevalence,1996,462.04538825121,4480098.9283156535,derived_proxy_NOT_OFFICIAL,20700.09048737416,20700.09048737436,2.000888343900442e-10,9.666085011178413e-13
United States of America,Male,65-69 years,Prevalence,1997,462.5146444916901,4432363.264961401,derived_proxy_NOT_OFFICIAL,20500.329197516385,20500.32919751649,1.0550138540565968e-10,5.146326402331197e-13
United States of America,Male,65-69 years,Prevalence,1998,463.04711126906,4381667.107726672,derived_proxy_NOT_OFFICIAL,20289.18296775456,20289.182967754925,3.637978807091713e-10,1.7930632361458438e-12
United States of America,Male,65-69 years,Prevalence,1999,463.46132070552005,4341215.240868183,derived_proxy_NOT_OFFICIAL,20119.853489997065,20119.853489997004,-6.184563972055912e-11,-3.073861335586104e-13
United States of America,Male,65-69 years,Prevalence,2000,463.57214965115,4335376.0884592775,derived_proxy_NOT_OFFICIAL,20097.596128732544,20097.596128732617,7.275957614183426e-11,3.6203123834204965e-13
United States of America,Male,65-69 years,Prevalence,2001,463.0407673381801,4348522.245063124,derived_proxy_NOT_OFFICIAL,20135.4307714116,20135.43077141175,1.4915713109076023e-10,7.407695061708557e-13
United States of America,Male,65-69 years,Prevalence,2002,461.92990562185,4396449.31687602,derived_proxy_NOT_OFFICIAL,20308.51418015772,20308.514180157872,1.5279510989785194e-10,7.523697132266784e-13
United States of America,Male,65-69 years,Prevalence,2003,460.62818331166005,4485741.833986439,derived_proxy_NOT_OFFICIAL,20662.59111794297,20662.591117942873,-9.822542779147625e-11,-4.753780744670464e-13
United States of America,Male,65-69 years,Prevalence,2004,459.53429085991,4601832.414570322,derived_proxy_NOT_OFFICIAL,21146.99795285738,21146.997952857208,-1.709850039333105e-10,-8.08554501752373e-13
United States of America,Male,65-69 years,Prevalence,2005,459.05106317351,4725466.762063259,derived_proxy_NOT_OFFICIAL,21692.30541116224,21692.30541116223,-1.0913936421275139e-11,-5.031247815485365e-14
United States of America,Male,65-69 years,Prevalence,2006,459.28538349396,4862393.318163633,derived_proxy_NOT_OFFICIAL,22332.26179831217,22332.26179831253,3.601599019020796e-10,1.6127336548118908e-12
United States of America,Male,65-69 years,Prevalence,2007,459.92785226624005,5050071.380949766,derived_proxy_NOT_OFFICIAL,23226.684840314363,23226.684840314312,-5.093170329928398e-11,-2.192809849939594e-13
United States of America,Male,65-69 years,Prevalence,2008,460.77795304638994,5346686.420265015,derived_proxy_NOT_OFFICIAL,24636.352243106525,24636.352243106438,-8.731149137020111e-11,-3.5440105137574357e-13
United States of America,Male,65-69 years,Prevalence,2009,461.60916889059,5601971.760748697,derived_proxy_NOT_OFFICIAL,25859.215286277355,25859.215286277613,2.582964953035116e-10,9.988566646126388e-13
United States of America,Male,65-69 years,Prevalence,2010,462.20840661734,5820340.719426252,derived_proxy_NOT_OFFICIAL,26902.10409896001,26902.104098960303,2.9103830456733704e-10,1.0818421618500394e-12
United States of America,Male,65-69 years,Prevalence,2011,462.92908606702,5991149.375682997,derived_proxy_NOT_OFFICIAL,27734.773049759417,27734.773049759275,-1.418811734765768e-10,-5.115642129900448e-13
United States of America,Male,65-69 years,Prevalence,2012,464.04701492394,6504102.420558131,derived_proxy_NOT_OFFICIAL,30182.09313019561,30182.093130195735,1.2369127944111824e-10,4.098167708500361e-13
United States of America,Male,65-69 years,Prevalence,2013,465.24417355030994,6868133.529518081,derived_proxy_NOT_OFFICIAL,31953.59107773818,31953.59107773813,-5.093170329928398e-11,-1.593927367204987e-13
United States of America,Male,65-69 years,Prevalence,2014,466.19993585601,7193642.518471643,derived_proxy_NOT_OFFICIAL,33536.75680682555,33536.75680682546,-8.731149137020111e-11,-2.603456615471866e-13
United States of America,Male,65-69 years,Prevalence,2015,466.59698866905006,7572983.128660962,derived_proxy_NOT_OFFICIAL,35335.3112307477,35335.31123074726,-4.3655745685100555e-10,-1.2354708127521082e-12
United States of America,Male,65-69 years,Prevalence,2016,466.20088832732,7955639.360842174,derived_proxy_NOT_OFFICIAL,37089.26137236403,37089.26137236414,1.0913936421275139e-10,2.9426135807081176e-13
United States of America,Male,65-69 years,Prevalence,2017,465.2437085662101,8008659.506058247,derived_proxy_NOT_OFFICIAL,37259.78449242567,37259.784492425715,4.3655745685100555e-11,1.1716585664625915e-13
United States of America,Male,65-69 years,Prevalence,2018,464.06929865613,8123326.868954899,derived_proxy_NOT_OFFICIAL,37697.86602830387,37697.866028303964,9.458744898438454e-11,2.5090929261981964e-13
United States of America,Male,65-69 years,Prevalence,2019,463.02167042353,8329522.070348652,derived_proxy_NOT_OFFICIAL,38567.49222842513,38567.49222842493,-1.964508555829525e-10,-5.09369015800731e-13
United States of America,Male,65-69 years,Prevalence,2020,462.455031756,8543772.23816262,derived_proxy_NOT_OFFICIAL,39511.10461715543,39511.10461715526,-1.7462298274040222e-10,-4.419592528035326e-13
United States of America,Male,65-69 years,Prevalence,2021,462.91807477867,8743158.203312576,derived_proxy_NOT_OFFICIAL,40473.659629627735,40473.65962962793,1.964508555829525e-10,4.853795218437464e-13
United States of America,Male,65-69 years,Prevalence,2022,463.49442342112,8952514.17477874,derived_proxy_NOT_OFFICIAL,41494.40395608481,41494.40395608477,-4.3655745685100555e-11,-1.0520875473064556e-13
United States of America,Male,65-69 years,Prevalence,2023,462.51701086369,9168492.52534037,derived_proxy_NOT_OFFICIAL,42405.83756946516,42405.83756946513,-2.9103830456733704e-11,-6.863166046197911e-14
United States of America,Male,70+ years,Prevalence,1990,253.21896859124,8079562.621794719,derived_proxy_NOT_OFFICIAL,20458.9851375922,20458.98513759194,-2.6193447411060333e-10,-1.280290651510929e-12
United States of America,Male,70+ years,Prevalence,1991,252.85165524033,8291575.947449405,derived_proxy_NOT_OFFICIAL,20965.387028634967,20965.387028634894,-7.275957614183426e-11,-3.4704618637594287e-13
United States of America,Male,70+ years,Prevalence,1992,252.66329954992,8521407.71690277,derived_proxy_NOT_OFFICIAL,21530.46990562842,21530.469905628048,-3.710738383233547e-10,-1.7234823018254234e-12
United States of America,Male,70+ years,Prevalence,1993,251.89947095195,8730987.88942948,derived_proxy_NOT_OFFICIAL,21993.312302351373,21993.312302351686,3.128661774098873e-10,1.422551424309279e-12
United States of America,Male,70+ years,Prevalence,1994,251.38278636609,8916320.90733419,derived_proxy_NOT_OFFICIAL,22414.0959381991,22414.095938198923,-1.7826096154749393e-10,-7.953073906661284e-13
United States of America,Male,70+ years,Prevalence,1995,250.5190257106,9117335.007247314,derived_proxy_NOT_OFFICIAL,22840.65883092813,22840.658830927434,-6.948539521545172e-10,-3.042179988318147e-12
United States of America,Male,70+ years,Prevalence,1996,249.49881916151003,9289673.751412787,derived_proxy_NOT_OFFICIAL,23177.62631373182,23177.626313731653,-1.673470251262188e-10,-7.220196876980122e-13
United States of America,Male,70+ years,Prevalence,1997,248.26603845776,9455296.174455795,derived_proxy_NOT_OFFICIAL,23474.28923676953,23474.28923676954,7.275957614183426e-12,3.099543309190615e-14
United States of America,Male,70+ years,Prevalence,1998,247.33136468371,9620191.826591246,derived_proxy_NOT_OFFICIAL,23793.75172989853,23793.751729898857,3.2741809263825417e-10,1.3760675338426357e-12
United States of America,Male,70+ years,Prevalence,1999,245.97230444605,9752188.589570712,derived_proxy_NOT_OFFICIAL,23987.68300769168,23987.683007691823,1.418811734765768e-10,5.914751059161588e-13
United States of America,Male,70+ years,Prevalence,2000,244.67720415945,9896547.462085366,derived_proxy_NOT_OFFICIAL,24214.595638543768,24214.59563854348,-2.874003257602453e-10,-1.1868888089247036e-12
United States of America,Male,70+ years,Prevalence,2001,243.32535069692,10023441.44824088,derived_proxy_NOT_OFFICIAL,24389.57405583261,24389.574055832556,-5.4569682106375694e-11,-2.2374184141738098e-13
United States of America,Male,70+ years,Prevalence,2002,241.23376887326,10127625.70829963,derived_proxy_NOT_OFFICIAL,24431.253193508623,24431.25319350839,-2.3283064365386963e-10,-9.530032774402775e-13
United States of America,Male,70+ years,Prevalence,2003,239.37770869699003,10225749.054784454,derived_proxy_NOT_OFFICIAL,24478.16378444792,24478.16378444714,-7.785274647176266e-10,-3.1804978166387634e-12
United States of America,Male,70+ years,Prevalence,2004,237.7986894093,10305391.708661333,derived_proxy_NOT_OFFICIAL,24506.08642169084,24506.086421691318,4.765752237290144e-10,1.9447218765505857e-12
United States of America,Male,70+ years,Prevalence,2005,236.14805501112,10461606.939478654,derived_proxy_NOT_OFFICIAL,24704.88131048654,24704.8813104872,6.584741640836e-10,2.6653605650155295e-12
United States of America,Male,70+ years,Prevalence,2006,235.41908640730003,10603095.741148576,derived_proxy_NOT_OFFICIAL,24961.711124703324,24961.711124703317,-7.275957614183426e-12,-2.9148472946563286e-14
United States of America,Male,70+ years,Prevalence,2007,234.91142827781,10760569.07949514,derived_proxy_NOT_OFFICIAL,25277.80651546248,25277.806515462424,-5.4569682106375694e-11,-2.1587981565170745e-13
United States of America,Male,70+ years,Prevalence,2008,234.71094001834,10965037.74638959,derived_proxy_NOT_OFFICIAL,25736.14316791663,25736.143167916813,1.8189894035458565e-10,7.067839931095261e-13
United States of America,Male,70+ years,Prevalence,2009,235.25972416716,11151046.498780785,derived_proxy_NOT_OFFICIAL,26233.92123478373,26233.921234783425,-3.055902197957039e-10,-1.16486672755013e-12
United States of America,Male,70+ years,Prevalence,2010,235.26587346719,11407571.312863413,derived_proxy_NOT_OFFICIAL,26838.12229060117,26838.122290600706,-4.656612873077393e-10,-1.7350740199541303e-12
United States of America,Male,70+ years,Prevalence,2011,235.78888360398005,11668415.578329196,derived_proxy_NOT_OFFICIAL,27512.82682641512,27512.826826415305,1.8553691916167736e-10,6.743651618653122e-13
United States of America,Male,70+ years,Prevalence,2012,237.26691917533,11967276.439102156,derived_proxy_NOT_OFFICIAL,28394.388116252227,28394.388116252823,5.966285243630409e-10,2.101219867532718e-12
United States of America,Male,70+ years,Prevalence,2013,239.67191660977,12395480.985751696,derived_proxy_NOT_OFFICIAL,29708.486851551203,29708.486851550697,-5.056790541857481e-10,-1.7021366881206354e-12
United States of America,Male,70+ years,Prevalence,2014,241.73280311735,12773062.80906734,derived_proxy_NOT_OFFICIAL,30876.68277229832,30876.68277229821,-1.127773430198431e-10,-3.6525083944906064e-13
United States of America,Male,70+ years,Prevalence,2015,242.5867449948,13161774.456188384,derived_proxy_NOT_OFFICIAL,31928.72023682461,31928.72023682444,-1.709850039333105e-10,-5.355210063700172e-13
United States of America,Male,70+ years,Prevalence,2016,242.96505197538,13493101.728951413,derived_proxy_NOT_OFFICIAL,32783.52162883745,32783.5216288377,2.473825588822365e-10,7.545942186535285e-13
United States of America,Male,70+ years,Prevalence,2017,245.16146681447,14197511.71021255,derived_proxy_NOT_OFFICIAL,34806.82795991332,34806.82795991323,-8.731149137020111e-11,-2.5084587274300577e-13
United States of America,Male,70+ years,Prevalence,2018,246.08727096079,14853794.991236629,derived_proxy_NOT_OFFICIAL,36553.29872804493,36553.298728044734,-1.964508555829525e-10,-5.374367359962201e-13
United States of America,Male,70+ years,Prevalence,2019,246.73979110935,15435700.892950203,derived_proxy_NOT_OFFICIAL,38086.0161395284,38086.016139529405,1.0040821507573128e-09,2.636353844620688e-12
United States of America,Male,70+ years,Prevalence,2020,247.64333805772,16013523.373669866,derived_proxy_NOT_OFFICIAL,39656.42382321024,39656.423823209276,-9.677023626863956e-10,-2.440215908021478e-12
United States of America,Male,70+ years,Prevalence,2021,249.6049859745,16462743.23980644,derived_proxy_NOT_OFFICIAL,41091.82795473751,41091.827954736815,-6.984919309616089e-10,-1.6998317323118237e-12
United States of America,Male,70+ years,Prevalence,2022,248.82913809692,17004913.949047074,derived_proxy_NOT_OFFICIAL,42313.18081353644,42313.180813536754,3.128661774098873e-10,7.394059519860016e-13
United States of America,Male,70+ years,Prevalence,2023,246.84333810842,17609482.474523433,derived_proxy_NOT_OFFICIAL,43467.83436373162,43467.83436373084,-7.785274647176266e-10,-1.7910426781399735e-12
United States of America,Female,15-19 years,Prevalence,1990,123.61446987584002,8841756.767730402,derived_proxy_NOT_OFFICIAL,10929.6907561409,10929.690756141143,2.419255906715989e-10,2.2134715068280576e-12
United States of America,Female,15-19 years,Prevalence,1991,123.94009086886,8600194.695424903,derived_proxy_NOT_OFFICIAL,10659.089120408144,10659.089120408502,3.583409124985337e-10,3.361834284811877e-12
United States of America,Female,15-19 years,Prevalence,1992,124.27062474731,8542572.100207072,derived_proxy_NOT_OFFICIAL,10615.907718416687,10615.907718416729,4.18367562815547e-11,3.940949506274952e-13
United States of America,Female,15-19 years,Prevalence,1993,124.58157689109,8628830.546040967,derived_proxy_NOT_OFFICIAL,10749.933161518024,10749.933161517887,-1.3642420526593924e-10,-1.2690702650533918e-12
United States of America,Female,15-19 years,Prevalence,1994,124.8488806984,8806269.913855318,derived_proxy_NOT_OFFICIAL,10994.529418728029,10994.529418728318,2.892193151637912e-10,2.630574753578233e-12
United States of America,Female,15-19 years,Prevalence,1995,125.04903070635,9035284.152722646,derived_proxy_NOT_OFFICIAL,11298.535254543964,11298.535254544115,1.509761204943061e-10,1.3362450715333883e-12
United States of America,Female,15-19 years,Prevalence,1996,125.29034145434,9281633.24521871,derived_proxy_NOT_OFFICIAL,11628.98998547392,11628.98998547406,1.4006218407303095e-10,1.204422604611289e-12
United States of America,Female,15-19 years,Prevalence,1997,125.64165687837,9482137.658073751,derived_proxy_NOT_OFFICIAL,11913.514861091762,11913.514861091731,-3.092281986027956e-11,-2.595608451479765e-13
United States of America,Female,15-19 years,Prevalence,1998,126.01837105706,9646953.869881215,derived_proxy_NOT_OFFICIAL,12156.934123450676,12156.934123450317,-3.583409124985337e-10,-2.947625683084813e-12
United States of America,Female,15-19 years,Prevalence,1999,126.33710734032,9762247.222965848,derived_proxy_NOT_OFFICIAL,12333.340752905724,12333.340752905771,4.729372449219227e-11,3.8346240033179907e-13
United States of America,Female,15-19 years,Prevalence,2000,126.51447067157,9825806.437612178,derived_proxy_NOT_OFFICIAL,12431.067003757737,12431.067003758095,3.583409124985337e-10,2.8826239323640707e-12
United States of America,Female,15-19 years,Prevalence,2001,126.60304773285002,9909400.087196166,derived_proxy_NOT_OFFICIAL,12545.602522432511,12545.602522432044,-4.674802767112851e-10,-3.726248108653164e-12
United States of America,Female,15-19 years,Prevalence,2002,126.69136414972,9993714.292972744,derived_proxy_NOT_OFFICIAL,12661.172966992586,12661.172966992714,1.2732925824820995e-10,1.0056671572227524e-12
United States of America,Female,15-19 years,Prevalence,2003,126.75311077701,10098399.18994562,derived_proxy_NOT_OFFICIAL,12800.035111936024,12800.03511193645,4.256435204297304e-10,3.325330881575615e-12
United States of America,Female,15-19 years,Prevalence,2004,126.75993817073,10272456.501387263,derived_proxy_NOT_OFFICIAL,13021.359509773232,13021.359509773629,3.965396899729967e-10,3.0453017572809683e-12
United States of America,Female,15-19 years,Prevalence,2005,126.6856917861,10466715.062676739,derived_proxy_NOT_OFFICIAL,13259.830384431902,13259.830384431956,5.4569682106375694e-11,4.115413283901795e-13
United States of America,Female,15-19 years,Prevalence,2006,126.3517483945,10649765.161776755,derived_proxy_NOT_OFFICIAL,13456.164481813588,13456.164481813283,-3.055902197957039e-10,-2.2710053835081926e-12
United States of America,Female,15-19 years,Prevalence,2007,125.6942944924,10799294.050555546,derived_proxy_NOT_OFFICIAL,13574.096467005327,13574.09646700552,1.9281287677586079e-10,1.4204472264104848e-12
United States of America,Female,15-19 years,Prevalence,2008,124.862266343,10871224.867915101,derived_proxy_NOT_OFFICIAL,13574.057749322908,13574.057749322605,-3.0377123039215803e-10,-2.2378807870278182e-12
United States of America,Female,15-19 years,Prevalence,2009,124.00239367012,10856838.862942869,derived_proxy_NOT_OFFICIAL,13462.740066957254,13462.740066956996,-2.582964953035116e-10,-1.9186027065728667e-12
United States of America,Female,15-19 years,Prevalence,2010,123.25992251366,10750370.191605277,derived_proxy_NOT_OFFICIAL,13250.89796810472,13250.897968104267,-4.5292836148291826e-10,-3.4180956081099518e-12
United States of America,Female,15-19 years,Prevalence,2011,122.49706976351,10614530.042499097,derived_proxy_NOT_OFFICIAL,13002.488271228583,13002.488271228847,2.637534635141492e-10,2.0284845332087163e-12
United States of America,Female,15-19 years,Prevalence,2012,121.55435841524,10496258.979103621,derived_proxy_NOT_OFFICIAL,12758.660259651486,12758.660259651428,-5.820766091346741e-11,-4.562207922217799e-13
United States of America,Female,15-19 years,Prevalence,2013,120.54457927596,10421806.158988804,derived_proxy_NOT_OFFICIAL,12562.922387309056,12562.922387309141,8.549250196665525e-11,6.805144482387232e-13
United States of America,Female,15-19 years,Prevalence,2014,119.58167060804,10395175.722591229,derived_proxy_NOT_OFFICIAL,12430.724791716346,12430.724791715984,-3.6197889130562544e-10,-2.911969312898335e-12
United States of America,Female,15-19 years,Prevalence,2015,118.77745280976,10421112.390470864,derived_proxy_NOT_OFFICIAL,12377.931851842905,12377.931851843583,6.784830475226045e-10,5.481392656250468e-12
United States of America,Female,15-19 years,Prevalence,2016,117.97623072405,10464491.31825336,derived_proxy_NOT_OFFICIAL,12345.612421720494,12345.612421720767,2.7284841053187847e-10,2.2100840461493613e-12
United States of America,Female,15-19 years,Prevalence,2017,117.05048940725,10490401.014120638,derived_proxy_NOT_OFFICIAL,12279.065727811012,12279.065727811325,3.128661774098873e-10,2.5479640254817817e-12
United States of America,Female,15-19 years,Prevalence,2018,116.15453307283,10511412.863487639,derived_proxy_NOT_OFFICIAL,12209.482530941326,12209.482530941457,1.3096723705530167e-10,1.072668204597565e-12
United States of America,Female,15-19 years,Prevalence,2019,115.44416659744,10530910.802205786,derived_proxy_NOT_OFFICIAL,12157.322210725868,12157.322210726254,3.8562575355172157e-10,3.1719629279176383e-12
United States of America,Female,15-19 years,Prevalence,2020,115.07535419002,10535568.738824088,derived_proxy_NOT_OFFICIAL,12123.843042134626,12123.843042134842,2.1645973902195692e-10,1.7854053229630495e-12
United States of America,Female,15-19 years,Prevalence,2021,115.40256618301,10569761.611032013,derived_proxy_NOT_OFFICIAL,12197.776138557683,12197.776138557601,-8.185452315956354e-11,-6.710610379282003e-13
United States of America,Female,15-19 years,Prevalence,2022,115.75630951077,10675848.899941735,derived_proxy_NOT_OFFICIAL,12357.968695518215,12357.96869551869,4.747562343254685e-10,3.841701221477e-12
United States of America,Female,15-19 years,Prevalence,2023,114.28052639119,10770622.4823803,derived_proxy_NOT_OFFICIAL,12308.724068472417,12308.724068472064,-3.5288394428789616e-10,-2.866941710000418e-12
United States of America,Female,20-24 years,Prevalence,1990,521.76199183096,9626327.287989315,derived_proxy_NOT_OFFICIAL,50226.516997980085,50226.51699798028,1.964508555829525e-10,3.9112976038305224e-13
United States of America,Female,20-24 years,Prevalence,1991,520.15978567371,9693045.575297927,derived_proxy_NOT_OFFICIAL,50419.32508972453,50419.32508972472,1.8917489796876907e-10,3.7520315401310865e-13
United States of America,Female,20-24 years,Prevalence,1992,518.87077792076,9679661.861633997,derived_proxy_NOT_OFFICIAL,50224.9368015595,50224.93680155945,-5.093170329928398e-11,-1.0140720236347322e-13
United States of America,Female,20-24 years,Prevalence,1993,517.91674067293,9600441.120783143,derived_proxy_NOT_OFFICIAL,49722.29174298397,49722.29174298376,-2.1100277081131935e-10,-4.2436252114443767e-13
United States of America,Female,20-24 years,Prevalence,1994,517.3159953214499,9429171.282955999,derived_proxy_NOT_OFFICIAL,48778.611272988,48778.61127298816,1.6007106751203537e-10,3.281583122902015e-13
United States of America,Female,20-24 years,Prevalence,1995,517.0821637673899,9195695.16299522,derived_proxy_NOT_OFFICIAL,47549.29952226857,47549.2995222689,3.2741809263825417e-10,6.885865742037183e-13
United States of America,Female,20-24 years,Prevalence,1996,517.45136516558,8961067.379225414,derived_proxy_NOT_OFFICIAL,46369.16548720891,46369.16548720937,4.5838532969355583e-10,9.88556349628511e-13
United States of America,Female,20-24 years,Prevalence,1997,518.39736416424,8896399.602303844,derived_proxy_NOT_OFFICIAL,46118.70104386123,46118.70104386105,-1.7462298274040222e-10,-3.7863812030249267e-13
United States of America,Female,20-24 years,Prevalence,1998,519.5745546143401,8966293.560049798,derived_proxy_NOT_OFFICIAL,46586.57983004296,46586.57983004299,2.9103830456733704e-11,6.247256304908027e-14
United States of America,Female,20-24 years,Prevalence,1999,520.6445184478599,9120212.746173238,derived_proxy_NOT_OFFICIAL,47483.8877337342,47483.887733733995,-2.0372681319713593e-10,-4.2904408825901873e-13
United States of America,Female,20-24 years,Prevalence,2000,521.26160271896,9319475.497229347,derived_proxy_NOT_OFFICIAL,48578.84734185881,48578.84734185846,-3.4924596548080444e-10,-7.189260029639909e-13
United States of America,Female,20-24 years,Prevalence,2001,521.6168827691,9625245.52688466,derived_proxy_NOT_OFFICIAL,50206.905676208175,50206.905676208,-1.7462298274040222e-10,-3.4780670186402624e-13
United States of America,Female,20-24 years,Prevalence,2002,522.05575595453,9862385.492694743,derived_proxy_NOT_OFFICIAL,51487.15113903736,51487.151139037436,7.275957614183426e-11,1.4131598764389242e-13
United States of America,Female,20-24 years,Prevalence,2003,522.47027327856,10023612.583854843,derived_proxy_NOT_OFFICIAL,52370.39605925071,52370.39605925052,-1.8917489796876907e-10,-3.612248755093255e-13
United States of America,Female,20-24 years,Prevalence,2004,522.7457190912199,10140111.11894863,derived_proxy_NOT_OFFICIAL,53006.99678539672,53006.996785396754,3.637978807091713e-11,6.863204912023927e-14
United States of America,Female,20-24 years,Prevalence,2005,522.7795132603301,10191289.048537403,derived_proxy_NOT_OFFICIAL,53277.97128289657,53277.97128289716,5.893525667488575e-10,1.106184324510969e-12
United States of America,Female,20-24 years,Prevalence,2006,522.59189874757,10247822.761521133,derived_proxy_NOT_OFFICIAL,53554.29154971855,53554.29154971895,4.001776687800884e-10,7.472373496129116e-13
United States of America,Female,20-24 years,Prevalence,2007,522.1599744464199,10298533.290588759,derived_proxy_NOT_OFFICIAL,53774.81879849409,53774.81879849431,2.1827872842550278e-10,4.0591253174360386e-13
United States of America,Female,20-24 years,Prevalence,2008,521.4418014993,10381200.964910474,derived_proxy_NOT_OFFICIAL,54131.92132869224,54131.92132869189,-3.4924596548080444e-10,-6.451756318793161e-13
United States of America,Female,20-24 years,Prevalence,2009,520.34301144767,10525419.72297156,derived_proxy_NOT_OFFICIAL,54768.28595401713,54768.28595401723,1.0186340659856796e-10,1.8598976547137409e-13
United States of America,Female,20-24 years,Prevalence,2010,518.77236866074,10698450.989267744,derived_proxy_NOT_OFFICIAL,55500.6076070327,55500.607607032645,-5.820766091346741e-11,-1.0487752012662954e-13
United States of America,Female,20-24 years,Prevalence,2011,512.89935937299,10870612.379765019,derived_proxy_NOT_OFFICIAL,55755.30125573571,55755.30125573573,2.1827872842550278e-11,3.914941243422083e-14
United States of America,Female,20-24 years,Prevalence,2012,501.32412264165,11022223.479386784,derived_proxy_NOT_OFFICIAL,55257.06515363784,55257.06515363774,-1.0186340659856796e-10,-1.8434458347605854e-13
United States of America,Female,20-24 years,Prevalence,2013,487.63096526536,11090614.496345658,derived_proxy_NOT_OFFICIAL,54081.27052239029,54081.27052239027,-2.1827872842550278e-11,-4.03612426847725e-14
United States of America,Female,20-24 years,Prevalence,2014,475.41131218349,11082747.355088297,derived_proxy_NOT_OFFICIAL,52688.63462680619,52688.634626806306,1.1641532182693481e-10,2.209495893213119e-13
United States of America,Female,20-24 years,Prevalence,2015,468.2380495808701,10987375.49081532,derived_proxy_NOT_OFFICIAL,51447.07269832002,51447.07269832021,1.8917489796876907e-10,3.677077976390802e-13
United States of America,Female,20-24 years,Prevalence,2016,464.86019142883,10856621.977895577,derived_proxy_NOT_OFFICIAL,50468.11370915028,50468.11370914981,-4.729372449219227e-10,-9.37101092478864e-13
United States of America,Female,20-24 years,Prevalence,2017,461.80480328953,10729349.614687003,derived_proxy_NOT_OFFICIAL,49548.65188235109,49548.65188235127,1.7462298274040222e-10,3.524273135725854e-13
United States of America,Female,20-24 years,Prevalence,2018,459.3031521252501,10625456.044811836,derived_proxy_NOT_OFFICIAL,48803.05454150385,48803.05454150369,-1.6007106751203537e-10,-3.279939524603019e-13
United States of America,Female,20-24 years,Prevalence,2019,457.59371707204,10553519.543223895,derived_proxy_NOT_OFFICIAL,48292.24235976237,48292.2423597624,2.9103830456733704e-11,6.026605730982444e-14
United States of America,Female,20-24 years,Prevalence,2020,456.91513461812,10531563.085704843,derived_proxy_NOT_OFFICIAL,48120.30565044021,48120.30565044051,2.9831426218152046e-10,6.199342629877735e-13
United States of America,Female,20-24 years,Prevalence,2021,461.575110477,10526968.342225825,derived_proxy_NOT_OFFICIAL,48589.86575550816,48589.86575550767,-4.874891601502895e-10,-1.003273321649438e-12
United States of America,Female,20-24 years,Prevalence,2022,466.31975517107,10581618.446861777,derived_proxy_NOT_OFFICIAL,49344.17723454288,49344.17723454263,-2.546585164964199e-10,-5.160862552960937e-13
United States of America,Female,20-24 years,Prevalence,2023,457.84693643404,10658557.792093117,derived_proxy_NOT_OFFICIAL,48799.88031914989,48799.88031914999,1.0186340659856796e-10,2.0873700085406778e-13
United States of America,Female,25-29 years,Prevalence,1990,783.9067599186501,10823316.089238273,derived_proxy_NOT_OFFICIAL,84844.70647090177,84844.7064709017,-7.275957614183426e-11,-8.575617639361837e-14
United States of America,Female,25-29 years,Prevalence,1991,780.99558249345,10575847.863401221,derived_proxy_NOT_OFFICIAL,82596.90462439078,82596.90462439145,6.693881005048752e-10,8.104275862986827e-13
United States of America,Female,25-29 years,Prevalence,1992,778.37395563531,10339393.493749753,derived_proxy_NOT_OFFICIAL,80479.14612600007,80479.14612599983,-2.3283064365386963e-10,-2.893055590939601e-13
United States of America,Female,25-29 years,Prevalence,1993,776.1733026386901,10097112.956200387,derived_proxy_NOT_OFFICIAL,78371.09510329952,78371.09510329962,1.0186340659856796e-10,1.299757346306105e-13
United States of America,Female,25-29 years,Prevalence,1994,774.51796710462,9921249.712868333,derived_proxy_NOT_OFFICIAL,76841.86158748058,76841.86158748076,1.7462298274040222e-10,2.272498077647465e-13
United States of America,Female,25-29 years,Prevalence,1995,773.53568818713,9867310.621267116,derived_proxy_NOT_OFFICIAL,76327.16911978014,76327.16911978034,2.0372681319713593e-10,2.6691257588425385e-13
United States of America,Female,25-29 years,Prevalence,1996,772.88960676661,9945688.875243476,derived_proxy_NOT_OFFICIAL,76869.19563809941,76869.19563809977,3.637978807091713e-10,4.732687491904218e-13
United States of America,Female,25-29 years,Prevalence,1997,772.25762781441,9946554.500787418,derived_proxy_NOT_OFFICIAL,76813.02583704806,76813.02583704834,2.764863893389702e-10,3.599472697840484e-13
United States of America,Female,25-29 years,Prevalence,1998,771.75851396845,9877602.432369702,derived_proxy_NOT_OFFICIAL,76231.2377477679,76231.23774776788,-1.4551915228366852e-11,-1.9089176115067004e-14
United States of America,Female,25-29 years,Prevalence,1999,771.5021912823701,9710707.654224254,derived_proxy_NOT_OFFICIAL,74918.32234136497,74918.32234136495,-1.4551915228366852e-11,-1.942370674300623e-14
United States of America,Female,25-29 years,Prevalence,2000,771.5964214255,9476164.094009334,derived_proxy_NOT_OFFICIAL,73117.74303778385,73117.74303778418,3.346940502524376e-10,4.577466923171894e-13
United States of America,Female,25-29 years,Prevalence,2001,772.82436373138,9275175.002596442,derived_proxy_NOT_OFFICIAL,71680.81219878774,71680.81219878796,2.1827872842550278e-10,3.0451486489880243e-13
United States of America,Female,25-29 years,Prevalence,2002,775.2791180639,9236574.651836552,derived_proxy_NOT_OFFICIAL,71609.23450007239,71609.23450007217,-2.1827872842550278e-10,-3.0481924565927616e-13
United States of America,Female,25-29 years,Prevalence,2003,778.0891904190801,9322806.637971204,derived_proxy_NOT_OFFICIAL,72539.75069372664,72539.7506937264,-2.473825588822365e-10,-3.410303406289905e-13
United States of America,Female,25-29 years,Prevalence,2004,780.3884968628801,9508126.557645094,derived_proxy_NOT_OFFICIAL,74200.32592302629,74200.32592302684,5.529727786779404e-10,7.452430589746756e-13
United States of America,Female,25-29 years,Prevalence,2005,781.32272366027,9747723.020790696,derived_proxy_NOT_OFFICIAL,76161.17500090132,76161.17500090101,-3.055902197957039e-10,-4.012414721701542e-13
United States of America,Female,25-29 years,Prevalence,2006,780.8845399621599,10011705.370140236,derived_proxy_NOT_OFFICIAL,78179.85942198636,78179.85942198643,7.275957614183426e-11,9.306690582430522e-14
United States of America,Female,25-29 years,Prevalence,2007,779.64319167368,10220341.74177707,derived_proxy_NOT_OFFICIAL,79682.19855554766,79682.19855554812,4.656612873077393e-10,5.843981413026898e-13
United States of America,Female,25-29 years,Prevalence,2008,777.71723547169,10386537.687258413,derived_proxy_NOT_OFFICIAL,80777.89376257067,80777.89376257133,6.548361852765083e-10,8.106626142063807e-13
United States of America,Female,25-29 years,Prevalence,2009,775.19084164063,10487243.20983908,derived_proxy_NOT_OFFICIAL,81296.14890325116,81296.14890325138,2.1827872842550278e-10,2.684982393019277e-13
United States of America,Female,25-29 years,Prevalence,2010,772.14607642019,10526958.29462047,derived_proxy_NOT_OFFICIAL,81283.49543830146,81283.4954383017,2.473825588822365e-10,3.043453748492068e-13
United States of America,Female,25-29 years,Prevalence,2011,763.22872528651,10570670.27204296,derived_proxy_NOT_OFFICIAL,80678.39197155328,80678.39197155354,2.6193447411060333e-10,3.246649663059222e-13
United States of America,Female,25-29 years,Prevalence,2012,746.4729240759,10620470.834218029,derived_proxy_NOT_OFFICIAL,79278.93918681589,79278.93918681545,-4.3655745685100555e-10,-5.506600634782525e-13
United States of America,Female,25-29 years,Prevalence,2013,727.07110819521,10701941.025249712,derived_proxy_NOT_OFFICIAL,77810.7212106807,77810.7212106809,2.0372681319713593e-10,2.618235765294145e-13
United States of America,Female,25-29 years,Prevalence,2014,710.19508330907,10864727.183630362,derived_proxy_NOT_OFFICIAL,77160.75827308689,77160.75827308683,-5.820766091346741e-11,-7.543687000516404e-14
United States of America,Female,25-29 years,Prevalence,2015,701.0163982671,11062862.01954798,derived_proxy_NOT_OFFICIAL,77552.47687469359,77552.47687469421,6.257323548197746e-10,8.068502516441993e-13
United States of America,Female,25-29 years,Prevalence,2016,697.62250186707,11253231.786648387,derived_proxy_NOT_OFFICIAL,78505.07713091651,78505.07713091686,3.4924596548080444e-10,4.4487054626848583e-13
United States of America,Female,25-29 years,Prevalence,2017,694.74038812491,11404868.937685288,derived_proxy_NOT_OFFICIAL,79234.23072281148,79234.23072281208,5.966285243630409e-10,7.529933955568423e-13
United States of America,Female,25-29 years,Prevalence,2018,692.5026585168799,11453351.871475697,derived_proxy_NOT_OFFICIAL,79314.76619926216,79314.76619926201,-1.4551915228366852e-10,-1.8347044221006887e-13
United States of America,Female,25-29 years,Prevalence,2019,691.03955897387,11400182.740130655,derived_proxy_NOT_OFFICIAL,78779.77252961409,78779.77252961413,4.3655745685100555e-11,5.5414917158703314e-14
United States of America,Female,25-29 years,Prevalence,2020,690.47709139238,11236018.983513404,derived_proxy_NOT_OFFICIAL,77582.13706565896,77582.13706565902,5.820766091346741e-11,7.502714299324517e-14
United States of America,Female,25-29 years,Prevalence,2021,694.44230612356,11029377.415277787,derived_proxy_NOT_OFFICIAL,76592.6628737259,76592.66287372616,2.6193447411060333e-10,3.4198376748232433e-13
United States of America,Female,25-29 years,Prevalence,2022,698.76450588907,10883572.163204048,derived_proxy_NOT_OFFICIAL,76050.53924929285,76050.53924929314,2.9103830456733704e-10,3.8269065208507805e-13
United States of America,Female,25-29 years,Prevalence,2023,695.60701562352,10802911.300256126,derived_proxy_NOT_OFFICIAL,75145.808896167,75145.80889616764,6.402842700481415e-10,8.520558624005986e-13
United States of America,Female,30-34 years,Prevalence,1990,846.17778929648,11197307.2487504,derived_proxy_NOT_OFFICIAL,94749.12693821071,94749.12693821064,-7.275957614183426e-11,-7.679181697292406e-14
United States of America,Female,30-34 years,Prevalence,1991,843.63196912131,11306801.330627192,derived_proxy_NOT_OFFICIAL,95387.79071020448,95387.79071020466,1.7462298274040222e-10,1.8306638767944673e-13
United States of America,Female,30-34 years,Prevalence,1992,841.1956235877,11324116.707425531,derived_proxy_NOT_OFFICIAL,95257.97415282697,95257.97415282711,1.4551915228366852e-10,1.5276322384329224e-13
United States of America,Female,30-34 years,Prevalence,1993,838.99954753119,11284897.892607434,derived_proxy_NOT_OFFICIAL,94680.24225833308,94680.24225833316,8.731149137020111e-11,9.221722429899737e-14
United States of America,Female,30-34 years,Prevalence,1994,837.18601617561,11268095.207761545,derived_proxy_NOT_OFFICIAL,94334.91736873408,94334.91736873372,-3.637978807091713e-10,-3.8564498793926624e-13
United States of America,Female,30-34 years,Prevalence,1995,835.88785505984,11116074.339144811,derived_proxy_NOT_OFFICIAL,92917.91536033468,92917.91536033485,1.7462298274040222e-10,1.8793252309117803e-13
United States of America,Female,30-34 years,Prevalence,1996,834.5006564938,10881145.038367607,derived_proxy_NOT_OFFICIAL,90803.22677922071,90803.22677922022,-4.94765117764473e-10,-5.448761407647402e-13
United States of America,Female,30-34 years,Prevalence,1997,832.6278383601801,10646503.769506115,derived_proxy_NOT_OFFICIAL,88645.75419697358,88645.75419697385,2.764863893389702e-10,3.1190031811857447e-13
United States of America,Female,30-34 years,Prevalence,1998,830.7492935622,10401241.871074066,derived_proxy_NOT_OFFICIAL,86408.2433656437,86408.24336564356,-1.4551915228366852e-10,-1.684088769955571e-13
United States of America,Female,30-34 years,Prevalence,1999,829.34514559969,10214053.046393447,derived_proxy_NOT_OFFICIAL,84709.75310924122,84709.7531092413,7.275957614183426e-11,8.589279684005679e-14
United States of America,Female,30-34 years,Prevalence,2000,828.89210682027,10148470.267977342,derived_proxy_NOT_OFFICIAL,84119.86901426592,84119.86901426609,1.7462298274040222e-10,2.0758827229127977e-13
United States of America,Female,30-34 years,Prevalence,2001,830.39027827035,10244464.32185621,derived_proxy_NOT_OFFICIAL,85069.03578956827,85069.03578956852,2.473825588822365e-10,2.908021192272314e-13
United States of America,Female,30-34 years,Prevalence,2002,833.7165405734801,10261526.9341662,derived_proxy_NOT_OFFICIAL,85552.04736554633,85552.04736554634,1.4551915228366852e-11,1.700942955367217e-14
United States of America,Female,30-34 years,Prevalence,2003,837.64178038652,10199209.456969395,derived_proxy_NOT_OFFICIAL,85432.83968070867,85432.83968070877,1.0186340659856796e-10,1.192321441956815e-13
United States of America,Female,30-34 years,Prevalence,2004,840.91761774981,10048018.937851578,derived_proxy_NOT_OFFICIAL,84495.56148323118,84495.56148323124,5.820766091346741e-11,6.888842430500824e-14
United States of America,Female,30-34 years,Prevalence,2005,842.2996778935401,9833900.18423197,derived_proxy_NOT_OFFICIAL,82830.909576158,82830.90957615813,1.3096723705530167e-10,1.5811396702686844e-13
United States of America,Female,30-34 years,Prevalence,2006,841.69814450027,9609143.708002359,derived_proxy_NOT_OFFICIAL,80879.98429262044,80879.9842926203,-1.4551915228366852e-10,-1.7991985725069659e-13
United States of America,Female,30-34 years,Prevalence,2007,839.95027757002,9553336.113949914,derived_proxy_NOT_OFFICIAL,80243.2732063188,80243.27320631927,4.656612873077393e-10,5.803119298367187e-13
United States of America,Female,30-34 years,Prevalence,2008,837.3035634114,9637900.877177197,derived_proxy_NOT_OFFICIAL,80698.48748266364,80698.48748266324,-3.92901711165905e-10,-4.868761775123872e-13
United States of America,Female,30-34 years,Prevalence,2009,833.9946525508299,9808395.7082403,derived_proxy_NOT_OFFICIAL,81801.495707749,81801.4957077492,2.0372681319713593e-10,2.490502299921113e-13
United States of America,Female,30-34 years,Prevalence,2010,830.25855411725,10036140.752273608,derived_proxy_NOT_OFFICIAL,83325.9170989991,83325.91709899895,-1.4551915228366852e-10,-1.7463852466307446e-13
United States of America,Female,30-34 years,Prevalence,2011,821.50197908839,10287001.766644888,derived_proxy_NOT_OFFICIAL,84507.923101845,84507.9231018454,4.0745362639427185e-10,4.821484322875002e-13
United States of America,Female,30-34 years,Prevalence,2012,806.06439014637,10496596.497932844,derived_proxy_NOT_OFFICIAL,84609.32654718755,84609.32654718761,5.820766091346741e-11,6.879579744793779e-14
United States of America,Female,30-34 years,Prevalence,2013,788.57204796241,10667937.890546922,derived_proxy_NOT_OFFICIAL,84124.37629884337,84124.37629884378,4.0745362639427185e-10,4.84346683233447e-13
United States of America,Female,30-34 years,Prevalence,2014,773.66088021053,10781602.24681725,derived_proxy_NOT_OFFICIAL,83413.03884352477,83413.03884352461,-1.6007106751203537e-10,-1.9190173350753236e-13
United States of America,Female,30-34 years,Prevalence,2015,765.95832969218,10838399.854051111,derived_proxy_NOT_OFFICIAL,83017.62648744929,83017.62648744955,2.6193447411060333e-10,3.155166983124998e-13
United States of America,Female,30-34 years,Prevalence,2016,763.66500398422,10893132.446539788,derived_proxy_NOT_OFFICIAL,83187.04033187444,83187.04033187442,-1.4551915228366852e-11,-1.7493007528951663e-14
United States of America,Female,30-34 years,Prevalence,2017,761.8836097388,10939827.671171084,derived_proxy_NOT_OFFICIAL,83348.75396032234,83348.75396032236,1.4551915228366852e-11,1.7459067516827188e-14
United States of America,Female,30-34 years,Prevalence,2018,760.59359138555,11008535.57033247,derived_proxy_NOT_OFFICIAL,83730.21605334718,83730.21605334747,2.9103830456733704e-10,3.475905333648098e-13
United States of America,Female,30-34 years,Prevalence,2019,759.76575447889,11148581.446373768,derived_proxy_NOT_OFFICIAL,84703.1039397346,84703.10393973521,6.111804395914078e-10,7.215561309609816e-13
United States of America,Female,30-34 years,Prevalence,2020,759.38436650434,11310291.857373368,derived_proxy_NOT_OFFICIAL,85888.5881709061,85888.5881709067,5.966285243630409e-10,6.946540129124428e-13
United States of America,Female,30-34 years,Prevalence,2021,761.3409026856,11455913.126870278,derived_proxy_NOT_OFFICIAL,87218.55241099189,87218.55241099231,4.220055416226387e-10,4.838483670699568e-13
United States of America,Female,30-34 years,Prevalence,2022,763.6858289461001,11594755.734400976,derived_proxy_NOT_OFFICIAL,88547.506444535,88547.50644453557,5.675246939063072e-10,6.409267936435876e-13
United States of America,Female,30-34 years,Prevalence,2023,763.9184790049401,11652228.391856652,derived_proxy_NOT_OFFICIAL,89013.52590125252,89013.52590125313,6.111804395914078e-10,6.86615245720547e-13
United States of America,Female,35-39 years,Prevalence,1990,837.8249098642701,10260424.044866193,derived_proxy_NOT_OFFICIAL,85964.3885055923,85964.38850559208,-2.1827872842550278e-10,-2.539176189350814e-13
United States of America,Female,35-39 years,Prevalence,1991,836.24173950912,10500313.84579927,derived_proxy_NOT_OFFICIAL,87808.00715802795,87808.00715802878,8.294591680169106e-10,9.446281664542666e-13
United States of America,Female,35-39 years,Prevalence,1992,834.6069726819001,10752185.205117248,derived_proxy_NOT_OFFICIAL,89738.48743758033,89738.4874375802,-1.3096723705530167e-10,-1.4594321878491538e-13
United States of America,Female,35-39 years,Prevalence,1993,833.03597632889,10981297.227182575,derived_proxy_NOT_OFFICIAL,91478.15657003756,91478.1565700377,1.3096723705530167e-10,1.4316777028079972e-13
United States of America,Female,35-39 years,Prevalence,1994,831.6470462278301,11135157.880969796,derived_proxy_NOT_OFFICIAL,92605.21160989071,92605.21160989074,2.9103830456733704e-11,3.1427853736069065e-14
United States of America,Female,35-39 years,Prevalence,1995,830.5618740765901,11303058.802530851,derived_proxy_NOT_OFFICIAL,93878.89701827888,93878.89701827923,3.4924596548080444e-10,3.720175423586451e-13
United States of America,Female,35-39 years,Prevalence,1996,829.0611451379101,11426614.057375953,derived_proxy_NOT_OFFICIAL,94733.6173545705,94733.61735457048,-1.4551915228366852e-11,-1.536087783273567e-14
United States of America,Female,35-39 years,Prevalence,1997,826.79121089919,11461626.222808864,derived_proxy_NOT_OFFICIAL,94763.71823630053,94763.71823630051,-1.4551915228366852e-11,-1.5355998581736256e-14
United States of America,Female,35-39 years,Prevalence,1998,824.3931576417099,11440085.94543906,derived_proxy_NOT_OFFICIAL,94311.28576253072,94311.28576253052,-2.0372681319713593e-10,-2.1601530670476268e-13
United States of America,Female,35-39 years,Prevalence,1999,822.5133517709199,11441196.89772142,derived_proxy_NOT_OFFICIAL,94105.372086159,94105.37208615897,-2.9103830456733704e-11,-3.09268533895041e-14
United States of America,Female,35-39 years,Prevalence,2000,821.79526778251,11315047.608947169,derived_proxy_NOT_OFFICIAL,92986.52579766548,92986.52579766588,3.92901711165905e-10,4.2253617693045285e-13
United States of America,Female,35-39 years,Prevalence,2001,823.16118939383,11109286.794183925,derived_proxy_NOT_OFFICIAL,91447.33730817564,91447.33730817608,4.3655745685100555e-10,4.773867339404491e-13
United States of America,Female,35-39 years,Prevalence,2002,826.29159191929,10890442.729428433,derived_proxy_NOT_OFFICIAL,89986.81259605271,89986.81259605278,7.275957614183426e-11,8.085582102840909e-14
United States of America,Female,35-39 years,Prevalence,2003,830.00380508403,10652569.466002919,derived_proxy_NOT_OFFICIAL,88416.73190704307,88416.73190704377,6.984919309616089e-10,7.899997159994201e-13
United States of America,Female,35-39 years,Prevalence,2004,833.1128388448499,10475392.359921426,derived_proxy_NOT_OFFICIAL,87271.83866987778,87271.8386698779,1.3096723705530167e-10,1.5006815377261616e-13
United States of America,Female,35-39 years,Prevalence,2005,834.43328538254,10425909.971991953,derived_proxy_NOT_OFFICIAL,86997.26311031796,86997.2631103183,3.346940502524376e-10,3.8471790753695854e-13
United States of America,Female,35-39 years,Prevalence,2006,833.84585622305,10518078.676917935,derived_proxy_NOT_OFFICIAL,87704.56320176055,87704.56320176041,-1.4551915228366852e-10,-1.6591970471240818e-13
United States of America,Female,35-39 years,Prevalence,2007,832.18497767906,10530404.38768626,derived_proxy_NOT_OFFICIAL,87632.44340318124,87632.44340318166,4.220055416226387e-10,4.815631348781027e-13
United States of America,Female,35-39 years,Prevalence,2008,829.7230717733501,10470975.669361986,derived_proxy_NOT_OFFICIAL,86880.10096846985,86880.10096847039,5.384208634495735e-10,6.197286345753383e-13
United States of America,Female,35-39 years,Prevalence,2009,826.7080125380201,10314962.884326354,derived_proxy_NOT_OFFICIAL,85274.62465504878,85274.62465504883,4.3655745685100555e-11,5.1194298258943867e-14
United States of America,Female,35-39 years,Prevalence,2010,823.38901675106,10100290.073706489,derived_proxy_NOT_OFFICIAL,83164.67912689652,83164.67912689678,2.6193447411060333e-10,3.14958798447273e-13
United States of America,Female,35-39 years,Prevalence,2011,816.0874820135401,9867830.705661397,derived_proxy_NOT_OFFICIAL,80530.1311351907,80530.13113519106,3.4924596548080444e-10,4.336835921631675e-13
United States of America,Female,35-39 years,Prevalence,2012,803.43394594169,9808885.002794456,derived_proxy_NOT_OFFICIAL,78807.91183083432,78807.91183083416,-1.6007106751203537e-10,-2.0311547888191362e-13
United States of America,Female,35-39 years,Prevalence,2013,789.1716978393399,9887847.734946989,derived_proxy_NOT_OFFICIAL,78032.09584964965,78032.09584964986,2.1827872842550278e-10,2.797294190919554e-13
United States of America,Female,35-39 years,Prevalence,2014,777.05658453372,10055783.278936964,derived_proxy_NOT_OFFICIAL,78139.12609542035,78139.12609542049,1.4551915228366852e-10,1.8623084177568917e-13
United States of America,Female,35-39 years,Prevalence,2015,770.84490839819,10283314.207312267,derived_proxy_NOT_OFFICIAL,79268.40398165381,79268.4039816543,4.802132025361061e-10,6.058065741392352e-13
United States of America,Female,35-39 years,Prevalence,2016,769.12767319836,10532836.847611139,derived_proxy_NOT_OFFICIAL,81010.96296781108,81010.96296781104,-4.3655745685100555e-11,-5.388868874753006e-14
United States of America,Female,35-39 years,Prevalence,2017,767.9323244355801,10735265.17188097,derived_proxy_NOT_OFFICIAL,82439.5713687489,82439.5713687488,-1.0186340659856796e-10,-1.2356130060761356e-13
United States of America,Female,35-39 years,Prevalence,2018,767.14438532538,10894499.342209727,derived_proxy_NOT_OFFICIAL,83576.54001307259,83576.54001307237,-2.1827872842550278e-10,-2.611722480870359e-13
United States of America,Female,35-39 years,Prevalence,2019,766.65804993828,10983973.416305847,derived_proxy_NOT_OFFICIAL,84209.51639918904,84209.51639918948,4.3655745685100555e-10,5.184181972753969e-13
United States of America,Female,35-39 years,Prevalence,2020,766.3680854275,11011221.992861569,derived_proxy_NOT_OFFICIAL,84386.49116886532,84386.49116886502,-3.055902197957039e-10,-3.6213168193495457e-13
United States of America,Female,35-39 years,Prevalence,2021,766.65860100639,11031655.573420897,derived_proxy_NOT_OFFICIAL,84575.13628703174,84575.1362870321,3.637978807091713e-10,4.301475548020535e-13
United States of America,Female,35-39 years,Prevalence,2022,767.31147165241,11064661.609695699,derived_proxy_NOT_OFFICIAL,84900.41783071493,84900.4178307153,3.7834979593753815e-10,4.456394981376173e-13
United States of America,Female,35-39 years,Prevalence,2023,769.6524431078001,11137561.801007703,derived_proxy_NOT_OFFICIAL,85720.51650409715,85720.51650409689,-2.6193447411060333e-10,-3.0556800727872863e-13
United States of America,Female,40-44 years,Prevalence,1990,797.3100555528399,9140013.480417017,derived_proxy_NOT_OFFICIAL,72874.24655824965,72874.24655824997,3.2014213502407074e-10,4.3930764315782746e-13
United States of America,Female,40-44 years,Prevalence,1991,796.9356066131601,9610110.04736661,derived_proxy_NOT_OFFICIAL,76586.38880217352,76586.38880217334,-1.7462298274040222e-10,-2.280078555361347e-13
United States of America,Female,40-44 years,Prevalence,1992,796.38168988018,9670899.358859174,derived_proxy_NOT_OFFICIAL,77017.27174069367,77017.2717406942,5.238689482212067e-10,6.801967096224854e-13
United States of America,Female,40-44 years,Prevalence,1993,795.73019837932,9786455.864210714,derived_proxy_NOT_OFFICIAL,77873.78466258866,77873.7846625885,-1.6007106751203537e-10,-2.0555193022349034e-13
United States of America,Female,40-44 years,Prevalence,1994,795.0539612161399,10013827.407074925,derived_proxy_NOT_OFFICIAL,79615.33146929673,79615.33146929665,-7.275957614183426e-11,-9.13889006037658e-14
United States of America,Female,40-44 years,Prevalence,1995,794.4307317477201,10238544.68288346,derived_proxy_NOT_OFFICIAL,81338.14544454872,81338.14544454835,-3.637978807091713e-10,-4.4726601365307255e-13
United States of America,Female,40-44 years,Prevalence,1996,793.2244065170701,10482840.528046252,derived_proxy_NOT_OFFICIAL,83152.44956472525,83152.44956472579,5.384208634495735e-10,6.475105258690795e-13
United States of America,Female,40-44 years,Prevalence,1997,791.1684256598601,10735885.350034462,derived_proxy_NOT_OFFICIAL,84938.93510451476,84938.93510451521,4.511093720793724e-10,5.310984550539704e-13
United States of America,Female,40-44 years,Prevalence,1998,788.9043811987699,10970372.98169854,derived_proxy_NOT_OFFICIAL,86545.7530864656,86545.7530864659,3.055902197957039e-10,3.530967250240421e-13
United States of America,Female,40-44 years,Prevalence,1999,787.07956693299,11135738.09404597,derived_proxy_NOT_OFFICIAL,87647.11916540927,87647.11916540904,-2.3283064365386963e-10,-2.6564551792565744e-13
United States of America,Female,40-44 years,Prevalence,2000,786.3407189818801,11312287.631390128,derived_proxy_NOT_OFFICIAL,88953.12389397096,88953.12389397142,4.656612873077393e-10,5.234906509441887e-13
United States of America,Female,40-44 years,Prevalence,2001,787.26135984831,11448326.012582444,derived_proxy_NOT_OFFICIAL,90128.24704652396,90128.24704652435,3.92901711165905e-10,4.3593626198353796e-13
United States of America,Female,40-44 years,Prevalence,2002,789.43817185979,11500507.784390932,derived_proxy_NOT_OFFICIAL,90789.39840768855,90789.39840768861,5.820766091346741e-11,6.4112839091726e-14
United States of America,Female,40-44 years,Prevalence,2003,792.03656370977,11491998.194028836,derived_proxy_NOT_OFFICIAL,91020.82759757416,91020.82759757483,6.693881005048752e-10,7.354229995187556e-13
United States of America,Female,40-44 years,Prevalence,2004,794.22139014981,11506752.556704123,derived_proxy_NOT_OFFICIAL,91389.09011695444,91389.09011695429,-1.4551915228366852e-10,-1.592303327426081e-13
United States of America,Female,40-44 years,Prevalence,2005,795.1565403466899,11398201.344942952,derived_proxy_NOT_OFFICIAL,90633.54347619782,90633.54347619825,4.220055416226387e-10,4.656173922334458e-13
United States of America,Female,40-44 years,Prevalence,2006,794.80329953396,11195400.081195801,derived_proxy_NOT_OFFICIAL,88981.40924137185,88981.40924137186,1.4551915228366852e-11,1.6353882628328783e-14
United States of America,Female,40-44 years,Prevalence,2007,793.74739700945,10976948.722153708,derived_proxy_NOT_OFFICIAL,87129.24475315688,87129.24475315714,2.6193447411060333e-10,3.006275044075978e-13
United States of America,Female,40-44 years,Prevalence,2008,792.14115372752,10743661.680863809,derived_proxy_NOT_OFFICIAL,85104.96559137607,85104.96559137604,-2.9103830456733704e-11,-3.419757032330306e-14
United States of America,Female,40-44 years,Prevalence,2009,790.1278931192701,10560794.840005357,derived_proxy_NOT_OFFICIAL,83443.78576598228,83443.78576598292,6.402842700481415e-10,7.673240903089126e-13
United States of America,Female,40-44 years,Prevalence,2010,787.8442195983499,10506855.882013764,derived_proxy_NOT_OFFICIAL,82777.65672797433,82777.65672797467,3.346940502524376e-10,4.0432897412440193e-13
United States of America,Female,40-44 years,Prevalence,2011,782.3756224614099,10591827.604635999,derived_proxy_NOT_OFFICIAL,82867.87715181039,82867.87715181033,-5.820766091346741e-11,-7.02415253220901e-14
United States of America,Female,40-44 years,Prevalence,2012,772.67339397644,10600177.211793128,derived_proxy_NOT_OFFICIAL,81904.74902987936,81904.74902987914,-2.1827872842550278e-10,-2.6650314055156114e-13
United States of America,Female,40-44 years,Prevalence,2013,761.64609951746,10536173.665413111,derived_proxy_NOT_OFFICIAL,80248.35576100435,80248.35576100476,4.0745362639427185e-10,5.077407786494096e-13
United States of America,Female,40-44 years,Prevalence,2014,752.19270134778,10381818.938542156,derived_proxy_NOT_OFFICIAL,78091.28432285534,78091.28432285566,3.2014213502407074e-10,4.099588549478796e-13
United States of America,Female,40-44 years,Prevalence,2015,747.20600824674,10172183.114024041,derived_proxy_NOT_OFFICIAL,76007.16339784829,76007.16339784797,-3.2014213502407074e-10,-4.211999510471585e-13
United States of America,Female,40-44 years,Prevalence,2016,745.68956666694,9939830.65409553,derived_proxy_NOT_OFFICIAL,74120.28013195218,74120.28013195263,4.511093720793724e-10,6.086180074822811e-13
United States of America,Female,40-44 years,Prevalence,2017,744.61677847945,9878964.989366136,derived_proxy_NOT_OFFICIAL,73560.43085093045,73560.43085093086,4.0745362639427185e-10,5.539032625025986e-13
United States of America,Female,40-44 years,Prevalence,2018,743.86130874342,9950007.728048936,derived_proxy_NOT_OFFICIAL,74014.25770593631,74014.25770593624,-7.275957614183426e-11,-9.830481098778699e-14
United States of America,Female,40-44 years,Prevalence,2019,743.30538227399,10103049.318822645,derived_proxy_NOT_OFFICIAL,75096.50936060418,75096.5093606044,2.1827872842550278e-10,2.9066428024950566e-13
United States of America,Female,40-44 years,Prevalence,2020,742.83269131622,10306765.857038941,derived_proxy_NOT_OFFICIAL,76562.02620350324,76562.02620350364,4.0745362639427185e-10,5.321876217215736e-13
United States of America,Female,40-44 years,Prevalence,2021,741.64681881706,10528090.920576118,derived_proxy_NOT_OFFICIAL,78081.25139462073,78081.2513946205,-2.3283064365386963e-10,-2.981902050687549e-13
United States of America,Female,40-44 years,Prevalence,2022,740.86882605624,10717678.544260263,derived_proxy_NOT_OFFICIAL,79403.93921134298,79403.93921134253,-4.511093720793724e-10,-5.68119638093384e-13
United States of America,Female,40-44 years,Prevalence,2023,745.3561876487701,10878576.74075342,derived_proxy_NOT_OFFICIAL,81084.14486532586,81084.14486532552,-3.346940502524376e-10,-4.1277373129893285e-13
United States of America,Female,45-49 years,Prevalence,1990,747.04284906486,7126274.376764039,derived_proxy_NOT_OFFICIAL,53236.32313635714,53236.32313635716,2.1827872842550278e-11,4.1001841518320754e-14
United States of America,Female,45-49 years,Prevalence,1991,747.6667712741199,7285731.235409625,derived_proxy_NOT_OFFICIAL,54472.99149149741,54472.991491497196,-2.1100277081131935e-10,-3.8735300748859076e-13
United States of America,Female,45-49 years,Prevalence,1992,747.99573603058,7836689.601408519,derived_proxy_NOT_OFFICIAL,58618.10406448713,58618.10406448758,4.511093720793724e-10,7.695734607572714e-13
United States of America,Female,45-49 years,Prevalence,1993,748.08087855617,8226844.69842915,derived_proxy_NOT_OFFICIAL,61543.452097460366,61543.45209746047,1.0186340659856796e-10,1.655146130529968e-13
United States of America,Female,45-49 years,Prevalence,1994,747.97956639555,8586957.027312458,derived_proxy_NOT_OFFICIAL,64228.6839394637,64228.68393946393,2.3283064365386963e-10,3.6250259132401856e-13
United States of America,Female,45-49 years,Prevalence,1995,747.75050095615,9032395.300523803,derived_proxy_NOT_OFFICIAL,67539.78110800606,67539.78110800647,4.0745362639427185e-10,6.032794594680333e-13
United States of America,Female,45-49 years,Prevalence,1996,746.85383981809,9504962.45112253,derived_proxy_NOT_OFFICIAL,70988.17703947613,70988.17703947626,1.3096723705530167e-10,1.844916189106695e-13
United States of America,Female,45-49 years,Prevalence,1997,745.12044032454,9580246.480218727,derived_proxy_NOT_OFFICIAL,71384.3747575818,71384.37475758203,2.3283064365386963e-10,3.2616471664079465e-13
United States of America,Female,45-49 years,Prevalence,1998,743.13677830871,9712902.355541384,derived_proxy_NOT_OFFICIAL,72180.1496452406,72180.14964524104,4.3655745685100555e-10,6.048165028704553e-13
United States of America,Female,45-49 years,Prevalence,1999,741.4841692894,9954182.443245623,derived_proxy_NOT_OFFICIAL,73808.68699885091,73808.6869988511,1.8917489796876907e-10,2.56304380501599e-13
United States of America,Female,45-49 years,Prevalence,2000,740.75125517777,10200801.045285655,derived_proxy_NOT_OFFICIAL,75562.56178114077,75562.56178114057,-2.0372681319713593e-10,-2.69613428124909e-13
United States of America,Female,45-49 years,Prevalence,2001,741.21022408607,10459859.59672224,derived_proxy_NOT_OFFICIAL,77529.54875595338,77529.5487559532,-1.7462298274040222e-10,-2.2523410176174045e-13
United States of America,Female,45-49 years,Prevalence,2002,742.41016643487,10721991.939639334,derived_proxy_NOT_OFFICIAL,79601.15820421003,79601.15820420973,-3.055902197957039e-10,-3.8390172541426855e-13
United States of America,Female,45-49 years,Prevalence,2003,743.86813342023,10963604.239156187,derived_proxy_NOT_OFFICIAL,81554.75820939167,81554.75820939234,6.693881005048752e-10,8.207836246491255e-13
United States of America,Female,45-49 years,Prevalence,2004,745.10377443975,11139652.524570037,derived_proxy_NOT_OFFICIAL,83001.97142004441,83001.97142004425,-1.6007106751203537e-10,-1.928521272127029e-13
United States of America,Female,45-49 years,Prevalence,2005,745.63561400006,11320080.527276078,derived_proxy_NOT_OFFICIAL,84406.55194485617,84406.55194485621,4.3655745685100555e-11,5.1720802093208813e-14
United States of America,Female,45-49 years,Prevalence,2006,745.44655972844,11463748.30722028,derived_proxy_NOT_OFFICIAL,85456.11737210074,85456.11737210085,1.1641532182693481e-10,1.3622818986735462e-13
United States of America,Female,45-49 years,Prevalence,2007,744.8677176999599,11522277.902371112,derived_proxy_NOT_OFFICIAL,85825.72843843896,85825.72843843853,-4.3655745685100555e-10,-5.086556966005122e-13
United States of America,Female,45-49 years,Prevalence,2008,743.94465981727,11522703.567641143,derived_proxy_NOT_OFFICIAL,85722.5378580405,85722.53785804033,-1.6007106751203537e-10,-1.8673160117718239e-13
United States of America,Female,45-49 years,Prevalence,2009,742.72157651896,11536927.896708498,derived_proxy_NOT_OFFICIAL,85687.25275628896,85687.25275628905,8.731149137020111e-11,1.0189554287442474e-13
United States of America,Female,45-49 years,Prevalence,2010,741.2414159298,11428779.599290535,derived_proxy_NOT_OFFICIAL,84714.8477252769,84714.84772527729,3.92901711165905e-10,4.637932094738009e-13
United States of America,Female,45-49 years,Prevalence,2011,737.36360313884,11220309.570179071,derived_proxy_NOT_OFFICIAL,82734.47893000413,82734.47893000448,3.4924596548080444e-10,4.2212868201693404e-13
United States of America,Female,45-49 years,Prevalence,2012,730.31977994527,10995128.364124248,derived_proxy_NOT_OFFICIAL,80299.59727357191,80299.59727357217,2.6193447411060333e-10,3.2619649787061987e-13
United States of America,Female,45-49 years,Prevalence,2013,722.23368987275,10755190.921116155,derived_proxy_NOT_OFFICIAL,77677.61224243602,77677.61224243621,1.8917489796876907e-10,2.435385080817675e-13
United States of America,Female,45-49 years,Prevalence,2014,715.23023411176,10568552.26099199,derived_proxy_NOT_OFFICIAL,75589.48107851676,75589.4810785167,-5.820766091346741e-11,-7.700497487607515e-14
United States of America,Female,45-49 years,Prevalence,2015,711.42806808541,10512913.454998586,derived_proxy_NOT_OFFICIAL,74791.81709238772,74791.81709238757,-1.4551915228366852e-10,-1.9456560615971368e-13
United States of America,Female,45-49 years,Prevalence,2016,710.12609082273,10595635.897326425,derived_proxy_NOT_OFFICIAL,75242.37499549371,75242.37499549403,3.2014213502407074e-10,4.254811667537663e-13
United States of America,Female,45-49 years,Prevalence,2017,709.16201384283,10598208.057232078,derived_proxy_NOT_OFFICIAL,75158.46568991983,75158.46568992008,2.473825588822365e-10,3.2914796305563106e-13
United States of America,Female,45-49 years,Prevalence,2018,708.43323922712,10526680.405840347,derived_proxy_NOT_OFFICIAL,74574.50298218154,74574.50298218131,-2.3283064365386963e-10,-3.122121292709132e-13
United States of America,Female,45-49 years,Prevalence,2019,707.8329202433999,10367642.644180406,derived_proxy_NOT_OFFICIAL,73385.58768870191,73385.58768870222,3.055902197957039e-10,4.164172140884157e-13
United States of America,Female,45-49 years,Prevalence,2020,707.25523028755,10153509.765864674,derived_proxy_NOT_OFFICIAL,71811.22887683476,71811.22887683508,3.2014213502407074e-10,4.4581069009855623e-13
United States of America,Female,45-49 years,Prevalence,2021,705.02566559687,9908899.14335071,derived_proxy_NOT_OFFICIAL,69860.28213873084,69860.2821387309,5.820766091346741e-11,8.33201056902071e-14
United States of America,Female,45-49 years,Prevalence,2022,703.18029163573,9843515.391950086,derived_proxy_NOT_OFFICIAL,69217.66024032269,69217.66024032258,-1.0186340659856796e-10,-1.4716389754421015e-13
United States of America,Female,45-49 years,Prevalence,2023,708.8828401862401,9915213.010163017,derived_proxy_NOT_OFFICIAL,70287.2435969595,70287.24359695918,-3.2014213502407074e-10,-4.554768669829009e-13
United States of America,Female,50-54 years,Prevalence,1990,693.65693703947,5894241.530611159,derived_proxy_NOT_OFFICIAL,40885.815262945456,40885.81526294574,2.837623469531536e-10,6.940361715382634e-13
United States of America,Female,50-54 years,Prevalence,1991,694.8675239350599,6021721.463898031,derived_proxy_NOT_OFFICIAL,41842.98683445428,41842.98683445429,1.4551915228366852e-11,3.4777429455357475e-14
United States of America,Female,50-54 years,Prevalence,1992,695.74421565255,6211125.660600037,derived_proxy_NOT_OFFICIAL,43213.54751053598,43213.547510535995,1.4551915228366852e-11,3.3674428661101986e-14
United States of America,Female,50-54 years,Prevalence,1993,696.32401808696,6530436.559690725,derived_proxy_NOT_OFFICIAL,45472.99825105798,45472.99825105829,3.128661774098873e-10,6.880262781058387e-13
United States of America,Female,50-54 years,Prevalence,1994,696.61275026415,6810453.230793225,derived_proxy_NOT_OFFICIAL,47442.4855564825,47442.485556482345,-1.5279510989785194e-10,-3.220638803081728e-13
United States of America,Female,50-54 years,Prevalence,1995,696.63828385355,7032055.265877144,derived_proxy_NOT_OFFICIAL,48987.989123839645,48987.98912383973,8.731149137020111e-11,1.7823040490492723e-13
United States of America,Female,50-54 years,Prevalence,1996,695.9864960449701,7197514.004091617,derived_proxy_NOT_OFFICIAL,50093.72551942339,50093.725519423264,-1.2369127944111824e-10,-2.46919705329479e-13
United States of America,Female,50-54 years,Prevalence,1997,694.5561529454201,7749042.120453335,derived_proxy_NOT_OFFICIAL,53821.44884194093,53821.44884194089,-4.3655745685100555e-11,-8.11121711221593e-14
United States of America,Female,50-54 years,Prevalence,1998,692.85246285441,8145395.689926511,derived_proxy_NOT_OFFICIAL,56435.57464689296,56435.57464689278,-1.7462298274040222e-10,-3.094200490257895e-13
United States of America,Female,50-54 years,Prevalence,1999,691.3875207940899,8519941.14050727,derived_proxy_NOT_OFFICIAL,58905.80982446871,58905.80982446892,2.0372681319713593e-10,3.458518163220471e-13
United States of America,Female,50-54 years,Prevalence,2000,690.67557046563,8977328.521345783,derived_proxy_NOT_OFFICIAL,62004.214977378346,62004.214977378695,3.4924596548080444e-10,5.632616518219343e-13
United States of America,Female,50-54 years,Prevalence,2001,690.7392925208,9448897.613417346,derived_proxy_NOT_OFFICIAL,65267.24852593316,65267.248525933726,5.675246939063072e-10,8.695397871427169e-13
United States of America,Female,50-54 years,Prevalence,2002,691.14218502091,9533594.808747463,derived_proxy_NOT_OFFICIAL,65890.6954722168,65890.69547221727,4.656612873077393e-10,7.067178210375516e-13
United States of America,Female,50-54 years,Prevalence,2003,691.67944844594,9675350.164950814,derived_proxy_NOT_OFFICIAL,66922.4086561452,66922.40865614514,-5.820766091346741e-11,-8.697783310900368e-14
United States of America,Female,50-54 years,Prevalence,2004,692.1351539165399,9923024.921168208,derived_proxy_NOT_OFFICIAL,68680.74381130401,68680.7438113042,1.8917489796876907e-10,2.7544095691292324e-13
United States of America,Female,50-54 years,Prevalence,2005,692.30308406216,10178321.065794744,derived_proxy_NOT_OFFICIAL,70464.83064424546,70464.83064424552,5.820766091346741e-11,8.260526617503615e-14
United States of America,Female,50-54 years,Prevalence,2006,692.16594457738,10449847.59386002,derived_proxy_NOT_OFFICIAL,72330.2863049379,72330.28630493782,-7.275957614183426e-11,-1.0059351325541077e-13
United States of America,Female,50-54 years,Prevalence,2007,691.82791348593,10719253.386568168,derived_proxy_NOT_OFFICIAL,74158.78704556439,74158.78704556444,5.820766091346741e-11,7.849057843638093e-14
United States of America,Female,50-54 years,Prevalence,2008,691.2849629303399,10965737.367014857,derived_proxy_NOT_OFFICIAL,75804.49349260688,75804.49349260709,2.0372681319713593e-10,2.687529509276454e-13
United States of America,Female,50-54 years,Prevalence,2009,690.53363961362,11139424.830236915,derived_proxy_NOT_OFFICIAL,76921.47571225838,76921.4757122583,-8.731149137020111e-11,-1.1350730151981074e-13
United States of America,Female,50-54 years,Prevalence,2010,689.5650230490901,11309543.766959427,derived_proxy_NOT_OFFICIAL,77986.65808338033,77986.6580833807,3.637978807091713e-10,4.664873321282886e-13
United States of America,Female,50-54 years,Prevalence,2011,686.87484103385,11441939.248165466,derived_proxy_NOT_OFFICIAL,78591.80202202626,78591.80202202624,-1.4551915228366852e-11,-1.8515818258357928e-14
United States of America,Female,50-54 years,Prevalence,2012,681.95890241937,11490362.299086249,derived_proxy_NOT_OFFICIAL,78359.54861885765,78359.54861885768,2.9103830456733704e-11,3.7141396255733037e-14
United States of America,Female,50-54 years,Prevalence,2013,676.29607546696,11480641.151316429,derived_proxy_NOT_OFFICIAL,77643.12554479761,77643.12554479782,2.0372681319713593e-10,2.623887327662924e-13
United States of America,Female,50-54 years,Prevalence,2014,671.36829717696,11483773.582369786,derived_proxy_NOT_OFFICIAL,77098.41515161301,77098.4151516136,5.966285243630409e-10,7.738531631159718e-13
United States of America,Female,50-54 years,Prevalence,2015,668.65169391303,11367384.65333227,derived_proxy_NOT_OFFICIAL,76008.21003811603,76008.21003811604,1.4551915228366852e-11,1.9145188685629442e-14
United States of America,Female,50-54 years,Prevalence,2016,667.71333099104,11150596.848870829,derived_proxy_NOT_OFFICIAL,74454.02164497707,74454.02164497736,2.9103830456733704e-10,3.908966878311959e-13
United States of America,Female,50-54 years,Prevalence,2017,667.04717647263,10916850.77348352,derived_proxy_NOT_OFFICIAL,72820.54484425193,72820.54484425229,3.637978807091713e-10,4.995813770512973e-13
United States of America,Female,50-54 years,Prevalence,2018,666.5350443372799,10670141.302204859,derived_proxy_NOT_OFFICIAL,71120.23105950176,71120.23105950157,-1.8917489796876907e-10,-2.659930868482394e-13
United States of America,Female,50-54 years,Prevalence,2019,666.0613655336,10476994.456209293,derived_proxy_NOT_OFFICIAL,69783.21234190669,69783.21234190719,4.94765117764473e-10,7.090030698792483e-13
United States of America,Female,50-54 years,Prevalence,2020,665.5039174451,10410044.038424684,derived_proxy_NOT_OFFICIAL,69279.25088347607,69279.25088347636,2.9103830456733704e-10,4.200944739671733e-13
United States of America,Female,50-54 years,Prevalence,2021,662.61286634463,10474613.878307698,derived_proxy_NOT_OFFICIAL,69406.1392575871,69406.13925758706,-4.3655745685100555e-11,-6.289896852363582e-14
United States of America,Female,50-54 years,Prevalence,2022,660.04735440876,10467265.563830975,derived_proxy_NOT_OFFICIAL,69088.90943300498,69088.90943300554,5.529727786779404e-10,8.00378502448579e-13
United States of America,Female,50-54 years,Prevalence,2023,665.8800915032899,10395078.534997288,derived_proxy_NOT_OFFICIAL,69218.75846067864,69218.75846067879,1.4551915228366852e-10,2.102308037875804e-13
United States of America,Female,55-59 years,Prevalence,1990,639.15619514665,5483499.590274448,derived_proxy_NOT_OFFICIAL,35048.127342080305,35048.127342080305,0.0,0.0
United States of America,Female,55-59 years,Prevalence,1991,640.59556492997,5458178.619263243,derived_proxy_NOT_OFFICIAL,34964.850160956375,34964.85016095621,-1.673470251262188e-10,-4.786150215312161e-13
United States of America,Female,55-59 years,Prevalence,1992,641.7097358587899,5478883.338266528,derived_proxy_NOT_OFFICIAL,35158.52779800112,35158.52779800139,2.6921043172478676e-10,7.657045063760953e-13
United States of America,Female,55-59 years,Prevalence,1993,642.49016195533,5538471.126017287,derived_proxy_NOT_OFFICIAL,35584.13210739768,35584.13210739766,-2.1827872842550278e-11,-6.134159118078482e-14
United States of America,Female,55-59 years,Prevalence,1994,642.93688766378,5635287.371388787,derived_proxy_NOT_OFFICIAL,36231.341236516855,36231.34123651711,2.546585164964199e-10,7.028680358091591e-13
United States of America,Female,55-59 years,Prevalence,1995,643.06611039604,5749772.208435254,derived_proxy_NOT_OFFICIAL,36974.83649741683,36974.836497417076,2.473825588822365e-10,6.690565322703168e-13
United States of America,Female,55-59 years,Prevalence,1996,642.5634965056901,5878771.817018244,derived_proxy_NOT_OFFICIAL,37774.84173902332,37774.84173902352,1.964508555829525e-10,5.200573888308547e-13
United States of America,Female,55-59 years,Prevalence,1997,641.3965312686,6072011.761049628,derived_proxy_NOT_OFFICIAL,38945.67281359357,38945.67281359375,1.8189894035458565e-10,4.670581536110881e-13
United States of America,Female,55-59 years,Prevalence,1998,639.9895955554999,6392866.4406118365,derived_proxy_NOT_OFFICIAL,40913.68007767508,40913.68007767497,-1.0913936421275139e-10,-2.6675518800936283e-13
United States of America,Female,55-59 years,Prevalence,1999,638.73619888572,6677977.455191897,derived_proxy_NOT_OFFICIAL,42654.65935973776,42654.659359738056,2.9831426218152046e-10,6.993708698166345e-13
United States of America,Female,55-59 years,Prevalence,2000,638.0540860085,6909860.569142279,derived_proxy_NOT_OFFICIAL,44088.64769890264,44088.6476989025,-1.382431946694851e-10,-3.135573483986127e-13
United States of America,Female,55-59 years,Prevalence,2001,637.8178280270699,7080751.495027462,derived_proxy_NOT_OFFICIAL,45162.29539357837,45162.295393578446,7.275957614183426e-11,1.6110690457106381e-13
United States of America,Female,55-59 years,Prevalence,2002,637.61348692313,7627994.93327125,derived_proxy_NOT_OFFICIAL,48637.12447635036,48637.124476350495,1.382431946694851e-10,2.842338977846139e-13
United States of America,Female,55-59 years,Prevalence,2003,637.43527571577,8025220.293149028,derived_proxy_NOT_OFFICIAL,51155.58510243196,51155.58510243243,4.656612873077393e-10,9.102843538497647e-13
United States of America,Female,55-59 years,Prevalence,2004,637.28036777,8402450.695854139,derived_proxy_NOT_OFFICIAL,53547.16869623248,53547.16869623218,-3.055902197957039e-10,-5.706935160835215e-13
United States of America,Female,55-59 years,Prevalence,2005,637.14393513523,8856545.342821702,derived_proxy_NOT_OFFICIAL,56428.9415142902,56428.94151429014,-5.820766091346741e-11,-1.0315214028731473e-13
United States of America,Female,55-59 years,Prevalence,2006,636.95651085467,9330562.054023782,derived_proxy_NOT_OFFICIAL,59431.6225024399,59431.622502439706,-1.964508555829525e-10,-3.305493730629471e-13
United States of America,Female,55-59 years,Prevalence,2007,636.65674453603,9422550.288221776,derived_proxy_NOT_OFFICIAL,59989.30191726313,59989.30191726308,-5.093170329928398e-11,-8.490131018615397e-14
United States of America,Female,55-59 years,Prevalence,2008,636.23608799157,9573634.639999093,derived_proxy_NOT_OFFICIAL,60910.918512136464,60910.91851213606,-4.0745362639427185e-10,-6.68933643338652e-13
United States of America,Female,55-59 years,Prevalence,2009,635.67776784852,9822464.839695087,derived_proxy_NOT_OFFICIAL,62439.22524067908,62439.225240679436,3.5652192309498787e-10,5.709903057264623e-13
United States of America,Female,55-59 years,Prevalence,2010,634.9752538206,10078655.95085027,derived_proxy_NOT_OFFICIAL,63996.97120561649,63996.971205616515,2.1827872842550278e-11,3.410766545875943e-14
United States of America,Female,55-59 years,Prevalence,2011,633.1624705289399,10344103.933889793,derived_proxy_NOT_OFFICIAL,65494.98402189778,65494.98402189788,1.0186340659856796e-10,1.5552856164452329e-13
United States of America,Female,55-59 years,Prevalence,2012,629.91859146466,10602218.330174867,derived_proxy_NOT_OFFICIAL,66785.34436944532,66785.34436944552,2.0372681319713593e-10,3.050471853078325e-13
United States of America,Female,55-59 years,Prevalence,2013,626.20880631792,10833555.564526739,derived_proxy_NOT_OFFICIAL,67840.67898241177,67840.6789824115,-2.764863893389702e-10,-4.075525090346626e-13
United States of America,Female,55-59 years,Prevalence,2014,623.00137744763,10992490.886901006,derived_proxy_NOT_OFFICIAL,68483.36964119763,68483.36964119847,8.440110832452774e-10,1.232432176844208e-12
United States of America,Female,55-59 years,Prevalence,2015,621.26046372376,11146793.93299679,derived_proxy_NOT_OFFICIAL,69250.62367846833,69250.62367846782,-5.093170329928398e-10,-7.354692361437875e-13
United States of America,Female,55-59 years,Prevalence,2016,620.73263464878,11267712.180800367,derived_proxy_NOT_OFFICIAL,69942.3666845234,69942.36668452363,2.3283064365386963e-10,3.328892839787041e-13
United States of America,Female,55-59 years,Prevalence,2017,620.43478493702,11307651.215797063,derived_proxy_NOT_OFFICIAL,70156.60150215929,70156.60150215884,-4.511093720793724e-10,-6.430034557268116e-13
United States of America,Female,55-59 years,Prevalence,2018,620.22835900669,11293203.577173911,derived_proxy_NOT_OFFICIAL,70043.65122599067,70043.65122599056,-1.1641532182693481e-10,-1.6620395965842695e-13
United States of America,Female,55-59 years,Prevalence,2019,619.97673031004,11289927.799795475,derived_proxy_NOT_OFFICIAL,69994.92522753605,69994.92522753622,1.7462298274040222e-10,2.494794903669751e-13
United States of America,Female,55-59 years,Prevalence,2020,619.54398007266,11166619.403044574,derived_proxy_NOT_OFFICIAL,69182.11828918809,69182.11828918826,1.7462298274040222e-10,2.5241057524498007e-13
United States of America,Female,55-59 years,Prevalence,2021,616.4104175218,10936283.636272503,derived_proxy_NOT_OFFICIAL,67412.39162371546,67412.39162371562,1.6007106751203537e-10,2.37450509700835e-13
United States of America,Female,55-59 years,Prevalence,2022,613.4968307387101,10694965.813570403,derived_proxy_NOT_OFFICIAL,65613.27631484272,65613.27631484292,2.0372681319713593e-10,3.104963273279646e-13
United States of America,Female,55-59 years,Prevalence,2023,618.67484055003,10450785.511949167,derived_proxy_NOT_OFFICIAL,64656.38060227644,64656.380602277146,7.057678885757923e-10,1.0915672699299586e-12
United States of America,Female,60-64 years,Prevalence,1990,578.89403493399,5683144.679081645,derived_proxy_NOT_OFFICIAL,32899.3855438719,32899.38554387209,1.964508555829525e-10,5.971262147768137e-13
United States of America,Female,60-64 years,Prevalence,1991,580.29949981914,5618823.677872583,derived_proxy_NOT_OFFICIAL,32606.005698413755,32606.005698414006,2.510205376893282e-10,7.698598227919099e-13
United States of America,Female,60-64 years,Prevalence,1992,581.39738698418,5522332.31473876,derived_proxy_NOT_OFFICIAL,32106.69577847417,32106.69577847413,-4.001776687800884e-11,-1.246399416312364e-13
United States of America,Female,60-64 years,Prevalence,1993,582.1851319477399,5425675.608009292,derived_proxy_NOT_OFFICIAL,31587.476697545004,31587.476697545237,2.3283064365386963e-10,7.370979514548097e-13
United States of America,Female,60-64 years,Prevalence,1994,582.65648499345,5343953.010316071,derived_proxy_NOT_OFFICIAL,31136.88876960913,31136.88876960928,1.4915713109076023e-10,4.790367213449523e-13
United States of America,Female,60-64 years,Prevalence,1995,582.7975951829601,5292703.311469041,derived_proxy_NOT_OFFICIAL,30845.74761941031,30845.747619410464,1.5279510989785194e-10,4.953522663256912e-13
United States of America,Female,60-64 years,Prevalence,1996,582.4026697487201,5276403.592061713,derived_proxy_NOT_OFFICIAL,30729.91538688433,30729.915386884786,4.547473508864641e-10,1.4798197299318058e-12
United States of America,Female,60-64 years,Prevalence,1997,581.47733016679,5304645.699728638,derived_proxy_NOT_OFFICIAL,30845.312189589626,30845.31218958952,-1.0550138540565968e-10,-3.4203377406978124e-13
United States of America,Female,60-64 years,Prevalence,1998,580.32393094524,5374008.604637148,derived_proxy_NOT_OFFICIAL,31186.657983765712,31186.65798376574,2.9103830456733704e-11,9.332141479181184e-14
United States of America,Female,60-64 years,Prevalence,1999,579.25380155563,5481974.665678615,derived_proxy_NOT_OFFICIAL,31754.546651259912,31754.54665125992,7.275957614183426e-12,2.2913120738553327e-14
United States of America,Female,60-64 years,Prevalence,2000,578.59384154061,5603151.101113778,derived_proxy_NOT_OFFICIAL,32419.487203259057,32419.487203259196,1.382431946694851e-10,4.2642005347816795e-13
United States of America,Female,60-64 years,Prevalence,2001,578.1300289493599,5730114.569327052,derived_proxy_NOT_OFFICIAL,33127.51301848176,33127.51301848197,2.1100277081131935e-10,6.369411754320387e-13
United States of America,Female,60-64 years,Prevalence,2002,577.52231550268,5923159.1523914505,derived_proxy_NOT_OFFICIAL,34207.5658878001,34207.56588780002,-8.003553375601768e-11,-2.3397026850297417e-13
United States of America,Female,60-64 years,Prevalence,2003,576.89883339069,6238981.063238261,derived_proxy_NOT_OFFICIAL,35992.60896928722,35992.6089692876,3.7834979593753815e-10,1.0511874709065605e-12
United States of America,Female,60-64 years,Prevalence,2004,576.3557930555301,6518936.300066192,derived_proxy_NOT_OFFICIAL,37572.26701103144,37572.26701103133,-1.1641532182693481e-10,-3.098437520226144e-13
United States of America,Female,60-64 years,Prevalence,2005,576.00988977741,6748314.713978175,derived_proxy_NOT_OFFICIAL,38870.96014581831,38870.960145818426,1.1641532182693481e-10,2.99491757832122e-13
United States of America,Female,60-64 years,Prevalence,2006,575.72667068996,6928149.183668371,derived_proxy_NOT_OFFICIAL,39887.202635567686,39887.202635567555,-1.3096723705530167e-10,-3.283440010869985e-13
United States of America,Female,60-64 years,Prevalence,2007,575.31646883255,7476461.363078563,derived_proxy_NOT_OFFICIAL,43013.31350769368,43013.31350769352,-1.6007106751203537e-10,-3.7214307491889427e-13
United States of America,Female,60-64 years,Prevalence,2008,574.81571415625,7874376.4328928925,derived_proxy_NOT_OFFICIAL,45263.15312808447,45263.15312808473,2.546585164964199e-10,5.626177119737858e-13
United States of America,Female,60-64 years,Prevalence,2009,574.26516500656,8250423.188629553,derived_proxy_NOT_OFFICIAL,47379.30633792255,47379.30633792299,4.43833414465189e-10,9.367663834072287e-13
United States of America,Female,60-64 years,Prevalence,2010,573.70511205354,8692672.735318193,derived_proxy_NOT_OFFICIAL,49870.30785660436,49870.307856604755,3.92901711165905e-10,7.878469735852507e-13
United States of America,Female,60-64 years,Prevalence,2011,572.5419020848,9150783.467568312,derived_proxy_NOT_OFFICIAL,52392.06972087638,52392.06972087703,6.475602276623249e-10,1.2359890172544475e-12
United States of America,Female,60-64 years,Prevalence,2012,570.55767982315,9231761.055458818,derived_proxy_NOT_OFFICIAL,52672.52168484325,52672.52168484298,-2.6921043172478676e-10,-5.111022277147844e-13
United States of America,Female,60-64 years,Prevalence,2013,568.3310340701399,9370932.255084954,derived_proxy_NOT_OFFICIAL,53257.91618733665,53257.91618733661,-3.637978807091713e-11,-6.830869601234474e-14
United States of America,Female,60-64 years,Prevalence,2014,566.4339458686101,9603294.06814687,derived_proxy_NOT_OFFICIAL,54396.31752357076,54396.317523570484,-2.764863893389702e-10,-5.082814461092231e-13
United States of America,Female,60-64 years,Prevalence,2015,565.4462015033799,9841253.898382282,derived_proxy_NOT_OFFICIAL,55646.99634870605,55646.996348705914,-1.382431946694851e-10,-2.484288528408589e-13
United States of America,Female,60-64 years,Prevalence,2016,565.29004326657,10085861.151645511,derived_proxy_NOT_OFFICIAL,57014.36886794331,57014.368867943085,-2.255546860396862e-10,-3.956102479396308e-13
United States of America,Female,60-64 years,Prevalence,2017,565.3843925697801,10323771.862352183,derived_proxy_NOT_OFFICIAL,58368.99483424972,58368.99483424977,4.3655745685100555e-11,7.479269740565116e-14
United States of America,Female,60-64 years,Prevalence,2018,565.55668895819,10535984.559963714,derived_proxy_NOT_OFFICIAL,59586.9654264765,59586.965426476905,4.0745362639427185e-10,6.837965710756374e-13
United States of America,Female,60-64 years,Prevalence,2019,565.63704720827,10680147.661467308,derived_proxy_NOT_OFFICIAL,60410.87186980664,60410.87186980678,1.4551915228366852e-10,2.4088239050295683e-13
United States of America,Female,60-64 years,Prevalence,2020,565.45140986081,10813811.597994171,derived_proxy_NOT_OFFICIAL,61146.850140549206,61146.85014054983,6.257323548197746e-10,1.0233272088120587e-12
United States of America,Female,60-64 years,Prevalence,2021,562.4108113258001,10909323.422531731,derived_proxy_NOT_OFFICIAL,61355.2143708159,61355.21437081625,3.4924596548080444e-10,5.692196972372182e-13
United States of America,Female,60-64 years,Prevalence,2022,559.4226805388901,10932281.285923513,derived_proxy_NOT_OFFICIAL,61157.66101376456,61157.66101376475,1.8917489796876907e-10,3.093233044445439e-13
United States of America,Female,60-64 years,Prevalence,2023,563.32210231218,10913940.570741288,derived_proxy_NOT_OFFICIAL,61480.63946820165,61480.63946820177,1.2369127944111824e-10,2.0118736647996727e-13
United States of America,Female,65-69 years,Prevalence,1990,493.74392808808,5556010.306697926,derived_proxy_NOT_OFFICIAL,27432.463533268983,27432.463533268918,-6.548361852765083e-11,-2.387084865645951e-13
United States of America,Female,65-69 years,Prevalence,1991,494.88588100804,5561048.717906201,derived_proxy_NOT_OFFICIAL,27520.84494089649,27520.844940896415,-7.639755494892597e-11,-2.775988713754852e-13
United States of America,Female,65-69 years,Prevalence,1992,495.78733363792,5521392.92963328,derived_proxy_NOT_OFFICIAL,27374.366785501577,27374.36678550148,-9.822542779147625e-11,-3.588226480676071e-13
United States of America,Female,65-69 years,Prevalence,1993,496.43581712314,5503251.841019215,derived_proxy_NOT_OFFICIAL,27320.11324530819,27320.113245307984,-2.0372681319713593e-10,-7.457026673640267e-13
United States of America,Female,65-69 years,Prevalence,1994,496.83148805688,5436591.152715422,derived_proxy_NOT_OFFICIAL,27010.69672360481,27010.696723604717,-9.458744898438454e-11,-3.5018515054342896e-13
United States of America,Female,65-69 years,Prevalence,1995,496.96757554722,5374749.780753301,derived_proxy_NOT_OFFICIAL,26710.76367713945,26710.763677139206,-2.4374458007514477e-10,-9.125331758438448e-13
United States of America,Female,65-69 years,Prevalence,1996,496.69962300151,5318657.914875866,derived_proxy_NOT_OFFICIAL,26417.75381192815,26417.7538119284,2.510205376893282e-10,9.50196369745816e-13
United States of America,Female,65-69 years,Prevalence,1997,496.0314651907301,5233645.62097993,derived_proxy_NOT_OFFICIAL,25960.52905663745,25960.529056637235,-2.1464074961841106e-10,-8.267965153951008e-13
United States of America,Female,65-69 years,Prevalence,1998,495.18447744243,5150748.739759674,derived_proxy_NOT_OFFICIAL,25505.70823135162,25505.708231351495,-1.2369127944111824e-10,-4.849552826338573e-13
United States of America,Female,65-69 years,Prevalence,1999,494.38019871325,5081142.31732917,derived_proxy_NOT_OFFICIAL,25120.161485314784,25120.161485314988,2.0372681319713593e-10,8.110091701290789e-13
United States of America,Female,65-69 years,Prevalence,2000,493.83544625704,5045468.213976812,derived_proxy_NOT_OFFICIAL,24916.31047024924,24916.310470249497,2.582964953035116e-10,1.036656272251563e-12
United States of America,Female,65-69 years,Prevalence,2001,493.33857244323,5035375.010814805,derived_proxy_NOT_OFFICIAL,24841.447195516783,24841.447195516896,1.127773430198431e-10,4.539886188281188e-13
United States of America,Female,65-69 years,Prevalence,2002,492.63389372839,5066787.094007706,derived_proxy_NOT_OFFICIAL,24960.71054813773,24960.710548137704,-2.546585164964199e-11,-1.020237448790974e-13
United States of America,Female,65-69 years,Prevalence,2003,491.86435193149,5140055.961461322,derived_proxy_NOT_OFFICIAL,25282.1029437576,25282.102943757647,4.729372449219227e-11,1.8706404525526053e-13
United States of America,Female,65-69 years,Prevalence,2004,491.18278218826,5249995.638416356,derived_proxy_NOT_OFFICIAL,25787.07464153576,25787.07464153576,0.0,0.0
United States of America,Female,65-69 years,Prevalence,2005,490.7500185436001,5370019.983017789,derived_proxy_NOT_OFFICIAL,26353.37406245464,26353.374062454834,1.9281287677586079e-10,7.316439872895029e-13
United States of America,Female,65-69 years,Prevalence,2006,490.40369036206,5505316.075275229,derived_proxy_NOT_OFFICIAL,26998.273199245632,26998.273199245446,-1.8553691916167736e-10,-6.872177260835389e-13
United States of America,Female,65-69 years,Prevalence,2007,489.93014686911,5703568.5730048865,derived_proxy_NOT_OFFICIAL,27943.501886503225,27943.501886503243,1.8189894035458565e-11,6.509525581059805e-14
United States of America,Female,65-69 years,Prevalence,2008,489.41373902589,6018796.755049903,derived_proxy_NOT_OFFICIAL,29456.81824325884,29456.818243258665,-1.7462298274040222e-10,-5.928100628463649e-13
United States of America,Female,65-69 years,Prevalence,2009,488.91217900389006,6292626.9816262135,derived_proxy_NOT_OFFICIAL,30765.419692455747,30765.419692455434,-3.128661774098873e-10,-1.0169410348938224e-12
United States of America,Female,65-69 years,Prevalence,2010,488.50129554452,6516833.868967362,derived_proxy_NOT_OFFICIAL,31834.81787838976,31834.81787838963,-1.3096723705530167e-10,-4.113962189311137e-13
United States of America,Female,65-69 years,Prevalence,2011,487.84118584927,6690831.7762814015,derived_proxy_NOT_OFFICIAL,32640.63308059112,32640.633080590964,-1.5643308870494366e-10,-4.792587457440046e-13
United States of America,Female,65-69 years,Prevalence,2012,486.74419610535,7223464.024089342,derived_proxy_NOT_OFFICIAL,35159.791895012975,35159.79189501283,-1.4551915228366852e-10,-4.1387944706324835e-13
United States of America,Female,65-69 years,Prevalence,2013,485.52817111323,7603873.034775754,derived_proxy_NOT_OFFICIAL,36918.9456795189,36918.94567951877,-1.3096723705530167e-10,-3.5474262507977533e-13
United States of America,Female,65-69 years,Prevalence,2014,484.51285392491,7959828.721625424,derived_proxy_NOT_OFFICIAL,38566.39330668213,38566.393306682025,-1.0186340659856796e-10,-2.6412479328451696e-13
United States of America,Female,65-69 years,Prevalence,2015,484.01461184388,8376541.78322426,derived_proxy_NOT_OFFICIAL,40543.6861980138,40543.68619801333,-4.656612873077393e-10,-1.1485420566681271e-12
United States of America,Female,65-69 years,Prevalence,2016,484.0720238983501,8803571.956963124,derived_proxy_NOT_OFFICIAL,42615.62894741876,42615.62894741898,2.255546860396862e-10,5.292769146220664e-13
United States of America,Female,65-69 years,Prevalence,2017,484.39789878191,8871042.56069649,derived_proxy_NOT_OFFICIAL,42971.143764062464,42971.14376406274,2.764863893389702e-10,6.434233886280697e-13
United States of America,Female,65-69 years,Prevalence,2018,484.79891514198,9000032.663993038,derived_proxy_NOT_OFFICIAL,43632.0607174621,43632.06071746209,-7.275957614183426e-12,-1.6675713900607716e-14
United States of America,Female,65-69 years,Prevalence,2019,485.07874269363,9218161.05822871,derived_proxy_NOT_OFFICIAL,44715.339760729046,44715.33976072965,6.039044819772243e-10,1.3505532669743896e-12
United States of America,Female,65-69 years,Prevalence,2020,485.04904200453,9434789.268158693,derived_proxy_NOT_OFFICIAL,45763.354960350254,45763.35496034995,-3.055902197957039e-10,-6.67761837086616e-13
United States of America,Female,65-69 years,Prevalence,2021,482.41817529606,9643037.504819855,derived_proxy_NOT_OFFICIAL,46519.76557386668,46519.76557386665,-2.9103830456733704e-11,-6.256228959391684e-14
United States of America,Female,65-69 years,Prevalence,2022,479.72956617956,9850035.770452332,derived_proxy_NOT_OFFICIAL,47253.533870122286,47253.533870122454,1.673470251262188e-10,3.541471111688217e-13
United States of America,Female,65-69 years,Prevalence,2023,482.30941364637,10044624.944072708,derived_proxy_NOT_OFFICIAL,48446.171670734,48446.171670734104,1.0186340659856796e-10,2.102610032654096e-13
United States of America,Female,70+ years,Prevalence,1990,273.83216308726,13059436.97464893,derived_proxy_NOT_OFFICIAL,35760.938754698924,35760.938754698596,-3.2741809263825417e-10,-9.15574657824753e-13
United States of America,Female,70+ years,Prevalence,1991,273.60956468917,13341779.46545827,derived_proxy_NOT_OFFICIAL,36504.38471722879,36504.38471722944,6.475602276623249e-10,1.7739245098321e-12
United States of America,Female,70+ years,Prevalence,1992,273.69452089771,13633577.356925135,derived_proxy_NOT_OFFICIAL,37314.35422825461,37314.354228254924,3.128661774098873e-10,8.384606510836613e-13
United States of America,Female,70+ years,Prevalence,1993,272.542092412,13941616.368239641,derived_proxy_NOT_OFFICIAL,37996.77296605427,37996.7729660542,-6.548361852765083e-11,-1.7233994735856355e-13
United States of America,Female,70+ years,Prevalence,1994,272.16831760648,14171748.205181213,derived_proxy_NOT_OFFICIAL,38571.008665468384,38571.00866546824,-1.4551915228366852e-10,-3.7727598348743216e-13
United States of America,Female,70+ years,Prevalence,1995,271.25607679686,14429794.820501743,derived_proxy_NOT_OFFICIAL,39141.69531992862,39141.69531992953,9.094947017729282e-10,2.3235955784211206e-12
United States of America,Female,70+ years,Prevalence,1996,270.17769825876,14628586.291448116,derived_proxy_NOT_OFFICIAL,39523.17773003086,39523.17773003102,1.6007106751203537e-10,4.0500556054835824e-13
United States of America,Female,70+ years,Prevalence,1997,268.69589533665,14808356.926342152,derived_proxy_NOT_OFFICIAL,39789.4472278818,39789.447227881865,6.548361852765083e-11,1.6457534117680394e-13
United States of America,Female,70+ years,Prevalence,1998,267.32495853843,14979468.602872448,derived_proxy_NOT_OFFICIAL,40043.85823190562,40043.858231905906,2.837623469531536e-10,7.086288871312134e-13
United States of America,Female,70+ years,Prevalence,1999,265.37490982121,15113584.891189976,derived_proxy_NOT_OFFICIAL,40107.66227574795,40107.66227574742,-5.311449058353901e-10,-1.3242978416035967e-12
United States of America,Female,70+ years,Prevalence,2000,263.93783230845,15223063.277246948,derived_proxy_NOT_OFFICIAL,40179.42322490936,40179.42322490929,-7.275957614183426e-11,-1.8108666153457057e-13
United States of America,Female,70+ years,Prevalence,2001,262.68578081569,15290820.34684116,derived_proxy_NOT_OFFICIAL,40166.81082122396,40166.810821224106,1.4551915228366852e-10,3.622870457187924e-13
United States of America,Female,70+ years,Prevalence,2002,260.75091998952,15334870.656395119,derived_proxy_NOT_OFFICIAL,39985.81631575352,39985.81631575322,-2.9831426218152046e-10,-7.460501989651549e-13
United States of America,Female,70+ years,Prevalence,2003,259.02018016988,15371482.976339743,derived_proxy_NOT_OFFICIAL,39815.24290009815,39815.24290009764,-5.093170329928398e-10,-1.2792011197088145e-12
United States of America,Female,70+ years,Prevalence,2004,257.90129531337,15344465.017804507,derived_proxy_NOT_OFFICIAL,39573.57403982507,39573.57403982475,-3.2014213502407074e-10,-8.089795849672159e-13
United States of America,Female,70+ years,Prevalence,2005,255.93435754537,15459906.35625099,derived_proxy_NOT_OFFICIAL,39567.212009986375,39567.21200998679,4.147295840084553e-10,1.048164788319636e-12
United States of America,Female,70+ years,Prevalence,2006,255.17047241683,15518686.450438894,derived_proxy_NOT_OFFICIAL,39599.10552847044,39599.10552847151,1.0695657692849636e-09,2.700984668747079e-12
United States of America,Female,70+ years,Prevalence,2007,254.29619388766,15603008.60160862,derived_proxy_NOT_OFFICIAL,39677.85700585422,39677.85700585492,7.057678885757923e-10,1.7787449772593835e-12
United States of America,Female,70+ years,Prevalence,2008,253.27116919009,15767391.694021203,derived_proxy_NOT_OFFICIAL,39934.25729422923,39934.25729422864,-5.893525667488575e-10,-1.475807005515595e-12
United States of America,Female,70+ years,Prevalence,2009,253.89342502141,15836356.345158324,derived_proxy_NOT_OFFICIAL,40207.46752331759,40207.46752331785,2.6193447411060333e-10,6.514572795680286e-13
United States of America,Female,70+ years,Prevalence,2010,253.37033898464,16062688.055653948,derived_proxy_NOT_OFFICIAL,40698.08717665642,40698.08717665569,-7.34871719032526e-10,-1.8056664821683146e-12
United States of America,Female,70+ years,Prevalence,2011,253.27708379492003,16291396.81354786,derived_proxy_NOT_OFFICIAL,41262.374758812126,41262.37475881255,4.220055416226387e-10,1.0227369221702729e-12
United States of America,Female,70+ years,Prevalence,2012,254.13466291609,16535310.061205756,derived_proxy_NOT_OFFICIAL,42021.95448617589,42021.954486175564,-3.2741809263825417e-10,-7.791596003607258e-13
United States of America,Female,70+ years,Prevalence,2013,255.7408668896,16930238.891437337,derived_proxy_NOT_OFFICIAL,43297.53970744328,43297.539707442054,-1.2223608791828156e-09,-2.823164751258787e-12
United States of America,Female,70+ years,Prevalence,2014,257.42902007992,17264888.718665183,derived_proxy_NOT_OFFICIAL,44444.833846348265,44444.83384634844,1.7462298274040222e-10,3.92898268770893e-13
United States of America,Female,70+ years,Prevalence,2015,258.0680493035,17645418.788116775,derived_proxy_NOT_OFFICIAL,45537.18805792681,45537.18805792626,-5.529727786779404e-10,-1.2143322902909955e-12
United States of America,Female,70+ years,Prevalence,2016,259.49983090446,17915251.54865951,derived_proxy_NOT_OFFICIAL,46490.047474879655,46490.047474880084,4.2928149923682213e-10,9.233836542515455e-13
United States of America,Female,70+ years,Prevalence,2017,262.65875627664,18649195.32437548,derived_proxy_NOT_OFFICIAL,48983.74449460648,48983.74449460594,-5.384208634495735e-10,-1.099182737058532e-12
United States of America,Female,70+ years,Prevalence,2018,265.26299594708,19314265.776605736,derived_proxy_NOT_OFFICIAL,51233.60004420578,51233.60004420593,1.5279510989785194e-10,2.982322338582806e-13
United States of America,Female,70+ years,Prevalence,2019,267.59471578221,19916615.982678406,derived_proxy_NOT_OFFICIAL,53295.81193228199,53295.81193228249,5.020410753786564e-10,9.419897308564379e-13
United States of America,Female,70+ years,Prevalence,2020,269.4281329537,20556431.677369222,derived_proxy_NOT_OFFICIAL,55384.8100702398,55384.810070238855,-9.458744898438454e-10,-1.7078229367298974e-12
United States of America,Female,70+ years,Prevalence,2021,270.79970277297,21038386.259759888,derived_proxy_NOT_OFFICIAL,56971.8874596587,56971.88745965914,4.43833414465189e-10,7.790393372160324e-13
United States of America,Female,70+ years,Prevalence,2022,268.96098097832,21696295.25027621,derived_proxy_NOT_OFFICIAL,58354.5685410946,58354.56854109554,9.38598532229662e-10,1.6084405312133868e-12
United States of America,Female,70+ years,Prevalence,2023,269.7522581744,22356131.3374849,derived_proxy_NOT_OFFICIAL,60306.1691232984,60306.16912330022,1.8189894035458565e-09,3.0162575902091528e-12
China,Male,15-19 years,Incidence,1990,32.42762985065,65205213.72819838,derived_proxy_NOT_OFFICIAL,21144.505351105585,21144.50535110539,-1.964508555829525e-10,-9.29087024363427e-13
China,Male,15-19 years,Incidence,1991,32.54238576187,62118545.03305512,derived_proxy_NOT_OFFICIAL,20214.85655431804,20214.856554317736,-3.055902197957039e-10,-1.5117110476375237e-12
China,Male,15-19 years,Incidence,1992,32.630308165520006,58766833.23881966,derived_proxy_NOT_OFFICIAL,19175.79878494524,19175.798784944094,-1.1459633242338896e-09,-5.976091724187134e-12
China,Male,15-19 years,Incidence,1993,32.69527526629,55621943.129828095,derived_proxy_NOT_OFFICIAL,18185.74741475936,18185.747414756574,-2.786691766232252e-09,-1.5323493187696e-11
China,Male,15-19 years,Incidence,1994,32.7416416705,53160226.54413922,derived_proxy_NOT_OFFICIAL,17405.53088630894,17405.53088630809,-8.512870408594608e-10,-4.890899602086121e-12
China,Male,15-19 years,Incidence,1995,32.77296442937,51498659.28029317,derived_proxy_NOT_OFFICIAL,16877.637287534773,16877.63728753293,-1.8444552551954985e-09,-1.0928397285547473e-11
China,Male,15-19 years,Incidence,1996,32.74270138949,50430443.82387963,derived_proxy_NOT_OFFICIAL,16512.28963065029,16512.28963064741,-2.8812792152166367e-09,-1.7449301578797253e-11
China,Male,15-19 years,Incidence,1997,32.63212933294,49864405.381456316,derived_proxy_NOT_OFFICIAL,16271.817255180238,16271.817255178321,-1.9172148313373327e-09,-1.1782426026982174e-11
China,Male,15-19 years,Incidence,1998,32.490602061930005,50039925.87379838,derived_proxy_NOT_OFFICIAL,16258.273187742336,16258.27318774058,-1.7553247744217515e-09,-1.0796501904920323e-11
China,Male,15-19 years,Incidence,1999,32.36771860366,51164037.25492373,derived_proxy_NOT_OFFICIAL,16560.63160494834,16560.631604945484,-2.8558133635669947e-09,-1.7244592064433542e-11
China,Male,15-19 years,Incidence,2000,32.31470714593,53280309.98540917,derived_proxy_NOT_OFFICIAL,17217.37613823283,17217.376138228676,-4.154571797698736e-09,-2.4130109979261662e-11
China,Male,15-19 years,Incidence,2001,32.32190364591,56325469.725123815,derived_proxy_NOT_OFFICIAL,18205.464052662304,18205.46405266073,-1.5752448234707117e-09,-8.652593632955779e-12
China,Male,15-19 years,Incidence,2002,32.33288933217,59750187.19246253,derived_proxy_NOT_OFFICIAL,19318.96190070336,19318.96190070332,-4.001776687800884e-11,-2.0714242868583888e-13
China,Male,15-19 years,Incidence,2003,32.33480710372,62864212.34558374,derived_proxy_NOT_OFFICIAL,20327.02179921969,20327.021799217437,-2.2519088815897703e-09,-1.1078400484994887e-11
China,Male,15-19 years,Incidence,2004,32.31628833275,65057619.251689374,derived_proxy_NOT_OFFICIAL,21024.20781980207,21024.20781979861,-3.4633558243513107e-09,-1.64731810779062e-11
China,Male,15-19 years,Incidence,2005,32.26746853741,65849493.90951295,derived_proxy_NOT_OFFICIAL,21247.96472929697,21247.964729295803,-1.1677911970764399e-09,-5.49601438045628e-12
China,Male,15-19 years,Incidence,2006,32.17534608999,64865544.00205515,derived_proxy_NOT_OFFICIAL,20870.713275819235,20870.713275815997,-3.2378011383116245e-09,-1.5513610366459943e-11
China,Male,15-19 years,Incidence,2007,32.05660345132,62558214.47000265,derived_proxy_NOT_OFFICIAL,20054.038738874493,20054.03873887504,5.456968210637569e-10,2.7211317788368025e-12
China,Male,15-19 years,Incidence,2008,31.93729070335,59358980.789355375,derived_proxy_NOT_OFFICIAL,18957.65025324622,18957.650253242107,-4.110916052013636e-09,-2.1684734115767864e-11
China,Male,15-19 years,Incidence,2009,31.84317807849,55682273.48020818,derived_proxy_NOT_OFFICIAL,17731.00550245632,17731.005502454504,-1.8153514247387648e-09,-1.0238288090809513e-11
China,Male,15-19 years,Incidence,2010,31.80039264952,52050711.09240444,derived_proxy_NOT_OFFICIAL,16552.33050425526,16552.330504251873,-3.3869582694023848e-09,-2.0462123255282197e-11
China,Male,15-19 years,Incidence,2011,31.81761161668,49010340.299854316,derived_proxy_NOT_OFFICIAL,15593.919728621306,15593.919728620845,-4.602043190971017e-10,-2.9511779405433004e-12
China,Male,15-19 years,Incidence,2012,31.87035155822,46488432.93321268,derived_proxy_NOT_OFFICIAL,14816.027009722438,14816.02700972221,-2.2919266484677792e-10,-1.5469239135186457e-12
China,Male,15-19 years,Incidence,2013,31.944835829260004,44326903.7268681,derived_proxy_NOT_OFFICIAL,14160.156623743813,14160.156623742148,-1.6643753042444587e-09,-1.1753932872844265e-11
China,Male,15-19 years,Incidence,2014,32.02833761716,42456998.308650464,derived_proxy_NOT_OFFICIAL,13598.270760406656,13598.27076040648,-1.7644197214394808e-10,-1.2975324234437554e-12
China,Male,15-19 years,Incidence,2015,32.10734863022,40904271.50051269,derived_proxy_NOT_OFFICIAL,13133.277055322662,13133.27705532133,-1.331500243395567e-09,-1.01383701705732e-11
China,Male,15-19 years,Incidence,2016,32.185125516090004,39740219.51442723,derived_proxy_NOT_OFFICIAL,12790.43953108944,12790.439531088097,-1.342414179816842e-09,-1.04954499534896e-11
China,Male,15-19 years,Incidence,2017,32.26674904106,39000499.762183204,derived_proxy_NOT_OFFICIAL,12584.1933830231,12584.193383022857,-2.419255906715989e-10,-1.9224560788931644e-12
China,Male,15-19 years,Incidence,2018,32.33783082727,38661639.088174865,derived_proxy_NOT_OFFICIAL,12502.335443384036,12502.33544338368,-3.5652192309498787e-10,-2.8516425967730017e-12
China,Male,15-19 years,Incidence,2019,32.38553188652,38732910.15876223,derived_proxy_NOT_OFFICIAL,12543.858970043862,12543.858970043088,-7.748894859105349e-10,-6.177440991333349e-12
China,Male,15-19 years,Incidence,2020,32.39903962861,39235262.88198076,derived_proxy_NOT_OFFICIAL,12711.848369522686,12711.848369522257,-4.2928149923682213e-10,-3.377018721101541e-12
China,Male,15-19 years,Incidence,2021,32.28323277228,40172887.60090091,derived_proxy_NOT_OFFICIAL,12969.10681554836,12969.106815545252,-3.1086528906598687e-09,-2.3969676053041502e-11
China,Male,15-19 years,Incidence,2022,32.14482329139,41497456.02754338,derived_proxy_NOT_OFFICIAL,13339.283910475871,13339.283910476086,2.1464074961841106e-10,1.6090874971919978e-12
China,Male,15-19 years,Incidence,2023,32.07799282437,43091173.37302044,derived_proxy_NOT_OFFICIAL,13822.783502534709,13822.783502534332,-3.765308065339923e-10,-2.7239868617268525e-12
China,Male,20-24 years,Incidence,1990,52.91160899985,67707110.41351196,derived_proxy_NOT_OFFICIAL,35824.92152709834,35824.92152709417,-4.169123712927103e-09,-1.1637495729819073e-11
China,Male,20-24 years,Incidence,1991,53.264312916890006,67778008.86958888,derived_proxy_NOT_OFFICIAL,36101.490733140505,36101.49073313529,-5.216861609369516e-09,-1.4450543463515575e-11
China,Male,20-24 years,Incidence,1992,53.537513232150005,67098076.42308377,derived_proxy_NOT_OFFICIAL,35922.64154352727,35922.641543526595,-6.766640581190586e-10,-1.883670100649888e-12
China,Male,20-24 years,Incidence,1993,53.73645500271,65859614.364925176,derived_proxy_NOT_OFFICIAL,35390.62203816771,35390.62203816635,-1.3606040738523006e-09,-3.844532804156226e-12
China,Male,20-24 years,Incidence,1994,53.86520496861,63944468.06496544,derived_proxy_NOT_OFFICIAL,34443.818789281,34443.818789281,0.0,0.0
China,Male,20-24 years,Incidence,1995,53.92798558717001,61368700.34301836,derived_proxy_NOT_OFFICIAL,33094.903876017204,33094.90387601649,-7.130438461899757e-10,-2.1545427322020275e-12
China,Male,20-24 years,Incidence,1996,53.82421281004,58305019.72748567,derived_proxy_NOT_OFFICIAL,31382.21789706108,31382.217897057697,-3.383320290595293e-09,-1.07810107676046e-11
China,Male,20-24 years,Incidence,1997,53.53937876009,55063953.30502002,derived_proxy_NOT_OFFICIAL,29480.8985202574,29480.898520253762,-3.637978807091713e-09,-1.2340121874480606e-11
China,Male,20-24 years,Incidence,1998,53.203203513270005,52072581.25378983,derived_proxy_NOT_OFFICIAL,27704.28137906797,27704.281379066688,-1.280568540096283e-09,-4.622276689204505e-12
China,Male,20-24 years,Incidence,1999,52.94022369106,49768823.794785336,derived_proxy_NOT_OFFICIAL,26347.726645372924,26347.726645368853,-4.070898285135627e-09,-1.545066236616107e-11
China,Male,20-24 years,Incidence,2000,52.86976664118001,48264375.13394207,derived_proxy_NOT_OFFICIAL,25517.26250413916,25517.26250413888,-2.801243681460619e-10,-1.097783777161139e-12
China,Male,20-24 years,Incidence,2001,53.007997340870006,47374586.29050349,derived_proxy_NOT_OFFICIAL,25112.31944111994,25112.319441118256,-1.684384187683463e-09,-6.707401885488059e-12
China,Male,20-24 years,Incidence,2002,53.24159342936,47009864.08463487,derived_proxy_NOT_OFFICIAL,25028.800707635783,25028.800707636026,2.4374458007514477e-10,9.738564101506598e-13
China,Male,20-24 years,Incidence,2003,53.50123787273,47389301.68948196,derived_proxy_NOT_OFFICIAL,25353.863023116133,25353.863023115402,-7.312337402254343e-10,-2.8841117409159273e-12
China,Male,20-24 years,Incidence,2004,53.72041413464,48707874.01107095,derived_proxy_NOT_OFFICIAL,26166.071634927583,26166.071634926004,-1.5788828022778034e-09,-6.034084230550847e-12
China,Male,20-24 years,Incidence,2005,53.83679312078,51009849.16522211,derived_proxy_NOT_OFFICIAL,27462.066966304603,27462.06696630255,-2.051820047199726e-09,-7.471469826787866e-12
China,Male,20-24 years,Incidence,2006,53.82876048781,54224238.41170724,derived_proxy_NOT_OFFICIAL,29188.235420980047,29188.23542097696,-3.0886440072208643e-09,-1.058181134513118e-11
China,Male,20-24 years,Incidence,2007,53.73711610987,57810517.63249851,derived_proxy_NOT_OFFICIAL,31065.704983897656,31065.704983892592,-5.0640664994716644e-09,-1.6301147848074045e-11
China,Male,20-24 years,Incidence,2008,53.59952470082,61071259.93317485,derived_proxy_NOT_OFFICIAL,32733.90505298504,32733.90505298404,-1.000444171950221e-09,-3.056293376335157e-12
China,Male,20-24 years,Incidence,2009,53.455723768910005,63377974.057437316,derived_proxy_NOT_OFFICIAL,33879.1547424765,33879.15474247514,-1.3606040738523006e-09,-4.016050825926961e-12
China,Male,20-24 years,Incidence,2010,53.348353255830006,64225784.034192055,derived_proxy_NOT_OFFICIAL,34263.398147888925,34263.398147887245,-1.6807462088763714e-09,-4.9053692853869115e-12
China,Male,20-24 years,Incidence,2011,53.28812221238,63221714.309579045,derived_proxy_NOT_OFFICIAL,33689.66438605161,33689.66438605022,-1.3897079043090343e-09,-4.125027451696459e-12
China,Male,20-24 years,Incidence,2012,53.26192022082,60842258.42102973,derived_proxy_NOT_OFFICIAL,32405.755140755668,32405.755140753994,-1.673470251262188e-09,-5.16411434942159e-12
China,Male,20-24 years,Incidence,2013,53.26320778378,57561125.513468996,derived_proxy_NOT_OFFICIAL,30658.90188492321,30658.901884921394,-1.8153514247387648e-09,-5.9211234360336964e-12
China,Male,20-24 years,Incidence,2014,53.28089501779,53836572.40307525,derived_proxy_NOT_OFFICIAL,28684.607623263943,28684.607623259024,-4.918547347187996e-09,-1.7146991905160068e-11
China,Male,20-24 years,Incidence,2015,53.298977289590006,50227383.01721903,derived_proxy_NOT_OFFICIAL,26770.68146750295,26770.681467502956,7.275957614183426e-12,2.7178828536792176e-14
China,Male,20-24 years,Incidence,2016,53.271033483470006,47304485.899898484,derived_proxy_NOT_OFFICIAL,25199.58852291921,25199.588522918268,-9.422365110367537e-10,-3.739094827599199e-12
China,Male,20-24 years,Incidence,2017,53.18202206758,44947246.3141564,derived_proxy_NOT_OFFICIAL,23903.854453564923,23903.854453564196,-7.275957614183426e-10,-3.043842836441936e-12
China,Male,20-24 years,Incidence,2018,53.07412228678,42967520.1587763,derived_proxy_NOT_OFFICIAL,22804.63419266825,22804.63419266578,-2.470187610015273e-09,-1.0831954545490779e-11
China,Male,20-24 years,Incidence,2019,52.99137104146,41271448.02901015,derived_proxy_NOT_OFFICIAL,21870.30615923785,21870.306159236097,-1.7535057850182056e-09,-8.017746858461504e-12
China,Male,20-24 years,Incidence,2020,52.97546935132,39860940.32584608,derived_proxy_NOT_OFFICIAL,21116.52022546861,21116.520225466546,-2.0627339836210012e-09,-9.768342329116994e-12
China,Male,20-24 years,Incidence,2021,53.15963564604,38786900.94026205,derived_proxy_NOT_OFFICIAL,20618.97521823424,20618.97521823377,-4.729372449219227e-10,-2.2936990801738977e-12
China,Male,20-24 years,Incidence,2022,53.3196576889,38105523.38092668,derived_proxy_NOT_OFFICIAL,20317.73462727636,20317.73462727386,-2.499291440472007e-09,-1.2301033980022224e-11
China,Male,20-24 years,Incidence,2023,52.94454705102,37809781.14926221,derived_proxy_NOT_OFFICIAL,20018.21737045934,20018.217370458824,-5.165929906070232e-10,-2.580614352651369e-12
China,Male,25-29 years,Incidence,1990,43.07463253728,56578756.170428336,derived_proxy_NOT_OFFICIAL,24371.091314576806,24371.091314575642,-1.1641532182693481e-09,-4.776779189912789e-12
China,Male,25-29 years,Incidence,1991,43.15386220339,61306319.60945443,derived_proxy_NOT_OFFICIAL,26456.04468623485,26456.044686233825,-1.025910023599863e-09,-3.877790636382039e-12
China,Male,25-29 years,Incidence,1992,43.23474047126,65003222.19991781,derived_proxy_NOT_OFFICIAL,28103.974416091045,28103.97441609093,-1.1641532182693481e-10,-4.142308134193317e-13
China,Male,25-29 years,Incidence,1993,43.304512754,67099333.99387229,derived_proxy_NOT_OFFICIAL,29057.03964722815,29057.039647225483,-2.6666384655982256e-09,-9.177254455281735e-12
China,Male,25-29 years,Incidence,1994,43.35726632508,67940231.28420125,derived_proxy_NOT_OFFICIAL,29457.02701976816,29457.027019766454,-1.7062120605260134e-09,-5.792207269868071e-12
China,Male,25-29 years,Incidence,1995,43.39290029728,67864021.03218868,derived_proxy_NOT_OFFICIAL,29448.16698422464,29448.166984222764,-1.877197064459324e-09,-6.374580344728882e-12
China,Male,25-29 years,Incidence,1996,43.42704547763,67211767.80542538,derived_proxy_NOT_OFFICIAL,29188.084971184573,29188.08497118116,-3.4124241210520267e-09,-1.1691154539329602e-11
China,Male,25-29 years,Incidence,1997,43.47312717042,66134480.80279585,derived_proxy_NOT_OFFICIAL,28750.726942902544,28750.726942896443,-6.100890459492803e-09,-2.1219952008896525e-11
China,Male,25-29 years,Incidence,1998,43.52543819525,64769326.62756726,derived_proxy_NOT_OFFICIAL,28191.13323076296,28191.13323076139,-1.57160684466362e-09,-5.574826779040717e-12
China,Male,25-29 years,Incidence,1999,43.57616324913,62933948.19286598,derived_proxy_NOT_OFFICIAL,27424.200003648675,27424.20000364618,-2.495653461664915e-09,-9.100186920066506e-12
China,Male,25-29 years,Incidence,2000,43.61875064197,60568637.90839212,derived_proxy_NOT_OFFICIAL,26419.28313650224,26419.28313649927,-2.9685907065868378e-09,-1.123645441569639e-11
China,Male,25-29 years,Incidence,2001,43.680510415810005,57768323.96902357,derived_proxy_NOT_OFFICIAL,25233.49876833237,25233.49876832821,-4.16184775531292e-09,-1.6493344000856394e-11
China,Male,25-29 years,Incidence,2002,43.7788002902,54799422.58051918,derived_proxy_NOT_OFFICIAL,23990.529771708785,23990.529771708254,-5.311449058353901e-10,-2.213977393953806e-12
China,Male,25-29 years,Incidence,2003,43.88952113766,52054969.06979452,derived_proxy_NOT_OFFICIAL,22846.67665309148,22846.67665308984,-1.6407284419983625e-09,-7.181475305627651e-12
China,Male,25-29 years,Incidence,2004,43.98665815239,49951132.163051695,derived_proxy_NOT_OFFICIAL,21971.83374781344,21971.833747810084,-3.357854438945651e-09,-1.5282540717748754e-11
China,Male,25-29 years,Incidence,2005,44.04342553328,48585070.71609077,derived_proxy_NOT_OFFICIAL,21398.529441135248,21398.529441132865,-2.382876118645072e-09,-1.1135700353615767e-11
China,Male,25-29 years,Incidence,2006,44.03393930866,47751739.69239119,derived_proxy_NOT_OFFICIAL,21026.97207497961,21026.972074976846,-2.764863893389702e-09,-1.3149130000889027e-11
China,Male,25-29 years,Incidence,2007,43.97093087694,47379586.38512053,derived_proxy_NOT_OFFICIAL,20833.24517918461,20833.245179181427,-3.183231456205249e-09,-1.5279575643768412e-11
China,Male,25-29 years,Incidence,2008,43.88909124204,47695936.29442668,derived_proxy_NOT_OFFICIAL,20933.312999006383,20933.3129990062,-1.8189894035458565e-10,-8.689448266656101e-13
China,Male,25-29 years,Incidence,2009,43.8212929774,48909182.87642868,derived_proxy_NOT_OFFICIAL,21432.63632113422,21432.636321132162,-2.0590960048139095e-09,-9.607292233963225e-12
China,Male,25-29 years,Incidence,2010,43.80041071704,51083055.93156925,derived_proxy_NOT_OFFICIAL,22374.588304842626,22374.588304842597,-2.9103830456733704e-11,-1.3007537864030615e-13
China,Male,25-29 years,Incidence,2011,43.82770492404,54162222.660093315,derived_proxy_NOT_OFFICIAL,23738.05912776712,23738.059127767225,1.0550138540565968e-10,4.444398121927818e-13
China,Male,25-29 years,Incidence,2012,43.86616861314,57592649.57677927,derived_proxy_NOT_OFFICIAL,25263.688772127603,25263.688772124853,-2.750311978161335e-09,-1.0886422814057311e-11
China,Male,25-29 years,Incidence,2013,43.89573164782,60659159.62974113,derived_proxy_NOT_OFFICIAL,26626.781930896614,26626.781930893932,-2.6811903808265924e-09,-1.0069524690535172e-11
China,Male,25-29 years,Incidence,2014,43.898661010800005,62726563.22256166,derived_proxy_NOT_OFFICIAL,27536.121352797552,27536.12135279749,-6.184563972055912e-11,-2.2459822473972306e-13
China,Male,25-29 years,Incidence,2015,43.85895419905,63300964.16249435,derived_proxy_NOT_OFFICIAL,27763.14087958728,27763.140879585448,-1.8335413187742233e-09,-6.604228702820602e-12
China,Male,25-29 years,Incidence,2016,43.7230351852,62017458.08236782,derived_proxy_NOT_OFFICIAL,27115.91501832244,27115.915018320342,-2.0991137716919184e-09,-7.741261064852616e-12
China,Male,25-29 years,Incidence,2017,43.49822130953,59394074.10198395,derived_proxy_NOT_OFFICIAL,25835.365797627743,25835.365797627226,-5.165929906070232e-10,-1.999557485090681e-12
China,Male,25-29 years,Incidence,2018,43.25357404772,55930143.42659293,derived_proxy_NOT_OFFICIAL,24191.78600201873,24191.786002017376,-1.3533281162381172e-09,-5.59416372203849e-12
China,Male,25-29 years,Incidence,2019,43.059167084,52102071.91539501,derived_proxy_NOT_OFFICIAL,22434.71820027786,22434.718200275773,-2.0881998352706432e-09,-9.307894204995097e-12
China,Male,25-29 years,Incidence,2020,42.9855421724,48481224.654085815,derived_proxy_NOT_OFFICIAL,20839.917269380767,20839.917269378046,-2.7212081477046013e-09,-1.3057672506707886e-11
China,Male,25-29 years,Incidence,2021,43.30024834707,45643401.399541125,derived_proxy_NOT_OFFICIAL,19763.706160052363,19763.70616005133,-1.0331859812140465e-09,-5.2276934945652375e-12
China,Male,25-29 years,Incidence,2022,43.65492552264,43411376.010377005,derived_proxy_NOT_OFFICIAL,18951.203865684874,18951.20386568329,-1.5861587598919868e-09,-8.369699208207346e-12
China,Male,25-29 years,Incidence,2023,43.23461630683,41562547.03585337,derived_proxy_NOT_OFFICIAL,17969.407738300088,17969.407738296948,-3.1395757105201483e-09,-1.747178179850881e-11
China,Male,30-34 years,Incidence,1990,33.177654927030005,46161516.857447326,derived_proxy_NOT_OFFICIAL,15315.30877204692,15315.30877204666,-2.601154847070575e-10,-1.6984018316484296e-12
China,Male,30-34 years,Incidence,1991,33.0028826238,45050141.850993395,derived_proxy_NOT_OFFICIAL,14867.845436940428,14867.845436938751,-1.6771082300692797e-09,-1.1280102669767883e-11
China,Male,30-34 years,Incidence,1992,32.87344979704,45767545.97253148,derived_proxy_NOT_OFFICIAL,15045.371248620087,15045.37124861734,-2.7466739993542433e-09,-1.825594034182546e-11
China,Male,30-34 years,Incidence,1993,32.79434679033,48773688.62760359,derived_proxy_NOT_OFFICIAL,15995.01259097594,15995.012590972068,-3.8726284401491284e-09,-2.4211474783920996e-11
China,Male,30-34 years,Incidence,1994,32.76033953436,53099271.65044202,derived_proxy_NOT_OFFICIAL,17395.501682961767,17395.50168295697,-4.798494046553969e-09,-2.7584683293462655e-11
China,Male,30-34 years,Incidence,1995,32.76594397061,57705282.6230496,derived_proxy_NOT_OFFICIAL,18907.680572354915,18907.680572350582,-4.33283275924623e-09,-2.2915728572130114e-11
China,Male,30-34 years,Incidence,1996,32.86328481839,61667380.47066646,derived_proxy_NOT_OFFICIAL,20265.926884117765,20265.92688411533,-2.433807821944356e-09,-1.2009358544817955e-11
China,Male,30-34 years,Incidence,1997,33.059880867580006,64541167.66745041,derived_proxy_NOT_OFFICIAL,21337.23314140961,21337.233141404173,-5.438778316602111e-09,-2.548961376837075e-11
China,Male,30-34 years,Incidence,1998,33.28454288235,65889046.36130731,derived_proxy_NOT_OFFICIAL,21930.867890905967,21930.86789090081,-5.158653948456049e-09,-2.352234291008236e-11
China,Male,30-34 years,Incidence,1999,33.47317232017,66182344.927477665,derived_proxy_NOT_OFFICIAL,22153.330363104807,22153.33036310389,-9.167706593871117e-10,-4.1382972418176205e-12
China,Male,30-34 years,Incidence,2000,33.56490695784,65863155.848605424,derived_proxy_NOT_OFFICIAL,22106.90698008545,22106.906980081567,-3.881723387166858e-09,-1.7558871490541975e-11
China,Male,30-34 years,Incidence,2001,33.566351105,65350463.1014687,derived_proxy_NOT_OFFICIAL,21935.765893384472,21935.76589338246,-2.0118022803217173e-09,-9.171333657095827e-12
China,Male,30-34 years,Incidence,2002,33.53970550395,64661701.08899298,derived_proxy_NOT_OFFICIAL,21687.344119094927,21687.34411909268,-2.2482709027826786e-09,-1.0366741498804167e-11
China,Male,30-34 years,Incidence,2003,33.50439947606,63810578.46196501,derived_proxy_NOT_OFFICIAL,21379.35111588162,21379.351115881458,-1.6370904631912708e-10,-7.657344015343666e-13
China,Male,30-34 years,Incidence,2004,33.47486723014,62516361.98890812,derived_proxy_NOT_OFFICIAL,20927.269172905268,20927.269172900702,-4.5656634029001e-09,-2.1816814058144323e-11
China,Male,30-34 years,Incidence,2005,33.46654322608,60642444.491602845,derived_proxy_NOT_OFFICIAL,20294.92989913604,20294.929899133836,-2.204615157097578e-09,-1.0862886287631025e-11
China,Male,30-34 years,Incidence,2006,33.48778469166,58234916.87969423,derived_proxy_NOT_OFFICIAL,19501.583580042992,19501.583580039172,-3.819877747446299e-09,-1.9587525965611236e-11
China,Male,30-34 years,Incidence,2007,33.52864693913,55558700.87778719,derived_proxy_NOT_OFFICIAL,18628.080661282074,18628.080661280586,-1.4879333321005106e-09,-7.98758261334533e-12
China,Male,30-34 years,Incidence,2008,33.57581473954,53013375.498871624,derived_proxy_NOT_OFFICIAL,17799.67274467948,17799.672744677824,-1.6552803572267294e-09,-9.299498822086552e-12
China,Male,30-34 years,Incidence,2009,33.61816367561,51027230.86693156,derived_proxy_NOT_OFFICIAL,17154.417991980015,17154.41799197644,-3.576133167371154e-09,-2.084671814014942e-11
China,Male,30-34 years,Incidence,2010,33.64708959681,49703834.549078956,derived_proxy_NOT_OFFICIAL,16723.893743781042,16723.893743778797,-2.244632923975587e-09,-1.3421712421548227e-11
China,Male,30-34 years,Incidence,2011,33.66841616131,48834990.656319454,derived_proxy_NOT_OFFICIAL,16441.967886508162,16441.967886506485,-1.6771082300692797e-09,-1.0200167289254164e-11
China,Male,30-34 years,Incidence,2012,33.69179724276,48387629.40829076,derived_proxy_NOT_OFFICIAL,16302.66199082076,16302.661990819435,-1.3242242857813835e-09,-8.122748827933685e-12
China,Male,30-34 years,Incidence,2013,33.71826396492,48621986.515970826,derived_proxy_NOT_OFFICIAL,16394.489758445576,16394.48975844285,-2.724846126511693e-09,-1.662049973289346e-11
China,Male,30-34 years,Incidence,2014,33.74693716935,49769703.63136743,derived_proxy_NOT_OFFICIAL,16795.750613850396,16795.75061384927,-1.1241354513913393e-09,-6.69297536761671e-12
China,Male,30-34 years,Incidence,2015,33.77672599771,51909323.96926739,derived_proxy_NOT_OFFICIAL,17533.270124367144,17533.270124363047,-4.096364136785269e-09,-2.3363377782518054e-11
China,Male,30-34 years,Incidence,2016,33.81642299579,54992999.96968921,derived_proxy_NOT_OFFICIAL,18596.665487827297,18596.66548782477,-2.5283952709287405e-09,-1.3595960375712175e-11
China,Male,30-34 years,Incidence,2017,33.8629217828,58446240.44334537,derived_proxy_NOT_OFFICIAL,19791.604686322946,19791.604686317263,-5.682522896677256e-09,-2.871178455077057e-11
China,Male,30-34 years,Incidence,2018,33.90002706345,61530956.636490144,derived_proxy_NOT_OFFICIAL,20859.010952171506,20859.01095216984,-1.6661942936480045e-09,-7.987887333049927e-12
China,Male,30-34 years,Incidence,2019,33.91301419305,63591556.98296024,derived_proxy_NOT_OFFICIAL,21565.813745215368,21565.81374521279,-2.5793269742280245e-09,-1.1960258048691897e-11
China,Male,30-34 years,Incidence,2020,33.88896545502,64117703.69830136,derived_proxy_NOT_OFFICIAL,21728.826456871902,21728.826456869432,-2.470187610015273e-09,-1.1368251363773298e-11
China,Male,30-34 years,Incidence,2021,33.67677412576,62734338.39547041,derived_proxy_NOT_OFFICIAL,21126.90144073759,21126.901440732498,-5.093170329928398e-09,-2.41075121414046e-11
China,Male,30-34 years,Incidence,2022,33.43318308198,59997047.84313437,derived_proxy_NOT_OFFICIAL,20058.92284918206,20058.92284917825,-3.812601789832115e-09,-1.9007011585308433e-11
China,Male,30-34 years,Incidence,2023,33.28181446384,56426224.688878834,derived_proxy_NOT_OFFICIAL,18779.67140990326,18779.671409902134,-1.127773430198431e-09,-6.005288407781787e-12
China,Male,35-39 years,Incidence,1990,27.0115890289,47340672.99619521,derived_proxy_NOT_OFFICIAL,12787.468033252042,12787.468033247693,-4.349203663878143e-09,-3.401145287377173e-11
China,Male,35-39 years,Incidence,1991,26.95892838744,49330684.560396716,derived_proxy_NOT_OFFICIAL,13299.0239236759,13299.023923671271,-4.629328032024205e-09,-3.4809532328028484e-11
China,Male,35-39 years,Incidence,1992,26.92797878349,50103624.48518965,derived_proxy_NOT_OFFICIAL,13491.893371134654,13491.89337113137,-3.285094862803817e-09,-2.4348657170921175e-11
China,Male,35-39 years,Incidence,1993,26.91442108552,49122594.460264355,derived_proxy_NOT_OFFICIAL,13221.061921171537,13221.06192116787,-3.6670826375484467e-09,-2.7736672435337186e-11
China,Male,35-39 years,Incidence,1994,26.91881057392,47027302.510044634,derived_proxy_NOT_OFFICIAL,12659.190480704132,12659.190480703239,-8.931237971410155e-10,-7.055141468187609e-12
China,Male,35-39 years,Incidence,1995,26.93666251436,44854794.9826777,derived_proxy_NOT_OFFICIAL,12082.384745994628,12082.384745991974,-2.6539055397734046e-09,-2.1965080533072642e-11
China,Male,35-39 years,Incidence,1996,26.99544900567,43759392.52256812,derived_proxy_NOT_OFFICIAL,11813.044493624728,11813.044493620848,-3.879904397763312e-09,-3.284423757023197e-11
China,Male,35-39 years,Incidence,1997,27.10645064892,44540650.67932499,derived_proxy_NOT_OFFICIAL,12073.389495102316,12073.38949509908,-3.2359821489080787e-09,-2.6802598808071132e-11
China,Male,35-39 years,Incidence,1998,27.24059373985,47587788.29867264,derived_proxy_NOT_OFFICIAL,12963.1960802244,12963.196080221289,-3.1104718800634146e-09,-2.3994637285541782e-11
China,Male,35-39 years,Incidence,1999,27.35846039337,51918503.19563778,derived_proxy_NOT_OFFICIAL,14204.103133609404,14204.1031336091,-3.0377123039215803e-10,-2.1386160571685933e-12
China,Male,35-39 years,Incidence,2000,27.41965706313,56501170.19880974,derived_proxy_NOT_OFFICIAL,15492.427105174507,15492.42710516904,-5.4678821470588446e-09,-3.529390269154508e-11
China,Male,35-39 years,Incidence,2001,27.41067663819,60418929.65200938,derived_proxy_NOT_OFFICIAL,16561.237435168117,16561.237435167786,-3.310560714453459e-10,-1.9989814936312773e-12
China,Male,35-39 years,Incidence,2002,27.35899264481,63303568.75174518,derived_proxy_NOT_OFFICIAL,17319.218718692602,17319.218718692206,-3.965396899729967e-10,-2.2895934072650293e-12
China,Male,35-39 years,Incidence,2003,27.28621337757,64760238.70865075,derived_proxy_NOT_OFFICIAL,17670.61691786877,17670.616917866126,-2.6448105927556753e-09,-1.496727932617455e-11
China,Male,35-39 years,Incidence,2004,27.22029424827,65245690.95758566,derived_proxy_NOT_OFFICIAL,17760.06906297675,17760.06906297171,-5.0386006478220224e-09,-2.8370388819746555e-11
China,Male,35-39 years,Incidence,2005,27.19106336261,65163576.312619224,derived_proxy_NOT_OFFICIAL,17718.66932451048,17718.669324507013,-3.4669938031584024e-09,-1.9566897150467513e-11
China,Male,35-39 years,Incidence,2006,27.22971433962,64870224.38073687,derived_proxy_NOT_OFFICIAL,17663.976790349712,17663.97679034518,-4.532921593636274e-09,-2.5661953972407428e-11
China,Male,35-39 years,Incidence,2007,27.32626687116,64373178.66132237,derived_proxy_NOT_OFFICIAL,17590.786594446312,17590.786594441575,-4.73664840683341e-09,-2.692687095828247e-11
China,Male,35-39 years,Incidence,2008,27.44720814727,63670728.43340689,derived_proxy_NOT_OFFICIAL,17475.837362000526,17475.837362000213,-3.128661774098873e-10,-1.7902786054199827e-12
China,Male,35-39 years,Incidence,2009,27.55638713287,62469578.0033437,derived_proxy_NOT_OFFICIAL,17214.358754876837,17214.35875487159,-5.24596543982625e-09,-3.0474358728814486e-11
China,Male,35-39 years,Incidence,2010,27.6196992649,60624676.00225219,derived_proxy_NOT_OFFICIAL,16744.35319214597,16744.353192142054,-3.914465196430683e-09,-2.337782266959577e-11
China,Male,35-39 years,Incidence,2011,27.64906825178,58181043.69588425,derived_proxy_NOT_OFFICIAL,16086.516481075376,16086.516481072982,-2.393790055066347e-09,-1.4880723604034895e-11
China,Male,35-39 years,Incidence,2012,27.6783559598,55423066.06514638,derived_proxy_NOT_OFFICIAL,15340.193509347777,15340.193509346334,-1.4424585970118642e-09,-9.403131688872637e-12
China,Male,35-39 years,Incidence,2013,27.7063595572,52771632.649583474,derived_proxy_NOT_OFFICIAL,14621.098286099266,14621.098286098346,-9.204086381942034e-10,-6.295071821446304e-12
China,Male,35-39 years,Incidence,2014,27.73255080126,50669366.18122386,derived_proxy_NOT_OFFICIAL,14051.907716884589,14051.907716884363,-2.255546860396862e-10,-1.6051534822468456e-12
China,Male,35-39 years,Incidence,2015,27.75628869042,49233145.290134996,derived_proxy_NOT_OFFICIAL,13665.293938104274,13665.293938103789,-4.856701707467437e-10,-3.5540411567182033e-12
China,Male,35-39 years,Incidence,2016,27.78862812574,48277060.71698481,derived_proxy_NOT_OFFICIAL,13415.532872684156,13415.532872680618,-3.537934389896691e-09,-2.6371925912092578e-11
China,Male,35-39 years,Incidence,2017,27.83021695091,47765659.379406825,derived_proxy_NOT_OFFICIAL,13293.286633322534,13293.28663332161,-9.240466170012951e-10,-6.951227657161698e-12
China,Male,35-39 years,Incidence,2018,27.86703427428,47960293.02882802,derived_proxy_NOT_OFFICIAL,13365.111296392772,13365.111296388626,-4.145476850681007e-09,-3.101715173744843e-11
China,Male,35-39 years,Incidence,2019,27.88498566969,49088885.11747897,derived_proxy_NOT_OFFICIAL,13688.428580422777,13688.428580419597,-3.179593477398157e-09,-2.3228330839564882e-11
China,Male,35-39 years,Incidence,2020,27.87061725746,51221336.878506705,derived_proxy_NOT_OFFICIAL,14275.70275556768,14275.702755562814,-4.865796654485166e-09,-3.408446321556711e-11
China,Male,35-39 years,Incidence,2021,27.46247521646,54301514.40138812,derived_proxy_NOT_OFFICIAL,14912.539934644294,14912.539934643672,-6.220943760126829e-10,-4.171619179154417e-12
China,Male,35-39 years,Incidence,2022,27.05461528646,57741229.57738948,derived_proxy_NOT_OFFICIAL,15621.667523836304,15621.667523834376,-1.928128767758608e-09,-1.2342656536612206e-11
China,Male,35-39 years,Incidence,2023,27.48058261576,60809652.515220255,derived_proxy_NOT_OFFICIAL,16710.846797804894,16710.84679780168,-3.2123352866619825e-09,-1.9223055094275347e-11
China,Male,40-44 years,Incidence,1990,24.97869818386,35283594.329945505,derived_proxy_NOT_OFFICIAL,8813.382536094594,8813.382536094627,3.2741809263825417e-11,3.715010568273148e-13
China,Male,40-44 years,Incidence,1991,25.00011364655,37269040.36682404,derived_proxy_NOT_OFFICIAL,9317.302446684993,9317.302446684604,-3.892637323588133e-10,-4.1778587159345636e-12
China,Male,40-44 years,Incidence,1992,25.02650405373,39155248.77843854,derived_proxy_NOT_OFFICIAL,9799.189922786943,9799.189922783988,-2.9558577807620168e-09,-3.016430749942394e-11
China,Male,40-44 years,Incidence,1993,25.03559718753,41884295.415689655,derived_proxy_NOT_OFFICIAL,10485.983485107818,10485.983485107156,-6.621121428906918e-10,-6.3142588754886246e-12
China,Male,40-44 years,Incidence,1994,25.04175516005,43386783.93954873,derived_proxy_NOT_OFFICIAL,10864.812205963177,10864.812205961687,-1.4897523215040565e-09,-1.371171717709398e-11
China,Male,40-44 years,Incidence,1995,25.05234306565,46069144.199263886,derived_proxy_NOT_OFFICIAL,11541.40005220891,11541.400052208586,-3.2378011383116245e-10,-2.805379870436032e-12
China,Male,40-44 years,Incidence,1996,25.09011969624,47580726.4979859,derived_proxy_NOT_OFFICIAL,11938.06123068523,11938.061230685244,1.2732925824820995e-11,1.0665823854289396e-13
China,Male,40-44 years,Incidence,1997,25.14782263963,47999852.81463924,derived_proxy_NOT_OFFICIAL,12070.917853111074,12070.917853108926,-2.1482264855876565e-09,-1.7796711995964646e-11
China,Male,40-44 years,Incidence,1998,25.20494151396,46842706.669218145,derived_proxy_NOT_OFFICIAL,11806.676819536327,11806.676819532275,-4.052708391100168e-09,-3.432556385717456e-11
China,Male,40-44 years,Incidence,1999,25.24800456686,44737985.2145872,derived_proxy_NOT_OFFICIAL,11295.448550100497,11295.448550100125,-3.710738383233547e-10,-3.285162485380479e-12
China,Male,40-44 years,Incidence,2000,25.259047750070003,42677995.99237417,derived_proxy_NOT_OFFICIAL,10780.055386488417,10780.055386486752,-1.6643753042444587e-09,-1.5439394739386638e-11
China,Male,40-44 years,Incidence,2001,25.22428427495,41763568.92938186,derived_proxy_NOT_OFFICIAL,10534.561350115,10534.561350111973,-3.026798367500305e-09,-2.873207784268363e-11
China,Male,40-44 years,Incidence,2002,25.16546646535,42709041.08920517,derived_proxy_NOT_OFFICIAL,10747.929412976498,10747.92941297648,-1.8189894035458565e-11,-1.6924091456627005e-13
China,Male,40-44 years,Incidence,2003,25.11295403783,45862075.835315794,derived_proxy_NOT_OFFICIAL,11517.322025321,11517.322025317595,-3.4051481634378433e-09,-2.9565450683340933e-11
China,Male,40-44 years,Incidence,2004,25.078904144170004,50262293.07508339,derived_proxy_NOT_OFFICIAL,12605.23230096325,12605.232300961961,-1.2878444977104664e-09,-1.0216745451109645e-11
China,Male,40-44 years,Incidence,2005,25.07711070846,54899864.82056129,derived_proxy_NOT_OFFICIAL,13767.299879849872,13767.29987984704,-2.8321665013208985e-09,-2.0571691806220628e-11
China,Male,40-44 years,Incidence,2006,25.13845578653,58872395.28443283,derived_proxy_NOT_OFFICIAL,14799.611059053512,14799.611059048319,-5.19321474712342e-09,-3.509021099542021e-11
China,Male,40-44 years,Incidence,2007,25.25492324453,61817767.47816422,derived_proxy_NOT_OFFICIAL,15612.029728097436,15612.029728092404,-5.031324690207839e-09,-3.222722975701752e-11
China,Male,40-44 years,Incidence,2008,25.385253642940004,63342424.87066144,derived_proxy_NOT_OFFICIAL,16079.635217006857,16079.635217006118,-7.385096978396177e-10,-4.592826192092482e-12
China,Male,40-44 years,Incidence,2009,25.49466711514,63889048.4490343,derived_proxy_NOT_OFFICIAL,16288.300225117882,16288.30022511181,-6.071786629036069e-09,-3.727698130019043e-11
China,Male,40-44 years,Incidence,2010,25.54913160009,63855492.25522201,derived_proxy_NOT_OFFICIAL,16314.52375017718,16314.523750171948,-5.233232514001429e-09,-3.2077139327739153e-11
China,Male,40-44 years,Incidence,2011,25.55873070165,63595369.31239182,derived_proxy_NOT_OFFICIAL,16254.169181275993,16254.16918127399,-2.002707333303988e-09,-1.2321191633781005e-11
China,Male,40-44 years,Incidence,2012,25.56175806535,63113784.700787425,derived_proxy_NOT_OFFICIAL,16132.99295110612,16132.992951101163,-4.956746124662459e-09,-3.072428122720162e-11
China,Male,40-44 years,Incidence,2013,25.56448299951,62408556.44320267,derived_proxy_NOT_OFFICIAL,15954.424802162408,15954.424802162146,-2.6193447411060333e-10,-1.641766954049648e-12
China,Male,40-44 years,Incidence,2014,25.56812618804,61193437.57004823,derived_proxy_NOT_OFFICIAL,15646.015336715369,15646.015336709408,-5.960828275419772e-09,-3.8098059775206335e-11
China,Male,40-44 years,Incidence,2015,25.57449705386,59330757.72396142,derived_proxy_NOT_OFFICIAL,15173.542886147372,15173.542886147328,-4.3655745685100555e-11,-2.8770964047530327e-13
China,Male,40-44 years,Incidence,2016,25.59165435444,56871606.78149401,derived_proxy_NOT_OFFICIAL,14554.38503334003,14554.385033336206,-3.82351572625339e-09,-2.627054126639349e-11
China,Male,40-44 years,Incidence,2017,25.61840878992,54103708.23081112,derived_proxy_NOT_OFFICIAL,13860.509145078198,13860.509145074788,-3.410605131648481e-09,-2.4606636711174283e-11
China,Male,40-44 years,Incidence,2018,25.64202957128,51447559.02461757,derived_proxy_NOT_OFFICIAL,13192.198298795152,13192.198298794166,-9.858922567218542e-10,-7.473297735464574e-12
China,Male,40-44 years,Incidence,2019,25.65053895387,49343244.90823136,derived_proxy_NOT_OFFICIAL,12656.808256290218,12656.80825628936,-8.585629984736443e-10,-6.783408431955609e-12
China,Male,40-44 years,Incidence,2020,25.63144124471,47912094.21853174,derived_proxy_NOT_OFFICIAL,12280.560278737425,12280.56027873306,-4.36375557910651e-09,-3.553384764261872e-11
China,Male,40-44 years,Incidence,2021,25.21038864482,46978231.5375454,derived_proxy_NOT_OFFICIAL,11843.394749079394,11843.394749078594,-8.003553375601768e-10,-6.757820325311623e-12
China,Male,40-44 years,Incidence,2022,24.807922422380003,46496122.99411629,derived_proxy_NOT_OFFICIAL,11534.722121796274,11534.72212179476,-1.5133991837501526e-09,-1.3120378347826854e-11
China,Male,40-44 years,Incidence,2023,25.37749352279,46716567.11843373,derived_proxy_NOT_OFFICIAL,11855.493794553118,11855.493794550364,-2.7539499569684267e-09,-2.3229314651016056e-11
China,Male,45-49 years,Incidence,1990,26.976067034440003,27312208.791170597,derived_proxy_NOT_OFFICIAL,7367.759752093748,7367.759752092396,-1.3515091268345714e-09,-1.8343555874640234e-11
China,Male,45-49 years,Incidence,1991,26.95535651875,28248737.50711397,derived_proxy_NOT_OFFICIAL,7614.547907089027,7614.547907088423,-6.039044819772243e-10,-7.930930231786952e-12
China,Male,45-49 years,Incidence,1992,26.93023928324,29487554.29122527,derived_proxy_NOT_OFFICIAL,7941.068929402762,7941.0689294022695,-4.920366336591542e-10,-6.196100777281122e-12
China,Male,45-49 years,Incidence,1993,26.96976198689,30381518.809570745,derived_proxy_NOT_OFFICIAL,8193.823310943839,8193.823310943446,-3.92901711165905e-10,-4.795096211571189e-12
China,Male,45-49 years,Incidence,1994,27.030157980980004,33079896.44374571,derived_proxy_NOT_OFFICIAL,8941.548268689252,8941.548268689052,-2.000888343900442e-10,-2.237742596443819e-12
China,Male,45-49 years,Incidence,1995,27.07637015291,34537228.67206789,derived_proxy_NOT_OFFICIAL,9351.42787580873,9351.427875806063,-2.6666384655982256e-09,-2.851584272490162e-11
China,Male,45-49 years,Incidence,1996,27.09731970862,36283684.171231456,derived_proxy_NOT_OFFICIAL,9831.905901945263,9831.905901944536,-7.275957614183426e-10,-7.400353183550976e-12
China,Male,45-49 years,Incidence,1997,27.13110313273,37936867.62014298,derived_proxy_NOT_OFFICIAL,10292.69067934826,10292.690679348247,-1.2732925824820995e-11,-1.2370842786880732e-13
China,Male,45-49 years,Incidence,1998,27.12520675149,40420117.79648462,derived_proxy_NOT_OFFICIAL,10964.040521493407,10964.040521492258,-1.1496013030409813e-09,-1.048519750348747e-11
China,Male,45-49 years,Incidence,1999,27.108630135140004,41748582.47326948,derived_proxy_NOT_OFFICIAL,11317.468809343734,11317.468809342508,-1.2259988579899073e-09,-1.0832800855414942e-11
China,Male,45-49 years,Incidence,2000,27.09866603077,44271248.604598075,derived_proxy_NOT_OFFICIAL,11996.917807016063,11996.917807011958,-4.105459083802998e-09,-3.422094866234755e-11
China,Male,45-49 years,Incidence,2001,27.11405356162,45745447.94295198,derived_proxy_NOT_OFFICIAL,12403.44525725626,12403.445257254994,-1.2660166248679161e-09,-1.020697555082344e-11
China,Male,45-49 years,Incidence,2002,27.112364888,46245113.26296975,derived_proxy_NOT_OFFICIAL,12538.143850727927,12538.14385072524,-2.68664734903723e-09,-2.14277917132148e-11
China,Male,45-49 years,Incidence,2003,27.09307304757,45275477.84235761,derived_proxy_NOT_OFFICIAL,12266.51828446738,12266.51828446632,-1.0604708222672343e-09,-8.645247148981694e-12
China,Male,45-49 years,Incidence,2004,27.06979045551,43401164.17995842,derived_proxy_NOT_OFFICIAL,11748.604198768788,11748.604198766609,-2.179149305447936e-09,-1.854815490061622e-11
China,Male,45-49 years,Incidence,2005,27.05061721549,41552867.38270738,derived_proxy_NOT_OFFICIAL,11240.307097758166,11240.307097756371,-1.7953425412997603e-09,-1.59723620154278e-11
China,Male,45-49 years,Incidence,2006,27.06427488948,40789158.93055053,derived_proxy_NOT_OFFICIAL,11039.290098072908,11039.290098071076,-1.8317223293706775e-09,-1.6592754725147e-11
China,Male,45-49 years,Incidence,2007,27.13017577539,41828445.888857886,derived_proxy_NOT_OFFICIAL,11348.130893762813,11348.130893761036,-1.7771526472643018e-09,-1.5660311498883616e-11
China,Male,45-49 years,Incidence,2008,27.23249515808,45027633.26423997,derived_proxy_NOT_OFFICIAL,12262.148048485147,12262.148048482168,-2.979504643008113e-09,-2.429839071610457e-11
China,Male,45-49 years,Incidence,2009,27.32972430982,49450835.25869327,derived_proxy_NOT_OFFICIAL,13514.776945104437,13514.776945104135,-3.019522409886122e-10,-2.234237695635744e-12
China,Male,45-49 years,Incidence,2010,27.38530228702,54095446.52422401,derived_proxy_NOT_OFFICIAL,14814.201554172238,14814.201554172001,-2.3646862246096134e-10,-1.5962292776714845e-12
China,Male,45-49 years,Incidence,2011,27.3758347875,58051959.47626336,derived_proxy_NOT_OFFICIAL,15892.208517129464,15892.208517128307,-1.1568772606551647e-09,-7.279524802410068e-12
China,Male,45-49 years,Incidence,2012,27.31601174801,60960822.64444432,derived_proxy_NOT_OFFICIAL,16652.065475242875,16652.06547523995,-2.9249349609017372e-09,-1.756499795926413e-11
China,Male,45-49 years,Incidence,2013,27.22977976357,62441274.861473985,derived_proxy_NOT_OFFICIAL,17002.621626344822,17002.621626344764,-5.820766091346741e-11,-3.4234521118365163e-13
China,Male,45-49 years,Incidence,2014,27.15050957798,62944386.05404294,derived_proxy_NOT_OFFICIAL,17089.72156440469,17089.721564403637,-1.051375875249505e-09,-6.1520948207802426e-12
China,Male,45-49 years,Incidence,2015,27.11222446462,62879309.275281884,derived_proxy_NOT_OFFICIAL,17047.979472520972,17047.979472517047,-3.925379132851958e-09,-2.3025480170123014e-11
China,Male,45-49 years,Incidence,2016,27.13000404341,62610935.73725872,derived_proxy_NOT_OFFICIAL,16986.34939714106,16986.349397135127,-5.933543434366584e-09,-3.493124564696195e-11
China,Male,45-49 years,Incidence,2017,27.18346529257,62137818.11579777,derived_proxy_NOT_OFFICIAL,16891.21222107366,16891.21222106816,-5.50062395632267e-09,-3.2565004123623715e-11
China,Male,45-49 years,Incidence,2018,27.25146615317,61454701.31556084,derived_proxy_NOT_OFFICIAL,16747.30712854393,16747.307128541783,-2.1464074961841106e-09,-1.2816433589647358e-11
China,Male,45-49 years,Incidence,2019,27.3076449959,60276051.059046894,derived_proxy_NOT_OFFICIAL,16459.970040754073,16459.97004075195,-2.1245796233415604e-09,-1.2907554619365687e-11
China,Male,45-49 years,Incidence,2020,27.3289795147,58459387.754525974,derived_proxy_NOT_OFFICIAL,15976.35410385494,15976.354103853442,-1.4970282791182399e-09,-9.370274778505451e-12
China,Male,45-49 years,Incidence,2021,27.12999199517,56043831.812297165,derived_proxy_NOT_OFFICIAL,15204.687084466625,15204.687084462757,-3.867171471938491e-09,-2.5434074706405903e-11
China,Male,45-49 years,Incidence,2022,26.9247307828,53315480.27875942,derived_proxy_NOT_OFFICIAL,14355.04953061513,14355.049530612803,-2.3264874471351504e-09,-1.62067531858628e-11
China,Male,45-49 years,Incidence,2023,27.18855027701,50693937.38286655,derived_proxy_NOT_OFFICIAL,13782.946652737117,13782.946652736638,-4.783942131325603e-10,-3.4709139140254693e-12
China,Male,50-54 years,Incidence,1990,29.07800422392,25323742.121751703,derived_proxy_NOT_OFFICIAL,7363.638803818298,7363.638803817569,-7.285052561201155e-10,-9.893277977490704e-12
China,Male,50-54 years,Incidence,1991,29.08612542851,25277986.946769964,derived_proxy_NOT_OFFICIAL,7352.386989140069,7352.386989139898,-1.709850039333105e-10,-2.325571330587821e-12
China,Male,50-54 years,Incidence,1992,29.08789506653,25285312.28449294,derived_proxy_NOT_OFFICIAL,7354.965104557894,7354.965104557725,-1.6916601452976465e-10,-2.3000247060986322e-12
China,Male,50-54 years,Incidence,1993,29.08149935884,25532490.3308209,derived_proxy_NOT_OFFICIAL,7425.231011854848,7425.231011853565,-1.2823875294998288e-09,-1.7270675181047115e-11
China,Male,50-54 years,Incidence,1994,29.06793140155,25694056.52810494,derived_proxy_NOT_OFFICIAL,7468.730725867033,7468.7307258650235,-2.0090737962163985e-09,-2.6899802254996526e-11
China,Male,50-54 years,Incidence,1995,29.038666646080003,26045319.989217862,derived_proxy_NOT_OFFICIAL,7563.213648574259,7563.213648573816,-4.43833414465189e-10,-5.868317822131812e-12
China,Male,50-54 years,Incidence,1996,28.96796449934,26892236.7985712,derived_proxy_NOT_OFFICIAL,7790.133608890395,7790.133608888552,-1.8435457604937255e-09,-2.366513660805254e-11
China,Male,50-54 years,Incidence,1997,28.87103315339,28071377.129504018,derived_proxy_NOT_OFFICIAL,8104.496597674368,8104.496597672243,-2.1245796233415604e-09,-2.6214825285400462e-11
China,Male,50-54 years,Incidence,1998,28.87476752639,28950703.0152604,derived_proxy_NOT_OFFICIAL,8359.44819291277,8359.44819291202,-7.512426236644387e-10,-8.98674896150861e-12
China,Male,50-54 years,Incidence,1999,28.9234222805,31591222.58493136,derived_proxy_NOT_OFFICIAL,9137.26271181528,9137.262711812384,-2.8958311304450035e-09,-3.169254536919947e-11
China,Male,50-54 years,Incidence,2000,28.97395081358,33051787.690851875,derived_proxy_NOT_OFFICIAL,9576.40870855816,9576.408708556311,-1.8480932340025902e-09,-1.9298395570262187e-11
China,Male,50-54 years,Incidence,2001,28.99926114775,34812478.579996064,derived_proxy_NOT_OFFICIAL,10095.361575420864,10095.36157541759,-3.2741809263825417e-09,-3.243252757141633e-11
China,Male,50-54 years,Incidence,2002,29.05486261019,36504917.245017424,derived_proxy_NOT_OFFICIAL,10606.453551503451,10606.45355150337,-8.185452315956354e-11,-7.717426259596523e-13
China,Male,50-54 years,Incidence,2003,29.05522145226,39011348.61938716,derived_proxy_NOT_OFFICIAL,11334.833732876335,11334.833732876112,-2.2373569663614035e-10,-1.9738771816934717e-12
China,Male,50-54 years,Incidence,2004,29.04438137488,40438353.317376,derived_proxy_NOT_OFFICIAL,11745.069559223806,11745.069559220126,-3.6798155633732677e-09,-3.133072601075727e-11
China,Male,50-54 years,Incidence,2005,29.04279501017,43010658.73437757,derived_proxy_NOT_OFFICIAL,12491.497448750477,12491.497448749056,-1.420630724169314e-09,-1.1372781606030904e-11
China,Male,50-54 years,Incidence,2006,29.09763616094,44553335.22359127,derived_proxy_NOT_OFFICIAL,12963.967380927432,12963.96738092451,-2.9212969820946455e-09,-2.2533973561152682e-11
China,Male,50-54 years,Incidence,2007,29.15407657483,45122375.637609884,derived_proxy_NOT_OFFICIAL,13155.011945772678,13155.011945771223,-1.4551915228366852e-09,-1.1061879144125799e-11
China,Male,50-54 years,Incidence,2008,29.19100736995,44234753.66413441,derived_proxy_NOT_OFFICIAL,12912.570202178738,12912.570202176705,-2.0336301531642675e-09,-1.574922824288795e-11
China,Male,50-54 years,Incidence,2009,29.20488580457,42446438.23995456,derived_proxy_NOT_OFFICIAL,12396.433816087296,12396.43381608606,-1.2350938050076365e-09,-9.963299311168113e-12
China,Male,50-54 years,Incidence,2010,29.18306783064,40674270.342742994,derived_proxy_NOT_OFFICIAL,11869.99990374292,11869.999903740576,-2.344677341170609e-09,-1.9752968493548774e-11
China,Male,50-54 years,Incidence,2011,29.08802826639,39958724.0110669,derived_proxy_NOT_OFFICIAL,11623.204935229043,11623.204935227908,-1.1350493878126144e-09,-9.765373613712744e-12
China,Male,50-54 years,Incidence,2012,28.94031507042,41005321.14430415,derived_proxy_NOT_OFFICIAL,11867.0691347992,11867.069134799172,-2.7284841053187847e-11,-2.299206378867155e-13
China,Male,50-54 years,Incidence,2013,28.80241660017,44157699.04940096,derived_proxy_NOT_OFFICIAL,12718.484441258506,12718.484441257775,-7.312337402254343e-10,-5.749377951458798e-12
China,Male,50-54 years,Incidence,2014,28.70373365501,48488306.51233588,derived_proxy_NOT_OFFICIAL,13917.954355127757,13917.954355125761,-1.9954313756898046e-09,-1.4337102456113695e-11
China,Male,50-54 years,Incidence,2015,28.67890483778,53007353.53287413,derived_proxy_NOT_OFFICIAL,15201.92847672243,15201.928476718585,-3.845343599095941e-09,-2.529510387438032e-11
China,Male,50-54 years,Incidence,2016,28.72424386332,56823324.76748259,derived_proxy_NOT_OFFICIAL,16322.070377462464,16322.070377458014,-4.449248081073165e-09,-2.7259091390861128e-11
China,Male,50-54 years,Incidence,2017,28.79481258324,59599923.103134975,derived_proxy_NOT_OFFICIAL,17161.686157304575,17161.686157302873,-1.7025740817189217e-09,-9.920785557509164e-12
China,Male,50-54 years,Incidence,2018,28.86629233015,60990823.252369165,derived_proxy_NOT_OFFICIAL,17605.78933459797,17605.78933459398,-3.987224772572517e-09,-2.2647236637877028e-11
China,Male,50-54 years,Incidence,2019,28.92630924901,61454971.01297416,derived_proxy_NOT_OFFICIAL,17776.654964102607,17776.65496410236,-2.473825588822365e-10,-1.3916147856938773e-12
China,Male,50-54 years,Incidence,2020,28.96310946614,61397950.61210357,derived_proxy_NOT_OFFICIAL,17782.755645750458,17782.75564575013,-3.2741809263825417e-10,-1.841211222606532e-12
China,Male,50-54 years,Incidence,2021,28.98358369783,61168812.84726713,derived_proxy_NOT_OFFICIAL,17728.91406856165,17728.914068556656,-4.994944902136922e-09,-2.817400368020489e-11
China,Male,50-54 years,Incidence,2022,29.00446082905,60740014.29139805,derived_proxy_NOT_OFFICIAL,17617.31365271237,17617.31365270792,-4.452886059880257e-09,-2.5275624579657115e-11
China,Male,50-54 years,Incidence,2023,28.98788188609,60097790.08189148,derived_proxy_NOT_OFFICIAL,17421.076405091877,17421.076405089014,-2.863089321181178e-09,-1.6434629265183333e-11
China,Male,55-59 years,Incidence,1990,31.15230819317,22797742.11300969,derived_proxy_NOT_OFFICIAL,7102.022884129279,7102.022884128885,-3.9381120586767793e-10,-5.5450568421529366e-12
China,Male,55-59 years,Incidence,1991,31.15626988929,23298987.480686035,derived_proxy_NOT_OFFICIAL,7259.095420954954,7259.09542095443,-5.238689482212067e-10,-7.216724920145633e-12
China,Male,55-59 years,Incidence,1992,31.149276014620003,23693018.48485292,derived_proxy_NOT_OFFICIAL,7380.203724044011,7380.203724041774,-2.2373569663614035e-09,-3.031565319900729e-11
China,Male,55-59 years,Incidence,1993,31.12945046441,23865167.433192953,derived_proxy_NOT_OFFICIAL,7429.095474364964,7429.095474364308,-6.557456799782813e-10,-8.826723014141021e-12
China,Male,55-59 years,Incidence,1994,31.10571246984,23848607.960027564,derived_proxy_NOT_OFFICIAL,7418.27942010683,7418.279420105549,-1.280568540096283e-09,-1.726233898153491e-11
China,Male,55-59 years,Incidence,1995,31.09397749264,23772416.223912563,derived_proxy_NOT_OFFICIAL,7391.789750121196,7391.789750120072,-1.1241354513913393e-09,-1.5207892667305748e-11
China,Male,55-59 years,Incidence,1996,31.05974148342,23650437.84484738,derived_proxy_NOT_OFFICIAL,7345.764854307329,7345.764854306525,-8.039933163672686e-10,-1.0944991193065917e-11
China,Male,55-59 years,Incidence,1997,30.99060397854,23594898.839785583,derived_proxy_NOT_OFFICIAL,7312.201658575748,7312.20165857508,-6.684786058031023e-10,-9.141960752943824e-12
China,Male,55-59 years,Incidence,1998,30.90472077058,23784527.898936737,derived_proxy_NOT_OFFICIAL,7350.541933768209,7350.541933767097,-1.1114025255665183e-09,-1.5120007961056075e-11
China,Male,55-59 years,Incidence,1999,30.82485679522,23922707.75816015,derived_proxy_NOT_OFFICIAL,7374.140407992798,7374.140407991851,-9.467839845456183e-10,-1.283924541929529e-11
China,Male,55-59 years,Incidence,2000,30.7597613444,24275038.67246147,derived_proxy_NOT_OFFICIAL,7466.943961910276,7466.943961909955,-3.2105162972584367e-10,-4.299638933458779e-12
China,Male,55-59 years,Incidence,2001,30.70137202796,25138594.94245699,derived_proxy_NOT_OFFICIAL,7717.893555886292,7717.893555885658,-6.33917807135731e-10,-8.213611687508359e-12
China,Male,55-59 years,Incidence,2002,30.66110721565,26345055.159398645,derived_proxy_NOT_OFFICIAL,8077.685608446761,8077.68560844535,-1.4106262824498117e-09,-1.7463248148389595e-11
China,Male,55-59 years,Incidence,2003,30.77801498706,27282815.93967224,derived_proxy_NOT_OFFICIAL,8397.109178806626,8397.109178804316,-2.3101165425032377e-09,-2.7510855144455145e-11
China,Male,55-59 years,Incidence,2004,30.93997271062,29900614.505270243,derived_proxy_NOT_OFFICIAL,9251.24196823994,9251.241968238299,-1.6407284419983625e-09,-1.773522352599878e-11
China,Male,55-59 years,Incidence,2005,31.054917834860003,31393939.221769243,derived_proxy_NOT_OFFICIAL,9749.362030448514,9749.362030446327,-2.1864252630621195e-09,-2.2426341910718175e-11
China,Male,55-59 years,Incidence,2006,31.08350729505,33173607.034996383,derived_proxy_NOT_OFFICIAL,10311.52056275653,10311.520562754322,-2.2082531359046698e-09,-2.1415397685192105e-11
China,Male,55-59 years,Incidence,2007,31.13136172597,34881330.30204816,derived_proxy_NOT_OFFICIAL,10859.03311116133,10859.033111160996,-3.346940502524376e-10,-3.08217174426355e-12
China,Male,55-59 years,Incidence,2008,31.08842112274,37361151.46162403,derived_proxy_NOT_OFFICIAL,11614.992102694414,11614.992102694408,-5.4569682106375694e-12,-4.6982108660854596e-14
China,Male,55-59 years,Incidence,2009,31.02093646063,38799919.642537475,derived_proxy_NOT_OFFICIAL,12036.098419089654,12036.09841908705,-2.6047928258776665e-09,-2.164150487292774e-11
China,Male,55-59 years,Incidence,2010,30.96547900916,41322132.343928546,derived_proxy_NOT_OFFICIAL,12795.59621709653,12795.596217096507,-2.3646862246096134e-11,-1.8480469252773812e-13
China,Male,55-59 years,Incidence,2011,30.904428237740003,42836537.33311038,derived_proxy_NOT_OFFICIAL,13238.3869396455,13238.386939643802,-1.697117113508284e-09,-1.2819666937108955e-11
China,Male,55-59 years,Incidence,2012,30.730556536570003,43397286.48649244,derived_proxy_NOT_OFFICIAL,13336.227659070491,13336.227659068812,-1.6789272194728255e-09,-1.2589221347994321e-11
China,Male,55-59 years,Incidence,2013,30.50039727279,42547638.73725495,derived_proxy_NOT_OFFICIAL,12977.198845057204,12977.19884505425,-2.954038791358471e-09,-2.2763300667798692e-11
China,Male,55-59 years,Incidence,2014,30.29297321398,40829480.92667008,derived_proxy_NOT_OFFICIAL,12368.463720524294,12368.463720523241,-1.053194864653051e-09,-8.515163147589411e-12
China,Male,55-59 years,Incidence,2015,30.17747933998,39130134.34423921,derived_proxy_NOT_OFFICIAL,11808.488207441722,11808.488207439206,-2.5156623451039195e-09,-2.130384771454949e-11
China,Male,55-59 years,Incidence,2016,30.16577486126,38457747.21159385,derived_proxy_NOT_OFFICIAL,11601.077440565425,11601.077440561898,-3.5270204534754157e-09,-3.040252486499661e-11
China,Male,55-59 years,Incidence,2017,30.22831586383,39483257.828478165,derived_proxy_NOT_OFFICIAL,11935.123889724937,11935.123889722767,-2.1700543584302068e-09,-1.8182084898996546e-11
China,Male,55-59 years,Incidence,2018,30.3597615841,42539855.68233816,derived_proxy_NOT_OFFICIAL,12914.998763380418,12914.998763378082,-2.3355823941528797e-09,-1.808426339749456e-11
China,Male,55-59 years,Incidence,2019,30.51340403266,46739519.73161465,derived_proxy_NOT_OFFICIAL,14261.818498634024,14261.81849863242,-1.6043486539274454e-09,-1.1249257267445295e-11
China,Male,55-59 years,Incidence,2020,30.64816791499,51131995.45945274,derived_proxy_NOT_OFFICIAL,15671.019826698115,15671.019826698139,2.3646862246096134e-11,1.5089549057815549e-13
China,Male,55-59 years,Incidence,2021,30.91714210091,54838655.90673338,derived_proxy_NOT_OFFICIAL,16954.545172916947,16954.545172913833,-3.1141098588705063e-09,-1.8367404298435324e-11
China,Male,55-59 years,Incidence,2022,31.13403041143,57519976.24950006,derived_proxy_NOT_OFFICIAL,17908.286898170376,17908.28689816666,-3.714376362040639e-09,-2.0741103731257082e-11
China,Male,55-59 years,Incidence,2023,30.76675753442,58889923.945700064,derived_proxy_NOT_OFFICIAL,18118.52011258364,18118.520112577884,-5.75528247281909e-09,-3.176463881739404e-11
China,Male,60-64 years,Incidence,1990,28.13733681153,18266060.6780241,derived_proxy_NOT_OFFICIAL,5139.583015174205,5139.583015174081,-1.2369127944111824e-10,-2.4066403651021823e-12
China,Male,60-64 years,Incidence,1991,28.15161968224,18814642.858832344,derived_proxy_NOT_OFFICIAL,5296.626702190548,5296.6267021902095,-3.383320290595293e-10,-6.387688770280978e-12
China,Male,60-64 years,Incidence,1992,28.15209628339,19312564.330951188,derived_proxy_NOT_OFFICIAL,5436.891705242899,5436.8917052410125,-1.886292011477053e-09,-3.469430906004741e-11
China,Male,60-64 years,Incidence,1993,28.14615565,19759559.159861628,derived_proxy_NOT_OFFICIAL,5561.556276889757,5561.5562768884865,-1.2705640983767807e-09,-2.2845477688617954e-11
China,Male,60-64 years,Incidence,1994,28.132008539550004,20278578.772881925,derived_proxy_NOT_OFFICIAL,5704.771512086515,5704.771512086518,2.7284841053187847e-12,4.782810493878736e-14
China,Male,60-64 years,Incidence,1995,28.10807212652,20708350.8311916,derived_proxy_NOT_OFFICIAL,5820.718187845422,5820.718187844138,-1.2842065189033747e-09,-2.2062681570549155e-11
China,Male,60-64 years,Incidence,1996,28.06051400699,21155569.570259277,derived_proxy_NOT_OFFICIAL,5936.361562522867,5936.361562521119,-1.748048816807568e-09,-2.94464681505126e-11
China,Male,60-64 years,Incidence,1997,27.97724264286,21541306.341792554,derived_proxy_NOT_OFFICIAL,6026.663543686706,6026.663543685092,-1.6143530956469476e-09,-2.6786846220046244e-11
China,Male,60-64 years,Incidence,1998,27.87976580188,21749299.50662247,derived_proxy_NOT_OFFICIAL,6063.653765996044,6063.653765995788,-2.5647750589996576e-10,-4.229751826172014e-12
China,Male,60-64 years,Incidence,1999,27.80024828143,21807136.732547462,derived_proxy_NOT_OFFICIAL,6062.438154721152,6062.438154719117,-2.0354491425678134e-09,-3.3574761352125263e-11
China,Male,60-64 years,Incidence,2000,27.77648132644,21820330.91179899,derived_proxy_NOT_OFFICIAL,6060.920141083548,6060.920141083262,-2.8558133635669947e-10,-4.7118478664799625e-12
China,Male,60-64 years,Incidence,2001,27.810905207860003,21796878.314875938,derived_proxy_NOT_OFFICIAL,6061.909166422793,6061.90916642274,-5.275069270282984e-11,-8.701993258991485e-13
China,Male,60-64 years,Incidence,2002,27.88046483052,21847039.879832022,derived_proxy_NOT_OFFICIAL,6091.056270208051,6091.056270206246,-1.8044374883174896e-09,-2.962437725527458e-11
China,Male,60-64 years,Incidence,2003,27.95435158975,22137065.679142207,derived_proxy_NOT_OFFICIAL,6188.2731716029975,6188.273171601292,-1.7053025658242404e-09,-2.7557002067226168e-11
China,Male,60-64 years,Incidence,2004,28.00723908615,22390310.231611054,derived_proxy_NOT_OFFICIAL,6270.907718698525,6270.907718698014,-5.111360223963857e-10,-8.15090965016573e-12
China,Male,60-64 years,Incidence,2005,28.00081122709,22848654.007038247,derived_proxy_NOT_OFFICIAL,6397.80847644241,6397.808476441714,-6.957634468562901e-10,-1.0875027744550099e-11
China,Male,60-64 years,Incidence,2006,27.91496692984,23779042.166331276,derived_proxy_NOT_OFFICIAL,6637.911756965531,6637.911756964085,-1.446096575818956e-09,-2.178541428034933e-11
China,Male,60-64 years,Incidence,2007,27.79673570528,25020907.660483945,derived_proxy_NOT_OFFICIAL,6954.995573446916,6954.9955734468795,-3.637978807091713e-11,-5.230742088436327e-13
China,Male,60-64 years,Incidence,2008,27.81183922917,25988574.264292926,derived_proxy_NOT_OFFICIAL,7227.900492340591,7227.900492338599,-1.991793396882713e-09,-2.7557011873550516e-11
China,Male,60-64 years,Incidence,2009,27.87366016364,28545447.40573976,derived_proxy_NOT_OFFICIAL,7956.661002068651,7956.66100206649,-2.1609594114124775e-09,-2.7159123793896084e-11
China,Male,60-64 years,Incidence,2010,27.91102374922,30008106.877349153,derived_proxy_NOT_OFFICIAL,8375.569837229159,8375.569837228242,-9.167706593871117e-10,-1.0945770582821641e-11
China,Male,60-64 years,Incidence,2011,27.81339771952,31734698.308979437,derived_proxy_NOT_OFFICIAL,8826.49785576835,8826.49785576624,-2.1100277081131935e-09,-2.3905604947654687e-11
China,Male,60-64 years,Incidence,2012,27.64689800704,33383503.27022884,derived_proxy_NOT_OFFICIAL,9229.503100298178,9229.50310029703,-1.1477823136374354e-09,-1.2436014172857843e-11
China,Male,60-64 years,Incidence,2013,27.37346312256,35754729.11189727,derived_proxy_NOT_OFFICIAL,9787.307588018088,9787.307588016423,-1.6643753042444587e-09,-1.700544597456032e-11
China,Male,60-64 years,Incidence,2014,27.1323174555,37139908.13165426,derived_proxy_NOT_OFFICIAL,10076.917776963715,10076.917776961494,-2.2209860617294908e-09,-2.204033128866809e-11
China,Male,60-64 years,Incidence,2015,27.02946271201,39523937.59906569,derived_proxy_NOT_OFFICIAL,10683.1079756606,10683.107975657562,-3.0377123039215803e-09,-2.8434724340916724e-11
China,Male,60-64 years,Incidence,2016,27.106979593690003,40915548.390418574,derived_proxy_NOT_OFFICIAL,11090.969352838118,11090.96935283712,-9.968061931431293e-10,-8.98754799000551e-12
China,Male,60-64 years,Incidence,2017,27.21877053364,41371121.119879365,derived_proxy_NOT_OFFICIAL,11260.710524817903,11260.710524814238,-3.665263648144901e-09,-3.2549133023772244e-11
China,Male,60-64 years,Incidence,2018,27.331260469440004,40493149.64473781,derived_proxy_NOT_OFFICIAL,11067.288201686828,11067.28820168341,-3.4178810892626643e-09,-3.088273321319784e-11
China,Male,60-64 years,Incidence,2019,27.43291040502,38828570.39026886,derived_proxy_NOT_OFFICIAL,10651.806926713783,10651.806926712581,-1.2023519957438111e-09,-1.1287774966408933e-11
China,Male,60-64 years,Incidence,2020,27.50386656304,37225842.23180565,derived_proxy_NOT_OFFICIAL,10238.5459744067,10238.545974403618,-3.081368049606681e-09,-3.009575829721504e-11
China,Male,60-64 years,Incidence,2021,27.777629729540003,36621902.25923216,derived_proxy_NOT_OFFICIAL,10172.696409486034,10172.696409483555,-2.4792825570330024e-09,-2.437193107150109e-11
China,Male,60-64 years,Incidence,2022,28.03712744479,37618505.6116382,derived_proxy_NOT_OFFICIAL,10547.14836116245,10547.148361160482,-1.9681465346366167e-09,-1.8660461266325624e-11
China,Male,60-64 years,Incidence,2023,27.61463372235,40529237.205997564,derived_proxy_NOT_OFFICIAL,11192.00040489871,11192.000404898627,-8.36735125631094e-11,-7.476189200858652e-13
China,Male,65-69 years,Incidence,1990,20.08208453982,13474959.733642157,derived_proxy_NOT_OFFICIAL,2706.052805417143,2706.0528054167216,-4.2155079427175224e-10,-1.557806977853004e-11
China,Male,65-69 years,Incidence,1991,20.0847399451,13874865.755250897,derived_proxy_NOT_OFFICIAL,2786.7307046746323,2786.730704673878,-7.54425855120644e-10,-2.7072076029991846e-11
China,Male,65-69 years,Incidence,1992,20.0829977126,14268332.460147899,derived_proxy_NOT_OFFICIAL,2865.508881597831,2865.508881597666,-1.6507328837178648e-10,-5.760697146390985e-12
China,Male,65-69 years,Incidence,1993,20.08002215868,14714158.167485893,derived_proxy_NOT_OFFICIAL,2954.6062204953723,2954.60622049439,-9.822542779147625e-10,-3.3244845661702994e-11
China,Male,65-69 years,Incidence,1994,20.07723504744,15170903.175962474,derived_proxy_NOT_OFFICIAL,3045.8978894580464,3045.8978894575257,-5.206857167650014e-10,-1.709465437325105e-11
China,Male,65-69 years,Incidence,1995,20.07281238438,15648011.11439674,derived_proxy_NOT_OFFICIAL,3140.9959128801047,3140.9959128797877,-3.169589035678655e-10,-1.0091032028030663e-11
China,Male,65-69 years,Incidence,1996,20.04652446983,16098174.687841646,derived_proxy_NOT_OFFICIAL,3227.124527994725,3227.1245279941545,-5.707079253625125e-10,-1.7684719644740194e-11
China,Male,65-69 years,Incidence,1997,19.99301058575,16514280.215371797,derived_proxy_NOT_OFFICIAL,3301.7017916211785,3301.7017916197015,-1.4770193956792355e-09,-4.4735093866669275e-11
China,Male,65-69 years,Incidence,1998,19.93404018691,16898248.49494248,derived_proxy_NOT_OFFICIAL,3368.5036458665013,3368.503645865748,-7.53516360418871e-10,-2.2369468453552448e-11
China,Male,65-69 years,Incidence,1999,19.88414876918,17361102.320724886,derived_proxy_NOT_OFFICIAL,3452.1074134224737,3452.107413422498,2.4556356947869062e-11,7.113439417437913e-13
China,Male,65-69 years,Incidence,2000,19.85816276285,17770110.778992854,derived_proxy_NOT_OFFICIAL,3528.8175216324544,3528.8175216311533,-1.3010321708861738e-09,-3.686878573092971e-11
China,Male,65-69 years,Incidence,2001,19.87567689975,18226513.712800235,derived_proxy_NOT_OFFICIAL,3622.642975646467,3622.6429756448024,-1.6648300515953451e-09,-4.595622761578522e-11
China,Male,65-69 years,Incidence,2002,19.92114301968,18654128.60316847,derived_proxy_NOT_OFFICIAL,3716.115638112721,3716.1156381122255,-4.956746124662459e-10,-1.3338514210445315e-11
China,Male,65-69 years,Incidence,2003,19.97300790521,18943448.855130058,derived_proxy_NOT_OFFICIAL,3783.576537355129,3783.5765373545396,-5.893525667488575e-10,-1.5576599572658266e-11
China,Male,65-69 years,Incidence,2004,20.01778612675,19119652.817207545,derived_proxy_NOT_OFFICIAL,3827.331209127385,3827.3312091257376,-1.6475496522616595e-09,-4.304695784709193e-11
China,Male,65-69 years,Incidence,2005,20.04604397649,19269779.71457249,derived_proxy_NOT_OFFICIAL,3862.828515757655,3862.828515755951,-1.7043930711224675e-09,-4.4122928682174955e-11
China,Male,65-69 years,Incidence,2006,20.04997957036,19399705.098488916,derived_proxy_NOT_OFFICIAL,3889.636908958642,3889.6369089571153,-1.52658685692586e-09,-3.924754141986398e-11
China,Male,65-69 years,Incidence,2007,20.0405684581,19593174.10449274,derived_proxy_NOT_OFFICIAL,3926.583469527178,3926.5834695255894,-1.5884324966464192e-09,-4.045329760525099e-11
China,Male,65-69 years,Incidence,2008,20.01468381023,19988032.771900058,derived_proxy_NOT_OFFICIAL,4000.541559181001,4000.5415591809474,-5.3660187404602766e-11,-1.3413230836574083e-12
China,Male,65-69 years,Incidence,2009,19.9734148812,20330592.692753863,derived_proxy_NOT_OFFICIAL,4060.7136263318807,4060.71362633066,-1.2205418897792697e-09,-3.005732494566006e-11
China,Male,65-69 years,Incidence,2010,19.90927898929,20842027.17881405,derived_proxy_NOT_OFFICIAL,4149.497338055683,4149.497338053738,-1.9454091670922935e-09,-4.688300795497914e-11
China,Male,65-69 years,Incidence,2011,19.76002955026,21766596.93098338,derived_proxy_NOT_OFFICIAL,4301.085985648884,4301.085985648302,-5.820766091346741e-10,-1.3533247442084303e-11
China,Male,65-69 years,Incidence,2012,19.53302934684,22959160.573502026,derived_proxy_NOT_OFFICIAL,4484.619572611611,4484.61957261027,-1.3415046851150692e-09,-2.991345560965489e-11
China,Male,65-69 years,Incidence,2013,19.39735656627,23876431.752058286,derived_proxy_NOT_OFFICIAL,4631.39660225063,4631.396602248853,-1.7771526472643018e-09,-3.8371851946358754e-11
China,Male,65-69 years,Incidence,2014,19.33076239313,26259532.519643463,derived_proxy_NOT_OFFICIAL,5076.167836920433,5076.167836918981,-1.4515535440295935e-09,-2.8595460013595805e-11
China,Male,65-69 years,Incidence,2015,19.32822206568,27592730.784384944,derived_proxy_NOT_OFFICIAL,5333.1842799935175,5333.184279991168,-2.3492248146794736e-09,-4.404919634020839e-11
China,Male,65-69 years,Incidence,2016,19.35981098261,29173872.205234222,derived_proxy_NOT_OFFICIAL,5648.006515242214,5648.006515241541,-6.730260793119669e-10,-1.191617037791438e-11
China,Male,65-69 years,Incidence,2017,19.44574293208,30683573.45315411,derived_proxy_NOT_OFFICIAL,5966.648816078045,5966.648816076291,-1.7535057850182056e-09,-2.9388453034023335e-11
China,Male,65-69 years,Incidence,2018,19.49620128422,32880637.941508465,derived_proxy_NOT_OFFICIAL,6410.47535661385,6410.475356612102,-1.748048816807568e-09,-2.7268630164907535e-11
China,Male,65-69 years,Incidence,2019,19.54619180148,34256135.68362121,derived_proxy_NOT_OFFICIAL,6695.769984496948,6695.769984495834,-1.114131009671837e-09,-1.6639326205222707e-11
China,Male,65-69 years,Incidence,2020,19.6074948913,36576834.49020493,derived_proxy_NOT_OFFICIAL,7171.800954068308,7171.800954066189,-2.119122655130923e-09,-2.9547984790749385e-11
China,Male,65-69 years,Incidence,2021,19.87036715269,37987233.3401345,derived_proxy_NOT_OFFICIAL,7548.202735836939,7548.20273583379,-3.1486706575378776e-09,-4.1714177105879705e-11
China,Male,65-69 years,Incidence,2022,20.09090916315,38482612.79962224,derived_proxy_NOT_OFFICIAL,7731.5067811808285,7731.506781178838,-1.99088390218094e-09,-2.575027040042088e-11
China,Male,65-69 years,Incidence,2023,19.78093171165,37699359.74912062,derived_proxy_NOT_OFFICIAL,7457.284607706076,7457.284607702817,-3.258719516452402e-09,-4.3698473209470435e-11
China,Male,70+ years,Incidence,1990,7.611105157420001,16501533.547751429,derived_proxy_NOT_OFFICIAL,1255.9490709059187,1255.9490709063004,3.8176040106918663e-10,3.0396168914223734e-11
China,Male,70+ years,Incidence,1991,7.57552145709,17128764.805440888,derived_proxy_NOT_OFFICIAL,1297.5932531699834,1297.5932531706546,6.71207089908421e-10,5.172707921135388e-11
China,Male,70+ years,Incidence,1992,7.54227153794,17787943.7614799,derived_proxy_NOT_OFFICIAL,1341.6150195067223,1341.6150195068722,1.4983925211708993e-10,1.1168572946670052e-11
China,Male,70+ years,Incidence,1993,7.51876908222,18450280.94833517,derived_proxy_NOT_OFFICIAL,1387.2340195252625,1387.234019526152,8.894858183339238e-10,6.411937753936589e-11
China,Male,70+ years,Incidence,1994,7.52200392353,19154113.563754372,derived_proxy_NOT_OFFICIAL,1440.773173782696,1440.7731737829956,2.9967850423417985e-10,2.0799839259040697e-11
China,Male,70+ years,Incidence,1995,7.50945097731,19919832.673861124,derived_proxy_NOT_OFFICIAL,1495.8700694066772,1495.8700694057811,-8.960796549217775e-10,-5.99035754005827e-11
China,Male,70+ years,Incidence,1996,7.46841539242,20709814.490325578,derived_proxy_NOT_OFFICIAL,1546.6949731361724,1546.694973137103,9.306404535891488e-10,6.016961778198101e-11
China,Male,70+ years,Incidence,1997,7.415980698349999,21553481.25314992,derived_proxy_NOT_OFFICIAL,1598.4020095550425,1598.4020095560836,1.0411440598545596e-09,6.513655848971247e-11
China,Male,70+ years,Incidence,1998,7.374529586059999,22458438.14753163,derived_proxy_NOT_OFFICIAL,1656.2041657562556,1656.2041657567052,4.495177563512698e-10,2.7141445822050028e-11
China,Male,70+ years,Incidence,1999,7.34181150898,23412727.779357664,derived_proxy_NOT_OFFICIAL,1718.9183426711968,1718.9183426710385,-1.5825207810848951e-10,-9.206491907147025e-12
China,Male,70+ years,Incidence,2000,7.31066201079,24435127.80814591,derived_proxy_NOT_OFFICIAL,1786.3696059577612,1786.3696059581061,3.4492586564738303e-10,1.9308762559383738e-11
China,Male,70+ years,Incidence,2001,7.28110236223,25454287.777794875,derived_proxy_NOT_OFFICIAL,1853.3527486776184,1853.352748677845,2.2669155441690236e-10,1.2231430556252637e-11
China,Male,70+ years,Incidence,2002,7.24829626015,26507902.96313858,derived_proxy_NOT_OFFICIAL,1921.3713391212807,1921.3713391213646,8.390088623855263e-11,4.366718943404445e-12
China,Male,70+ years,Incidence,2003,7.2101367933,27619870.738099955,derived_proxy_NOT_OFFICIAL,1991.4304623496432,1991.4304623496453,2.0463630789890885e-12,1.0275845015319449e-13
China,Male,70+ years,Incidence,2004,7.17398902922,28887527.594010875,derived_proxy_NOT_OFFICIAL,2072.3880604080164,2072.3880604072406,-7.757989806123078e-10,-3.7435024618872144e-11
China,Male,70+ years,Incidence,2005,7.1109035951,30216308.164561898,derived_proxy_NOT_OFFICIAL,2148.652543581796,2148.652543580327,-1.4692886907141656e-09,-6.838186542086821e-11
China,Male,70+ years,Incidence,2006,7.04712545127,31600064.077251885,derived_proxy_NOT_OFFICIAL,2226.896158207124,2226.8961582056463,-1.477474143030122e-09,-6.634679114178533e-11
China,Male,70+ years,Incidence,2007,6.97382894045,32962839.75877381,derived_proxy_NOT_OFFICIAL,2298.7720586925,2298.772058691527,-9.731593308970332e-10,-4.233387678509319e-11
China,Male,70+ years,Incidence,2008,6.87610342498,34201080.807504356,derived_proxy_NOT_OFFICIAL,2351.701688785245,2351.7016887849845,-2.6057023205794394e-10,-1.1080071647715644e-11
China,Male,70+ years,Incidence,2009,6.755203131859999,35429544.17308059,derived_proxy_NOT_OFFICIAL,2393.3376775849447,2393.337677583662,-1.2828422768507153e-09,-5.360055494322048e-11
China,Male,70+ years,Incidence,2010,6.629654531549999,36664038.8669063,derived_proxy_NOT_OFFICIAL,2430.6991141901945,2430.6991141891067,-1.0877556633204222e-09,-4.475073269950222e-11
China,Male,70+ years,Incidence,2011,6.4898864972600006,37926062.19234894,derived_proxy_NOT_OFFICIAL,2461.358389163545,2461.358389163684,1.3915268937125802e-10,5.653491583505113e-12
China,Male,70+ years,Incidence,2012,6.3421062288800005,39255094.77408615,derived_proxy_NOT_OFFICIAL,2489.599810819998,2489.599810820065,6.730260793119669e-11,2.7033504597282753e-12
China,Male,70+ years,Incidence,2013,6.21877127476,40700206.554468274,derived_proxy_NOT_OFFICIAL,2531.0527539777504,2531.0527539772597,-4.906723916064948e-10,-1.938609895962714e-11
China,Male,70+ years,Incidence,2014,6.09351453759,42107634.224995345,derived_proxy_NOT_OFFICIAL,2565.834812935287,2565.8348129353135,2.637534635141492e-11,1.0279440523001482e-12
China,Male,70+ years,Incidence,2015,6.01361377138,43619126.79125077,derived_proxy_NOT_OFFICIAL,2623.085815673457,2623.0858156743598,9.026734915096313e-10,3.441265573989148e-11
China,Male,70+ years,Incidence,2016,6.00210249767,45396685.99484053,derived_proxy_NOT_OFFICIAL,2724.755623956813,2724.7556239557307,-1.0822986951097846e-09,-3.972094545264581e-11
China,Male,70+ years,Incidence,2017,6.032459385939999,47319908.99504952,derived_proxy_NOT_OFFICIAL,2854.554291590406,2854.554291590131,-2.751221472863108e-10,-9.638007169694689e-12
China,Male,70+ years,Incidence,2018,6.06966646678,49067207.32132177,derived_proxy_NOT_OFFICIAL,2978.215828965666,2978.2158289676886,2.0227162167429924e-09,6.791704607404097e-11
China,Male,70+ years,Incidence,2019,6.25382839466,52211937.95936268,derived_proxy_NOT_OFFICIAL,3265.245001505455,3265.245001504886,-5.688889359589666e-10,-1.7422549784064532e-11
China,Male,70+ years,Incidence,2020,6.31459411104,54668767.07588561,derived_proxy_NOT_OFFICIAL,3452.110746353768,3452.1107463520466,-1.7212187231052667e-09,-4.985989296326238e-11
China,Male,70+ years,Incidence,2021,6.425445635320001,57613970.165288955,derived_proxy_NOT_OFFICIAL,3701.9543313213953,3701.9543313201266,-1.2687451089732349e-09,-3.427230579909294e-11
China,Male,70+ years,Incidence,2022,6.52496222083,60522465.00631058,derived_proxy_NOT_OFFICIAL,3949.067976776552,3949.067976776823,2.710294211283326e-10,6.8631237224121385e-12
China,Male,70+ years,Incidence,2023,6.50251011794,63853187.579926156,derived_proxy_NOT_OFFICIAL,4152.059983009724,4152.059983011905,2.180968294851482e-09,5.25273792713985e-11
China,Female,15-19 years,Incidence,1990,26.74315823869,61796263.46390657,derived_proxy_NOT_OFFICIAL,16526.272523752876,16526.27252375031,-2.5647750589996576e-09,-1.5519380158552745e-11
China,Female,15-19 years,Incidence,1991,26.81943775833,59125902.55618613,derived_proxy_NOT_OFFICIAL,15857.23463510713,15857.234635107186,5.638867150992155e-11,3.556021765931358e-13
China,Female,15-19 years,Incidence,1992,26.89619770177,56107741.03579761,derived_proxy_NOT_OFFICIAL,15090.848954986424,15090.84895498526,-1.1641532182693481e-09,-7.714299054624626e-12
China,Female,15-19 years,Incidence,1993,26.96968781957,53152124.36711848,derived_proxy_NOT_OFFICIAL,14334.962011286032,14334.96201128145,-4.5820343075320125e-09,-3.1964049182164135e-11
China,Female,15-19 years,Incidence,1994,27.03633820294,50737055.65679725,derived_proxy_NOT_OFFICIAL,13717.441961588913,13717.441961585608,-3.3051037462428212e-09,-2.409416971107043e-11
China,Female,15-19 years,Incidence,1995,27.0959867659,49044530.4442822,derived_proxy_NOT_OFFICIAL,13289.099478580734,13289.099478580501,-2.3283064365386963e-10,-1.7520422962379371e-12
China,Female,15-19 years,Incidence,1996,27.16298794033,47944575.83326172,derived_proxy_NOT_OFFICIAL,13023.179351635015,13023.179351631254,-3.761670086532831e-09,-2.8884422036778342e-11
China,Female,15-19 years,Incidence,1997,27.23436187032,47341073.73786944,derived_proxy_NOT_OFFICIAL,12893.039335067566,12893.03933506639,-1.1750671546906233e-09,-9.113965482867779e-12
China,Female,15-19 years,Incidence,1998,27.29791671817,47460112.425857455,derived_proxy_NOT_OFFICIAL,12955.621964361591,12955.62196436042,-1.1714291758835316e-09,-9.041859812719965e-12
China,Female,15-19 years,Incidence,1999,27.343881900680003,48512200.55640106,derived_proxy_NOT_OFFICIAL,13265.118827563005,13265.118827563334,3.292370820418e-10,2.481976123407902e-12
China,Female,15-19 years,Incidence,2000,27.36373836313,50578077.710189365,derived_proxy_NOT_OFFICIAL,13840.052853717682,13840.05285371679,-8.913048077374697e-10,-6.440039045790563e-12
China,Female,15-19 years,Incidence,2001,27.323994553170003,53648147.67386716,derived_proxy_NOT_OFFICIAL,14658.816948287173,14658.81694828406,-3.1122908694669604e-09,-2.1231528304408085e-11
China,Female,15-19 years,Incidence,2002,27.2146000786,57115473.84062582,derived_proxy_NOT_OFFICIAL,15543.747788727756,15543.747788723716,-4.039975465275347e-09,-2.5990999855293047e-11
China,Female,15-19 years,Incidence,2003,27.06729759314,60235739.03710461,derived_proxy_NOT_OFFICIAL,16304.186742603864,16304.186742600308,-3.5561242839321494e-09,-2.181111109724825e-11
China,Female,15-19 years,Incidence,2004,26.91561328166,62357017.06363928,derived_proxy_NOT_OFFICIAL,16783.773566830798,16783.773566827887,-2.9103830456733704e-09,-1.7340457043730984e-11
China,Female,15-19 years,Incidence,2005,26.79340702291,62996041.29626687,derived_proxy_NOT_OFFICIAL,16878.78575283104,16878.78575282925,-1.7898855730891228e-09,-1.0604350332421924e-11
China,Female,15-19 years,Incidence,2006,26.685196009420004,61835224.167568624,derived_proxy_NOT_OFFICIAL,16500.850771983,16500.850771979935,-3.066816134378314e-09,-1.8585806130587517e-11
China,Female,15-19 years,Incidence,2007,26.56893758629,59316291.05912571,derived_proxy_NOT_OFFICIAL,15759.708350001594,15759.708350001225,-3.6925484891980886e-10,-2.3430309795026855e-12
China,Female,15-19 years,Incidence,2008,26.45729156012,55877808.87527764,derived_proxy_NOT_OFFICIAL,14783.754811541829,14783.754811538816,-3.0122464522719383e-09,-2.0375381563554117e-11
China,Female,15-19 years,Incidence,2009,26.36222745351,51957905.84769013,derived_proxy_NOT_OFFICIAL,13697.261319652587,13697.261319648642,-3.945388016290963e-09,-2.8804210741239126e-11
China,Female,15-19 years,Incidence,2010,26.29547559346,48088420.7858348,derived_proxy_NOT_OFFICIAL,12645.078951021907,12645.078951019535,-2.371962182223797e-09,-1.87579863392795e-11
China,Female,15-19 years,Incidence,2011,26.23856051626,44792437.2122288,derived_proxy_NOT_OFFICIAL,11752.890744640772,11752.890744638416,-2.355591277591884e-09,-2.0042654430919608e-11
China,Female,15-19 years,Incidence,2012,26.172603459980003,42050174.39649069,derived_proxy_NOT_OFFICIAL,11005.625399025905,11005.62539902355,-2.355591277591884e-09,-2.1403520401488267e-11
China,Female,15-19 years,Incidence,2013,26.11590944,39723738.87166913,derived_proxy_NOT_OFFICIAL,10374.21566990893,10374.215669907187,-1.7425918485969305e-09,-1.6797335856930647e-11
China,Female,15-19 years,Incidence,2014,26.08800968953,37737124.489577964,derived_proxy_NOT_OFFICIAL,9844.864693392788,9844.864693391099,-1.6898411558941007e-09,-1.716469660602048e-11
China,Female,15-19 years,Incidence,2015,26.10844277357,36086983.05742185,derived_proxy_NOT_OFFICIAL,9421.749320255827,9421.749320254885,-9.422365110367537e-10,-1.0000653583629513e-11
China,Female,15-19 years,Incidence,2016,26.17154470923,34802584.9587908,derived_proxy_NOT_OFFICIAL,9108.374082459482,9108.37408245769,-1.7917045624926686e-09,-1.9670959342162468e-11
China,Female,15-19 years,Incidence,2017,26.24773758251,33930977.18811874,derived_proxy_NOT_OFFICIAL,8906.113851518621,8906.113851518738,1.1641532182693481e-10,1.3071393850089208e-12
China,Female,15-19 years,Incidence,2018,26.32168695948,33463613.979658544,derived_proxy_NOT_OFFICIAL,8808.187717055274,8808.18771705451,-7.639755494892597e-10,-8.673470344075156e-12
China,Female,15-19 years,Incidence,2019,26.3808605747,33415818.955237836,derived_proxy_NOT_OFFICIAL,8815.380608476231,8815.380608475469,-7.621565600857139e-10,-8.645758974409788e-12
China,Female,15-19 years,Incidence,2020,26.41613582815,33812915.86969583,derived_proxy_NOT_OFFICIAL,8932.065783596943,8932.065783596936,-7.275957614183426e-12,-8.145884491295581e-14
China,Female,15-19 years,Incidence,2021,26.40789619295,34669430.31894393,derived_proxy_NOT_OFFICIAL,9155.467169315683,9155.467169313846,-1.837179297581315e-09,-2.0066472454170062e-11
China,Female,15-19 years,Incidence,2022,26.403807323290003,35927424.8132707,derived_proxy_NOT_OFFICIAL,9486.208023918229,9486.20802391588,-2.3483153199777007e-09,-2.475504768667029e-11
China,Female,15-19 years,Incidence,2023,26.63167752731,37469550.065319404,derived_proxy_NOT_OFFICIAL,9978.769744333058,9978.769744329838,-3.219611244276166e-09,-3.226461103689242e-11
China,Female,20-24 years,Incidence,1990,41.82697500715,64663632.694886245,derived_proxy_NOT_OFFICIAL,27046.84148600837,27046.841486005345,-3.0231603886932135e-09,-1.1177498822763197e-11
China,Female,20-24 years,Incidence,1991,41.86298549516,63880680.527626336,derived_proxy_NOT_OFFICIAL,26742.360023493256,26742.36002348971,-3.54702933691442e-09,-1.3263710958188965e-11
China,Female,20-24 years,Incidence,1992,41.90576232345,62701919.48230104,derived_proxy_NOT_OFFICIAL,26275.717350496823,26275.717350494066,-2.7575879357755184e-09,-1.0494815037745783e-11
China,Female,20-24 years,Incidence,1993,41.95259372059,61437341.124606,derived_proxy_NOT_OFFICIAL,25774.558114739008,25774.558114738917,-9.094947017729282e-11,-3.5286529364506923e-13
China,Female,20-24 years,Incidence,1994,42.0017749231,59946444.186088085,derived_proxy_NOT_OFFICIAL,25178.57056144499,25178.570561442484,-2.5065673980861902e-09,-9.955161640210044e-12
China,Female,20-24 years,Incidence,1995,42.05024607455,58053509.86939469,derived_proxy_NOT_OFFICIAL,24411.64375499745,24411.643754993638,-3.812601789832115e-09,-1.56179642309077e-11
China,Female,20-24 years,Incidence,1996,42.11184298065,55698481.76047139,derived_proxy_NOT_OFFICIAL,23455.65718157976,23455.657181575694,-4.067260306328535e-09,-1.7340210401449095e-11
China,Female,20-24 years,Incidence,1997,42.19391310218,53041790.22617623,derived_proxy_NOT_OFFICIAL,22380.406875874058,22380.406875873403,-6.548361852765083e-10,-2.925935122218076e-12
China,Female,20-24 years,Incidence,1998,42.28723978707,50439997.30828879,derived_proxy_NOT_OFFICIAL,21329.68261034983,21329.682610347732,-2.0991137716919184e-09,-9.841279919811665e-12
China,Female,20-24 years,Incidence,1999,42.37881399744,48336616.628590204,derived_proxy_NOT_OFFICIAL,20484.48485368665,20484.484853685895,-7.530616130679846e-10,-3.676253605823307e-12
China,Female,20-24 years,Incidence,2000,42.45930590326,46914858.7391842,derived_proxy_NOT_OFFICIAL,19919.723386153284,19919.723386152527,-7.566995918750763e-10,-3.798745480577696e-12
China,Female,20-24 years,Incidence,2001,42.49359573821,46070421.866135836,derived_proxy_NOT_OFFICIAL,19576.978822686386,19576.978822683664,-2.7212081477046013e-09,-1.390004133094931e-11
China,Female,20-24 years,Incidence,2002,42.46104690393,45749129.952482894,derived_proxy_NOT_OFFICIAL,19425.55952726613,19425.55952726365,-2.4811015464365482e-09,-1.2772355632557308e-11
China,Female,20-24 years,Incidence,2003,42.39313085421,46194080.73240049,derived_proxy_NOT_OFFICIAL,19583.11709178634,19583.11709178595,-3.892637323588133e-10,-1.9877516461466724e-12
China,Female,20-24 years,Incidence,2004,42.32566886293,47623767.30352108,derived_proxy_NOT_OFFICIAL,20157.078048943546,20157.07804894066,-2.8849171940237284e-09,-1.4312179508452765e-11
China,Female,20-24 years,Incidence,2005,42.29874683753,50110163.70838763,derived_proxy_NOT_OFFICIAL,21195.97128688708,21195.971286882716,-4.3655745685100555e-09,-2.0596246850036188e-11
China,Female,20-24 years,Incidence,2006,42.33906304258,53596369.39210484,derived_proxy_NOT_OFFICIAL,22692.200625457364,22692.20062545732,-4.3655745685100555e-11,-1.9238215986917165e-13
China,Female,20-24 years,Incidence,2007,42.41388668581,57439156.500632964,derived_proxy_NOT_OFFICIAL,24362.17875146768,24362.178751463533,-4.147295840084553e-09,-1.702350139695409e-11
China,Female,20-24 years,Incidence,2008,42.48436039262,60847078.61734612,derived_proxy_NOT_OFFICIAL,25850.49216817661,25850.492168174147,-2.4629116524010897e-09,-9.52752325324417e-12
China,Female,20-24 years,Incidence,2009,42.5171059259,63122668.6887839,derived_proxy_NOT_OFFICIAL,26837.931909669383,26837.93190966516,-4.223693395033479e-09,-1.5737775210286353e-11
China,Female,20-24 years,Incidence,2010,42.48219990154,63750070.81096414,derived_proxy_NOT_OFFICIAL,27082.43251928808,27082.432519287086,-9.931682143360376e-10,-3.667204611803996e-12
China,Female,20-24 years,Incidence,2011,42.37543607149,62406184.10357879,derived_proxy_NOT_OFFICIAL,26444.89264946926,26444.892649468384,-8.767528925091028e-10,-3.3153959221184395e-12
China,Female,20-24 years,Incidence,2012,42.23922337254,59549375.53855698,derived_proxy_NOT_OFFICIAL,25153.19375068549,25153.19375068378,-1.709850039333105e-09,-6.797745273546057e-12
China,Female,20-24 years,Incidence,2013,42.10209674401,55695793.590577364,derived_proxy_NOT_OFFICIAL,23449.09689985391,23449.096899849,-4.9112713895738125e-09,-2.0944394620180064e-11
China,Female,20-24 years,Incidence,2014,41.99128874531,51381084.38089691,derived_proxy_NOT_OFFICIAL,21575.579502854696,21575.579502853798,-8.985807653516531e-10,-4.164804774920463e-12
China,Female,20-24 years,Incidence,2015,41.93264921156,47230493.27191245,derived_proxy_NOT_OFFICIAL,19804.99706460293,19804.997064600495,-2.433807821944356e-09,-1.2288857271755175e-11
China,Female,20-24 years,Incidence,2016,41.92087478824,43836190.79419997,derived_proxy_NOT_OFFICIAL,18376.514654773226,18376.51465477056,-2.6666384655982256e-09,-1.4511122025555466e-11
China,Female,20-24 years,Incidence,2017,41.92583181236,41113514.33254525,derived_proxy_NOT_OFFICIAL,17237.18287121636,17237.182871213445,-2.914021024480462e-09,-1.6905436614856957e-11
China,Female,20-24 years,Incidence,2018,41.94535580328,38874362.75846508,derived_proxy_NOT_OFFICIAL,16305.989775297649,16305.989775295953,-1.6952981241047382e-09,-1.0396781473964787e-11
China,Female,20-24 years,Incidence,2019,41.979800458,37000427.27526101,derived_proxy_NOT_OFFICIAL,15532.70553876211,15532.705538761978,-1.3096723705530167e-10,-8.43170796796932e-13
China,Female,20-24 years,Incidence,2020,42.030066870830005,35451003.18540919,derived_proxy_NOT_OFFICIAL,14900.08034520885,14900.080345207558,-1.291482476517558e-09,-8.66762088925807e-12
China,Female,20-24 years,Incidence,2021,42.16390801012,34224560.90659714,derived_proxy_NOT_OFFICIAL,14430.412377527196,14430.412377525108,-2.0881998352706432e-09,-1.4470825785426919e-11
China,Female,20-24 years,Incidence,2022,42.2862289082,33387627.22082627,derived_proxy_NOT_OFFICIAL,14118.368473615204,14118.368473615092,-1.127773430198431e-10,-7.98798694272674e-13
China,Female,20-24 years,Incidence,2023,42.06706213922,32946413.46019198,derived_proxy_NOT_OFFICIAL,13859.58822294426,13859.588222943301,-9.586074156686664e-10,-6.916564909783624e-12
China,Female,25-29 years,Incidence,1990,34.13182480519,53595033.365452275,derived_proxy_NOT_OFFICIAL,18292.96289258269,18292.962892579297,-3.394234227016568e-09,-1.8554863129323022e-11
China,Female,25-29 years,Incidence,1991,33.87162892252,57955566.76128641,derived_proxy_NOT_OFFICIAL,19630.49451332899,19630.494513326274,-2.7175701688975096e-09,-1.3843615437462847e-11
China,Female,25-29 years,Incidence,1992,33.660994276580006,61187479.08531362,derived_proxy_NOT_OFFICIAL,20596.31383289649,20596.313832891003,-5.486072041094303e-09,-2.6636183957985405e-11
China,Female,25-29 years,Incidence,1993,33.503783997090004,62771621.02135896,derived_proxy_NOT_OFFICIAL,21030.868318471305,21030.86831846805,-3.255991032347083e-09,-1.548196195725957e-11
China,Female,25-29 years,Incidence,1994,33.40639979238,63172481.6080246,derived_proxy_NOT_OFFICIAL,21103.65176474761,21103.651764744423,-3.1868694350123405e-09,-1.5101033084405872e-11
China,Female,25-29 years,Incidence,1995,33.37193440612,62800091.56900246,derived_proxy_NOT_OFFICIAL,20957.60536539289,20957.605365390795,-2.0954757928848267e-09,-9.99864133497364e-12
China,Female,25-29 years,Incidence,1996,33.419956355450005,61922645.67891607,derived_proxy_NOT_OFFICIAL,20694.52116003372,20694.5211600337,-2.1827872842550278e-11,-1.0547657843229222e-13
China,Female,25-29 years,Incidence,1997,33.54613358171,60972040.95658209,derived_proxy_NOT_OFFICIAL,20453.7623067954,20453.762306789962,-5.438778316602111e-09,-2.6590600961443522e-11
China,Female,25-29 years,Incidence,1998,33.704363082440004,60111470.56840821,derived_proxy_NOT_OFFICIAL,20260.18829457598,20260.188294570366,-5.613401299342513e-09,-2.7706560362251534e-11
China,Female,25-29 years,Incidence,1999,33.85153235847,59083653.73031867,derived_proxy_NOT_OFFICIAL,20000.72216108887,20000.722161085196,-3.67435859516263e-09,-1.837112963006428e-11
China,Female,25-29 years,Incidence,2000,33.94415911046,57613619.09880635,derived_proxy_NOT_OFFICIAL,19556.458536195296,19556.4585361932,-2.0954757928848267e-09,-1.0715006446624773e-11
China,Female,25-29 years,Incidence,2001,34.00447356603,55562570.695672125,derived_proxy_NOT_OFFICIAL,18893.759664819303,18893.75966481656,-2.7430360205471516e-09,-1.4518211669934384e-11
China,Female,25-29 years,Incidence,2002,34.07630836917,53117323.57987939,derived_proxy_NOT_OFFICIAL,18100.42298053376,18100.42298052955,-4.209141479805112e-09,-2.3254381869041767e-11
China,Female,25-29 years,Incidence,2003,34.151893155850004,50661917.83899528,derived_proxy_NOT_OFFICIAL,17302.004051082728,17302.00405107818,-4.547473508864641e-09,-2.628292939614743e-11
China,Female,25-29 years,Incidence,2004,34.220894700600006,48668201.34711155,derived_proxy_NOT_OFFICIAL,16654.693935673695,16654.69393567104,-2.6557245291769505e-09,-1.5945802062975732e-11
China,Female,25-29 years,Incidence,2005,34.274773844150005,47336706.61194,derived_proxy_NOT_OFFICIAL,16224.54913651142,16224.549136511236,-1.837179297581315e-10,-1.1323453626498387e-12
China,Female,25-29 years,Incidence,2006,34.30926783138,46558493.99877336,derived_proxy_NOT_OFFICIAL,15973.87840429748,15973.878404296136,-1.344233169220388e-09,-8.415195954282127e-12
China,Female,25-29 years,Incidence,2007,34.32497105614,46274721.10457443,derived_proxy_NOT_OFFICIAL,15883.78462545489,15883.78462545468,-2.091837814077735e-10,-1.3169643528944711e-12
China,Female,25-29 years,Incidence,2008,34.33095405384,46722952.64972362,derived_proxy_NOT_OFFICIAL,16040.43540677434,16040.435406774037,-3.0377123039215803e-10,-1.8937841940616316e-12
China,Female,25-29 years,Incidence,2009,34.33688917886,48126586.27388618,derived_proxy_NOT_OFFICIAL,16525.172594435015,16525.172594432745,-2.270098775625229e-09,-1.3737216737994633e-11
China,Female,25-29 years,Incidence,2010,34.35315818847,50562088.737522006,derived_proxy_NOT_OFFICIAL,17369.674327397723,17369.674327395507,-2.215529093518853e-09,-1.2755156209372509e-11
China,Female,25-29 years,Incidence,2011,34.40042340022,53963867.06561394,derived_proxy_NOT_OFFICIAL,18563.79875370764,18563.79875370307,-4.5693013817071915e-09,-2.4614042860137078e-11
China,Female,25-29 years,Incidence,2012,34.47220396307,57626222.25170167,derived_proxy_NOT_OFFICIAL,19865.028870823,19865.02887081863,-4.369212547317147e-09,-2.1994493819913248e-11
China,Female,25-29 years,Incidence,2013,34.54281043903,60706767.597969085,derived_proxy_NOT_OFFICIAL,20969.82365503277,20969.823655028948,-3.82351572625339e-09,-1.8233418597851415e-11
China,Female,25-29 years,Incidence,2014,34.5864767563,62486393.5245924,derived_proxy_NOT_OFFICIAL,21611.84197223664,21611.841972233302,-3.3396645449101925e-09,-1.5452938019815466e-11
China,Female,25-29 years,Incidence,2015,34.57743974355,62476429.67089323,derived_proxy_NOT_OFFICIAL,21602.749823376635,21602.7498233745,-2.1354935597628355e-09,-9.885285795662866e-12
China,Female,25-29 years,Incidence,2016,34.50092285004,60437996.972678244,derived_proxy_NOT_OFFICIAL,20851.66670765656,20851.666707653232,-3.3287506084889174e-09,-1.5963954609281316e-11
China,Female,25-29 years,Incidence,2017,34.38408833093,56979362.769863695,derived_proxy_NOT_OFFICIAL,19591.83442519393,19591.834425190977,-2.954038791358471e-09,-1.5077908108286956e-11
China,Female,25-29 years,Incidence,2018,34.2580665423,52712314.37483065,derived_proxy_NOT_OFFICIAL,18058.219734516755,18058.21973451585,-9.058567229658365e-10,-5.016312439893332e-12
China,Female,25-29 years,Incidence,2019,34.1537818117,48210372.4859419,derived_proxy_NOT_OFFICIAL,16465.665429459004,16465.665429456447,-2.557499101385474e-09,-1.5532315486076918e-11
China,Female,25-29 years,Incidence,2020,34.10168619957,44085147.16580543,derived_proxy_NOT_OFFICIAL,15033.778547102727,15033.778547101592,-1.1350493878126144e-09,-7.549994063411014e-12
China,Female,25-29 years,Incidence,2021,34.191502542280006,40883258.12197943,derived_proxy_NOT_OFFICIAL,13978.60024014667,13978.600240143494,-3.1759554985910654e-09,-2.272012536326557e-11
China,Female,25-29 years,Incidence,2022,34.259811383220004,38411810.153980605,derived_proxy_NOT_OFFICIAL,13159.81370763789,13159.813707634306,-3.5834091249853373e-09,-2.722993808723557e-11
China,Female,25-29 years,Incidence,2023,33.5375508766,36427218.19631554,derived_proxy_NOT_OFFICIAL,12216.796835522127,12216.796835519419,-2.7084752218797803e-09,-2.2170093014925907e-11
China,Female,30-34 years,Incidence,1990,26.79300414951,42338691.994530685,derived_proxy_NOT_OFFICIAL,11343.807502943791,11343.807502942866,-9.258656064048409e-10,-8.161859288995982e-12
China,Female,30-34 years,Incidence,1991,26.614432271410003,41427170.0021604,derived_proxy_NOT_OFFICIAL,11025.6061021873,11025.60610218686,-4.383764462545514e-10,-3.975985013355272e-12
China,Female,30-34 years,Incidence,1992,26.46573596414,42292965.59781191,derived_proxy_NOT_OFFICIAL,11193.14460652514,11193.144606521464,-3.676177584566176e-09,-3.2843117048832875e-11
China,Female,30-34 years,Incidence,1993,26.36105546858,45367493.24272607,derived_proxy_NOT_OFFICIAL,11959.350058420512,11959.3500584193,-1.2114469427615404e-09,-1.0129705517805855e-11
China,Female,30-34 years,Incidence,1994,26.29876155724,49638863.690028556,derived_proxy_NOT_OFFICIAL,13054.406401564029,13054.406401563994,-3.456079866737127e-11,-2.647443139446815e-13
China,Female,30-34 years,Incidence,1995,26.27848959777,54156956.481504485,derived_proxy_NOT_OFFICIAL,14231.6301754637,14231.630175460983,-2.7175701688975096e-09,-1.909528378261814e-11
China,Female,30-34 years,Incidence,1996,26.32190853033,58185270.54355438,derived_proxy_NOT_OFFICIAL,15315.473690601048,15315.47369059943,-1.6170815797522664e-09,-1.0558482306326922e-11
China,Female,30-34 years,Incidence,1997,26.42480375746,61121250.860686764,derived_proxy_NOT_OFFICIAL,16151.17059404292,16151.170594041309,-1.6116246115416288e-09,-9.978376503162246e-12
China,Female,30-34 years,Incidence,1998,26.55030626529,62485074.54062192,derived_proxy_NOT_OFFICIAL,16589.978660630517,16589.97866062987,-6.475602276623249e-10,-3.903321643198026e-12
China,Female,30-34 years,Incidence,1999,26.66648045715,62768411.3591827,derived_proxy_NOT_OFFICIAL,16738.126148364478,16738.126148359977,-4.500179784372449e-09,-2.6885803969234466e-11
China,Female,30-34 years,Incidence,2000,26.74026244465,62403849.5083336,derived_proxy_NOT_OFFICIAL,16686.95313409382,16686.953134092833,-9.858922567218542e-10,-5.908162195934596e-12
China,Female,30-34 years,Incidence,2001,26.8003764119,61684283.04816845,derived_proxy_NOT_OFFICIAL,16531.620043895717,16531.62004389097,-4.747562343254685e-09,-2.8718070767708685e-11
China,Female,30-34 years,Incidence,2002,26.88985054085,60961206.00839351,derived_proxy_NOT_OFFICIAL,16392.377183560446,16392.377183556684,-3.761670086532831e-09,-2.2947678938874878e-11
China,Female,30-34 years,Incidence,2003,26.984399316860003,60335390.16302041,derived_proxy_NOT_OFFICIAL,16281.142610980674,16281.142610974895,-5.778929335065186e-09,-3.5494617749786416e-11
China,Female,30-34 years,Incidence,2004,27.05926326701,59507782.062831506,derived_proxy_NOT_OFFICIAL,16102.367412740588,16102.36741274013,-4.5838532969355583e-10,-2.8466952588031877e-12
China,Female,30-34 years,Incidence,2005,27.09139750712,58184344.319777474,derived_proxy_NOT_OFFICIAL,15762.952006585016,15762.952006582313,-2.7030182536691427e-09,-1.7147919073406742e-11
China,Female,30-34 years,Incidence,2006,27.064937738750004,56231549.91548745,derived_proxy_NOT_OFFICIAL,15219.03397416488,15219.03397416081,-4.070898285135627e-09,-2.674872986055615e-11
China,Female,30-34 years,Incidence,2007,26.99731807852,53836893.43708356,derived_proxy_NOT_OFFICIAL,14534.517364807476,14534.517364803307,-4.169123712927103e-09,-2.8684294141213316e-11
China,Female,30-34 years,Incidence,2008,26.91934123223,51386285.36530737,derived_proxy_NOT_OFFICIAL,13832.84950405662,13832.849504054557,-2.0627339836210012e-09,-1.491185155318927e-11
China,Female,30-34 years,Incidence,2009,26.86099522736,49357613.947071046,derived_proxy_NOT_OFFICIAL,13257.94632666319,13257.946326661528,-1.6625563148409128e-09,-1.254007426095344e-11
China,Female,30-34 years,Incidence,2010,26.85245360305,47951620.653503194,derived_proxy_NOT_OFFICIAL,12876.18668789247,12876.186687892487,1.6370904631912708e-11,1.2714093876338665e-13
China,Female,30-34 years,Incidence,2011,26.903789370970003,47052272.57158744,derived_proxy_NOT_OFFICIAL,12658.844306917896,12658.844306914578,-3.3178366720676422e-09,-2.6209633293731933e-11
China,Female,30-34 years,Incidence,2012,26.98622974062,46612727.60973961,derived_proxy_NOT_OFFICIAL,12579.017761136744,12579.01776113374,-3.003151505254209e-09,-2.3874292590098225e-11
China,Female,30-34 years,Incidence,2013,27.07651266212,46880006.62092115,derived_proxy_NOT_OFFICIAL,12693.47092871804,12693.47092871641,-1.6298145055770874e-09,-1.2839786018572372e-11
China,Female,30-34 years,Incidence,2014,27.151704262160003,48073688.77104999,derived_proxy_NOT_OFFICIAL,13052.825803028289,13052.825803026715,-1.5734258340671659e-09,-1.2054292747108653e-11
China,Female,30-34 years,Incidence,2015,27.18964619678,50257112.15690745,derived_proxy_NOT_OFFICIAL,13664.7309841835,13664.730984182046,-1.4533725334331393e-09,-1.063593959599624e-11
China,Female,30-34 years,Incidence,2016,27.18389745758,53352155.1987845,derived_proxy_NOT_OFFICIAL,14503.195160648564,14503.195160646515,-2.0481820683926344e-09,-1.4122281646943255e-11
China,Female,30-34 years,Incidence,2017,27.14793491845,56665929.26134114,derived_proxy_NOT_OFFICIAL,15383.629596804758,15383.629596803808,-9.49512468650937e-10,-6.172226539100725e-12
China,Female,30-34 years,Incidence,2018,27.09195054571,59394534.58820323,derived_proxy_NOT_OFFICIAL,16091.137937491005,16091.13793749064,-3.6561687011271715e-10,-2.2721629230513305e-12
China,Female,30-34 years,Incidence,2019,27.02609149219,60870948.985871404,derived_proxy_NOT_OFFICIAL,16451.038365088683,16451.038365085908,-2.775777829810977e-09,-1.687296429690147e-11
China,Female,30-34 years,Incidence,2020,26.9608092751,60654564.70129019,derived_proxy_NOT_OFFICIAL,16352.96150575803,16352.961505756977,-1.053194864653051e-09,-6.440392245051217e-12
China,Female,30-34 years,Incidence,2021,26.85341378006,58534842.42888312,derived_proxy_NOT_OFFICIAL,15718.603442935815,15718.603442934107,-1.7080310499295592e-09,-1.0866302824740927e-11
China,Female,30-34 years,Incidence,2022,26.71088783601,55121181.58570029,derived_proxy_NOT_OFFICIAL,14723.356987242194,14723.356987239802,-2.3919710656628013e-09,-1.62460984117647e-11
China,Female,30-34 years,Incidence,2023,26.2516786941,50991728.29390372,derived_proxy_NOT_OFFICIAL,13386.184672287323,13386.184672284086,-3.2378011383116245e-09,-2.4187632380529344e-11
China,Female,35-39 years,Incidence,1990,22.90492949028,44223891.49821174,derived_proxy_NOT_OFFICIAL,10129.451165527444,10129.451165523331,-4.1127350414171815e-09,-4.060175595113825e-11
China,Female,35-39 years,Incidence,1991,22.94766355422,45779072.15871413,derived_proxy_NOT_OFFICIAL,10505.22745722648,10505.227457225317,-1.1623342288658023e-09,-1.1064341382406147e-11
China,Female,35-39 years,Incidence,1992,22.98765522409,46232752.05157849,derived_proxy_NOT_OFFICIAL,10627.825642225698,10627.82564222526,-4.383764462545514e-10,-4.1247990041615495e-12
China,Female,35-39 years,Incidence,1993,23.01831589019,45125553.11016169,derived_proxy_NOT_OFFICIAL,10387.142362093437,10387.142362092476,-9.604264050722122e-10,-9.246300585781582e-12
China,Female,35-39 years,Incidence,1994,23.03913017834,43092175.68284768,derived_proxy_NOT_OFFICIAL,9928.062452250584,9928.062452250251,-3.3287506084889174e-10,-3.352870335474497e-12
China,Female,35-39 years,Incidence,1995,23.04561988616,41110939.532464676,derived_proxy_NOT_OFFICIAL,9474.270856284267,9474.270856280893,-3.3742253435775638e-09,-3.5614617681522647e-11
China,Female,35-39 years,Incidence,1996,23.03711377735,40263706.305094615,derived_proxy_NOT_OFFICIAL,9275.595832484903,9275.595832482692,-2.2118911147117615e-09,-2.3846350732157794e-11
China,Female,35-39 years,Incidence,1997,23.02372743874,41244398.504208505,derived_proxy_NOT_OFFICIAL,9495.997895357295,9495.997895356724,-5.711626727133989e-10,-6.014772528463249e-12
China,Female,35-39 years,Incidence,1998,23.01598787946,44430543.5151472,derived_proxy_NOT_OFFICIAL,10226.128510226212,10226.12851022448,-1.7316779121756554e-09,-1.6933856350856175e-11
China,Female,35-39 years,Incidence,1999,23.01101926259,48801431.45460871,derived_proxy_NOT_OFFICIAL,11229.706792441664,11229.706792439665,-1.9990693544968963e-09,-1.7801616653449957e-11
China,Female,35-39 years,Incidence,2000,23.01108955915,53405574.76601325,derived_proxy_NOT_OFFICIAL,12289.204638990184,12289.204638986123,-4.0618033381178975e-09,-3.305179999388194e-11
China,Female,35-39 years,Incidence,2001,23.03054818478,57498962.399665594,derived_proxy_NOT_OFFICIAL,13242.326241207422,13242.326241203518,-3.903551260009408e-09,-2.9477836362786103e-11
China,Female,35-39 years,Incidence,2002,23.06832795662,60513128.73629689,derived_proxy_NOT_OFFICIAL,13959.366993701791,13959.366993700625,-1.165972207672894e-09,-8.352615188059452e-12
China,Female,35-39 years,Incidence,2003,23.10868000417,61985326.89593741,derived_proxy_NOT_OFFICIAL,14323.990841926005,14323.990841920899,-5.105903255753219e-09,-3.5645814857744485e-11
China,Female,35-39 years,Incidence,2004,23.14062318843,62392911.302634716,derived_proxy_NOT_OFFICIAL,14438.108500836175,14438.10850083405,-2.1245796233415604e-09,-1.4715082818629022e-11
China,Female,35-39 years,Incidence,2005,23.15327326972,62149244.22741715,derived_proxy_NOT_OFFICIAL,14389.584351045198,14389.584351039573,-5.624315235763788e-09,-3.908601595816951e-11
China,Female,35-39 years,Incidence,2006,23.14013526929,61521519.08099541,derived_proxy_NOT_OFFICIAL,14236.162735067765,14236.162735064394,-3.370587364770472e-09,-2.3676235144936532e-11
China,Female,35-39 years,Incidence,2007,23.11707182318,60856364.57345164,derived_proxy_NOT_OFFICIAL,14068.209507421956,14068.209507421087,-8.694769348949194e-10,-6.180437776649616e-12
China,Female,35-39 years,Incidence,2008,23.09494361409,60246557.2887892,derived_proxy_NOT_OFFICIAL,13913.908435277408,13913.908435276293,-1.11504050437361e-09,-8.01385541352658e-12
China,Female,35-39 years,Incidence,2009,23.082089268340003,59387397.08466455,derived_proxy_NOT_OFFICIAL,13707.85200922623,13707.852009225822,-4.0745362639427185e-10,-2.9724104558469877e-12
China,Female,35-39 years,Incidence,2010,23.08678691715,57983764.98734608,derived_proxy_NOT_OFFICIAL,13386.588269170448,13386.588269169619,-8.294591680169106e-10,-6.196195410948507e-12
China,Female,35-39 years,Incidence,2011,23.12384495278,55906995.29995221,derived_proxy_NOT_OFFICIAL,12927.846910922324,12927.846910918952,-3.372406354174018e-09,-2.6086372908119602e-11
China,Female,35-39 years,Incidence,2012,23.18975761035,53363328.051056206,derived_proxy_NOT_OFFICIAL,12374.826427859878,12374.826427855842,-4.0363374864682555e-09,-3.2617326069164966e-11
China,Female,35-39 years,Incidence,2013,23.26794601258,50753278.30153735,derived_proxy_NOT_OFFICIAL,11809.245394816438,11809.245394816191,-2.473825588822365e-10,-2.0948210542802577e-12
China,Female,35-39 years,Incidence,2014,23.33972822032,48556913.54746287,derived_proxy_NOT_OFFICIAL,11333.051654156356,11333.051654153578,-2.777596819214523e-09,-2.4508816371589105e-11
China,Female,35-39 years,Incidence,2015,23.38531618884,46976109.70396685,derived_proxy_NOT_OFFICIAL,10985.511787489811,10985.511787488997,-8.149072527885437e-10,-7.418018100135779e-12
China,Female,35-39 years,Incidence,2016,23.38846601797,45906857.56850934,derived_proxy_NOT_OFFICIAL,10736.909782330937,10736.909782328696,-2.240994945168495e-09,-2.0871880183405853e-11
China,Female,35-39 years,Incidence,2017,23.35343556623,45308325.531191394,derived_proxy_NOT_OFFICIAL,10581.050609068836,10581.05060906452,-4.3164618546143174e-09,-4.079426527754014e-11
China,Female,35-39 years,Incidence,2018,23.2962329635,45425704.19898498,derived_proxy_NOT_OFFICIAL,10582.47787550992,10582.477875505941,-3.978129825554788e-09,-3.759166683221722e-11
China,Female,35-39 years,Incidence,2019,23.23598169318,46473650.28885258,derived_proxy_NOT_OFFICIAL,10798.608873272178,10798.608873270281,-1.8972059478983283e-09,-1.7568984766122378e-11
China,Female,35-39 years,Incidence,2020,23.1944429152,48516962.35283063,derived_proxy_NOT_OFFICIAL,11253.239137117447,11253.239137116376,-1.0713847586885095e-09,-9.52067885196429e-12
China,Female,35-39 years,Incidence,2021,23.11543785295,51489841.345391914,derived_proxy_NOT_OFFICIAL,11902.102276777125,11902.10227677662,-5.038600647822022e-10,-4.23337031614417e-12
China,Female,35-39 years,Incidence,2022,23.0569039546,54714848.68512598,derived_proxy_NOT_OFFICIAL,12615.550110237018,12615.550110234217,-2.801243681460619e-09,-2.2204689109732288e-11
China,Female,35-39 years,Incidence,2023,23.29365138884,57409404.70681161,derived_proxy_NOT_OFFICIAL,13372.746596813233,13372.746596813,-2.3283064365386963e-10,-1.7410831946023257e-12
China,Female,40-44 years,Incidence,1990,21.39095363062,32004837.540236212,derived_proxy_NOT_OFFICIAL,6846.139957787747,6846.139957787191,-5.566107574850321e-10,-8.130285984759426e-12
China,Female,40-44 years,Incidence,1991,21.55007408495,34160267.86593946,derived_proxy_NOT_OFFICIAL,7361.563032729654,7361.563032727323,-2.331034920644015e-09,-3.1664945478021287e-11
China,Female,40-44 years,Incidence,1992,21.68019933061,36210655.67633142,derived_proxy_NOT_OFFICIAL,7850.542329552784,7850.5423295494975,-3.2869138522073627e-09,-4.1868621481525156e-11
China,Female,40-44 years,Incidence,1993,21.75897146036,39039038.59963539,derived_proxy_NOT_OFFICIAL,8494.49326729357,8494.49326729359,2.000888343900442e-11,2.3555123077258557e-13
China,Female,40-44 years,Incidence,1994,21.79647810499,40686061.31358728,derived_proxy_NOT_OFFICIAL,8868.128446000717,8868.128445998858,-1.8590071704238653e-09,-2.096279030850333e-11
China,Female,40-44 years,Incidence,1995,21.81425858196,43228604.61730935,derived_proxy_NOT_OFFICIAL,9429.999592593897,9429.999592592962,-9.349605534225702e-10,-9.914746487972986e-12
China,Female,40-44 years,Incidence,1996,21.80102895488,44383187.47535649,derived_proxy_NOT_OFFICIAL,9675.991552602132,9675.991552601143,-9.89530235528946e-10,-1.0226654603298354e-11
China,Female,40-44 years,Incidence,1997,21.74153906177,44553115.135374635,derived_proxy_NOT_OFFICIAL,9686.532930396146,9686.532930392837,-3.308741725049913e-09,-3.4158163182072587e-11
China,Female,40-44 years,Incidence,1998,21.66025583542,43317768.07985835,derived_proxy_NOT_OFFICIAL,9382.739388294547,9382.73938829122,-3.3269316190853715e-09,-3.545799879335763e-11
China,Female,40-44 years,Incidence,1999,21.58882975406,41296974.17766152,derived_proxy_NOT_OFFICIAL,8915.533448796057,8915.533448793467,-2.5902409106492996e-09,-2.9053123130832765e-11
China,Female,40-44 years,Incidence,2000,21.55170034823,39430204.2547602,derived_proxy_NOT_OFFICIAL,8497.879467681352,8497.879467680954,-3.9835867937654257e-10,-4.687742170167951e-12
China,Female,40-44 years,Incidence,2001,21.54313278746,38757745.607457146,derived_proxy_NOT_OFFICIAL,8349.632601641271,8349.632601640438,-8.330971468240023e-10,-9.977650353863977e-12
China,Female,40-44 years,Incidence,2002,21.54475432637,39906467.78048791,derived_proxy_NOT_OFFICIAL,8597.750443639045,8597.75044363812,-9.240466170012951e-10,-1.0747539406484417e-11
China,Female,40-44 years,Incidence,2003,21.5619723012,43222514.906558745,derived_proxy_NOT_OFFICIAL,9319.626692036338,9319.626692034237,-2.1009327610954642e-09,-2.254309996011665e-11
China,Female,40-44 years,Incidence,2004,21.58562729095,47704052.11307525,derived_proxy_NOT_OFFICIAL,10297.21889181096,10297.218891808981,-1.979060471057892e-09,-1.921936876210113e-11
China,Female,40-44 years,Incidence,2005,21.60604045826,52411791.07497014,derived_proxy_NOT_OFFICIAL,11324.112784558074,11324.112784556753,-1.3205863069742918e-09,-1.166171983711683e-11
China,Female,40-44 years,Incidence,2006,21.62292265749,56605241.132429,derived_proxy_NOT_OFFICIAL,12239.707510154198,12239.70751015084,-3.357854438945651e-09,-2.7434106870282132e-11
China,Female,40-44 years,Incidence,2007,21.63920853601,59713272.631822854,derived_proxy_NOT_OFFICIAL,12921.479588478423,12921.479588476333,-2.090018824674189e-09,-1.617476396849922e-11
China,Female,40-44 years,Incidence,2008,21.65177462456,61263864.16269123,derived_proxy_NOT_OFFICIAL,13264.713794808386,13264.713794802487,-5.8989826356992126e-09,-4.447123946246008e-11
China,Female,40-44 years,Incidence,2009,21.66263618487,61718599.3442346,derived_proxy_NOT_OFFICIAL,13369.87563434115,13369.875634339103,-2.0463630789890885e-09,-1.5305774974696917e-11
China,Female,40-44 years,Incidence,2010,21.67177278961,61485557.29078985,derived_proxy_NOT_OFFICIAL,13325.01027448814,13325.010274485461,-2.6793713914230466e-09,-2.0107837339179617e-11
China,Female,40-44 years,Incidence,2011,21.68481644497,60832068.34895382,derived_proxy_NOT_OFFICIAL,13191.322361151964,13191.322361149329,-2.635715645737946e-09,-1.998067800617205e-11
China,Female,40-44 years,Incidence,2012,21.71035932366,60111476.5545097,derived_proxy_NOT_OFFICIAL,13050.417554746571,13050.417554741693,-4.878529580309987e-09,-3.738217233160954e-11
China,Female,40-44 years,Incidence,2013,21.74165623327,59424092.838624015,derived_proxy_NOT_OFFICIAL,12919.781984715306,12919.781984712848,-2.457454684190452e-09,-1.9020868054102875e-11
China,Female,40-44 years,Incidence,2014,21.76919227388,58475124.79303759,derived_proxy_NOT_OFFICIAL,12729.562348591351,12729.56234858763,-3.7216523196548223e-09,-2.9236294365349166e-11
China,Female,40-44 years,Incidence,2015,21.78437334649,56980778.09163314,derived_proxy_NOT_OFFICIAL,12412.905435218416,12412.905435216344,-2.0718289306387305e-09,-1.669092656390059e-11
China,Female,40-44 years,Incidence,2016,21.77727081978,54822855.25430071,derived_proxy_NOT_OFFICIAL,11938.92165986574,11938.921659865055,-6.857590051367879e-10,-5.7438940021028635e-12
China,Female,40-44 years,Incidence,2017,21.74982139497,52214304.19675553,derived_proxy_NOT_OFFICIAL,11356.517905421686,11356.517905420651,-1.0350049706175923e-09,-9.11375281787275e-12
China,Female,40-44 years,Incidence,2018,21.71248513142,49555880.35145821,derived_proxy_NOT_OFFICIAL,10759.813153054938,10759.813153054647,-2.9103830456733704e-10,-2.704863926793237e-12
China,Female,40-44 years,Incidence,2019,21.67561196476,47324860.41462853,derived_proxy_NOT_OFFICIAL,10257.953106342133,10257.953106339191,-2.94130586553365e-09,-2.8673418907668273e-11
China,Female,40-44 years,Incidence,2020,21.65364937249,45726257.51919482,derived_proxy_NOT_OFFICIAL,9901.403474369248,9901.403474368291,-9.567884262651205e-10,-9.663159659555951e-12
China,Female,40-44 years,Incidence,2021,21.59335295712,44665118.26380558,derived_proxy_NOT_OFFICIAL,9644.69663541997,9644.696635418608,-1.3624230632558465e-09,-1.4126137034236754e-11
China,Female,40-44 years,Incidence,2022,21.57236562686,44090053.543745995,derived_proxy_NOT_OFFICIAL,9511.267555539274,9511.26755553523,-4.043613444082439e-09,-4.2513928038197976e-11
China,Female,40-44 years,Incidence,2023,22.08348854545,44229497.462642774,derived_proxy_NOT_OFFICIAL,9767.41600587536,9767.416005872814,-2.546585164964199e-09,-2.6072250464527775e-11
China,Female,45-49 years,Incidence,1990,22.05663857519,24444640.920842405,derived_proxy_NOT_OFFICIAL,5391.666098914781,5391.666098913206,-1.5752448234707117e-09,-2.9216290374282865e-11
China,Female,45-49 years,Incidence,1991,22.20072840364,25437732.529112335,derived_proxy_NOT_OFFICIAL,5647.361910833517,5647.361910832614,-9.031282388605177e-10,-1.599203757648359e-11
China,Female,45-49 years,Incidence,1992,22.30957345142,26687141.398563944,derived_proxy_NOT_OFFICIAL,5953.787412397247,5953.787412396938,-3.092281986027956e-10,-5.193806516485734e-12
China,Female,45-49 years,Incidence,1993,22.44693707233,27629556.30349838,derived_proxy_NOT_OFFICIAL,6201.98911681248,6201.989116810269,-2.2109816200099885e-09,-3.564955659171368e-11
China,Female,45-49 years,Incidence,1994,22.58180215886,30088310.971731156,derived_proxy_NOT_OFFICIAL,6794.482856580575,6794.482856578896,-1.6789272194728255e-09,-2.4710154619740565e-11
China,Female,45-49 years,Incidence,1995,22.65121289884,31538340.572629385,derived_proxy_NOT_OFFICIAL,7143.816667867555,7143.816667867516,-3.9108272176235914e-11,-5.474422706302431e-13
China,Female,45-49 years,Incidence,1996,22.63902740593,33492846.72135882,derived_proxy_NOT_OFFICIAL,7582.45474827608,7582.454748274552,-1.5279510989785194e-09,-2.0151140358943904e-11
China,Female,45-49 years,Incidence,1997,22.58167775761,35343382.10297775,derived_proxy_NOT_OFFICIAL,7981.128655135933,7981.1286551352405,-6.921254680491984e-10,-8.672024947296258e-12
China,Female,45-49 years,Incidence,1998,22.46508888558,37968931.15585795,derived_proxy_NOT_OFFICIAL,8529.754133068518,8529.754133068165,-3.5288394428789616e-10,-4.137093974606143e-12
China,Female,45-49 years,Incidence,1999,22.34915504885,39468136.86924581,derived_proxy_NOT_OFFICIAL,8820.795103801005,8820.79510380008,-9.258656064048409e-10,-1.0496396248971619e-11
China,Female,45-49 years,Incidence,2000,22.298481322860003,41901021.634031475,derived_proxy_NOT_OFFICIAL,9343.291483154931,9343.291483152037,-2.8940121410414577e-09,-3.097422515672434e-11
China,Female,45-49 years,Incidence,2001,22.32373925401,43063400.451824516,derived_proxy_NOT_OFFICIAL,9613.361230776458,9613.36123077547,-9.877112461254e-10,-1.027435901361239e-11
China,Female,45-49 years,Incidence,2002,22.36492665147,43345107.09171887,derived_proxy_NOT_OFFICIAL,9694.10140806716,9694.101408064045,-3.1141098588705063e-09,-3.2123759880199226e-11
China,Female,45-49 years,Incidence,2003,22.40478659517,42305099.852862984,derived_proxy_NOT_OFFICIAL,9478.367340910008,9478.367340907529,-2.4792825570330024e-09,-2.6157274431980066e-11
China,Female,45-49 years,Incidence,2004,22.43506073033,40503897.30607479,derived_proxy_NOT_OFFICIAL,9087.073958770834,9087.073958768377,-2.457454684190452e-09,-2.704341018176175e-11
China,Female,45-49 years,Incidence,2005,22.44215833309,38829624.729460545,derived_proxy_NOT_OFFICIAL,8714.205861932962,8714.205861930204,-2.7575879357755184e-09,-3.164474169495736e-11
China,Female,45-49 years,Incidence,2006,22.43342450794,38292172.66394679,derived_proxy_NOT_OFFICIAL,8590.245647017913,8590.245647016542,-1.3715180102735758e-09,-1.596599290207371e-11
China,Female,45-49 years,Incidence,2007,22.43370894016,39533699.13478476,derived_proxy_NOT_OFFICIAL,8868.874997176188,8868.874997176164,-2.3646862246096134e-11,-2.6662752889881967e-13
China,Female,45-49 years,Incidence,2008,22.45427731381,42915865.510296285,derived_proxy_NOT_OFFICIAL,9636.44745330623,9636.447453303668,-2.561137080192566e-09,-2.657760645302797e-11
China,Female,45-49 years,Incidence,2009,22.4801567847,47450759.5965319,derived_proxy_NOT_OFFICIAL,10667.005152832997,10667.005152831453,-1.5443220036104321e-09,-1.4477559366325827e-11
China,Female,45-49 years,Incidence,2010,22.5006324303,52193760.38083498,derived_proxy_NOT_OFFICIAL,11743.926174847804,11743.926174843231,-4.572939360514283e-09,-3.8938761130057484e-11
China,Female,45-49 years,Incidence,2011,22.49847464607,56387189.91081403,derived_proxy_NOT_OFFICIAL,12686.257625717824,12686.257625715838,-1.9863364286720753e-09,-1.5657386813943743e-11
China,Female,45-49 years,Incidence,2012,22.46896460484,59459853.88409208,derived_proxy_NOT_OFFICIAL,13360.01352330625,13360.013523306232,-1.8189894035458565e-11,-1.3615176364699551e-13
China,Female,45-49 years,Incidence,2013,22.42435317878,60948242.94050782,derived_proxy_NOT_OFFICIAL,13667.24925324091,13667.249253240323,-5.875335773453116e-10,-4.298842923392138e-12
China,Female,45-49 years,Incidence,2014,22.38445476923,61327537.335413024,derived_proxy_NOT_OFFICIAL,13727.83485593137,13727.834855928171,-3.1996023608371615e-09,-2.3307407136054765e-11
China,Female,45-49 years,Incidence,2015,22.36565461436,61022254.593909904,derived_proxy_NOT_OFFICIAL,13648.026700369948,13648.026700369317,-6.311893230304122e-10,-4.624766179665394e-12
China,Female,45-49 years,Incidence,2016,22.37222312217,60317284.109698184,derived_proxy_NOT_OFFICIAL,13494.317382257052,13494.317382254867,-2.1846062736585736e-09,-1.618908323981615e-11
China,Female,45-49 years,Incidence,2017,22.39755524106,59560812.79597922,derived_proxy_NOT_OFFICIAL,13340.165948006736,13340.165948003778,-2.9576767701655626e-09,-2.2171214223969183e-11
China,Female,45-49 years,Incidence,2018,22.43236508317,58851242.176645696,derived_proxy_NOT_OFFICIAL,13201.72550104636,13201.725501045687,-6.730260793119669e-10,-5.098016007518285e-12
China,Female,45-49 years,Incidence,2019,22.46431371245,57895641.067555934,derived_proxy_NOT_OFFICIAL,13005.858435254995,13005.8584352498,-5.195033736526966e-09,-3.9943797346315734e-11
China,Female,45-49 years,Incidence,2020,22.48326197043,56409349.19307445,derived_proxy_NOT_OFFICIAL,12682.661754894212,12682.66175489357,-6.421032594516873e-10,-5.062843051884602e-12
China,Female,45-49 years,Incidence,2021,22.43971228331,54268721.94846274,derived_proxy_NOT_OFFICIAL,12177.745065065648,12177.745065064544,-1.1041265679523349e-09,-9.06675712172484e-12
China,Female,45-49 years,Incidence,2022,22.40911247009,51683935.01442311,derived_proxy_NOT_OFFICIAL,11581.911126352716,11581.9111263503,-2.4156179279088974e-09,-2.0856816302212508e-11
China,Female,45-49 years,Incidence,2023,22.73795786883,49050894.905810535,derived_proxy_NOT_OFFICIAL,11153.171817970831,11153.17181796728,-3.550667315721512e-09,-3.183549373820646e-11
China,Female,50-54 years,Incidence,1990,22.88865829669,22514565.142984252,derived_proxy_NOT_OFFICIAL,5153.281882565074,5153.28188256334,-1.7334969015792012e-09,-3.363869745693678e-11
China,Female,50-54 years,Incidence,1991,23.06106261785,22513799.465633824,derived_proxy_NOT_OFFICIAL,5191.92139242821,5191.921392426994,-1.215994416270405e-09,-2.34208942000506e-11
China,Female,50-54 years,Incidence,1992,23.19951215949,22600325.06328363,derived_proxy_NOT_OFFICIAL,5243.165161142101,5243.1651611407515,-1.3496901374310255e-09,-2.5741896277343797e-11
China,Female,50-54 years,Incidence,1993,23.29844065391,22845280.64907322,derived_proxy_NOT_OFFICIAL,5322.594154243535,5322.594154243509,-2.546585164964199e-11,-4.784481196887589e-13
China,Female,50-54 years,Incidence,1994,23.35429984989,23273120.002557874,derived_proxy_NOT_OFFICIAL,5435.274229824056,5435.274229822093,-1.963599061127752e-09,-3.6126954742287494e-11
China,Female,50-54 years,Incidence,1995,23.36723120796,23732237.491101526,derived_proxy_NOT_OFFICIAL,5545.566805369961,5545.566805367858,-2.10275175049901e-09,-3.7917706598770827e-11
China,Female,50-54 years,Incidence,1996,23.28219269938,24662030.577909376,derived_proxy_NOT_OFFICIAL,5741.861482728908,5741.86148272888,-2.8194335754960775e-11,-4.910312768736626e-13
China,Female,50-54 years,Incidence,1997,23.13460642953,25874144.062515035,derived_proxy_NOT_OFFICIAL,5985.881395872719,5985.881395872459,-2.601154847070575e-10,-4.34548343851931e-12
China,Female,50-54 years,Incidence,1998,23.06897197784,26810271.22755818,derived_proxy_NOT_OFFICIAL,6184.853956669617,6184.853956668297,-1.3205863069742918e-09,-2.135194001711551e-11
China,Female,50-54 years,Incidence,1999,23.06973190262,29250965.41199761,derived_proxy_NOT_OFFICIAL,6748.119299476708,6748.119299475954,-7.539711077697575e-10,-1.1173055399720411e-11
China,Female,50-54 years,Incidence,2000,23.08814030557,30721527.408450145,derived_proxy_NOT_OFFICIAL,7093.029352079175,7093.029352077114,-2.0609149942174554e-09,-2.905549789686604e-11
China,Female,50-54 years,Incidence,2001,23.125860163,32704709.43036522,derived_proxy_NOT_OFFICIAL,7563.245369583768,7563.245369581734,-2.0336301531642675e-09,-2.6888327084331862e-11
China,Female,50-54 years,Incidence,2002,23.20245411634,34608732.829273805,derived_proxy_NOT_OFFICIAL,8030.075354960053,8030.075354958953,-1.1004885891452432e-09,-1.3704586077956148e-11
China,Female,50-54 years,Incidence,2003,23.22726863294,37288457.609046966,derived_proxy_NOT_OFFICIAL,8661.090217933282,8661.090217933295,1.2732925824820995e-11,1.470129683957886e-13
China,Female,50-54 years,Incidence,2004,23.22753368204,38899707.413853124,derived_proxy_NOT_OFFICIAL,9035.44264176769,9035.442641767744,5.4569682106375694e-11,6.039513975122718e-13
China,Female,50-54 years,Incidence,2005,23.23737980732,41427748.761104435,derived_proxy_NOT_OFFICIAL,9626.72332524184,9626.723325240144,-1.6952981241047382e-09,-1.761033393012933e-11
China,Female,50-54 years,Incidence,2006,23.28544516951,42695317.57540268,derived_proxy_NOT_OFFICIAL,9941.794763972171,9941.794763968557,-3.614331944845617e-09,-3.6354924142505e-11
China,Female,50-54 years,Incidence,2007,23.32686901639,43066606.42105532,derived_proxy_NOT_OFFICIAL,10046.090869645288,10046.090869643778,-1.5097612049430609e-09,-1.502834509993207e-11
China,Female,50-54 years,Incidence,2008,23.34847159529,42098948.5724462,derived_proxy_NOT_OFFICIAL,9829.461049356672,9829.461049353346,-3.3269316190853715e-09,-3.3846531385391834e-11
China,Female,50-54 years,Incidence,2009,23.35083280277,40350241.5591777,derived_proxy_NOT_OFFICIAL,9422.117441998458,9422.1174419974,-1.0586518328636885e-09,-1.1235816570751058e-11
China,Female,50-54 years,Incidence,2010,23.32779669324,38709790.48280487,derived_proxy_NOT_OFFICIAL,9030.14122420963,9030.141224207888,-1.7425918485969305e-09,-1.92975038300074e-11
China,Female,50-54 years,Incidence,2011,23.25665728774,38187899.75859506,derived_proxy_NOT_OFFICIAL,8881.228972243147,8881.228972242143,-1.0040821507573128e-09,-1.1305666748322897e-11
China,Female,50-54 years,Incidence,2012,23.15291639017,39431161.317209825,derived_proxy_NOT_OFFICIAL,9129.463811447196,9129.463811446647,-5.493347998708487e-10,-6.017163890633446e-12
China,Female,50-54 years,Incidence,2013,23.06308647036,42795903.69014904,derived_proxy_NOT_OFFICIAL,9870.056273831877,9870.056273831058,-8.185452315956354e-10,-8.293217474005845e-12
China,Female,50-54 years,Incidence,2014,23.00163092621,47288549.76072123,derived_proxy_NOT_OFFICIAL,10877.137686321816,10877.13768631826,-3.5561242839321494e-09,-3.269356687838967e-11
China,Female,50-54 years,Incidence,2015,22.98906772424,51963397.41474642,derived_proxy_NOT_OFFICIAL,11945.900623496073,11945.900623492034,-4.038156475871801e-09,-3.3803700559246736e-11
China,Female,50-54 years,Incidence,2016,23.03454490065,56068991.23346113,derived_proxy_NOT_OFFICIAL,12915.2369610167,12915.236961013117,-3.5834091249853373e-09,-2.7745593331361128e-11
China,Female,50-54 years,Incidence,2017,23.11278350937,59047571.87763573,derived_proxy_NOT_OFFICIAL,13647.537455620995,13647.53745561759,-3.4051481634378433e-09,-2.495064164147334e-11
China,Female,50-54 years,Incidence,2018,23.19607625069,60455697.58094372,derived_proxy_NOT_OFFICIAL,14023.349708766473,14023.349708762255,-4.218236426822841e-09,-3.008009152182719e-11
China,Female,50-54 years,Incidence,2019,23.26705691182,60778274.49904512,derived_proxy_NOT_OFFICIAL,14141.315717717009,14141.315717715008,-2.000888343900442e-09,-1.4149237481443261e-11
China,Female,50-54 years,Incidence,2020,23.30535270543,60444471.30611559,derived_proxy_NOT_OFFICIAL,14086.79722882366,14086.79722882267,-9.89530235528946e-10,-7.024522462098208e-12
China,Female,50-54 years,Incidence,2021,23.26993768066,59740158.770488836,derived_proxy_NOT_OFFICIAL,13901.497716220982,13901.49771622009,-8.913048077374697e-10,-6.411573960821858e-12
China,Female,50-54 years,Incidence,2022,23.24599849162,58995761.50951069,derived_proxy_NOT_OFFICIAL,13714.153830623807,13714.153830620588,-3.219611244276166e-09,-2.3476557752230765e-11
China,Female,50-54 years,Incidence,2023,23.43387418501,58299142.27256253,derived_proxy_NOT_OFFICIAL,13661.74765109227,13661.747651092284,1.4551915228366852e-11,1.0651576650373433e-13
China,Female,55-59 years,Incidence,1990,23.7117657077,20700566.22271914,derived_proxy_NOT_OFFICIAL,4908.469762899086,4908.469762898446,-6.402842700481415e-10,-1.3044478238162168e-11
China,Female,55-59 years,Incidence,1991,23.89346313001,21193797.354773052,derived_proxy_NOT_OFFICIAL,5063.932156812416,5063.932156811735,-6.812115316279233e-10,-1.3452224684951629e-11
China,Female,55-59 years,Incidence,1992,24.03771333487,21548684.258013304,derived_proxy_NOT_OFFICIAL,5179.810949379249,5179.810949377496,-1.7525962903164327e-09,-3.3835140074493736e-11
China,Female,55-59 years,Incidence,1993,24.140235852590003,21671278.948601365,derived_proxy_NOT_OFFICIAL,5231.497850467056,5231.497850465056,-1.999978849198669e-09,-3.822956457910263e-11
China,Female,55-59 years,Incidence,1994,24.20406609932,21494746.92362304,derived_proxy_NOT_OFFICIAL,5202.602753276422,5202.602753275273,-1.1486918083392084e-09,-2.2079175805144865e-11
China,Female,55-59 years,Incidence,1995,24.22533190887,21437802.95821006,derived_proxy_NOT_OFFICIAL,5193.378920595944,5193.378920595938,-5.4569682106375694e-12,-1.0507548734786675e-13
China,Female,55-59 years,Incidence,1996,24.18506280839,21373741.320773005,derived_proxy_NOT_OFFICIAL,5169.252762933478,5169.252762931757,-1.7207639757543802e-09,-3.3288447183183803e-11
China,Female,55-59 years,Incidence,1997,24.08095905101,21409108.75139077,derived_proxy_NOT_OFFICIAL,5155.518711610569,5155.51871160861,-1.9590515876188874e-09,-3.799911700847819e-11
China,Female,55-59 years,Incidence,1998,23.94679160745,21614851.116370574,derived_proxy_NOT_OFFICIAL,5176.063353098637,5176.063353097841,-7.958078640513122e-10,-1.5374770549802175e-11
China,Female,55-59 years,Incidence,1999,23.82150786373,22019778.624288816,derived_proxy_NOT_OFFICIAL,5245.443296561592,5245.4432965608985,-6.939444574527442e-10,-1.3229472100244176e-11
China,Female,55-59 years,Incidence,2000,23.74666826858,22487074.511615958,derived_proxy_NOT_OFFICIAL,5339.930987583246,5339.930987581847,-1.3988028513267636e-09,-2.6195148487487024e-11
China,Female,55-59 years,Incidence,2001,23.68366729417,23442426.386920623,derived_proxy_NOT_OFFICIAL,5552.026271160737,5552.026271158998,-1.7398633644916117e-09,-3.1337448338980326e-11
China,Female,55-59 years,Incidence,2002,23.64591899865,24694264.28697417,derived_proxy_NOT_OFFICIAL,5839.185730611746,5839.1857306104675,-1.278749550692737e-09,-2.189944984947016e-11
China,Female,55-59 years,Incidence,2003,23.77029430754,25693940.618149966,derived_proxy_NOT_OFFICIAL,6107.525304138792,6107.52530413881,1.7280399333685637e-11,2.829361889336012e-13
China,Female,55-59 years,Incidence,2004,23.9573667262,28156750.707820848,derived_proxy_NOT_OFFICIAL,6745.6160252572445,6745.616025254555,-2.689375833142549e-09,-3.98684986378244e-11
China,Female,55-59 years,Incidence,2005,24.07529193942,29678727.875790477,derived_proxy_NOT_OFFICIAL,7145.240380005152,7145.240380002582,-2.5693225325085223e-09,-3.595851778056864e-11
China,Female,55-59 years,Incidence,2006,24.12627500598,31700028.626181185,derived_proxy_NOT_OFFICIAL,7648.036083326864,7648.036083326856,-8.185452315956354e-12,-1.0702685273414291e-13
China,Female,55-59 years,Incidence,2007,24.19824745284,33637946.170938015,derived_proxy_NOT_OFFICIAL,8139.793452498358,8139.7934524966995,-1.6589183360338211e-09,-2.0380349276856e-11
China,Female,55-59 years,Incidence,2008,24.18268069729,36324608.11598007,derived_proxy_NOT_OFFICIAL,8784.263995230205,8784.263995229348,-8.567440090700984e-10,-9.753167818445627e-12
China,Female,55-59 years,Incidence,2009,24.13149935959,37960209.12196344,derived_proxy_NOT_OFFICIAL,9160.367621166844,9160.367621165631,-1.2132659321650863e-09,-1.3244729713266038e-11
China,Female,55-59 years,Incidence,2010,24.10012508275,40474611.58058095,derived_proxy_NOT_OFFICIAL,9754.43201767864,9754.432017677225,-1.4151737559586763e-09,-1.4508007779375137e-11
China,Female,55-59 years,Incidence,2011,24.07234012724,41738180.09423122,derived_proxy_NOT_OFFICIAL,10047.356675207137,10047.35667520332,-3.816239768639207e-09,-3.79825250760348e-11
China,Female,55-59 years,Incidence,2012,23.96306975128,42107558.03878675,derived_proxy_NOT_OFFICIAL,10090.263503395812,10090.263503395176,-6.366462912410498e-10,-6.309511055155206e-12
China,Female,55-59 years,Incidence,2013,23.81163677531,41157559.02978937,derived_proxy_NOT_OFFICIAL,9800.28846175994,9800.288461757247,-2.6921043172478676e-09,-2.746964365133002e-11
China,Female,55-59 years,Incidence,2014,23.67314968741,39442292.21427828,derived_proxy_NOT_OFFICIAL,9337.23287603464,9337.232876031758,-2.8830982046201825e-09,-3.087743706189519e-11
China,Female,55-59 years,Incidence,2015,23.5952113689,37839899.015714176,derived_proxy_NOT_OFFICIAL,8928.404154536418,8928.404154536069,-3.4924596548080444e-10,-3.911628096532308e-12
China,Female,55-59 years,Incidence,2016,23.61811185038,37348187.45030855,derived_proxy_NOT_OFFICIAL,8820.936686105317,8820.936686103458,-1.8590071704238653e-09,-2.1074940639265233e-11
China,Female,55-59 years,Incidence,2017,23.73374751859,38591486.06778447,derived_proxy_NOT_OFFICIAL,9159.205867000224,9159.205866999802,-4.220055416226387e-10,-4.607446843651433e-12
China,Female,55-59 years,Incidence,2018,23.91292574347,41916046.38763246,derived_proxy_NOT_OFFICIAL,10023.353047276514,10023.353047272989,-3.52520146407187e-09,-3.516988224843299e-11
China,Female,55-59 years,Incidence,2019,24.08726635587,46347185.32230213,derived_proxy_NOT_OFFICIAL,11163.769977032682,11163.769977031601,-1.0804797057062387e-09,-9.678448301327588e-12
China,Female,55-59 years,Incidence,2020,24.19486982685,50957804.47667726,derived_proxy_NOT_OFFICIAL,12329.174459756125,12329.174459752805,-3.319655661471188e-09,-2.6925206325102582e-11
China,Female,55-59 years,Incidence,2021,24.19247246084,55003987.90919568,derived_proxy_NOT_OFFICIAL,13306.82462729819,13306.824627295928,-2.2628228180110455e-09,-1.700497963555478e-11
China,Female,55-59 years,Incidence,2022,24.15481035352,57935067.44673574,derived_proxy_NOT_OFFICIAL,13994.10566994843,13994.105669942917,-5.513356882147491e-09,-3.939770795062038e-11
China,Female,55-59 years,Incidence,2023,24.15180943873,59332827.45972243,derived_proxy_NOT_OFFICIAL,14329.951422686783,14329.951422682629,-4.154571797698736e-09,-2.899222527105942e-11
China,Female,60-64 years,Incidence,1990,21.08252482538,17185942.56048867,derived_proxy_NOT_OFFICIAL,3623.230606790964,3623.230606790571,-3.92901711165905e-10,-1.0843960923422747e-11
China,Female,60-64 years,Incidence,1991,21.25677853437,17598689.495015062,derived_proxy_NOT_OFFICIAL,3740.914450907565,3740.91445090679,-7.748894859105349e-10,-2.07139055458096e-11
China,Female,60-64 years,Incidence,1992,21.39644673448,18008503.720324993,derived_proxy_NOT_OFFICIAL,3853.179906196588,3853.1799061961865,-4.015419108327478e-10,-1.0421052756633504e-11
China,Female,60-64 years,Incidence,1993,21.5010497849,18417562.03430535,derived_proxy_NOT_OFFICIAL,3959.969182161825,3959.969182160835,-9.899849828798324e-10,-2.4999815335415823e-11
China,Female,60-64 years,Incidence,1994,21.56247151806,18940915.204558007,derived_proxy_NOT_OFFICIAL,4084.129446243177,4084.1294462427163,-4.6065906644798815e-10,-1.1279247450683266e-11
China,Female,60-64 years,Incidence,1995,21.57854799672,19384447.04529219,derived_proxy_NOT_OFFICIAL,4182.882209568684,4182.882209567148,-1.5361365512944758e-09,-3.6724355942427406e-11
China,Female,60-64 years,Incidence,1996,21.53123254879,19815743.68683421,derived_proxy_NOT_OFFICIAL,4266.573854485126,4266.573854484446,-6.793925422243774e-10,-1.5923609092344283e-11
China,Female,60-64 years,Incidence,1997,21.42610173182,20145851.3388386,derived_proxy_NOT_OFFICIAL,4316.470602602573,4316.47060260078,-1.7935235518962145e-09,-4.1550695394863275e-11
China,Female,60-64 years,Incidence,1998,21.29901776904,20282261.74695518,derived_proxy_NOT_OFFICIAL,4319.922533448685,4319.922533447186,-1.4988472685217857e-09,-3.469616079724524e-11
China,Female,60-64 years,Incidence,1999,21.19344069581,20160349.456259705,derived_proxy_NOT_OFFICIAL,4272.671706082329,4272.671706080455,-1.874468580354005e-09,-4.387111178435777e-11
China,Female,60-64 years,Incidence,2000,21.14609680393,20166787.443566404,derived_proxy_NOT_OFFICIAL,4264.488395061078,4264.488395059352,-1.7262209439650178e-09,-4.047896919978121e-11
China,Female,60-64 years,Incidence,2001,21.16895297076,20179193.87668551,derived_proxy_NOT_OFFICIAL,4271.724061635469,4271.724061634038,-1.431544660590589e-09,-3.35121051813096e-11
China,Female,60-64 years,Incidence,2002,21.22250305068,20301947.637739576,derived_proxy_NOT_OFFICIAL,4308.581456767037,4308.581456766738,-2.992237568832934e-10,-6.944832304686593e-12
China,Female,60-64 years,Incidence,2003,21.27990563213,20601104.74867754,derived_proxy_NOT_OFFICIAL,4383.895649695598,4383.895649694832,-7.657945388928056e-10,-1.7468356915520552e-11
China,Female,60-64 years,Incidence,2004,21.32208831744,21099780.544302247,derived_proxy_NOT_OFFICIAL,4498.913842442454,4498.913842442147,-3.064997144974768e-10,-6.812749148605135e-12
China,Female,60-64 years,Incidence,2005,21.33099566008,21663684.95076015,derived_proxy_NOT_OFFICIAL,4621.079696661787,4621.079696660051,-1.73622538568452e-09,-3.7571855489502775e-11
China,Female,60-64 years,Incidence,2006,21.27231556734,22688093.583244555,derived_proxy_NOT_OFFICIAL,4826.282863242896,4826.282863241199,-1.697117113508284e-09,-3.5164062314572874e-11
China,Female,60-64 years,Incidence,2007,21.2046976456,23989607.730847754,derived_proxy_NOT_OFFICIAL,5086.923785693295,5086.923785691749,-1.546140993013978e-09,-3.0394420245933666e-11
China,Female,60-64 years,Incidence,2008,21.27044814073,25029905.197558716,derived_proxy_NOT_OFFICIAL,5323.973004722713,5323.973004720609,-2.103661245200783e-09,-3.9512996090226184e-11
China,Female,60-64 years,Incidence,2009,21.39266596393,27482242.39109925,derived_proxy_NOT_OFFICIAL,5879.184314127179,5879.184314125432,-1.7471393221057951e-09,-2.971737623376713e-11
China,Female,60-64 years,Incidence,2010,21.4610306617,29000902.35357025,derived_proxy_NOT_OFFICIAL,6223.892546269626,6223.892546269388,-2.382876118645072e-10,-3.828594566712565e-12
China,Female,60-64 years,Incidence,2011,21.41912762557,30994148.76759956,derived_proxy_NOT_OFFICIAL,6638.676280993129,6638.676280991182,-1.9472281564958394e-09,-2.933157265207905e-11
China,Female,60-64 years,Incidence,2012,21.32467991337,32897592.051636178,derived_proxy_NOT_OFFICIAL,7015.306204218331,7015.306204217666,-6.648406269960105e-10,-9.477000827080638e-12
China,Female,60-64 years,Incidence,2013,21.12850257573,35519902.11990881,derived_proxy_NOT_OFFICIAL,7504.82343430474,7504.8234343017075,-3.0322553357109427e-09,-4.040408628203598e-11
China,Female,60-64 years,Incidence,2014,20.9387118579,37118949.03189273,derived_proxy_NOT_OFFICIAL,7772.229782472174,7772.22978246878,-3.3933247323147953e-09,-4.365960383682138e-11
China,Female,60-64 years,Incidence,2015,20.86484126933,39554188.75752485,derived_proxy_NOT_OFFICIAL,8252.918699631002,8252.918699628732,-2.270098775625229e-09,-2.7506617455552154e-11
China,Female,60-64 years,Incidence,2016,20.97198674865,40755586.33241049,derived_proxy_NOT_OFFICIAL,8547.256164970899,8547.25616496774,-3.1595845939591527e-09,-3.696606879419426e-11
China,Female,60-64 years,Incidence,2017,21.15065769069,41073994.275968924,derived_proxy_NOT_OFFICIAL,8687.419929207563,8687.419929203792,-3.7707650335505605e-09,-4.340488964822628e-11
China,Female,60-64 years,Incidence,2018,21.33950588279,40113114.91110377,derived_proxy_NOT_OFFICIAL,8559.940516227696,8559.940516225302,-2.393790055066347e-09,-2.796503142198555e-11
China,Female,60-64 years,Incidence,2019,21.49247700848,38426403.31992134,derived_proxy_NOT_OFFICIAL,8258.785898721866,8258.785898719889,-1.977241481654346e-09,-2.3941067196818178e-11
China,Female,60-64 years,Incidence,2020,21.55645641322,36871461.444139645,derived_proxy_NOT_OFFICIAL,7948.180515125945,7948.18051512318,-2.764863893389702e-09,-3.478612354271486e-11
China,Female,60-64 years,Incidence,2021,21.51070586669,36414608.04728794,derived_proxy_NOT_OFFICIAL,7833.039229561521,7833.039229560136,-1.3851604308001697e-09,-1.7683563048843667e-11
China,Female,60-64 years,Incidence,2022,21.45325933998,37646721.15148698,derived_proxy_NOT_OFFICIAL,8076.448721627616,8076.448721627607,-9.094947017729282e-12,-1.1261071952793148e-13
China,Female,60-64 years,Incidence,2023,21.41617929822,40899032.51594391,derived_proxy_NOT_OFFICIAL,8759.010134852206,8759.010134851846,-3.601599019020796e-10,-4.1118790406349575e-12
China,Female,65-69 years,Incidence,1990,15.03567842643,13936442.110095907,derived_proxy_NOT_OFFICIAL,2095.438619759849,2095.438619759596,-2.532942744437605e-10,-1.2087888046693998e-11
China,Female,65-69 years,Incidence,1991,15.1606364394,14259855.983653236,derived_proxy_NOT_OFFICIAL,2161.884922464965,2161.884922463694,-1.2710188457276672e-09,-5.879216014321711e-11
China,Female,65-69 years,Incidence,1992,15.26358686476,14561192.222697597,derived_proxy_NOT_OFFICIAL,2222.560223456352,2222.560223456125,-2.269189280923456e-10,-1.0209798848080661e-11
China,Female,65-69 years,Incidence,1993,15.34201546218,14888251.869750533,derived_proxy_NOT_OFFICIAL,2284.157903905761,2284.1579039054295,-3.3151081879623234e-10,-1.4513480798738583e-11
China,Female,65-69 years,Incidence,1994,15.393838906309998,15213269.521131366,derived_proxy_NOT_OFFICIAL,2341.906202465781,2341.906202465721,-6.002665031701326e-11,-2.563153479580502e-12
China,Female,65-69 years,Incidence,1995,15.413562676479998,15551729.941637676,derived_proxy_NOT_OFFICIAL,2397.0756418322894,2397.0756418312294,-1.0600160749163479e-09,-4.422121923971023e-11
China,Female,65-69 years,Incidence,1996,15.38631037098,15882226.464378757,derived_proxy_NOT_OFFICIAL,2443.688657631561,2443.688657631239,-3.219611244276166e-10,-1.3175210492635483e-11
China,Female,65-69 years,Incidence,1997,15.31599270851,16215994.435633373,derived_proxy_NOT_OFFICIAL,2483.640525375156,2483.640525373995,-1.1609699868131429e-09,-4.674468688007003e-11
China,Female,65-69 years,Incidence,1998,15.231926261879998,16559640.326645095,derived_proxy_NOT_OFFICIAL,2522.3522037874573,2522.352203787125,-3.3242031349800527e-10,-1.3178980833797002e-11
China,Female,65-69 years,Incidence,1999,15.15728978777,17022409.301068135,derived_proxy_NOT_OFFICIAL,2580.135906624092,2580.135906623211,-8.80845618667081e-10,-3.4139504682898635e-11
China,Female,65-69 years,Incidence,2000,15.11936846358,17433901.411321785,derived_proxy_NOT_OFFICIAL,2635.8957919563195,2635.895791955015,-1.3046701496932656e-09,-4.949627195713076e-11
China,Female,65-69 years,Incidence,2001,15.126727914299998,17863771.480864704,derived_proxy_NOT_OFFICIAL,2702.204107143522,2702.2041071427234,-7.98536348156631e-10,-2.95512965155233e-11
China,Female,65-69 years,Incidence,2002,15.158655391699998,18226370.98317591,derived_proxy_NOT_OFFICIAL,2762.872767752489,2762.8727677524394,-4.956746124662459e-11,-1.794055152490651e-12
China,Female,65-69 years,Incidence,2003,15.19969433381,18430852.265691333,derived_proxy_NOT_OFFICIAL,2801.433207501793,2801.433207501177,-6.157279131002724e-10,-2.1979032427096636e-11
China,Female,65-69 years,Incidence,2004,15.23976788272,18413802.673357602,derived_proxy_NOT_OFFICIAL,2806.22078580332,2806.2207858017887,-1.5311343304347247e-09,-5.456214771769699e-11
China,Female,65-69 years,Incidence,2005,15.26345560793,18527544.08929438,derived_proxy_NOT_OFFICIAL,2827.9434673093965,2827.9434673091064,-2.901288098655641e-10,-1.0259356780622023e-11
China,Female,65-69 years,Incidence,2006,15.28051069564,18657442.8817833,derived_proxy_NOT_OFFICIAL,2850.952555084867,2850.9525550838207,-1.046373654389754e-09,-3.670259796233633e-11
China,Female,65-69 years,Incidence,2007,15.29771943017,18891881.81848582,derived_proxy_NOT_OFFICIAL,2890.027075671896,2890.0270756712584,-6.375557859428227e-10,-2.206054715921991e-11
China,Female,65-69 years,Incidence,2008,15.30516981459,19281200.37262138,derived_proxy_NOT_OFFICIAL,2951.020459322789,2951.020459321062,-1.7271304386667907e-09,-5.852654911999963e-11
China,Female,65-69 years,Incidence,2009,15.29794834205,19844200.109927654,derived_proxy_NOT_OFFICIAL,3035.755481710589,3035.755481709762,-8.267306839115918e-10,-2.723311178691326e-11
China,Female,65-69 years,Incidence,2010,15.27271300389,20457512.6017982,derived_proxy_NOT_OFFICIAL,3124.417187408522,3124.4171874072695,-1.2523742043413222e-09,-4.008345010353998e-11
China,Female,65-69 years,Incidence,2011,15.16439133135,21489463.377207518,derived_proxy_NOT_OFFICIAL,3258.746321528004,3258.74632152689,-1.114131009671837e-09,-3.4188945678638425e-11
China,Female,65-69 years,Incidence,2012,14.99618264247,22770003.82374624,derived_proxy_NOT_OFFICIAL,3414.631361106795,3414.6313611063892,-4.05634636990726e-10,-1.1879309772966134e-11
China,Female,65-69 years,Incidence,2013,14.91365938016,23783903.640153315,derived_proxy_NOT_OFFICIAL,3547.0503761986115,3547.0503761979407,-6.707523425575346e-10,-1.8910144244311033e-11
China,Female,65-69 years,Incidence,2014,14.902107944969998,26146564.05637269,derived_proxy_NOT_OFFICIAL,3896.389199583651,3896.3891995813847,-2.266460796818137e-09,-5.816823424775738e-11
China,Female,65-69 years,Incidence,2015,14.92306052585,27595319.458576627,derived_proxy_NOT_OFFICIAL,4118.066225107332,4118.066225105053,-2.279193722642958e-09,-5.534621344229485e-11
China,Female,65-69 years,Incidence,2016,14.9924349364,29513774.96190031,derived_proxy_NOT_OFFICIAL,4424.83350843972,4424.833508438418,-1.3023964129388332e-09,-2.943379475080143e-11
China,Female,65-69 years,Incidence,2017,15.13492820012,31352894.804769464,derived_proxy_NOT_OFFICIAL,4745.238117362645,4745.238117361011,-1.634361979085952e-09,-3.444214892200844e-11
China,Female,65-69 years,Incidence,2018,15.24124233087,33891098.869150996,derived_proxy_NOT_OFFICIAL,5165.424507242041,5165.424507242045,4.547473508864641e-12,8.803678192351823e-14
China,Female,65-69 years,Incidence,2019,15.317161113790002,35503618.17763037,derived_proxy_NOT_OFFICIAL,5438.146397495173,5438.146397492478,-2.6948328013531864e-09,-4.955425257757744e-11
China,Female,65-69 years,Incidence,2020,15.36804455526,37920794.80430448,derived_proxy_NOT_OFFICIAL,5827.6846412347495,5827.684641234231,-5.184119800105691e-10,-8.89567661816254e-12
China,Female,65-69 years,Incidence,2021,15.39575545248,39157039.459738396,derived_proxy_NOT_OFFICIAL,6028.522037653418,6028.5220376524185,-9.995346772484481e-10,-1.658009493878393e-11
China,Female,65-69 years,Incidence,2022,15.39645259127,39516569.96402538,derived_proxy_NOT_OFFICIAL,6084.149960209318,6084.149960207208,-2.1100277081131935e-09,-3.4680731440100804e-11
China,Female,65-69 years,Incidence,2023,15.37231201247,38613502.53348436,derived_proxy_NOT_OFFICIAL,5935.788088390255,5935.788088390224,-3.092281986027956e-11,-5.209555900548602e-13
China,Female,70+ years,Incidence,1990,5.09194399523,21824249.86825356,derived_proxy_NOT_OFFICIAL,1111.2785806706104,1111.2785806705283,-8.208189683500677e-11,-7.386257439198888e-12
China,Female,70+ years,Incidence,1991,5.10428760273,22510243.05831836,derived_proxy_NOT_OFFICIAL,1148.9875457706678,1148.9875457701346,-5.331912689143792e-10,-4.6405313171323225e-11
China,Female,70+ years,Incidence,1992,5.11366591304,23220129.69130636,derived_proxy_NOT_OFFICIAL,1187.399856987168,1187.3998569880134,8.453753252979368e-10,7.119550506288065e-11
China,Female,70+ years,Incidence,1993,5.1267371847100005,23951556.13622454,derived_proxy_NOT_OFFICIAL,1227.933334751521,1227.9333347525135,9.92486093309708e-10,8.082573094332868e-11
China,Female,70+ years,Incidence,1994,5.14438563767,24702600.430822197,derived_proxy_NOT_OFFICIAL,1270.7970286941204,1270.7970286942248,1.0436451702844352e-10,8.212524476523934e-12
China,Female,70+ years,Incidence,1995,5.14481486218,25480696.17371264,derived_proxy_NOT_OFFICIAL,1310.9346437322863,1310.9346437320985,-1.8781065591610968e-10,-1.4326469806412684e-11
China,Female,70+ years,Incidence,1996,5.112274909,26254171.327143084,derived_proxy_NOT_OFFICIAL,1342.185413323742,1342.185413323408,-3.340119292261079e-10,-2.4885677188144385e-11
China,Female,70+ years,Incidence,1997,5.0638460725,27054971.52638842,derived_proxy_NOT_OFFICIAL,1370.0221130561035,1370.0221130550135,-1.0900294000748545e-09,-7.95629055682415e-11
China,Female,70+ years,Incidence,1998,5.01777024505,27902798.50780301,derived_proxy_NOT_OFFICIAL,1400.098321061454,1400.098321060795,-6.591562851099297e-10,-4.707928544691095e-11
China,Female,70+ years,Incidence,1999,4.9812191213200006,28764480.4055664,derived_proxy_NOT_OFFICIAL,1432.8217981097373,1432.8217981104183,6.8098415795248e-10,4.752748449603952e-11
China,Female,70+ years,Incidence,2000,4.95591988798,29658121.562046297,derived_proxy_NOT_OFFICIAL,1469.832744895211,1469.8327448947373,-4.736193659482524e-10,-3.222267074897819e-11
China,Female,70+ years,Incidence,2001,4.94132505939,30544879.48090396,derived_proxy_NOT_OFFICIAL,1509.321784149973,1509.3217841503817,4.0881786844693124e-10,2.7086196776598652e-11
China,Female,70+ years,Incidence,2002,4.93143097475,31499622.9024361,derived_proxy_NOT_OFFICIAL,1553.3821607396085,1553.3821607401785,5.700258043361828e-10,3.6695786699699036e-11
China,Female,70+ years,Incidence,2003,4.92164555419,32571039.89134775,derived_proxy_NOT_OFFICIAL,1603.0311367654372,1603.0311367659683,5.311449058353901e-10,3.3133785966698265e-11
China,Female,70+ years,Incidence,2004,4.91957275589,33829856.705234565,derived_proxy_NOT_OFFICIAL,1664.284413828977,1664.284413827346,-1.6309513739543036e-09,-9.799715483737632e-11
China,Female,70+ years,Incidence,2005,4.89866787298,35141191.912578374,derived_proxy_NOT_OFFICIAL,1721.4502784024858,1721.450278403723,1.2371401680866256e-09,7.186615748406615e-11
China,Female,70+ years,Incidence,2006,4.872977125219999,36508575.15810533,derived_proxy_NOT_OFFICIAL,1779.0545161976752,1779.0545161982238,5.48652678844519e-10,3.083956527746769e-11
China,Female,70+ years,Incidence,2007,4.83479099369,37881601.98306625,derived_proxy_NOT_OFFICIAL,1831.496280943313,1831.4962809427798,-5.331912689143792e-10,-2.911233151070112e-11
China,Female,70+ years,Incidence,2008,4.77300974133,39177803.95329194,derived_proxy_NOT_OFFICIAL,1869.960399128261,1869.960399129794,1.5329533198382705e-09,8.197784940006769e-11
China,Female,70+ years,Incidence,2009,4.68277104023,40396277.47169453,derived_proxy_NOT_OFFICIAL,1891.6651827739183,1891.6651827754667,1.5484147297684103e-09,8.185458736930554e-11
China,Female,70+ years,Incidence,2010,4.60203471583,41754077.11180785,derived_proxy_NOT_OFFICIAL,1921.5371239600072,1921.5371239598255,-1.8167156667914242e-10,-9.454491636609334e-12
China,Female,70+ years,Incidence,2011,4.51366010807,43156708.073338345,derived_proxy_NOT_OFFICIAL,1947.94711626114,1947.947116262498,1.3578755897469819e-09,6.970803151747095e-11
China,Female,70+ years,Incidence,2012,4.42145200438,44668414.33708032,derived_proxy_NOT_OFFICIAL,1974.9925010309696,1974.992501031601,6.314166967058554e-10,3.1970587046596296e-11
China,Female,70+ years,Incidence,2013,4.33930882282,46278606.724077106,derived_proxy_NOT_OFFICIAL,2008.1716646556315,2008.1716646560476,4.1609382606111467e-10,2.0720032723520574e-11
China,Female,70+ years,Incidence,2014,4.27507988674,47983125.33830963,derived_proxy_NOT_OFFICIAL,2051.316940366052,2051.31694036732,1.267835614271462e-09,6.180593497391096e-11
China,Female,70+ years,Incidence,2015,4.23147211798,49800609.85494354,derived_proxy_NOT_OFFICIAL,2107.298920594396,2107.298920595936,1.540229277452454e-09,7.309021337219727e-11
China,Female,70+ years,Incidence,2016,4.2435125508,51928205.59856601,derived_proxy_NOT_OFFICIAL,2203.579921982153,2203.579921980377,-1.7757884052116424e-09,-8.058652139171309e-11
China,Female,70+ years,Incidence,2017,4.29376194652,54237868.547948346,derived_proxy_NOT_OFFICIAL,2328.844960315424,2328.844960315346,-7.821654435247183e-11,-3.3585981757187477e-12
China,Female,70+ years,Incidence,2018,4.35257827378,56361026.54457104,derived_proxy_NOT_OFFICIAL,2453.157796259064,2453.157796258378,-6.862137524876744e-10,-2.79726707158469e-11
China,Female,70+ years,Incidence,2019,4.5133400014200005,59954507.60193683,derived_proxy_NOT_OFFICIAL,2705.9507742547594,2705.9507742526102,-2.1491359802894294e-09,-7.942258228556721e-11
China,Female,70+ years,Incidence,2020,4.56694023727,62957730.14561026,derived_proxy_NOT_OFFICIAL,2875.241910489065,2875.2419104917394,2.6743691705632955e-09,9.301370993539803e-11
China,Female,70+ years,Incidence,2021,4.61397876898,66729520.77758011,derived_proxy_NOT_OFFICIAL,3078.885921320792,3078.8859213196442,-1.1477823136374354e-09,-3.7279143916610446e-11
China,Female,70+ years,Incidence,2022,4.64739286113,70536918.45904386,derived_proxy_NOT_OFFICIAL,3278.127712925308,3278.1277129266937,1.3856151781510562e-09,4.226849285608133e-11
China,Female,70+ years,Incidence,2023,4.71113753768,74696117.81811872,derived_proxy_NOT_OFFICIAL,3519.0368457209893,3519.03684571907,-1.919488568091765e-09,-5.454585024950187e-11
United States of America,Male,15-19 years,Incidence,1990,54.69660564749,9320231.166150702,derived_proxy_NOT_OFFICIAL,5097.850086384438,5097.850086383908,-5.302354111336172e-10,-1.0401157392795703e-11
United States of America,Male,15-19 years,Incidence,1991,54.84205574336,9077968.713092282,derived_proxy_NOT_OFFICIAL,4978.5446619992,4978.54466199885,-3.5015546018257737e-10,-7.0332895244524706e-12
United States of America,Male,15-19 years,Incidence,1992,54.95962087602,9027238.098561812,derived_proxy_NOT_OFFICIAL,4961.335834545664,4961.335834545208,-4.5565684558823705e-10,-9.18415646075618e-12
United States of America,Male,15-19 years,Incidence,1993,55.04728163821,9126583.446443485,derived_proxy_NOT_OFFICIAL,5023.936093710339,5023.936093709998,-3.410605131648481e-10,-6.788711217721001e-12
United States of America,Male,15-19 years,Incidence,1994,55.10244231554,9323745.80870649,derived_proxy_NOT_OFFICIAL,5137.611655890414,5137.611655890072,-3.41970007866621e-10,-6.656205855390859e-12
United States of America,Male,15-19 years,Incidence,1995,55.12225910481,9573096.622225782,derived_proxy_NOT_OFFICIAL,5276.907124457039,5276.90712445711,7.09405867382884e-11,1.3443592063521064e-12
United States of America,Male,15-19 years,Incidence,1996,55.08370205154,9837843.103981748,derived_proxy_NOT_OFFICIAL,5419.048183696075,5419.04818369528,-7.948983693495393e-10,-1.466859755447638e-11
United States of America,Male,15-19 years,Incidence,1997,54.99126842857999,10054746.056428991,derived_proxy_NOT_OFFICIAL,5529.232393703308,5529.232393702928,-3.80168785341084e-10,-6.875615967489816e-12
United States of America,Male,15-19 years,Incidence,1998,54.883013858210006,10233457.1277521,derived_proxy_NOT_OFFICIAL,5616.429693598182,5616.429693598165,-1.7280399333685637e-11,-3.076758773172659e-13
United States of America,Male,15-19 years,Incidence,1999,54.79732775381,10353259.96752865,derived_proxy_NOT_OFFICIAL,5673.30979761083,5673.309797610677,-1.5279510989785194e-10,-2.6932269759391195e-12
United States of America,Male,15-19 years,Incidence,2000,54.77269470351,10412244.67962611,derived_proxy_NOT_OFFICIAL,5703.066990154087,5703.0669901540705,-1.6370904631912708e-11,-2.870543982768541e-13
United States of America,Male,15-19 years,Incidence,2001,54.86853450672,10530041.868870746,derived_proxy_NOT_OFFICIAL,5777.679656393587,5777.679656393409,-1.7826096154749393e-10,-3.0853382698403875e-12
United States of America,Male,15-19 years,Incidence,2002,55.07256871341,10630269.43266184,derived_proxy_NOT_OFFICIAL,5854.362437723753,5854.362437723311,-4.420144250616431e-10,-7.550171854981764e-12
United States of America,Male,15-19 years,Incidence,2003,55.31408292017,10728897.085619073,derived_proxy_NOT_OFFICIAL,5934.591030359087,5934.591030359037,-5.002220859751105e-11,-8.428922623583775e-13
United States of America,Male,15-19 years,Incidence,2004,55.52062327662,10899967.559531353,derived_proxy_NOT_OFFICIAL,6051.729926001823,6051.729926001193,-6.293703336268663e-10,-1.039984172001328e-11
United States of America,Male,15-19 years,Incidence,2005,55.61957889805,11085511.386752512,derived_proxy_NOT_OFFICIAL,6165.714752007111,6165.71475200713,1.9099388737231493e-11,3.097676344987272e-13
United States of America,Male,15-19 years,Incidence,2006,55.627810546880006,11258658.63975205,derived_proxy_NOT_OFFICIAL,6262.945298241552,6262.945298241209,-3.4378899727016687e-10,-5.489254350771554e-12
United States of America,Male,15-19 years,Incidence,2007,55.60632247760999,11399456.492435165,derived_proxy_NOT_OFFICIAL,6338.818537878828,6338.818537878346,-4.81122697237879e-10,-7.59010049527113e-12
United States of America,Male,15-19 years,Incidence,2008,55.55278633446,11470051.17818845,derived_proxy_NOT_OFFICIAL,6371.933023472324,6371.933023472242,-8.185452315956354e-11,-1.2846105390316501e-12
United States of America,Male,15-19 years,Incidence,2009,55.46249889498,11449001.529238382,derived_proxy_NOT_OFFICIAL,6349.902346640472,6349.902346640081,-3.9108272176235914e-10,-6.158877734068908e-12
United States of America,Male,15-19 years,Incidence,2010,55.33130033767,11337177.006374067,derived_proxy_NOT_OFFICIAL,6273.007459210131,6273.0074592101,-3.092281986027956e-11,-4.929504717052134e-13
United States of America,Male,15-19 years,Incidence,2011,54.94703528779,11194798.836883891,derived_proxy_NOT_OFFICIAL,6151.210067299717,6151.210067299696,-2.091837814077735e-11,-3.400693182627753e-13
United States of America,Male,15-19 years,Incidence,2012,54.22770885782,11060862.344165567,derived_proxy_NOT_OFFICIAL,5998.052229158544,5998.0522291583475,-1.964508555829525e-10,-3.275244163896056e-12
United States of America,Male,15-19 years,Incidence,2013,53.36481306384,10963283.32984955,derived_proxy_NOT_OFFICIAL,5850.535654634068,5850.535654633347,-7.212292985059321e-10,-1.2327577184059443e-11
United States of America,Male,15-19 years,Incidence,2014,52.54989373225,10921166.212654714,derived_proxy_NOT_OFFICIAL,5739.061239072436,5739.061239072444,7.275957614183426e-12,1.2677957789764562e-13
United States of America,Male,15-19 years,Incidence,2015,51.973268209580006,10939040.331866086,derived_proxy_NOT_OFFICIAL,5685.376771235324,5685.376771234892,-4.320099833421409e-10,-7.598616604054428e-12
United States of America,Male,15-19 years,Incidence,2016,51.5479947417,10976509.908103682,derived_proxy_NOT_OFFICIAL,5658.1707502519,5658.170750251466,-4.3382897274568677e-10,-7.667300827327857e-12
United States of America,Male,15-19 years,Incidence,2017,51.10164687199,10998716.08843048,derived_proxy_NOT_OFFICIAL,5620.525055962716,5620.525055962495,-2.2100721253082156e-10,-3.932145312587103e-12
United States of America,Male,15-19 years,Incidence,2018,50.69662578201999,11008823.186296424,derived_proxy_NOT_OFFICIAL,5581.101893761354,5581.101893760948,-4.065441316924989e-10,-7.284298682074602e-12
United States of America,Male,15-19 years,Incidence,2019,50.39621926728,11016053.396964267,derived_proxy_NOT_OFFICIAL,5551.674424534984,5551.67442453476,-2.2373569663614035e-10,-4.0300579523785885e-12
United States of America,Male,15-19 years,Incidence,2020,50.26432736195,11011460.975554224,derived_proxy_NOT_OFFICIAL,5534.836792086363,5534.836792085948,-4.147295840084553e-10,-7.493077024446866e-12
United States of America,Male,15-19 years,Incidence,2021,50.64291074685,11044510.697008558,derived_proxy_NOT_OFFICIAL,5593.261694712217,5593.261694712344,1.2732925824820995e-10,2.276475966940454e-12
United States of America,Male,15-19 years,Incidence,2022,51.14456762129,11177787.606143154,derived_proxy_NOT_OFFICIAL,5716.8311407885285,5716.831140788058,-4.702087608166039e-10,-8.224989495697218e-12
United States of America,Male,15-19 years,Incidence,2023,51.42570423858,11304046.503213428,derived_proxy_NOT_OFFICIAL,5813.185521734598,5813.185521734083,-5.156834959052503e-10,-8.87092789275673e-12
United States of America,Male,20-24 years,Incidence,1990,92.36712119189,9990986.732238935,derived_proxy_NOT_OFFICIAL,9228.386823232977,9228.38682323279,-1.8735590856522322e-10,-2.0302129955535058e-12
United States of America,Male,20-24 years,Incidence,1991,92.39915421188,10084249.246967653,derived_proxy_NOT_OFFICIAL,9317.761012816454,9317.761012815989,-4.656612873077393e-10,-4.9975663323756476e-12
United States of America,Male,20-24 years,Incidence,1992,92.42086656886,10089205.933470018,derived_proxy_NOT_OFFICIAL,9324.531553630748,9324.531553629833,-9.149516699835658e-10,-9.812307081821238e-12
United States of America,Male,20-24 years,Incidence,1993,92.43335231216,10015839.127871163,derived_proxy_NOT_OFFICIAL,9257.975868085045,9257.975868084326,-7.185008144006133e-10,-7.760884502599495e-12
United States of America,Male,20-24 years,Incidence,1994,92.4379846873,9841332.729135009,derived_proxy_NOT_OFFICIAL,9097.12964118459,9097.129641184063,-5.275069270282984e-10,-5.798608438426174e-12
United States of America,Male,20-24 years,Incidence,1995,92.43548996328,9599928.037778944,derived_proxy_NOT_OFFICIAL,8873.740517843504,8873.740517843258,-2.455635694786906e-10,-2.767306176971326e-12
United States of America,Male,20-24 years,Incidence,1996,92.40441071571,9365580.361302739,derived_proxy_NOT_OFFICIAL,8654.209342968024,8654.209342968059,3.456079866737127e-11,3.993524688128054e-13
United States of America,Male,20-24 years,Incidence,1997,92.34389360651,9304651.062535413,derived_proxy_NOT_OFFICIAL,8592.277077645293,8592.277077644703,-5.893525667488575e-10,-6.859096388804644e-12
United States of America,Male,20-24 years,Incidence,1998,92.28657276448,9381593.005800582,derived_proxy_NOT_OFFICIAL,8657.950655765851,8657.95065576552,-3.310560714453459e-10,-3.823723241306252e-12
United States of America,Male,20-24 years,Incidence,1999,92.26487234553,9543608.313864525,derived_proxy_NOT_OFFICIAL,8805.398027945246,8805.398027944491,-7.548806024715304e-10,-8.572929924073892e-12
United States of America,Male,20-24 years,Incidence,2000,92.31130506312,9745877.62419597,derived_proxy_NOT_OFFICIAL,8996.546824750103,8996.546824749894,-2.091837814077735e-10,-2.3251563681333254e-12
United States of America,Male,20-24 years,Incidence,2001,92.62525553069,10079755.403079662,derived_proxy_NOT_OFFICIAL,9336.399198971549,9336.399198971068,-4.802132025361061e-10,-5.143451905837574e-12
United States of America,Male,20-24 years,Incidence,2002,93.23464693466,10340967.884184014,derived_proxy_NOT_OFFICIAL,9641.364896446166,9641.364896445546,-6.202753866091371e-10,-6.433481081478124e-12
United States of America,Male,20-24 years,Incidence,2003,93.92750916776,10518414.557537932,derived_proxy_NOT_OFFICIAL,9879.684797834798,9879.684797834443,-3.54702933691442e-10,-3.590225204038672e-12
United States of America,Male,20-24 years,Incidence,2004,94.49257858566,10649475.929958872,derived_proxy_NOT_OFFICIAL,10062.964412077625,10062.964412077334,-2.9103830456733704e-10,-2.892172650616068e-12
United States of America,Male,20-24 years,Incidence,2005,94.72315141969,10704019.328940384,derived_proxy_NOT_OFFICIAL,10139.18443694554,10139.184436945086,-4.5292836148291826e-10,-4.467108417838036e-12
United States of America,Male,20-24 years,Incidence,2006,94.56546528466,10768197.633000694,derived_proxy_NOT_OFFICIAL,10182.996194419467,10182.99619441885,-6.166374078020453e-10,-6.055559641080666e-12
United States of America,Male,20-24 years,Incidence,2007,94.14561280584,10812296.18010185,derived_proxy_NOT_OFFICIAL,10179.30249714011,10179.302497139315,-7.948983693495393e-10,-7.808966965790309e-12
United States of America,Male,20-24 years,Incidence,2008,93.56211840224,10879380.863079716,derived_proxy_NOT_OFFICIAL,10178.97920454582,10178.979204545283,-5.366018740460277e-10,-5.271666866225517e-12
United States of America,Male,20-24 years,Incidence,2009,92.90396021138,11006093.755488858,derived_proxy_NOT_OFFICIAL,10225.096963426606,10225.096963426548,-5.820766091346741e-11,-5.692626790891675e-13
United States of America,Male,20-24 years,Incidence,2010,92.26023356808,11159827.5140943,derived_proxy_NOT_OFFICIAL,10296.08293029842,10296.082930298257,-1.6370904631912708e-10,-1.5900128954612273e-12
United States of America,Male,20-24 years,Incidence,2011,91.32904632328,11313955.260756476,derived_proxy_NOT_OFFICIAL,10332.927441091657,10332.927441091457,-2.000888343900442e-10,-1.9364196209714714e-12
United States of America,Male,20-24 years,Incidence,2012,89.9665449165,11459404.47017825,derived_proxy_NOT_OFFICIAL,10309.6302698266,10309.630269826324,-2.764863893389702e-10,-2.681826429296581e-12
United States of America,Male,20-24 years,Incidence,2013,88.49991615932,11534476.581311354,derived_proxy_NOT_OFFICIAL,10208.002103877698,10208.002103876948,-7.494236342608929e-10,-7.341530954193381e-12
United States of America,Male,20-24 years,Incidence,2014,87.25788422789,11537026.579862595,derived_proxy_NOT_OFFICIAL,10066.9652963982,10066.9652963974,-8.003553375601768e-10,-7.95031386317117e-12
United States of America,Male,20-24 years,Incidence,2015,86.56556067423,11457805.673775258,derived_proxy_NOT_OFFICIAL,9918.513722467647,9918.513722467287,-3.601599019020796e-10,-3.6311882201285562e-12
United States of America,Male,20-24 years,Incidence,2016,86.27039121300001,11338618.207948163,derived_proxy_NOT_OFFICIAL,9781.870286145337,9781.870286145331,-5.4569682106375694e-12,-5.578655258153043e-14
United States of America,Male,20-24 years,Incidence,2017,86.01513469463,11206884.609080728,derived_proxy_NOT_OFFICIAL,9639.616891573152,9639.616891572548,-6.039044819772243e-10,-6.264818288630859e-12
United States of America,Male,20-24 years,Incidence,2018,85.8172228329,11084692.710126985,derived_proxy_NOT_OFFICIAL,9512.575443391896,9512.575443391897,1.8189894035458565e-12,1.9121944570851784e-14
United States of America,Male,20-24 years,Incidence,2019,85.69594343697,10994463.69355492,derived_proxy_NOT_OFFICIAL,9421.809388027756,9421.809388027026,-7.294147508218884e-10,-7.741769343675664e-12
United States of America,Male,20-24 years,Incidence,2020,85.67014494087,10954342.61419098,derived_proxy_NOT_OFFICIAL,9384.601194897044,9384.601194896903,-1.418811734765768e-10,-1.511850855779848e-12
United States of America,Male,20-24 years,Incidence,2021,86.46772208486,10928986.712554153,derived_proxy_NOT_OFFICIAL,9450.045857302925,9450.045857302603,-3.219611244276166e-10,-3.4069794928964017e-12
United States of America,Male,20-24 years,Incidence,2022,87.2676143483,10986271.340191033,derived_proxy_NOT_OFFICIAL,9587.456904416147,9587.456904415722,-4.256435204297304e-10,-4.439587313645934e-12
United States of America,Male,20-24 years,Incidence,2023,85.92450131222,11070684.901490917,derived_proxy_NOT_OFFICIAL,9512.430793453295,9512.430793453304,9.094947017729282e-12,9.561117673506401e-14
United States of America,Male,25-29 years,Incidence,1990,61.454628069520005,10923338.006422458,derived_proxy_NOT_OFFICIAL,6712.896744623538,6712.896744623443,-9.549694368615746e-11,-1.4225891938922258e-12
United States of America,Male,25-29 years,Incidence,1991,61.21524142924,10713439.708403394,derived_proxy_NOT_OFFICIAL,6558.257982875454,6558.257982875204,-2.5011104298755527e-10,-3.813681066536736e-12
United States of America,Male,25-29 years,Incidence,1992,61.0163060002,10506438.021638311,derived_proxy_NOT_OFFICIAL,6410.640373004525,6410.640373004191,-3.3378455555066466e-10,-5.206727193062418e-12
United States of America,Male,25-29 years,Incidence,1993,60.86426398849,10299048.784302197,derived_proxy_NOT_OFFICIAL,6268.440240382009,6268.44024038106,-9.486029739491642e-10,-1.5132998602078956e-11
United States of America,Male,25-29 years,Incidence,1994,60.76476135866,10162856.474974468,derived_proxy_NOT_OFFICIAL,6175.43548424201,6175.435484241361,-6.484697223640978e-10,-1.050079340993541e-11
United States of America,Male,25-29 years,Incidence,1995,60.72369900149,10140933.08538062,derived_proxy_NOT_OFFICIAL,6157.949682709114,6157.94968270904,-7.457856554538012e-11,-1.211094104175437e-12
United States of America,Male,25-29 years,Incidence,1996,60.754314200070006,10232862.066912899,derived_proxy_NOT_OFFICIAL,6216.905171792094,6216.90517179204,-5.3660187404602766e-11,-8.631334389347716e-13
United States of America,Male,25-29 years,Incidence,1997,60.84430878112,10238930.353109712,derived_proxy_NOT_OFFICIAL,6229.806399930661,6229.806399929893,-7.685230229981244e-10,-1.233622641959914e-11
United States of America,Male,25-29 years,Incidence,1998,60.960763882790005,10159433.234086126,derived_proxy_NOT_OFFICIAL,6193.268105661859,6193.268105660939,-9.204086381942034e-10,-1.486143700694581e-11
United States of America,Male,25-29 years,Incidence,1999,61.0707928187,9972436.981752358,derived_proxy_NOT_OFFICIAL,6090.246328101625,6090.2463281014025,-2.2282620193436742e-10,-3.658738742736929e-12
United States of America,Male,25-29 years,Incidence,2000,61.14169072154,9711374.430193247,derived_proxy_NOT_OFFICIAL,5937.698518919505,5937.698518919473,-3.183231456205249e-11,-5.361052680701795e-13
United States of America,Male,25-29 years,Incidence,2001,61.220875703770005,9532835.21788331,derived_proxy_NOT_OFFICIAL,5836.08519978621,5836.085199785553,-6.566551746800542e-10,-1.1251637907961129e-11
United States of America,Male,25-29 years,Incidence,2002,61.34449946794,9509634.207351021,derived_proxy_NOT_OFFICIAL,5833.637505732104,5833.637505731487,-6.166374078020453e-10,-1.057037581090941e-11
United States of America,Male,25-29 years,Incidence,2003,61.47073309805,9600480.536126204,derived_proxy_NOT_OFFICIAL,5901.485766493281,5901.485766492378,-9.022187441587448e-10,-1.5287993225049357e-11
United States of America,Male,25-29 years,Incidence,2004,61.55739861770999,9792161.873291066,derived_proxy_NOT_OFFICIAL,6027.800117633323,6027.8001176332,-1.227817847393453e-10,-2.0369252852324633e-12
United States of America,Male,25-29 years,Incidence,2005,61.56300603463001,10029398.514912736,derived_proxy_NOT_OFFICIAL,6174.399212973014,6174.399212972819,-1.9463186617940664e-10,-3.152239747803578e-12
United States of America,Male,25-29 years,Incidence,2006,61.376146191180005,10285388.636720559,derived_proxy_NOT_OFFICIAL,6312.775166004777,6312.775166004627,-1.5006662579253316e-10,-2.3771894586182005e-12
United States of America,Male,25-29 years,Incidence,2007,60.98767665456,10481909.24955501,derived_proxy_NOT_OFFICIAL,6392.67292034339,6392.672920343026,-3.637978807091713e-10,-5.690857099093214e-12
United States of America,Male,25-29 years,Incidence,2008,60.52548620993,10638125.351841662,derived_proxy_NOT_OFFICIAL,6438.777092824279,6438.777092823993,-2.8558133635669947e-10,-4.435335037067314e-12
United States of America,Male,25-29 years,Incidence,2009,60.11589622073,10726507.76725822,derived_proxy_NOT_OFFICIAL,6448.336277474285,6448.336277473494,-7.912603905424476e-10,-1.2270768094190834e-11
United States of America,Male,25-29 years,Incidence,2010,59.88327802094,10754626.653171958,derived_proxy_NOT_OFFICIAL,6440.222978833673,6440.222978833078,-5.948095349594951e-10,-9.23585312052682e-12
United States of America,Male,25-29 years,Incidence,2011,59.7679228029,10806234.385354495,derived_proxy_NOT_OFFICIAL,6458.661825339673,6458.66182533911,-5.629772203974426e-10,-8.716623282375286e-12
United States of America,Male,25-29 years,Incidence,2012,59.6434488924,10865289.515247269,derived_proxy_NOT_OFFICIAL,6480.43339903874,6480.433399037801,-9.395080269314349e-10,-1.4497611025071171e-11
United States of America,Male,25-29 years,Incidence,2013,59.53259172951,10950894.015615704,derived_proxy_NOT_OFFICIAL,6519.351025048184,6519.35102504784,-3.4378899727016687e-10,-5.273362271018778e-12
United States of America,Male,25-29 years,Incidence,2014,59.45848701618,11122251.289453948,derived_proxy_NOT_OFFICIAL,6613.122338846897,6613.122338846889,-8.185452315956354e-12,-1.2377590941987045e-13
United States of America,Male,25-29 years,Incidence,2015,59.44385802515001,11330053.409369374,derived_proxy_NOT_OFFICIAL,6735.020862839809,6735.020862839198,-6.102709448896348e-10,-9.061158938003872e-12
United States of America,Male,25-29 years,Incidence,2016,59.54460692845,11529531.863043368,derived_proxy_NOT_OFFICIAL,6865.214428540346,6865.214428539572,-7.739799912087619e-10,-1.1273937606247828e-11
United States of America,Male,25-29 years,Incidence,2017,59.76159164306,11696675.43045013,derived_proxy_NOT_OFFICIAL,6990.119406559704,6990.119406559738,3.456079866737127e-11,4.94423580732234e-13
United States of America,Male,25-29 years,Incidence,2018,60.03290389693,11766814.454029925,derived_proxy_NOT_OFFICIAL,7063.960412918459,7063.960412917853,-6.057234713807702e-10,-8.574842382653117e-12
United States of America,Male,25-29 years,Incidence,2019,60.29615218661,11730345.48879876,derived_proxy_NOT_OFFICIAL,7072.946967941519,7072.946967941241,-2.773958840407431e-10,-3.921927950231405e-12
United States of America,Male,25-29 years,Incidence,2020,60.48875145918,11579709.090034332,derived_proxy_NOT_OFFICIAL,7004.421451166937,7004.421451166941,3.637978807091713e-12,5.193831970926914e-14
United States of America,Male,25-29 years,Incidence,2021,60.87061693462,11373821.57352305,derived_proxy_NOT_OFFICIAL,6923.31536084713,6923.3153608463845,-7.457856554538012e-10,-1.0772088466045949e-11
United States of America,Male,25-29 years,Incidence,2022,61.09434907577,11240233.35142159,derived_proxy_NOT_OFFICIAL,6867.147400648867,6867.147400648627,-2.4010660126805305e-10,-3.4964532907123228e-12
United States of America,Male,25-29 years,Incidence,2023,58.30423737515999,11169651.166496312,derived_proxy_NOT_OFFICIAL,6512.379930092217,6512.379930091337,-8.803908713161945e-10,-1.3518727113080578e-11
United States of America,Male,30-34 years,Incidence,1990,37.51660236211,11134309.472872403,derived_proxy_NOT_OFFICIAL,4177.2146107043245,4177.2146107042845,-4.001776687800884e-11,-9.580012186939422e-13
United States of America,Male,30-34 years,Incidence,1991,37.49008287763,11248892.413917243,derived_proxy_NOT_OFFICIAL,4217.219088793326,4217.219088793009,-3.1650415621697903e-10,-7.505044190330185e-12
United States of America,Male,30-34 years,Incidence,1992,37.47068109846,11285387.627054833,derived_proxy_NOT_OFFICIAL,4228.711608459456,4228.711608458779,-6.775735528208315e-10,-1.60231677058648e-11
United States of America,Male,30-34 years,Incidence,1993,37.45819759252,11266151.44024086,derived_proxy_NOT_OFFICIAL,4220.0972675589,4220.09726755796,-9.404175216332078e-10,-2.228426176008945e-11
United States of America,Male,30-34 years,Incidence,1994,37.45202176941,11275331.40232702,derived_proxy_NOT_OFFICIAL,4222.839571373572,4222.839571372638,-9.340510587207973e-10,-2.2119027799509244e-11
United States of America,Male,30-34 years,Incidence,1995,37.45156638327,11145440.726630349,derived_proxy_NOT_OFFICIAL,4174.142132442066,4174.142132441975,-9.094947017729282e-11,-2.1788781333155795e-12
United States of America,Male,30-34 years,Incidence,1996,37.46811146404,10945221.885846939,derived_proxy_NOT_OFFICIAL,4100.967936176196,4100.967936175632,-5.647962098009884e-10,-1.3772265928214324e-11
United States of America,Male,30-34 years,Incidence,1997,37.50356175826,10734460.638021486,derived_proxy_NOT_OFFICIAL,4025.805074797489,4025.8050747964985,-9.904397302307189e-10,-2.4602277353941217e-11
United States of America,Male,30-34 years,Incidence,1998,37.54314180698,10515984.623298673,derived_proxy_NOT_OFFICIAL,3948.031019525393,3948.0310195252328,-1.6007106751203537e-10,-4.054453136775964e-12
United States of America,Male,30-34 years,Incidence,1999,37.57273066491,10354426.212635651,derived_proxy_NOT_OFFICIAL,3890.4406727707424,3890.440672770434,-3.0831870390102267e-10,-7.925032916166806e-12
United States of America,Male,30-34 years,Incidence,2000,37.5768468054,10301551.786756111,derived_proxy_NOT_OFFICIAL,3870.9983334886247,3870.998333488291,-3.3378455555066466e-10,-8.6226995414346e-12
United States of America,Male,30-34 years,Incidence,2001,37.51631551519,10408277.234079508,derived_proxy_NOT_OFFICIAL,3904.8021268338975,3904.802126832959,-9.38598532229662e-10,-2.4037031883884448e-11
United States of America,Male,30-34 years,Incidence,2002,37.39214187665,10428943.396229912,derived_proxy_NOT_OFFICIAL,3899.605310954676,3899.6053109538097,-8.662937034387141e-10,-2.2214907262669454e-11
United States of America,Male,30-34 years,Incidence,2003,37.24539512183,10352242.119216923,derived_proxy_NOT_OFFICIAL,3855.7334812710255,3855.7334812708505,-1.7507773009128869e-10,-4.5407114091707155e-12
United States of America,Male,30-34 years,Incidence,2004,37.11679647889,10186028.340412777,derived_proxy_NOT_OFFICIAL,3780.7274083935504,3780.727408393067,-4.833964339923114e-10,-1.278580499930062e-11
United States of America,Male,30-34 years,Incidence,2005,37.04606028715,9954724.054189749,derived_proxy_NOT_OFFICIAL,3687.833074534664,3687.833074534557,-1.0686562745831907e-10,-2.897789170454889e-12
United States of America,Male,30-34 years,Incidence,2006,37.00491173537,9722481.005422542,derived_proxy_NOT_OFFICIAL,3597.795514544809,3597.7955145447254,-8.36735125631094e-11,-2.325688389594196e-12
United States of America,Male,30-34 years,Incidence,2007,36.95257406927,9655373.41318465,derived_proxy_NOT_OFFICIAL,3567.9090121725058,3567.909012171661,-8.449205779470503e-10,-2.3681113365404372e-11
United States of America,Male,30-34 years,Incidence,2008,36.90759539467,9731970.49035619,derived_proxy_NOT_OFFICIAL,3591.8362925100114,3591.8362925093443,-6.671143637504429e-10,-1.8573072640909716e-11
United States of America,Male,30-34 years,Incidence,2009,36.88896614732,9893516.524094567,derived_proxy_NOT_OFFICIAL,3649.615961352843,3649.6159613527548,-8.822098607197404e-11,-2.417267652437387e-12
United States of America,Male,30-34 years,Incidence,2010,36.91467356221,10113615.075042779,derived_proxy_NOT_OFFICIAL,3733.4079902914114,3733.407990290502,-9.094947017729282e-10,-2.4360978069850265e-11
United States of America,Male,30-34 years,Incidence,2011,37.09481075305,10359162.479162175,derived_proxy_NOT_OFFICIAL,3842.711717246365,3842.7117172461712,-1.9372237147763371e-10,-5.0412933816552995e-12
United States of America,Male,30-34 years,Incidence,2012,37.45032643254,10574852.570801128,derived_proxy_NOT_OFFICIAL,3960.316807525573,3960.3168075248705,-7.025846571195871e-10,-1.774061751283392e-11
United States of America,Male,30-34 years,Incidence,2013,37.86660507404,10760354.635306759,derived_proxy_NOT_OFFICIAL,4074.580994318432,4074.580994317768,-6.643858796451241e-10,-1.630562456781542e-11
United States of America,Male,30-34 years,Incidence,2014,38.22847085518,10895685.331454208,derived_proxy_NOT_OFFICIAL,4165.2538914077,4165.253891407094,-6.066329660825431e-10,-1.456412938798129e-11
United States of America,Male,30-34 years,Incidence,2015,38.42070877643,10977462.22606663,derived_proxy_NOT_OFFICIAL,4217.618792919782,4217.618792919669,-1.127773430198431e-10,-2.6739577130385785e-12
United States of America,Male,30-34 years,Incidence,2016,38.46753290453,11071989.683387179,derived_proxy_NOT_OFFICIAL,4259.121274643691,4259.12127464313,-5.611582309938967e-10,-1.3175446173244785e-11
United States of America,Male,30-34 years,Incidence,2017,38.4820805121,11153324.583020583,derived_proxy_NOT_OFFICIAL,4292.031345813964,4292.031345813823,-1.418811734765768e-10,-3.3056881938887537e-12
United States of America,Male,30-34 years,Incidence,2018,38.48169995764,11244620.099751743,derived_proxy_NOT_OFFICIAL,4327.120968163449,4327.120968162945,-5.038600647822022e-10,-1.164423339419731e-11
United States of America,Male,30-34 years,Incidence,2019,38.4833138181,11401691.032486796,derived_proxy_NOT_OFFICIAL,4387.748540602956,4387.74854060206,-8.967617759481072e-10,-2.0437857084327716e-11
United States of America,Male,30-34 years,Incidence,2020,38.50396615935,11567467.412742972,derived_proxy_NOT_OFFICIAL,4453.933738096998,4453.933738096393,-6.048139766789973e-10,-1.3579321387421718e-11
United States of America,Male,30-34 years,Incidence,2021,38.72693562865,11706103.035111902,derived_proxy_NOT_OFFICIAL,4533.414987032198,4533.414987031229,-9.686118573881686e-10,-2.1366053188575853e-11
United States of America,Male,30-34 years,Incidence,2022,38.88799135556,11858406.319730546,derived_proxy_NOT_OFFICIAL,4611.496024524017,4611.496024523995,-2.1827872842550278e-11,-4.73336043801605e-13
United States of America,Male,30-34 years,Incidence,2023,37.81590035741,11948148.121294558,derived_proxy_NOT_OFFICIAL,4518.2997881045485,4518.299788104505,-4.3655745685100555e-11,-9.661985200724005e-13
United States of America,Male,35-39 years,Incidence,1990,28.213147078090003,10114807.254022676,derived_proxy_NOT_OFFICIAL,2853.705447243108,2853.7054472427344,-3.738023224286735e-10,-1.309884041430395e-11
United States of America,Male,35-39 years,Incidence,1991,28.1290805641,10356835.808295032,derived_proxy_NOT_OFFICIAL,2913.282688407482,2913.282688406867,-6.15273165749386e-10,-2.1119583355150444e-11
United States of America,Male,35-39 years,Incidence,1992,28.05540679125,10610624.956899246,derived_proxy_NOT_OFFICIAL,2976.853994752045,2976.8539947519785,-6.639311322942376e-11,-2.230311373902432e-12
United States of America,Male,35-39 years,Incidence,1993,27.99525897414,10847660.041541506,derived_proxy_NOT_OFFICIAL,3036.8305212641603,3036.8305212638475,-3.128661774098873e-10,-1.0302391760724552e-11
United States of America,Male,35-39 years,Incidence,1994,27.95178708436,11007562.292682998,derived_proxy_NOT_OFFICIAL,3076.8103752291613,3076.8103752290476,-1.1368683772161603e-10,-3.694957565044892e-12
United States of America,Male,35-39 years,Incidence,1995,27.92814288021,11182250.917044943,derived_proxy_NOT_OFFICIAL,3122.995013336332,3122.9950133359043,-4.2746250983327627e-10,-1.3687582208996649e-11
United States of America,Male,35-39 years,Incidence,1996,27.92400352391,11314163.753831249,derived_proxy_NOT_OFFICIAL,3159.367485320964,3159.367485320786,-1.7826096154749393e-10,-5.642299048012902e-12
United States of America,Male,35-39 years,Incidence,1997,27.930575034950003,11371166.74587192,derived_proxy_NOT_OFFICIAL,3176.032260305394,3176.0322603050395,-3.54702933691442e-10,-1.1168114950360587e-11
United States of America,Male,35-39 years,Incidence,1998,27.93867038822,11369304.299400453,derived_proxy_NOT_OFFICIAL,3176.4324536438803,3176.4324536432177,-6.625668902415782e-10,-2.0858837702703456e-11
United States of America,Male,35-39 years,Incidence,1999,27.93904608756,11391159.210789459,derived_proxy_NOT_OFFICIAL,3182.5812218098868,3182.581221809803,-8.36735125631094e-11,-2.6291084730125288e-12
United States of America,Male,35-39 years,Incidence,2000,27.92234149135,11276067.618916648,derived_proxy_NOT_OFFICIAL,3148.542107349939,3148.5421073494454,-4.938556230627e-10,-1.568521576731803e-11
United States of America,Male,35-39 years,Incidence,2001,27.83625610724,11103049.705809873,derived_proxy_NOT_OFFICIAL,3090.6733518241567,3090.6733518233937,-7.630660547874868e-10,-2.4689314201939683e-11
United States of America,Male,35-39 years,Incidence,2002,27.67289835384,10899887.025995938,derived_proxy_NOT_OFFICIAL,3016.3146573879653,3016.31465738725,-7.153175829444081e-10,-2.3714952324100392e-11
United States of America,Male,35-39 years,Incidence,2003,27.488843311590003,10677629.98208631,derived_proxy_NOT_OFFICIAL,2935.156975167788,2935.156975167062,-7.262315193656832e-10,-2.4742510383935026e-11
United States of America,Male,35-39 years,Incidence,2004,27.34069073684,10518189.675279826,derived_proxy_NOT_OFFICIAL,2875.7457102329986,2875.745710232493,-5.056790541857481e-10,-1.7584275702345634e-11
United States of America,Male,35-39 years,Incidence,2005,27.284615192320004,10477647.816234592,derived_proxy_NOT_OFFICIAL,2858.785887866926,2858.7858878661286,-7.971721061039716e-10,-2.7884988151343474e-11
United States of America,Male,35-39 years,Incidence,2006,27.41374862022,10556749.138482986,derived_proxy_NOT_OFFICIAL,2894.000671291367,2894.0006712909662,-4.006324161309749e-10,-1.3843549523165933e-11
United States of America,Male,35-39 years,Incidence,2007,27.71777830555,10553176.98673803,derived_proxy_NOT_OFFICIAL,2925.1062013765613,2925.106201376369,-1.9235812942497432e-10,-6.5761075387433855e-12
United States of America,Male,35-39 years,Incidence,2008,28.09808911938,10468627.211110234,derived_proxy_NOT_OFFICIAL,2941.4842033542272,2941.4842033534187,-8.085407898761332e-10,-2.7487510861154365e-11
United States of America,Male,35-39 years,Incidence,2009,28.45695468961,10290372.572574448,derived_proxy_NOT_OFFICIAL,2928.3266603696698,2928.3266603695656,-1.0413714335300028e-10,-3.5561996809418144e-12
United States of America,Male,35-39 years,Incidence,2010,28.69717080279,10059995.0158712,derived_proxy_NOT_OFFICIAL,2886.933952456961,2886.93395245672,-2.41016095969826e-10,-8.348514373344296e-12
United States of America,Male,35-39 years,Incidence,2011,28.86171024113,9829479.316113792,derived_proxy_NOT_OFFICIAL,2836.9558384293127,2836.955838428569,-7.435119186993688e-10,-2.6208089270470138e-11
United States of America,Male,35-39 years,Incidence,2012,29.04023006987,9777091.663972978,derived_proxy_NOT_OFFICIAL,2839.28991336075,2839.2899133598335,-9.163159120362252e-10,-3.2272713953032716e-11
United States of America,Male,35-39 years,Incidence,2013,29.20452168924,9872197.143140286,derived_proxy_NOT_OFFICIAL,2883.127955873176,2883.127955872936,-2.396518539171666e-10,-8.312217063726759e-12
United States of America,Male,35-39 years,Incidence,2014,29.32598351747,10061055.276201524,derived_proxy_NOT_OFFICIAL,2950.5034119824045,2950.5034119824045,0.0,0.0
United States of America,Male,35-39 years,Incidence,2015,29.37598289191,10314696.326153483,derived_proxy_NOT_OFFICIAL,3030.043428123968,3030.043428123316,-6.521077011711895e-10,-2.1521397849236035e-11
United States of America,Male,35-39 years,Incidence,2016,29.33337564166,10591712.112730715,derived_proxy_NOT_OFFICIAL,3106.9067009112305,3106.906700910504,-7.266862667165697e-10,-2.3389381679966075e-11
United States of America,Male,35-39 years,Incidence,2017,29.22263654497,10829528.086504854,derived_proxy_NOT_OFFICIAL,3164.673632255343,3164.673632254758,-5.848050932399929e-10,-1.8479159660556355e-11
United States of America,Male,35-39 years,Incidence,2018,29.08417245821,11027668.277793705,derived_proxy_NOT_OFFICIAL,3207.306060033386,3207.306060032838,-5.479705578181893e-10,-1.708507225570126e-11
United States of America,Male,35-39 years,Incidence,2019,28.9580091818,11156298.394584633,derived_proxy_NOT_OFFICIAL,3230.641913452815,3230.641913452824,9.094947017729282e-12,2.8152135895521985e-13
United States of America,Male,35-39 years,Incidence,2020,28.88407886046,11214974.047238816,derived_proxy_NOT_OFFICIAL,3239.341947985518,3239.341947984582,-9.358700481243432e-10,-2.8890745810467525e-11
United States of America,Male,35-39 years,Incidence,2021,28.86487417391,11269957.53071883,derived_proxy_NOT_OFFICIAL,3253.059060696188,3253.0590606950846,-1.1036718206014484e-09,-3.392719898436923e-11
United States of America,Male,35-39 years,Incidence,2022,28.88851633846,11335073.003787797,derived_proxy_NOT_OFFICIAL,3274.534416676059,3274.5344166756063,-4.5292836148291826e-10,-1.383184000682089e-11
United States of America,Male,35-39 years,Incidence,2023,29.22239540082,11430970.237131624,derived_proxy_NOT_OFFICIAL,3340.403320844898,3340.403320844655,-2.432898327242583e-10,-7.283247241615192e-12
United States of America,Male,40-44 years,Incidence,1990,22.7589891927,8927684.514486313,derived_proxy_NOT_OFFICIAL,2031.85075381115,2031.8507538102913,-8.587903721490875e-10,-4.226641009622637e-11
United States of America,Male,40-44 years,Incidence,1991,22.6578611212,9398982.213466972,derived_proxy_NOT_OFFICIAL,2129.6083367344854,2129.6083367336364,-8.490133041050285e-10,-3.986711027845124e-11
United States of America,Male,40-44 years,Incidence,1992,22.56766219455,9460885.276952233,derived_proxy_NOT_OFFICIAL,2135.1006299169235,2135.1006299164965,-4.270077624823898e-10,-1.9999420940595414e-11
United States of America,Male,40-44 years,Incidence,1993,22.49276155529,9578814.378473807,derived_proxy_NOT_OFFICIAL,2154.5398779744223,2154.539877973947,-4.75210981676355e-10,-2.2056262988416893e-11
United States of America,Male,40-44 years,Incidence,1994,22.43756175646,9816162.995630855,derived_proxy_NOT_OFFICIAL,2202.507634259778,2202.507634259447,-3.310560714453459e-10,-1.50308705538997e-11
United States of America,Male,40-44 years,Incidence,1995,22.40613288106,10055346.210195467,derived_proxy_NOT_OFFICIAL,2253.0142335072173,2253.0142335070273,-1.90084392670542e-10,-8.436892667768096e-12
United States of America,Male,40-44 years,Incidence,1996,22.3961629256,10299044.12161166,derived_proxy_NOT_OFFICIAL,2306.5907012558496,2306.5907012555767,-2.7284841053187847e-10,-1.1829077884659946e-11
United States of America,Male,40-44 years,Incidence,1997,22.39700363975,10553158.9126929,derived_proxy_NOT_OFFICIAL,2363.591385784689,2363.5913857844307,-2.582964953035116e-10,-1.09281365999631e-11
United States of America,Male,40-44 years,Incidence,1998,22.39971484036,10796704.463218298,derived_proxy_NOT_OFFICIAL,2418.431011917328,2418.4310119173197,-8.185452315956354e-12,-3.384612699564641e-13
United States of America,Male,40-44 years,Incidence,1999,22.39523881859,10968176.365553657,derived_proxy_NOT_OFFICIAL,2456.349291110015,2456.349291109886,-1.291482476517558e-10,-5.257731386947586e-12
United States of America,Male,40-44 years,Incidence,2000,22.37456764698,11149830.606841668,derived_proxy_NOT_OFFICIAL,2494.726391652378,2494.72639165147,-9.081304597202688e-10,-3.6402006358652026e-11
United States of America,Male,40-44 years,Incidence,2001,22.28460223023,11290093.365310302,derived_proxy_NOT_OFFICIAL,2515.9523978811626,2515.952397880989,-1.737134880386293e-10,-6.904482302007147e-12
United States of America,Male,40-44 years,Incidence,2002,22.11650973271,11354299.136232704,derived_proxy_NOT_OFFICIAL,2511.1746735463794,2511.1746735459133,-4.661160346586257e-10,-1.8561673131258462e-11
United States of America,Male,40-44 years,Incidence,2003,21.92801467684,11350942.104181359,derived_proxy_NOT_OFFICIAL,2489.036250564873,2489.0362505644994,-3.738023224286735e-10,-1.5017954131597768e-11
United States of America,Male,40-44 years,Incidence,2004,21.77679154878,11373497.902435588,derived_proxy_NOT_OFFICIAL,2476.782930018324,2476.782930018264,-6.002665031701326e-11,-2.423573321242535e-12
United States of America,Male,40-44 years,Incidence,2005,21.72036075889,11268051.912069168,derived_proxy_NOT_OFFICIAL,2447.461525801122,2447.4615258004255,-6.96672941558063e-10,-2.8465123321193888e-11
United States of America,Male,40-44 years,Incidence,2006,21.90775552485,11083674.767209198,derived_proxy_NOT_OFFICIAL,2428.1843711702345,2428.1843711696783,-5.561560101341456e-10,-2.2904191985475668e-11
United States of America,Male,40-44 years,Incidence,2007,22.34656599444,10871921.181094192,derived_proxy_NOT_OFFICIAL,2429.501041597688,2429.5010415967145,-9.736140782479197e-10,-4.007465160861391e-11
United States of America,Male,40-44 years,Incidence,2008,22.88175377098,10653092.195375435,derived_proxy_NOT_OFFICIAL,2437.614325142069,2437.614325141295,-7.739799912087619e-10,-3.175153605005389e-11
United States of America,Male,40-44 years,Incidence,2009,23.35858382145,10488530.277018555,derived_proxy_NOT_OFFICIAL,2449.972136396507,2449.972136395541,-9.658833732828498e-10,-3.942425952253891e-11
United States of America,Male,40-44 years,Incidence,2010,23.62255585133,10449338.655608306,derived_proxy_NOT_OFFICIAL,2468.400860015904,2468.400860015687,-2.1691448637284338e-10,-8.787652357706835e-12
United States of America,Male,40-44 years,Incidence,2011,23.72366133656,10532465.268315937,derived_proxy_NOT_OFFICIAL,2498.6863906462927,2498.6863906460785,-2.141860022675246e-10,-8.571944165114884e-12
United States of America,Male,40-44 years,Incidence,2012,23.81033723718,10543849.359398745,derived_proxy_NOT_OFFICIAL,2510.526090253212,2510.5260902530845,-1.2732925824820995e-10,-5.0718157736957645e-12
United States of America,Male,40-44 years,Incidence,2013,23.87626241038,10475489.662726173,derived_proxy_NOT_OFFICIAL,2501.155400644825,2501.1554006447323,-9.276845958083868e-11,-3.709024219643528e-12
United States of America,Male,40-44 years,Incidence,2014,23.91499213413,10321756.521089762,derived_proxy_NOT_OFFICIAL,2468.447260123279,2468.447260122667,-6.120899342931807e-10,-2.4796557098109185e-11
United States of America,Male,40-44 years,Incidence,2015,23.92012686175,10116840.824382497,derived_proxy_NOT_OFFICIAL,2419.961159594047,2419.9611595936076,-4.3928594095632434e-10,-1.81526029545869e-11
United States of America,Male,40-44 years,Incidence,2016,23.85207900887,9900702.22396957,derived_proxy_NOT_OFFICIAL,2361.523316894322,2361.523316894171,-1.509761204943061e-10,-6.393166623180213e-12
United States of America,Male,40-44 years,Incidence,2017,23.70585900424,9857740.026171818,derived_proxy_NOT_OFFICIAL,2336.861951608896,2336.8619516088224,-7.366907084360719e-11,-3.1524785104608805e-12
United States of America,Male,40-44 years,Incidence,2018,23.52550048234,9955052.280475914,derived_proxy_NOT_OFFICIAL,2341.9758722608203,2341.97587226056,-2.601154847070575e-10,-1.1106667997222177e-11
United States of America,Male,40-44 years,Incidence,2019,23.35512203951,10136147.614292381,derived_proxy_NOT_OFFICIAL,2367.3096454230367,2367.309645422867,-1.6962076188065112e-10,-7.165127815391467e-12
United States of America,Male,40-44 years,Incidence,2020,23.23879320289,10368847.821568955,derived_proxy_NOT_OFFICIAL,2409.5951027776014,2409.595102776774,-8.271854312624782e-10,-3.4328814426496824e-11
United States of America,Male,40-44 years,Incidence,2021,23.09095904103,10614627.111028649,derived_proxy_NOT_OFFICIAL,2451.0191985663782,2451.0191985656916,-6.866684998385608e-10,-2.8015631221501612e-11
United States of America,Male,40-44 years,Incidence,2022,23.01544228794,10836675.991685472,derived_proxy_NOT_OFFICIAL,2494.108908798208,2494.1089087974196,-7.885319064371288e-10,-3.1615776827367356e-11
United States of America,Male,40-44 years,Incidence,2023,23.91192250824,11034382.594724854,derived_proxy_NOT_OFFICIAL,2638.5330153140385,2638.5330153133295,-7.089511200319976e-10,-2.6869139628621177e-11
United States of America,Male,45-49 years,Incidence,1990,21.15485189494,6871799.877347618,derived_proxy_NOT_OFFICIAL,1453.719086570131,1453.7190865695572,-5.736637831432745e-10,-3.9461804446467213e-11
United States of America,Male,45-49 years,Incidence,1991,21.07481009428,7031726.290817872,derived_proxy_NOT_OFFICIAL,1481.922962139905,1481.9229621394256,-4.793037078343332e-10,-3.2343361974917774e-11
United States of America,Male,45-49 years,Incidence,1992,21.00660324384,7590294.390480838,derived_proxy_NOT_OFFICIAL,1594.4630276482108,1594.4630276477533,-4.574758349917829e-10,-2.8691529816564464e-11
United States of America,Male,45-49 years,Incidence,1993,20.95242087633,7980335.496687604,derived_proxy_NOT_OFFICIAL,1672.0734806096625,1672.073480609147,-5.154561222298071e-10,-3.082736065174984e-11
United States of America,Male,45-49 years,Incidence,1994,20.91449094853,8325501.509652177,derived_proxy_NOT_OFFICIAL,1741.2362596566793,1741.2362596559328,-7.464677764801309e-10,-4.286998805247212e-11
United States of America,Male,45-49 years,Incidence,1995,20.895026554180003,8758359.317048352,derived_proxy_NOT_OFFICIAL,1830.0615050083163,1830.0615050077515,-5.647962098009884e-10,-3.086214360857898e-11
United States of America,Male,45-49 years,Incidence,1996,20.89795201976,9221786.222268581,derived_proxy_NOT_OFFICIAL,1927.164460095088,1927.1644600945267,-5.6138560466934e-10,-2.913013478059058e-11
United States of America,Male,45-49 years,Incidence,1997,20.91673517117,9291101.973606374,derived_proxy_NOT_OFFICIAL,1943.395194302732,1943.3951943025943,-1.3778844731859863e-10,-7.090088918740768e-12
United States of America,Male,45-49 years,Incidence,1998,20.93910952097,9418741.80897231,derived_proxy_NOT_OFFICIAL,1972.200662878222,1972.200662878103,-1.1891643225681037e-10,-6.02963149212536e-12
United States of America,Male,45-49 years,Incidence,1999,20.95286342844,9661061.847543653,derived_proxy_NOT_OFFICIAL,2024.26909465323,2024.269094652944,-2.8603608370758593e-10,-1.4130338919025274e-11
United States of America,Male,45-49 years,Incidence,2000,20.94552158627,9914337.311707173,derived_proxy_NOT_OFFICIAL,2076.6096617593685,2076.6096617592466,-1.2187229003757238e-10,-5.868810700529939e-12
United States of America,Male,45-49 years,Incidence,2001,20.8703485141,10169531.485354856,derived_proxy_NOT_OFFICIAL,2122.416663245129,2122.4166632446886,-4.4019543565809727e-10,-2.074029304806946e-11
United States of America,Male,45-49 years,Incidence,2002,20.72358588127,10426550.24456131,derived_proxy_NOT_OFFICIAL,2160.755094385884,2160.7550943854303,-4.538378561846912e-10,-2.1003669382238714e-11
United States of America,Male,45-49 years,Incidence,2003,20.55649794369,10670274.729882926,derived_proxy_NOT_OFFICIAL,2193.4348054348293,2193.4348054344573,-3.7198333302512765e-10,-1.6958941843333484e-11
United States of America,Male,45-49 years,Incidence,2004,20.42053103741,10848260.640767535,derived_proxy_NOT_OFFICIAL,2215.272431167388,2215.2724311670677,-3.2014213502407074e-10,-1.4451592071471074e-11
United States of America,Male,45-49 years,Incidence,2005,20.36730498248,11032274.100504985,derived_proxy_NOT_OFFICIAL,2246.9769125540524,2246.9769125530024,-1.0500116331968457e-09,-4.672996982436004e-11
United States of America,Male,45-49 years,Incidence,2006,20.49402097918,11175159.088897951,derived_proxy_NOT_OFFICIAL,2290.239448135548,2290.2394481354863,-6.184563972055912e-11,-2.7004005965798376e-12
United States of America,Male,45-49 years,Incidence,2007,20.79467360862,11243598.53075748,derived_proxy_NOT_OFFICIAL,2338.069616335036,2338.0696163346115,-4.24279278377071e-10,-1.8146563105427804e-11
United States of America,Male,45-49 years,Incidence,2008,21.165692281330003,11252817.290480543,derived_proxy_NOT_OFFICIAL,2381.73668068351,2381.7366806834084,-1.014086592476815e-10,-4.257761156811814e-12
United States of America,Male,45-49 years,Incidence,2009,21.50361290657,11281344.622948898,derived_proxy_NOT_OFFICIAL,2425.8966783758688,2425.8966783750802,-7.885319064371288e-10,-3.250476054755344e-11
United States of America,Male,45-49 years,Incidence,2010,21.70492663307,11188022.492189389,derived_proxy_NOT_OFFICIAL,2428.352073621193,2428.352073621076,-1.1687006917782128e-10,-4.812731664710503e-12
United States of America,Male,45-49 years,Incidence,2011,21.80523744557,11015918.030241128,derived_proxy_NOT_OFFICIAL,2402.047083304061,2402.0470833034356,-6.252776074688882e-10,-2.6031030441285402e-11
United States of America,Male,45-49 years,Incidence,2012,21.90174050255,10819692.252639942,derived_proxy_NOT_OFFICIAL,2369.7009203483804,2369.7009203477064,-6.739355740137398e-10,-2.8439689085940074e-11
United States of America,Male,45-49 years,Incidence,2013,21.98322625688,10618282.521475248,derived_proxy_NOT_OFFICIAL,2334.241071290648,2334.2410712906462,-1.8189894035458565e-12,-7.792637298340832e-14
United States of America,Male,45-49 years,Incidence,2014,22.03851450832,10473957.168728065,derived_proxy_NOT_OFFICIAL,2308.3045702259365,2308.304570225357,-5.793481250293553e-10,-2.50984264599298e-11
United States of America,Male,45-49 years,Incidence,2015,22.05654029723,10456594.534680843,derived_proxy_NOT_OFFICIAL,2306.362987260135,2306.3629872598303,-3.0468072509393096e-10,-1.321044114811603e-11
United States of America,Male,45-49 years,Incidence,2016,22.01619102755,10558664.046632651,derived_proxy_NOT_OFFICIAL,2324.61564646485,2324.6156464638857,-9.645191312301904e-10,-4.149155292389858e-11
United States of America,Male,45-49 years,Incidence,2017,21.92119080519,10579602.533208722,derived_proxy_NOT_OFFICIAL,2319.174857736272,2319.1748577353987,-8.731149137020111e-10,-3.764765346560594e-11
United States of America,Male,45-49 years,Incidence,2018,21.79885649693,10513160.202566735,derived_proxy_NOT_OFFICIAL,2291.748705850556,2291.7487058498778,-6.78028300171718e-10,-2.958563032852573e-11
United States of America,Male,45-49 years,Incidence,2019,21.67631811736,10358268.20532393,derived_proxy_NOT_OFFICIAL,2245.291167635531,2245.291167635372,-1.5916157281026244e-10,-7.08868297815789e-12
United States of America,Male,45-49 years,Incidence,2020,21.58082380993,10143710.67967561,derived_proxy_NOT_OFFICIAL,2189.096329569855,2189.0963295698466,-8.185452315956354e-12,-3.739192380613397e-13
United States of America,Male,45-49 years,Incidence,2021,21.40487547515,9902197.19446759,derived_proxy_NOT_OFFICIAL,2119.5529787798823,2119.5529787795845,-2.97859514830634e-10,-1.4052940304521022e-11
United States of America,Male,45-49 years,Incidence,2022,21.27782038459,9843724.676330745,derived_proxy_NOT_OFFICIAL,2094.530055784155,2094.5300557832193,-9.358700481243432e-10,-4.468162419249553e-11
United States of America,Male,45-49 years,Incidence,2023,21.89740553438,9934667.07737422,derived_proxy_NOT_OFFICIAL,2175.434338423366,2175.43433842317,-1.9599610823206604e-10,-9.009516158235929e-12
United States of America,Male,50-54 years,Incidence,1990,19.55430142391,5577492.794117403,derived_proxy_NOT_OFFICIAL,1090.6397528590817,1090.6397528585771,-5.045421858085319e-10,-4.626112192278786e-11
United States of America,Male,50-54 years,Incidence,1991,19.49706916073,5711780.012931171,derived_proxy_NOT_OFFICIAL,1113.6296994302222,1113.6296994299432,-2.7898749976884574e-10,-2.5052088671089408e-11
United States of America,Male,50-54 years,Incidence,1992,19.4513563214,5896994.304475411,derived_proxy_NOT_OFFICIAL,1147.0453744161937,1147.0453744161757,-1.7962520360015333e-11,-1.5659816743655526e-12
United States of America,Male,50-54 years,Incidence,1993,19.41708479511,6209773.493067995,derived_proxy_NOT_OFFICIAL,1205.7569847338266,1205.7569847332766,-5.500169208971784e-10,-4.561590170000929e-11
United States of America,Male,50-54 years,Incidence,1994,19.39544609374,6481521.007341548,derived_proxy_NOT_OFFICIAL,1257.1199130336756,1257.1199130333637,-3.119566827081144e-10,-2.4815189026423266e-11
United States of America,Male,50-54 years,Incidence,1995,19.38685334789,6706094.2144737085,derived_proxy_NOT_OFFICIAL,1300.100650731898,1300.1006507313537,-5.443325790110976e-10,-4.186849523570832e-11
United States of America,Male,50-54 years,Incidence,1996,19.401298307700003,6871049.020452516,derived_proxy_NOT_OFFICIAL,1333.0727173265157,1333.0727173262917,-2.2396307031158358e-10,-1.6800514135548635e-11
United States of America,Male,50-54 years,Incidence,1997,19.43803653607,7425919.136636665,derived_proxy_NOT_OFFICIAL,1443.4528749187514,1443.452874918449,-3.0240698833949864e-10,-2.095025016708775e-11
United States of America,Male,50-54 years,Incidence,1998,19.4809747836,7821262.342531292,derived_proxy_NOT_OFFICIAL,1523.6581447077758,1523.6581447077235,-5.2295945351943374e-11,-3.432262383369025e-12
United States of America,Male,50-54 years,Incidence,1999,19.51390157659,8179457.753478916,derived_proxy_NOT_OFFICIAL,1596.1313355132356,1596.1313355126354,-6.002665031701326e-10,-3.760758841170906e-11
United States of America,Male,50-54 years,Incidence,2000,19.52067276104,8619263.393694881,derived_proxy_NOT_OFFICIAL,1682.538201495712,1682.5382014952886,-4.233697836752981e-10,-2.516256589591479e-11
United States of America,Male,50-54 years,Incidence,2001,19.4607731515,9070329.334209891,derived_proxy_NOT_OFFICIAL,1765.1562158248553,1765.1562158245472,-3.0809133022557944e-10,-1.7454054630604393e-11
United States of America,Male,50-54 years,Incidence,2002,19.33420582279,9141027.719999015,derived_proxy_NOT_OFFICIAL,1767.34511370301,1767.3451137028978,-1.120952219935134e-10,-6.342576847294253e-12
United States of America,Male,50-54 years,Incidence,2003,19.18721399753,9268126.59361321,derived_proxy_NOT_OFFICIAL,1778.2952830790823,1778.2952830785543,-5.279616743791848e-10,-2.968920175422328e-11
United States of America,Male,50-54 years,Incidence,2004,19.06620986075,9505711.521017238,derived_proxy_NOT_OFFICIAL,1812.378907355159,1812.3789073546375,-5.215952114667743e-10,-2.8779589596302944e-11
United States of America,Male,50-54 years,Incidence,2005,19.01718838432,9760281.523745524,derived_proxy_NOT_OFFICIAL,1856.1311242107884,1856.131124210665,-1.23463905765675e-10,-6.651680161775793e-12
United States of America,Male,50-54 years,Incidence,2006,19.08549829432,10023569.515286453,derived_proxy_NOT_OFFICIAL,1913.0481888703544,1913.0481888699755,-3.788045432884246e-10,-1.9801097823474422e-11
United States of America,Male,50-54 years,Incidence,2007,19.25050975311,10287398.409089703,derived_proxy_NOT_OFFICIAL,1980.3766340839068,1980.3766340830962,-8.105871529551223e-10,-4.0930959243017326e-11
United States of America,Male,50-54 years,Incidence,2008,19.45855129828,10540201.33720111,derived_proxy_NOT_OFFICIAL,2050.970484142123,2050.970484141272,-8.508322935085744e-10,-4.148437532802717e-11
United States of America,Male,50-54 years,Incidence,2009,19.65611905008,10724505.48818689,derived_proxy_NOT_OFFICIAL,2108.021566290869,2108.0215662903784,-4.906723916064948e-10,-2.3276440784704516e-11
United States of America,Male,50-54 years,Incidence,2010,19.79007564283,10911292.764012255,derived_proxy_NOT_OFFICIAL,2159.3530916088093,2159.3530916086615,-1.4779288903810084e-10,-6.844313216417463e-12
United States of America,Male,50-54 years,Incidence,2011,19.88615758502,11058332.875410967,derived_proxy_NOT_OFFICIAL,2199.077501880565,2199.0775018802983,-2.6648194761946797e-10,-1.2117897045082907e-11
United States of America,Male,50-54 years,Incidence,2012,19.9934096347,11133315.930118695,derived_proxy_NOT_OFFICIAL,2225.929459834952,2225.929459833941,-1.0109033610206097e-09,-4.54148875452489e-11
United States of America,Male,50-54 years,Incidence,2013,20.09366183651,11149901.070920143,derived_proxy_NOT_OFFICIAL,2240.42341629672,2240.423416296101,-6.189111445564777e-10,-2.762474004041161e-11
United States of America,Male,50-54 years,Incidence,2014,20.16866829803,11184525.885480456,derived_proxy_NOT_OFFICIAL,2255.7699265504616,2255.769926549856,-6.057234713807702e-10,-2.6852183117231577e-11
United States of America,Male,50-54 years,Incidence,2015,20.20012960471,11099211.939286182,derived_proxy_NOT_OFFICIAL,2242.0551968373074,2242.0551968372547,-5.275069270282984e-11,-2.352782963472136e-12
United States of America,Male,50-54 years,Incidence,2016,20.18293234919,10932074.012305453,derived_proxy_NOT_OFFICIAL,2206.413102267001,2206.4131022669903,-1.0459189070388675e-11,-4.740358484837803e-13
United States of America,Male,50-54 years,Incidence,2017,20.13315571754,10738199.966601696,derived_proxy_NOT_OFFICIAL,2161.938520537131,2161.9385205367475,-3.8335201679728925e-10,-1.7731864859045387e-11
United States of America,Male,50-54 years,Incidence,2018,20.06387692957,10538640.073682241,derived_proxy_NOT_OFFICIAL,2114.459774434295,2114.4597744339503,-3.446984919719398e-10,-1.630196498129934e-11
United States of America,Male,50-54 years,Incidence,2019,19.9881964445,10393779.4068394,derived_proxy_NOT_OFFICIAL,2077.529045847131,2077.5290458470463,-8.458300726488233e-11,-4.071327302689665e-12
United States of America,Male,50-54 years,Incidence,2020,19.91914224623,10366414.08008313,derived_proxy_NOT_OFFICIAL,2064.9007664455216,2064.9007664449737,-5.479705578181893e-10,-2.653737974834765e-11
United States of America,Male,50-54 years,Incidence,2021,19.71550345183,10444628.247363742,derived_proxy_NOT_OFFICIAL,2059.2110426404183,2059.21104263981,-6.08451955486089e-10,-2.954781918350161e-11
United States of America,Male,50-54 years,Incidence,2022,19.54080627071,10446768.313842336,derived_proxy_NOT_OFFICIAL,2041.3827577581928,2041.3827577578486,-3.4424374462105334e-10,-1.6863263065819915e-11
United States of America,Male,50-54 years,Incidence,2023,19.88543906036,10372046.102569167,derived_proxy_NOT_OFFICIAL,2062.52690703942,2062.526907038836,-5.843503458891064e-10,-2.8331768370861694e-11
United States of America,Male,55-59 years,Incidence,1990,17.95028002149,5026758.607129205,derived_proxy_NOT_OFFICIAL,902.317245984142,902.3172459840425,-9.947598300641403e-11,-1.1024502019565998e-11
United States of America,Male,55-59 years,Incidence,1991,17.91637468944,5014117.51397723,derived_proxy_NOT_OFFICIAL,898.3480811730661,898.3480811729945,-7.16227077646181e-11,-7.972712277750169e-12
United States of America,Male,55-59 years,Incidence,1992,17.892986071590002,5045625.739476402,derived_proxy_NOT_OFFICIAL,902.8131107894096,902.8131107890727,-3.369677870068699e-10,-3.732420176222619e-11
United States of America,Male,55-59 years,Incidence,1993,17.87947927511,5119770.475478817,derived_proxy_NOT_OFFICIAL,915.388301096797,915.3883010964358,-3.6118308344157413e-10,-3.945681663276808e-11
United States of America,Male,55-59 years,Incidence,1994,17.87471760712,5222238.815633242,derived_proxy_NOT_OFFICIAL,933.460441064224,933.4604410638501,-3.739160092663951e-10,-4.0056974330920674e-11
United States of America,Male,55-59 years,Incidence,1995,17.877192297820002,5340068.07956361,derived_proxy_NOT_OFFICIAL,954.6542394181564,954.6542394180902,-6.616573955398053e-11,-6.930859029579892e-12
United States of America,Male,55-59 years,Incidence,1996,17.9044201849,5472943.660143912,derived_proxy_NOT_OFFICIAL,979.8988293952248,979.8988293950115,-2.1327650756575167e-10,-2.1765155867915666e-11
United States of America,Male,55-59 years,Incidence,1997,17.960756517470003,5659615.444965821,derived_proxy_NOT_OFFICIAL,1016.5097498957743,1016.5097498954375,-3.368541001691483e-10,-3.313830489119134e-11
United States of America,Male,55-59 years,Incidence,1998,18.02465194811,5969954.946131376,derived_proxy_NOT_OFFICIAL,1076.0636004996002,1076.0636004991584,-4.417870513861999e-10,-4.1055849410860545e-11
United States of America,Male,55-59 years,Incidence,1999,18.07580106188,6243729.971806858,derived_proxy_NOT_OFFICIAL,1128.604208545246,1128.604208544784,-4.6202330850064754e-10,-4.093758511641461e-11
United States of America,Male,55-59 years,Incidence,2000,18.09317211591,6475299.344200487,derived_proxy_NOT_OFFICIAL,1171.5870553665895,1171.5870553665857,-3.865352482534945e-12,-3.299244784951534e-13
United States of America,Male,55-59 years,Incidence,2001,18.0455585471,6644472.474655784,derived_proxy_NOT_OFFICIAL,1199.0321705599572,1199.0321705599538,-3.410605131648481e-12,-2.844465073906818e-13
United States of America,Male,55-59 years,Incidence,2002,17.941513888070002,7185059.223086923,derived_proxy_NOT_OFFICIAL,1289.108398376531,1289.108398376195,-3.36058292305097e-10,-2.6069048400298987e-11
United States of America,Male,55-59 years,Incidence,2003,17.818930907829998,7572615.920192356,derived_proxy_NOT_OFFICIAL,1349.359198734462,1349.3591987344107,-5.1386450650170445e-11,-3.808211386439193e-12
United States of America,Male,55-59 years,Incidence,2004,17.715240786,7925518.589207765,derived_proxy_NOT_OFFICIAL,1404.0247016176695,1404.0247016173455,-3.240074875066057e-10,-2.3077050363380022e-11
United States of America,Male,55-59 years,Incidence,2005,17.66785106836,8351631.287115614,derived_proxy_NOT_OFFICIAL,1475.5537775867665,1475.5537775861442,-6.223217496881261e-10,-4.2175470602360476e-11
United States of America,Male,55-59 years,Incidence,2006,17.67938956319,8793395.35138541,derived_proxy_NOT_OFFICIAL,1554.6186200036905,1554.618620002867,-8.235474524553865e-10,-5.297424344843056e-11
United States of America,Male,55-59 years,Incidence,2007,17.71837222921,8867227.119585767,derived_proxy_NOT_OFFICIAL,1571.1283074584696,1571.1283074576625,-8.071765478234738e-10,-5.137559701468305e-11
United States of America,Male,55-59 years,Incidence,2008,17.77237500091,9001353.431336302,derived_proxy_NOT_OFFICIAL,1599.7542869750823,1599.7542869743675,-7.148628355935216e-10,-4.468578964993618e-11
United States of America,Male,55-59 years,Incidence,2009,17.82930607873,9239086.807972975,derived_proxy_NOT_OFFICIAL,1647.265065873568,1647.265065873067,-5.009042070014402e-10,-3.040823346398132e-11
United States of America,Male,55-59 years,Incidence,2010,17.87662721699,9497877.50096329,derived_proxy_NOT_OFFICIAL,1697.9001543740922,1697.9001543735728,-5.19321474712342e-10,-3.0586102096432334e-11
United States of America,Male,55-59 years,Incidence,2011,17.94735529687,9765015.234001465,derived_proxy_NOT_OFFICIAL,1752.5619788399356,1752.5619788397244,-2.1123014448676258e-10,-1.2052649038214391e-11
United States of America,Male,55-59 years,Incidence,2012,18.06143044918,10030818.780632418,derived_proxy_NOT_OFFICIAL,1811.7093575479328,1811.7093575472095,-7.232756615849212e-10,-3.992227884520298e-11
United States of America,Male,55-59 years,Incidence,2013,18.18659967204,10283963.07787146,derived_proxy_NOT_OFFICIAL,1870.3031953931672,1870.3031953928858,-2.814886101987213e-10,-1.5050426630937127e-11
United States of America,Male,55-59 years,Incidence,2014,18.29053168964,10470476.398303907,derived_proxy_NOT_OFFICIAL,1915.1058036886104,1915.1058036880531,-5.572928785113618e-10,-2.9099848031267086e-11
United States of America,Male,55-59 years,Incidence,2015,18.34125324886,10657596.488414336,derived_proxy_NOT_OFFICIAL,1954.73676218206,1954.7367621816834,-3.765308065339923e-10,-1.9262481466490323e-11
United States of America,Male,55-59 years,Incidence,2016,18.34715603136,10807338.824347949,derived_proxy_NOT_OFFICIAL,1982.83931694106,1982.8393169408657,-1.9417711882852018e-10,-9.792882215391945e-12
United States of America,Male,55-59 years,Incidence,2017,18.33942643119,10884574.191345364,derived_proxy_NOT_OFFICIAL,1996.168476170291,1996.1684761700767,-2.141860022675246e-10,-1.0729855962781602e-11
United States of America,Male,55-59 years,Incidence,2018,18.32039734907,10904007.812246922,derived_proxy_NOT_OFFICIAL,1997.6575581782456,1997.6575581772709,-9.747509466251358e-10,-4.879469670037218e-11
United States of America,Male,55-59 years,Incidence,2019,18.2920754011,10936008.302730072,derived_proxy_NOT_OFFICIAL,2000.422884606107,2000.4228846059411,-1.6575540939811617e-10,-8.286018455080523e-12
United States of America,Male,55-59 years,Incidence,2020,18.25633557576,10840562.071630131,derived_proxy_NOT_OFFICIAL,1979.0893900956248,1979.089390095357,-2.6784618967212737e-10,-1.3533809590035026e-11
United States of America,Male,55-59 years,Incidence,2021,18.03035647925,10648967.559154104,derived_proxy_NOT_OFFICIAL,1920.046812276102,1920.0468122751724,-9.295035852119327e-10,-4.8410464748516267e-11
United States of America,Male,55-59 years,Incidence,2022,17.79973393238,10438347.146284482,derived_proxy_NOT_OFFICIAL,1857.998018976993,1857.9980189768182,-1.7485035641584545e-10,-9.410685836582185e-12
United States of America,Male,55-59 years,Incidence,2023,17.867278971650002,10236011.983589374,derived_proxy_NOT_OFFICIAL,1828.8968166794373,1828.8968166794384,1.1368683772161603e-12,6.216142796291097e-14
United States of America,Male,60-64 years,Incidence,1990,15.00823250085,4972326.508417901,derived_proxy_NOT_OFFICIAL,746.2583230851352,746.2583230847554,-3.7982772482791916e-10,-5.089761990963917e-11
United States of America,Male,60-64 years,Incidence,1991,14.98749624336,4944327.528969965,derived_proxy_NOT_OFFICIAL,741.0309026641372,741.0309026637879,-3.4935965231852606e-10,-4.714508545629019e-11
United States of America,Male,60-64 years,Incidence,1992,14.9766396092,4878823.834356317,derived_proxy_NOT_OFFICIAL,730.6838628395808,730.6838628392984,-2.823981049004942e-10,-3.864846608258732e-11
United States of America,Male,60-64 years,Incidence,1993,14.97370952512,4808152.076681687,derived_proxy_NOT_OFFICIAL,719.9587254887111,719.9587254883409,-3.702780304593034e-10,-5.1430452517671353e-11
United States of America,Male,60-64 years,Incidence,1994,14.976734896019998,4749778.3115794035,derived_proxy_NOT_OFFICIAL,711.361705874086,711.361705873902,-1.8405899027129635e-10,-2.587417747559714e-11
United States of America,Male,60-64 years,Incidence,1995,14.98394829166,4723738.975793005,derived_proxy_NOT_OFFICIAL,707.802605565977,707.8026055658137,-1.6336798580596223e-10,-2.3081009383305253e-11
United States of America,Male,60-64 years,Incidence,1996,15.01403841062,4723336.663801935,derived_proxy_NOT_OFFICIAL,709.1635809661475,709.1635809661196,-2.7853275241795927e-11,-3.927623469305811e-12
United States of America,Male,60-64 years,Incidence,1997,15.07246369731,4763918.344163699,derived_proxy_NOT_OFFICIAL,718.0398629936117,718.0398629935652,-4.6497916628140956e-11,-6.475673430481205e-12
United States of America,Male,60-64 years,Incidence,1998,15.13865862457,4848804.189283725,derived_proxy_NOT_OFFICIAL,734.04391358999,734.0439135895122,-4.778257789439522e-10,-6.50949854766929e-11
United States of America,Male,60-64 years,Incidence,1999,15.191790276,4963002.658013167,derived_proxy_NOT_OFFICIAL,753.9689551981397,753.9689551976659,-4.738467396236956e-10,-6.284698280437432e-11
United States of America,Male,60-64 years,Incidence,2000,15.21089940073,5088045.915255977,derived_proxy_NOT_OFFICIAL,773.9375456328622,773.9375456325387,-3.235527401557192e-10,-4.1806052953684334e-11
United States of America,Male,60-64 years,Incidence,2001,15.17576830041,5219539.118598469,derived_proxy_NOT_OFFICIAL,792.1051629880711,792.105162987766,-3.051354724448174e-10,-3.8522091093782285e-11
United States of America,Male,60-64 years,Incidence,2002,15.09805441411,5404658.443303964,derived_proxy_NOT_OFFICIAL,815.9982726672424,815.9982726668229,-4.1950443119276315e-10,-5.140996558994356e-11
United States of America,Male,60-64 years,Incidence,2003,15.0037055794,5705882.65075269,derived_proxy_NOT_OFFICIAL,856.0938336249992,856.0938336249978,-1.3642420526593924e-12,-1.5935660310537652e-13
United States of America,Male,60-64 years,Incidence,2004,14.9198431258,5971164.458728392,derived_proxy_NOT_OFFICIAL,890.8883700261199,890.8883700258008,-3.191189534845762e-10,-3.582030748422723e-11
United States of America,Male,60-64 years,Incidence,2005,14.87275457991,6197170.944361189,derived_proxy_NOT_OFFICIAL,921.6900254523316,921.6900254523306,-1.0231815394945443e-12,-1.1101145843391376e-13
United States of America,Male,60-64 years,Incidence,2006,14.851247773630002,6373315.825240044,derived_proxy_NOT_OFFICIAL,946.5169246028956,946.5169246023705,-5.251195034361444e-10,-5.547914567470144e-11
United States of America,Male,60-64 years,Incidence,2007,14.83020421215,6907988.5490711015,derived_proxy_NOT_OFFICIAL,1024.4688087794325,1024.4688087791824,-2.5011104298755527e-10,-2.4413729421937338e-11
United States of America,Male,60-64 years,Incidence,2008,14.813691790480002,7292393.85956458,derived_proxy_NOT_OFFICIAL,1080.2727505039854,1080.2727505037858,-1.9963408703915775e-10,-1.847997063204838e-11
United States of America,Male,60-64 years,Incidence,2009,14.80612005403,7640802.224584404,derived_proxy_NOT_OFFICIAL,1131.306350463533,1131.3063504629617,-5.711626727133989e-10,-5.048700314281583e-11
United States of America,Male,60-64 years,Incidence,2010,14.81173498308,8051253.0127485,derived_proxy_NOT_OFFICIAL,1192.5302590657998,1192.530259065552,-2.4783730623312294e-10,-2.0782475274654487e-11
United States of America,Male,60-64 years,Incidence,2011,14.86213720638,8473323.305975262,derived_proxy_NOT_OFFICIAL,1259.316935674471,1259.3169356742171,-2.539763954700902e-10,-2.0167790035640576e-11
United States of America,Male,60-64 years,Incidence,2012,14.96297326581,8540698.547641862,derived_proxy_NOT_OFFICIAL,1277.942440397743,1277.9424403970747,-6.68251232127659e-10,-5.22911839378051e-11
United States of America,Male,60-64 years,Incidence,2013,15.08140889902,8668307.593577836,derived_proxy_NOT_OFFICIAL,1307.302912812775,1307.3029128122741,-5.009042070014402e-10,-3.831584876711562e-11
United States of America,Male,60-64 years,Incidence,2014,15.184656539649998,8894882.014554624,derived_proxy_NOT_OFFICIAL,1350.6572835175346,1350.65728351722,-3.1445779313798994e-10,-2.3281834479805518e-11
United States of America,Male,60-64 years,Incidence,2015,15.23947678461,9141808.35748824,derived_proxy_NOT_OFFICIAL,1393.1637623335382,1393.163762332957,-5.811671144329011e-10,-4.171563531479249e-11
United States of America,Male,60-64 years,Incidence,2016,15.2572022892,9394972.96825573,derived_proxy_NOT_OFFICIAL,1433.410030783261,1433.4100307824347,-8.262759365607053e-10,-5.7644073839025793e-11
United States of America,Male,60-64 years,Incidence,2017,15.26964920609,9647784.886204327,derived_proxy_NOT_OFFICIAL,1473.1829082822496,1473.1829082815698,-6.798472895752639e-10,-4.614819285189608e-11
United States of America,Male,60-64 years,Incidence,2018,15.27433711434,9887522.396425983,derived_proxy_NOT_OFFICIAL,1510.253503086447,1510.2535030859735,-4.733919922728091e-10,-3.134520074314386e-11
United States of America,Male,60-64 years,Incidence,2019,15.26878253387,10063278.283988966,derived_proxy_NOT_OFFICIAL,1536.54007696096,1536.54007696044,-5.200035957386717e-10,-3.384250131419669e-11
United States of America,Male,60-64 years,Incidence,2020,15.250668761480002,10227141.14872085,derived_proxy_NOT_OFFICIAL,1559.7074203610437,1559.7074203604377,-6.059508450562134e-10,-3.885028930079379e-11
United States of America,Male,60-64 years,Incidence,2021,15.04895681574,10339248.613293096,derived_proxy_NOT_OFFICIAL,1555.9490588871686,1555.9490588864749,-6.93717083777301e-10,-4.458481978024749e-11
United States of America,Male,60-64 years,Incidence,2022,14.81710197547,10388434.815685347,derived_proxy_NOT_OFFICIAL,1539.264980295665,1539.2649802953267,-3.383320290595293e-10,-2.1980103061562658e-11
United States of America,Male,60-64 years,Incidence,2023,14.7544542606,10397769.436163444,derived_proxy_NOT_OFFICIAL,1534.1341355820969,1534.134135581382,-7.148628355935216e-10,-4.659715333967724e-11
United States of America,Male,65-69 years,Incidence,1990,10.73066054944,4521819.51578881,derived_proxy_NOT_OFFICIAL,485.22110289787946,485.22110289762867,-2.5079316401388496e-10,-5.168636782614695e-11
United States of America,Male,65-69 years,Incidence,1991,10.71609226299,4535388.02621802,derived_proxy_NOT_OFFICIAL,486.0163653741351,486.0163653741241,-1.0970779840135947e-11,-2.2572860960537097e-12
United States of America,Male,65-69 years,Incidence,1992,10.70831418425,4522784.010999266,derived_proxy_NOT_OFFICIAL,484.3139217730908,484.3139217728255,-2.65288235823391e-10,-5.477609126992699e-11
United States of America,Male,65-69 years,Incidence,1993,10.70603517418,4534501.52847599,derived_proxy_NOT_OFFICIAL,485.4653286126257,485.46532861236915,-2.5653434931882657e-10,-5.284298057946929e-11
United States of America,Male,65-69 years,Incidence,1994,10.70779781442,4509200.96436197,derived_proxy_NOT_OFFICIAL,482.83612231002456,482.8361223097566,-2.67959876509849e-10,-5.549706497265638e-11
United States of America,Male,65-69 years,Incidence,1995,10.71241727061,4494189.296761377,derived_proxy_NOT_OFFICIAL,481.4363104004663,481.43631040017186,-2.944489096989855e-10,-6.116051144004038e-11
United States of America,Male,65-69 years,Incidence,1996,10.73325682635,4480098.9283156535,derived_proxy_NOT_OFFICIAL,480.8605240510124,480.8605240506731,-3.3929836718016304e-10,-7.05606616075992e-11
United States of America,Male,65-69 years,Incidence,1997,10.77475078746,4432363.264961401,derived_proxy_NOT_OFFICIAL,477.5760957946257,477.57609579451633,-1.0936673788819462e-10,-2.290037940576199e-11
United States of America,Male,65-69 years,Incidence,1998,10.82195370201,4381667.107726672,derived_proxy_NOT_OFFICIAL,474.1819857745248,474.181985774381,-1.4375700629898347e-10,-3.0316842607205336e-11
United States of America,Male,65-69 years,Incidence,1999,10.86003228611,4341215.240868183,derived_proxy_NOT_OFFICIAL,471.457376767984,471.45737676781266,-1.7132606444647536e-10,-3.63396720231592e-11
United States of America,Male,65-69 years,Incidence,2000,10.87432593187,4335376.0884592775,derived_proxy_NOT_OFFICIAL,471.4429262316367,471.4429262314185,-2.1822188500664197e-10,-4.628808130624528e-11
United States of America,Male,65-69 years,Incidence,2001,10.85001449778,4348522.245063124,derived_proxy_NOT_OFFICIAL,471.8152940285445,471.8152940285373,-7.16227077646181e-12,-1.5180242919443171e-12
United States of America,Male,65-69 years,Incidence,2002,10.79466689404,4396449.31687602,derived_proxy_NOT_OFFICIAL,474.58205892231473,474.5820589220635,-2.512479113647714e-10,-5.2940878535380686e-11
United States of America,Male,65-69 years,Incidence,2003,10.72779253141,4485741.833986439,derived_proxy_NOT_OFFICIAL,481.22107744472896,481.2210774447311,2.1600499167107046e-12,4.488685176012056e-13
United States of America,Male,65-69 years,Incidence,2004,10.66834347239,4601832.414570322,derived_proxy_NOT_OFFICIAL,490.9392880105227,490.93928801014005,-3.8266989577095956e-10,-7.794648037269274e-11
United States of America,Male,65-69 years,Incidence,2005,10.63513022065,4725466.762063259,derived_proxy_NOT_OFFICIAL,502.5595436792324,502.5595436789607,-2.716546987358015e-10,-5.4054231414455036e-11
United States of America,Male,65-69 years,Incidence,2006,10.62041642822,4862393.318163633,derived_proxy_NOT_OFFICIAL,516.4064187672603,516.4064187669221,-3.382183422218077e-10,-6.549460462346414e-11
United States of America,Male,65-69 years,Incidence,2007,10.60602250927,5050071.380949766,derived_proxy_NOT_OFFICIAL,535.6117073978851,535.6117073977346,-1.5052137314341962e-10,-2.810270407917039e-11
United States of America,Male,65-69 years,Incidence,2008,10.5945453242,5346686.420265015,derived_proxy_NOT_OFFICIAL,566.457116138034,566.4571161378235,-2.105480234604329e-10,-3.7169278567086906e-11
United States of America,Male,65-69 years,Incidence,2009,10.58933794751,5601971.760748697,derived_proxy_NOT_OFFICIAL,593.2117214698527,593.211721469756,-9.674749890109524e-11,-1.630910101731899e-11
United States of America,Male,65-69 years,Incidence,2010,10.5934653257,5820340.719426252,derived_proxy_NOT_OFFICIAL,616.5757759500888,616.5757759500179,-7.082689990056679e-11,-1.1487136320175536e-11
United States of America,Male,65-69 years,Incidence,2011,10.62929740995,5991149.375682997,derived_proxy_NOT_OFFICIAL,636.8170854157755,636.8170854157083,-6.718892109347507e-11,-1.055074096349153e-11
United States of America,Male,65-69 years,Incidence,2012,10.70172844847,6504102.420558131,derived_proxy_NOT_OFFICIAL,696.0513790587003,696.0513790584955,-2.0474999473663047e-10,-2.941593119368897e-11
United States of America,Male,65-69 years,Incidence,2013,10.7868106596,6868133.529518081,derived_proxy_NOT_OFFICIAL,740.8525596779622,740.8525596776182,-3.440163709456101e-10,-4.643520042572965e-11
United States of America,Male,65-69 years,Incidence,2014,10.86079697371,7193642.518471643,derived_proxy_NOT_OFFICIAL,781.2869089463397,781.2869089456841,-6.556319931405596e-10,-8.39169305965665e-11
United States of America,Male,65-69 years,Incidence,2015,10.89988407423,7572983.128660962,derived_proxy_NOT_OFFICIAL,825.446381985047,825.4463819850411,-5.9117155615240335e-12,-7.161840781599215e-13
United States of America,Male,65-69 years,Incidence,2016,10.91228796107,7955639.360842174,derived_proxy_NOT_OFFICIAL,868.1422761997412,868.1422761993268,-4.1438852349529043e-10,-4.773278929684889e-11
United States of America,Male,65-69 years,Incidence,2017,10.92052166015,8008659.506058247,derived_proxy_NOT_OFFICIAL,874.5873960468093,874.5873960467528,-5.650235834764317e-11,-6.460458794974342e-12
United States of America,Male,65-69 years,Incidence,2018,10.9230959578,8123326.868954899,derived_proxy_NOT_OFFICIAL,887.318788861917,887.3187888616937,-2.2328094928525388e-10,-2.5163554754840256e-11
United States of America,Male,65-69 years,Incidence,2019,10.91858867968,8329522.070348652,derived_proxy_NOT_OFFICIAL,909.4662538451588,909.466253844535,-6.237996785785072e-10,-6.858964540367785e-11
United States of America,Male,65-69 years,Incidence,2020,10.90526953373,8543772.23816262,derived_proxy_NOT_OFFICIAL,931.7213909204496,931.7213909196299,-8.196820999728516e-10,-8.797502214294831e-11
United States of America,Male,65-69 years,Incidence,2021,10.76120917814,8743158.203312576,derived_proxy_NOT_OFFICIAL,940.8695430343898,940.8695430341733,-2.1657342585967854e-10,-2.3018433050899866e-11
United States of America,Male,65-69 years,Incidence,2022,10.59589129817,8952514.17477874,derived_proxy_NOT_OFFICIAL,948.5986704128948,948.5986704128164,-7.833023119019344e-11,-8.25746795070868e-12
United States of America,Male,65-69 years,Incidence,2023,10.5505564737,9168492.52534037,derived_proxy_NOT_OFFICIAL,967.3269816736602,967.3269816729991,-6.610889613511972e-10,-6.834182999913712e-11
United States of America,Male,70+ years,Incidence,1990,3.40220188723,8079562.621794719,derived_proxy_NOT_OFFICIAL,274.8830319989715,274.88303199862963,-3.418563210288994e-10,-1.2436428634495652e-10
United States of America,Male,70+ years,Incidence,1991,3.38838164066,8291575.947449405,derived_proxy_NOT_OFFICIAL,280.95023712452337,280.9502371247561,2.32716956816148e-10,8.283209126212721e-11
United States of America,Male,70+ years,Incidence,1992,3.38325356523,8521407.71690277,derived_proxy_NOT_OFFICIAL,288.300830389512,288.3008303898973,3.8534153645741753e-10,1.336595305455061e-10
United States of America,Male,70+ years,Incidence,1993,3.36502498806,8730987.88942948,derived_proxy_NOT_OFFICIAL,293.7999241839142,293.7999241837944,-1.197690835397225e-10,-4.076552567956039e-11
United States of America,Male,70+ years,Incidence,1994,3.35182705443,8916320.90733419,derived_proxy_NOT_OFFICIAL,298.8596564314467,298.85965643182584,3.7914560380158946e-10,1.26864096790046e-10
United States of America,Male,70+ years,Incidence,1995,3.3290498215,9117335.007247314,derived_proxy_NOT_OFFICIAL,303.52062478396334,303.52062478432373,3.603872755775228e-10,1.1873567927518447e-10
United States of America,Male,70+ years,Incidence,1996,3.30473343222,9289673.751412787,derived_proxy_NOT_OFFICIAL,306.99895420709686,306.99895420710425,7.389644451905042e-12,2.407058509691241e-12
United States of America,Male,70+ years,Incidence,1997,3.27928929602,9455296.174455795,derived_proxy_NOT_OFFICIAL,310.06651535586417,310.06651535591743,5.326228347257711e-11,1.7177696021593253e-11
United States of America,Male,70+ years,Incidence,1998,3.26637433081,9620191.826591246,derived_proxy_NOT_OFFICIAL,314.23147639874867,314.23147639845814,-2.9052671379758976e-10,-9.245627367670882e-11
United States of America,Male,70+ years,Incidence,1999,3.24021287758,9752188.589570712,derived_proxy_NOT_OFFICIAL,315.99167052516,315.9916705251576,-2.3874235921539366e-12,-7.555337101722257e-13
United States of America,Male,70+ years,Incidence,2000,3.20865706969,9896547.462085366,derived_proxy_NOT_OFFICIAL,317.54626979728147,317.5462697974284,1.4694023775518872e-10,4.627364630955797e-11
United States of America,Male,70+ years,Incidence,2001,3.16843749679,10023441.44824088,derived_proxy_NOT_OFFICIAL,317.58647731517965,317.5864773148547,-3.249738256272394e-10,-1.0232609032176404e-10
United States of America,Male,70+ years,Incidence,2002,3.10554008678,10127625.70829963,derived_proxy_NOT_OFFICIAL,314.517476210383,314.51747621028187,-1.0112444215337746e-10,-3.215224901707357e-11
United States of America,Male,70+ years,Incidence,2003,3.04499858518,10225749.054784454,derived_proxy_NOT_OFFICIAL,311.3739140422139,311.3739140422439,2.9956481739645824e-11,9.620742261532072e-12
United States of America,Male,70+ years,Incidence,2004,2.99365002848,10305391.708661333,derived_proxy_NOT_OFFICIAL,308.5073618214089,308.5073618213155,-9.339373718830757e-11,-3.027277424983202e-11
United States of America,Male,70+ years,Incidence,2005,2.95058860113,10461606.939478654,derived_proxy_NOT_OFFICIAL,308.67898185132896,308.6789818512823,-4.666844688472338e-11,-1.511876403272595e-11
United States of America,Male,70+ years,Incidence,2006,2.92978276102,10603095.741148576,derived_proxy_NOT_OFFICIAL,310.6476711585485,310.6476711586168,6.826894605183043e-11,2.1976326362668044e-11
United States of America,Male,70+ years,Incidence,2007,2.91793006703,10760569.07949514,derived_proxy_NOT_OFFICIAL,313.9858805536264,313.98588055412193,4.955609256285243e-10,1.5782904783958471e-10
United States of America,Male,70+ years,Incidence,2008,2.91563479037,10965037.74638959,derived_proxy_NOT_OFFICIAL,319.70045531093973,319.7004553109375,-2.2168933355715126e-12,-6.934282697268505e-13
United States of America,Male,70+ years,Incidence,2009,2.93169409308,11151046.498780785,derived_proxy_NOT_OFFICIAL,326.9145715212852,326.9145715213604,7.5203843152849e-11,2.3004126981214272e-11
United States of America,Male,70+ years,Incidence,2010,2.93907884022,11407571.312863413,derived_proxy_NOT_OFFICIAL,335.2775146392124,335.27751463937545,1.6302692529279739e-10,4.862447321235617e-11
United States of America,Male,70+ years,Incidence,2011,2.96139270286,11668415.578329196,derived_proxy_NOT_OFFICIAL,345.5476074760699,345.5476074760203,-4.96243046654854e-11,-1.4361061570632351e-11
United States of America,Male,70+ years,Incidence,2012,3.01149621518,11967276.439102156,derived_proxy_NOT_OFFICIAL,360.39407702370414,360.3940770236893,-1.4836132322670892e-11,-4.1166415511582e-12
United States of America,Male,70+ years,Incidence,2013,3.0885993863300003,12395480.985751696,derived_proxy_NOT_OFFICIAL,382.8467496583286,382.8467496585788,2.502247298252769e-10,6.535897981335609e-11
United States of America,Male,70+ years,Incidence,2014,3.15292563694,12773062.80906734,derived_proxy_NOT_OFFICIAL,402.72517192945486,402.72517192953273,7.787548383930698e-11,1.933712846063379e-11
United States of America,Male,70+ years,Incidence,2015,3.18542464571,13161774.456188384,derived_proxy_NOT_OFFICIAL,419.25840733975065,419.2584073401881,4.374669515527785e-10,1.0434303615485339e-10
United States of America,Male,70+ years,Incidence,2016,3.20312749718,13493101.728951413,derived_proxy_NOT_OFFICIAL,432.2012517025454,432.2012517025127,-3.268496584496461e-11,-7.562441273876605e-12
United States of America,Male,70+ years,Incidence,2017,3.28599536773,14197511.71021255,derived_proxy_NOT_OFFICIAL,466.5295771298671,466.52957713050864,6.415348252630793e-10,1.3751214429101377e-10
United States of America,Male,70+ years,Incidence,2018,3.32245287861,14853794.991236629,derived_proxy_NOT_OFFICIAL,493.51033926910185,493.51033926916944,6.758682502550073e-11,1.3695118348604023e-11
United States of America,Male,70+ years,Incidence,2019,3.34816388174,15435700.892950203,derived_proxy_NOT_OFFICIAL,516.8125621917216,516.8125621911773,-5.442188921733759e-10,-1.0530295352447093e-10
United States of America,Male,70+ years,Incidence,2020,3.3768322538800004,16013523.373669866,derived_proxy_NOT_OFFICIAL,540.7498222640079,540.7498222646968,6.889422365929931e-10,1.274049862297752e-10
United States of America,Male,70+ years,Incidence,2021,3.3733627217899995,16462743.23980644,derived_proxy_NOT_OFFICIAL,555.3480434352858,555.3480434356336,3.4776803659042343e-10,6.262163713392978e-11
United States of America,Male,70+ years,Incidence,2022,3.27138044464,17004913.949047074,derived_proxy_NOT_OFFICIAL,556.2954295570892,556.2954295569856,-1.035687091643922e-10,-1.8617573264416617e-11
United States of America,Male,70+ years,Incidence,2023,3.21445946412,17609482.474523433,derived_proxy_NOT_OFFICIAL,566.0496759848414,566.0496759848712,2.97859514830634e-11,5.2620737625616195e-12
United States of America,Female,15-19 years,Incidence,1990,56.97773326466,8841756.767730402,derived_proxy_NOT_OFFICIAL,5037.832587027564,5037.832587027452,-1.1186784831807017e-10,-2.220555097565772e-12
United States of America,Female,15-19 years,Incidence,1991,56.84118171287,8600194.695424903,derived_proxy_NOT_OFFICIAL,4888.452294487452,4888.452294487076,-3.7562131183221936e-10,-7.683849390446037e-12
United States of America,Female,15-19 years,Incidence,1992,56.744351618630006,8542572.100207072,derived_proxy_NOT_OFFICIAL,4847.427149816504,4847.427149816487,-1.7280399333685637e-11,-3.564860038038895e-13
United States of America,Female,15-19 years,Incidence,1993,56.68324855118,8628830.546040967,derived_proxy_NOT_OFFICIAL,4891.101465472845,4891.101465472544,-3.0104274628683925e-10,-6.154906996142965e-12
United States of America,Female,15-19 years,Incidence,1994,56.65437632849999,8806269.913855318,derived_proxy_NOT_OFFICIAL,4989.137297499648,4989.1372974990645,-5.838955985382199e-10,-1.1703337946439047e-11
United States of America,Female,15-19 years,Incidence,1995,56.65476333361,9035284.152722646,derived_proxy_NOT_OFFICIAL,5118.918853244363,5118.918853244184,-1.7917045624926686e-10,-3.500162073007055e-12
United States of America,Female,15-19 years,Incidence,1996,56.72968854682,9281633.24521871,derived_proxy_NOT_OFFICIAL,5265.441632071376,5265.441632070675,-7.012204150669277e-10,-1.3317409327944141e-11
United States of America,Female,15-19 years,Incidence,1997,56.89039148297999,9482137.658073751,derived_proxy_NOT_OFFICIAL,5394.425234633927,5394.425234633228,-6.994014256633818e-10,-1.2965263123363024e-11
United States of America,Female,15-19 years,Incidence,1998,57.080893136170005,9646953.869881215,derived_proxy_NOT_OFFICIAL,5506.56742936288,5506.5674293625125,-3.67435859516263e-10,-6.672684285258557e-12
United States of America,Female,15-19 years,Incidence,1999,57.24609345185,9762247.222965848,derived_proxy_NOT_OFFICIAL,5588.505168259868,5588.505168259661,-2.064552973024547e-10,-3.6942848058014795e-12
United States of America,Female,15-19 years,Incidence,2000,57.33127709885,9825806.437612178,derived_proxy_NOT_OFFICIAL,5633.2603159442415,5633.26031594408,-1.6189005691558123e-10,-2.8738252421492326e-12
United States of America,Female,15-19 years,Incidence,2001,57.34642541711,9909400.087196166,derived_proxy_NOT_OFFICIAL,5682.68673028677,5682.686730286982,2.1191226551309228e-10,3.729085828076227e-12
United States of America,Female,15-19 years,Incidence,2002,57.34173896236,9993714.292972744,derived_proxy_NOT_OFFICIAL,5730.569562520548,5730.569562520492,-5.638867150992155e-11,-9.839976793706246e-13
United States of America,Female,15-19 years,Incidence,2003,57.32471816162,10098399.18994562,derived_proxy_NOT_OFFICIAL,5788.878874472119,5788.878874471643,-4.756657290272415e-10,-8.216888612488318e-12
United States of America,Female,15-19 years,Incidence,2004,57.30140023874,10272456.501387263,derived_proxy_NOT_OFFICIAL,5886.261414210562,5886.261414210384,-1.7826096154749393e-10,-3.028424138913332e-12
United States of America,Female,15-19 years,Incidence,2005,57.27899458614,10466715.062676739,derived_proxy_NOT_OFFICIAL,5995.229154098016,5995.229154097309,-7.066773832775652e-10,-1.178732897631642e-11
United States of America,Female,15-19 years,Incidence,2006,57.25825144672,10649765.161776755,derived_proxy_NOT_OFFICIAL,6097.8693148151815,6097.8693148153225,1.4097167877480388e-10,2.3118186287184565e-12
United States of America,Female,15-19 years,Incidence,2007,57.22384964308,10799294.050555546,derived_proxy_NOT_OFFICIAL,6179.771790004077,6179.77179000399,-8.731149137020111e-11,-1.4128594766465236e-12
United States of America,Female,15-19 years,Incidence,2008,57.16209975623,10871224.867915101,derived_proxy_NOT_OFFICIAL,6214.220403722347,6214.2204037217125,-6.348273018375039e-10,-1.0215719118318354e-11
United States of America,Female,15-19 years,Incidence,2009,57.05781199575,10856838.862942869,derived_proxy_NOT_OFFICIAL,6194.674707099915,6194.674707099464,-4.511093720793724e-10,-7.282212439054168e-12
United States of America,Female,15-19 years,Incidence,2010,56.89527785405,10750370.191605277,derived_proxy_NOT_OFFICIAL,6116.452990852849,6116.45299085279,-5.911715561524034e-11,-9.66526771376319e-13
United States of America,Female,15-19 years,Incidence,2011,56.27100447515001,10614530.042499097,derived_proxy_NOT_OFFICIAL,5972.90267523093,5972.902675230809,-1.2096279533579946e-10,-2.025192806797621e-12
United States of America,Female,15-19 years,Incidence,2012,55.04122938729,10496258.979103621,derived_proxy_NOT_OFFICIAL,5777.269981772762,5777.269981772448,-3.1377567211166024e-10,-5.431210123494659e-12
United States of America,Female,15-19 years,Incidence,2013,53.57921459388,10421806.158988804,derived_proxy_NOT_OFFICIAL,5583.92188648318,5583.921886482814,-3.6561687011271715e-10,-6.547671646298529e-12
United States of America,Female,15-19 years,Incidence,2014,52.25915324559,10395175.722591229,derived_proxy_NOT_OFFICIAL,5432.430811017437,5432.430811017318,-1.191438059322536e-10,-2.1931950921605795e-12
United States of America,Female,15-19 years,Incidence,2015,51.45372319135,10421112.390470864,derived_proxy_NOT_OFFICIAL,5362.050322852823,5362.050322852355,-4.68389771413058e-10,-8.735273695899521e-12
United States of America,Female,15-19 years,Incidence,2016,51.03390038586,10464491.31825336,derived_proxy_NOT_OFFICIAL,5340.4380752446605,5340.438075244388,-2.7284841053187847e-10,-5.109101663338331e-12
United States of America,Female,15-19 years,Incidence,2017,50.64554513396,10490401.014120638,derived_proxy_NOT_OFFICIAL,5312.920780340172,5312.920780339865,-3.0740920919924974e-10,-5.7860680011789515e-12
United States of America,Female,15-19 years,Incidence,2018,50.32218094288,10511412.863487639,derived_proxy_NOT_OFFICIAL,5289.572200817727,5289.572200817414,-3.128661774098873e-10,-5.91477279318582e-12
United States of America,Female,15-19 years,Incidence,2019,50.09826989769,10530910.802205786,derived_proxy_NOT_OFFICIAL,5275.804116374321,5275.804116374046,-2.7466739993542433e-10,-5.206171303497587e-12
United States of America,Female,15-19 years,Incidence,2020,50.00893851904,10535568.738824088,derived_proxy_NOT_OFFICIAL,5268.726093229861,5268.726093229736,-1.255102688446641e-10,-2.382174867771939e-12
United States of America,Female,15-19 years,Incidence,2021,50.591624700850005,10569761.611032013,derived_proxy_NOT_OFFICIAL,5347.414126027889,5347.414126027833,-5.638867150992155e-11,-1.0545035447218597e-12
United States of America,Female,15-19 years,Incidence,2022,51.17710282070001,10675848.899941735,derived_proxy_NOT_OFFICIAL,5463.590168506007,5463.590168505752,-2.546585164964199e-10,-4.661010592711698e-12
United States of America,Female,15-19 years,Incidence,2023,49.98730843452,10770622.4823803,derived_proxy_NOT_OFFICIAL,5383.9442805858525,5383.944280585196,-6.566551746800542e-10,-1.2196544771978962e-11
United States of America,Female,20-24 years,Incidence,1990,94.62220166481,9626327.287989315,derived_proxy_NOT_OFFICIAL,9108.642819356031,9108.642819355884,-1.4733814168721437e-10,-1.6175641597683263e-12
United States of America,Female,20-24 years,Incidence,1991,94.15483017195,9693045.575297927,derived_proxy_NOT_OFFICIAL,9126.470599911916,9126.470599911478,-4.383764462545514e-10,-4.803351322457363e-12
United States of America,Female,20-24 years,Incidence,1992,93.73071487359,9679661.861633997,derived_proxy_NOT_OFFICIAL,9072.816260255784,9072.816260255795,1.0913936421275139e-11,1.202927085505361e-13
United States of America,Female,20-24 years,Incidence,1993,93.37212350677,9600441.120783143,derived_proxy_NOT_OFFICIAL,8964.135740493002,8964.13574049237,-6.330083124339581e-10,-7.0615654510285716e-12
United States of America,Female,20-24 years,Incidence,1994,93.10075767146,9429171.282955999,derived_proxy_NOT_OFFICIAL,8778.629906571789,8778.62990657176,-2.9103830456733704e-11,-3.3153044115627e-13
United States of America,Female,20-24 years,Incidence,1995,92.93748925448,9195695.16299522,derived_proxy_NOT_OFFICIAL,8546.248203983536,8546.24820398342,-1.1641532182693481e-10,-1.3621804451299679e-12
United States of America,Female,20-24 years,Incidence,1996,92.83893112121,8961067.379225414,derived_proxy_NOT_OFFICIAL,8319.359171924834,8319.3591719243,-5.347828846424818e-10,-6.428174016662272e-12
United States of America,Female,20-24 years,Incidence,1997,92.75061488679,8896399.602303844,derived_proxy_NOT_OFFICIAL,8251.465333922815,8251.465333922755,-6.002665031701326e-11,-7.27466551549773e-13
United States of America,Female,20-24 years,Incidence,1998,92.68257097202,8966293.560049798,derived_proxy_NOT_OFFICIAL,8310.191392353103,8310.191392352814,-2.892193151637912e-10,-3.4802966804101034e-12
United States of America,Female,20-24 years,Incidence,1999,92.64700227824,9120212.746173238,derived_proxy_NOT_OFFICIAL,8449.60371072751,8449.603710727455,-5.4569682106375694e-11,-6.458253425198477e-13
United States of America,Female,20-24 years,Incidence,2000,92.65504669423,9319475.497229347,derived_proxy_NOT_OFFICIAL,8634.96437361568,8634.964373615174,-5.056790541857481e-10,-5.8561799714062676e-12
United States of America,Female,20-24 years,Incidence,2001,92.79447580276,9625245.52688466,derived_proxy_NOT_OFFICIAL,8931.696131401945,8931.696131401226,-7.185008144006133e-10,-8.044393851180373e-12
United States of America,Female,20-24 years,Incidence,2002,93.07970015754,9862385.492694743,derived_proxy_NOT_OFFICIAL,9179.87884498148,9179.87884498099,-4.893081495538354e-10,-5.3302244813539536e-12
United States of America,Female,20-24 years,Incidence,2003,93.41209556003,10023612.583854843,derived_proxy_NOT_OFFICIAL,9363.266565398346,9363.266565397678,-6.675691111013293e-10,-7.129660428213266e-12
United States of America,Female,20-24 years,Incidence,2004,93.69165392018,10140111.11894863,derived_proxy_NOT_OFFICIAL,9500.437816687732,9500.437816687041,-6.912159733474255e-10,-7.275622310092795e-12
United States of America,Female,20-24 years,Incidence,2005,93.82036007744,10191289.048537403,derived_proxy_NOT_OFFICIAL,9561.50408187114,9561.5040818705,-6.402842700481415e-10,-6.6964806432717744e-12
United States of America,Female,20-24 years,Incidence,2006,93.82429024645,10247822.761521133,derived_proxy_NOT_OFFICIAL,9614.946971711644,9614.946971711355,-2.892193151637912e-10,-3.008017787458526e-12
United States of America,Female,20-24 years,Incidence,2007,93.7731102067,10298533.290588759,derived_proxy_NOT_OFFICIAL,9657.254972258052,9657.254972257484,-5.675246939063072e-10,-5.876666770594844e-12
United States of America,Female,20-24 years,Incidence,2008,93.66296725839,10381200.964910474,derived_proxy_NOT_OFFICIAL,9723.34086079204,9723.340860791763,-2.764863893389702e-10,-2.8435328278355583e-12
United States of America,Female,20-24 years,Incidence,2009,93.48165686242,10525419.72297156,derived_proxy_NOT_OFFICIAL,9839.33674875853,9839.33674875775,-7.785274647176266e-10,-7.912397802787435e-12
United States of America,Female,20-24 years,Incidence,2010,93.2164398579,10698450.989267744,derived_proxy_NOT_OFFICIAL,9972.715132137706,9972.715132137673,-3.2741809263825417e-11,-3.2831389275637546e-13
United States of America,Female,20-24 years,Incidence,2011,92.04230740768,10870612.379765019,derived_proxy_NOT_OFFICIAL,10005.56246368064,10005.562463680637,-3.637978807091713e-12,-3.635956319594499e-14
United States of America,Female,20-24 years,Incidence,2012,89.6623756164,11022223.479386784,derived_proxy_NOT_OFFICIAL,9882.787417367144,9882.787417366811,-3.3287506084889174e-10,-3.3682305081654015e-12
United States of America,Female,20-24 years,Incidence,2013,86.86246464491,11090614.496345658,derived_proxy_NOT_OFFICIAL,9633.581095791507,9633.581095791511,3.637978807091713e-12,3.776351463611998e-14
United States of America,Female,20-24 years,Incidence,2014,84.42810824954,11082747.355088297,derived_proxy_NOT_OFFICIAL,9356.953933977657,9356.95393397698,-6.766640581190586e-10,-7.231670294559285e-12
United States of America,Female,20-24 years,Incidence,2015,83.14306940982999,10987375.49081532,derived_proxy_NOT_OFFICIAL,9135.24123064737,9135.241230647229,-1.418811734765768e-10,-1.5531190681707084e-12
United States of America,Female,20-24 years,Incidence,2016,82.72296983233,10856621.977895577,derived_proxy_NOT_OFFICIAL,8980.920123585565,8980.920123584667,-8.985807653516531e-10,-1.0005442126044669e-11
United States of America,Female,20-24 years,Incidence,2017,82.3717819007,10729349.614687003,derived_proxy_NOT_OFFICIAL,8837.956463974317,8837.956463973575,-7.421476766467094e-10,-8.397276900739281e-12
United States of America,Female,20-24 years,Incidence,2018,82.10375156996001,10625456.044811836,derived_proxy_NOT_OFFICIAL,8723.89803420758,8723.898034207608,2.9103830456733704e-11,3.33610392311025e-13
United States of America,Female,20-24 years,Incidence,2019,81.93445886881,10553519.543223895,derived_proxy_NOT_OFFICIAL,8646.969129355226,8646.969129354608,-6.184563972055912e-10,-7.152291027685296e-12
United States of America,Female,20-24 years,Incidence,2020,81.87861098592,10531563.085704843,derived_proxy_NOT_OFFICIAL,8623.097569681075,8623.09756968102,-5.4569682106375694e-11,-6.328315511382292e-13
United States of America,Female,20-24 years,Incidence,2021,82.52509832223001,10526968.342225825,derived_proxy_NOT_OFFICIAL,8687.390974771939,8687.390974771888,-5.093170329928398e-11,-5.862715681519219e-13
United States of America,Female,20-24 years,Incidence,2022,83.22541256692,10581618.446861777,derived_proxy_NOT_OFFICIAL,8806.595608658348,8806.595608658026,-3.219611244276166e-10,-3.655909033805018e-12
United States of America,Female,20-24 years,Incidence,2023,82.77042044072999,10658557.792093117,derived_proxy_NOT_OFFICIAL,8822.133097434173,8822.13309743366,-5.129550117999315e-10,-5.814410258094148e-12
United States of America,Female,25-29 years,Incidence,1990,52.14550895441,10823316.089238273,derived_proxy_NOT_OFFICIAL,5643.873260478302,5643.873260477842,-4.5929482439532876e-10,-8.137936541055581e-12
United States of America,Female,25-29 years,Incidence,1991,52.00379817073,10575847.863401221,derived_proxy_NOT_OFFICIAL,5499.842577726696,5499.842577726632,-6.366462912410498e-11,-1.157571843636661e-12
United States of America,Female,25-29 years,Incidence,1992,51.83609354205,10339393.493749753,derived_proxy_NOT_OFFICIAL,5359.537683101142,5359.537683100753,-3.8835423765704036e-10,-7.24603987544557e-12
United States of America,Female,25-29 years,Incidence,1993,51.65640818954,10097112.956200387,derived_proxy_NOT_OFFICIAL,5215.805884014165,5215.805884013801,-3.637978807091713e-10,-6.97491219571973e-12
United States of America,Female,25-29 years,Incidence,1994,51.47893903876,9921249.712868333,derived_proxy_NOT_OFFICIAL,5107.354091571242,5107.35409157064,-6.020854925736785e-10,-1.1788598984497882e-11
United States of America,Female,25-29 years,Incidence,1995,51.31744256705,9867310.621267116,derived_proxy_NOT_OFFICIAL,5063.6514609814685,5063.651460981177,-2.9194779926910996e-10,-5.7655587379729094e-12
United States of America,Female,25-29 years,Incidence,1996,51.05017729735,9945688.875243476,derived_proxy_NOT_OFFICIAL,5077.291804254839,5077.291804254609,-2.3010215954855084e-10,-4.531986114245435e-12
United States of America,Female,25-29 years,Incidence,1997,50.62877529229,9946554.500787418,derived_proxy_NOT_OFFICIAL,5035.81872752918,5035.818727528819,-3.610693966038525e-10,-7.170023706969509e-12
United States of America,Female,25-29 years,Incidence,1998,50.17611550566,9877602.432369702,derived_proxy_NOT_OFFICIAL,4956.197205655828,4956.197205655703,-1.2460077414289117e-10,-2.514039877200637e-12
United States of America,Female,25-29 years,Incidence,1999,49.81506146335,9710707.654224254,derived_proxy_NOT_OFFICIAL,4837.394986478411,4837.394986478045,-3.6561687011271715e-10,-7.558135548879038e-12
United States of America,Female,25-29 years,Incidence,2000,49.66875414718,9476164.094009334,derived_proxy_NOT_OFFICIAL,4706.692646437769,4706.6926464368435,-9.258656064048409e-10,-1.9671256994135286e-11
United States of America,Female,25-29 years,Incidence,2001,49.85459503329,9275175.002596442,derived_proxy_NOT_OFFICIAL,4624.100936173581,4624.100936173401,-1.800799509510398e-10,-3.894377597649393e-12
United States of America,Female,25-29 years,Incidence,2002,50.29292355043,9236574.651836552,derived_proxy_NOT_OFFICIAL,4645.343428326537,4645.343428326552,1.546140993013978e-11,3.328367464902305e-13
United States of America,Female,25-29 years,Incidence,2003,50.81590204994,9322806.637971204,derived_proxy_NOT_OFFICIAL,4737.468289457201,4737.468289456751,-4.4929038267582655e-10,-9.483765488745981e-12
United States of America,Female,25-29 years,Incidence,2004,51.25700096179,9508126.557645094,derived_proxy_NOT_OFFICIAL,4873.580521100845,4873.580521100356,-4.883986548520625e-10,-1.0021351914418415e-11
United States of America,Female,25-29 years,Incidence,2005,51.44855272472,9747723.020790696,derived_proxy_NOT_OFFICIAL,5015.062417811276,5015.062417811171,-1.0459189070388675e-10,-2.0855551135798983e-12
United States of America,Female,25-29 years,Incidence,2006,51.36857532227,10011705.370140236,derived_proxy_NOT_OFFICIAL,5142.870414105196,5142.870414104237,-9.586074156686664e-10,-1.863954053828622e-11
United States of America,Female,25-29 years,Incidence,2007,51.14391734714,10220341.74177707,derived_proxy_NOT_OFFICIAL,5227.083133009934,5227.083133009713,-2.2100721253082156e-10,-4.2281174205002175e-12
United States of America,Female,25-29 years,Incidence,2008,50.83487166865,10386537.687258413,derived_proxy_NOT_OFFICIAL,5279.983104134349,5279.983104133782,-5.666151992045343e-10,-1.073138280993478e-11
United States of America,Female,25-29 years,Incidence,2009,50.50069936766,10487243.20983908,derived_proxy_NOT_OFFICIAL,5296.131165356544,5296.13116535617,-3.7471181713044643e-10,-7.075198959979312e-12
United States of America,Female,25-29 years,Incidence,2010,50.20093394049999,10526958.29462047,derived_proxy_NOT_OFFICIAL,5284.631379426793,5284.631379426407,-3.8562575355172157e-10,-7.297117355298851e-12
United States of America,Female,25-29 years,Incidence,2011,49.781596677900005,10570670.27204296,derived_proxy_NOT_OFFICIAL,5262.248440980099,5262.248440979101,-9.977156878449023e-10,-1.895987426353965e-11
United States of America,Female,25-29 years,Incidence,2012,49.15641215747,10620470.834218029,derived_proxy_NOT_OFFICIAL,5220.642416332615,5220.642416332106,-5.084075382910669e-10,-9.738409524094774e-12
United States of America,Female,25-29 years,Incidence,2013,48.48864534463,10701941.025249712,derived_proxy_NOT_OFFICIAL,5189.226228725348,5189.226228724792,-5.557012627832592e-10,-1.0708749981011302e-11
United States of America,Female,25-29 years,Incidence,2014,47.94031317932,10864727.183630362,derived_proxy_NOT_OFFICIAL,5208.584237911686,5208.584237911109,-5.766196409240365e-10,-1.1070563795954362e-11
United States of America,Female,25-29 years,Incidence,2015,47.67334206429,11062862.01954798,derived_proxy_NOT_OFFICIAL,5274.036052679874,5274.036052679529,-3.446984919719398e-10,-6.535762905844938e-12
United States of America,Female,25-29 years,Incidence,2016,47.66046473496,11253231.786648387,derived_proxy_NOT_OFFICIAL,5363.342567219436,5363.342567218864,-5.720721674151719e-10,-1.066633652885902e-11
United States of America,Female,25-29 years,Incidence,2017,47.73379998551,11404868.937685288,derived_proxy_NOT_OFFICIAL,5443.97732732526,5443.9773273242545,-1.0059011401608586e-09,-1.8477320526518042e-11
United States of America,Female,25-29 years,Incidence,2018,47.84398401014,11453351.871475697,derived_proxy_NOT_OFFICIAL,5479.739838014407,5479.739838013903,-5.038600647822022e-10,-9.194963258780855e-12
United States of America,Female,25-29 years,Incidence,2019,47.94105717984,11400182.740130655,derived_proxy_NOT_OFFICIAL,5465.368126052291,5465.368126052288,-2.7284841053187847e-12,-4.9923153251336534e-14
United States of America,Female,25-29 years,Incidence,2020,47.9742994992,11236018.983513404,derived_proxy_NOT_OFFICIAL,5390.40139893801,5390.401398937688,-3.219611244276166e-10,-5.972859915238368e-12
United States of America,Female,25-29 years,Incidence,2021,47.64556450761,11029377.415277787,derived_proxy_NOT_OFFICIAL,5255.009131184608,5255.009131183946,-6.621121428906918e-10,-1.2599638294851743e-11
United States of America,Female,25-29 years,Incidence,2022,47.36204287218,10883572.163204048,derived_proxy_NOT_OFFICIAL,5154.6821139615695,5154.682113961349,-2.2009771782904863e-10,-4.269860157484962e-12
United States of America,Female,25-29 years,Incidence,2023,48.67668459656,10802911.300256126,derived_proxy_NOT_OFFICIAL,5258.499060872604,5258.4990608718135,-7.903508958406746e-10,-1.5029971227370012e-11
United States of America,Female,30-34 years,Incidence,1990,28.82152000953,11197307.2487504,derived_proxy_NOT_OFFICIAL,3227.2341492271926,3227.2341492271494,-4.320099833421409e-11,-1.3386384853593343e-12
United States of America,Female,30-34 years,Incidence,1991,28.94301794259,11306801.330627192,derived_proxy_NOT_OFFICIAL,3272.5295378574533,3272.529537856433,-1.0204530553892255e-09,-3.118239403447288e-11
United States of America,Female,30-34 years,Incidence,1992,29.01577752746,11324116.707425531,derived_proxy_NOT_OFFICIAL,3285.780510776637,3285.7805107765203,-1.1687006917782128e-10,-3.5568434590963444e-12
United States of America,Female,30-34 years,Incidence,1993,29.04824772539,11284897.892607434,derived_proxy_NOT_OFFICIAL,3278.0650954023527,3278.0650954019225,-4.3019099393859506e-10,-1.3123320660775134e-11
United States of America,Female,30-34 years,Incidence,1994,29.04832795052,11268095.207761545,derived_proxy_NOT_OFFICIAL,3273.193249728384,3273.1932497274015,-9.82709025265649e-10,-3.0022945493584776e-11
United States of America,Female,30-34 years,Incidence,1995,29.02404618757,11116074.339144811,derived_proxy_NOT_OFFICIAL,3226.3345504380445,3226.3345504380063,-3.8198777474462986e-11,-1.1839682735095367e-12
United States of America,Female,30-34 years,Incidence,1996,28.89143743311,10881145.038367607,derived_proxy_NOT_OFFICIAL,3143.7192107669766,3143.71921076593,-1.0468284017406404e-09,-3.329904268025402e-11
United States of America,Female,30-34 years,Incidence,1997,28.62359050836,10646503.769506115,derived_proxy_NOT_OFFICIAL,3047.411642440988,3047.411642440542,-4.461071512196213e-10,-1.4638887146282863e-11
United States of America,Female,30-34 years,Incidence,1998,28.31395024108,10401241.871074066,derived_proxy_NOT_OFFICIAL,2945.0024478309524,2945.0024478302894,-6.630216375924647e-10,-2.251344945674976e-11
United States of America,Female,30-34 years,Incidence,1999,28.05592986984,10214053.046393447,derived_proxy_NOT_OFFICIAL,2865.6475595647025,2865.6475595644015,-3.0104274628683925e-10,-1.0505225783332834e-11
United States of America,Female,30-34 years,Incidence,2000,27.9425674724,10148470.267977342,derived_proxy_NOT_OFFICIAL,2835.7431520466807,2835.743152046022,-6.589289114344865e-10,-2.3236551270833836e-11
United States of America,Female,30-34 years,Incidence,2001,28.00224423081,10244464.32185621,derived_proxy_NOT_OFFICIAL,2868.6799195452018,2868.6799195443696,-8.321876521222293e-10,-2.9009428568599725e-11
United States of America,Female,30-34 years,Incidence,2002,28.15846199663,10261526.9341662,derived_proxy_NOT_OFFICIAL,2889.488162031647,2889.4881620311407,-5.061338015366346e-10,-1.751638259631296e-11
United States of America,Female,30-34 years,Incidence,2003,28.34846076574,10199209.456969395,derived_proxy_NOT_OFFICIAL,2891.3188913250538,2891.3188913246127,-4.411049303598702e-10,-1.525618400942684e-11
United States of America,Female,30-34 years,Incidence,2004,28.51030163579,10048018.937851578,derived_proxy_NOT_OFFICIAL,2864.720507603474,2864.7205076027876,-6.862137524876744e-10,-2.3953951202790705e-11
United States of America,Female,30-34 years,Incidence,2005,28.58206598911,9833900.18423197,derived_proxy_NOT_OFFICIAL,2810.7318399603964,2810.7318399603914,-5.002220859751105e-12,-1.779686268406732e-13
United States of America,Female,30-34 years,Incidence,2006,28.535845296,9609143.708002359,derived_proxy_NOT_OFFICIAL,2742.050382785911,2742.050382785871,-4.001776687800884e-11,-1.4594103423202227e-12
United States of America,Female,30-34 years,Incidence,2007,28.41810163226,9553336.113949914,derived_proxy_NOT_OFFICIAL,2714.8767661344027,2714.8767661336847,-7.180460670497268e-10,-2.644856945282721e-11
United States of America,Female,30-34 years,Incidence,2008,28.27469832709,9637900.877177197,derived_proxy_NOT_OFFICIAL,2725.087398086192,2725.0873980858137,-3.7834979593753815e-10,-1.388395088551106e-11
United States of America,Female,30-34 years,Incidence,2009,28.15138623922,9808395.7082403,derived_proxy_NOT_OFFICIAL,2761.199359697978,2761.199359697805,-1.7280399333685637e-10,-6.2582947055209304e-12
United States of America,Female,30-34 years,Incidence,2010,28.09474506297,10036140.752273608,derived_proxy_NOT_OFFICIAL,2819.62815851234,2819.6281585121096,-2.305569068994373e-10,-8.176855029745521e-12
United States of America,Female,30-34 years,Incidence,2011,28.12422989118,10287001.766644888,derived_proxy_NOT_OFFICIAL,2893.140025761328,2893.1400257609566,-3.715285856742412e-10,-1.2841707707406027e-11
United States of America,Female,30-34 years,Incidence,2012,28.20718565191,10496596.497932844,derived_proxy_NOT_OFFICIAL,2960.794461304322,2960.7944613038003,-5.215952114667743e-10,-1.761673153215085e-11
United States of America,Female,30-34 years,Incidence,2013,28.31248367968,10667937.890546922,derived_proxy_NOT_OFFICIAL,3020.3581742204515,3020.358174219496,-9.554241842124611e-10,-3.163281071653213e-11
United States of America,Female,30-34 years,Incidence,2014,28.40858507753,10781602.24681725,derived_proxy_NOT_OFFICIAL,3062.9006470081235,3062.9006470079644,-1.5916157281026244e-10,-5.196432765970822e-12
United States of America,Female,30-34 years,Incidence,2015,28.46369986227,10838399.854051111,derived_proxy_NOT_OFFICIAL,3085.0096043299463,3085.009604329818,-1.2823875294998288e-10,-4.1568348043388314e-12
United States of America,Female,30-34 years,Incidence,2016,28.50285435682,10893132.446539788,derived_proxy_NOT_OFFICIAL,3104.8536761329715,3104.8536761327387,-2.3283064365386963e-10,-7.498924842856208e-12
United States of America,Female,30-34 years,Incidence,2017,28.56076743574,10939827.671171084,derived_proxy_NOT_OFFICIAL,3124.498739034806,3124.4987390339047,-9.013092494569719e-10,-2.884652306614138e-11
United States of America,Female,30-34 years,Incidence,2018,28.6196902269,11008535.57033247,derived_proxy_NOT_OFFICIAL,3150.608778747804,3150.608778747252,-5.520632839761674e-10,-1.752243209947452e-11
United States of America,Female,30-34 years,Incidence,2019,28.6612239949,11148581.446373768,derived_proxy_NOT_OFFICIAL,3195.31990060002,3195.3199005990477,-9.722498361952603e-10,-3.042730826458692e-11
United States of America,Female,30-34 years,Incidence,2020,28.66623089853,11310291.857373368,derived_proxy_NOT_OFFICIAL,3242.234379132491,3242.234379132287,-2.041815605480224e-10,-6.297557075520686e-12
United States of America,Female,30-34 years,Incidence,2021,28.37682352597,11455913.126870278,derived_proxy_NOT_OFFICIAL,3250.824251300561,3250.8242513004107,-1.5052137314341962e-10,-4.630252560814395e-12
United States of America,Female,30-34 years,Incidence,2022,28.09917980822,11594755.734400976,derived_proxy_NOT_OFFICIAL,3258.0312621341886,3258.03126213323,-9.586074156686664e-10,-2.942290415717884e-11
United States of America,Female,30-34 years,Incidence,2023,28.699344236130003,11652228.391856652,derived_proxy_NOT_OFFICIAL,3344.113137359226,3344.113137359016,-2.1009327610954642e-10,-6.2824811087418094e-12
United States of America,Female,35-39 years,Incidence,1990,20.90167746338,10260424.044866193,derived_proxy_NOT_OFFICIAL,2144.6007402336254,2144.6007402330197,-6.057234713807702e-10,-2.8244113695250556e-11
United States of America,Female,35-39 years,Incidence,1991,21.14241121155,10500313.84579927,derived_proxy_NOT_OFFICIAL,2220.0195317830444,2220.0195317822017,-8.42646841192618e-10,-3.795673097145378e-11
United States of America,Female,35-39 years,Incidence,1992,21.338135827,10752185.205117248,derived_proxy_NOT_OFFICIAL,2294.3158834386786,2294.3158834385167,-1.6189005691558123e-10,-7.056136344788904e-12
United States of America,Female,35-39 years,Incidence,1993,21.4845008101,10981297.227182575,derived_proxy_NOT_OFFICIAL,2359.2768917343683,2359.276891733529,-8.394636097364128e-10,-3.558139414146087e-11
United States of America,Female,35-39 years,Incidence,1994,21.5771301811,11135157.880969796,derived_proxy_NOT_OFFICIAL,2402.647511848057,2402.6475118478693,-1.8781065591610968e-10,-7.816821027219692e-12
United States of America,Female,35-39 years,Incidence,1995,21.61190599107,11303058.802530851,derived_proxy_NOT_OFFICIAL,2442.806442518988,2442.8064425183297,-6.584741640836e-10,-2.695564219179767e-11
United States of America,Female,35-39 years,Incidence,1996,21.5675205784,11426614.057375953,derived_proxy_NOT_OFFICIAL,2464.4373382393487,2464.437338238906,-4.4292391976341605e-10,-1.7972618450905764e-11
United States of America,Female,35-39 years,Incidence,1997,21.45356292208,11461626.222808864,derived_proxy_NOT_OFFICIAL,2458.927193605013,2458.927193603921,-1.0923031368292868e-09,-4.4421938952485616e-11
United States of America,Female,35-39 years,Incidence,1998,21.31226211044,11440085.94543906,derived_proxy_NOT_OFFICIAL,2438.141102352208,2438.1411023515802,-6.275513442233205e-10,-2.5738926414795576e-11
United States of America,Female,35-39 years,Incidence,1999,21.18586193191,11441196.89772142,derived_proxy_NOT_OFFICIAL,2423.9161781097064,2423.9161781092303,-4.761204763781279e-10,-1.9642613085301943e-11
United States of America,Female,35-39 years,Incidence,2000,21.11692309614,11315047.608947169,derived_proxy_NOT_OFFICIAL,2389.3899018730167,2389.3899018730012,-1.546140993013978e-11,-6.470861000132188e-13
United States of America,Female,35-39 years,Incidence,2001,21.09237014771,11109286.794183925,derived_proxy_NOT_OFFICIAL,2343.21189140037,2343.2118913999393,-4.306457412894815e-10,-1.83784378557466e-11
United States of America,Female,35-39 years,Incidence,2002,21.07181267296,10890442.729428433,derived_proxy_NOT_OFFICIAL,2294.813691201512,2294.8136912011514,-3.6061464925296605e-10,-1.5714332306609015e-11
United States of America,Female,35-39 years,Incidence,2003,21.05641305965,10652569.466002919,derived_proxy_NOT_OFFICIAL,2243.0490282277915,2243.049028227727,-6.45741238258779e-11,-2.8788547647974157e-12
United States of America,Female,35-39 years,Incidence,2004,21.04713495106,10475392.359921426,derived_proxy_NOT_OFFICIAL,2204.769966646694,2204.769966645691,-1.0027179087046534e-09,-4.547947966788207e-11
United States of America,Female,35-39 years,Incidence,2005,21.04499103723,10425909.971991953,derived_proxy_NOT_OFFICIAL,2194.131819156088,2194.1318191553755,-7.125890988390893e-10,-3.2477041380000904e-11
United States of America,Female,35-39 years,Incidence,2006,21.0531381306,10518078.676917935,derived_proxy_NOT_OFFICIAL,2214.3856325368097,2214.385632536718,-9.185896487906575e-11,-4.148282193008619e-12
United States of America,Female,35-39 years,Incidence,2007,21.07327888493,10530404.38768626,derived_proxy_NOT_OFFICIAL,2219.1014843289804,2219.101484328031,-9.49512468650937e-10,-4.2788149859584e-11
United States of America,Female,35-39 years,Incidence,2008,21.10307154901,10470975.669361986,derived_proxy_NOT_OFFICIAL,2209.6974873858708,2209.697487384889,-9.81799530563876e-10,-4.443140005220218e-11
United States of America,Female,35-39 years,Incidence,2009,21.14022371872,10314962.884326354,derived_proxy_NOT_OFFICIAL,2180.606230250116,2180.6062302495247,-5.911715561524034e-10,-2.7110422228069846e-11
United States of America,Female,35-39 years,Incidence,2010,21.1824371681,10100290.073706489,derived_proxy_NOT_OFFICIAL,2139.487598659255,2139.4875986587185,-5.366018740460277e-10,-2.5080859285293262e-11
United States of America,Female,35-39 years,Incidence,2011,21.28439258833,9867830.705661397,derived_proxy_NOT_OFFICIAL,2100.3078273449105,2100.3078273447463,-1.6416379367001355e-10,-7.81617777797553e-12
United States of America,Female,35-39 years,Incidence,2012,21.46507540317,9808885.002794456,derived_proxy_NOT_OFFICIAL,2105.484562060441,2105.4845620600636,-3.774403012357652e-10,-1.7926529029802037e-11
United States of America,Female,35-39 years,Incidence,2013,21.66771108447,9887847.734946989,derived_proxy_NOT_OFFICIAL,2142.4702796816064,2142.470279680624,-9.822542779147625e-10,-4.584680997585347e-11
United States of America,Female,35-39 years,Incidence,2014,21.83503735427,10055783.278936964,derived_proxy_NOT_OFFICIAL,2195.684035221168,2195.6840352203226,-8.453753252979368e-10,-3.850168383689065e-11
United States of America,Female,35-39 years,Incidence,2015,21.9097725169,10283314.207312267,derived_proxy_NOT_OFFICIAL,2253.050750020984,2253.050750020176,-8.080860425252467e-10,-3.586630449925376e-11
United States of America,Female,35-39 years,Incidence,2016,21.89500705105,10532836.847611139,derived_proxy_NOT_OFFICIAL,2306.165370460233,2306.1653704600517,-1.8144419300369918e-10,-7.86778759788111e-12
United States of America,Female,35-39 years,Incidence,2017,21.84167023784,10735265.17188097,derived_proxy_NOT_OFFICIAL,2344.7612180009824,2344.7612179999287,-1.0536496120039374e-09,-4.4936328864319176e-11
United States of America,Female,35-39 years,Incidence,2018,21.76472227173,10894499.342209727,derived_proxy_NOT_OFFICIAL,2371.157524727722,2371.1575247273986,-3.23325366480276e-10,-1.363576072481322e-11
United States of America,Female,35-39 years,Incidence,2019,21.67897485793,10983973.416305847,derived_proxy_NOT_OFFICIAL,2381.212835322892,2381.2128353226594,-2.3237589630298316e-10,-9.758720130175725e-12
United States of America,Female,35-39 years,Incidence,2020,21.59920781403,11011221.992861569,derived_proxy_NOT_OFFICIAL,2378.336721102464,2378.336721102346,-1.177795638795942e-10,-4.952182036906792e-12
United States of America,Female,35-39 years,Incidence,2021,21.33924460817,11031655.573420897,derived_proxy_NOT_OFFICIAL,2354.0719671435136,2354.0719671431043,-4.092726157978177e-10,-1.7385730831943882e-11
United States of America,Female,35-39 years,Incidence,2022,21.12251871123,11064661.609695699,derived_proxy_NOT_OFFICIAL,2337.135218843079,2337.1352188422566,-8.226379577536136e-10,-3.5198560661835946e-11
United States of America,Female,35-39 years,Incidence,2023,21.86892700512,11137561.801007703,derived_proxy_NOT_OFFICIAL,2435.665260413528,2435.665260412503,-1.0250005288980901e-09,-4.208298018439797e-11
United States of America,Female,40-44 years,Incidence,1990,16.73328122216,9140013.480417017,derived_proxy_NOT_OFFICIAL,1529.4241594221942,1529.4241594215134,-6.807567842770368e-10,-4.451065978545951e-11
United States of America,Female,40-44 years,Incidence,1991,16.99930747565,9610110.04736661,derived_proxy_NOT_OFFICIAL,1633.65215570109,1633.6521557001838,-9.060840966412798e-10,-5.546371015881464e-11
United States of America,Female,40-44 years,Incidence,1992,17.22959693768,9670899.358859174,derived_proxy_NOT_OFFICIAL,1666.2569797802878,1666.256979780115,-1.7280399333685637e-10,-1.0370788865931247e-11
United States of America,Female,40-44 years,Incidence,1993,17.412719250109998,9786455.864210714,derived_proxy_NOT_OFFICIAL,1704.0880841714895,1704.0880841709375,-5.520632839761674e-10,-3.2396405391483916e-11
United States of America,Female,40-44 years,Incidence,1994,17.53760567111,10013827.407074925,derived_proxy_NOT_OFFICIAL,1756.1855632388524,1756.1855632383395,-5.129550117999315e-10,-2.9208474465187616e-11
United States of America,Female,40-44 years,Incidence,1995,17.59296779821,10238544.68288346,derived_proxy_NOT_OFFICIAL,1801.2638690652602,1801.2638690650292,-2.3101165425032377e-10,-1.2824975741627679e-11
United States of America,Female,40-44 years,Incidence,1996,17.58600845432,10482840.528046252,derived_proxy_NOT_OFFICIAL,1843.5132215154224,1843.5132215150973,-3.2514435588382185e-10,-1.7637213125954343e-11
United States of America,Female,40-44 years,Incidence,1997,17.54298503354,10735885.350034462,derived_proxy_NOT_OFFICIAL,1883.394760175023,1883.394760174559,-4.6406967157963663e-10,-2.4640063856634646e-11
United States of America,Female,40-44 years,Incidence,1998,17.481513203509998,10970372.98169854,derived_proxy_NOT_OFFICIAL,1917.78720127093,1917.7872012699233,-1.0065832611871883e-09,-5.248670240995034e-11
United States of America,Female,40-44 years,Incidence,1999,17.419037667239998,11135738.09404597,derived_proxy_NOT_OFFICIAL,1939.7384131271403,1939.7384131270612,-7.912603905424476e-11,-4.0792118421103014e-12
United States of America,Female,40-44 years,Incidence,2000,17.373036803,11312287.631390128,derived_proxy_NOT_OFFICIAL,1965.2878934636024,1965.2878934626242,-9.781615517567843e-10,-4.9771921712339196e-11
United States of America,Female,40-44 years,Incidence,2001,17.31452144606,11448326.012582444,derived_proxy_NOT_OFFICIAL,1982.222862664296,1982.2228626634526,-8.433289622189477e-10,-4.2544608787602896e-11
United States of America,Female,40-44 years,Incidence,2002,17.22137934405,11500507.784390932,derived_proxy_NOT_OFFICIAL,1980.546072042039,1980.5460720419621,-7.685230229981244e-11,-3.880359229440898e-12
United States of America,Female,40-44 years,Incidence,2003,17.12118806005,11491998.194028836,derived_proxy_NOT_OFFICIAL,1967.566622657804,1967.5666226572266,-5.773017619503662e-10,-2.934090034372217e-11
United States of America,Female,40-44 years,Incidence,2004,17.04131909081,11506752.556704123,derived_proxy_NOT_OFFICIAL,1960.902420177904,1960.9024201778873,-1.6825651982799172e-11,-8.580565666940558e-13
United States of America,Female,40-44 years,Incidence,2005,17.00878953223,11398201.344942952,derived_proxy_NOT_OFFICIAL,1938.6960772214536,1938.6960772211557,-2.97859514830634e-10,-1.5363909708711402e-11
United States of America,Female,40-44 years,Incidence,2006,17.035360361549998,11195400.081195801,derived_proxy_NOT_OFFICIAL,1907.1767477497224,1907.176747748966,-7.564722181996331e-10,-3.966450509068939e-11
United States of America,Female,40-44 years,Incidence,2007,17.10320755234,10976948.722153708,derived_proxy_NOT_OFFICIAL,1877.4103228647607,1877.4103228638821,-8.785718819126487e-10,-4.6797009221299385e-11
United States of America,Female,40-44 years,Incidence,2008,17.19458261842,10743661.680863809,derived_proxy_NOT_OFFICIAL,1847.327783960368,1847.3277839596585,-7.09405867382884e-10,-3.840173214209089e-11
United States of America,Female,40-44 years,Incidence,2009,17.29168737733,10560794.840005357,derived_proxy_NOT_OFFICIAL,1826.139628294943,1826.1396282949243,-1.864464138634503e-11,-1.02098662651297e-12
United States of America,Female,40-44 years,Incidence,2010,17.37714591309,10506855.882013764,derived_proxy_NOT_OFFICIAL,1825.791677496312,1825.7916774956113,-7.007656677160412e-10,-3.8381469055494516e-11
United States of America,Female,40-44 years,Incidence,2011,17.50971340041,10591827.604635999,derived_proxy_NOT_OFFICIAL,1854.598657438112,1854.598657437275,-8.369624993065372e-10,-4.512903619064906e-11
United States of America,Female,40-44 years,Incidence,2012,17.71911682686,10600177.211793128,derived_proxy_NOT_OFFICIAL,1878.2577840124889,1878.2577840118151,-6.737082003382966e-10,-3.586878255332267e-11
United States of America,Female,40-44 years,Incidence,2013,17.94509881998,10536173.665413111,derived_proxy_NOT_OFFICIAL,1890.7267761040944,1890.7267761030919,-1.0024905350292102e-09,-5.3021438512383865e-11
United States of America,Female,40-44 years,Incidence,2014,18.12722029669,10381818.938542156,derived_proxy_NOT_OFFICIAL,1881.935189793983,1881.9351897930198,-9.63154889177531e-10,-5.117896165611146e-11
United States of America,Female,40-44 years,Incidence,2015,18.20513393015,10172183.114024041,derived_proxy_NOT_OFFICIAL,1851.8595595281795,1851.8595595281797,2.2737367544323206e-13,1.2278127370585423e-14
United States of America,Female,40-44 years,Incidence,2016,18.17464001306,9939830.65409553,derived_proxy_NOT_OFFICIAL,1806.528439289892,1806.5284392896497,-2.423803380224854e-10,-1.3416912391246935e-11
United States of America,Female,40-44 years,Incidence,2017,18.08939349132,9878964.989366136,derived_proxy_NOT_OFFICIAL,1787.0448497961895,1787.0448497961793,-1.0231815394945443e-11,-5.725550422594246e-13
United States of America,Female,40-44 years,Incidence,2018,17.975363174119998,9950007.728048936,derived_proxy_NOT_OFFICIAL,1788.550024970631,1788.5500249698023,-8.287770469905809e-10,-4.633792935169313e-11
United States of America,Female,40-44 years,Incidence,2019,17.85809337143,10103049.318822645,derived_proxy_NOT_OFFICIAL,1804.211980717813,1804.2119807169706,-8.424194675171748e-10,-4.6691823162709226e-11
United States of America,Female,40-44 years,Incidence,2020,17.76276076108,10306765.857038941,derived_proxy_NOT_OFFICIAL,1830.7661613911653,1830.7661613905036,-6.616573955398053e-10,-3.614101076879333e-11
United States of America,Female,40-44 years,Incidence,2021,17.53643136119,10528090.920576118,derived_proxy_NOT_OFFICIAL,1846.2514379313352,1846.2514379305073,-8.278675522888079e-10,-4.484045538328228e-11
United States of America,Female,40-44 years,Incidence,2022,17.35911648673,10717678.544260263,derived_proxy_NOT_OFFICIAL,1860.4943031721325,1860.494303171407,-7.255493983393535e-10,-3.8997668367072976e-11
United States of America,Female,40-44 years,Incidence,2023,18.07326275144,10878576.74075342,derived_proxy_NOT_OFFICIAL,1966.1137579743863,1966.1137579734036,-9.82709025265649e-10,-4.998230754857732e-11
United States of America,Female,45-49 years,Incidence,1990,16.3286362478,7126274.376764039,derived_proxy_NOT_OFFICIAL,1163.6234210023308,1163.6234210019763,-3.544755600159988e-10,-3.046308226682632e-11
United States of America,Female,45-49 years,Incidence,1991,16.53466272421,7285731.235409625,derived_proxy_NOT_OFFICIAL,1204.6710867676975,1204.6710867674,-2.9740476747974753e-10,-2.4687632229783692e-11
United States of America,Female,45-49 years,Incidence,1992,16.71046369757,7836689.601408519,derived_proxy_NOT_OFFICIAL,1309.5471709350466,1309.5471709346136,-4.3291947804391384e-10,-3.3058715841049047e-11
United States of America,Female,45-49 years,Incidence,1993,16.84837806179,8226844.69842915,derived_proxy_NOT_OFFICIAL,1386.089897347892,1386.0898973476706,-2.2146195988170803e-10,-1.5977460069902213e-11
United States of America,Female,45-49 years,Incidence,1994,16.9402955535,8586957.027312458,derived_proxy_NOT_OFFICIAL,1454.655899479267,1454.655899478768,-4.988578439224511e-10,-3.429387280531641e-11
United States of America,Female,45-49 years,Incidence,1995,16.978264978920002,9032395.300523803,derived_proxy_NOT_OFFICIAL,1533.5440080673238,1533.544008066449,-8.74933903105557e-10,-5.7053067828696226e-11
United States of America,Female,45-49 years,Incidence,1996,16.96221299085,9504962.45112253,derived_proxy_NOT_OFFICIAL,1612.251975660371,1612.2519756597203,-6.507434591185302e-10,-4.0362391793751013e-11
United States of America,Female,45-49 years,Incidence,1997,16.90968651887,9580246.480218727,derived_proxy_NOT_OFFICIAL,1619.9896475406783,1619.989647540064,-6.14363671047613e-10,-3.792392574732094e-11
United States of America,Female,45-49 years,Incidence,1998,16.83985039828,9712902.355541384,derived_proxy_NOT_OFFICIAL,1635.6382260046082,1635.6382260041833,-4.249613994034007e-10,-2.5981381007550714e-11
United States of America,Female,45-49 years,Incidence,1999,16.77248486107,9954182.443245623,derived_proxy_NOT_OFFICIAL,1669.5637433368263,1669.5637433366603,-1.659827830735594e-10,-9.941685888663503e-12
United States of America,Female,45-49 years,Incidence,2000,16.72733021772,10200801.045285655,derived_proxy_NOT_OFFICIAL,1706.3216756976435,1706.3216756975648,-7.867129170335829e-11,-4.6105779949840285e-12
United States of America,Female,45-49 years,Incidence,2001,16.68561122706,10459859.59672224,derived_proxy_NOT_OFFICIAL,1745.29150720576,1745.291507205399,-3.608420229284093e-10,-2.067517210956485e-11
United States of America,Female,45-49 years,Incidence,2002,16.626113579130003,10721991.939639334,derived_proxy_NOT_OFFICIAL,1782.6505578296467,1782.6505578295996,-4.7066350816749036e-11,-2.6402454822133898e-12
United States of America,Female,45-49 years,Incidence,2003,16.56430907567,10963604.239156187,derived_proxy_NOT_OFFICIAL,1816.04529200792,1816.0452920070888,-8.310507837450132e-10,-4.5761567038130285e-11
United States of America,Female,45-49 years,Incidence,2004,16.5153340926,11139652.524570037,derived_proxy_NOT_OFFICIAL,1839.75083118782,1839.7508311874917,-3.283275873400271e-10,-1.784630732456553e-11
United States of America,Female,45-49 years,Incidence,2005,16.494635068759997,11320080.527276078,derived_proxy_NOT_OFFICIAL,1867.2059724642231,1867.2059724639516,-2.714841684792191e-10,-1.4539594050298105e-11
United States of America,Female,45-49 years,Incidence,2006,16.50763505591,11463748.30722028,derived_proxy_NOT_OFFICIAL,1892.3937342850488,1892.3937342839843,-1.0645635484252125e-09,-5.625486541929433e-11
United States of America,Female,45-49 years,Incidence,2007,16.54396217603,11522277.902371112,derived_proxy_NOT_OFFICIAL,1906.2412979859769,1906.2412979853398,-6.371010385919362e-10,-3.3421846398200474e-11
United States of America,Female,45-49 years,Incidence,2008,16.59484797,11522703.567641143,derived_proxy_NOT_OFFICIAL,1912.1751390844115,1912.1751390838137,-5.977653927402571e-10,-3.126101686618933e-11
United States of America,Female,45-49 years,Incidence,2009,16.65174083492,11536927.896708498,derived_proxy_NOT_OFFICIAL,1921.0993336724,1921.0993336714857,-9.142695489572361e-10,-4.7590956538905555e-11
United States of America,Female,45-49 years,Incidence,2010,16.70609168661,11428779.599290535,derived_proxy_NOT_OFFICIAL,1909.302398518403,1909.302398518056,-3.469722287263721e-10,-1.817272261301398e-11
United States of America,Female,45-49 years,Incidence,2011,16.803387455,11220309.570179071,derived_proxy_NOT_OFFICIAL,1885.3920907282463,1885.3920907276345,-6.118625606177375e-10,-3.245280191991264e-11
United States of America,Female,45-49 years,Incidence,2012,16.96349665169,10995128.364124248,derived_proxy_NOT_OFFICIAL,1865.158231897368,1865.1582318972344,-1.3369572116062045e-10,-7.168063217060995e-12
United States of America,Female,45-49 years,Incidence,2013,17.1393243262,10755190.921116155,derived_proxy_NOT_OFFICIAL,1843.3670538723577,1843.367053872115,-2.426077116979286e-10,-1.3161117922135098e-11
United States of America,Female,45-49 years,Incidence,2014,17.2837479184,10568552.26099199,derived_proxy_NOT_OFFICIAL,1826.6419314152256,1826.6419314142192,-1.006355887511745e-09,-5.509322162182337e-11
United States of America,Female,45-49 years,Incidence,2015,17.34986222202,10512913.454998586,derived_proxy_NOT_OFFICIAL,1823.9759999627515,1823.9759999624573,-2.942215360235423e-10,-1.6130778915377766e-11
United States of America,Female,45-49 years,Incidence,2016,17.34428887611,10595635.897326425,derived_proxy_NOT_OFFICIAL,1837.737698294132,1837.737698293105,-1.0270468919770792e-09,-5.588647895346701e-11
United States of America,Female,45-49 years,Incidence,2017,17.31165172591,10598208.057232078,derived_proxy_NOT_OFFICIAL,1834.7248680556409,1834.7248680553498,-2.9103830456733704e-10,-1.5862776464994796e-11
United States of America,Female,45-49 years,Incidence,2018,17.26268084209,10526680.405840347,derived_proxy_NOT_OFFICIAL,1817.1872417271604,1817.1872417270433,-1.170974428532645e-10,-6.443884271494681e-12
United States of America,Female,45-49 years,Incidence,2019,17.20813054503,10367642.644180406,derived_proxy_NOT_OFFICIAL,1784.0774806532806,1784.077480652764,-5.165929906070232e-10,-2.895574862689601e-11
United States of America,Female,45-49 years,Incidence,2020,17.15878362676,10153509.765864674,derived_proxy_NOT_OFFICIAL,1742.2187712475402,1742.218771246665,-8.751612767810002e-10,-5.023257074393296e-11
United States of America,Female,45-49 years,Incidence,2021,16.97958175215,9908899.14335071,derived_proxy_NOT_OFFICIAL,1682.4896307833749,1682.4896307833249,-5.002220859751105e-11,-2.97310650135897e-12
United States of America,Female,45-49 years,Incidence,2022,16.82749509963,9843515.391950086,derived_proxy_NOT_OFFICIAL,1656.4170702120732,1656.4170702117256,-3.476543497527018e-10,-2.0988334158388697e-11
United States of America,Female,45-49 years,Incidence,2023,17.325832373559997,9915213.010163017,derived_proxy_NOT_OFFICIAL,1717.8931856224638,1717.8931856222566,-2.071374183287844e-10,-1.2057642469414066e-11
United States of America,Female,50-54 years,Incidence,1990,15.9272305748,5894241.530611159,derived_proxy_NOT_OFFICIAL,938.7894392165936,938.78943921606,-5.33532329427544e-10,-5.683194837308451e-11
United States of America,Female,50-54 years,Incidence,1991,16.07417580445,6021721.463898031,derived_proxy_NOT_OFFICIAL,967.9420945614626,967.9420945612698,-1.9281287677586079e-10,-1.991987721778098e-11
United States of America,Female,50-54 years,Incidence,1992,16.19490743603,6211125.660600037,derived_proxy_NOT_OFFICIAL,1005.886051470034,1005.8860514696829,-3.510649548843503e-10,-3.490106601749699e-11
United States of America,Female,50-54 years,Incidence,1993,16.28546172203,6530436.559690725,derived_proxy_NOT_OFFICIAL,1063.5117462100177,1063.5117462098858,-1.318767317570746e-10,-1.2400119907188326e-11
United States of America,Female,50-54 years,Incidence,1994,16.34328006714,6810453.230793225,derived_proxy_NOT_OFFICIAL,1113.0514453506223,1113.0514453501212,-5.011315806768835e-10,-4.5023218178295614e-11
United States of America,Female,50-54 years,Incidence,1995,16.36495017143,7032055.265877144,derived_proxy_NOT_OFFICIAL,1150.792340288525,1150.792340288214,-3.1104718800634146e-10,-2.7028958841380204e-11
United States of America,Female,50-54 years,Incidence,1996,16.34034687679,7197514.004091617,derived_proxy_NOT_OFFICIAL,1176.098754774344,1176.0987547741074,-2.3646862246096134e-10,-2.0106187639517754e-11
United States of America,Female,50-54 years,Incidence,1997,16.27714514833,7749042.120453335,derived_proxy_NOT_OFFICIAL,1261.3228335520505,1261.3228335514182,-6.323261914076284e-10,-5.013198640247516e-11
United States of America,Female,50-54 years,Incidence,1998,16.19800962282,8145395.689926511,derived_proxy_NOT_OFFICIAL,1319.391977671474,1319.3919776710616,-4.1245584725402296e-10,-3.1261054655034716e-11
United States of America,Female,50-54 years,Incidence,1999,16.12560858023,8519941.14050727,derived_proxy_NOT_OFFICIAL,1373.892359584432,1373.8923595841861,-2.4579094315413386e-10,-1.7890116459231164e-11
United States of America,Female,50-54 years,Incidence,2000,16.082779121199998,8977328.521345783,derived_proxy_NOT_OFFICIAL,1443.803917072924,1443.8039170725322,-3.9176484278868884e-10,-2.7134213874618648e-11
United States of America,Female,50-54 years,Incidence,2001,16.05970416672,9448897.613417346,derived_proxy_NOT_OFFICIAL,1517.4650037314009,1517.465003731092,-3.0877345125190914e-10,-2.0347978404289027e-11
United States of America,Female,50-54 years,Incidence,2002,16.03390577508,9533594.808747463,derived_proxy_NOT_OFFICIAL,1528.6076086127885,1528.6076086124867,-3.0172486731316894e-10,-1.9738542815901872e-11
United States of America,Female,50-54 years,Incidence,2003,16.009653809710002,9675350.164950814,derived_proxy_NOT_OFFICIAL,1548.9900662866078,1548.990066285831,-7.767084753140807e-10,-5.014289582734918e-11
United States of America,Female,50-54 years,Incidence,2004,15.99132411152,9923024.921168208,derived_proxy_NOT_OFFICIAL,1586.8230768116389,1586.8230768109102,-7.287326297955588e-10,-4.592400000003666e-11
United States of America,Female,50-54 years,Incidence,2005,15.98309282783,10178321.065794744,derived_proxy_NOT_OFFICIAL,1626.810504261526,1626.8105042605496,-9.763425623532385e-10,-6.001575228311175e-11
United States of America,Female,50-54 years,Incidence,2006,15.98327055518,10449847.59386002,derived_proxy_NOT_OFFICIAL,1670.2274135307655,1670.2274135306143,-1.5120349416974932e-10,-9.052868665956917e-12
United States of America,Female,50-54 years,Incidence,2007,15.98798854477,10719253.386568168,derived_proxy_NOT_OFFICIAL,1713.7930035298248,1713.793003529389,-4.3587533582467586e-10,-2.543337117883679e-11
United States of America,Female,50-54 years,Incidence,2008,15.99763860914,10965737.367014857,derived_proxy_NOT_OFFICIAL,1754.259034803443,1754.2590348024607,-9.822542779147625e-10,-5.5992544910838655e-11
United States of America,Female,50-54 years,Incidence,2009,16.012580956599997,11139424.830236915,derived_proxy_NOT_OFFICIAL,1783.709419042102,1783.709419041288,-8.139977580867708e-10,-4.563511014725193e-11
United States of America,Female,50-54 years,Incidence,2010,16.03324886805,11309543.766959427,derived_proxy_NOT_OFFICIAL,1813.2872979977387,1813.2872979976416,-9.708855941426009e-11,-5.354284427044013e-12
United States of America,Female,50-54 years,Incidence,2011,16.09279414643,11441939.248165466,derived_proxy_NOT_OFFICIAL,1841.3277295674884,1841.3277295668486,-6.39829522697255e-10,-3.474826954610331e-11
United States of America,Female,50-54 years,Incidence,2012,16.201868396600002,11490362.299086249,derived_proxy_NOT_OFFICIAL,1861.653377990977,1861.6533779904962,-4.808953235624358e-10,-2.5831625223455886e-11
United States of America,Female,50-54 years,Incidence,2013,16.327598934220003,11480641.151316429,derived_proxy_NOT_OFFICIAL,1874.5130422642533,1874.513042263964,-2.892193151637912e-10,-1.5429037229553692e-11
United States of America,Female,50-54 years,Incidence,2014,16.4371535275,11483773.582369786,derived_proxy_NOT_OFFICIAL,1887.6054944848047,1887.6054944846085,-1.9622348190750927e-10,-1.0395365052752493e-11
United States of America,Female,50-54 years,Incidence,2015,16.49775037344,11367384.65333227,derived_proxy_NOT_OFFICIAL,1875.3627440957328,1875.3627440954858,-2.4692781153135e-10,-1.3166935959923545e-11
United States of America,Female,50-54 years,Incidence,2016,16.521821761440002,11150596.848870829,derived_proxy_NOT_OFFICIAL,1842.281736708132,1842.2817367071837,-9.48375600273721e-10,-5.147831525314467e-11
United States of America,Female,50-54 years,Incidence,2017,16.54231231083,10916850.77348352,derived_proxy_NOT_OFFICIAL,1805.8995494579208,1805.8995494569042,-1.0165877029066905e-09,-5.629259408209283e-11
United States of America,Female,50-54 years,Incidence,2018,16.55669771166,10670141.302204859,derived_proxy_NOT_OFFICIAL,1766.623040813477,1766.6230408130405,-4.3655745685100555e-10,-2.471140966496078e-11
United States of America,Female,50-54 years,Incidence,2019,16.56243267518,10476994.456209293,derived_proxy_NOT_OFFICIAL,1735.2451531923066,1735.2451531920049,-3.0172486731316894e-10,-1.7388025361032696e-11
United States of America,Female,50-54 years,Incidence,2020,16.557212686270002,10410044.038424684,derived_proxy_NOT_OFFICIAL,1723.6131321764617,1723.613132176346,-1.1573320080060512e-10,-6.714569449495032e-12
United States of America,Female,50-54 years,Incidence,2021,16.42244840797,10474613.878307698,derived_proxy_NOT_OFFICIAL,1720.1880601000978,1720.188060099147,-9.508767107035965e-10,-5.5277485802817686e-11
United States of America,Female,50-54 years,Incidence,2022,16.29494489292,10467265.563830975,derived_proxy_NOT_OFFICIAL,1705.635155422188,1705.6351554218495,-3.3855940273497254e-10,-1.984946204108759e-11
United States of America,Female,50-54 years,Incidence,2023,16.57946004589,10395078.534997288,derived_proxy_NOT_OFFICIAL,1723.4478924487707,1723.4478924487626,-8.185452315956354e-12,-4.749463184712831e-13
United States of America,Female,55-59 years,Incidence,1990,15.51655020343,5483499.590274448,derived_proxy_NOT_OFFICIAL,850.8499668299195,850.849966829813,-1.0652456694515422e-10,-1.2519782699415433e-11
United States of America,Female,55-59 years,Incidence,1991,15.60465806132,5458178.619263243,derived_proxy_NOT_OFFICIAL,851.730109912354,851.7301099121064,-2.476099325576797e-10,-2.907140767668289e-11
United States of America,Female,55-59 years,Incidence,1992,15.67119492857,5478883.338266528,derived_proxy_NOT_OFFICIAL,858.6064878491196,858.6064878486909,-4.2871306504821405e-10,-4.993126317064943e-11
United States of America,Female,55-59 years,Incidence,1993,15.717379997360002,5538471.126017287,derived_proxy_NOT_OFFICIAL,870.5025529204448,870.5025529202004,-2.4442670110147446e-10,-2.8078803477537027e-11
United States of America,Female,55-59 years,Incidence,1994,15.74378771327,5635287.371388787,derived_proxy_NOT_OFFICIAL,887.2076807843524,887.2076807841639,-1.8849277694243938e-10,-2.1245620504073955e-11
United States of America,Female,55-59 years,Incidence,1995,15.750451733419998,5749772.208435254,derived_proxy_NOT_OFFICIAL,905.6150964714276,905.6150964711918,-2.3578650143463165e-10,-2.6036061275185553e-11
United States of America,Female,55-59 years,Incidence,1996,15.71822233448,5878771.817018244,derived_proxy_NOT_OFFICIAL,924.0384247359084,924.0384247356774,-2.3101165425032377e-10,-2.500022164298495e-11
United States of America,Female,55-59 years,Incidence,1997,15.64450423727,6072011.761049628,derived_proxy_NOT_OFFICIAL,949.9361372453986,949.9361372449418,-4.567937139654532e-10,-4.80867814219651e-11
United States of America,Female,55-59 years,Incidence,1998,15.55520765832,6392866.4406118365,derived_proxy_NOT_OFFICIAL,994.4236501567974,994.4236501562217,-5.757101462222636e-10,-5.7893850989111886e-11
United States of America,Female,55-59 years,Incidence,1999,15.47752673267,6677977.455191897,derived_proxy_NOT_OFFICIAL,1033.5857458295434,1033.5857458290016,-5.41831468581222e-10,-5.242249815919768e-11
United States of America,Female,55-59 years,Incidence,2000,15.43767708726,6909860.569142279,derived_proxy_NOT_OFFICIAL,1066.7219618441814,1066.721961844091,-9.026734915096313e-11,-8.462125312851551e-12
United States of America,Female,55-59 years,Incidence,2001,15.43326567638,7080751.495027462,derived_proxy_NOT_OFFICIAL,1092.791190111912,1092.7911901118368,-7.526068657170981e-11,-6.8870143951290834e-12
United States of America,Female,55-59 years,Incidence,2002,15.44071481975,7627994.93327125,derived_proxy_NOT_OFFICIAL,1177.8169441119735,1177.816944111393,-5.804849934065714e-10,-4.928482276541146e-11
United States of America,Female,55-59 years,Incidence,2003,15.45337007296,8025220.293149028,derived_proxy_NOT_OFFICIAL,1240.1669910706291,1240.1669910706046,-2.4556356947869062e-11,-1.980084708323812e-12
United States of America,Female,55-59 years,Incidence,2004,15.46456302252,8402450.695854139,derived_proxy_NOT_OFFICIAL,1299.402283296531,1299.4022832965336,2.5011104298755527e-12,1.9248160958516532e-13
United States of America,Female,55-59 years,Incidence,2005,15.46786767555,8856545.342821702,derived_proxy_NOT_OFFICIAL,1369.9187142530209,1369.918714252747,-2.7398527890909463e-10,-2.0000112127710533e-11
United States of America,Female,55-59 years,Incidence,2006,15.45417682973,9330562.054023782,derived_proxy_NOT_OFFICIAL,1441.9615590368348,1441.9615590365229,-3.119566827081144e-10,-2.1634188564394694e-11
United States of America,Female,55-59 years,Incidence,2007,15.42556261074,9422550.288221776,derived_proxy_NOT_OFFICIAL,1453.481394238412,1453.4813942381127,-2.992237568832934e-10,-2.058669330542612e-11
United States of America,Female,55-59 years,Incidence,2008,15.39296052901,9573634.639999093,derived_proxy_NOT_OFFICIAL,1473.6658013269682,1473.6658013266892,-2.7898749976884574e-10,-1.893153111903868e-11
United States of America,Female,55-59 years,Incidence,2009,15.36761037241,9822464.839695087,derived_proxy_NOT_OFFICIAL,1509.4781255320172,1509.4781255313076,-7.096332410583273e-10,-4.701182674033228e-11
United States of America,Female,55-59 years,Incidence,2010,15.3604710727,10078655.95085027,derived_proxy_NOT_OFFICIAL,1548.1290318482177,1548.1290318473127,-9.049472282640636e-10,-5.845425088267364e-11
United States of America,Female,55-59 years,Incidence,2011,15.38728305663,10344103.933889793,derived_proxy_NOT_OFFICIAL,1591.6765519805672,1591.6765519796213,-9.458744898438454e-10,-5.942630044193762e-11
United States of America,Female,55-59 years,Incidence,2012,15.44549314635,10602218.330174867,derived_proxy_NOT_OFFICIAL,1637.5649055483043,1637.5649055482224,-8.185452315956354e-11,-4.998551378466203e-12
United States of America,Female,55-59 years,Incidence,2013,15.51859297592,10833555.564526739,derived_proxy_NOT_OFFICIAL,1681.215392880043,1681.215392879037,-1.0061285138363019e-09,-5.984530703782882e-11
United States of America,Female,55-59 years,Incidence,2014,15.58981737485,10992490.886901006,derived_proxy_NOT_OFFICIAL,1713.7092542150674,1713.709254214896,-1.7143975128419697e-10,-1.000401619250879e-11
United States of America,Female,55-59 years,Incidence,2015,15.64265729859,11146793.93299679,derived_proxy_NOT_OFFICIAL,1743.6547747191785,1743.6547747187099,-4.686171450885013e-10,-2.6875569171309938e-11
United States of America,Female,55-59 years,Incidence,2016,15.69874087622,11267712.180800367,derived_proxy_NOT_OFFICIAL,1768.888937943225,1768.8889379421273,-1.0977601050399244e-09,-6.205930069958742e-11
United States of America,Female,55-59 years,Incidence,2017,15.77753098029,11307651.215797063,derived_proxy_NOT_OFFICIAL,1784.0681737155758,1784.0681737155205,-5.525180313270539e-11,-3.0969558196666696e-12
United States of America,Female,55-59 years,Incidence,2018,15.859611752609998,11293203.577173911,derived_proxy_NOT_OFFICIAL,1791.0582417720084,1791.0582417716464,-3.6197889130562544e-10,-2.0210336150068274e-11
United States of America,Female,55-59 years,Incidence,2019,15.92569736334,11289927.799795475,derived_proxy_NOT_OFFICIAL,1797.9997339356091,1797.9997339350175,-5.916263035032898e-10,-3.2904693606838844e-11
United States of America,Female,55-59 years,Incidence,2020,15.95640508891,11166619.403044574,derived_proxy_NOT_OFFICIAL,1781.7910266868005,1781.7910266866159,-1.8462742445990443e-10,-1.0361901126150292e-11
United States of America,Female,55-59 years,Incidence,2021,15.86404108801,10936283.636272503,derived_proxy_NOT_OFFICIAL,1734.9365295600169,1734.936529559584,-4.3291947804391384e-10,-2.4953044141257605e-11
United States of America,Female,55-59 years,Incidence,2022,15.75965222487,10694965.813570403,derived_proxy_NOT_OFFICIAL,1685.4894177880242,1685.489417787434,-5.902620614506304e-10,-3.5020217583167574e-11
United States of America,Female,55-59 years,Incidence,2023,15.82733933184,10450785.511949167,derived_proxy_NOT_OFFICIAL,1654.0812858193942,1654.0812858189665,-4.276898835087195e-10,-2.5856642425940493e-11
United States of America,Female,60-64 years,Incidence,1990,13.398260293299998,5683144.679081645,derived_proxy_NOT_OFFICIAL,761.4425169483543,761.4425169481876,-1.666649040998891e-10,-2.188804806537922e-11
United States of America,Female,60-64 years,Incidence,1991,13.4490283088,5618823.677872583,derived_proxy_NOT_OFFICIAL,755.6771870589116,755.6771870586412,-2.7046098693972453e-10,-3.5790545430166564e-11
United States of America,Female,60-64 years,Incidence,1992,13.48466228367,5522332.31473876,derived_proxy_NOT_OFFICIAL,744.6678628248914,744.667862824498,-3.9335645851679146e-10,-5.2823074306523313e-11
United States of America,Female,60-64 years,Incidence,1993,13.50650994076,5425675.608009292,derived_proxy_NOT_OFFICIAL,732.8194153492843,732.8194153491656,-1.1868905858136714e-10,-1.6196221892510348e-11
United States of America,Female,60-64 years,Incidence,1994,13.51610746503,5343953.010316071,derived_proxy_NOT_OFFICIAL,722.2944317551986,722.2944317550258,-1.7280399333685637e-10,-2.3924314758586346e-11
United States of America,Female,60-64 years,Incidence,1995,13.51526015197,5292703.311469041,derived_proxy_NOT_OFFICIAL,715.3226216170762,715.3226216169719,-1.042508301907219e-10,-1.457395964286015e-11
United States of America,Female,60-64 years,Incidence,1996,13.48333410186,5276403.592061713,derived_proxy_NOT_OFFICIAL,711.4351248803404,711.4351248802229,-1.1743850336642936e-10,-1.6507268092249718e-11
United States of America,Female,60-64 years,Incidence,1997,13.41467568023,5304645.699728638,derived_proxy_NOT_OFFICIAL,711.6010166043706,711.6010166038641,-5.064748620497994e-10,-7.117399360481587e-11
United States of America,Female,60-64 years,Incidence,1998,13.33384957698,5374008.604637148,derived_proxy_NOT_OFFICIAL,716.5622235966895,716.5622235962792,-4.1029579733731225e-10,-5.7258920973797175e-11
United States of America,Female,60-64 years,Incidence,1999,13.26478387688,5481974.665678615,derived_proxy_NOT_OFFICIAL,727.172091588076,727.1720915875832,-4.928324415232055e-10,-6.777383885111782e-11
United States of America,Female,60-64 years,Incidence,2000,13.23094708607,5603151.101113778,derived_proxy_NOT_OFFICIAL,741.3499573409676,741.3499573409125,-5.5138116294983774e-11,-7.437528760742102e-12
United States of America,Female,60-64 years,Incidence,2001,13.23516721253,5730114.569327052,derived_proxy_NOT_OFFICIAL,758.3902447201018,758.3902447199786,-1.2323653209023178e-10,-1.6249751753559874e-11
United States of America,Female,60-64 years,Incidence,2002,13.25650288513,5923159.1523914505,derived_proxy_NOT_OFFICIAL,785.2037639277376,785.2037639276144,-1.2312284525251016e-10,-1.568036870284809e-11
United States of America,Female,60-64 years,Incidence,2003,13.28371950006,6238981.063238261,derived_proxy_NOT_OFFICIAL,828.7687441030354,828.7687441024317,-6.036771083017811e-10,-7.284023590382046e-11
United States of America,Female,60-64 years,Incidence,2004,13.30666154143,6518936.300066192,derived_proxy_NOT_OFFICIAL,867.4527895515284,867.4527895512277,-3.007016857736744e-10,-3.466490504101516e-11
United States of America,Female,60-64 years,Incidence,2005,13.31452390145,6748314.713978175,derived_proxy_NOT_OFFICIAL,898.5059755376953,898.5059755376914,-3.979039320256561e-12,-4.428506241013449e-13
United States of America,Female,60-64 years,Incidence,2006,13.29510758726,6928149.183668371,derived_proxy_NOT_OFFICIAL,921.1048877747268,921.1048877745854,-1.4131273928796872e-10,-1.5341655566432014e-11
United States of America,Female,60-64 years,Incidence,2007,13.25420904949,7476461.363078563,derived_proxy_NOT_OFFICIAL,990.9458185671552,990.9458185667821,-3.731202014023438e-10,-3.7652936660235566e-11
United States of America,Female,60-64 years,Incidence,2008,13.20651351643,7874376.4328928925,derived_proxy_NOT_OFFICIAL,1039.930587944628,1039.9305879445783,-4.979483492206782e-11,-4.788284477763547e-12
United States of America,Female,60-64 years,Incidence,2009,13.16704303676,8250423.188629553,derived_proxy_NOT_OFFICIAL,1086.3367719622895,1086.33677196168,-6.095888238633052e-10,-5.611416639815872e-11
United States of America,Female,60-64 years,Incidence,2010,13.15101880411,8692672.735318193,derived_proxy_NOT_OFFICIAL,1143.1750260018125,1143.1750260014387,-3.738023224286735e-10,-3.269860816816697e-11
United States of America,Female,60-64 years,Incidence,2011,13.16379756395,9150783.467568312,derived_proxy_NOT_OFFICIAL,1204.5906111864745,1204.5906111860968,-3.7766767491120845e-10,-3.1352367468580934e-11
United States of America,Female,60-64 years,Incidence,2012,13.19476055294,9231761.055458818,derived_proxy_NOT_OFFICIAL,1218.1087660880537,1218.1087660873575,-6.962181942071766e-10,-5.7155667341847936e-11
United States of America,Female,60-64 years,Incidence,2013,13.23584915681,9370932.255084954,derived_proxy_NOT_OFFICIAL,1240.322457870274,1240.3224578698982,-3.758486855076626e-10,-3.030249779988849e-11
United States of America,Female,60-64 years,Incidence,2014,13.27909981128,9603294.06814687,derived_proxy_NOT_OFFICIAL,1275.2310044802462,1275.2310044799544,-2.9172042559366673e-10,-2.2875888726730343e-11
United States of America,Female,60-64 years,Incidence,2015,13.31616924454,9841253.898382282,derived_proxy_NOT_OFFICIAL,1310.4780248943052,1310.478024893475,-8.301412890432402e-10,-6.334644864496634e-11
United States of America,Female,60-64 years,Incidence,2016,13.37445022189,10085861.151645511,derived_proxy_NOT_OFFICIAL,1348.9284791761636,1348.9284791757702,-3.9335645851679146e-10,-2.9160660819988586e-11
United States of America,Female,60-64 years,Incidence,2017,13.468955759340002,10323771.862352183,derived_proxy_NOT_OFFICIAL,1390.504264836148,1390.5042648354067,-7.412381819449365e-10,-5.330714911775415e-11
United States of America,Female,60-64 years,Incidence,2018,13.573065668860002,10535984.559963714,derived_proxy_NOT_OFFICIAL,1430.0561031853847,1430.0561031848256,-5.591118679149076e-10,-3.9097198121773786e-11
United States of America,Female,60-64 years,Incidence,2019,13.65987557073,10680147.661467308,derived_proxy_NOT_OFFICIAL,1458.8948813269712,1458.894881326664,-3.071818355238065e-10,-2.1055789519557586e-11
United States of America,Female,60-64 years,Incidence,2020,13.70260304613,10813811.597994171,derived_proxy_NOT_OFFICIAL,1481.7736774298646,1481.7736774295086,-3.560671757441014e-10,-2.4029794911845085e-11
United States of America,Female,60-64 years,Incidence,2021,13.64092664091,10909323.422531731,derived_proxy_NOT_OFFICIAL,1488.1328050874642,1488.1328050871655,-2.9876900953240693e-10,-2.0076770602126934e-11
United States of America,Female,60-64 years,Incidence,2022,13.56041598971,10932281.285923513,derived_proxy_NOT_OFFICIAL,1482.4628195367454,1482.462819536446,-2.994511305587366e-10,-2.019957105246741e-11
United States of America,Female,60-64 years,Incidence,2023,13.52280691523,10913940.570741288,derived_proxy_NOT_OFFICIAL,1475.871110224949,1475.8711102242955,-6.534719432238489e-10,-4.427703331927462e-11
United States of America,Female,65-69 years,Incidence,1990,9.57603335289,5556010.306697926,derived_proxy_NOT_OFFICIAL,532.0454000591437,532.0454000593994,2.5568169803591445e-10,4.805636849928448e-11
United States of America,Female,65-69 years,Incidence,1991,9.61250935544,5561048.717906201,derived_proxy_NOT_OFFICIAL,534.5563282690571,534.5563282693098,2.5272584025515243e-10,4.727768186254611e-11
United States of America,Female,65-69 years,Incidence,1992,9.63799800282,5521392.92963328,derived_proxy_NOT_OFFICIAL,532.1517402859716,532.1517402859002,-7.139533408917487e-11,-1.3416348887783006e-11
United States of America,Female,65-69 years,Incidence,1993,9.65383780404,5503251.841019215,derived_proxy_NOT_OFFICIAL,531.275006679818,531.2750066798402,2.2168933355715126e-11,4.17277927193658e-12
United States of America,Female,65-69 years,Incidence,1994,9.66085341162,5436591.152715422,derived_proxy_NOT_OFFICIAL,525.2211018530326,525.2211018529389,-9.367795428261161e-11,-1.7835908335005282e-11
United States of America,Female,65-69 years,Incidence,1995,9.66011719582,5374749.780753301,derived_proxy_NOT_OFFICIAL,519.2071278030155,519.2071278028474,-1.681428329902701e-10,-3.238453865257078e-11
United States of America,Female,65-69 years,Incidence,1996,9.63723501493,5318657.914875866,derived_proxy_NOT_OFFICIAL,512.5715628967733,512.5715628967628,-1.057287590811029e-11,-2.0627121505450274e-12
United States of America,Female,65-69 years,Incidence,1997,9.58877985649,5233645.62097993,derived_proxy_NOT_OFFICIAL,501.84275706453457,501.8427570645945,5.991296347929165e-11,1.1938592843253316e-11
United States of America,Female,65-69 years,Incidence,1998,9.53157719769,5150748.739759674,derived_proxy_NOT_OFFICIAL,490.9475923891974,490.9475923892382,4.0813574742060155e-11,8.313224338964739e-12
United States of America,Female,65-69 years,Incidence,1999,9.48267938254,5081142.31732917,derived_proxy_NOT_OFFICIAL,481.8284349230244,481.82843492288845,-1.3596945791505277e-10,-2.821947565979058e-11
United States of America,Female,65-69 years,Incidence,2000,9.45928684397,5045468.213976812,derived_proxy_NOT_OFFICIAL,477.2653109816284,477.2653109813967,-2.3169377527665347e-10,-4.854611679196022e-11
United States of America,Female,65-69 years,Incidence,2001,9.46264797071,5035375.010814805,derived_proxy_NOT_OFFICIAL,476.4798112787001,476.47981127850557,-1.9451817934168503e-10,-4.082401284110408e-11
United States of America,Female,65-69 years,Incidence,2002,9.47773420036,5066787.094007706,derived_proxy_NOT_OFFICIAL,480.2166132683873,480.21661326819503,-1.922444425872527e-10,-4.0032859604507184e-11
United States of America,Female,65-69 years,Incidence,2003,9.49739383597,5140055.961461322,derived_proxy_NOT_OFFICIAL,488.171358049242,488.1713580492362,-5.7980287238024175e-12,-1.1877035856777097e-12
United States of America,Female,65-69 years,Incidence,2004,9.51409428971,5249995.638416356,derived_proxy_NOT_OFFICIAL,499.48953524479344,499.48953524459466,-1.9878143575624563e-10,-3.979691699823609e-11
United States of America,Female,65-69 years,Incidence,2005,9.51987777861,5370019.983017789,derived_proxy_NOT_OFFICIAL,511.2193390703434,511.2193390702271,-1.163016349892132e-10,-2.2749850426376415e-11
United States of America,Female,65-69 years,Incidence,2006,9.5065268,5505316.075275229,derived_proxy_NOT_OFFICIAL,523.3643481208208,523.3643481207478,-7.298694981727749e-11,-1.394572444212959e-11
United States of America,Female,65-69 years,Incidence,2007,9.4775630641,5703568.5730048865,derived_proxy_NOT_OFFICIAL,540.5593084108543,540.5593084107265,-1.2778400559909642e-10,-2.3639220268865236e-11
United States of America,Female,65-69 years,Incidence,2008,9.4433479693,6018796.755049903,derived_proxy_NOT_OFFICIAL,568.3759211441627,568.3759211442992,1.3653789210366085e-10,2.402246242747314e-11
United States of America,Female,65-69 years,Incidence,2009,9.41501446456,6292626.9816262135,derived_proxy_NOT_OFFICIAL,592.4517405208912,592.4517405209134,2.2168933355715126e-11,3.741896907286307e-12
United States of America,Female,65-69 years,Incidence,2010,9.40322330848,6516833.868967362,derived_proxy_NOT_OFFICIAL,612.7924413418984,612.792441341658,-2.404476617812179e-10,-3.9238026705206e-11
United States of America,Female,65-69 years,Incidence,2011,9.41159565659,6690831.7762814015,derived_proxy_NOT_OFFICIAL,629.7140328461965,629.714032846244,4.75210981676355e-11,7.546456913600689e-12
United States of America,Female,65-69 years,Incidence,2012,9.43316114709,7223464.024089342,derived_proxy_NOT_OFFICIAL,681.4010017943795,681.4010017944197,4.0245140553452075e-11,5.906234426933893e-12
United States of America,Female,65-69 years,Incidence,2013,9.46210425127,7603873.034775754,derived_proxy_NOT_OFFICIAL,719.4863936845886,719.4863936846898,1.0118128557223827e-10,1.4062988050972723e-11
United States of America,Female,65-69 years,Incidence,2014,9.49260234537,7959828.721625424,derived_proxy_NOT_OFFICIAL,755.5948879161795,755.5948879164499,2.7046098693972453e-10,3.579444372441647e-11
United States of America,Female,65-69 years,Incidence,2015,9.51898228888,8376541.78322426,derived_proxy_NOT_OFFICIAL,797.3615287655797,797.3615287657502,1.7053025658242404e-10,2.1386817701930925e-11
United States of America,Female,65-69 years,Incidence,2016,9.5609765088,8803571.956963124,derived_proxy_NOT_OFFICIAL,841.7074467409802,841.7074467405486,-4.3166892282897606e-10,-5.1284911937082356e-11
United States of America,Female,65-69 years,Incidence,2017,9.62897733656,8871042.56069649,derived_proxy_NOT_OFFICIAL,854.1906776861084,854.1906776860569,-5.150013748789206e-11,-6.0291149076221765e-12
United States of America,Female,65-69 years,Incidence,2018,9.70363543768,9000032.663993038,derived_proxy_NOT_OFFICIAL,873.3303589857609,873.3303589860037,2.4283508537337184e-10,2.7805638825539914e-11
United States of America,Female,65-69 years,Incidence,2019,9.76599260692,9218161.05822871,derived_proxy_NOT_OFFICIAL,900.244927440702,900.2449274405943,-1.0766143532237038e-10,-1.1959127126485465e-11
United States of America,Female,65-69 years,Incidence,2020,9.79685800367,9434789.268158693,derived_proxy_NOT_OFFICIAL,924.31290754675,924.3129075470031,2.530669007683173e-10,2.737892100197872e-11
United States of America,Female,65-69 years,Incidence,2021,9.75281554854,9643037.504819855,derived_proxy_NOT_OFFICIAL,940.4676611216,940.4676611216145,1.4438228390645236e-11,1.5352179545893402e-12
United States of America,Female,65-69 years,Incidence,2022,9.69514946337,9850035.770452332,derived_proxy_NOT_OFFICIAL,954.9756901411952,954.9756901407624,-4.328057912061922e-10,-4.5321131802025344e-11
United States of America,Female,65-69 years,Incidence,2023,9.66770787234,10044624.944072708,derived_proxy_NOT_OFFICIAL,971.0849964656156,971.0849964651444,-4.712319423560984e-10,-4.8526333335517034e-11
United States of America,Female,70+ years,Incidence,1990,2.5841184483500004,13059436.97464893,derived_proxy_NOT_OFFICIAL,337.47132011215814,337.47132011254416,3.8602365748374723e-10,1.1438710031876273e-10
United States of America,Female,70+ years,Incidence,1991,2.58407531463,13341779.46545827,derived_proxy_NOT_OFFICIAL,344.7616296994797,344.7616296992815,-1.9821300156763755e-10,-5.7492767318803713e-11
United States of America,Female,70+ years,Incidence,1992,2.58923786173,13633577.356925135,derived_proxy_NOT_OFFICIAL,353.0057468339665,353.0057468337538,-2.127080733771436e-10,-6.025626361181853e-11
United States of America,Female,70+ years,Incidence,1993,2.5739010174500003,13941616.368239641,derived_proxy_NOT_OFFICIAL,358.8434055510779,358.8434055510959,1.7962520360015333e-11,5.005671020324363e-12
United States of America,Female,70+ years,Incidence,1994,2.5666720783900003,14171748.205181213,derived_proxy_NOT_OFFICIAL,363.7423042021263,363.7423042021222,-4.092726157978177e-12,-1.1251718897409052e-12
United States of America,Female,70+ years,Incidence,1995,2.5483620034,14429794.820501743,derived_proxy_NOT_OFFICIAL,367.7234083742997,367.72340837424764,-5.206857167650014e-11,-1.4159710937819978e-11
United States of America,Female,70+ years,Incidence,1996,2.52045384765,14628586.291448116,derived_proxy_NOT_OFFICIAL,368.7067660402131,368.7067660396045,-6.086224857426714e-10,-1.6506951914093484e-10
United States of America,Female,70+ years,Incidence,1997,2.47755625766,14808356.926342152,derived_proxy_NOT_OFFICIAL,366.88537368577016,366.88537368521804,-5.521201273950282e-10,-1.5048845415895699e-10
United States of America,Female,70+ years,Incidence,1998,2.43931286376,14979468.602872448,derived_proxy_NOT_OFFICIAL,365.3961045529241,365.39610455275795,-1.6615331333014183e-10,-4.547210855831007e-11
United States of America,Female,70+ years,Incidence,1999,2.3922808572700003,15113584.891189976,derived_proxy_NOT_OFFICIAL,361.55939819930296,361.55939819918876,-1.141984284913633e-10,-3.1584970287071205e-11
United States of America,Female,70+ years,Incidence,2000,2.35672268205,15223063.277246948,derived_proxy_NOT_OFFICIAL,358.7653851581484,358.76538515770295,-4.454250301932916e-10,-1.241549627194225e-10
United States of America,Female,70+ years,Incidence,2001,2.33237722239,15290820.34684116,derived_proxy_NOT_OFFICIAL,356.6396108868063,356.6396108862988,-5.07498043589294e-10,-1.4229996559478317e-10
United States of America,Female,70+ years,Incidence,2002,2.30088109234,15334870.656395119,derived_proxy_NOT_OFFICIAL,352.83713946716523,352.8371394677901,6.248797035368625e-10,1.771014537983503e-10
United States of America,Female,70+ years,Incidence,2003,2.27464060508,15371482.976339743,derived_proxy_NOT_OFFICIAL,349.6459933829213,349.64599338278356,-1.3773160389973782e-10,-3.93917294939223e-11
United States of America,Female,70+ years,Incidence,2004,2.25689757692,15344465.017804507,derived_proxy_NOT_OFFICIAL,346.30885917746,346.308859178167,7.069616003718693e-10,2.0414193331669835e-10
United States of America,Female,70+ years,Incidence,2005,2.2292727404800003,15459906.35625099,derived_proxy_NOT_OFFICIAL,344.64347810427523,344.64347810363824,-6.369873517542146e-10,-1.8482501257763187e-10
United States of America,Female,70+ years,Incidence,2006,2.21731150953,15518686.450438894,derived_proxy_NOT_OFFICIAL,344.0976207935798,344.0976207934542,-1.255671122635249e-10,-3.6491711850240076e-11
United States of America,Female,70+ years,Incidence,2007,2.20847985022,15603008.60160862,derived_proxy_NOT_OFFICIAL,344.58930099462583,344.58930099461975,-6.0822458181064576e-12,-1.7650709991722336e-12
United States of America,Female,70+ years,Incidence,2008,2.20128498667,15767391.694021203,derived_proxy_NOT_OFFICIAL,347.0852261498035,347.0852261499413,1.3784529073745944e-10,3.9715113278248503e-11
United States of America,Female,70+ years,Incidence,2009,2.22029083849,15836356.345158324,derived_proxy_NOT_OFFICIAL,351.61316908288813,351.61316908218004,-7.080984687490854e-10,-2.0138565076957076e-10
United States of America,Female,70+ years,Incidence,2010,2.22693174115,16062688.055653948,derived_proxy_NOT_OFFICIAL,357.7050987927576,357.70509879326755,5.099423106003087e-10,1.4255941900782136e-10
United States of America,Female,70+ years,Incidence,2011,2.24447964997,16291396.81354786,derived_proxy_NOT_OFFICIAL,365.6570861762914,365.65708617594277,-3.4862068787333556e-10,-9.534088112961054e-11
United States of America,Female,70+ years,Incidence,2012,2.2850285749,16535310.061205756,derived_proxy_NOT_OFFICIAL,377.8365598464304,377.8365598468662,4.3576164898695424e-10,1.15330726376523e-10
United States of America,Female,70+ years,Incidence,2013,2.34561305407,16930238.891437337,derived_proxy_NOT_OFFICIAL,397.1178935219916,397.1178935227903,7.987068784132134e-10,2.0112588514447852e-10
United States of America,Female,70+ years,Incidence,2014,2.40111992448,17264888.718665183,derived_proxy_NOT_OFFICIAL,414.55068296400026,414.5506829631695,-8.307665666507091e-10,-2.004016880905376e-10
United States of America,Female,70+ years,Incidence,2015,2.43276199038,17645418.788116775,derived_proxy_NOT_OFFICIAL,429.2710413199204,429.27104132067615,7.557332537544426e-10,1.7605036934956475e-10
United States of America,Female,70+ years,Incidence,2016,2.46936609398,17915251.54865951,derived_proxy_NOT_OFFICIAL,442.39314739384673,442.39314739382485,-2.1884716261411086e-11,-4.9468931402610335e-12
United States of America,Female,70+ years,Incidence,2017,2.56055292627,18649195.32437548,derived_proxy_NOT_OFFICIAL,477.5225166036744,477.5225166041044,4.3002046368201263e-10,9.005239517090947e-11
United States of America,Female,70+ years,Incidence,2018,2.62508800193,19314265.776605736,derived_proxy_NOT_OFFICIAL,507.01647356340015,507.0164735625494,-8.507754500897136e-10,-1.6780035648749543e-10
United States of America,Female,70+ years,Incidence,2019,2.68153397407,19916615.982678406,derived_proxy_NOT_OFFICIAL,534.0708240606364,534.070824060577,-5.934452929068357e-11,-1.1111733990536396e-11
United States of America,Female,70+ years,Incidence,2020,2.73057839363,20556431.677369222,derived_proxy_NOT_OFFICIAL,561.3094818825682,561.3094818835569,9.887344276648946e-10,1.761478221156699e-10
United States of America,Female,70+ years,Incidence,2021,2.77030784607,21038386.259759888,derived_proxy_NOT_OFFICIAL,582.8280652414575,582.828065240641,-8.164988685166463e-10,-1.4009257913453126e-10
United States of America,Female,70+ years,Incidence,2022,2.72217178189,21696295.25027621,derived_proxy_NOT_OFFICIAL,590.6104270191728,590.6104270185594,-6.133404895081185e-10,-1.038485711475947e-10
United States of America,Female,70+ years,Incidence,2023,2.6930581898500003,22356131.3374849,derived_proxy_NOT_OFFICIAL,602.0636259184831,602.0636259177595,-7.23616722098086e-10,-1.201894103790387e-10
