location_name,sex_name,measure_name,start_year,end_year,all_age_count_start_reconstructed,all_age_count_end_reconstructed,population_source,age_partition,age_group_count,population_size_change,age_structure_change,age_specific_rate_change,total_change,component_sum,closure_error,population_size_change_pct_of_total,age_structure_change_pct_of_total,age_specific_rate_change_pct_of_total,cumulative_population_size_change,cumulative_age_structure_change,cumulative_age_specific_rate_change,cumulative_total_change,chain_step_years
China,Female,DALYs,1990,1991,985172.0335053749,1011436.1272784356,official_GBD_2023,fine_5_year,20,12725.618037690798,12571.318873618477,967.1568617515538,26264.093773060828,26264.093773060828,0.0,48.45253046858791,47.8650395564492,3.68242997496289,12725.618037690798,12571.318873618477,967.1568617515538,26264.093773060828,1
China,Female,DALYs,1991,1992,1011436.1272784356,1036332.34312226,official_GBD_2023,fine_5_year,20,10469.128343478582,13323.344212895821,1103.7432874497997,24896.215843824204,24896.215843824204,0.0,42.05108281978352,53.51553945577167,4.433377724444802,23194.74638116938,25894.663086514298,2070.9001492013535,51160.30961688503,1
China,Female,DALYs,1992,1993,1036332.34312226,1059790.351579751,official_GBD_2023,fine_5_year,20,8704.544592691082,13955.829841984629,797.6340228152305,23458.00845749094,23458.00845749094,0.0,37.10692068538079,59.49281614112496,3.400263173494248,31899.29097386046,39850.49292849893,2868.5341720165843,74618.31807437597,1
China,Female,DALYs,1993,1994,1059790.351579751,1083146.5913382187,official_GBD_2023,fine_5_year,20,7348.725284427637,14083.432552921588,1924.0819211185446,23356.239758467767,23356.23975846777,3.637978807091713e-12,31.46364894530323,60.29837293400648,8.237978120690304,39248.0162582881,53933.92548142051,4792.616093135129,97974.55783284374,1
China,Female,DALYs,1994,1995,1083146.5913382187,1103897.2082474246,official_GBD_2023,fine_5_year,20,6285.227066731779,13831.166746634059,634.2230958398432,20750.61690920568,20750.61690920568,0.0,30.28935040453394,66.65424361671909,3.056405978746975,45533.24332501988,67765.09222805458,5426.839188974972,118725.17474204942,1
China,Female,DALYs,1995,1996,1103897.2082474246,1123219.54943647,official_GBD_2023,fine_5_year,20,5470.3834781362675,13671.511254592799,180.44645631639287,19322.34118904546,19322.34118904546,0.0,28.311183539382007,70.75494175800848,0.9338747026095086,51003.62680315615,81436.60348264738,5607.285645291365,138047.51593109488,1
China,Female,DALYs,1996,1997,1123219.54943647,1144375.0789486377,official_GBD_2023,fine_5_year,20,4891.4351094756275,13882.753160819528,2381.341241872986,21155.52951216814,21155.52951216814,0.0,23.121307867345955,65.6223383717931,11.256353760860947,55895.061912631776,95319.3566434669,7988.626887164351,159203.04544326302,1
China,Female,DALYs,1997,1998,1144375.0789486377,1164481.015445642,official_GBD_2023,fine_5_year,20,4641.531292819147,14353.845416776798,1110.5597874082935,20105.936497004237,20105.936497004237,0.0,23.085377264126592,71.39108103179132,5.5235417040821035,60536.59320545092,109673.2020602437,9099.186674572644,179308.98194026726,1
China,Female,DALYs,1998,1999,1164481.015445642,1185195.4801856522,official_GBD_2023,fine_5_year,20,4751.522143059605,14483.978106136863,1478.964490813281,20714.464740009746,20714.46474000975,3.637978807091713e-12,22.93818451355924,69.92204861640103,7.139766870039747,65288.115348510524,124157.18016638057,10578.151165385925,200023.446680277,1
China,Female,DALYs,1999,2000,1185195.4801856522,1204475.9038035206,official_GBD_2023,fine_5_year,20,5251.677256289908,14169.339079946432,-140.59271836812454,19280.42361786822,19280.423617868215,-3.637978807091713e-12,27.238391439817185,73.49080788253498,-0.7291993223521791,70539.79260480043,138326.519246327,10437.5584470178,219303.87029814522,1
China,Female,DALYs,2000,2001,1204475.9038035206,1225400.5721338955,official_GBD_2023,fine_5_year,20,6197.306552399882,13402.86844515486,1324.4933328203624,20924.668330375105,20924.668330375105,0.0,29.617227162466506,64.0529552657172,6.329817571816293,76737.09915720031,151729.38769148185,11762.051779838162,240228.53862852033,1
China,Female,DALYs,2001,2002,1225400.5721338955,1244409.3758125377,official_GBD_2023,fine_5_year,20,7092.8881709026555,13047.531190333579,-1131.6156825942064,19008.803678642027,19008.803678642027,0.0,37.31370101355776,68.63941261592157,-5.953113629479328,83829.98732810297,164776.91888181542,10630.436097243957,259237.34230716235,1
China,Female,DALYs,2002,2003,1244409.3758125377,1266129.1731282827,official_GBD_2023,fine_5_year,20,7913.090883504521,13366.405214174341,440.3012180662869,21719.79731574515,21719.79731574515,0.0,36.43261844698777,61.54019312364736,2.0271884293648683,91743.07821160748,178143.32409598978,11070.737315310244,280957.1396229075,1
China,Female,DALYs,2003,2004,1266129.1731282827,1287991.455718933,official_GBD_2023,fine_5_year,20,8698.98496142282,13676.36539522275,-513.0677659948511,21862.28259065072,21862.28259065072,0.0,39.789920953372416,62.55689605380625,-2.346817007178663,100442.06317303031,191819.6894912125,10557.669549315393,302819.4222135582,1
China,Female,DALYs,2004,2005,1287991.455718933,1311737.268882961,official_GBD_2023,fine_5_year,20,9503.76319226929,13641.181535307822,600.8684364505268,23745.81316402764,23745.81316402764,0.0,40.0229005703897,57.44668098363019,2.5304184459801022,109945.8263652996,205460.87102652036,11158.537985765919,326565.23537758586,1
China,Female,DALYs,2005,2006,1311737.268882961,1334164.8359178212,official_GBD_2023,fine_5_year,20,10270.359505272121,12957.383772143046,-800.1762425550261,22427.56703486014,22427.56703486014,0.0,45.79346252452821,57.774362025104296,-3.567824549632501,120216.18587057172,218418.2547986634,10358.361743210893,348992.802412446,1
China,Female,DALYs,2006,2007,1334164.8359178212,1358681.0816270462,official_GBD_2023,fine_5_year,20,10852.745862487083,12293.84910177773,1369.6507449607209,24516.245709225535,24516.245709225535,0.0,44.26756849807214,50.14572478832483,5.586706713603042,131068.93173305881,230712.1039004411,11728.012488171615,373509.04812167154,1
China,Female,DALYs,2007,2008,1358681.0816270462,1381623.7287097666,official_GBD_2023,fine_5_year,20,11057.313593931109,12145.015687074474,-259.682198285164,22942.647082720418,22942.647082720418,0.0,48.195456932513615,52.93641855399357,-1.1318754865071667,142126.2453269899,242857.1195875156,11468.33028988645,396451.69520439196,1
China,Female,DALYs,2008,2009,1381623.7287097666,1406244.367452264,official_GBD_2023,fine_5_year,20,10808.152742600689,12050.700057946418,1761.7859419498518,24620.638742496958,24620.638742496958,0.0,43.898750376224214,48.945521616976,7.155728006799778,152934.3980695906,254907.819645462,13230.116231836302,421072.3339468889,1
China,Female,DALYs,2009,2010,1406244.367452264,1428677.9829726964,official_GBD_2023,fine_5_year,20,9847.686999202124,12279.676224269206,306.25229696102906,22433.61552043236,22433.61552043236,0.0,43.89701245540617,54.73783845981034,1.3651490847834888,162782.08506879272,267187.49586973124,13536.368528797331,443505.9494673213,1
China,Female,DALYs,2010,2011,1428677.9829726964,1449529.6596409772,official_GBD_2023,fine_5_year,20,8788.972197919307,11513.593048797842,549.111421563585,20851.676668280736,20851.676668280736,0.0,42.14995435493666,55.21662949201658,2.6334161530467486,171571.05726671204,278701.08891852904,14085.479950360916,464357.626135602,1
China,Female,DALYs,2011,2012,1449529.6596409772,1468213.1031967718,official_GBD_2023,fine_5_year,20,9001.768506177817,9369.25902316207,312.4160264554667,18683.443555795355,18683.443555795355,0.0,48.180457094514516,50.14738848961198,1.6721544158735098,180572.82577288986,288070.3479416911,14397.895976816382,483041.06969139737,1
China,Female,DALYs,2012,2013,1468213.1031967718,1483927.2979055662,official_GBD_2023,fine_5_year,20,9527.476477190814,7221.977401399829,-1035.2591697965206,15714.194708794123,15714.194708794123,0.0,60.62974688648194,45.95830416533021,-6.588051051812151,190100.30225008065,295292.325343091,13362.636807019862,498755.2644001915,1
China,Female,DALYs,2013,2014,1483927.2979055662,1498667.4006656974,official_GBD_2023,fine_5_year,20,9488.306529535446,5059.493370195385,192.30286039994098,14740.102760130772,14740.102760130772,0.0,64.3706945870116,34.324681805342436,1.304623607645968,199588.6087796161,300351.81871328637,13554.939667419803,513495.36716032226,1
China,Female,DALYs,2014,2015,1498667.4006656974,1512083.0670208826,official_GBD_2023,fine_5_year,20,9861.492655006354,2781.2626059880713,772.9110941914842,13415.66635518591,13415.66635518591,0.0,73.50728911944304,20.731453305060445,5.761257575496506,209450.10143462245,303133.08131927444,14327.850761611287,526911.0335155082,1
China,Female,DALYs,2015,2016,1512083.0670208826,1522852.7045655567,official_GBD_2023,fine_5_year,20,10617.034850909997,-697.794476499975,850.3971702640798,10769.6375446741,10769.637544674102,1.8189894035458565e-12,98.58302850833108,-6.479275403702465,7.896246895371386,220067.13628553247,302435.2868427744,15178.247931875367,537680.6710601823,1
China,Female,DALYs,2016,2017,1522852.7045655567,1531508.409683915,official_GBD_2023,fine_5_year,20,10333.08008388461,-2640.5616584704644,963.1866929437577,8655.705118357902,8655.705118357902,0.0,119.37883676246271,-30.506603706613014,11.127766944150318,230400.21636941706,299794.725184304,16141.434624819125,546336.3761785402,1
China,Female,DALYs,2017,2018,1531508.409683915,1540562.38531425,official_GBD_2023,fine_5_year,20,9136.55281522808,-2822.948022233594,2740.3708373403256,9053.975630334811,9053.975630334811,0.0,100.91205441968056,-31.17909896703801,30.26704454735746,239536.76918464515,296971.7771620704,18881.80546215945,555390.351808875,1
China,Female,DALYs,2018,2019,1540562.38531425,1545928.7148753055,official_GBD_2023,fine_5_year,20,7768.7019536712905,-2899.508606069605,497.1362134539523,5366.329561055638,5366.329561055638,0.0,144.76751502647315,-54.031504645406606,9.263989618933469,247305.47113831644,294072.2685560008,19378.9416756134,560756.6813699306,1
China,Female,DALYs,2019,2020,1545928.7148753055,1549848.827500562,official_GBD_2023,fine_5_year,20,6136.042418620433,-1606.0173361863708,-609.9124571778812,3920.1126252561808,3920.1126252561808,0.0,156.5271971801943,-40.96865293714404,-15.55854424305024,253441.51355693687,292466.2512198144,18769.02921843552,564676.7939951868,1
China,Female,DALYs,2020,2021,1549848.827500562,1553296.115766705,official_GBD_2023,fine_5_year,20,4171.658079881105,-911.1312601432438,186.76144640543498,3447.288266143296,3447.288266143296,0.0,121.01274270713101,-26.430376278412748,5.417633571281727,257613.17163681798,291555.11995967117,18955.790664840955,568124.0822613301,1
China,Female,DALYs,2021,2022,1553296.115766705,1554954.1634446483,official_GBD_2023,fine_5_year,20,2279.0634108406957,-117.97144890204073,-503.0442839954048,1658.0476779432502,1658.0476779432502,0.0,137.45463662829007,-7.1150818201066555,-30.33955480818341,259892.23504765867,291437.1485107691,18452.74638084555,569782.1299392733,1
China,Female,DALYs,2022,2023,1554954.1634446483,1551859.211864378,official_GBD_2023,fine_5_year,20,830.5429183239272,661.0495899639014,-4586.544088558023,-3094.9515802701935,-3094.9515802701944,-9.094947017729282e-13,-26.835409110064965,-21.35896387452339,148.19437298458837,260722.7779659826,292098.19810073305,13866.20229228753,566687.1783590032,1
China,Female,Incidence,1990,1991,115697.33834901855,117232.93842308338,official_GBD_2023,fine_5_year,20,1484.6859714970851,-18.535808559412544,69.44991112715797,1535.6000740648306,1535.6000740648306,0.0,96.68441650741963,-1.207072653386053,4.522656145966422,1484.6859714970851,-18.535808559412544,69.44991112715797,1535.6000740648306,1
China,Female,Incidence,1991,1992,117232.93842308338,118388.51311735722,official_GBD_2023,fine_5_year,20,1204.6570318901188,-117.90132895908269,68.8189913428117,1155.5746942738479,1155.5746942738479,0.0,104.24743963843149,-10.202830638582888,5.9553910001513914,2689.3430033872037,-136.43713751849523,138.26890246996967,2691.1747683386784,1
China,Female,Incidence,1992,1993,118388.51311735722,119325.59388220572,official_GBD_2023,fine_5_year,20,987.1945851521111,-125.74618877989755,75.63236847627802,937.0807648484915,937.0807648484916,1.1368683772161603e-13,105.34786564653497,-13.418927535048525,8.071061888513565,3676.537588539315,-262.1833262983928,213.90127094624768,3628.25553318717,1
China,Female,Incidence,1993,1994,119325.59388220572,120150.09249752676,official_GBD_2023,fine_5_year,20,821.2513789169412,-75.54345663981562,78.79069304389365,824.4986153210193,824.4986153210193,0.0,99.60615623316555,-9.162350941050725,9.556194707885158,4497.788967456257,-337.72678293820843,292.69196399014135,4452.754148508189,1
China,Female,Incidence,1994,1995,120150.09249752676,120846.48524511754,official_GBD_2023,fine_5_year,20,692.6029786483826,-66.92175614257819,70.71152508499411,696.3927475907985,696.3927475907985,0.0,99.45580005599905,-9.609772125585305,10.153972069586272,5190.391946104639,-404.6485390807866,363.40348907513544,5149.146896098988,1
China,Female,Incidence,1995,1996,120846.48524511754,121423.24579656395,official_GBD_2023,fine_5_year,20,595.0910689395848,-86.83656408284637,68.50604658965555,576.760551446394,576.7605514463941,1.1368683772161603e-13,103.17818502794995,-15.055912521249686,11.877727493299744,5785.483015044224,-491.48510316363297,431.909535664791,5725.907447545382,1
China,Female,Incidence,1996,1997,121423.24579656395,121970.76789374191,official_GBD_2023,fine_5_year,20,525.0397995245658,-56.818701470234366,79.30099912364676,547.5220971779781,547.5220971779781,0.0,95.89380999063052,-10.377426182995645,14.483616192365126,6310.52281456879,-548.3038046338673,511.21053478843777,6273.42954472336,1
China,Female,Incidence,1997,1998,121970.76789374191,122653.84036367612,official_GBD_2023,fine_5_year,20,491.7833284393346,101.60102931605799,89.68811217881738,683.07246993421,683.07246993421,0.0,71.99577644912269,14.87412153001038,13.130102020866932,6802.306143008124,-446.70277531780937,600.8986469672551,6956.50201465757,1
China,Female,Incidence,1998,1999,122653.84036367612,123607.97653456718,official_GBD_2023,fine_5_year,20,498.0003738972494,364.77424802691286,91.36154896690762,954.1361708910699,954.1361708910699,0.0,52.193847072390696,38.23083739569891,9.575315531910382,7300.306516905373,-81.92852729089645,692.2601959341628,7910.63818554864,1
China,Female,Incidence,1999,2000,123607.97653456718,124815.24149675576,official_GBD_2023,fine_5_year,20,545.9545859914335,581.0415493067097,80.26882689043609,1207.2649621885794,1207.2649621885794,0.0,45.22243277910631,48.128751144518745,6.648816076374938,7846.261102896807,499.11302201581327,772.5290228245989,9117.90314773722,1
China,Female,Incidence,2000,2001,124815.24149675576,126231.96558368104,official_GBD_2023,fine_5_year,20,640.2942078290386,703.4288388726516,73.00104022360998,1416.7240869253,1416.7240869253,0.0,45.19540634187012,49.651787907361346,5.152805750768542,8486.555310725846,1202.5418608884647,845.5300630482088,10534.62723466252,1
China,Female,Incidence,2001,2002,126231.96558368104,127782.62147732601,official_GBD_2023,fine_5_year,20,729.4942535005612,749.3424492049089,71.81919093947363,1550.6558936449437,1550.6558936449437,0.0,47.04423827944349,48.324225398809666,4.63153632174684,9216.049564226407,1951.8843100933736,917.3492539876825,12085.283128307463,1
China,Female,Incidence,2002,2003,127782.62147732601,129485.32112648647,official_GBD_2023,fine_5_year,20,810.9077379362084,825.7688570505732,66.02305417365521,1702.6996491604368,1702.6996491604368,0.0,47.62482557249888,48.497623022224815,3.8775514052763036,10026.957302162615,2777.653167143947,983.3723081613376,13787.9827774679,1
China,Female,Incidence,2003,2004,129485.32112648647,131350.25092146057,official_GBD_2023,fine_5_year,20,888.3788197444543,931.24402715907,45.306948070620514,1864.929794974145,1864.929794974145,0.0,47.636046254318686,49.93453531970519,2.4294184259761176,10915.336121907068,3708.897194303017,1028.679256231958,15652.912572442045,1
China,Female,Incidence,2004,2005,131350.25092146057,133272.64407437184,official_GBD_2023,fine_5_year,20,967.3806402030701,949.1764958116787,5.836016896466996,1922.393152911216,1922.3931529112158,-2.2737367544323206e-13,50.321685693589636,49.37473348645014,0.30358081996022,11882.71676211014,4658.073690114696,1034.5152731284252,17575.30572535326,1
China,Female,Incidence,2005,2006,133272.64407437184,135140.0281413789,official_GBD_2023,fine_5_year,20,1041.8759897914667,861.9601284389161,-36.4520512233333,1867.3840670070495,1867.3840670070495,0.0,55.79334258010104,46.1586956678078,-1.952038247908843,12924.592751901606,5520.033818553612,998.0632219050918,19442.68979236031,1
China,Female,Incidence,2006,2007,135140.0281413789,136866.74621424323,official_GBD_2023,fine_5_year,20,1096.2467793087756,683.0693370289276,-52.59804347338893,1726.7180728643143,1726.7180728643143,0.0,63.48730557330066,39.55882247157109,-3.0461280448717516,14020.839531210382,6203.103155582539,945.465178431703,21169.407865224624,1
China,Female,Incidence,2007,2008,136866.74621424323,138411.0331506983,official_GBD_2023,fine_5_year,20,1110.7715641500254,487.65304257310345,-54.13767026801361,1544.2869364551152,1544.2869364551152,0.0,71.92779644304852,31.577877858146156,-3.505674301194681,15131.611095360407,6690.756198155643,891.3275081636893,22713.69480167974,1
China,Female,Incidence,2008,2009,138411.0331506983,139661.7519454795,official_GBD_2023,fine_5_year,20,1078.0459964892896,219.36936719600152,-46.69656890407107,1250.71879478122,1250.71879478122,0.0,86.19411501510739,17.539463555784685,-3.7335785708920604,16209.657091849696,6910.125565351645,844.6309392596182,23964.41359646096,1
China,Female,Incidence,2009,2010,139661.7519454795,140601.27793472595,official_GBD_2023,fine_5_year,20,973.5727271060216,10.798491853017671,-44.84522971260109,939.5259892464383,939.5259892464381,-1.1368683772161603e-13,103.62382076166845,1.149355310722035,-4.773176072390495,17183.22981895572,6920.924057204662,799.7857095470172,24903.939585707398,1
China,Female,Incidence,2010,2011,140601.27793472595,141055.31755423927,official_GBD_2023,fine_5_year,20,860.0885346740786,-311.6848046808931,-94.36411047986378,454.03961951332167,454.0396195133217,5.684341886080802e-14,189.43028266916326,-68.64705001184332,-20.78323265731992,18043.3183536298,6609.239252523769,705.4215990671535,25357.97920522072,1
China,Female,Incidence,2011,2012,141055.31755423927,141031.01626832443,official_GBD_2023,fine_5_year,20,870.3128715708541,-732.4923644313288,-162.12179305436922,-24.301285914843902,-24.30128591484396,-5.684341886080802e-14,-3581.3449322006563,3014.21236307459,667.1325691260672,18913.63122520065,5876.74688809244,543.2998060127842,25333.677919305876,1
China,Female,Incidence,2012,2013,141031.01626832443,140617.580085437,official_GBD_2023,fine_5_year,20,908.9910085324711,-1137.3420661058724,-185.0851253140378,-413.4361828874389,-413.43618288743903,-1.1368683772161603e-13,-219.8624712002894,275.09495133267575,44.767519867613665,19822.622233733124,4739.404821986567,358.2146806987464,24920.241736418437,1
China,Female,Incidence,2013,2014,140617.580085437,139823.4414886893,official_GBD_2023,fine_5_year,20,892.1631960255667,-1539.1232442527205,-147.17854852049885,-794.1385967476526,-794.1385967476526,0.0,-112.34351279227178,193.8104067169268,18.533106075345014,20714.78542975869,3200.2815777338474,211.03613217824753,24126.103139670784,1
China,Female,Incidence,2014,2015,139823.4414886893,138939.94452788704,official_GBD_2023,fine_5_year,20,913.0935441960415,-1742.78276169286,-53.807743305447126,-883.4969608022657,-883.4969608022657,0.0,-103.34993607300024,197.25962159624336,6.090314476756844,21627.878973954732,1457.498816040987,157.2283888728004,23242.60617886852,1
China,Female,Incidence,2015,2016,138939.94452788704,138025.9153370345,official_GBD_2023,fine_5_year,20,968.9234732212207,-1949.1322991482302,66.17963507444074,-914.0291908525687,-914.0291908525688,-1.1368683772161603e-13,-106.00574718160246,213.24617623318574,-7.240429051583255,22596.802447175953,-491.63348310724314,223.40802394724113,22328.57698801595,1
China,Female,Incidence,2016,2017,138025.9153370345,137149.27838890103,official_GBD_2023,fine_5_year,20,930.9468558727337,-1947.2953631930625,139.71155918685935,-876.6369481334696,-876.6369481334693,2.2737367544323206e-13,-106.19525652607965,222.1324765445071,-15.937220018427515,23527.749303048684,-2438.928846300306,363.1195831341005,21451.94003988248,1
China,Female,Incidence,2017,2018,137149.27838890103,136314.16875933684,official_GBD_2023,fine_5_year,20,813.2989517898774,-1815.6066575169439,167.19807616287534,-835.109629564191,-835.1096295641912,-2.2737367544323206e-13,-97.38828568104337,217.4093787500012,-20.021093068957793,24341.048254838563,-4254.535503817249,530.3176592969758,20616.83041031829,1
China,Female,Incidence,2018,2019,136314.16875933684,135412.8961864185,official_GBD_2023,fine_5_year,20,683.94773842909,-1738.0814946081277,152.86118326067904,-901.2725729183585,-901.2725729183587,-2.2737367544323206e-13,-75.88689137787011,192.84748552595434,-16.960594148084205,25024.995993267654,-5992.6169984253775,683.1788425576549,19715.55783739993,1
China,Female,Incidence,2019,2020,135412.8961864185,134565.1118362121,official_GBD_2023,fine_5_year,20,535.1143017131495,-1468.7371068741534,85.83845495465599,-847.7843502063479,-847.7843502063479,0.0,-63.119153070342065,173.24418721773614,-10.12503414739411,25560.1102949808,-7461.354105299531,769.0172975123108,18867.773487193583,1
China,Female,Incidence,2020,2021,134565.1118362121,133622.29833421428,official_GBD_2023,fine_5_year,20,360.53691286240064,-1199.4450231949886,-103.90539166526287,-942.8135019978508,-942.8135019978508,0.0,-38.2405334775554,127.21975455944656,11.020778918108846,25920.6472078432,-8660.79912849452,665.111905847048,17924.959985195732,1
China,Female,Incidence,2021,2022,133622.29833421428,132840.55660755973,official_GBD_2023,fine_5_year,20,195.37813285110556,-847.8591000698265,-129.26075943583177,-781.7417266545526,-781.7417266545526,0.0,-24.99267036534204,108.45770043492776,16.53496993041429,26116.02534069431,-9508.658228564345,535.8511464112162,17143.21825854118,1
China,Female,Incidence,2022,2023,132840.55660755973,132520.0933376089,official_GBD_2023,fine_5_year,20,70.936621046465,-518.3845282981492,126.98463730089134,-320.4632699507929,-320.4632699507929,0.0,-22.135647887933402,161.760980713249,-39.62533282531562,26186.961961740773,-10027.042756862495,662.8357837121075,16822.754988590386,1
China,Female,Prevalence,1990,1991,1544461.786892054,1584088.1987934336,official_GBD_2023,fine_5_year,20,19940.293407130946,19890.451341417698,-204.33284716894076,39626.4119013797,39626.4119013797,0.0,50.320714014575394,50.19493410334524,-0.5156481179206295,19940.293407130946,19890.451341417698,-204.33284716894076,39626.4119013797,1
China,Female,Prevalence,1991,1992,1584088.1987934336,1621607.6126713878,official_GBD_2023,fine_5_year,20,16388.995758865727,21139.74652878393,-9.328409695415758,37519.41387795424,37519.41387795424,0.0,43.68137469358395,56.34348819400209,-0.024862887586037077,36329.28916599667,41030.19787020163,-213.66125686435652,77145.82577933394,1
China,Female,Prevalence,1992,1993,1621607.6126713878,1657551.8976533737,official_GBD_2023,fine_5_year,20,13617.4408891494,22164.347768100753,162.4963247361205,35944.284981986275,35944.284981986275,0.0,37.88485678870473,61.66306487723588,0.45207833405938286,49946.73005514607,63194.545638302385,-51.16493212823602,113090.11076132022,1
China,Female,Prevalence,1993,1994,1657551.8976533737,1691855.381531782,official_GBD_2023,fine_5_year,20,11486.061051406705,22495.104260636417,322.31856636520627,34303.483878408326,34303.483878408326,0.0,33.48365749706369,65.57673366463962,0.9396088382966943,61432.79110655278,85689.6498989388,271.1536342369702,147393.59463972854,1
China,Female,Prevalence,1994,1995,1691855.381531782,1724187.0315281346,official_GBD_2023,fine_5_year,20,9817.199899766205,22140.60677603046,373.84332055548055,32331.64999635215,32331.649996352146,-3.637978807091713e-12,30.36405472926325,68.47966861737181,1.156276653364922,71249.99100631899,107830.25667496926,644.9969547924508,179725.2446360807,1
China,Female,Prevalence,1995,1996,1724187.0315281346,1755577.8576156728,official_GBD_2023,fine_5_year,20,8547.222315190942,22001.912792991265,841.690979356179,31390.826087538386,31390.826087538386,0.0,27.228408361588297,70.09026373385453,2.681327904557172,79797.21332150993,129832.16946796053,1486.6879341486297,211116.07072361908,1
China,Female,Prevalence,1996,1997,1755577.8576156728,1787128.7488486974,official_GBD_2023,fine_5_year,20,7642.013793105724,22376.269490354578,1532.6079495645827,31550.891233024886,31550.891233024886,0.0,24.221229557872807,70.92119625113136,4.857574190995829,87439.22711461566,152208.4389583151,3019.2958837132123,242666.96195664397,1
China,Female,Prevalence,1997,1998,1787128.7488486974,1819284.9422443938,official_GBD_2023,fine_5_year,20,7250.029600997533,23086.02571710975,1820.1380775888292,32156.193395696115,32156.193395696115,0.0,22.54629306330736,71.79340363153698,5.660303305155648,94689.25671561318,175294.46467542485,4839.433961302042,274823.1553523401,1
China,Female,Prevalence,1998,1999,1819284.9422443938,1851727.4209071656,official_GBD_2023,fine_5_year,20,7423.532633420158,23392.920279082573,1626.025750269609,32442.478662772337,32442.47866277234,3.637978807091713e-12,22.882137676917527,72.10583544569265,5.012026877389826,102112.78934903334,198687.38495450743,6465.459711571651,307265.6340151124,1
China,Female,Prevalence,1999,2000,1851727.4209071656,1883669.735818274,official_GBD_2023,fine_5_year,20,8209.091856137384,22874.166500986903,859.0565539844101,31942.314911108697,31942.314911108697,0.0,25.69973991860708,71.61086027935899,2.689399802033925,110321.88120517072,221561.55145549434,7324.516265556061,339207.9489262211,1
China,Female,Prevalence,2000,2001,1883669.735818274,1915012.421949658,official_GBD_2023,fine_5_year,20,9688.407739365784,21819.943785714528,-165.66539369678748,31342.686131383525,31342.686131383525,0.0,30.911223431053514,69.6173381383102,-0.5285615693637253,120010.28894453651,243381.49524120885,7158.850871859273,370550.63505760464,1
China,Female,Prevalence,2001,2002,1915012.421949658,1946702.5577661183,official_GBD_2023,fine_5_year,20,11090.16716877239,21337.09073176452,-737.1220840769045,31690.13581646001,31690.135816460006,-3.637978807091713e-12,34.995644174589195,67.3303858820382,-2.326030056627399,131100.4561133089,264718.5859729734,6421.728787782369,402240.77087406465,1
China,Female,Prevalence,2002,2003,1946702.5577661183,1980028.1851477404,official_GBD_2023,fine_5_year,20,12376.89468272535,21813.007015648687,-864.2743167517086,33325.627381622326,33325.627381622326,0.0,37.13926985077761,65.45415264313266,-2.5934224939102553,143477.35079603424,286531.5929886221,5557.45447103066,435566.398255687,1
China,Female,Prevalence,2003,2004,1980028.1851477404,2015339.912735853,official_GBD_2023,fine_5_year,20,13607.695795978498,22378.389891527786,-674.3580993935855,35311.7275881127,35311.7275881127,0.0,38.53591066034214,63.37381776546447,-1.9097284258066167,157085.04659201275,308909.98288014985,4883.096371637074,470878.1258437997,1
China,Female,Prevalence,2004,2005,2015339.912735853,2052254.5877217636,official_GBD_2023,fine_5_year,20,14869.792105470086,22298.1260031251,-253.24312268465295,36914.67498591053,36914.67498591053,0.0,40.28151977809784,60.404503118707595,-0.6860228968054302,171954.83869748283,331208.10888327495,4629.853248952421,507792.8008297102,1
China,Female,Prevalence,2005,2006,2052254.5877217636,2090077.6676479904,official_GBD_2023,fine_5_year,20,16078.898770285421,21363.490871530026,380.69028441084083,37823.07992622629,37823.07992622629,0.0,42.51081297886694,56.48268441702632,1.0065026041067389,188033.73746776825,352571.599754805,5010.543533363262,545615.8807559365,1
China,Female,Prevalence,2006,2007,2090077.6676479904,2128448.2480253344,official_GBD_2023,fine_5_year,20,17001.537266980584,20385.455987711397,983.5871226513603,38370.58037734334,38370.58037734334,0.0,44.30878318697382,53.12782811007046,2.5633887029557116,205035.27473474885,372957.05574251636,5994.130656014623,583986.4611332798,1
China,Female,Prevalence,2007,2008,2128448.2480253344,2167379.3316657636,official_GBD_2023,fine_5_year,20,17333.967865774794,20202.19674489267,1394.9190297631235,38931.08364043059,38931.08364043059,0.0,44.524750520361,51.89220246598106,3.5830470136579415,222369.24260052363,393159.25248740904,7389.049685777746,622917.5447737104,1
China,Female,Prevalence,2008,2009,2167379.3316657636,2206091.931570403,official_GBD_2023,fine_5_year,20,16955.087881320313,20292.978613676427,1464.5334096429092,38712.59990463965,38712.59990463965,0.0,43.79733710235326,52.41957053688958,3.783092360757168,239324.33048184394,413452.2311010855,8853.583095420656,661630.1446783501,1
China,Female,Prevalence,2009,2010,2206091.931570403,2243287.907829255,official_GBD_2023,fine_5_year,20,15455.93166637382,20711.05852323569,1028.9860692420818,37195.97625885159,37195.97625885159,0.0,41.55269795532184,55.680911233797886,2.766390810880283,254780.26214821776,434163.28962432116,9882.569164662738,698826.1209372017,1
China,Female,Prevalence,2010,2011,2243287.907829255,2277540.896472166,official_GBD_2023,fine_5_year,20,13804.897719133878,19700.518067065623,747.5728567114566,34252.98864291096,34252.98864291096,0.0,40.30275390871902,57.514742063661835,2.1825040276191348,268585.15986735164,453863.8076913868,10630.142021374195,733079.1095801126,1
China,Female,Prevalence,2011,2012,2277540.896472166,2309127.2229048535,official_GBD_2023,fine_5_year,20,14150.783881635714,16493.506484463654,942.0360665873934,31586.326432686765,31586.32643268676,-3.637978807091713e-12,44.80034711156512,52.217235580125994,2.982417308308882,282735.94374898734,470357.3141758504,11572.178087961587,764665.4360127994,1
China,Female,Prevalence,2012,2013,2309127.2229048535,2338397.391296876,official_GBD_2023,fine_5_year,20,14998.977346635113,13248.206105365107,1022.9849400228509,29270.16839202307,29270.16839202307,0.0,51.24322192393928,45.26180351246496,3.494974563595755,297734.92109562247,483605.52028121555,12595.163027984438,793935.6044048225,1
China,Female,Prevalence,2013,2014,2338397.391296876,2364402.3073713034,official_GBD_2023,fine_5_year,20,14960.531413305007,10091.855402534751,952.5292585875528,26004.91607442731,26004.91607442731,0.0,57.52962774610482,38.80749075925252,3.6628814946426616,312695.4525089275,493697.3756837503,13547.692286571992,819940.5204792498,1
China,Female,Prevalence,2014,2015,2364402.3073713034,2387152.7627342385,official_GBD_2023,fine_5_year,20,15563.367327321474,6564.885667729813,622.2023678842622,22750.45536293555,22750.455362935547,-3.637978807091713e-12,68.40903656230506,28.856062716112284,2.734900721582646,328258.81983624893,500262.2613514801,14169.894654456253,842690.9758421853,1
China,Female,Prevalence,2015,2016,2387152.7627342385,2405527.419922033,official_GBD_2023,fine_5_year,20,16766.082880849175,1209.7257885673703,398.84851837685954,18374.657187793404,18374.657187793404,0.0,91.24569078756565,6.583664534275021,2.170644678159337,345024.9027170981,501471.9871400475,14568.743172833112,861065.6330299787,1
China,Female,Prevalence,2016,2017,2405527.419922033,2420511.7206743225,official_GBD_2023,fine_5_year,20,16326.741397902448,-1808.328287585561,465.88764197317255,14984.300752290059,14984.300752290059,0.0,108.95898092146358,-12.06815264508885,3.1091717236252796,361351.64411500056,499663.6588524619,15034.630814806285,876049.9337822688,1
China,Female,Prevalence,2017,2018,2420511.7206743225,2433487.2065291023,official_GBD_2023,fine_5_year,20,14435.995351972757,-1943.386899478035,482.87740228464827,12975.48585477937,12975.48585477937,0.0,111.25591375567201,-14.977372880123875,3.7214591244518673,375787.6394669733,497720.27195298387,15517.508217090934,889025.4196370482,1
China,Female,Prevalence,2018,2019,2433487.2065291023,2444345.5119563034,official_GBD_2023,fine_5_year,20,12277.603253084157,-1867.479068097736,448.181242214671,10858.305427201092,10858.305427201092,0.0,113.0710803393648,-17.198623492571155,4.127543153206339,388065.2427200575,495852.79288488615,15965.689459305604,899883.7250642492,1
China,Female,Prevalence,2019,2020,2444345.5119563034,2454441.282289932,official_GBD_2023,fine_5_year,20,9709.64855044141,139.17914206876108,246.94264111986072,10095.770333630033,10095.770333630033,0.0,96.17541039040466,1.3785886313711126,2.446000978224215,397774.8912704989,495991.9720269549,16212.632100425466,909979.4953978793,1
China,Female,Prevalence,2020,2021,2454441.282289932,2461987.508628362,official_GBD_2023,fine_5_year,20,6609.305947202491,1286.0282255837228,-349.10783435683703,7546.2263384293765,7546.2263384293765,0.0,87.58425272171348,17.042004412650424,-4.626257134363904,404384.1972177014,497278.00025253865,15863.524266068629,917525.7217363087,1
China,Female,Prevalence,2021,2022,2461987.508628362,2467357.7415572177,official_GBD_2023,fine_5_year,20,3614.3183120312174,2511.68449961883,-755.7698827947024,5370.232928855345,5370.232928855345,0.0,67.30282205471491,46.77049455570247,-14.07331661041737,407998.5155297326,499789.6847521575,15107.754383273927,922895.954665164,1
China,Female,Prevalence,2022,2023,2467357.7415572177,2469230.2557262643,official_GBD_2023,fine_5_year,20,1319.7000401684395,3782.9076532405643,-3230.093524361883,1872.514169047121,1872.514169047121,0.0,70.4774394759322,202.02291207043834,-172.50035154637052,409318.21556990105,503572.592405398,11877.660858912044,924768.4688342111,1
China,Male,DALYs,1990,1991,1249020.5640909253,1284845.2223174209,official_GBD_2023,fine_5_year,20,18526.732611024596,14799.93332264964,2497.992292821368,35824.65822649561,35824.6582264956,-7.275957614183426e-12,51.71502961421802,41.31214100935578,6.972829376426192,18526.732611024596,14799.93332264964,2497.992292821368,35824.65822649561,1
China,Male,DALYs,1991,1992,1284845.2223174209,1319026.688590583,official_GBD_2023,fine_5_year,20,15368.48632448318,15691.31058121589,3121.6693674634444,34181.466273162514,34181.466273162514,0.0,44.96146011310727,45.905902502303945,9.132637384588778,33895.21893550777,30491.24390386553,5619.661660284813,70006.12449965812,1
China,Male,DALYs,1992,1993,1319026.688590583,1351058.27671169,official_GBD_2023,fine_5_year,20,12573.713381391055,16341.32005855573,3116.5546811600607,32031.588121106848,32031.588121106844,-3.637978807091713e-12,39.25410545943475,51.01626555877135,9.729628981793889,46468.932316898834,46832.56396242126,8736.216341444873,102037.71262076497,1
China,Male,DALYs,1993,1994,1351058.27671169,1378508.182280441,official_GBD_2023,fine_5_year,20,10106.887629744984,16136.488896177652,1206.5290428284013,27449.90556875104,27449.905568751037,-3.637978807091713e-12,36.81938943079884,58.78522552932723,4.39538503987392,56575.81994664382,62969.05285859891,9942.745384273274,129487.61818951601,1
China,Male,DALYs,1994,1995,1378508.182280441,1404256.4876994074,official_GBD_2023,fine_5_year,20,7934.55154459974,15649.888683884792,2163.865190482039,25748.30541896657,25748.30541896657,0.0,30.815820363677354,60.7802666204078,8.403913015914844,64510.37149124355,78618.9415424837,12106.610574755314,155235.92360848258,1
China,Male,DALYs,1995,1996,1404256.4876994074,1426207.9778103698,official_GBD_2023,fine_5_year,20,6123.410515400542,15120.4224723477,707.6571232137115,21951.490110961953,21951.490110961953,0.0,27.8951929206058,68.88107548014241,3.2237315992517868,70633.78200664409,93739.3640148314,12814.267697969026,177187.41371944454,1
China,Male,DALYs,1996,1997,1426207.9778103698,1444210.7411834588,official_GBD_2023,fine_5_year,20,4725.421184015926,15146.873034375603,-1869.5308453018076,18002.76337308972,18002.76337308972,0.0,26.248310251521826,84.13637795749145,-10.384688209013268,75359.20319066002,108886.237049207,10944.736852667218,195190.17709253426,1
China,Male,DALYs,1997,1998,1444210.7411834588,1460299.386706869,official_GBD_2023,fine_5_year,20,3882.348952901938,15512.153917061205,-3305.8573465535496,16088.645523409592,16088.645523409594,1.8189894035458565e-12,24.130986957559433,96.41677973755112,-20.547766695110546,79241.55214356196,124398.39096626821,7638.879506113668,211278.82261594385,1
China,Male,DALYs,1998,1999,1460299.386706869,1479102.995438122,official_GBD_2023,fine_5_year,20,3646.2362933934974,15473.237340441401,-315.86490258182556,18803.608731253073,18803.608731253073,0.0,19.39115169596763,82.28865831867512,-1.6798100146427388,82887.78843695545,139871.6283067096,7323.014603531842,230082.43134719692,1
China,Male,DALYs,1999,2000,1479102.995438122,1498072.0569437763,official_GBD_2023,fine_5_year,20,4077.0572812469914,15134.668986743896,-242.6647623365279,18969.06150565436,18969.06150565436,0.0,21.49319448424841,79.7860715577969,-1.279266042045325,86964.84571820244,155006.2972934535,7080.349841195314,249051.49285285128,1
China,Male,DALYs,2000,2001,1498072.0569437763,1518112.6051374187,official_GBD_2023,fine_5_year,20,5244.447653900677,14364.267671448022,431.83286829323816,20040.54819364194,20040.54819364194,0.0,26.16918261529657,71.67602169687767,2.154795687825752,92209.29337210313,169370.56496490154,7512.182709488553,269092.0410464932,1
China,Male,DALYs,2001,2002,1518112.6051374187,1539684.4136777555,official_GBD_2023,fine_5_year,20,6293.042901673121,13989.21987225604,1289.545766407391,21571.808540336555,21571.808540336555,0.0,29.172532705850447,64.84954586027392,5.977921433875623,98502.33627377625,183359.78483715758,8801.728475895943,290663.8495868298,1
China,Male,DALYs,2002,2003,1539684.4136777555,1561660.23379176,official_GBD_2023,fine_5_year,20,7206.268573876587,14299.754398975989,469.79714115255047,21975.820114005124,21975.820114005124,0.0,32.79180725220832,65.07040158133984,2.13779116645185,105708.60484765284,197659.53923613357,9271.525617048494,312639.6697008349,1
China,Male,DALYs,2003,2004,1561660.23379176,1586354.2806807568,official_GBD_2023,fine_5_year,20,8106.896337181718,14578.405096977405,2008.7454548377236,24694.046888996847,24694.046888996847,0.0,32.8293550815034,59.03611166897572,8.134533249520874,113815.50118483455,212237.94433311097,11280.271071886218,337333.71658983175,1
China,Male,DALYs,2004,2005,1586354.2806807568,1610300.1468089446,official_GBD_2023,fine_5_year,20,9087.172540146468,14557.552823452706,301.14076458891697,23945.866128188092,23945.866128188092,0.0,37.94881543018994,60.79359479219736,1.2575897776127063,122902.67372498102,226795.49715656368,11581.411836475134,361279.58271801984,1
China,Male,DALYs,2005,2006,1610300.1468089446,1634232.3352895668,official_GBD_2023,fine_5_year,20,10062.668810542711,13659.246189022591,210.27348105683146,23932.188480622135,23932.188480622135,0.0,42.046588504392076,57.0747894622444,0.8786220333635164,132965.34253552373,240454.74334558626,11791.685317531967,385211.771198642,1
China,Male,DALYs,2006,2007,1634232.3352895668,1657810.6582012258,official_GBD_2023,fine_5_year,20,10832.975821209335,12717.36791879831,27.979171651143893,23578.32291165879,23578.32291165879,0.0,45.94464102386496,53.93669416797216,0.11866480816287833,143798.31835673307,253172.11126438458,11819.66448918311,408790.09411030076,1
China,Male,DALYs,2007,2008,1657810.6582012258,1682943.0681231422,official_GBD_2023,fine_5_year,20,11228.958904017345,12488.086947981732,1415.36406991689,25132.40992191597,25132.40992191597,0.0,44.67919685738321,49.689174204865516,5.631628937751266,155027.27726075042,265660.1982123663,13235.0285591,433922.50403221673,1
China,Male,DALYs,2008,2009,1682943.0681231422,1706186.9700934778,official_GBD_2023,fine_5_year,20,11123.44660942206,12412.85662997673,-292.40126906281023,23243.90197033598,23243.90197033598,0.0,47.85533265291635,53.40263715540574,-1.257969808322091,166150.7238701725,278073.05484234303,12942.62729003719,457166.4060025527,1
China,Male,DALYs,2009,2010,1706186.9700934778,1728844.3927304493,official_GBD_2023,fine_5_year,20,10088.691622398483,12855.26779581843,-286.5367812460366,22657.422636970878,22657.422636970878,0.0,44.5270928827378,56.737555730818464,-1.2646486135562696,176239.41549257096,290928.3226381615,12656.090508791152,479823.8286395236,1
China,Male,DALYs,2010,2011,1728844.3927304493,1748355.974130914,official_GBD_2023,fine_5_year,20,8991.983772081207,11896.961022285044,-1377.3633939010324,19511.58140046522,19511.58140046522,0.0,46.08536636536702,60.97384306328641,-7.0592094286534435,185231.39926465217,302825.2836604465,11278.72711489012,499335.4100399888,1
China,Male,DALYs,2011,2012,1748355.974130914,1767957.5338313116,official_GBD_2023,fine_5_year,20,9743.004973627705,9169.183212015272,689.3715147550295,19601.559700398007,19601.559700398007,0.0,49.705253676470825,46.777824582138194,3.5169217413909766,194974.40423827988,311994.4668724618,11968.09862964515,518936.9697403868,1
China,Male,DALYs,2012,2013,1767957.5338313116,1785143.040573462,official_GBD_2023,fine_5_year,20,11054.539347530343,6477.094554786803,-346.1271601670888,17185.506742150057,17185.506742150057,0.0,64.32477967273093,37.68928465112261,-2.0140643238535385,206028.94358581022,318471.5614272486,11621.971469478061,536122.4764825369,1
China,Male,DALYs,2013,2014,1785143.040573462,1800241.2078121484,official_GBD_2023,fine_5_year,20,11685.785988089861,4030.395071017323,-618.0138204209507,15098.167238686234,15098.167238686234,0.0,77.39870544119566,26.69459814095971,-4.09330358215536,217714.72957390008,322501.9564982659,11003.95764905711,551220.6437212231,1
China,Male,DALYs,2014,2015,1800241.2078121484,1814144.533410442,official_GBD_2023,fine_5_year,20,12790.23117566811,1538.0624743727192,-424.96805174691445,13903.325598293915,13903.325598293915,0.0,91.99404189482267,11.062550923510384,-3.0565928183330646,230504.96074956818,324040.01897263865,10578.989597310196,565123.969319517,1
China,Male,DALYs,2015,2016,1814144.533410442,1827389.0656118798,official_GBD_2023,fine_5_year,20,14166.635079583853,-2532.469442136935,1610.3665639910612,13244.532201437978,13244.53220143798,1.8189894035458565e-12,106.96214002972307,-19.120867416230684,12.158727386507628,244671.59582915204,321507.5495305017,12189.356161301257,578368.501520955,1
China,Male,DALYs,2016,2017,1827389.0656118798,1839091.8420401283,official_GBD_2023,fine_5_year,20,13952.487286607966,-4617.419910060475,2367.7090517010074,11702.7764282485,11702.776428248499,-1.8189894035458565e-12,119.2237361121336,-39.45576452195406,20.232028409820447,258624.08311576,316890.12962044124,14557.065213002264,590071.2779492035,1
China,Male,DALYs,2017,2018,1839091.8420401283,1849335.1934016526,official_GBD_2023,fine_5_year,20,12413.908823862983,-4341.89269150646,2171.335229167327,10243.351361523848,10243.35136152385,1.8189894035458565e-12,121.18991515308359,-42.38742320033568,21.197508047252114,271037.99193962297,312548.23692893476,16728.400442169594,600314.6293107274,1
China,Male,DALYs,2018,2019,1849335.1934016526,1858924.1773466829,official_GBD_2023,fine_5_year,20,10607.84779024776,-3816.912172453245,2798.048327235505,9588.98394503002,9588.98394503002,0.0,110.62535771316854,-39.805178466604424,29.179820753435884,281645.8397298707,308731.3247564815,19526.4487694051,609903.6132557574,1
China,Male,DALYs,2019,2020,1858924.1773466829,1865959.1333842778,official_GBD_2023,fine_5_year,20,8336.133965206953,-1685.0405147438482,383.8625871322971,7034.956037595402,7034.9560375954015,-9.094947017729282e-13,118.4958928052705,-23.952395803738483,5.456502998467977,289981.9736950777,307046.2842417377,19910.311356537393,616938.5692933528,1
China,Male,DALYs,2020,2021,1865959.1333842778,1867954.9206546342,official_GBD_2023,fine_5_year,20,5332.147568813758,-354.4531339878449,-2981.9071644694777,1995.7872703564353,1995.7872703564353,0.0,267.17013621704626,-17.760065877388914,-149.41007033965735,295314.12126389146,306691.83110774984,16928.404192067916,618934.3565637092,1
China,Male,DALYs,2021,2022,1867954.9206546342,1868996.9057142818,official_GBD_2023,fine_5_year,20,2240.7526042440054,912.913046204097,-2111.680590800514,1041.985059647588,1041.9850596475885,4.547473508864641e-13,215.04651947714635,87.61287292476682,-202.65939240191312,297554.87386813544,307604.7441539539,14816.723601267402,619976.3416233568,1
China,Male,DALYs,2022,2023,1868996.9057142818,1867497.0250253344,official_GBD_2023,fine_5_year,20,330.07566235680133,1942.9985478495948,-3772.954899153556,-1499.8806889471598,-1499.88068894716,-2.2737367544323206e-13,-22.006794593008443,-129.54354050744405,251.55033510045251,297884.94953049225,309547.7427018035,11043.768702113846,618476.4609344096,1
China,Male,Incidence,1990,1991,152988.79964753235,155604.519012876,official_GBD_2023,fine_5_year,20,2256.4441480194996,103.41674994801481,255.85846737614096,2615.719365343655,2615.719365343655,0.0,86.26476440537597,3.953663811118661,9.78157178350538,2256.4441480194996,103.41674994801481,255.85846737614096,2615.719365343655,1
China,Male,Incidence,1991,1992,155604.519012876,157577.2036502572,official_GBD_2023,fine_5_year,20,1848.5471430614803,-89.03142834408695,213.16892266377786,1972.6846373811713,1972.6846373811711,-2.2737367544323206e-13,93.70717995327985,-4.513211420467096,10.806031467187239,4104.99129108098,14.385321603927864,469.0273900399188,4588.404002724827,1
China,Male,Incidence,1992,1993,157577.2036502572,159029.98814637604,official_GBD_2023,fine_5_year,20,1491.0027270117862,-216.64916908358282,178.43093819066416,1452.7844961188675,1452.7844961188675,0.0,102.6306882400672,-14.91268454904109,12.281996308973884,5595.994018092766,-202.26384747965494,647.458328230583,6041.188498843694,1
China,Male,Incidence,1993,1994,159029.98814637604,160073.05552470835,official_GBD_2023,fine_5_year,20,1181.6028671839645,-278.3632963118531,139.82780746014518,1043.0673783322563,1043.0673783322566,2.2737367544323206e-13,113.28154745604357,-26.686990897646872,13.405443441603323,6777.596885276731,-480.62714379150805,787.2861356907282,7084.25587717595,1
China,Male,Incidence,1994,1995,160073.05552470835,160686.02754338225,official_GBD_2023,fine_5_year,20,914.6047060853356,-400.2008470019452,98.56815959056743,612.9720186739578,612.9720186739578,0.0,149.20823108106953,-65.28859961139818,16.08036853032866,7692.201591362066,-880.8279907934532,885.8542952812957,7697.227895849908,1
China,Male,Incidence,1995,1996,160686.02754338225,160945.78919036628,official_GBD_2023,fine_5_year,20,695.8213294061474,-458.2695869476544,22.20990452556483,259.76164698405773,259.7616469840578,5.684341886080802e-14,267.86915523709,-176.41926445584156,8.55010921875157,8388.022920768213,-1339.0975777411077,908.0641998068604,7956.989542833966,1
China,Male,Incidence,1996,1997,160945.78919036628,161015.81643977365,official_GBD_2023,fine_5_year,20,530.0312372512271,-432.41213957552105,-27.59184826839191,70.02724940731423,70.02724940731417,-5.684341886080802e-14,756.8928406259325,-617.4912526699304,-39.401587956002146,8918.05415801944,-1771.5097173166287,880.4723515384685,8027.01679224128,1
China,Male,Incidence,1997,1998,161015.81643977365,161216.21434004678,official_GBD_2023,fine_5_year,20,430.7136015161813,-212.54751997087445,-17.768181272185753,200.3979002731212,200.3979002731211,-8.526512829121202e-14,214.92919882352265,-106.06274800344445,-8.866450820078253,9348.767759535622,-1984.057237287503,862.7041702662827,8227.414692514401,1
China,Male,Incidence,1998,1999,161216.21434004678,161782.8577216747,official_GBD_2023,fine_5_year,20,400.6730963585578,153.12395065484452,12.846334614572697,566.643381627975,566.643381627975,0.0,70.70992256318567,27.02298405302416,2.2670933837901686,9749.44085589418,-1830.9332866326586,875.5505048808554,8794.058074142376,1
China,Male,Incidence,1999,2000,161782.8577216747,162711.82868326033,official_GBD_2023,fine_5_year,20,444.37594898664,436.9443969615289,47.65061563747197,928.9709615856409,928.9709615856409,0.0,47.83528951520122,47.035312730951006,5.129397753847779,10193.81680488082,-1393.9888896711295,923.2011205183275,9723.029035728017,1
China,Male,Incidence,2000,2001,162711.82868326033,163983.1520923152,official_GBD_2023,fine_5_year,20,568.0515271350838,625.512470616634,77.75941130314702,1271.323409054865,1271.323409054865,0.0,44.681905728251174,49.20167961680627,6.116414654942553,10761.868332015903,-768.4764190544956,1000.9605318214744,10994.352444782882,1
China,Male,Incidence,2001,2002,163983.1520923152,165469.6677026769,official_GBD_2023,fine_5_year,20,678.0299518574611,714.4238009065448,94.06185759766959,1486.5156103616755,1486.5156103616755,0.0,45.612030383757194,48.060295897782225,6.327673718460578,11439.898283873365,-54.05261814795085,1095.022389419144,12480.868055144558,1
China,Male,Incidence,2002,2003,165469.6677026769,167203.59773409722,official_GBD_2023,fine_5_year,20,772.9944331261698,861.2480089404611,99.6875893536829,1733.9300314203138,1733.9300314203138,0.0,44.580485897287744,49.67028618997892,5.749227912733354,12212.892716999535,807.1953907925102,1194.7099787728268,14214.798086564871,1
China,Male,Incidence,2003,2004,167203.59773409722,169219.1248109552,official_GBD_2023,fine_5_year,20,866.3745943685934,1065.5433583896229,83.609124099763,2015.5270768579794,2015.5270768579794,0.0,42.98501391106049,52.866734990765124,4.1482510981743745,13079.267311368129,1872.7387491821332,1278.3191028725898,16230.32516342285,1
China,Male,Incidence,2004,2005,169219.1248109552,171356.42328539217,official_GBD_2023,fine_5_year,20,968.1532900894964,1130.490266221881,38.654918125626864,2137.298474437004,2137.298474437004,0.0,45.29799191217419,52.89342035017682,1.8085877376490027,14047.420601457625,3003.2290154040143,1316.9740209982167,18367.623637859855,1
China,Male,Incidence,2005,2006,171356.42328539217,173482.4743057903,official_GBD_2023,fine_5_year,20,1069.4923853382304,1044.3914146968405,12.167220363024777,2126.0510203980957,2126.0510203980957,0.0,50.30417309260864,49.12353488587879,0.5722920215125649,15116.912986795855,4047.6204301008547,1329.1412413612416,20493.67465825795,1
China,Male,Incidence,2006,2007,173482.4743057903,175513.31899987752,official_GBD_2023,fine_5_year,20,1148.4312063461985,855.1819772892921,27.231510451762006,2030.8446940872527,2030.8446940872527,0.0,56.54943530097716,42.10966893623773,1.3408957627851004,16265.344193142053,4902.802407390147,1356.3727518130036,22524.519352345204,1
China,Male,Incidence,2007,2008,175513.31899987752,177388.07559059438,official_GBD_2023,fine_5_year,20,1186.1898036498412,661.6850692879186,26.881717779101262,1874.756590716861,1874.7565907168612,2.2737367544323206e-13,63.271670014306835,35.29445222725722,1.4338777584359554,17451.533996791895,5564.487476678066,1383.254469592105,24399.275943062064,1
China,Male,Incidence,2008,2009,177388.07559059438,178969.62643295317,official_GBD_2023,fine_5_year,20,1169.6121221351252,399.0616181782583,12.877102045376283,1581.5508423587598,1581.5508423587598,0.0,73.95349493733252,25.23229778582957,0.8142072768379098,18621.14611892702,5963.549094856324,1396.131571637481,25980.826785420824,1
China,Male,Incidence,2009,2010,178969.62643295317,180219.72786109534,official_GBD_2023,fine_5_year,20,1054.9554612607074,215.63485343065014,-20.488886549249095,1250.1014281421085,1250.1014281421085,0.0,84.38958931745037,17.249388615700173,-1.6389779331505547,19676.101580187726,6179.183948286974,1375.642685088232,27230.928213562933,1
China,Male,Incidence,2010,2011,180219.72786109534,180888.08093273704,official_GBD_2023,fine_5_year,20,933.8318212360949,-146.3046551716931,-119.17409442261366,668.3530716417881,668.3530716417881,0.0,139.72133305861328,-21.890324347922927,-17.831008710690337,20609.933401423823,6032.879293115281,1256.4685906656184,27899.28128520472,1
China,Male,Incidence,2011,2012,180888.08093273704,181020.99031620464,official_GBD_2023,fine_5_year,20,1002.7962073800057,-638.5283569098052,-231.35846700262726,132.9093834675732,132.90938346757326,5.684341886080802e-14,754.4961696588298,-480.4238348344993,-174.0723348243304,21612.729608803827,5394.350936205476,1025.110123662991,28032.190668672294,1
China,Male,Incidence,2012,2013,181020.99031620464,180751.12317803313,official_GBD_2023,fine_5_year,20,1125.5875601126609,-1119.3270152770128,-276.12768300718744,-269.8671381715394,-269.8671381715394,0.0,-417.08952328874807,414.7696614196573,102.31986186909077,22738.31716891649,4275.023920928463,748.9824406558037,27762.323530500755,1
China,Male,Incidence,2013,2014,180751.12317803313,180108.46925531077,official_GBD_2023,fine_5_year,20,1176.1782987149247,-1591.4576975054758,-227.3745239318038,-642.6539227223548,-642.6539227223549,-1.1368683772161603e-13,-183.01892466982858,247.63836977200435,35.380554897824254,23914.495467631412,2683.5662234229867,521.6079167239999,27119.6696077784,1
China,Male,Incidence,2014,2015,180108.46925531077,179478.90592090256,official_GBD_2023,fine_5_year,20,1272.4983173900207,-1816.8199723299233,-85.24167946831342,-629.5633344082162,-629.5633344082161,1.1368683772161603e-13,-202.1239560569641,288.58414603158514,13.53981002537891,25186.993785021434,866.7462510930636,436.3662372556864,26490.106273370184,1
China,Male,Incidence,2015,2016,179478.90592090256,178857.64026133734,official_GBD_2023,fine_5_year,20,1394.0643357934848,-2064.22231643499,48.892321076282926,-621.2656595652224,-621.2656595652221,3.410605131648481e-13,-224.3910176476013,332.260810597448,-7.869792949846772,26581.05812081492,-1197.4760653419262,485.25855833196937,25868.84061380496,1
China,Male,Incidence,2016,2017,178857.64026133734,178248.4332455153,official_GBD_2023,fine_5_year,20,1358.9523824853145,-2057.8228619901447,89.66346368282879,-609.2070158220013,-609.2070158220014,-1.1368683772161603e-13,-223.0690630920729,337.7871246629572,-14.718061570884265,27940.010503300233,-3255.298927332071,574.9220220147981,25259.63359798296,1
China,Male,Incidence,2017,2018,178248.4332455153,177666.16964420996,official_GBD_2023,fine_5_year,20,1197.88406332411,-1893.9445017274652,113.79683709801368,-582.2636013053416,-582.2636013053415,1.1368683772161603e-13,-205.72882464894698,325.2726939278955,-19.543869278948474,29137.89456662434,-5149.243429059536,688.7188591128119,24677.36999667762,1
China,Male,Incidence,2018,2019,177666.16964420996,177012.89913267927,official_GBD_2023,fine_5_year,20,1014.5991166982567,-1792.4164880380265,124.54685980905198,-653.2705115307181,-653.2705115307178,2.2737367544323206e-13,-155.3107171975186,274.3758452892823,-19.065128091763796,30152.4936833226,-6941.659917097562,813.2657189218638,24024.0994851469,1
China,Male,Incidence,2019,2020,177012.89913267927,176458.55218986873,official_GBD_2023,fine_5_year,20,791.0564571410893,-1449.0098121759415,103.60641222433574,-554.3469428105163,-554.3469428105166,-2.2737367544323206e-13,-142.70060787752618,261.39042182311334,-18.689813945587122,30943.55014046369,-8390.669729273504,916.8721311461995,23469.752542336384,1
China,Male,Incidence,2020,2021,176458.55218986873,175780.8073061863,official_GBD_2023,fine_5_year,20,503.014273486071,-1089.5600208353862,-91.19913633314718,-677.7448836824624,-677.7448836824624,0.0,-74.21882268634633,160.7625593446557,13.456263341690658,31446.56441394976,-9480.22975010889,825.6729948130524,22792.00765865392,1
China,Male,Incidence,2021,2022,175780.8073061863,175196.0421332146,official_GBD_2023,fine_5_year,20,210.45434064216778,-637.1906388194087,-158.02887479446267,-584.7651729717036,-584.7651729717036,0.0,-35.989547662810544,108.96521685470519,27.024330808105354,31657.01875459193,-10117.4203889283,667.6441200185898,22207.242485682218,1
China,Male,Incidence,2022,2023,175196.0421332146,174591.61490882759,official_GBD_2023,fine_5_year,20,30.899586277553077,-272.69120013019227,-362.63561053430993,-604.4272243869491,-604.4272243869491,0.0,-5.1122095482865655,45.11563826509868,59.9965712831879,31687.91834086948,-10390.111589058492,305.0085094842798,21602.81526129527,1
China,Male,Prevalence,1990,1991,1926495.660197918,1981431.2671110912,official_GBD_2023,fine_5_year,20,28573.503090075723,23044.93821251408,3317.1656105837706,54935.60691317357,54935.60691317357,0.0,52.01271942846925,41.94900085282921,6.038279718701557,28573.503090075723,23044.93821251408,3317.1656105837706,54935.60691317357,1
China,Male,Prevalence,1991,1992,1981431.2671110912,2032456.07628442,official_GBD_2023,fine_5_year,20,23690.7289802415,24483.132988594512,2850.9472044925596,51024.80917332857,51024.80917332857,0.0,46.4298237740887,47.98280167090211,5.587374555009198,52264.23207031722,47528.07120110859,6168.112815076331,105960.41608650214,1
China,Male,Prevalence,1992,1993,2032456.07628442,2079637.6665027612,official_GBD_2023,fine_5_year,20,19364.33567093635,25505.354469288573,2311.9000781160626,47181.59021834098,47181.590218340985,7.275957614183426e-12,41.04214288099348,54.057852546423575,4.90000457258296,71628.56774125357,73033.42567039716,8480.012893192394,153142.00630484312,1
China,Male,Prevalence,1993,1994,2079637.6665027612,2122333.8848423553,official_GBD_2023,fine_5_year,20,15558.942253255907,25401.977996037145,1735.2980903005614,42696.218339593615,42696.218339593615,0.0,36.44103121617116,59.49467888232399,4.064289901504842,87187.50999450948,98435.40366643431,10215.310983492955,195838.22464443673,1
China,Male,Prevalence,1994,1995,2122333.8848423553,2160331.847977821,official_GBD_2023,fine_5_year,20,12211.217297290761,24675.684829777416,1111.0610083982658,37997.963135466445,37997.963135466445,0.0,32.13650493253173,64.93949357707989,2.9240014903883793,99398.72729180024,123111.08849621173,11326.37199189122,233836.18777990318,1
China,Male,Prevalence,1995,1996,2160331.847977821,2193614.179687435,official_GBD_2023,fine_5_year,20,9419.272290473571,24097.765393234327,-234.70597409433688,33282.33170961356,33282.33170961356,0.0,28.301118962025207,72.40407794587817,-0.7051969079033678,108817.99958227381,147208.85388944607,11091.666017796882,267118.51948951674,1
China,Male,Prevalence,1996,1997,2193614.179687435,2223505.02052701,official_GBD_2023,fine_5_year,20,7271.711770228033,24242.923520957505,-1623.7944516095642,29890.840839575976,29890.840839575972,-3.637978807091713e-12,24.327558429203386,81.10485633732814,-5.432414766531536,116089.71135250185,171451.77741040356,9467.87156618732,297009.3603290927,1
China,Male,Prevalence,1997,1998,2223505.02052701,2252272.2645152723,official_GBD_2023,fine_5_year,20,5982.588584239749,24842.882398699097,-2058.226994676826,28767.243988262024,28767.24398826202,-3.637978807091713e-12,20.79653020178381,86.35822885513748,-7.154759056921303,122072.29993674159,196294.65980910265,7409.644571510493,325776.60431735474,1
China,Male,Prevalence,1998,1999,2252272.2645152723,2281189.8095095903,official_GBD_2023,fine_5_year,20,5623.643966637164,24942.81546667622,-1648.9144389954552,28917.544994317926,28917.54499431793,3.637978807091713e-12,19.447169418227467,86.25495515465538,-5.702124572882844,127695.94390337876,221237.47527577888,5760.730132515037,354694.14931167266,1
China,Male,Prevalence,1999,2000,2281189.8095095903,2311360.656753655,official_GBD_2023,fine_5_year,20,6289.179817795289,24378.107928791087,-496.44050252204767,30170.847244064324,30170.847244064327,3.637978807091713e-12,20.845221106717823,80.80020998941993,-1.6454310961377299,133985.12372117405,245615.58320456996,5264.28962999299,384864.996555737,1
China,Male,Prevalence,2000,2001,2311360.656753655,2343397.975150212,official_GBD_2023,fine_5_year,20,8093.5559941190295,23317.281952640504,626.4804497980512,32037.318396557588,32037.318396557584,-3.637978807091713e-12,25.262900889322506,72.78162817505333,1.9554709356241453,142078.67971529308,268932.86515721044,5890.770079791041,416902.3149522946,1
China,Male,Prevalence,2001,2002,2343397.975150212,2376993.6242428496,official_GBD_2023,fine_5_year,20,9714.73745187985,22760.36715586142,1120.544484895266,33595.64909263654,33595.64909263654,0.0,28.916653537761583,67.74796073474292,3.3353857274954866,151793.41716717294,291693.2323130719,7011.314564686307,450497.9640449311,1
China,Male,Prevalence,2002,2003,2376993.6242428496,2412723.211974047,official_GBD_2023,fine_5_year,20,11129.283407870991,23271.89819645796,1328.4061268685232,35729.58773119748,35729.58773119748,0.0,31.148647702289047,65.13340811973036,3.717944177980588,162922.7005750439,314965.13050952984,8339.72069155483,486227.5517761286,1
China,Male,Prevalence,2003,2004,2412723.211974047,2450227.9327144125,official_GBD_2023,fine_5_year,20,12523.37291273164,23778.426097341737,1202.921730291952,37504.72074036533,37504.72074036533,0.0,33.39145756990818,63.401154915812114,3.207387514279714,175446.07348777555,338743.5566068716,9542.642421846782,523732.2725164939,1
China,Male,Prevalence,2004,2005,2450227.9327144125,2488668.6031593364,official_GBD_2023,fine_5_year,20,14039.795150960485,23629.820638930578,771.0546550333189,38440.670444924384,38440.670444924384,0.0,36.523283773304385,61.47088582335224,2.005830403343361,189485.86863873605,362373.37724580214,10313.6970768801,562172.9429614183,1
China,Male,Prevalence,2005,2006,2488668.6031593364,2527488.3814136693,official_GBD_2023,fine_5_year,20,15557.158042708645,22411.830760093635,850.7894515306689,38819.77825433295,38819.77825433295,0.0,40.075339794019044,57.733021073071406,2.19163913290954,205043.0266814447,384785.2080058958,11164.48652841077,600992.7212157513,1
China,Male,Prevalence,2006,2007,2527488.3814136693,2566872.293877601,official_GBD_2023,fine_5_year,20,16763.692043629708,21065.538738449806,1554.6816818523218,39383.91246393183,39383.91246393183,0.0,42.56482150924457,53.48767407946539,3.947504411290052,221806.7187250744,405850.7467443456,12719.168210263091,640376.6336796831,1
China,Male,Prevalence,2007,2008,2566872.293877601,2606974.942667046,official_GBD_2023,fine_5_year,20,17390.33495456353,20727.147164488913,1985.1666703920348,40102.64878944447,40102.64878944448,7.275957614183426e-12,43.364554411031534,51.68523224816153,4.950213340806944,239197.05367963793,426577.8939088345,14704.334880655126,680479.2824691276,1
China,Male,Prevalence,2008,2009,2606974.942667046,2646937.4696626556,official_GBD_2023,fine_5_year,20,17243.754282315727,20794.78771831305,1923.9849949807394,39962.526995609514,39962.526995609514,0.0,43.14980953083926,52.035717662693536,4.814472806467214,256440.80796195366,447372.6816271476,16628.319875635865,720441.8094647371,1
China,Male,Prevalence,2009,2010,2646937.4696626556,2685317.686562669,official_GBD_2023,fine_5_year,20,15660.857342118163,21464.75632102671,1254.6032368689775,38380.21690001385,38380.21690001385,0.0,40.80450452616517,55.92661546688383,3.2688800069509893,272101.6653040718,468837.4379481743,17882.923112504843,758822.0263647509,1
China,Male,Prevalence,2010,2011,2685317.686562669,2720336.8785979794,official_GBD_2023,fine_5_year,20,13978.903216713494,20205.746594983306,834.5422236136317,35019.192035310436,35019.19203531043,-7.275957614183426e-12,39.91783477648009,57.69906562838319,2.3830995951367147,286080.5685207853,489043.1845431576,18717.465336118476,793841.2184000614,1
China,Male,Prevalence,2011,2012,2720336.8785979794,2752686.8162818765,official_GBD_2023,fine_5_year,20,15164.579748962386,16137.33273180419,1048.025203130053,32349.937683896627,32349.937683896627,0.0,46.87668921387479,49.88365940450372,3.2396513816215045,301245.1482697477,505180.51727496175,19765.490539248527,826191.156083958,1
China,Male,Prevalence,2012,2013,2752686.8162818765,2783095.1212066184,official_GBD_2023,fine_5_year,20,17223.072794326425,12094.368146000741,1090.863984414221,30408.304924741387,30408.304924741387,0.0,56.63937150377974,39.77324015900765,3.5873883372126127,318468.22106407414,517274.8854209625,20856.35452366275,856599.4610086994,1
China,Male,Prevalence,2013,2014,2783095.1212066184,2810752.0878575463,official_GBD_2023,fine_5_year,20,18231.951841850532,8474.764752185438,950.2500568924007,27656.96665092837,27656.96665092837,0.0,65.92173347122481,30.642423152001605,3.435843376773582,336700.1729059247,525749.6501731479,21806.60458055515,884256.4276596277,1
China,Male,Prevalence,2014,2015,2810752.0878575463,2835893.9939452857,official_GBD_2023,fine_5_year,20,19981.707279551694,4543.545339895101,616.653468293526,25141.906087740324,25141.90608774032,-3.637978807091713e-12,79.47570565978353,18.07160254293775,2.4526917972787197,356681.88018547633,530293.1955130431,22423.258048848675,909398.3337473681,1
China,Male,Prevalence,2015,2016,2835893.9939452857,2856528.2905266928,official_GBD_2023,fine_5_year,20,22145.265237238957,-1756.8981864072848,245.92953057540583,20634.296581407078,20634.296581407078,0.0,107.3226080175341,-8.514456402600954,1.1918483850668566,378827.1454227153,528536.2973266358,22669.18757942408,930032.6303287752,1
China,Male,Prevalence,2016,2017,2856528.2905266928,2873328.8826711737,official_GBD_2023,fine_5_year,20,21804.501735347247,-5022.42804876909,18.5184579018193,16800.592144479975,16800.592144479975,0.0,129.7841263440906,-29.89435137510475,0.11022503101418213,400631.64715806255,523513.8692778667,22687.7060373259,946833.2224732551,1
China,Male,Prevalence,2017,2018,2873328.8826711737,2888065.2616067305,official_GBD_2023,fine_5_year,20,19390.748639052887,-4529.681718611003,-124.6879848840957,14736.37893555779,14736.378935557788,-1.8189894035458565e-12,131.58421566009307,-30.738092026672962,-0.8461236334200991,420022.39579711546,518984.1875592557,22563.018052441807,961569.6014088129,1
China,Male,Prevalence,2018,2019,2888065.2616067305,2900956.161785109,official_GBD_2023,fine_5_year,20,16560.085422742257,-3510.5239297155445,-158.6613146487313,12890.900178377982,12890.90017837798,-1.8189894035458565e-12,128.4633748892,-27.23257399513322,-1.2308008940667718,436582.4812198577,515473.6636295401,22404.356737793074,974460.5015871909,1
China,Male,Prevalence,2019,2020,2900956.161785109,2913669.047501868,official_GBD_2023,fine_5_year,20,13012.865611485206,-127.6026037519332,-172.37729097367264,12712.8857167596,12712.8857167596,0.0,102.3596522568447,-1.0037265070645027,-1.3559257497802006,449595.3468313429,515346.0610257882,22231.9794468194,987173.3873039505,1
China,Male,Prevalence,2020,2021,2913669.047501868,2921515.6002062606,official_GBD_2023,fine_5_year,20,8332.8366107118,1962.7192023221094,-2449.003108642374,7846.552704391535,7846.552704391535,0.0,106.19742101583161,25.013777084854354,-31.211198100685966,457928.1834420547,517308.7802281103,19782.976338177028,995019.940008342,1
China,Male,Prevalence,2021,2022,2921515.6002062606,2925835.695224036,official_GBD_2023,fine_5_year,20,3506.1960966171077,3832.358635141825,-3018.459713983505,4320.095017775428,4320.095017775428,0.0,81.16016157493162,88.71005427827939,-69.870215853211,461434.3795386718,521141.1388632521,16764.516624193522,999340.0350261175,1
China,Male,Prevalence,2022,2023,2925835.695224036,2925661.008833469,official_GBD_2023,fine_5_year,20,516.9115359793262,5447.753973876903,-6139.351900423335,-174.68639056710526,-174.68639056710583,-5.684341886080801e-13,-295.90830419085006,-3118.5909538752326,3514.499258066083,461951.2910746511,526588.8928371291,10625.164723770187,999165.3486355504,1
United States of America,Female,DALYs,1990,1991,386308.3580932117,389766.1324478331,official_GBD_2023,fine_5_year,20,4037.9917449985805,279.5371041112521,-859.7544944884722,3457.7743546213605,3457.7743546213605,0.0,116.78008252914918,8.084307286785418,-24.86438981593461,4037.9917449985805,279.5371041112521,-859.7544944884722,3457.7743546213605,1
United States of America,Female,DALYs,1991,1992,389766.1324478331,393715.2242661629,official_GBD_2023,fine_5_year,20,4008.653072820113,-172.107342628636,112.54608813834301,3949.09181832982,3949.09181832982,0.0,101.50822663109116,-4.358149937912179,2.849923306821006,8046.644817818693,107.42976148261613,-747.2084063501293,7406.8661729511805,1
United States of America,Female,DALYs,1992,1993,393715.2242661629,397024.4704552266,official_GBD_2023,fine_5_year,20,4058.7791343763142,-543.3902698158151,-206.14267549673482,3309.246189063764,3309.246189063764,0.0,122.64965803358996,-16.420363997444035,-6.229294036145908,12105.423952195008,-435.960508333199,-953.3510818468641,10716.112362014945,1
United States of America,Female,DALYs,1993,1994,397024.4704552266,400290.0474348204,official_GBD_2023,fine_5_year,20,3789.1525285682487,-199.21714345846942,-324.358405516056,3265.576979593723,3265.576979593723,0.0,116.03317123578158,-6.100518980362681,-9.93265225541889,15894.576480763257,-635.1776517916685,-1277.70948736292,13981.689341608668,1
United States of America,Female,DALYs,1994,1995,400290.0474348204,403319.62935712136,official_GBD_2023,fine_5_year,20,3777.0048682906004,-72.6438625746426,-674.7790834148667,3029.5819223010913,3029.5819223010913,0.0,124.67082802705036,-2.3978180632747708,-22.27300996377561,19671.581349053857,-707.821514366311,-1952.4885707777867,17011.27126390976,1
United States of America,Female,DALYs,1995,1996,403319.62935712136,406941.8693641463,official_GBD_2023,fine_5_year,20,3691.2663658122183,86.53858295205283,-155.56494173925603,3622.240007025015,3622.240007025015,0.0,101.90562631557634,2.389090253109095,-4.294716568685442,23362.847714866075,-621.2829314142582,-2108.0535125170427,20633.511270934774,1
United States of America,Female,DALYs,1996,1997,406941.8693641463,410376.25637494156,official_GBD_2023,fine_5_year,20,3741.533449298547,-163.72806150030615,-143.41837700306013,3434.3870107951807,3434.3870107951807,0.0,108.94326811561785,-4.767315418607916,-4.175952697009932,27104.38116416462,-785.0109929145643,-2251.471889520103,24067.898281729955,1
United States of America,Female,DALYs,1997,1998,410376.25637494156,413525.5910798247,official_GBD_2023,fine_5_year,20,3751.445538525848,-294.69437732044025,-307.4164563221275,3149.33470488328,3149.33470488328,0.0,119.1186675937921,-9.357353375730261,-9.76131421806184,30855.82670269047,-1079.7053702350045,-2558.8883458422306,27217.232986613235,1
United States of America,Female,DALYs,1998,1999,413525.5910798247,416864.8659080628,official_GBD_2023,fine_5_year,20,3844.360324220353,-218.95788265534793,-286.1276133271167,3339.274828237889,3339.2748282378884,-4.547473508864641e-13,115.12560426926566,-6.5570488779113285,-8.56855539135436,34700.187026910826,-1298.6632528903524,-2845.0159591693473,30556.507814851124,1
United States of America,Female,DALYs,1999,2000,416864.8659080628,420223.4959767614,official_GBD_2023,fine_5_year,20,3733.5017089538455,8.072999640775379,-382.9446398960136,3358.630068698607,3358.6300686986074,4.547473508864641e-13,111.16144477324033,0.24036584785008738,-11.401810621090402,38433.68873586467,-1290.590253249577,-3227.960599065361,33915.13788354973,1
United States of America,Female,DALYs,2000,2001,420223.4959767614,424958.3211948544,official_GBD_2023,fine_5_year,20,4328.475237435642,122.20652533256606,284.14345532479155,4734.825218092999,4734.825218092999,0.0,91.4178462363386,2.581014497970973,6.00113926569043,42762.16397330031,-1168.3837279170111,-2943.817143740569,38649.96310164273,1
United States of America,Female,DALYs,2001,2002,424958.3211948544,430623.46454700775,official_GBD_2023,fine_5_year,20,4238.184057594315,-23.770902938287087,1450.730197497275,5665.143352153304,5665.143352153303,-9.094947017729282e-13,74.81159423765322,-0.41959931921672977,25.608005081563505,47000.348030894624,-1192.1546308552981,-1493.0869462432943,44315.106453796034,1
United States of America,Female,DALYs,2002,2003,430623.46454700775,435070.31868373085,official_GBD_2023,fine_5_year,20,3927.158945863475,-40.83434864908728,560.5295395089391,4446.8541367233265,4446.8541367233265,0.0,88.31319456673724,-0.918274973578876,12.605080406841644,50927.5069767581,-1232.9889795043855,-932.5574067343551,48761.96059051936,1
United States of America,Female,DALYs,2003,2004,435070.31868373085,440523.9570761429,official_GBD_2023,fine_5_year,20,4096.348380771835,148.02687145122522,1209.2631401888698,5453.638392411929,5453.63839241193,9.094947017729282e-13,75.11221107859667,2.7142773466093115,22.173511574794023,55023.85535752994,-1084.9621080531601,276.70573345451464,54215.59898293129,1
United States of America,Female,DALYs,2004,2005,440523.9570761429,445083.8698901595,official_GBD_2023,fine_5_year,20,4381.221841578993,-34.456284169592735,213.14725660711215,4559.912814016512,4559.912814016512,0.0,96.08126339854023,-0.7556347144111858,4.674371315870959,59405.07719910893,-1119.418392222753,489.85299006162677,58775.5117969478,1
United States of America,Female,DALYs,2005,2006,445083.8698901595,449741.57916921744,official_GBD_2023,fine_5_year,20,4343.034743288629,231.60969513559635,83.0648406338684,4657.709279058094,4657.709279058094,0.0,93.24400650799957,4.972609522388089,1.7833839696123372,63748.11194239756,-887.8086970871566,572.9178306954952,63433.221076005895,1
United States of America,Female,DALYs,2006,2007,449741.57916921744,453440.798552537,official_GBD_2023,fine_5_year,20,4282.2953486531815,-30.12144569631588,-552.9545196374917,3699.219383319374,3699.2193833193737,-4.547473508864641e-13,115.76213532949762,-0.8142649184890295,-14.947870411008605,68030.40729105074,-917.9301427834724,19.96331105800357,67132.44045932527,1
United States of America,Female,DALYs,2007,2008,453440.798552537,456913.18881141837,official_GBD_2023,fine_5_year,20,4270.846605916895,-106.49299790482232,-691.9633491305771,3472.3902588814963,3472.390258881496,-4.547473508864641e-13,122.99442998934666,-3.0668499208129085,-19.927580068533768,72301.25389696764,-1024.4231406882948,-672.0000380725735,70604.83071820677,1
United States of America,Female,DALYs,2008,2009,456913.18881141837,460035.7997911997,official_GBD_2023,fine_5_year,20,3662.006513164699,466.4702832880139,-1005.8658166714013,3122.6109797813115,3122.6109797813115,0.0,117.27386270258883,14.938469322896015,-32.21233202548484,75963.26041013234,-557.9528574002809,-1677.8658547439748,73727.44169798808,1
United States of America,Female,DALYs,2009,2010,460035.7997911997,462897.5219432732,official_GBD_2023,fine_5_year,20,3775.4571168814628,340.8646961423704,-1254.5996609503152,2861.7221520735184,2861.722152073518,-4.547473508864641e-13,131.92954858129323,11.91117369292438,-43.84072227421763,79738.7175270138,-217.08816125791049,-2932.46551569429,76589.1638500616,1
United States of America,Female,DALYs,2010,2011,462897.5219432732,463918.3500665525,official_GBD_2023,fine_5_year,20,3640.2786475506728,545.9651058759773,-3165.415630147385,1020.8281232792651,1020.8281232792651,0.0,356.6005446496512,53.48256904621143,-310.08311369586266,83378.99617456447,328.87694461806683,-6097.881145841675,77609.99197334086,1
United States of America,Female,DALYs,2011,2012,463918.3500665525,461776.29403708,official_GBD_2023,fine_5_year,20,3477.9799878060094,356.74702436990145,-5976.783041648411,-2142.0560294725,-2142.0560294725005,-4.547473508864641e-13,-162.366433928551,-16.65442077431343,279.0208547028644,86856.97616237048,685.6239689879683,-12074.664187490085,75467.93594386836,1
United States of America,Female,DALYs,2012,2013,461776.29403708,458575.24962576095,official_GBD_2023,fine_5_year,20,3366.023203556465,145.50214639435094,-6712.569761270008,-3201.0444113191916,-3201.044411319192,-4.547473508864641e-13,-105.15390513339624,-4.545458534715788,209.69936366811203,90222.99936592694,831.1261153823192,-18787.233948760095,72266.89153254917,1
United States of America,Female,DALYs,2013,2014,458575.24962576095,456196.16544288903,official_GBD_2023,fine_5_year,20,3331.551064906351,231.93946837261322,-5942.574716150761,-2379.0841828717967,-2379.0841828717967,0.0,-140.0350222531777,-9.74910724229349,249.78412949547118,93554.55043083329,1063.0655837549325,-24729.808664910855,69887.80734967737,1
United States of America,Female,DALYs,2014,2015,456196.16544288903,456399.8515765737,official_GBD_2023,fine_5_year,20,3483.463648105826,-47.93397635308793,-3231.8435380680894,203.68613368464867,203.68613368464867,0.0,1710.2114832711197,-23.533254564741437,-1586.6782287063784,97038.01407893912,1015.1316074018446,-27961.652202978945,70091.49348336202,1
United States of America,Female,DALYs,2015,2016,456399.8515765737,458364.23977264453,official_GBD_2023,fine_5_year,20,3101.9032872649937,216.80884866315557,-1354.3239398572964,1964.3881960708532,1964.3881960708527,-4.547473508864641e-13,157.90683804094246,11.0369655599038,-68.9438036008463,100139.91736620411,1231.940456065,-29315.97614283624,72055.88167943287,1
United States of America,Female,DALYs,2016,2017,458364.23977264453,460088.7276186638,official_GBD_2023,fine_5_year,20,2982.032635287702,-218.51672842787232,-1039.028060840501,1724.4878460193286,1724.4878460193286,0.0,172.92279804529736,-12.671398579716238,-60.251399465581116,103121.95000149182,1013.4237276371277,-30355.00420367674,73780.3695254522,1
United States of America,Female,DALYs,2017,2018,460088.7276186638,461557.033832871,official_GBD_2023,fine_5_year,20,2389.01387228127,-150.97065417421982,-769.7370038999651,1468.3062142070848,1468.3062142070848,0.0,162.7054254191375,-10.281959765167038,-52.42346565397046,105510.96387377309,862.4530734629079,-31124.741207576706,75248.67573965929,1
United States of America,Female,DALYs,2018,2019,461557.033832871,462622.9279184236,official_GBD_2023,fine_5_year,20,2050.5983470857996,12.913889064928906,-997.6181505980106,1065.894085552718,1065.8940855527178,-2.2737367544323206e-13,192.38293699907945,1.2115546225432356,-93.59449162162271,107561.56222085889,875.3669625278369,-32122.359358174715,76314.569825212,1
United States of America,Female,DALYs,2019,2020,462622.9279184236,462058.67470096477,official_GBD_2023,fine_5_year,20,1667.27755318747,-104.43979780627221,-2127.090972840097,-564.2532174588996,-564.2532174588993,3.410605131648481e-13,-295.48392487614217,18.509384541326014,376.9745403348161,109228.83977404636,770.9271647215646,-34249.450331014814,75750.3166077531,1
United States of America,Female,DALYs,2020,2021,462058.67470096477,461712.6815720218,official_GBD_2023,fine_5_year,20,936.0448656448085,209.7290515599986,-1491.7670461477148,-345.9931289429078,-345.99312894290773,5.684341886080802e-14,-270.53857066602757,-60.61653657711969,431.1551072431472,110164.88463969117,980.6562162815633,-35741.21737716253,75404.3234788102,1
United States of America,Female,DALYs,2021,2022,461712.6815720218,462938.2405896978,official_GBD_2023,fine_5_year,20,2010.2416148270327,-403.16485910197173,-381.5177380490737,1225.559017675987,1225.5590176759872,2.2737367544323206e-13,164.02650429997487,-32.89640509246862,-31.130099207506245,112175.1262545182,577.4913571795915,-36122.7351152116,76629.88249648619,1
United States of America,Female,DALYs,2022,2023,462938.2405896978,465493.9030577847,official_GBD_2023,fine_5_year,20,2077.4964067739493,-238.42015196513964,716.5862132781185,2555.662468086928,2555.662468086928,0.0,81.28993686435768,-9.329093921530722,28.039157057173036,114252.62266129215,339.0712052144519,-35406.148901933484,79185.54496457311,1
United States of America,Female,Incidence,1990,1991,31876.000537517666,31923.329573520463,official_GBD_2023,fine_5_year,20,331.9567986600626,-317.00937715289973,32.381614495641166,47.32903600280406,47.329036002804024,-3.552713678800501e-14,701.3808577051842,-669.7989309017792,68.41807319659475,331.9567986600626,-317.00937715289973,32.381614495641166,47.32903600280406,1
United States of America,Female,Incidence,1991,1992,31923.329573520463,31972.517654583273,official_GBD_2023,fine_5_year,20,326.92543484389597,-296.7060848141021,18.968731033012467,49.188081062806305,49.18808106280634,3.552713678800501e-14,664.6436042635164,-603.2072778672742,38.56367360375789,658.8822335039586,-613.7154619670018,51.350345528653634,96.51711706561036,1
United States of America,Female,Incidence,1992,1993,31972.517654583273,32014.62893889863,official_GBD_2023,fine_5_year,20,328.44311640024415,-292.85289630288145,6.521064217994232,42.1112843153569,42.11128431535693,3.552713678800501e-14,779.9408679646217,-695.4261810440333,15.485313079411755,987.3253499042028,-906.5683582698832,57.87140974664786,138.62840138096726,1
United States of America,Female,Incidence,1993,1994,32014.62893889863,32045.030713220356,official_GBD_2023,fine_5_year,20,304.43955331882654,-268.9103592770031,-5.1274197200934095,30.401774321730045,30.401774321730006,-3.907985046680551e-14,1001.3874522488794,-884.5219243825388,-16.86552786634076,1291.7649032230293,-1175.4787175468864,52.74399002655446,169.0301757026973,1
United States of America,Female,Incidence,1994,1995,32045.030713220356,32071.38875631654,official_GBD_2023,fine_5_year,20,301.35436431165544,-258.38735271262334,-16.608968502850985,26.358043096181063,26.35804309618112,5.684341886080802e-14,1143.3108414460319,-980.297937027276,-63.01290441875561,1593.1192675346847,-1433.8660702595098,36.13502152370347,195.38821879887837,1
United States of America,Female,Incidence,1995,1996,32071.38875631654,32106.694047652658,official_GBD_2023,fine_5_year,20,292.37587534248814,-201.06677629113798,-56.00380771523305,35.30529133611708,35.30529133611711,2.842170943040401e-14,828.1361356261903,-569.5088998895981,-158.62723573659207,1885.4951428771728,-1634.9328465506478,-19.86878619152958,230.69351013499545,1
United States of America,Female,Incidence,1996,1997,32106.694047652658,32180.141349192232,official_GBD_2023,fine_5_year,20,294.2959041973512,-119.26867631957673,-101.57992633819654,73.4473015395779,73.44730153957794,4.263256414560601e-14,400.6898797211312,-162.38673691137242,-138.30314280975875,2179.791047074524,-1754.2015228702244,-121.44871252972612,304.14081167457334,1
United States of America,Female,Incidence,1997,1998,32180.141349192232,32304.651562182917,official_GBD_2023,fine_5_year,20,293.6162759154122,-54.47480181453829,-114.6312611102003,124.51021299067361,124.51021299067361,0.0,235.81702164255827,-43.7512718885307,-92.06574975402758,2473.4073229899363,-1808.6763246847627,-236.07997363992644,428.65102466524695,1
United States of America,Female,Incidence,1998,1999,32304.651562182917,32475.70854339285,official_GBD_2023,fine_5_year,20,299.9050221969683,-33.762208725753226,-95.08583226127666,171.05698120993839,171.05698120993839,0.0,175.32463163774332,-19.73740474486501,-55.587226892878306,2773.3123451869046,-1842.438533410516,-331.1658059012031,599.7080058751853,1
United States of America,Female,Incidence,1999,2000,32475.70854339285,32698.345746148683,official_GBD_2023,fine_5_year,20,290.68300827725636,-24.382753184599395,-43.663052336821536,222.63720275583546,222.63720275583543,-2.842170943040401e-14,130.56353775520898,-10.951787429408093,-19.611750325800884,3063.995353464161,-1866.8212865951155,-374.8288582380246,822.3452086310208,1
United States of America,Female,Incidence,2000,2001,32698.345746148683,33133.231420396696,official_GBD_2023,fine_5_year,20,337.1448900663436,74.23822505146927,23.502559130192825,434.88567424800567,434.88567424800567,0.0,77.5249473667595,17.070745128553686,5.404307504686815,3401.1402435305044,-1792.5830615436462,-351.3262991078318,1257.2308828790265,1
United States of America,Female,Incidence,2001,2002,33133.231420396696,33594.32349885111,official_GBD_2023,fine_5_year,20,330.53841756419934,63.81587236685664,66.73778852336545,461.0920784544214,461.0920784544214,0.0,71.68598920028352,13.840158039749275,14.47385275996721,3731.678661094704,-1728.7671891767895,-284.58851058446635,1718.322961333448,1
United States of America,Female,Incidence,2002,2003,33594.32349885111,34036.50676899732,official_GBD_2023,fine_5_year,20,306.7988526607393,52.56963050268921,82.81478698278322,442.1832701462117,442.1832701462117,0.0,69.3827363842358,11.888652070736779,18.728611545027427,4038.477513755443,-1676.1975586741003,-201.77372360168312,2160.5062314796596,1
United States of America,Female,Incidence,2003,2004,34036.50676899732,34503.76477944762,official_GBD_2023,fine_5_year,20,320.65329295330474,75.68220376104242,70.92251373595961,467.25801045030676,467.25801045030676,0.0,68.6244613857522,16.1970907011537,15.178447913094102,4359.1308067087475,-1600.5153549130578,-130.85120986572352,2627.7642419299664,1
United States of America,Female,Incidence,2004,2005,34503.76477944762,34900.79848133057,official_GBD_2023,fine_5_year,20,343.35300256087186,23.563632735918265,30.117066586147608,397.03370188293775,397.03370188293775,0.0,86.47956103789566,5.934920039323466,7.585518922780865,4702.48380926962,-1576.9517221771396,-100.7341432795759,3024.797943812904,1
United States of America,Female,Incidence,2005,2006,34900.79848133057,35266.293506274196,official_GBD_2023,fine_5_year,20,340.5560095092175,42.840707389716655,-17.90169195530446,365.4950249436297,365.4950249436297,0.0,93.17664708616526,11.721283318787712,-4.897930404952965,5043.039818778837,-1534.1110147874228,-118.63583523488037,3390.292968756534,1
United States of America,Female,Incidence,2006,2007,35266.293506274196,35561.16529540296,official_GBD_2023,fine_5_year,20,335.81714682724487,6.770455333782593,-47.715813032260485,294.871789128767,294.871789128767,0.0,113.88581722905936,2.29606750574095,-16.181884734800303,5378.856965606082,-1527.3405594536403,-166.35164826714086,3685.164757885301,1
United States of America,Female,Incidence,2007,2008,35561.16529540296,35814.95144180835,official_GBD_2023,fine_5_year,20,334.8572168589453,-14.986431803285084,-66.0846386502817,253.78614640537853,253.78614640537853,0.0,131.94463984809875,-5.905141795780652,-26.0394980523181,5713.714182465027,-1542.3269912569253,-232.43628691742256,3938.9509042906793,1
United States of America,Female,Incidence,2008,2009,35814.95144180835,36051.56401882221,official_GBD_2023,fine_5_year,20,287.01313084506063,22.942323395053485,-73.34287722624626,236.61257701386785,236.61257701386785,0.0,121.30087693023977,9.696155497984723,-30.997032428224486,6000.727313310088,-1519.384667861872,-305.7791641436688,4175.563481304547,1
United States of America,Female,Incidence,2009,2010,36051.56401882221,36249.96212323641,official_GBD_2023,fine_5_year,20,295.76647800725914,-28.904194604954682,-68.46417898809887,198.3981044142056,198.3981044142056,0.0,149.07727010827318,-14.568785669751136,-34.50848443852205,6296.493791317347,-1548.2888624668267,-374.2433431317677,4373.961585718753,1
United States of America,Female,Incidence,2010,2011,36249.96212323641,36321.73260793736,official_GBD_2023,fine_5_year,20,285.04219201034965,-29.630937953950102,-183.64076935546228,71.77048470093723,71.77048470093726,2.842170943040401e-14,397.1579587320627,-41.28568739283317,-255.87227133922948,6581.535983327697,-1577.9198004207767,-557.8841124872299,4445.73207041969,1
United States of America,Female,Incidence,2011,2012,36321.73260793736,36194.472299051034,official_GBD_2023,fine_5_year,20,272.4541533113976,-43.37964105488694,-356.3348211428286,-127.26030888631794,-127.26030888631797,-2.842170943040401e-14,-214.09201006637647,34.0873296902321,280.00468037614434,6853.990136639094,-1621.2994414756636,-914.2189336300586,4318.471761533372,1
United States of America,Female,Incidence,2012,2013,36194.472299051034,35958.62010676169,official_GBD_2023,fine_5_year,20,263.88552466662685,-81.64301079528498,-418.094706160676,-235.8521922893342,-235.85219228933414,5.684341886080802e-14,-111.88597490028944,34.61617634451689,177.26979855577252,7117.875661305721,-1702.9424522709487,-1332.3136397907347,4082.619569244038,1
United States of America,Female,Incidence,2013,2014,35958.62010676169,35767.06620745882,official_GBD_2023,fine_5_year,20,261.2194114087809,-86.06557975147977,-366.70773096018337,-191.5538993028822,-191.55389930288226,-5.684341886080802e-14,-136.36862123894676,44.930215497933645,191.43840574101316,7379.095072714502,-1789.0080320224283,-1699.0213707509179,3891.0656699411556,1
United States of America,Female,Incidence,2014,2015,35767.06620745882,35703.087094552124,official_GBD_2023,fine_5_year,20,272.80698799290496,-134.3947415572232,-202.39135934238342,-63.97911290670163,-63.97911290670166,-2.842170943040401e-14,-426.4000790238047,210.0603391503819,316.33973987342284,7651.902060707407,-1923.4027735796517,-1901.4127300933014,3827.086557034454,1
United States of America,Female,Incidence,2015,2016,35703.087094552124,35748.2083804256,official_GBD_2023,fine_5_year,20,242.2865637794227,-123.2276744329732,-73.93760347296242,45.12128587348707,45.12128587348707,0.0,536.9673294745097,-273.103197409941,-163.86413206456868,7894.18862448683,-2046.6304480126248,-1975.3503335662638,3872.207842907941,1
United States of America,Female,Incidence,2016,2017,35748.2083804256,35764.08086224515,official_GBD_2023,fine_5_year,20,232.1860958075255,-159.36290716077323,-56.95070682721175,15.872481819540553,15.872481819540525,-2.842170943040401e-14,1462.821620760542,-1004.0200957394209,-358.8015250211214,8126.374720294355,-2205.993355173398,-2032.3010403934757,3888.0803247274816,1
United States of America,Female,Incidence,2017,2018,35764.08086224515,35753.54784461581,official_GBD_2023,fine_5_year,20,185.38266030267914,-152.55363082924669,-43.3620471027607,-10.533017629328242,-10.533017629328242,0.0,-1760.0147158825384,1448.3373729905738,411.6773428919645,8311.757380597035,-2358.5469860026446,-2075.663087496236,3877.5473070981534,1
United States of America,Female,Incidence,2018,2019,35753.54784461581,35737.88665795396,official_GBD_2023,fine_5_year,20,158.6277860726647,-140.67860234594747,-33.610370388586794,-15.661186661869579,-15.661186661869571,7.105427357601002e-15,-1012.8720734736984,898.2627267220998,214.6093467515986,8470.3851666697,-2499.2255883485923,-2109.273457884823,3861.886120436284,1
United States of America,Female,Incidence,2019,2020,35737.88665795396,35698.504630940304,official_GBD_2023,fine_5_year,20,128.80572780490184,-140.11964924525822,-28.068105573285724,-39.38202701364207,-39.3820270136421,-2.842170943040401e-14,-327.0672882334956,355.79592994723276,71.27135828626301,8599.190894474601,-2639.3452375938505,-2137.341563458109,3822.5040934226417,1
United States of America,Female,Incidence,2020,2021,35698.504630940304,35625.498151893466,official_GBD_2023,fine_5_year,20,72.27137269753925,-89.9857112161905,-55.29214052818739,-73.00647904683865,-73.00647904683863,1.4210854715202004e-14,-98.99309436792893,123.25715798245594,75.735936385473,8671.46226717214,-2729.330948810041,-2192.633703986296,3749.497614375803,1
United States of America,Female,Incidence,2021,2022,35625.498151893466,35677.304965663316,official_GBD_2023,fine_5_year,20,155.01586327197703,-69.96088025262968,-33.248169249497245,51.80681376985012,51.8068137698501,-2.1316282072803006e-14,299.21906404170954,-135.04185098784174,-64.17721305386782,8826.478130444117,-2799.2918290626703,-2225.8818732357936,3801.304428145653,1
United States of America,Female,Incidence,2022,2023,35677.304965663316,36070.98539056532,official_GBD_2023,fine_5_year,20,160.54659177327386,-42.96718068422948,276.10101381296164,393.68042490200605,393.680424902006,-5.684341886080802e-14,40.780943531352044,-10.91422838586012,70.13328485450808,8987.024722217391,-2842.2590097469,-1949.7808594228318,4194.984853047659,1
United States of America,Female,Prevalence,1990,1991,625835.9820013104,632391.2828289769,official_GBD_2023,fine_5_year,20,6546.661527897717,530.094143388172,-521.4548436192368,6555.3008276666515,6555.300827666652,9.094947017729282e-13,99.86820895034332,8.086496063627001,-7.954705013970318,6546.661527897717,530.094143388172,-521.4548436192368,6555.3008276666515,1
United States of America,Female,Prevalence,1991,1992,632391.2828289769,638173.0036682333,official_GBD_2023,fine_5_year,20,6500.822026355347,-149.52391883249706,-569.5772682663131,5781.720839256537,5781.720839256536,-9.094947017729282e-13,112.43749407989884,-2.586149054746201,-9.851345025152654,13047.483554253064,380.57022455567494,-1091.03211188555,12337.021666923189,1
United States of America,Female,Prevalence,1992,1993,638173.0036682333,643461.3601324924,official_GBD_2023,fine_5_year,20,6578.505728749675,-724.8780427483725,-565.271221742325,5288.356464258977,5288.356464258977,0.0,124.39603444302762,-13.707057148046184,-10.688977294981433,19625.98928300274,-344.3078181926976,-1656.303333627875,17625.378131182166,1
United States of America,Female,Prevalence,1993,1994,643461.3601324924,648893.1491612307,official_GBD_2023,fine_5_year,20,6141.771718440733,-195.89877077729517,-514.0839189251612,5431.789028738276,5431.789028738276,0.0,113.0708811764616,-3.606523923164953,-9.464357253296624,25767.761001443472,-540.2065889699927,-2170.387252553036,23057.167159920442,1
United States of America,Female,Prevalence,1994,1995,648893.1491612307,654625.890109144,official_GBD_2023,fine_5_year,20,6126.600464108595,21.31075319463465,-415.1702693897338,5732.740947913495,5732.740947913496,9.094947017729282e-13,106.87035259003723,0.37173759268489137,-7.242090182722113,31894.361465552065,-518.8958357753581,-2585.55752194277,28789.908107833937,1
United States of America,Female,Prevalence,1995,1996,654625.890109144,660212.2724505869,official_GBD_2023,fine_5_year,20,5989.93179848408,254.50374476002378,-658.0532018014734,5586.38234144263,5586.382341442631,9.094947017729282e-13,107.2238066135881,4.555788150624517,-11.779594764212602,37884.29326403615,-264.39209101533436,-3243.6107237442434,34376.29044927657,1
United States of America,Female,Prevalence,1996,1997,660212.2724505869,665083.7605682723,official_GBD_2023,fine_5_year,20,6066.989689703216,-119.56988347141305,-1075.9316885461449,4871.488117685658,4871.488117685658,0.0,124.54078801254504,-2.4544837343915806,-22.08630427815346,43951.28295373936,-383.9619744867474,-4319.542412290388,39247.778566962224,1
United States of America,Female,Prevalence,1997,1998,665083.7605682723,669667.5634984007,official_GBD_2023,fine_5_year,20,6077.485721817279,-314.0254482071808,-1179.6573434819197,4583.802930128179,4583.802930128179,0.0,132.58610403757766,-6.850762412650222,-25.735341624927415,50028.76867555664,-697.9874226939281,-5499.199755772308,43831.5814970904,1
United States of America,Female,Prevalence,1998,1999,669667.5634984007,674735.717134118,official_GBD_2023,fine_5_year,20,6224.019358298352,-198.28662310474704,-957.5790994763763,5068.15363571723,5068.153635717229,-9.094947017729282e-13,122.80644600896255,-3.912403556737998,-18.894042452224568,56252.788033854995,-896.2740457986752,-6456.7788552486845,48899.73513280763,1
United States of America,Female,Prevalence,1999,2000,674735.717134118,680569.6428562739,official_GBD_2023,fine_5_year,20,6044.796217081777,186.9783990498399,-397.8488939754316,5833.925722156186,5833.925722156186,0.0,103.61455570345615,3.2050185064874936,-6.819574209943642,62297.58425093677,-709.2956467488352,-6854.627749224116,54733.66085496382,1
United States of America,Female,Prevalence,2000,2001,680569.6428562739,688408.8771759957,official_GBD_2023,fine_5_year,20,7011.01329921157,303.06557767960476,525.1554428305244,7839.234319721698,7839.234319721699,9.094947017729282e-13,89.43492455090268,3.8660099356535618,6.6990655134437675,69308.59755014833,-406.23006906923047,-6329.472306393592,62572.89517468552,1
United States of America,Female,Prevalence,2001,2002,688408.8771759957,696625.8504299587,official_GBD_2023,fine_5_year,20,6860.893882175811,108.45228606056965,1247.6270857263203,8216.9732539627,8216.9732539627,0.0,83.49660720712569,1.319856870755514,15.183535922118795,76169.49143232415,-297.77778300866083,-5081.845220667271,70789.86842864822,1
United States of America,Female,Prevalence,2002,2003,696625.8504299587,704571.3630048821,official_GBD_2023,fine_5_year,20,6356.416164642238,114.06201454803038,1475.034395733654,7945.512574923923,7945.512574923922,-9.094947017729282e-13,80.00007683208656,1.4355526276304773,18.56437054028295,82525.90759696638,-183.71576846063044,-3606.8108249336174,78735.38100357214,1
United States of America,Female,Prevalence,2003,2004,704571.3630048821,712817.1508225384,official_GBD_2023,fine_5_year,20,6631.058412156999,407.57715218618983,1207.1522533127572,8245.787817655946,8245.787817655946,0.0,80.41752418075231,4.942852777674953,14.639623041572733,89156.96600912338,223.8613837255594,-2399.65857162086,86981.16882122809,1
United States of America,Female,Prevalence,2004,2005,712817.1508225384,720510.752050397,official_GBD_2023,fine_5_year,20,7090.877657823769,149.3693778962285,453.3541921386883,7693.601227858686,7693.601227858686,0.0,92.16591096699369,1.9414754348764394,5.89261359812988,96247.84366694716,373.2307616217879,-1946.3043794821715,94674.77004908677,1
United States of America,Female,Prevalence,2005,2006,720510.752050397,727695.307265097,official_GBD_2023,fine_5_year,20,7028.873641592296,545.7937402295842,-390.1121671218231,7184.555214700056,7184.555214700057,9.094947017729282e-13,97.83310770875244,7.596764502732967,-5.429872211485394,103276.71730853946,919.0245018513721,-2336.416546603995,101859.32526378683,1
United States of America,Female,Prevalence,2006,2007,727695.307265097,733851.7917411214,official_GBD_2023,fine_5_year,20,6929.674752511161,179.62359774341652,-952.8138742302934,6156.484476024285,6156.484476024284,-9.094947017729282e-13,112.55895762424117,2.9176325944285217,-15.476590218669706,110206.39206105062,1098.6480995947886,-3289.2304208342885,108015.80973981111,1
United States of America,Female,Prevalence,2007,2008,733851.7917411214,739440.1162582786,official_GBD_2023,fine_5_year,20,6911.832230469911,74.8216108174529,-1398.3293241299687,5588.324517157394,5588.324517157395,9.094947017729282e-13,123.6834441029517,1.338891658631026,-25.022335761582703,117118.22429152053,1173.4697104122415,-4687.559744964257,113604.13425696851,1
United States of America,Female,Prevalence,2008,2009,739440.1162582786,744609.6205394687,official_GBD_2023,fine_5_year,20,5926.814044389447,983.079087460918,-1740.388850660374,5169.504281189991,5169.504281189991,0.0,114.64956255003096,19.0168928003019,-33.66645535033285,123045.03833590998,2156.5487978731594,-6427.948595624631,118773.6385381585,1
United States of America,Female,Prevalence,2009,2010,744609.6205394687,749564.1664284262,official_GBD_2023,fine_5_year,20,6112.239234167889,820.40080777449,-1978.0941529850436,4954.545888957335,4954.545888957335,0.0,123.36628565275407,16.558546961952555,-39.92483261470661,129157.27757007786,2976.9496056476496,-8406.042748609674,123728.18442711583,1
United States of America,Female,Prevalence,2010,2011,749564.1664284262,751630.3921715223,official_GBD_2023,fine_5_year,20,5896.271841769087,1123.9485331713609,-4953.994631844475,2066.2257430959726,2066.225743095972,-4.547473508864641e-13,285.36435873334364,54.39621188182803,-239.7605706151717,135053.54941184694,4100.8981388190105,-13360.037380454149,125794.4101702118,1
United States of America,Female,Prevalence,2011,2012,751630.3921715223,749108.4864905686,official_GBD_2023,fine_5_year,20,5638.489066501983,835.421756908317,-8995.816504363826,-2521.905680953525,-2521.9056809535255,-4.547473508864641e-13,-223.58048951180785,-33.126605932084125,356.707095443892,140692.03847834893,4936.319895727327,-22355.853884817974,123272.50448925828,1
United States of America,Female,Prevalence,2012,2013,749108.4864905686,744712.8901352666,official_GBD_2023,fine_5_year,20,5463.371203844824,507.9183762534327,-10366.885935400282,-4395.5963553020265,-4395.596355302025,1.8189894035458565e-12,-124.29192223837464,-11.555164196111294,235.8470864344859,146155.40968219374,5444.23827198076,-32722.739820218256,118876.90813395625,1
United States of America,Female,Prevalence,2013,2014,744712.8901352666,741740.9014188912,official_GBD_2023,fine_5_year,20,5413.583057835,634.2965882716235,-9019.868362481939,-2971.9887163753156,-2971.9887163753156,0.0,-182.15355354503131,-21.342496516784276,303.4960500618156,151568.99274002874,6078.534860252384,-41742.60818270019,115904.91941758094,1
United States of America,Female,Prevalence,2014,2015,741740.9014188912,742698.3748927852,official_GBD_2023,fine_5_year,20,5666.224643931957,203.18255340796895,-4911.933723445982,957.4734738939442,957.4734738939442,0.0,591.7892034009063,21.22069790420896,-513.0099013051152,157235.2173839607,6281.717413660353,-46654.54190614617,116862.39289147488,1
United States of America,Female,Prevalence,2015,2016,742698.3748927852,746648.852033763,official_GBD_2023,fine_5_year,20,5050.263365912406,612.8099864942293,-1712.59621142889,3950.477140977746,3950.477140977745,-9.094947017729282e-13,127.8393263822927,15.512303061765303,-43.35162944405802,162285.48074987312,6894.527400154582,-48367.138117575065,120812.87003245263,1
United States of America,Female,Prevalence,2016,2017,746648.852033763,750126.4530200466,official_GBD_2023,fine_5_year,20,4859.714465321662,-61.842613771577206,-1320.2708652661142,3477.600986283971,3477.6009862839705,-4.547473508864641e-13,139.74330248032751,-1.7783125210595196,-37.96498995926799,167145.19521519478,6832.684786383004,-49687.40898284118,124290.4710187366,1
United States of America,Female,Prevalence,2017,2018,750126.4530200466,753093.5562447091,official_GBD_2023,fine_5_year,20,3896.5197484189607,53.06744065061987,-982.4839644072151,2967.1032246623654,2967.1032246623654,0.0,131.3240373988794,1.7885269447158705,-33.112564343595245,171041.71496361375,6885.752227033625,-50669.892947248394,127257.57424339897,1
United States of America,Female,Prevalence,2018,2019,753093.5562447091,756068.1912901178,official_GBD_2023,fine_5_year,20,3348.5685549137224,329.74442403767415,-703.6779335426593,2974.635045408737,2974.6350454087374,4.547473508864641e-13,112.5707356968762,11.085206050625443,-23.655941747501625,174390.28351852746,7215.496651071298,-51373.570880791056,130232.2092888077,1
United States of America,Female,Prevalence,2019,2020,756068.1912901178,758461.0258689336,official_GBD_2023,fine_5_year,20,2730.810938183296,151.12825530722813,-489.1046146749092,2392.834578815615,2392.834578815615,0.0,114.1245183582632,6.315867241522075,-20.440385599785262,177121.09445671077,7366.624906378527,-51862.67549546596,132625.04386762332,1
United States of America,Female,Prevalence,2020,2021,758461.0258689336,759987.4287954769,official_GBD_2023,fine_5_year,20,1538.6215650828285,618.5240664522474,-630.7427049916976,1526.4029265433783,1526.4029265433783,0.0,100.80048579093857,40.52167718604474,-41.32216297698331,178659.71602179357,7985.148972830774,-52493.418200457665,134151.4467941667,1
United States of America,Female,Prevalence,2021,2022,759987.4287954769,762473.0912795641,official_GBD_2023,fine_5_year,20,3309.9183781239944,-442.30712425000576,-381.94876978682197,2485.6624840871664,2485.662484087167,4.547473508864641e-13,133.16041092922265,-17.79433559791761,-15.366075331305032,181969.6343999176,7542.841848580769,-52875.36697024448,136637.10927825386,1
United States of America,Female,Prevalence,2022,2023,762473.0912795641,767642.2629328287,official_GBD_2023,fine_5_year,20,3423.8355011585127,-192.42207276266222,1937.7582248687006,5169.171653264551,5169.171653264551,0.0,66.23567044820838,-3.7224933832704026,37.48682293506202,185393.46990107608,7350.419775818106,-50937.60874537579,141806.2809315184,1
United States of America,Male,DALYs,1990,1991,386160.0774142718,391278.89945176186,official_GBD_2023,fine_5_year,20,4526.193269070238,644.6657993911649,-52.03703097125981,5118.822037490143,5118.822037490143,0.0,88.42255573490337,12.594026412124633,-1.0165821470280019,4526.193269070238,644.6657993911649,-52.03703097125981,5118.822037490143,1
United States of America,Male,DALYs,1991,1992,391278.89945176186,396005.86656731786,official_GBD_2023,fine_5_year,20,4573.116217538734,131.56731206707386,22.283585950082244,4726.96711555589,4726.967115555891,9.094947017729282e-13,96.74525135766545,2.783334617118477,0.47141402521607556,9099.309486608972,776.2331114582388,-29.753445021177566,9845.789153046033,1
United States of America,Male,DALYs,1992,1993,396005.86656731786,400204.9244980886,official_GBD_2023,fine_5_year,20,4495.2879374754175,-139.8805022027324,-156.34950450194688,4199.057930770738,4199.0579307707385,9.094947017729282e-13,107.05467777745821,-3.3312353510935564,-3.723442426364642,13594.59742408439,636.3526092555064,-186.10294952312444,14044.84708381677,1
United States of America,Male,DALYs,1993,1994,400204.9244980886,404849.9868029491,official_GBD_2023,fine_5_year,20,4353.8064270920295,99.22738745444803,192.02849031402727,4645.062304860505,4645.062304860505,0.0,93.7297745723731,2.1361906674667934,4.134034760160102,17948.40385117642,735.5799967099545,5.925540790902829,18689.909388677275,1
United States of America,Male,DALYs,1994,1995,404849.9868029491,409512.1493837446,official_GBD_2023,fine_5_year,20,4310.692051515546,278.0000365847178,73.470492695206,4662.16258079547,4662.16258079547,0.0,92.46121251267142,5.962898800008917,1.5758886873196578,22259.095902691966,1013.5800332946721,79.39603348610883,23352.071969472745,1
United States of America,Male,DALYs,1995,1996,409512.1493837446,414230.92845229636,official_GBD_2023,fine_5_year,20,4243.989643562042,332.6971378197583,142.09228716998282,4718.779068551783,4718.779068551783,0.0,89.93829933352959,7.050491938412891,3.011208728057524,26503.085546254006,1346.2771711144305,221.48832065609167,28070.851038024528,1
United States of America,Male,DALYs,1996,1997,414230.92845229636,418521.3988160477,official_GBD_2023,fine_5_year,20,4284.273535619558,-16.08688005390771,22.283708185753007,4290.470363751403,4290.470363751403,0.0,99.85556762763822,-0.37494443942136996,0.5193768117831512,30787.359081873565,1330.190291060523,243.77202884184464,32361.32140177593,1
United States of America,Male,DALYs,1997,1998,418521.3988160477,422351.20447561506,official_GBD_2023,fine_5_year,20,4250.336801085388,-206.4840633632557,-214.04707815489382,3829.8056595672388,3829.8056595672388,0.0,110.980482533562,-5.3915023820448384,-5.58898015151716,35037.69588295896,1123.7062276972672,29.72495068695082,36191.12706134317,1
United States of America,Male,DALYs,1998,1999,422351.20447561506,426733.6664765475,official_GBD_2023,fine_5_year,20,4234.020920990918,-119.81712348903721,268.2582034306057,4382.462000932486,4382.462000932486,0.0,96.61283817383965,-2.734013973504914,6.12117579966527,39271.71680394987,1003.8891042082299,297.9831541175565,40573.589062275656,1
United States of America,Male,DALYs,1999,2000,426733.6664765475,430838.1484896812,official_GBD_2023,fine_5_year,20,4127.365266084254,-14.335332684985284,-8.547920265564851,4104.482013133704,4104.482013133704,0.0,100.5575186558822,-0.3492604581799713,-0.20825819770223955,43399.08207003413,989.5537715232446,289.43523385199165,44678.07107540936,1
United States of America,Male,DALYs,2000,2001,430838.1484896812,436177.56730538886,official_GBD_2023,fine_5_year,20,5203.479509350475,40.942581698046226,94.99672465926658,5339.418815707788,5339.418815707788,0.0,97.45404301386887,0.7667984683576262,1.77915851777351,48602.5615793846,1030.4963532212907,384.43195851125824,50017.48989111715,1
United States of America,Male,DALYs,2001,2002,436177.56730538886,441114.030966956,official_GBD_2023,fine_5_year,20,4895.666637872782,-216.81487201448184,257.6118957087165,4936.463661567017,4936.463661567017,0.0,99.17355770261491,-4.392109146928406,5.218551444313497,53498.22821725738,813.6814812068089,642.0438542199747,54953.953552684165,1
United States of America,Male,DALYs,2002,2003,441114.030966956,445312.6494127891,official_GBD_2023,fine_5_year,20,4329.526733846151,-305.0915189944402,174.18323098126956,4198.618445832981,4198.61844583298,-9.094947017729282e-13,103.11788960349787,-7.266474030219049,4.148584426721172,57827.75495110353,508.5899622123688,816.2270852012443,59152.571998517145,1
United States of America,Male,DALYs,2003,2004,445312.6494127891,450289.4006238836,official_GBD_2023,fine_5_year,20,4599.995096400855,-205.6405795838703,582.396694277743,4976.751211094728,4976.751211094727,-9.094947017729282e-13,92.42967754036074,-4.1320245047699675,11.70234696440922,62427.75004750439,302.9493826284985,1398.6237794789872,64129.32320961187,1
United States of America,Male,DALYs,2004,2005,450289.4006238836,454782.22169189545,official_GBD_2023,fine_5_year,20,4609.300697016869,-257.2796414985884,140.80001249346728,4492.821068011748,4492.821068011748,0.0,102.59257217774461,-5.726460894033442,3.1338887162888254,67037.05074452126,45.66974112991011,1539.4237919724544,68622.14427762362,1
United States of America,Male,DALYs,2005,2006,454782.22169189545,459294.0437840054,official_GBD_2023,fine_5_year,20,4645.869026781787,-138.2419103042921,4.194975632388378,4511.822092109884,4511.822092109884,0.0,102.97101552178488,-3.063992938596686,0.092977416811811,71682.91977130304,-92.572169174382,1543.6187676048428,73133.9663697335,1
United States of America,Male,DALYs,2006,2007,459294.0437840054,463113.11439266003,official_GBD_2023,fine_5_year,20,4433.0054365583155,-452.25581542689656,-161.67901247683523,3819.0706086545833,3819.070608654584,4.547473508864641e-13,116.07550346182299,-11.842038594468965,-4.233464867354023,76115.92520786136,-544.8279846012786,1381.9397551280076,76953.03697838809,1
United States of America,Male,DALYs,2007,2008,463113.11439266003,467106.0335914892,official_GBD_2023,fine_5_year,20,4317.557155455443,-448.53316921716515,123.89521259093696,3992.919198829215,3992.9191988292146,-4.547473508864641e-13,108.13034124811283,-11.233214269617124,3.1028730215042906,80433.4823633168,-993.3611538184437,1505.8349677189447,80945.9561772173,1
United States of America,Male,DALYs,2008,2009,467106.0335914892,470811.2447053379,official_GBD_2023,fine_5_year,20,3917.392809646224,-36.4488035228084,-175.73289227457525,3705.21111384884,3705.2111138488403,4.547473508864641e-13,105.7265750662444,-0.9837173214388503,-4.742857744805538,84350.87517296303,-1029.8099573412521,1330.1020754443693,84651.16729106614,1
United States of America,Male,DALYs,2009,2010,470811.2447053379,474160.92636413476,official_GBD_2023,fine_5_year,20,3882.266912081619,72.2544529112832,-604.8397061960519,3349.6816587968497,3349.68165879685,4.547473508864641e-13,115.89957815501981,2.1570543195210914,-18.05663247454089,88233.14208504464,-957.5555044299689,725.2623692483174,88000.848949863,1
United States of America,Male,DALYs,2010,2011,474160.92636413476,477166.82525805425,official_GBD_2023,fine_5_year,20,3898.627600580861,350.0544554008229,-1242.7831620623183,3005.898893919366,3005.8988939193655,-4.547473508864641e-13,129.6992260274421,11.64558316013051,-41.344809187572636,92131.7696856255,-607.501049029146,-517.5207928140009,91006.74784378236,1
United States of America,Male,DALYs,2011,2012,477166.82525805425,478982.60448428546,official_GBD_2023,fine_5_year,20,3973.3901654115375,88.24310347335025,-2245.8540426536733,1815.7792262312141,1815.7792262312144,2.2737367544323206e-13,218.8256208690418,4.859792545182126,-123.68541341422392,96105.15985103704,-519.2579455557957,-2763.374835467674,92822.52707001357,1
United States of America,Male,DALYs,2012,2013,478982.60448428546,480440.85895476054,official_GBD_2023,fine_5_year,20,3945.5202089028703,-38.66683488207248,-2448.5989035455473,1458.2544704752509,1458.2544704752506,-2.2737367544323206e-13,270.5645886082564,-2.6515834969098915,-167.91300511134654,100050.68005993991,-557.9247804378682,-5211.973739013221,94280.78154048882,1
United States of America,Male,DALYs,2013,2014,480440.85895476054,482396.62669572036,official_GBD_2023,fine_5_year,20,4097.386445513723,82.09080784666003,-2223.7095124006155,1955.7677409597673,1955.7677409597673,0.0,209.50271137527733,4.197369970238646,-113.70008134551597,104148.06650545364,-475.8339725912082,-7435.683251413837,96236.54928144859,1
United States of America,Male,DALYs,2014,2015,482396.62669572036,484994.68468115776,official_GBD_2023,fine_5_year,20,4286.625330014504,-84.81212288609822,-1603.7552216911283,2598.0579854372772,2598.0579854372772,0.0,164.99344333506184,-3.264443032506973,-61.729000302554894,108434.69183546814,-560.6460954773064,-9039.438473104965,98834.60726688587,1
United States of America,Male,DALYs,2015,2016,484994.68468115776,488042.9258562718,official_GBD_2023,fine_5_year,20,4086.8202766782683,136.3302165278777,-1174.9093180919688,3048.241175114177,3048.241175114177,0.0,134.07142158051815,4.472422249291715,-38.54384382980984,112521.5121121464,-424.3158789494287,-10214.347791196935,101882.84844200005,1
United States of America,Male,DALYs,2016,2017,488042.9258562718,490262.2644389338,official_GBD_2023,fine_5_year,20,3768.539536843115,-143.6092958797429,-1405.5916583015546,2219.338582661818,2219.3385826618173,-4.547473508864641e-13,169.80462405710196,-6.470815088858663,-63.33380896824332,116290.05164898952,-567.9251748291716,-11619.939449498488,104102.18702466186,1
United States of America,Male,DALYs,2017,2018,490262.2644389338,491782.1886117357,official_GBD_2023,fine_5_year,20,3135.0007806488525,-90.2548042263855,-1524.8218036205703,1519.924172801897,1519.9241728018967,-2.2737367544323206e-13,206.26034092672202,-5.9381122980632455,-100.3222286286588,119425.05242963838,-658.179979055557,-13144.761253119059,105622.11119746376,1
United States of America,Male,DALYs,2018,2019,491782.1886117357,493548.05886383535,official_GBD_2023,fine_5_year,20,2709.376817412655,96.19703197002914,-1039.703597282981,1765.870252099703,1765.870252099703,0.0,153.4301183335003,5.4475707858856754,-58.877689119386005,122134.42924705103,-561.9829470855279,-14184.46485040204,107387.98144956346,1
United States of America,Male,DALYs,2019,2020,493548.05886383535,493819.6891318736,official_GBD_2023,fine_5_year,20,2049.934704318187,-10.014434237809231,-1768.2900020421853,271.6302680381923,271.63026803819247,1.7053025658242404e-13,754.67830559662,-3.6867887773100314,-650.9915168193099,124184.36395136922,-571.9973813233372,-15952.754852444225,107659.61171760166,1
United States of America,Male,DALYs,2020,2021,493819.6891318736,496707.32407679805,official_GBD_2023,fine_5_year,20,1168.898091035449,208.55351647922845,1510.183337409942,2887.634944924619,2887.6349449246195,4.547473508864641e-13,40.47942739749476,7.222295077353439,52.29827752515181,125353.26204240466,-363.4438648441087,-14442.571515034284,110547.24666252628,1
United States of America,Male,DALYs,2021,2022,496707.32407679805,500995.6936702033,official_GBD_2023,fine_5_year,20,2420.5626943967554,-184.06225576555397,2051.869154773963,4288.369593405165,4288.369593405165,0.0,56.444824581332696,-4.292126687228933,47.84730210589623,127773.82473680143,-547.5061206096627,-12390.70236026032,114835.61625593144,1
United States of America,Male,DALYs,2022,2023,500995.6936702033,499087.2313822248,official_GBD_2023,fine_5_year,20,2829.2186510514193,-121.0819307875451,-4616.59900824226,-1908.4622879783856,-1908.4622879783863,-6.821210263296962e-13,-148.24598153565725,6.34447594538564,241.90150559027163,130603.04338785284,-668.5880513972078,-17007.30136850258,112927.15396795305,1
United States of America,Male,Incidence,1990,1991,35897.178491570245,35977.17407939833,official_GBD_2023,fine_5_year,20,418.4611022433649,-290.772634775111,-47.69287964015772,79.99558782809618,79.9955878280962,2.842170943040401e-14,523.1052281815877,-363.48584049404957,-59.61938768753812,418.4611022433649,-290.772634775111,-47.69287964015772,79.99558782809618,1
United States of America,Male,Incidence,1991,1992,35977.17407939833,36059.90907320962,official_GBD_2023,fine_5_year,20,418.4568322064103,-294.586342959375,-41.135495435753306,82.73499381128204,82.73499381128201,-2.842170943040401e-14,505.7797347044076,-356.0601498699866,-49.719584834420964,836.9179344497752,-585.358977734486,-88.82837507591103,162.73058163937822,1
United States of America,Male,Incidence,1992,1993,36059.90907320962,36141.51283535622,official_GBD_2023,fine_5_year,20,407.6466730865383,-293.3398934169466,-32.703017523004135,81.60376214658754,81.60376214658758,4.263256414560601e-14,499.5439699878899,-359.46859029613177,-40.07537969175811,1244.5646075363136,-878.6988711514325,-121.53139259891516,244.33434378596576,1
United States of America,Male,Incidence,1993,1994,36141.51283535622,36233.30219588879,official_GBD_2023,fine_5_year,20,391.41834073499075,-276.9319708604938,-22.69700934192345,91.78936053257348,91.78936053257353,4.263256414560601e-14,426.4310574383916,-301.7037805402494,-24.727276898142147,1635.9829482713044,-1155.6308420119262,-144.2284019408386,336.12370431853924,1
United States of America,Male,Incidence,1994,1995,36233.30219588879,36338.365527394606,official_GBD_2023,fine_5_year,20,384.1547122688025,-267.7758674226279,-11.31551334035976,105.06333150581486,105.0633315058148,-5.684341886080802e-14,365.64109167577743,-254.87090841756483,-10.770183258212679,2020.1376605401067,-1423.4067094345542,-155.54391528119837,441.1870358243541,1
United States of America,Male,Incidence,1995,1996,36338.365527394606,36504.40782691612,official_GBD_2023,fine_5_year,20,375.2985093323441,-211.37417191374337,2.117962102925958,166.04229952152673,166.0422995215267,-2.842170943040401e-14,226.02584426608001,-127.30140001845707,1.2755557523770455,2395.436169872451,-1634.7808813482977,-153.4259531782724,607.2293353458808,1
United States of America,Male,Incidence,1996,1997,36504.40782691612,36746.208314472955,official_GBD_2023,fine_5_year,20,376.8574684954559,-147.75117430471315,12.69419336608674,241.80048755682947,241.80048755682952,5.684341886080802e-14,155.85471820311548,-61.10458080444844,5.249862601332957,2772.2936383679066,-1782.5320556530107,-140.7317598121857,849.0298229027103,1
United States of America,Male,Incidence,1997,1998,36746.208314472955,37037.8392241831,official_GBD_2023,fine_5_year,20,372.95617656709146,-98.45504200104553,17.129775144108862,291.6309097101548,291.6309097101548,0.0,127.88636737366555,-33.760153235779335,5.873785862113775,3145.249814934998,-1880.9870976540562,-123.60198466807681,1140.660732612865,1
United States of America,Male,Incidence,1998,1999,37037.8392241831,37338.917806799895,official_GBD_2023,fine_5_year,20,370.8866857159119,-85.13187132164241,15.32376822250808,301.07858261677757,301.07858261677757,0.0,123.18600761715034,-28.275631757573727,5.089624140423386,3516.13650065091,-1966.1189689756986,-108.27821644556873,1441.7393152296427,1
United States of America,Male,Incidence,1999,2000,37338.917806799895,37612.7983427586,official_GBD_2023,fine_5_year,20,360.7341158099953,-93.97296845707753,7.119388605795393,273.88053595871315,273.88053595871315,0.0,131.7122133368306,-34.311663706998054,2.5994503701674603,3876.8706164609052,-2060.0919374327764,-101.15882783977334,1715.6198511883558,1
United States of America,Male,Incidence,2000,2001,37612.7983427586,38109.27553938464,official_GBD_2023,fine_5_year,20,454.4510588359687,44.27125483693696,-2.245117046867866,496.47719662603777,496.47719662603777,0.0,91.53513231309101,8.917077186584958,-0.45220949967596574,4331.321675296874,-2015.8206825958393,-103.4039448866412,2212.0970478143936,1
United States of America,Male,Incidence,2001,2002,38109.27553938464,38562.09927363831,official_GBD_2023,fine_5_year,20,427.8552802500163,32.06867993204287,-7.100225928392319,452.82373425366677,452.8237342536668,5.684341886080802e-14,94.48605448104374,7.081934427509127,-1.567988908552848,4759.17695554689,-1983.7520026637965,-110.50417081503352,2664.9207820680604,1
United States of America,Male,Incidence,2002,2003,38562.09927363831,38943.75963620901,official_GBD_2023,fine_5_year,20,378.55417012868566,12.207796676735597,-9.101604234707338,381.6603625707139,381.6603625707139,0.0,99.18613700906582,3.198602179830435,-2.384739188896252,5137.731125675576,-1971.5442059870609,-119.60577504974086,3046.5811446387743,1
United States of America,Male,Incidence,2003,2004,38943.75963620901,39366.1844040189,official_GBD_2023,fine_5_year,20,402.2136791908888,29.268636246171813,-9.057547627176973,422.42476780988363,422.42476780988363,0.0,95.21545842972658,6.928721627266053,-2.144180056992636,5539.944804866464,-1942.275569740889,-128.66332267691783,3469.005912448658,1
United States of America,Male,Incidence,2004,2005,39366.1844040189,39741.87880767445,official_GBD_2023,fine_5_year,20,402.87747056324224,-19.877911748746556,-7.3051551589451265,375.69440365555056,375.69440365555056,0.0,107.23541970367332,-5.290978932699595,-1.9444407709737253,5942.822275429707,-1962.1534814896356,-135.96847783586296,3844.7003161042085,1
United States of America,Male,Incidence,2005,2006,39741.87880767445,40162.560679275484,official_GBD_2023,fine_5_year,20,406.1221408937623,-5.437575876561216,19.997306583830017,420.68187160103116,420.6818716010311,-5.684341886080802e-14,96.53901637076554,-1.2925624429374358,4.753546072171892,6348.944416323469,-1967.5910573661968,-115.97117125203295,4265.38218770524,1
United States of America,Male,Incidence,2006,2007,40162.560679275484,40552.09186742458,official_GBD_2023,fine_5_year,20,387.9097377124587,-49.20461594966885,50.82606638629537,389.5311881490852,389.5311881490852,0.0,99.5837431030026,-12.631752590459271,13.04800948745668,6736.854154035928,-2016.7956733158655,-65.14510486573757,4654.913375854325,1
United States of America,Male,Incidence,2007,2008,40552.09186742458,40923.18844063004,official_GBD_2023,fine_5_year,20,378.1675460575025,-63.204404023173986,56.13343117113254,371.096573205461,371.096573205461,0.0,101.90542660929573,-17.031794036044705,15.126367426748981,7115.021700093431,-2080.0000773390398,-9.011673694605022,5026.009949059786,1
United States of America,Male,Incidence,2008,2009,40923.18844063004,41258.493188784916,official_GBD_2023,fine_5_year,20,343.2513923983436,-44.252972325345276,36.306328081879954,335.3047481548783,335.3047481548783,0.0,102.36997665174567,-13.197836466337389,10.827859814591694,7458.273092491774,-2124.253049664385,27.29465438727493,5361.314697214664,1
United States of America,Male,Incidence,2009,2010,41258.493188784916,41512.01998303068,official_GBD_2023,fine_5_year,20,340.0524752036193,-79.58645208233307,-6.939228875506766,253.52679424577946,253.52679424577946,0.0,134.12881120326801,-31.391732112219525,-2.737079091048494,7798.325567695393,-2203.839501746718,20.355425511768168,5614.841491460444,1
United States of America,Male,Incidence,2010,2011,41512.01998303068,41707.02108517279,official_GBD_2023,fine_5_year,20,341.03980367280747,-69.69984847910746,-76.33885305159129,195.00110214210872,195.00110214210872,0.0,174.89121852463776,-35.74331001899317,-39.147908505644594,8139.365371368201,-2273.5393502258253,-55.98342753982312,5809.842593602552,1
United States of America,Male,Incidence,2011,2012,41707.02108517279,41836.103957580104,official_GBD_2023,fine_5_year,20,347.172870606127,-84.66246341636239,-133.42753478246473,129.08287240729987,129.08287240729987,0.0,268.95347471869064,-65.58768164782067,-103.36579307087,8486.538241974327,-2358.201813642188,-189.41096232228784,5938.925466009852,1
United States of America,Male,Incidence,2012,2013,41836.103957580104,41913.66975686686,official_GBD_2023,fine_5_year,20,344.40880167073794,-111.57001535729917,-155.27298702667517,77.56579928676365,77.5657992867636,-4.263256414560601e-14,444.0214693043332,-143.83918735217395,-200.1822819521593,8830.947043645067,-2469.771828999487,-344.683949348963,6016.491265296616,1
United States of America,Male,Incidence,2013,2014,41913.66975686686,42022.35415629618,official_GBD_2023,fine_5_year,20,357.1910980947978,-105.94034841528263,-142.5663502502066,108.68439942930854,108.68439942930856,1.4210854715202004e-14,328.6498338035397,-97.47521168775403,-131.17462211578567,9188.138141739864,-2575.7121774147695,-487.2502995991696,6125.175664725924,1
United States of America,Male,Incidence,2014,2015,42022.35415629618,42155.592601452205,official_GBD_2023,fine_5_year,20,373.0025712070674,-142.12842889348758,-97.63569715754419,133.2384451560356,133.2384451560356,0.0,279.95115881924613,-106.67223617555798,-73.27892264368815,9561.140712946932,-2717.840606308257,-584.8859967567138,6258.41410988196,1
United States of America,Male,Incidence,2015,2016,42155.592601452205,42292.71925238328,official_GBD_2023,fine_5_year,20,354.68896705540703,-138.10049878188994,-79.4618173424436,137.12665093107353,137.1266509310735,-2.842170943040401e-14,258.65793749581974,-100.7101813135551,-57.94775618226463,9915.829680002338,-2855.941105090147,-664.3478140991574,6395.540760813034,1
United States of America,Male,Incidence,2016,2017,42292.71925238328,42353.755760213084,official_GBD_2023,fine_5_year,20,326.068121364533,-168.93391418477043,-96.09769934994983,61.03650782981276,61.036507829812734,-2.842170943040401e-14,534.2181801647371,-276.7751960118795,-157.44298415285766,10241.897801366871,-3024.8750192749176,-760.4455134491072,6456.577268642846,1
United States of America,Male,Incidence,2017,2018,42353.755760213084,42350.357612145,official_GBD_2023,fine_5_year,20,270.404057483492,-178.51618836876392,-95.28601718281668,-3.3981480680886307,-3.398148068088588,4.263256414560601e-14,-7957.394794617858,5253.337547153282,2804.057247464575,10512.301858850364,-3203.3912076436814,-855.7315306319239,6453.179120574758,1
United States of America,Male,Incidence,2018,2019,42350.357612145,42336.08663738935,official_GBD_2023,fine_5_year,20,232.864742643252,-170.0121144577303,-77.12360294117266,-14.270974755650968,-14.270974755650968,0.0,-1631.7367708259947,1191.313959758842,540.4228110671526,10745.166601493615,-3373.403322101412,-932.8551335730965,6438.908145819107,1
United States of America,Male,Incidence,2019,2020,42336.08663738935,42302.511889071655,official_GBD_2023,fine_5_year,20,175.7236700325302,-167.92789179146712,-41.37052655876687,-33.57474831770378,-33.57474831770378,0.0,-523.3804535769881,500.1612825282734,123.21917104871467,10920.890271526145,-3541.331213892879,-974.2256601318634,6405.333397501403,1
United States of America,Male,Incidence,2020,2021,42302.511889071655,42351.49413318217,official_GBD_2023,fine_5_year,20,99.898980072058,-123.32440549285579,72.40766953131849,48.982244110520696,48.982244110520696,0.0,203.94937366824544,-251.77369418721148,147.82432051896606,11020.789251598204,-3664.6556193857346,-901.8179906005449,6454.315641611924,1
United States of America,Male,Incidence,2021,2022,42351.49413318217,42569.207097605926,official_GBD_2023,fine_5_year,20,206.0292209071692,-62.29608739172302,73.97983090831863,217.7129644237648,217.7129644237648,0.0,94.63341857131947,-28.613862089750224,33.980443518430754,11226.818472505372,-3726.9517067774577,-827.8381596922263,6672.028606035688,1
United States of America,Male,Incidence,2022,2023,42569.207097605926,42426.252726558676,official_GBD_2023,fine_5_year,20,240.44620383935884,-40.42519452060029,-342.97538036601566,-142.95437104725715,-142.9543710472571,5.684341886080802e-14,-168.19786766777025,28.278389967688874,239.91947770008133,11467.264676344732,-3767.376901298058,-1170.8135400582419,6529.074234988431,1
United States of America,Male,Prevalence,1990,1991,608106.0929780888,616165.5409511433,official_GBD_2023,fine_5_year,20,7127.620226621376,1087.89647761614,-156.06873118268172,8059.447973054834,8059.447973054834,0.0,88.43806983370526,13.498399409653192,-1.9364692433584356,7127.620226621376,1087.89647761614,-156.06873118268172,8059.447973054834,1
United States of America,Male,Prevalence,1991,1992,616165.5409511433,623546.8672243308,official_GBD_2023,fine_5_year,20,7201.1791253662095,337.7879051009658,-157.64075728011082,7381.326273187064,7381.3262731870645,9.094947017729282e-13,97.55942033784301,4.5762494787419525,-2.135669816584949,14328.799351987585,1425.6843827171058,-313.70948846279254,15440.774246241897,1
United States of America,Male,Prevalence,1992,1993,623546.8672243308,630426.4857221793,official_GBD_2023,fine_5_year,20,7079.723654595553,-53.799836373887956,-146.30532037292141,6879.618497848744,6879.618497848744,0.0,102.90866647342992,-0.7820177294818188,-2.1266487439480994,21408.52300658314,1371.8845463432178,-460.01480883571395,22320.39274409064,1
United States of America,Male,Prevalence,1993,1994,630426.4857221793,637467.211547629,official_GBD_2023,fine_5_year,20,6856.884186346841,305.6574026021408,-121.81576349918032,7040.725825449801,7040.725825449801,0.0,97.38888228769773,4.341276882239818,-1.7301591699375405,28265.40719292998,1677.5419489453586,-581.8305723348942,29361.118569540442,1
United States of America,Male,Prevalence,1994,1995,637467.211547629,644787.3986891509,official_GBD_2023,fine_5_year,20,6787.402032382029,614.8442042777316,-82.0590951379272,7320.187141521834,7320.187141521833,-9.094947017729282e-13,92.72170097786541,8.399296252826513,-1.1209972306919394,35052.809225312005,2292.3861532230903,-663.8896674728214,36681.305711062276,1
United States of America,Male,Prevalence,1995,1996,644787.3986891509,652062.7253982319,official_GBD_2023,fine_5_year,20,6681.479530129931,684.0633806948899,-90.21620174410054,7275.32670908072,7275.32670908072,0.0,91.83751874387198,9.402510815645904,-1.240029559517883,41734.288755441936,2976.4495339179803,-754.105869216922,43956.632420142996,1
United States of America,Male,Prevalence,1996,1997,652062.7253982319,658869.994381269,official_GBD_2023,fine_5_year,20,6744.376738677926,188.85961955420984,-125.9673751949255,6807.268983037211,6807.268983037211,0.0,99.07610167137506,2.7743816209528718,-1.8504832923279375,48478.665494119865,3165.30915347219,-880.0732444118476,50763.90140318021,1
United States of America,Male,Prevalence,1997,1998,658869.994381269,665359.7915908053,official_GBD_2023,fine_5_year,20,6693.545065599416,-85.00217872813421,-118.74567733497436,6489.7972095363075,6489.7972095363075,0.0,103.13951036503445,-1.3097817386840591,-1.8297286263503858,55172.21055971928,3080.306974744056,-998.8189217468218,57253.698612716515,1
United States of America,Male,Prevalence,1998,1999,665359.7915908053,671997.79816484,official_GBD_2023,fine_5_year,20,6668.822763113071,42.10179346764925,-72.9179825456813,6638.00657403504,6638.006574035039,-9.094947017729282e-13,100.46423860438118,0.634253566911683,-1.098492171292875,61841.03332283235,3122.408768211705,-1071.7369042925031,63891.705186751555,1
United States of America,Male,Prevalence,1999,2000,671997.79816484,678749.5609300992,official_GBD_2023,fine_5_year,20,6500.951624979555,241.23814122768815,9.572999052004889,6751.762765259249,6751.762765259248,-9.094947017729282e-13,96.28524951187227,3.572965307207817,0.14178518091989437,68341.98494781191,3363.646909439393,-1062.1639052404983,70643.4679520108,1
United States of America,Male,Prevalence,2000,2001,678749.5609300992,687418.5251033972,official_GBD_2023,fine_5_year,20,8199.186558491474,229.67818405023232,240.09943075615837,8668.964173297863,8668.964173297865,1.8189894035458565e-12,94.58092563984289,2.6494305370148705,2.769643823142244,76541.17150630338,3593.3250934896255,-822.0644744843399,79312.43212530867,1
United States of America,Male,Prevalence,2001,2002,687418.5251033972,695499.267398111,official_GBD_2023,fine_5_year,20,7717.259363826578,-108.88291309199606,472.3658439790403,8080.742294713622,8080.742294713622,0.0,95.50186211080099,-1.3474370190375538,5.845574908236579,84258.43087012996,3484.4421803976293,-349.69863050529966,87393.17442002229,1
United States of America,Male,Prevalence,2002,2003,695499.267398111,702668.383079001,official_GBD_2023,fine_5_year,20,6828.974488497827,-194.41528470383494,534.5564770960482,7169.115680890041,7169.1156808900405,-9.094947017729282e-13,95.25546514336638,-2.711844714991381,7.45637957162498,91087.40535862779,3290.0268956937944,184.85784659074852,94562.29010091233,1
United States of America,Male,Prevalence,2003,2004,702668.383079001,710307.8084056199,official_GBD_2023,fine_5_year,20,7257.335981046587,-51.57186466614561,433.66121023873956,7639.425326619181,7639.425326619181,0.0,94.99845434392529,-0.6750751851248041,5.6766208411995285,98344.74133967438,3238.4550310276486,618.5190568294881,102201.71542753151,1
United States of America,Male,Prevalence,2004,2005,710307.8084056199,717679.1013969437,official_GBD_2023,fine_5_year,20,7272.374886155574,-90.96941903124873,189.8875241993034,7371.292991323629,7371.2929913236285,-9.094947017729282e-13,98.65806303881169,-1.2341039643699439,2.576040925558247,105617.11622582994,3147.4856119964,808.4065810287915,109573.00841885514,1
United States of America,Male,Prevalence,2005,2006,717679.1013969437,725175.5157096684,official_GBD_2023,fine_5_year,20,7333.4190421018675,68.6358414904486,94.35942913205751,7496.414312724373,7496.414312724373,0.0,97.8256902057049,0.9155822854394066,1.2587275088556984,112950.53526793182,3216.1214534868486,902.766010160849,117069.42273157951,1
United States of America,Male,Prevalence,2006,2007,725175.5157096684,731919.5110974764,official_GBD_2023,fine_5_year,20,7002.638667670796,-373.76577777774463,115.1224979152515,6743.995387808303,6743.995387808303,0.0,103.83516394940104,-5.542200969671969,1.7070370202709253,119953.17393560261,2842.355675709104,1017.8885080761005,123813.41811938782,1
United States of America,Male,Prevalence,2007,2008,731919.5110974764,738400.3314837798,official_GBD_2023,fine_5_year,20,6824.39781735141,-355.9887208224196,12.411289774482913,6480.820386303472,6480.820386303473,9.094947017729282e-13,105.30144967100233,-5.492957675154277,0.19150800415195676,126777.57175295403,2486.366954886684,1030.2997978505834,130294.23850569129,1
United States of America,Male,Prevalence,2008,2009,738400.3314837798,744629.39342854,official_GBD_2023,fine_5_year,20,6194.146337482535,286.3193062322486,-251.40369895475064,6229.061944760033,6229.061944760033,0.0,99.43947246652654,4.596507608550981,-4.035980075077511,132971.71809043657,2772.686261118933,778.8960988958328,136523.30045045132,1
United States of America,Male,Prevalence,2009,2010,744629.39342854,750566.0921671294,official_GBD_2023,fine_5_year,20,6142.761812506904,483.26770634147874,-689.3307802586157,5936.698738589766,5936.698738589766,0.0,103.47100439134101,8.140344114147801,-11.611348505488808,139114.47990294345,3255.9539674604116,89.56531863721705,142459.9991890411,1
United States of America,Male,Prevalence,2010,2011,750566.0921671294,755764.8913321082,official_GBD_2023,fine_5_year,20,6173.061251114763,881.7498922504601,-1856.0119783867847,5198.799164978438,5198.799164978438,0.0,118.7401370050879,16.960645415778764,-35.70078242086665,145287.5411540582,4137.703859710872,-1766.4466597495675,147658.79835401953,1
United States of America,Male,Prevalence,2011,2012,755764.8913321082,759422.9662049438,official_GBD_2023,fine_5_year,20,6296.53129658588,473.23964485248626,-3111.696068602711,3658.0748728356557,3658.0748728356557,0.0,172.12691143483767,12.936849608155825,-85.0637610429935,151584.0724506441,4610.943504563358,-4878.142728352279,151316.87322685518,1
United States of America,Male,Prevalence,2012,2013,759422.9662049438,762376.4835133522,official_GBD_2023,fine_5_year,20,6258.198588024243,269.84912670205813,-3574.530406318023,2953.517308408278,2953.517308408278,0.0,211.8896872623014,9.136534461261931,-121.02622172356335,157842.27103866835,4880.792631265416,-8452.673134670302,154270.39053526346,1
United States of America,Male,Prevalence,2013,2014,762376.4835133522,766088.007748526,official_GBD_2023,fine_5_year,20,6504.429118569629,441.6120096319742,-3234.516893027661,3711.5242351739435,3711.5242351739425,-9.094947017729282e-13,175.2495391765856,11.898400270348167,-87.1479394469338,164346.70015723797,5322.40464089739,-11687.190027697963,157981.9147704374,1
United States of America,Male,Prevalence,2014,2015,766088.007748526,771002.6361685055,official_GBD_2023,fine_5_year,20,6811.020885850846,189.91270908808414,-2086.3051749596875,4914.628419979243,4914.628419979243,0.0,138.5866906674424,3.8642333226259713,-42.4509239900684,171157.72104308882,5512.317349985475,-13773.49520265765,162896.54319041665,1
United States of America,Male,Prevalence,2015,2016,771002.6361685055,776418.2494423691,official_GBD_2023,fine_5_year,20,6499.250419190328,507.9512660510372,-1591.5884113774518,5415.6132738639135,5415.6132738639135,0.0,120.00950013465908,9.379385867570004,-29.388886002229082,177656.97146227915,6020.268616036512,-15365.083614035102,168312.15646428056,1
United States of America,Male,Prevalence,2016,2017,776418.2494423691,780465.3083501727,official_GBD_2023,fine_5_year,20,5997.274512625299,60.90398612373975,-2011.1195909454252,4047.0589078036137,4047.058907803614,4.547473508864641e-13,148.18846597614984,1.5048949746272178,-49.69336095077705,183654.24597490445,6081.172602160252,-17376.203204980528,172359.21537208417,1
United States of America,Male,Prevalence,2017,2018,780465.3083501727,783601.1631483827,official_GBD_2023,fine_5_year,20,4993.002410512611,139.74470521400994,-1996.8923175170007,3135.8547982096206,3135.8547982096206,0.0,159.22301036908047,4.456351272826648,-63.67936164190711,188647.24838541707,6220.917307374261,-19373.09552249753,175495.0701702938,1
United States of America,Male,Prevalence,2018,2019,783601.1631483827,786819.4343740052,official_GBD_2023,fine_5_year,20,4318.204534825694,439.9140868172981,-1539.8473960202537,3218.2712256227387,3218.2712256227387,0.0,134.1777691216848,13.669267006300075,-47.84703612798488,192965.45292024277,6660.831394191559,-20912.942918517783,178713.34139591653,1
United States of America,Male,Prevalence,2019,2020,786819.4343740052,789742.4397672616,official_GBD_2023,fine_5_year,20,3273.18370164958,282.6042870543121,-632.7825954473423,2923.0053932565497,2923.00539325655,4.547473508864641e-13,111.98007739571405,9.668277989027581,-21.64835538474162,196238.63662189234,6943.435681245872,-21545.725513965124,181636.34678917308,1
United States of America,Male,Prevalence,2020,2021,789742.4397672616,796068.1919736993,official_GBD_2023,fine_5_year,20,1871.3782769355653,575.5247351158372,3878.849194386469,6325.752206437872,6325.752206437872,0.0,29.583490087250304,9.098123295599718,61.318386617149976,198110.0148988279,7518.960416361709,-17666.876319578656,187962.09899561096,1
United States of America,Male,Prevalence,2021,2022,796068.1919736993,803796.0457214809,official_GBD_2023,fine_5_year,20,3881.4799905466693,-143.41814819447853,3989.7919054290587,7727.85374778125,7727.85374778125,0.0,50.22714090132832,-1.855860021104248,51.62871911977593,201991.49488937456,7375.542268167231,-13677.084414149596,195689.9527433922,1
United States of America,Male,Prevalence,2022,2023,803796.0457214809,800474.6603648802,official_GBD_2023,fine_5_year,20,4538.463131327163,-57.72122544546922,-7802.127262482323,-3321.385356600629,-3321.3853566006296,-4.547473508864641e-13,-136.64367858754542,1.7378659579732036,234.9058126295722,206529.95802070174,7317.821042721761,-21479.21167663192,192368.56738679158,1
