location_name,sex_name,measure_name,weighting,age_name,age_midpoint,period,period_midpoint,cohort_midpoint,events,population,observed_rate,window,age_coverage,age_index,period_index,cohort_index,cohort_level,custom_fitted_rate,method_label
China,Female,DALYs,equal,10-14 years,12.0,1994-1998,1996.0,1984.0,20009.73728969937,269624940.28498524,7.421322845189949,primary_1994_2023,10-14 to 65-69,0,0,0,11,7.416968993272499,Custom descriptive weighted least-squares age-period-cohort summaries; not asserted equivalent to conventional NCI APC estimable functions.
China,Female,DALYs,equal,10-14 years,12.0,1999-2003,2001.0,1989.0,21344.94504578443,287547903.9977516,7.4230918567054935,primary_1994_2023,10-14 to 65-69,0,1,1,12,7.347032048387567,Custom descriptive weighted least-squares age-period-cohort summaries; not asserted equivalent to conventional NCI APC estimable functions.
China,Female,DALYs,equal,10-14 years,12.0,2004-2008,2006.0,1994.0,15474.029352723583,215213129.33324507,7.1900954187432236,primary_1994_2023,10-14 to 65-69,0,2,2,13,7.164095088989015,Custom descriptive weighted least-squares age-period-cohort summaries; not asserted equivalent to conventional NCI APC estimable functions.
China,Female,DALYs,equal,10-14 years,12.0,2009-2013,2011.0,1999.0,12049.338198697005,170979253.76550967,7.04725160119258,primary_1994_2023,10-14 to 65-69,0,3,3,14,7.104070399116844,Custom descriptive weighted least-squares age-period-cohort summaries; not asserted equivalent to conventional NCI APC estimable functions.
China,Female,DALYs,equal,10-14 years,12.0,2014-2018,2016.0,2004.0,12314.260972020651,173637222.2861553,7.091947688339927,primary_1994_2023,10-14 to 65-69,0,4,4,15,7.1380423137965066,Custom descriptive weighted least-squares age-period-cohort summaries; not asserted equivalent to conventional NCI APC estimable functions.
China,Female,DALYs,equal,10-14 years,12.0,2019-2023,2021.0,2009.0,14320.15497910156,201118403.00707868,7.120260883633579,primary_1994_2023,10-14 to 65-69,0,5,5,16,7.120260883633597,Custom descriptive weighted least-squares age-period-cohort summaries; not asserted equivalent to conventional NCI APC estimable functions.
China,Female,DALYs,equal,15-19 years,17.0,1994-1998,1996.0,1979.0,129763.647230726,242527348.09805286,53.504748329769,primary_1994_2023,10-14 to 65-69,1,0,-1,10,53.40535000115528,Custom descriptive weighted least-squares age-period-cohort summaries; not asserted equivalent to conventional NCI APC estimable functions.
China,Female,DALYs,equal,15-19 years,17.0,1999-2003,2001.0,1984.0,145911.17175900328,270089638.8181737,54.02323924659388,primary_1994_2023,10-14 to 65-69,1,1,0,11,53.62174858583353,Custom descriptive weighted least-squares age-period-cohort summaries; not asserted equivalent to conventional NCI APC estimable functions.
China,Female,DALYs,equal,15-19 years,17.0,2004-2008,2006.0,1989.0,159331.2127527588,302382382.4618558,52.69196289001979,primary_1994_2023,10-14 to 65-69,1,2,1,12,52.88405459928346,Custom descriptive weighted least-squares age-period-cohort summaries; not asserted equivalent to conventional NCI APC estimable functions.
China,Female,DALYs,equal,15-19 years,17.0,2009-2013,2011.0,1994.0,116124.63971408516,226612677.11389786,51.243664384989245,primary_1994_2023,10-14 to 65-69,1,3,2,13,51.719455799016934,Custom descriptive weighted least-squares age-period-cohort summaries; not asserted equivalent to conventional NCI APC estimable functions.
China,Female,DALYs,equal,15-19 years,17.0,2014-2018,2016.0,1999.0,90281.24172031951,176021283.67355502,51.28995757567193,primary_1994_2023,10-14 to 65-69,1,4,3,14,51.43976873269421,Custom descriptive weighted least-squares age-period-cohort summaries; not asserted equivalent to conventional NCI APC estimable functions.
China,Female,DALYs,equal,15-19 years,17.0,2019-2023,2021.0,2004.0,91490.29157499204,175295140.0224603,52.192143811442534,primary_1994_2023,10-14 to 65-69,1,5,4,15,51.8551077986251,Custom descriptive weighted least-squares age-period-cohort summaries; not asserted equivalent to conventional NCI APC estimable functions.
China,Female,DALYs,equal,20-24 years,22.0,1994-1998,1996.0,1974.0,450635.883466396,277180223.35041225,162.5786565936562,primary_1994_2023,10-14 to 65-69,2,0,-2,9,162.38452804752842,Custom descriptive weighted least-squares age-period-cohort summaries; not asserted equivalent to conventional NCI APC estimable functions.
China,Female,DALYs,equal,20-24 years,22.0,1999-2003,2001.0,1979.0,380143.5918223408,233265107.91878718,162.96633269073845,primary_1994_2023,10-14 to 65-69,2,1,-1,10,163.12001444744843,Custom descriptive weighted least-squares age-period-cohort summaries; not asserted equivalent to conventional NCI APC estimable functions.
China,Female,DALYs,equal,20-24 years,22.0,2004-2008,2006.0,1984.0,437009.4240414294,269616535.52198684,162.08554241503185,primary_1994_2023,10-14 to 65-69,2,2,0,11,163.0653773125807,Custom descriptive weighted least-squares age-period-cohort summaries; not asserted equivalent to conventional NCI APC estimable functions.
China,Female,DALYs,equal,20-24 years,22.0,2009-2013,2011.0,1989.0,489710.94103883987,304524092.73245245,160.81188737637524,primary_1994_2023,10-14 to 65-69,2,3,1,12,161.2966423063781,Custom descriptive weighted least-squares age-period-cohort summaries; not asserted equivalent to conventional NCI APC estimable functions.
China,Female,DALYs,equal,20-24 years,22.0,2014-2018,2016.0,1994.0,351171.32493732095,222435645.53801268,157.87547184172342,primary_1994_2023,10-14 to 65-69,2,4,2,13,158.21719267928208,Custom descriptive weighted least-squares age-period-cohort summaries; not asserted equivalent to conventional NCI APC estimable functions.
China,Female,DALYs,equal,20-24 years,22.0,2019-2023,2021.0,1999.0,276149.86888789583,173010032.04828298,159.61494580315954,primary_1994_2023,10-14 to 65-69,2,5,3,14,157.87719718232975,Custom descriptive weighted least-squares age-period-cohort summaries; not asserted equivalent to conventional NCI APC estimable functions.
China,Female,DALYs,equal,25-29 years,27.0,1994-1998,1996.0,1969.0,772530.8374211511,308978730.38093084,250.02719004920513,primary_1994_2023,10-14 to 65-69,3,0,-3,8,251.03640210456638,Custom descriptive weighted least-squares age-period-cohort summaries; not asserted equivalent to conventional NCI APC estimable functions.
China,Female,DALYs,equal,25-29 years,27.0,1999-2003,2001.0,1974.0,694312.7776310812,276039084.94366837,251.52698132323198,primary_1994_2023,10-14 to 65-69,3,1,-2,9,251.59318751970113,Custom descriptive weighted least-squares age-period-cohort summaries; not asserted equivalent to conventional NCI APC estimable functions.
China,Female,DALYs,equal,25-29 years,27.0,2004-2008,2006.0,1979.0,591080.9628691748,235561075.7121193,250.92471711732995,primary_1994_2023,10-14 to 65-69,3,2,-1,10,251.62847365183967,Custom descriptive weighted least-squares age-period-cohort summaries; not asserted equivalent to conventional NCI APC estimable functions.
China,Female,DALYs,equal,25-29 years,27.0,2009-2013,2011.0,1984.0,684425.1127717072,270985531.92668825,252.56887624423794,primary_1994_2023,10-14 to 65-69,3,3,0,11,252.28654308473503,Custom descriptive weighted least-squares age-period-cohort summaries; not asserted equivalent to conventional NCI APC estimable functions.
China,Female,DALYs,equal,25-29 years,27.0,2014-2018,2016.0,1989.0,737275.5851138699,295092497.31285363,249.8455880198875,primary_1994_2023,10-14 to 65-69,3,4,1,12,250.2976655152152,Custom descriptive weighted least-squares age-period-cohort summaries; not asserted equivalent to conventional NCI APC estimable functions.
China,Female,DALYs,equal,25-29 years,27.0,2019-2023,2021.0,1994.0,516399.4840375395,208017806.1240198,248.24773112435537,primary_1994_2023,10-14 to 65-69,3,5,2,13,246.32348424639883,Custom descriptive weighted least-squares age-period-cohort summaries; not asserted equivalent to conventional NCI APC estimable functions.
China,Female,DALYs,equal,30-34 years,32.0,1994-1998,1996.0,1964.0,843043.1709689319,285587416.1163933,295.19618981578066,primary_1994_2023,10-14 to 65-69,4,0,-4,7,296.88303710285766,Custom descriptive weighted least-squares age-period-cohort summaries; not asserted equivalent to conventional NCI APC estimable functions.
China,Female,DALYs,equal,30-34 years,32.0,1999-2003,2001.0,1969.0,915529.9477357517,308153140.08709496,297.1022613876304,primary_1994_2023,10-14 to 65-69,4,1,-3,8,296.9140855685092,Custom descriptive weighted least-squares age-period-cohort summaries; not asserted equivalent to conventional NCI APC estimable functions.
China,Female,DALYs,equal,30-34 years,32.0,2004-2008,2006.0,1974.0,827735.7752835209,279146855.10048306,296.5234105845703,primary_1994_2023,10-14 to 65-69,4,2,-2,9,296.27245655801704,Custom descriptive weighted least-squares age-period-cohort summaries; not asserted equivalent to conventional NCI APC estimable functions.
China,Female,DALYs,equal,30-34 years,32.0,2009-2013,2011.0,1979.0,709592.9959257144,237854241.40281895,298.3310248077437,primary_1994_2023,10-14 to 65-69,4,3,-1,10,297.18848536681014,Custom descriptive weighted least-squares age-period-cohort summaries; not asserted equivalent to conventional NCI APC estimable functions.
China,Female,DALYs,equal,30-34 years,32.0,2014-2018,2016.0,1984.0,801954.6408292283,267743419.97628292,299.5235665923243,primary_1994_2023,10-14 to 65-69,4,4,0,11,298.85837262349133,Custom descriptive weighted least-squares age-period-cohort summaries; not asserted equivalent to conventional NCI APC estimable functions.
China,Female,DALYs,equal,30-34 years,32.0,2019-2023,2021.0,1989.0,849723.5053765945,286173265.9956433,296.9262353771126,primary_1994_2023,10-14 to 65-69,4,5,1,12,297.4738626977241,Custom descriptive weighted least-squares age-period-cohort summaries; not asserted equivalent to conventional NCI APC estimable functions.
China,Female,DALYs,equal,35-39 years,37.0,1994-1998,1996.0,1959.0,665564.175795372,210141763.53976008,316.7215143644891,primary_1994_2023,10-14 to 65-69,5,0,-5,6,318.0078861038681,Custom descriptive weighted least-squares age-period-cohort summaries; not asserted equivalent to conventional NCI APC estimable functions.
China,Female,DALYs,equal,35-39 years,37.0,1999-2003,2001.0,1964.0,899750.9105872542,282204424.2525181,318.8294843252181,primary_1994_2023,10-14 to 65-69,5,1,-4,7,318.4563530577956,Custom descriptive weighted least-squares age-period-cohort summaries; not asserted equivalent to conventional NCI APC estimable functions.
China,Female,DALYs,equal,35-39 years,37.0,2004-2008,2006.0,1969.0,977070.8572731544,307166596.4732847,318.0915075048316,primary_1994_2023,10-14 to 65-69,5,2,-3,8,317.09809729139766,Custom descriptive weighted least-squares age-period-cohort summaries; not asserted equivalent to conventional NCI APC estimable functions.
China,Female,DALYs,equal,35-39 years,37.0,2009-2013,2011.0,1974.0,882151.7331767143,277394763.72455376,318.0131165174659,primary_1994_2023,10-14 to 65-69,5,3,-2,9,317.34664249270674,Custom descriptive weighted least-squares age-period-cohort summaries; not asserted equivalent to conventional NCI APC estimable functions.
China,Female,DALYs,equal,35-39 years,37.0,2014-2018,2016.0,1979.0,743528.6690869441,232173910.55011278,320.2464339448078,primary_1994_2023,10-14 to 65-69,5,4,-1,10,319.2814991260647,Custom descriptive weighted least-squares age-period-cohort summaries; not asserted equivalent to conventional NCI APC estimable functions.
China,Female,DALYs,equal,35-39 years,37.0,2019-2023,2021.0,1984.0,828582.8777421697,258604707.3790096,320.40517983603576,primary_1994_2023,10-14 to 65-69,5,5,0,11,322.12755413286646,Custom descriptive weighted least-squares age-period-cohort summaries; not asserted equivalent to conventional NCI APC estimable functions.
China,Female,DALYs,equal,40-44 years,42.0,1994-1998,1996.0,1954.0,698891.1776952283,216168736.6214835,323.3081659347452,primary_1994_2023,10-14 to 65-69,6,0,-6,5,324.2571746964973,Custom descriptive weighted least-squares age-period-cohort summaries; not asserted equivalent to conventional NCI APC estimable functions.
China,Female,DALYs,equal,40-44 years,42.0,1999-2003,2001.0,1959.0,659595.5792710241,202613906.72692266,325.5430932290391,primary_1994_2023,10-14 to 65-69,6,1,-5,6,325.377997757148,Custom descriptive weighted least-squares age-period-cohort summaries; not asserted equivalent to conventional NCI APC estimable functions.
China,Female,DALYs,equal,40-44 years,42.0,2004-2008,2006.0,1964.0,902503.6353438625,277698221.1149844,324.9943884120776,primary_1994_2023,10-14 to 65-69,6,2,-4,7,324.4131961807943,Custom descriptive weighted least-squares age-period-cohort summaries; not asserted equivalent to conventional NCI APC estimable functions.
China,Female,DALYs,equal,40-44 years,42.0,2009-2013,2011.0,1969.0,986391.8724178872,303571794.3771086,324.92869584338035,primary_1994_2023,10-14 to 65-69,6,3,-3,8,323.9828524752469,Custom descriptive weighted least-squares age-period-cohort summaries; not asserted equivalent to conventional NCI APC estimable functions.
China,Female,DALYs,equal,40-44 years,42.0,2014-2018,2016.0,1974.0,887108.1310758818,272048942.68718094,326.0840208799983,primary_1994_2023,10-14 to 65-69,6,4,-2,9,325.2081662217392,Custom descriptive weighted least-squares age-period-cohort summaries; not asserted equivalent to conventional NCI APC estimable functions.
China,Female,DALYs,equal,40-44 years,42.0,2019-2023,2021.0,1979.0,738312.6581749844,226035787.20401463,326.6352940424432,primary_1994_2023,10-14 to 65-69,6,5,-1,10,328.26302029298506,Custom descriptive weighted least-squares age-period-cohort summaries; not asserted equivalent to conventional NCI APC estimable functions.
China,Female,DALYs,equal,45-49 years,47.0,1994-1998,1996.0,1949.0,546523.7476425073,168431811.5245526,324.47774722344514,primary_1994_2023,10-14 to 65-69,7,0,-7,4,324.28515260454714,Custom descriptive weighted least-squares age-period-cohort summaries; not asserted equivalent to conventional NCI APC estimable functions.
China,Female,DALYs,equal,45-49 years,47.0,1999-2003,2001.0,1954.0,683388.890448796,210082765.89968053,325.29507478739606,primary_1994_2023,10-14 to 65-69,7,1,-6,5,325.5609058870088,Custom descriptive weighted least-squares age-period-cohort summaries; not asserted equivalent to conventional NCI APC estimable functions.
China,Female,DALYs,equal,45-49 years,47.0,2004-2008,2006.0,1959.0,651612.6141631166,200075259.34456038,325.6837533525019,primary_1994_2023,10-14 to 65-69,7,2,-5,6,325.25886212301714,Custom descriptive weighted least-squares age-period-cohort summaries; not asserted equivalent to conventional NCI APC estimable functions.
China,Female,DALYs,equal,45-49 years,47.0,2009-2013,2011.0,1964.0,901717.4596314623,276439806.71277773,326.1894407878642,primary_1994_2023,10-14 to 65-69,7,3,-4,7,325.2514654288488,Custom descriptive weighted least-squares age-period-cohort summaries; not asserted equivalent to conventional NCI APC estimable functions.
China,Female,DALYs,equal,45-49 years,47.0,2014-2018,2016.0,1969.0,983452.4863768371,301079131.01164305,326.6425285181277,primary_1994_2023,10-14 to 65-69,7,4,-3,8,325.7931291678709,Custom descriptive weighted least-squares age-period-cohort summaries; not asserted equivalent to conventional NCI APC estimable functions.
China,Female,DALYs,equal,45-49 years,47.0,2019-2023,2021.0,1974.0,877810.2491302434,269308542.12932324,325.9496494948589,primary_1994_2023,10-14 to 65-69,7,5,-2,9,328.09681249874484,Custom descriptive weighted least-squares age-period-cohort summaries; not asserted equivalent to conventional NCI APC estimable functions.
China,Female,DALYs,equal,50-54 years,52.0,1994-1998,1996.0,1944.0,397659.2147132344,124351803.36164068,319.78564360402515,primary_1994_2023,10-14 to 65-69,8,0,-8,3,319.0162237415331,Custom descriptive weighted least-squares age-period-cohort summaries; not asserted equivalent to conventional NCI APC estimable functions.
China,Female,DALYs,equal,50-54 years,52.0,1999-2003,2001.0,1949.0,528882.4279509573,164574392.68913192,321.3637427482261,primary_1994_2023,10-14 to 65-69,8,1,-7,4,322.25421452009675,Custom descriptive weighted least-squares age-period-cohort summaries; not asserted equivalent to conventional NCI APC estimable functions.
China,Female,DALYs,equal,50-54 years,52.0,2004-2008,2006.0,1954.0,671212.7796794814,208188328.74385858,322.4065362978624,primary_1994_2023,10-14 to 65-69,8,2,-6,5,322.1084301368587,Custom descriptive weighted least-squares age-period-cohort summaries; not asserted equivalent to conventional NCI APC estimable functions.
China,Female,DALYs,equal,50-54 years,52.0,2009-2013,2011.0,1959.0,645335.9752276487,199474996.8079333,323.5172254941894,primary_1994_2023,10-14 to 65-69,8,3,-5,6,322.759307913713,Custom descriptive weighted least-squares age-period-cohort summaries; not asserted equivalent to conventional NCI APC estimable functions.
China,Female,DALYs,equal,50-54 years,52.0,2014-2018,2016.0,1964.0,891741.8916071741,274824207.8675048,324.477198907125,primary_1994_2023,10-14 to 65-69,8,4,-4,7,323.71889190550087,Custom descriptive weighted least-squares age-period-cohort summaries; not asserted equivalent to conventional NCI APC estimable functions.
China,Female,DALYs,equal,50-54 years,52.0,2019-2023,2021.0,1969.0,965210.8953454922,298257808.35771906,323.61630384806386,primary_1994_2023,10-14 to 65-69,8,5,-3,8,325.3204591807632,Custom descriptive weighted least-squares age-period-cohort summaries; not asserted equivalent to conventional NCI APC estimable functions.
China,Female,DALYs,equal,55-59 years,57.0,1994-1998,1996.0,1939.0,336828.8743593687,107330251.07036625,313.824733474761,primary_1994_2023,10-14 to 65-69,9,0,-9,2,312.5345493638208,Custom descriptive weighted least-squares age-period-cohort summaries; not asserted equivalent to conventional NCI APC estimable functions.
China,Female,DALYs,equal,55-59 years,57.0,1999-2003,2001.0,1944.0,370523.4588344868,118337484.4279483,313.10743221019374,primary_1994_2023,10-14 to 65-69,9,1,-8,3,314.6164336105227,Custom descriptive weighted least-squares age-period-cohort summaries; not asserted equivalent to conventional NCI APC estimable functions.
China,Female,DALYs,equal,55-59 years,57.0,2004-2008,2006.0,1949.0,505376.17863878823,159498061.496709,316.85411966540795,primary_1994_2023,10-14 to 65-69,9,2,-7,4,316.4211770594677,Custom descriptive weighted least-squares age-period-cohort summaries; not asserted equivalent to conventional NCI APC estimable functions.
China,Female,DALYs,equal,55-59 years,57.0,2009-2013,2011.0,1954.0,645772.9595061587,203438117.86534983,317.4296765434973,primary_1994_2023,10-14 to 65-69,9,3,-6,5,317.2114253070295,Custom descriptive weighted least-squares age-period-cohort summaries; not asserted equivalent to conventional NCI APC estimable functions.
China,Female,DALYs,equal,55-59 years,57.0,2014-2018,2016.0,1959.0,622803.0385400817,195137911.1357144,319.16045165971616,primary_1994_2023,10-14 to 65-69,9,4,-5,6,318.8046531929209,Custom descriptive weighted least-squares age-period-cohort summaries; not asserted equivalent to conventional NCI APC estimable functions.
China,Female,DALYs,equal,55-59 years,57.0,2019-2023,2021.0,1964.0,862659.0358847657,269576872.6146301,320.0048385151971,primary_1994_2023,10-14 to 65-69,9,5,-4,7,320.80017289267425,Custom descriptive weighted least-squares age-period-cohort summaries; not asserted equivalent to conventional NCI APC estimable functions.
China,Female,DALYs,equal,60-64 years,62.0,1994-1998,1996.0,1934.0,299038.01161433477,98569219.02247716,303.3786962907192,primary_1994_2023,10-14 to 65-69,10,0,-10,1,301.5797818252915,Custom descriptive weighted least-squares age-period-cohort summaries; not asserted equivalent to conventional NCI APC estimable functions.
China,Female,DALYs,equal,60-64 years,62.0,1999-2003,2001.0,1939.0,305136.770400684,101409383.16292754,300.89599293828815,primary_1994_2023,10-14 to 65-69,10,1,-9,2,302.2608788665153,Custom descriptive weighted least-squares age-period-cohort summaries; not asserted equivalent to conventional NCI APC estimable functions.
China,Female,DALYs,equal,60-64 years,62.0,2004-2008,2006.0,1944.0,346463.7657564704,114471072.00671199,302.6649088567595,primary_1994_2023,10-14 to 65-69,10,2,-8,3,302.9448770902002,Custom descriptive weighted least-squares age-period-cohort summaries; not asserted equivalent to conventional NCI APC estimable functions.
China,Female,DALYs,equal,60-64 years,62.0,2009-2013,2011.0,1949.0,476899.49167938787,155894787.68381175,305.91112041965306,primary_1994_2023,10-14 to 65-69,10,3,-7,4,305.58184245627746,Custom descriptive weighted least-squares age-period-cohort summaries; not asserted equivalent to conventional NCI APC estimable functions.
China,Female,DALYs,equal,60-64 years,62.0,2014-2018,2016.0,1954.0,610056.874799133,198615833.3088985,307.1542004661523,primary_1994_2023,10-14 to 65-69,10,4,-6,5,307.26279064701833,Custom descriptive weighted least-squares age-period-cohort summaries; not asserted equivalent to conventional NCI APC estimable functions.
China,Female,DALYs,equal,60-64 years,62.0,2019-2023,2021.0,1959.0,588735.1007281181,190258226.47877735,309.4400235007917,primary_1994_2023,10-14 to 65-69,10,5,-5,6,309.817876810845,Custom descriptive weighted least-squares age-period-cohort summaries; not asserted equivalent to conventional NCI APC estimable functions.
China,Female,DALYs,equal,65-69 years,67.0,1994-1998,1996.0,1929.0,216868.5871369675,79422860.68942583,273.05562309699184,primary_1994_2023,10-14 to 65-69,11,0,-11,0,273.0556230969926,Custom descriptive weighted least-squares age-period-cohort summaries; not asserted equivalent to conventional NCI APC estimable functions.
China,Female,DALYs,equal,65-69 years,67.0,1999-2003,2001.0,1934.0,241972.377772056,88977305.44212008,271.9484216449548,primary_1994_2023,10-14 to 65-69,11,1,-10,1,273.5705859246227,Custom descriptive weighted least-squares age-period-cohort summaries; not asserted equivalent to conventional NCI APC estimable functions.
China,Female,DALYs,equal,65-69 years,67.0,2004-2008,2006.0,1939.0,256092.23339594496,93771871.83554113,273.10133452927585,primary_1994_2023,10-14 to 65-69,11,2,-9,2,272.99042881785425,Custom descriptive weighted least-squares age-period-cohort summaries; not asserted equivalent to conventional NCI APC estimable functions.
China,Female,DALYs,equal,65-69 years,67.0,2009-2013,2011.0,1944.0,298305.6447577701,108345083.55283177,275.3291935137129,primary_1994_2023,10-14 to 65-69,11,3,-8,3,274.4156571559611,Custom descriptive weighted least-squares age-period-cohort summaries; not asserted equivalent to conventional NCI APC estimable functions.
China,Female,DALYs,equal,65-69 years,67.0,2014-2018,2016.0,1949.0,412173.1920234751,148499652.15076858,277.55835522429663,primary_1994_2023,10-14 to 65-69,11,4,-7,4,277.6335621015867,Custom descriptive weighted least-squares age-period-cohort summaries; not asserted equivalent to conventional NCI APC estimable functions.
China,Female,DALYs,equal,65-69 years,67.0,2019-2023,2021.0,1954.0,535467.0390260267,190711524.93917972,280.773298413294,primary_1994_2023,10-14 to 65-69,11,5,-6,5,280.0754634159171,Custom descriptive weighted least-squares age-period-cohort summaries; not asserted equivalent to conventional NCI APC estimable functions.
China,Female,Incidence,equal,10-14 years,12.0,1994-1998,1996.0,1984.0,17279.68202069094,269624940.28498524,6.40878473720823,primary_1994_2023,10-14 to 65-69,0,0,0,11,6.368048535055237,Custom descriptive weighted least-squares age-period-cohort summaries; not asserted equivalent to conventional NCI APC estimable functions.
China,Female,Incidence,equal,10-14 years,12.0,1999-2003,2001.0,1989.0,18430.85427410594,287547903.9977516,6.409663926553975,primary_1994_2023,10-14 to 65-69,0,1,1,12,6.325282807130045,Custom descriptive weighted least-squares age-period-cohort summaries; not asserted equivalent to conventional NCI APC estimable functions.
China,Female,Incidence,equal,10-14 years,12.0,2004-2008,2006.0,1994.0,13364.746568671248,215213129.33324507,6.210005221371374,primary_1994_2023,10-14 to 65-69,0,2,2,13,6.232173550091901,Custom descriptive weighted least-squares age-period-cohort summaries; not asserted equivalent to conventional NCI APC estimable functions.
China,Female,Incidence,equal,10-14 years,12.0,2009-2013,2011.0,1999.0,10405.62811152092,170979253.76550967,6.085900998136166,primary_1994_2023,10-14 to 65-69,0,3,3,14,6.158999640620311,Custom descriptive weighted least-squares age-period-cohort summaries; not asserted equivalent to conventional NCI APC estimable functions.
China,Female,Incidence,equal,10-14 years,12.0,2014-2018,2016.0,2004.0,10630.359969160647,173637222.2861553,6.122166566130471,primary_1994_2023,10-14 to 65-69,0,4,4,15,6.1474768668990345,Custom descriptive weighted least-squares age-period-cohort summaries; not asserted equivalent to conventional NCI APC estimable functions.
China,Female,Incidence,equal,10-14 years,12.0,2019-2023,2021.0,2009.0,12362.441219163211,201118403.00707868,6.146847346798043,primary_1994_2023,10-14 to 65-69,0,5,5,16,6.146847346798051,Custom descriptive weighted least-squares age-period-cohort summaries; not asserted equivalent to conventional NCI APC estimable functions.
China,Female,Incidence,equal,15-19 years,17.0,1994-1998,1996.0,1979.0,65878.38209122003,242527348.09805286,27.16327977353946,primary_1994_2023,10-14 to 65-69,1,0,-1,10,26.988795357247405,Custom descriptive weighted least-squares age-period-cohort summaries; not asserted equivalent to conventional NCI APC estimable functions.
China,Female,Incidence,equal,15-19 years,17.0,1999-2003,2001.0,1984.0,73611.92316088431,270089638.8181737,27.25462682796225,primary_1994_2023,10-14 to 65-69,1,1,0,11,27.049925652102228,Custom descriptive weighted least-squares age-period-cohort summaries; not asserted equivalent to conventional NCI APC estimable functions.
China,Female,Incidence,equal,15-19 years,17.0,2004-2008,2006.0,1989.0,80706.87325317117,302382382.4618558,26.690335791421965,primary_1994_2023,10-14 to 65-69,1,2,1,12,26.956033762624227,Custom descriptive weighted least-squares age-period-cohort summaries; not asserted equivalent to conventional NCI APC estimable functions.
China,Female,Incidence,equal,15-19 years,17.0,2009-2013,2011.0,1994.0,59475.07208423321,226612677.11389786,26.245253726180742,primary_1994_2023,10-14 to 65-69,1,3,2,13,26.461246175331382,Custom descriptive weighted least-squares age-period-cohort summaries; not asserted equivalent to conventional NCI APC estimable functions.
China,Female,Incidence,equal,15-19 years,17.0,2014-2018,2016.0,1999.0,46089.289664673546,176021283.67355502,26.183929978689207,primary_1994_2023,10-14 to 65-69,1,4,3,14,26.18412056562881,Custom descriptive weighted least-squares age-period-cohort summaries; not asserted equivalent to conventional NCI APC estimable functions.
China,Female,Incidence,equal,15-19 years,17.0,2019-2023,2021.0,2004.0,46367.891329630016,175295140.0224603,26.451327357785825,primary_1994_2023,10-14 to 65-69,1,5,4,15,26.3424223442902,Custom descriptive weighted least-squares age-period-cohort summaries; not asserted equivalent to conventional NCI APC estimable functions.
China,Female,Incidence,equal,20-24 years,22.0,1994-1998,1996.0,1974.0,116755.96098423001,277180223.35041225,42.12276026512422,primary_1994_2023,10-14 to 65-69,2,0,-2,9,42.3440090869476,Custom descriptive weighted least-squares age-period-cohort summaries; not asserted equivalent to conventional NCI APC estimable functions.
China,Female,Incidence,equal,20-24 years,22.0,1999-2003,2001.0,1979.0,98989.86368156895,233265107.91878718,42.436635536607106,primary_1994_2023,10-14 to 65-69,2,1,-1,10,42.507297445690845,Custom descriptive weighted least-squares age-period-cohort summaries; not asserted equivalent to conventional NCI APC estimable functions.
China,Female,Incidence,equal,20-24 years,22.0,2004-2008,2006.0,1984.0,114257.92088091592,269616535.52198684,42.37793526265319,primary_1994_2023,10-14 to 65-69,2,2,0,11,42.742744270128455,Custom descriptive weighted least-squares age-period-cohort summaries; not asserted equivalent to conventional NCI APC estimable functions.
China,Female,Incidence,equal,20-24 years,22.0,2009-2013,2011.0,1989.0,128967.5477289497,304524092.73245245,42.35052358969098,primary_1994_2023,10-14 to 65-69,2,3,1,12,42.437230021441955,Custom descriptive weighted least-squares age-period-cohort summaries; not asserted equivalent to conventional NCI APC estimable functions.
China,Female,Incidence,equal,20-24 years,22.0,2014-2018,2016.0,1994.0,93300.26386873132,222435645.53801268,41.94483471525564,primary_1994_2023,10-14 to 65-69,2,4,2,13,41.711747914660464,Custom descriptive weighted least-squares age-period-cohort summaries; not asserted equivalent to conventional NCI APC estimable functions.
China,Female,Incidence,equal,20-24 years,22.0,2019-2023,2021.0,1999.0,72841.15495805195,173010032.04828298,42.102272391767265,primary_1994_2023,10-14 to 65-69,2,5,3,14,41.60227496265269,Custom descriptive weighted least-squares age-period-cohort summaries; not asserted equivalent to conventional NCI APC estimable functions.
China,Female,Incidence,equal,25-29 years,27.0,1994-1998,1996.0,1969.0,103469.72889152839,308978730.38093084,33.487654235605014,primary_1994_2023,10-14 to 65-69,3,0,-3,8,33.964151558294475,Custom descriptive weighted least-squares age-period-cohort summaries; not asserted equivalent to conventional NCI APC estimable functions.
China,Female,Incidence,equal,25-29 years,27.0,1999-2003,2001.0,1974.0,93853.3673937015,276039084.94366837,34.000028442658504,primary_1994_2023,10-14 to 65-69,3,1,-2,9,34.06554743514895,Custom descriptive weighted least-squares age-period-cohort summaries; not asserted equivalent to conventional NCI APC estimable functions.
China,Female,Incidence,equal,25-29 years,27.0,2004-2008,2006.0,1979.0,80777.34150870588,235561075.7121193,34.29146401395466,primary_1994_2023,10-14 to 65-69,3,2,-1,10,34.30861805664776,Custom descriptive weighted least-squares age-period-cohort summaries; not asserted equivalent to conventional NCI APC estimable functions.
China,Female,Incidence,equal,25-29 years,27.0,2009-2013,2011.0,1984.0,93293.4982013773,270985531.92668825,34.427483097738474,primary_1994_2023,10-14 to 65-69,3,3,0,11,34.371370081452,Custom descriptive weighted least-squares age-period-cohort summaries; not asserted equivalent to conventional NCI APC estimable functions.
China,Female,Incidence,equal,25-29 years,27.0,2014-2018,2016.0,1989.0,101716.31266296627,295092497.31285363,34.469298131672865,primary_1994_2023,10-14 to 65-69,3,4,1,12,34.169492561889484,Custom descriptive weighted least-squares age-period-cohort summaries; not asserted equivalent to conventional NCI APC estimable functions.
China,Female,Incidence,equal,25-29 years,27.0,2019-2023,2021.0,1994.0,70854.65475985421,208017806.1240198,34.061821956535205,primary_1994_2023,10-14 to 65-69,3,5,2,13,33.85173104990381,Custom descriptive weighted least-squares age-period-cohort summaries; not asserted equivalent to conventional NCI APC estimable functions.
China,Female,Incidence,equal,30-34 years,32.0,1994-1998,1996.0,1964.0,75342.65952229485,285587416.1163933,26.38164543342077,primary_1994_2023,10-14 to 65-69,4,0,-4,7,26.66296969333061,Custom descriptive weighted least-squares age-period-cohort summaries; not asserted equivalent to conventional NCI APC estimable functions.
China,Female,Incidence,equal,30-34 years,32.0,1999-2003,2001.0,1969.0,82630.21912087438,308153140.08709496,26.814660755207672,primary_1994_2023,10-14 to 65-69,4,1,-3,8,26.651649425506513,Custom descriptive weighted least-squares age-period-cohort summaries; not asserted equivalent to conventional NCI APC estimable functions.
China,Female,Incidence,equal,30-34 years,32.0,2004-2008,2006.0,1974.0,75451.72026233995,279146855.10048306,27.029400075161146,primary_1994_2023,10-14 to 65-69,4,2,-2,9,26.81853357077523,Custom descriptive weighted least-squares age-period-cohort summaries; not asserted equivalent to conventional NCI APC estimable functions.
China,Female,Incidence,equal,30-34 years,32.0,2009-2013,2011.0,1979.0,64065.46601131781,237854241.40281895,26.934758713349787,primary_1994_2023,10-14 to 65-69,4,3,-1,10,26.910241189505797,Custom descriptive weighted least-squares age-period-cohort summaries; not asserted equivalent to conventional NCI APC estimable functions.
China,Female,Incidence,equal,30-34 years,32.0,2014-2018,2016.0,1984.0,72695.5194821488,267743419.97628292,27.151188062283012,primary_1994_2023,10-14 to 65-69,4,4,0,11,26.994063677263323,Custom descriptive weighted least-squares age-period-cohort summaries; not asserted equivalent to conventional NCI APC estimable functions.
China,Female,Incidence,equal,30-34 years,32.0,2019-2023,2021.0,1989.0,76632.14497329942,286173265.9956433,26.77823335687341,primary_1994_2023,10-14 to 65-69,4,5,1,12,27.04836045870523,Custom descriptive weighted least-squares age-period-cohort summaries; not asserted equivalent to conventional NCI APC estimable functions.
China,Female,Incidence,equal,35-39 years,37.0,1994-1998,1996.0,1959.0,48400.05554659444,210141763.53976008,23.032097347673044,primary_1994_2023,10-14 to 65-69,5,0,-5,6,23.041845198411394,Custom descriptive weighted least-squares age-period-cohort summaries; not asserted equivalent to conventional NCI APC estimable functions.
China,Female,Incidence,equal,35-39 years,37.0,1999-2003,2001.0,1964.0,65044.59550824996,282204424.2525181,23.048751159920755,primary_1994_2023,10-14 to 65-69,5,1,-4,7,22.987282015992623,Custom descriptive weighted least-squares age-period-cohort summaries; not asserted equivalent to conventional NCI APC estimable functions.
China,Female,Incidence,equal,35-39 years,37.0,2004-2008,2006.0,1969.0,71045.97352963462,307166596.4732847,23.12945950026624,primary_1994_2023,10-14 to 65-69,5,2,-3,8,23.052579566658096,Custom descriptive weighted least-squares age-period-cohort summaries; not asserted equivalent to conventional NCI APC estimable functions.
China,Female,Incidence,equal,35-39 years,37.0,2009-2013,2011.0,1974.0,64206.35901198581,277394763.72455376,23.146204401947962,primary_1994_2023,10-14 to 65-69,5,3,-2,9,23.111342588176633,Custom descriptive weighted least-squares age-period-cohort summaries; not asserted equivalent to conventional NCI APC estimable functions.
China,Female,Incidence,equal,35-39 years,37.0,2014-2018,2016.0,1979.0,54219.00170854112,232173910.55011278,23.352753795667496,primary_1994_2023,10-14 to 65-69,5,4,-1,10,23.220138052124767,Custom descriptive weighted least-squares age-period-cohort summaries; not asserted equivalent to conventional NCI APC estimable functions.
China,Female,Incidence,equal,35-39 years,37.0,2019-2023,2021.0,1984.0,59942.24699420977,258604707.3790096,23.17910126297846,primary_1994_2023,10-14 to 65-69,5,5,0,11,23.477209057883314,Custom descriptive weighted least-squares age-period-cohort summaries; not asserted equivalent to conventional NCI APC estimable functions.
China,Female,Incidence,equal,40-44 years,42.0,1994-1998,1996.0,1954.0,47043.39190987645,216168736.6214835,21.762347620253028,primary_1994_2023,10-14 to 65-69,6,0,-6,5,21.682193681353436,Custom descriptive weighted least-squares age-period-cohort summaries; not asserted equivalent to conventional NCI APC estimable functions.
China,Female,Incidence,equal,40-44 years,42.0,1999-2003,2001.0,1959.0,43680.4226537866,202613906.72692266,21.558452408036256,primary_1994_2023,10-14 to 65-69,6,1,-5,6,21.593979770627563,Custom descriptive weighted least-squares age-period-cohort summaries; not asserted equivalent to conventional NCI APC estimable functions.
China,Female,Incidence,equal,40-44 years,42.0,2004-2008,2006.0,1964.0,60047.232569794505,277698221.1149844,21.623196694850705,primary_1994_2023,10-14 to 65-69,6,2,-4,7,21.613215929766678,Custom descriptive weighted least-squares age-period-cohort summaries; not asserted equivalent to conventional NCI APC estimable functions.
China,Female,Incidence,equal,40-44 years,42.0,2009-2013,2011.0,1969.0,65856.40780942769,303571794.3771086,21.69384937245465,primary_1994_2023,10-14 to 65-69,6,3,-3,8,21.59464199975761,Custom descriptive weighted least-squares age-period-cohort summaries; not asserted equivalent to conventional NCI APC estimable functions.
China,Female,Incidence,equal,40-44 years,42.0,2014-2018,2016.0,1974.0,59197.720502143406,272048942.68718094,21.75995242525632,primary_1994_2023,10-14 to 65-69,6,4,-2,9,21.67747595750878,Custom descriptive weighted least-squares age-period-cohort summaries; not asserted equivalent to conventional NCI APC estimable functions.
China,Female,Incidence,equal,40-44 years,42.0,2019-2023,2021.0,1979.0,49082.73677753347,226035787.20401463,21.714586608019083,primary_1994_2023,10-14 to 65-69,6,5,-1,10,21.952264527794668,Custom descriptive weighted least-squares age-period-cohort summaries; not asserted equivalent to conventional NCI APC estimable functions.
China,Female,Incidence,equal,45-49 years,47.0,1994-1998,1996.0,1949.0,38031.637060923815,168431811.5245526,22.579842083678994,primary_1994_2023,10-14 to 65-69,7,0,-7,4,22.487579488400833,Custom descriptive weighted least-squares age-period-cohort summaries; not asserted equivalent to conventional NCI APC estimable functions.
China,Female,Incidence,equal,45-49 years,47.0,1999-2003,2001.0,1954.0,46949.91656669846,210082765.89968053,22.348295142457406,primary_1994_2023,10-14 to 65-69,7,1,-6,5,22.445099842919475,Custom descriptive weighted least-squares age-period-cohort summaries; not asserted equivalent to conventional NCI APC estimable functions.
China,Female,Incidence,equal,45-49 years,47.0,2004-2008,2006.0,1959.0,44896.84791819433,200075259.34456038,22.439979868213015,primary_1994_2023,10-14 to 65-69,7,2,-5,6,22.426801808506234,Custom descriptive weighted least-squares age-period-cohort summaries; not asserted equivalent to conventional NCI APC estimable functions.
China,Female,Incidence,equal,45-49 years,47.0,2009-2013,2011.0,1964.0,62124.45172993637,276439806.71277773,22.473048461679753,primary_1994_2023,10-14 to 65-69,7,3,-4,7,22.36396262511348,Custom descriptive weighted least-squares age-period-cohort summaries; not asserted equivalent to conventional NCI APC estimable functions.
China,Female,Incidence,equal,45-49 years,47.0,2014-2018,2016.0,1969.0,67412.07038760115,301079131.01164305,22.390150443537134,primary_1994_2023,10-14 to 65-69,7,4,-3,8,22.373422966991686,Custom descriptive weighted least-squares age-period-cohort summaries; not asserted equivalent to conventional NCI APC estimable functions.
China,Female,Incidence,equal,45-49 years,47.0,2019-2023,2021.0,1974.0,60601.3481995247,269308542.12932324,22.502571853225376,primary_1994_2023,10-14 to 65-69,7,5,-2,9,22.63737835649836,Custom descriptive weighted least-squares age-period-cohort summaries; not asserted equivalent to conventional NCI APC estimable functions.
China,Female,Incidence,equal,50-54 years,52.0,1994-1998,1996.0,1944.0,28893.437870459282,124351803.36164068,23.235238323348803,primary_1994_2023,10-14 to 65-69,8,0,-8,3,23.170432641795387,Custom descriptive weighted least-squares age-period-cohort summaries; not asserted equivalent to conventional NCI APC estimable functions.
China,Female,Incidence,equal,50-54 years,52.0,1999-2003,2001.0,1949.0,38095.55959402662,164574392.68913192,23.147926582956398,primary_1994_2023,10-14 to 65-69,8,1,-7,4,23.233354879814673,Custom descriptive weighted least-squares age-period-cohort summaries; not asserted equivalent to conventional NCI APC estimable functions.
China,Female,Incidence,equal,50-54 years,52.0,2004-2008,2006.0,1954.0,48479.51264997283,208188328.74385858,23.286373901208883,primary_1994_2023,10-14 to 65-69,8,2,-6,5,23.265216006400056,Custom descriptive weighted least-squares age-period-cohort summaries; not asserted equivalent to conventional NCI APC estimable functions.
China,Female,Incidence,equal,50-54 years,52.0,2009-2013,2011.0,1959.0,46333.0077237244,199474996.8079333,23.227476358020272,primary_1994_2023,10-14 to 65-69,8,3,-5,6,23.16048251775633,Custom descriptive weighted least-squares age-period-cohort summaries; not asserted equivalent to conventional NCI APC estimable functions.
China,Female,Incidence,equal,50-54 years,52.0,2014-2018,2016.0,1964.0,63409.16243520245,274824207.8675048,23.072626289810895,primary_1994_2023,10-14 to 65-69,8,4,-4,7,23.12523073908226,Custom descriptive weighted least-squares age-period-cohort summaries; not asserted equivalent to conventional NCI APC estimable functions.
China,Female,Incidence,equal,50-54 years,52.0,2019-2023,2021.0,1969.0,69505.51214446977,298257808.35771906,23.303836545699923,primary_1994_2023,10-14 to 65-69,8,5,-3,8,23.318507070038905,Custom descriptive weighted least-squares age-period-cohort summaries; not asserted equivalent to conventional NCI APC estimable functions.
China,Female,Incidence,equal,55-59 years,57.0,1994-1998,1996.0,1939.0,25896.81650150913,107330251.07036625,24.128161672268003,primary_1994_2023,10-14 to 65-69,9,0,-9,2,24.06478424886483,Custom descriptive weighted least-squares age-period-cohort summaries; not asserted equivalent to conventional NCI APC estimable functions.
China,Female,Incidence,equal,55-59 years,57.0,1999-2003,2001.0,1944.0,28084.11159005073,118337484.4279483,23.732219529434225,primary_1994_2023,10-14 to 65-69,9,1,-8,3,23.877237603091434,Custom descriptive weighted least-squares age-period-cohort summaries; not asserted equivalent to conventional NCI APC estimable functions.
China,Female,Incidence,equal,55-59 years,57.0,2004-2008,2006.0,1949.0,38462.949936309655,159498061.496709,24.114995239050778,primary_1994_2023,10-14 to 65-69,9,2,-7,4,24.020287268970595,Custom descriptive weighted least-squares age-period-cohort summaries; not asserted equivalent to conventional NCI APC estimable functions.
China,Female,Incidence,equal,55-59 years,57.0,2009-2013,2011.0,1954.0,48852.708279198145,203438117.86534983,24.01354711290262,primary_1994_2023,10-14 to 65-69,9,3,-6,5,23.964483350743738,Custom descriptive weighted least-squares age-period-cohort summaries; not asserted equivalent to conventional NCI APC estimable functions.
China,Female,Incidence,equal,55-59 years,57.0,2014-2018,2016.0,1959.0,46269.13263094324,195137911.1357144,23.710991043029058,primary_1994_2023,10-14 to 65-69,9,4,-5,6,23.88722187185542,Custom descriptive weighted least-squares age-period-cohort summaries; not asserted equivalent to conventional NCI APC estimable functions.
China,Female,Incidence,equal,55-59 years,57.0,2019-2023,2021.0,1964.0,65123.82615670512,269576872.6146301,24.157794222133436,primary_1994_2023,10-14 to 65-69,9,5,-4,7,24.040035635285534,Custom descriptive weighted least-squares age-period-cohort summaries; not asserted equivalent to conventional NCI APC estimable functions.
China,Female,Incidence,equal,60-64 years,62.0,1994-1998,1996.0,1934.0,21169.978646342057,98569219.02247716,21.47727135944394,primary_1994_2023,10-14 to 65-69,10,0,-10,1,21.3836329416585,Custom descriptive weighted least-squares age-period-cohort summaries; not asserted equivalent to conventional NCI APC estimable functions.
China,Female,Incidence,equal,60-64 years,62.0,1999-2003,2001.0,1939.0,21501.36126923516,101409383.16292754,21.202536292613463,primary_1994_2023,10-14 to 65-69,10,1,-9,2,21.327071262806616,Custom descriptive weighted least-squares age-period-cohort summaries; not asserted equivalent to conventional NCI APC estimable functions.
China,Female,Incidence,equal,60-64 years,62.0,2004-2008,2006.0,1944.0,24357.173192755454,114471072.00671199,21.27801615357221,primary_1994_2023,10-14 to 65-69,10,2,-8,3,21.229983746219784,Custom descriptive weighted least-squares age-period-cohort summaries; not asserted equivalent to conventional NCI APC estimable functions.
China,Female,Incidence,equal,60-64 years,62.0,2009-2013,2011.0,1949.0,33261.88277990489,155894787.68381175,21.336109612187393,primary_1994_2023,10-14 to 65-69,10,3,-7,4,21.278376452959705,Custom descriptive weighted least-squares age-period-cohort summaries; not asserted equivalent to conventional NCI APC estimable functions.
China,Female,Incidence,equal,60-64 years,62.0,2014-2018,2016.0,1954.0,41819.76509249387,198615833.3088985,21.05560488093284,primary_1994_2023,10-14 to 65-69,10,4,-6,5,21.256189858777226,Custom descriptive weighted least-squares age-period-cohort summaries; not asserted equivalent to conventional NCI APC estimable functions.
China,Female,Incidence,equal,60-64 years,62.0,2019-2023,2021.0,1959.0,40875.46449988213,190258226.47877735,21.484203472506167,primary_1994_2023,10-14 to 65-69,10,5,-5,6,21.35570856162678,Custom descriptive weighted least-squares age-period-cohort summaries; not asserted equivalent to conventional NCI APC estimable functions.
China,Female,Incidence,equal,65-69 years,67.0,1994-1998,1996.0,1929.0,12188.66323108924,79422860.68942583,15.346542702297816,primary_1994_2023,10-14 to 65-69,11,0,-11,0,15.34654270229784,Custom descriptive weighted least-squares age-period-cohort summaries; not asserted equivalent to conventional NCI APC estimable functions.
China,Female,Incidence,equal,65-69 years,67.0,1999-2003,2001.0,1934.0,13482.541780974294,88977305.44212008,15.152787234880602,primary_1994_2023,10-14 to 65-69,11,1,-10,1,15.219140928174188,Custom descriptive weighted least-squares age-period-cohort summaries; not asserted equivalent to conventional NCI APC estimable functions.
China,Female,Incidence,equal,65-69 years,67.0,2004-2008,2006.0,1939.0,14326.164343186829,93771871.83554113,15.277677690291098,primary_1994_2023,10-14 to 65-69,11,2,-9,2,15.228467491754444,Custom descriptive weighted least-squares age-period-cohort summaries; not asserted equivalent to conventional NCI APC estimable functions.
China,Female,Incidence,equal,65-69 years,67.0,2009-2013,2011.0,1944.0,16380.600727948076,108345083.55283177,15.118914666728266,primary_1994_2023,10-14 to 65-69,11,3,-8,3,15.103213186073564,Custom descriptive weighted least-squares age-period-cohort summaries; not asserted equivalent to conventional NCI APC estimable functions.
China,Female,Incidence,equal,65-69 years,67.0,2014-2018,2016.0,1949.0,22349.951557727683,148499652.15076858,15.050507684042415,primary_1994_2023,10-14 to 65-69,11,4,-7,4,15.157069360054031,Custom descriptive weighted least-squares age-period-cohort summaries; not asserted equivalent to conventional NCI APC estimable functions.
China,Female,Incidence,equal,65-69 years,67.0,2019-2023,2021.0,1954.0,29314.29112497606,190711524.93917972,15.371011864293337,primary_1994_2023,10-14 to 65-69,11,5,-6,5,15.261357378470555,Custom descriptive weighted least-squares age-period-cohort summaries; not asserted equivalent to conventional NCI APC estimable functions.
China,Female,Prevalence,equal,10-14 years,12.0,1994-1998,1996.0,1984.0,28237.706360738983,269624940.28498524,10.472957854304056,primary_1994_2023,10-14 to 65-69,0,0,0,11,10.468285855057026,Custom descriptive weighted least-squares age-period-cohort summaries; not asserted equivalent to conventional NCI APC estimable functions.
China,Female,Prevalence,equal,10-14 years,12.0,1999-2003,2001.0,1989.0,30121.275543793927,287547903.9977516,10.47521999813619,primary_1994_2023,10-14 to 65-69,0,1,1,12,10.374716521617982,Custom descriptive weighted least-squares age-period-cohort summaries; not asserted equivalent to conventional NCI APC estimable functions.
China,Female,Prevalence,equal,10-14 years,12.0,2004-2008,2006.0,1994.0,21837.05799244505,215213129.33324507,10.146712730816542,primary_1994_2023,10-14 to 65-69,0,2,2,13,10.109808352451575,Custom descriptive weighted least-squares age-period-cohort summaries; not asserted equivalent to conventional NCI APC estimable functions.
China,Female,Prevalence,equal,10-14 years,12.0,2009-2013,2011.0,1999.0,17005.583063245835,170979253.76550967,9.945992094788426,primary_1994_2023,10-14 to 65-69,0,3,3,14,10.028683942969206,Custom descriptive weighted least-squares age-period-cohort summaries; not asserted equivalent to conventional NCI APC estimable functions.
China,Female,Prevalence,equal,10-14 years,12.0,2014-2018,2016.0,2004.0,17377.41778872089,173637222.2861553,10.007887456344347,primary_1994_2023,10-14 to 65-69,0,4,4,15,10.062588577743938,Custom descriptive weighted least-squares age-period-cohort summaries; not asserted equivalent to conventional NCI APC estimable functions.
China,Female,Prevalence,equal,10-14 years,12.0,2019-2023,2021.0,2009.0,20208.11940899796,201118403.00707868,10.04787185401761,primary_1994_2023,10-14 to 65-69,0,5,5,16,10.047871854017643,Custom descriptive weighted least-squares age-period-cohort summaries; not asserted equivalent to conventional NCI APC estimable functions.
China,Female,Prevalence,equal,15-19 years,17.0,1994-1998,1996.0,1979.0,192452.53713267535,242527348.09805286,79.35292190424131,primary_1994_2023,10-14 to 65-69,1,0,-1,10,79.13350778821864,Custom descriptive weighted least-squares age-period-cohort summaries; not asserted equivalent to conventional NCI APC estimable functions.
China,Female,Prevalence,equal,15-19 years,17.0,1999-2003,2001.0,1984.0,216087.5961589697,270089638.8181737,80.00588141940588,primary_1994_2023,10-14 to 65-69,1,1,0,11,79.38166637681485,Custom descriptive weighted least-squares age-period-cohort summaries; not asserted equivalent to conventional NCI APC estimable functions.
China,Female,Prevalence,equal,15-19 years,17.0,2004-2008,2006.0,1989.0,236212.65395560718,302382382.4618558,78.11720115189063,primary_1994_2023,10-14 to 65-69,1,2,1,12,78.33285295966698,Custom descriptive weighted least-squares age-period-cohort summaries; not asserted equivalent to conventional NCI APC estimable functions.
China,Female,Prevalence,equal,15-19 years,17.0,2009-2013,2011.0,1994.0,171817.18446747924,226612677.11389786,75.8197584776434,primary_1994_2023,10-14 to 65-69,1,3,2,13,76.59760989276508,Custom descriptive weighted least-squares age-period-cohort summaries; not asserted equivalent to conventional NCI APC estimable functions.
China,Female,Prevalence,equal,15-19 years,17.0,2014-2018,2016.0,1999.0,133805.118760738,176021283.67355502,76.01644299384265,primary_1994_2023,10-14 to 65-69,1,4,3,14,76.25160060243252,Custom descriptive weighted least-squares age-period-cohort summaries; not asserted equivalent to conventional NCI APC estimable functions.
China,Female,Prevalence,equal,15-19 years,17.0,2019-2023,2021.0,2004.0,134997.1147163596,175295140.0224603,77.01132769514466,primary_1994_2023,10-14 to 65-69,1,5,4,15,76.59268730725158,Custom descriptive weighted least-squares age-period-cohort summaries; not asserted equivalent to conventional NCI APC estimable functions.
China,Female,Prevalence,equal,20-24 years,22.0,1994-1998,1996.0,1974.0,671865.1058573814,277180223.35041225,242.39287267187422,primary_1994_2023,10-14 to 65-69,2,0,-2,9,242.39083916611196,Custom descriptive weighted least-squares age-period-cohort summaries; not asserted equivalent to conventional NCI APC estimable functions.
China,Female,Prevalence,equal,20-24 years,22.0,1999-2003,2001.0,1979.0,567937.4731192808,233265107.91878718,243.4729643822307,primary_1994_2023,10-14 to 65-69,2,1,-1,10,243.39667509946466,Custom descriptive weighted least-squares age-period-cohort summaries; not asserted equivalent to conventional NCI APC estimable functions.
China,Female,Prevalence,equal,20-24 years,22.0,2004-2008,2006.0,1984.0,651948.8609164247,269616535.52198684,241.80596329310046,primary_1994_2023,10-14 to 65-69,2,2,0,11,243.10702159333988,Custom descriptive weighted least-squares age-period-cohort summaries; not asserted equivalent to conventional NCI APC estimable functions.
China,Female,Prevalence,equal,20-24 years,22.0,2009-2013,2011.0,1989.0,729666.2924506096,304524092.73245245,239.60872386267215,primary_1994_2023,10-14 to 65-69,2,3,1,12,240.72756650982168,Custom descriptive weighted least-squares age-period-cohort summaries; not asserted equivalent to conventional NCI APC estimable functions.
China,Female,Prevalence,equal,20-24 years,22.0,2014-2018,2016.0,1994.0,524579.0023801121,222435645.53801268,235.83405488418683,primary_1994_2023,10-14 to 65-69,2,4,2,13,236.22715746470377,Custom descriptive weighted least-squares age-period-cohort summaries; not asserted equivalent to conventional NCI APC estimable functions.
China,Female,Prevalence,equal,20-24 years,22.0,2019-2023,2021.0,1999.0,411950.1669537508,173010032.04828298,238.10767622930982,primary_1994_2023,10-14 to 65-69,2,5,3,14,235.41608946634852,Custom descriptive weighted least-squares age-period-cohort summaries; not asserted equivalent to conventional NCI APC estimable functions.
China,Female,Prevalence,equal,25-29 years,27.0,1994-1998,1996.0,1969.0,1168685.1773949652,308978730.38093084,378.241303520837,primary_1994_2023,10-14 to 65-69,3,0,-3,8,379.63830485269114,Custom descriptive weighted least-squares age-period-cohort summaries; not asserted equivalent to conventional NCI APC estimable functions.
China,Female,Prevalence,equal,25-29 years,27.0,1999-2003,2001.0,1974.0,1046573.3632906361,276039084.94366837,379.13955681464876,primary_1994_2023,10-14 to 65-69,3,1,-2,9,379.5511882071971,Custom descriptive weighted least-squares age-period-cohort summaries; not asserted equivalent to conventional NCI APC estimable functions.
China,Female,Prevalence,equal,25-29 years,27.0,2004-2008,2006.0,1979.0,891349.7177479854,235561075.7121193,378.3943145332337,primary_1994_2023,10-14 to 65-69,3,2,-1,10,379.48259498498464,Custom descriptive weighted least-squares age-period-cohort summaries; not asserted equivalent to conventional NCI APC estimable functions.
China,Female,Prevalence,equal,25-29 years,27.0,2009-2013,2011.0,1984.0,1031099.6299679106,270985531.92668825,380.49988227668985,primary_1994_2023,10-14 to 65-69,3,3,0,11,380.3464027646885,Custom descriptive weighted least-squares age-period-cohort summaries; not asserted equivalent to conventional NCI APC estimable functions.
China,Female,Prevalence,equal,25-29 years,27.0,2014-2018,2016.0,1989.0,1114215.56162076,295092497.31285363,377.58179952622845,primary_1994_2023,10-14 to 65-69,3,4,1,12,377.95523102648457,Custom descriptive weighted least-squares age-period-cohort summaries; not asserted equivalent to conventional NCI APC estimable functions.
China,Female,Prevalence,equal,25-29 years,27.0,2019-2023,2021.0,1994.0,778737.569536937,208017806.1240198,374.36101459153707,primary_1994_2023,10-14 to 65-69,3,5,2,13,371.2931441339405,Custom descriptive weighted least-squares age-period-cohort summaries; not asserted equivalent to conventional NCI APC estimable functions.
China,Female,Prevalence,equal,30-34 years,32.0,1994-1998,1996.0,1964.0,1287773.5942375893,285587416.1163933,450.92098655801675,primary_1994_2023,10-14 to 65-69,4,0,-4,7,452.8535787637485,Custom descriptive weighted least-squares age-period-cohort summaries; not asserted equivalent to conventional NCI APC estimable functions.
China,Female,Prevalence,equal,30-34 years,32.0,1999-2003,2001.0,1969.0,1395703.316059616,308153140.08709496,452.9252292107557,primary_1994_2023,10-14 to 65-69,4,1,-3,8,452.6993963488626,Custom descriptive weighted least-squares age-period-cohort summaries; not asserted equivalent to conventional NCI APC estimable functions.
China,Female,Prevalence,equal,30-34 years,32.0,2004-2008,2006.0,1974.0,1259158.7475686218,279146855.10048306,451.07395070432324,primary_1994_2023,10-14 to 65-69,4,2,-2,9,450.6437088279697,Custom descriptive weighted least-squares age-period-cohort summaries; not asserted equivalent to conventional NCI APC estimable functions.
China,Female,Prevalence,equal,30-34 years,32.0,2009-2013,2011.0,1979.0,1077963.520812067,237854241.40281895,453.203404931711,primary_1994_2023,10-14 to 65-69,4,3,-1,10,452.1259236259493,Custom descriptive weighted least-squares age-period-cohort summaries; not asserted equivalent to conventional NCI APC estimable functions.
China,Female,Prevalence,equal,30-34 years,32.0,2014-2018,2016.0,1984.0,1219629.9918198395,267743419.97628292,455.52192913942605,primary_1994_2023,10-14 to 65-69,4,4,0,11,454.75720099553325,Custom descriptive weighted least-squares age-period-cohort summaries; not asserted equivalent to conventional NCI APC estimable functions.
China,Female,Prevalence,equal,30-34 years,32.0,2019-2023,2021.0,1989.0,1293019.6566462368,286173265.9956433,451.8310444365274,primary_1994_2023,10-14 to 65-69,4,5,1,12,452.39021553022945,Custom descriptive weighted least-squares age-period-cohort summaries; not asserted equivalent to conventional NCI APC estimable functions.
China,Female,Prevalence,equal,35-39 years,37.0,1994-1998,1996.0,1959.0,1024478.1413745468,210141763.53976008,487.51762815615155,primary_1994_2023,10-14 to 65-69,5,0,-5,6,489.075231207276,Custom descriptive weighted least-squares age-period-cohort summaries; not asserted equivalent to conventional NCI APC estimable functions.
China,Female,Prevalence,equal,35-39 years,37.0,1999-2003,2001.0,1964.0,1383192.2692705053,282204424.2525181,490.1384069134285,primary_1994_2023,10-14 to 65-69,5,1,-4,7,489.74947257247186,Custom descriptive weighted least-squares age-period-cohort summaries; not asserted equivalent to conventional NCI APC estimable functions.
China,Female,Prevalence,equal,35-39 years,37.0,2004-2008,2006.0,1969.0,1500459.3790558274,307166596.4732847,488.4839029644707,primary_1994_2023,10-14 to 65-69,5,2,-3,8,487.4714166051511,Custom descriptive weighted least-squares age-period-cohort summaries; not asserted equivalent to conventional NCI APC estimable functions.
China,Female,Prevalence,equal,35-39 years,37.0,2009-2013,2011.0,1974.0,1353955.1866346933,277394763.72455376,488.0968798600459,primary_1994_2023,10-14 to 65-69,5,3,-2,9,486.94189629279145,Custom descriptive weighted least-squares age-period-cohort summaries; not asserted equivalent to conventional NCI APC estimable functions.
China,Female,Prevalence,equal,35-39 years,37.0,2014-2018,2016.0,1979.0,1141641.8593198103,232173910.55011278,491.7184091075541,primary_1994_2023,10-14 to 65-69,5,4,-1,10,490.2707272979957,Custom descriptive weighted least-squares age-period-cohort summaries; not asserted equivalent to conventional NCI APC estimable functions.
China,Female,Prevalence,equal,35-39 years,37.0,2019-2023,2021.0,1984.0,1270267.62344536,258604707.3790096,491.20050300695533,primary_1994_2023,10-14 to 65-69,5,5,0,11,493.660877036665,Custom descriptive weighted least-squares age-period-cohort summaries; not asserted equivalent to conventional NCI APC estimable functions.
China,Female,Prevalence,equal,40-44 years,42.0,1994-1998,1996.0,1954.0,1085636.4779172426,216168736.6214835,502.21715447142446,primary_1994_2023,10-14 to 65-69,6,0,-6,5,503.31281891905155,Custom descriptive weighted least-squares age-period-cohort summaries; not asserted equivalent to conventional NCI APC estimable functions.
China,Female,Prevalence,equal,40-44 years,42.0,1999-2003,2001.0,1959.0,1022595.7602446661,202613906.72692266,504.7016647395739,primary_1994_2023,10-14 to 65-69,6,1,-5,6,504.61624789180246,Custom descriptive weighted least-squares age-period-cohort summaries; not asserted equivalent to conventional NCI APC estimable functions.
China,Female,Prevalence,equal,40-44 years,42.0,2004-2008,2006.0,1964.0,1399308.111806448,277698221.1149844,503.89523785499773,primary_1994_2023,10-14 to 65-69,6,2,-4,7,503.13277084520087,Custom descriptive weighted least-squares age-period-cohort summaries; not asserted equivalent to conventional NCI APC estimable functions.
China,Female,Prevalence,equal,40-44 years,42.0,2009-2013,2011.0,1969.0,1529758.6248896169,303571794.3771086,503.9198809719759,primary_1994_2023,10-14 to 65-69,6,3,-3,8,502.5304404615341,Custom descriptive weighted least-squares age-period-cohort summaries; not asserted equivalent to conventional NCI APC estimable functions.
China,Female,Prevalence,equal,40-44 years,42.0,2014-2018,2016.0,1974.0,1374965.8438568853,272048942.68718094,505.41120662906155,primary_1994_2023,10-14 to 65-69,6,4,-2,9,503.7593101609296,Custom descriptive weighted least-squares age-period-cohort summaries; not asserted equivalent to conventional NCI APC estimable functions.
China,Female,Prevalence,equal,40-44 years,42.0,2019-2023,2021.0,1979.0,1141369.0036690626,226035787.20401463,504.95057344122665,primary_1994_2023,10-14 to 65-69,6,5,-1,10,507.7553143125721,Custom descriptive weighted least-squares age-period-cohort summaries; not asserted equivalent to conventional NCI APC estimable functions.
China,Female,Prevalence,equal,45-49 years,47.0,1994-1998,1996.0,1949.0,857234.8111063754,168431811.5245526,508.9506568546375,primary_1994_2023,10-14 to 65-69,7,0,-7,4,509.1252773405944,Custom descriptive weighted least-squares age-period-cohort summaries; not asserted equivalent to conventional NCI APC estimable functions.
China,Female,Prevalence,equal,45-49 years,47.0,1999-2003,2001.0,1954.0,1071394.9701523085,210082765.89968053,509.9870832164904,primary_1994_2023,10-14 to 65-69,7,1,-6,5,510.8231548138603,Custom descriptive weighted least-squares age-period-cohort summaries; not asserted equivalent to conventional NCI APC estimable functions.
China,Female,Prevalence,equal,45-49 years,47.0,2004-2008,2006.0,1959.0,1021412.2135810192,200075259.34456038,510.51400204459577,primary_1994_2023,10-14 to 65-69,7,2,-5,6,509.93741802572214,Custom descriptive weighted least-squares age-period-cohort summaries; not asserted equivalent to conventional NCI APC estimable functions.
China,Female,Prevalence,equal,45-49 years,47.0,2009-2013,2011.0,1964.0,1414999.7763765263,276439806.71277773,511.8654195293653,primary_1994_2023,10-14 to 65-69,7,3,-4,7,510.2028098834865,Custom descriptive weighted least-squares age-period-cohort summaries; not asserted equivalent to conventional NCI APC estimable functions.
China,Female,Prevalence,equal,45-49 years,47.0,2014-2018,2016.0,1969.0,1544507.927126468,301079131.01164305,512.9906951494223,primary_1994_2023,10-14 to 65-69,7,4,-3,8,511.3936594200438,Custom descriptive weighted least-squares age-period-cohort summaries; not asserted equivalent to conventional NCI APC estimable functions.
China,Female,Prevalence,equal,45-49 years,47.0,2019-2023,2021.0,1974.0,1374488.9694143194,269308542.12932324,510.3770413469779,primary_1994_2023,10-14 to 65-69,7,5,-2,9,513.2023327655215,Custom descriptive weighted least-squares age-period-cohort summaries; not asserted equivalent to conventional NCI APC estimable functions.
China,Female,Prevalence,equal,50-54 years,52.0,1994-1998,1996.0,1944.0,632575.5134024713,124351803.36164068,508.698302961326,primary_1994_2023,10-14 to 65-69,8,0,-8,3,507.880563320389,Custom descriptive weighted least-squares age-period-cohort summaries; not asserted equivalent to conventional NCI APC estimable functions.
China,Female,Prevalence,equal,50-54 years,52.0,1999-2003,2001.0,1949.0,841617.9539692169,164574392.68913192,511.39058769547887,primary_1994_2023,10-14 to 65-69,8,1,-7,4,512.7495573503903,Custom descriptive weighted least-squares age-period-cohort summaries; not asserted equivalent to conventional NCI APC estimable functions.
China,Female,Prevalence,equal,50-54 years,52.0,2004-2008,2006.0,1954.0,1066919.2336085457,208188328.74385858,512.4779280596532,primary_1994_2023,10-14 to 65-69,8,2,-6,5,512.2409292774072,Custom descriptive weighted least-squares age-period-cohort summaries; not asserted equivalent to conventional NCI APC estimable functions.
China,Female,Prevalence,equal,50-54 years,52.0,2009-2013,2011.0,1959.0,1026906.8061318177,199474996.8079333,514.8047738136255,primary_1994_2023,10-14 to 65-69,8,3,-5,6,513.1273607188222,Custom descriptive weighted least-squares age-period-cohort summaries; not asserted equivalent to conventional NCI APC estimable functions.
China,Female,Prevalence,equal,50-54 years,52.0,2014-2018,2016.0,1964.0,1418875.6161341432,274824207.8675048,516.284801525998,primary_1994_2023,10-14 to 65-69,8,4,-4,7,515.209499874028,Custom descriptive weighted least-squares age-period-cohort summaries; not asserted equivalent to conventional NCI APC estimable functions.
China,Female,Prevalence,equal,50-54 years,52.0,2019-2023,2021.0,1969.0,1534584.6732242506,298257808.35771906,514.5161770194892,primary_1994_2023,10-14 to 65-69,8,5,-3,8,516.9742673750843,Custom descriptive weighted least-squares age-period-cohort summaries; not asserted equivalent to conventional NCI APC estimable functions.
China,Female,Prevalence,equal,55-59 years,57.0,1994-1998,1996.0,1939.0,544594.4303016164,107330251.07036625,507.4006860792467,primary_1994_2023,10-14 to 65-69,9,0,-9,2,505.54889097881414,Custom descriptive weighted least-squares age-period-cohort summaries; not asserted equivalent to conventional NCI APC estimable functions.
China,Female,Prevalence,equal,55-59 years,57.0,1999-2003,2001.0,1944.0,599270.1789535709,118337484.4279483,506.4077387232668,primary_1994_2023,10-14 to 65-69,9,1,-8,3,508.46346776421547,Custom descriptive weighted least-squares age-period-cohort summaries; not asserted equivalent to conventional NCI APC estimable functions.
China,Female,Prevalence,equal,55-59 years,57.0,2004-2008,2006.0,1949.0,815734.9256287885,159498061.496709,511.43877108852513,primary_1994_2023,10-14 to 65-69,9,2,-7,4,511.1242942210914,Custom descriptive weighted least-squares age-period-cohort summaries; not asserted equivalent to conventional NCI APC estimable functions.
China,Female,Prevalence,equal,55-59 years,57.0,2009-2013,2011.0,1954.0,1045423.7077907021,203438117.86534983,513.877988432158,primary_1994_2023,10-14 to 65-69,9,3,-6,5,512.3893525468574,Custom descriptive weighted least-squares age-period-cohort summaries; not asserted equivalent to conventional NCI APC estimable functions.
China,Female,Prevalence,equal,55-59 years,57.0,2014-2018,2016.0,1959.0,1005387.154603594,195137911.1357144,515.2187746359383,primary_1994_2023,10-14 to 65-69,9,4,-5,6,515.090709458231,Custom descriptive weighted least-squares age-period-cohort summaries; not asserted equivalent to conventional NCI APC estimable functions.
China,Female,Prevalence,equal,55-59 years,57.0,2019-2023,2021.0,1964.0,1391022.436484055,269576872.6146301,516.0021417981845,primary_1994_2023,10-14 to 65-69,9,5,-4,7,517.7438843657839,Custom descriptive weighted least-squares age-period-cohort summaries; not asserted equivalent to conventional NCI APC estimable functions.
China,Female,Prevalence,equal,60-64 years,62.0,1994-1998,1996.0,1934.0,492376.8115441955,98569219.02247716,499.5239045486571,primary_1994_2023,10-14 to 65-69,10,0,-10,1,496.9395795264064,Custom descriptive weighted least-squares age-period-cohort summaries; not asserted equivalent to conventional NCI APC estimable functions.
China,Female,Prevalence,equal,60-64 years,62.0,1999-2003,2001.0,1939.0,502467.54832815984,101409383.16292754,495.48427636215825,primary_1994_2023,10-14 to 65-69,10,1,-9,2,497.78537177502943,Custom descriptive weighted least-squares age-period-cohort summaries; not asserted equivalent to conventional NCI APC estimable functions.
China,Female,Prevalence,equal,60-64 years,62.0,2004-2008,2006.0,1944.0,570418.7370519324,114471072.00671199,498.30819878972216,primary_1994_2023,10-14 to 65-69,10,2,-8,3,498.49612918959247,Custom descriptive weighted least-squares age-period-cohort summaries; not asserted equivalent to conventional NCI APC estimable functions.
China,Female,Prevalence,equal,60-64 years,62.0,2009-2013,2011.0,1949.0,786257.6517489993,155894787.68381175,504.35146898156677,primary_1994_2023,10-14 to 65-69,10,3,-7,4,502.8438573944782,Custom descriptive weighted least-squares age-period-cohort summaries; not asserted equivalent to conventional NCI APC estimable functions.
China,Female,Prevalence,equal,60-64 years,62.0,2014-2018,2016.0,1954.0,1003184.4486808059,198615833.3088985,505.0878532531679,primary_1994_2023,10-14 to 65-69,10,4,-6,5,505.870607354421,Custom descriptive weighted least-squares age-period-cohort summaries; not asserted equivalent to conventional NCI APC estimable functions.
China,Female,Prevalence,equal,60-64 years,62.0,2019-2023,2021.0,1959.0,967018.5059535874,190258226.47877735,508.2663303715043,primary_1994_2023,10-14 to 65-69,10,5,-5,6,509.091255806322,Custom descriptive weighted least-squares age-period-cohort summaries; not asserted equivalent to conventional NCI APC estimable functions.
China,Female,Prevalence,equal,65-69 years,67.0,1994-1998,1996.0,1929.0,366569.98987034685,79422860.68942583,461.54216391647947,primary_1994_2023,10-14 to 65-69,11,0,-11,0,461.5421639164793,Custom descriptive weighted least-squares age-period-cohort summaries; not asserted equivalent to conventional NCI APC estimable functions.
China,Female,Prevalence,equal,65-69 years,67.0,1999-2003,2001.0,1934.0,408111.9044287321,88977305.44212008,458.6696600901336,primary_1994_2023,10-14 to 65-69,11,1,-10,1,461.0549631095604,Custom descriptive weighted least-squares age-period-cohort summaries; not asserted equivalent to conventional NCI APC estimable functions.
China,Female,Prevalence,equal,65-69 years,67.0,2004-2008,2006.0,1939.0,431629.6405671777,93771871.83554113,460.29756271067924,primary_1994_2023,10-14 to 65-69,11,2,-9,2,459.84800911481733,Custom descriptive weighted least-squares age-period-cohort summaries; not asserted equivalent to conventional NCI APC estimable functions.
China,Female,Prevalence,equal,65-69 years,67.0,2009-2013,2011.0,1944.0,502079.22614263796,108345083.55283177,463.4074843809702,primary_1994_2023,10-14 to 65-69,11,3,-8,3,462.10275848608484,Custom descriptive weighted least-squares age-period-cohort summaries; not asserted equivalent to conventional NCI APC estimable functions.
China,Female,Prevalence,equal,65-69 years,67.0,2014-2018,2016.0,1949.0,694228.3741215182,148499652.15076858,467.49494969636885,primary_1994_2023,10-14 to 65-69,11,4,-7,4,467.78107142689356,Custom descriptive weighted least-squares age-period-cohort summaries; not asserted equivalent to conventional NCI APC estimable functions.
China,Female,Prevalence,equal,65-69 years,67.0,2019-2023,2021.0,1954.0,900260.1207499651,190711524.93917972,472.0533386941714,primary_1994_2023,10-14 to 65-69,11,5,-6,5,471.10912087321697,Custom descriptive weighted least-squares age-period-cohort summaries; not asserted equivalent to conventional NCI APC estimable functions.
China,Male,DALYs,equal,10-14 years,12.0,1994-1998,1996.0,1984.0,24168.293542322048,290895688.006566,8.308233686082184,primary_1994_2023,10-14 to 65-69,0,0,0,11,8.280131511757059,Custom descriptive weighted least-squares age-period-cohort summaries; not asserted equivalent to conventional NCI APC estimable functions.
China,Male,DALYs,equal,10-14 years,12.0,1999-2003,2001.0,1989.0,26131.687260438113,314641448.28331536,8.305227236593485,primary_1994_2023,10-14 to 65-69,0,1,1,12,8.213577586796807,Custom descriptive weighted least-squares age-period-cohort summaries; not asserted equivalent to conventional NCI APC estimable functions.
China,Male,DALYs,equal,10-14 years,12.0,2004-2008,2006.0,1994.0,19605.62007048878,243778472.7181506,8.042391869915525,primary_1994_2023,10-14 to 65-69,0,2,2,13,8.06863423028104,Custom descriptive weighted least-squares age-period-cohort summaries; not asserted equivalent to conventional NCI APC estimable functions.
China,Male,DALYs,equal,10-14 years,12.0,2009-2013,2011.0,1999.0,16022.267185759387,199407344.59056306,8.03494335610226,primary_1994_2023,10-14 to 65-69,0,3,3,14,8.093085195891641,Custom descriptive weighted least-squares age-period-cohort summaries; not asserted equivalent to conventional NCI APC estimable functions.
China,Male,DALYs,equal,10-14 years,12.0,2014-2018,2016.0,2004.0,16407.92894778228,203330016.7593913,8.069604876489263,primary_1994_2023,10-14 to 65-69,0,4,4,15,8.102085167615003,Custom descriptive weighted least-squares age-period-cohort summaries; not asserted equivalent to conventional NCI APC estimable functions.
China,Male,DALYs,equal,10-14 years,12.0,2019-2023,2021.0,2009.0,18668.143761300642,230176164.9974368,8.110372227944856,primary_1994_2023,10-14 to 65-69,0,5,5,16,8.110372227944877,Custom descriptive weighted least-squares age-period-cohort summaries; not asserted equivalent to conventional NCI APC estimable functions.
China,Male,DALYs,equal,15-19 years,17.0,1994-1998,1996.0,1979.0,158717.72129949305,254993660.90354675,62.24379097781933,primary_1994_2023,10-14 to 65-69,1,0,-1,10,62.0654493419302,Custom descriptive weighted least-squares age-period-cohort summaries; not asserted equivalent to conventional NCI APC estimable functions.
China,Male,DALYs,equal,15-19 years,17.0,1999-2003,2001.0,1984.0,176838.24616537945,283384216.50349003,62.40229196505078,primary_1994_2023,10-14 to 65-69,1,1,0,11,62.090600161549986,Custom descriptive weighted least-squares age-period-cohort summaries; not asserted equivalent to conventional NCI APC estimable functions.
China,Male,DALYs,equal,15-19 years,17.0,2004-2008,2006.0,1989.0,194870.9126072859,317689852.4225949,61.33998650610541,primary_1994_2023,10-14 to 65-69,1,2,1,12,61.668196020990656,Custom descriptive weighted least-squares age-period-cohort summaries; not asserted equivalent to conventional NCI APC estimable functions.
China,Male,DALYs,equal,15-19 years,17.0,2009-2013,2011.0,1994.0,149071.17083917864,247558661.53252834,60.21650380412612,primary_1994_2023,10-14 to 65-69,1,3,2,13,60.59626644700927,Custom descriptive weighted least-squares age-period-cohort summaries; not asserted equivalent to conventional NCI APC estimable functions.
China,Male,DALYs,equal,15-19 years,17.0,2014-2018,2016.0,1999.0,122300.21356155575,200763628.17393932,60.917515126592676,primary_1994_2023,10-14 to 65-69,1,4,3,14,60.93399192339013,Custom descriptive weighted least-squares age-period-cohort summaries; not asserted equivalent to conventional NCI APC estimable functions.
China,Male,DALYs,equal,15-19 years,17.0,2019-2023,2021.0,2004.0,124469.56975287035,202729690.04219913,61.39681352393989,primary_1994_2023,10-14 to 65-69,1,5,4,15,61.15068103629092,Custom descriptive weighted least-squares age-period-cohort summaries; not asserted equivalent to conventional NCI APC estimable functions.
China,Male,DALYs,equal,20-24 years,22.0,1994-1998,1996.0,1974.0,576996.2197875977,290754722.69427276,198.44775501524921,primary_1994_2023,10-14 to 65-69,2,0,-2,9,198.29933431460847,Custom descriptive weighted least-squares age-period-cohort summaries; not asserted equivalent to conventional NCI APC estimable functions.
China,Male,DALYs,equal,20-24 years,22.0,1999-2003,2001.0,1979.0,472056.98964381363,239806950.99334234,196.84875175153667,primary_1994_2023,10-14 to 65-69,2,1,-1,10,197.94100758424287,Custom descriptive weighted least-squares age-period-cohort summaries; not asserted equivalent to conventional NCI APC estimable functions.
China,Male,DALYs,equal,20-24 years,22.0,2004-2008,2006.0,1984.0,538602.2321672144,272823739.1536675,197.4176564832753,primary_1994_2023,10-14 to 65-69,2,2,0,11,198.26770869097,Custom descriptive weighted least-squares age-period-cohort summaries; not asserted equivalent to conventional NCI APC estimable functions.
China,Male,DALYs,equal,20-24 years,22.0,2009-2013,2011.0,1989.0,606646.7720425843,309228856.3356999,196.18051796046046,primary_1994_2023,10-14 to 65-69,2,3,1,12,196.97192625294483,Custom descriptive weighted least-squares age-period-cohort summaries; not asserted equivalent to conventional NCI APC estimable functions.
China,Male,DALYs,equal,20-24 years,22.0,2014-2018,2016.0,1994.0,466922.4345972116,239283207.79312164,195.13380771830057,primary_1994_2023,10-14 to 65-69,2,4,2,13,194.03882433991294,Custom descriptive weighted least-squares age-period-cohort summaries; not asserted equivalent to conventional NCI APC estimable functions.
China,Male,DALYs,equal,20-24 years,22.0,2019-2023,2021.0,1999.0,385921.99354471033,195834593.82530308,197.06528147369986,primary_1994_2023,10-14 to 65-69,2,5,3,14,195.59663290068573,Custom descriptive weighted least-squares age-period-cohort summaries; not asserted equivalent to conventional NCI APC estimable functions.
China,Male,DALYs,equal,25-29 years,27.0,1994-1998,1996.0,1969.0,1042631.831959029,333919827.55217385,312.24016842669255,primary_1994_2023,10-14 to 65-69,3,0,-3,8,311.69443092547345,Custom descriptive weighted least-squares age-period-cohort summaries; not asserted equivalent to conventional NCI APC estimable functions.
China,Male,DALYs,equal,25-29 years,27.0,1999-2003,2001.0,1974.0,890327.5343605932,288125301.72059166,309.0070636087297,primary_1994_2023,10-14 to 65-69,3,1,-2,9,310.4718268754628,Custom descriptive weighted least-squares age-period-cohort summaries; not asserted equivalent to conventional NCI APC estimable functions.
China,Male,DALYs,equal,25-29 years,27.0,2004-2008,2006.0,1979.0,750552.9902520659,241363465.25107664,310.96379457069384,primary_1994_2023,10-14 to 65-69,3,2,-1,10,310.2965698373723,Custom descriptive weighted least-squares age-period-cohort summaries; not asserted equivalent to conventional NCI APC estimable functions.
China,Male,DALYs,equal,25-29 years,27.0,2009-2013,2011.0,1984.0,844727.8143012705,272406270.67460907,310.0985202026803,primary_1994_2023,10-14 to 65-69,3,3,0,11,310.89242728690624,Custom descriptive weighted least-squares age-period-cohort summaries; not asserted equivalent to conventional NCI APC estimable functions.
China,Male,DALYs,equal,25-29 years,27.0,2014-2018,2016.0,1989.0,938866.9975685041,303369202.9959964,309.47999608941666,primary_1994_2023,10-14 to 65-69,3,4,1,12,309.64364294238555,Custom descriptive weighted least-squares age-period-cohort summaries; not asserted equivalent to conventional NCI APC estimable functions.
China,Male,DALYs,equal,25-29 years,27.0,2019-2023,2021.0,1994.0,709734.122990702,231200621.01524952,306.9776023412539,primary_1994_2023,10-14 to 65-69,3,5,2,13,305.77744428398023,Custom descriptive weighted least-squares age-period-cohort summaries; not asserted equivalent to conventional NCI APC estimable functions.
China,Male,DALYs,equal,30-34 years,32.0,1994-1998,1996.0,1964.0,1109829.0842238641,302902148.77291167,366.398551056801,primary_1994_2023,10-14 to 65-69,4,0,-4,7,366.4877033444144,Custom descriptive weighted least-squares age-period-cohort summaries; not asserted equivalent to conventional NCI APC estimable functions.
China,Male,DALYs,equal,30-34 years,32.0,1999-2003,2001.0,1969.0,1188562.4186418783,325868243.42850655,364.7371115813074,primary_1994_2023,10-14 to 65-69,4,1,-3,8,365.61428109568715,Custom descriptive weighted least-squares age-period-cohort summaries; not asserted equivalent to conventional NCI APC estimable functions.
China,Male,DALYs,equal,30-34 years,32.0,2004-2008,2006.0,1974.0,1060487.8269051167,289965799.7368609,365.72858863613976,primary_1994_2023,10-14 to 65-69,4,2,-2,9,364.63349720066424,Custom descriptive weighted least-squares age-period-cohort summaries; not asserted equivalent to conventional NCI APC estimable functions.
China,Male,DALYs,equal,30-34 years,32.0,2009-2013,2011.0,1979.0,898921.2464812365,246575671.9965888,364.5620183055498,primary_1994_2023,10-14 to 65-69,4,3,-1,10,364.5258222639594,Custom descriptive weighted least-squares age-period-cohort summaries; not asserted equivalent to conventional NCI APC estimable functions.
China,Male,DALYs,equal,30-34 years,32.0,2014-2018,2016.0,1984.0,1013718.889623403,276649224.6501563,366.4275187849619,primary_1994_2023,10-14 to 65-69,4,4,0,11,366.1517780415233,Custom descriptive weighted least-squares age-period-cohort summaries; not asserted equivalent to conventional NCI APC estimable functions.
China,Male,DALYs,equal,30-34 years,32.0,2019-2023,2021.0,1989.0,1120465.8043954065,306866871.6087413,365.1309111737591,primary_1994_2023,10-14 to 65-69,4,5,1,12,365.57134591026534,Custom descriptive weighted least-squares age-period-cohort summaries; not asserted equivalent to conventional NCI APC estimable functions.
China,Male,DALYs,equal,35-39 years,37.0,1994-1998,1996.0,1959.0,875057.7436689606,227769928.99328655,384.18493061687377,primary_1994_2023,10-14 to 65-69,5,0,-5,6,385.11108787719036,Custom descriptive weighted least-squares age-period-cohort summaries; not asserted equivalent to conventional NCI APC estimable functions.
China,Male,DALYs,equal,35-39 years,37.0,1999-2003,2001.0,1964.0,1143214.5397187043,296902410.5068509,385.04724086513437,primary_1994_2023,10-14 to 65-69,5,1,-4,7,385.41348094648316,Custom descriptive weighted least-squares age-period-cohort summaries; not asserted equivalent to conventional NCI APC estimable functions.
China,Male,DALYs,equal,35-39 years,37.0,2004-2008,2006.0,1969.0,1246737.3178883179,323323398.7456673,385.60070898828656,primary_1994_2023,10-14 to 65-69,5,2,-3,8,384.9735591638285,Custom descriptive weighted least-squares age-period-cohort summaries; not asserted equivalent to conventional NCI APC estimable functions.
China,Male,DALYs,equal,35-39 years,37.0,2009-2013,2011.0,1974.0,1113525.8653252455,289469996.41620743,384.6774723153654,primary_1994_2023,10-14 to 65-69,5,3,-2,9,384.0442540836923,Custom descriptive weighted least-squares age-period-cohort summaries; not asserted equivalent to conventional NCI APC estimable functions.
China,Male,DALYs,equal,35-39 years,37.0,2014-2018,2016.0,1979.0,941037.9655402922,243905524.59657583,385.82068491346644,primary_1994_2023,10-14 to 65-69,5,4,-1,10,384.9042331622755,Custom descriptive weighted least-squares age-period-cohort summaries; not asserted equivalent to conventional NCI APC estimable functions.
China,Male,DALYs,equal,35-39 years,37.0,2019-2023,2021.0,1984.0,1056255.87632331,273162618.4899805,386.6765819430937,primary_1994_2023,10-14 to 65-69,5,5,0,11,387.56496618350803,Custom descriptive weighted least-squares age-period-cohort summaries; not asserted equivalent to conventional NCI APC estimable functions.
China,Male,DALYs,equal,40-44 years,42.0,1994-1998,1996.0,1954.0,886756.1869420704,231879214.12065443,382.4215940634773,primary_1994_2023,10-14 to 65-69,6,0,-6,5,383.3689661137987,Custom descriptive weighted least-squares age-period-cohort summaries; not asserted equivalent to conventional NCI APC estimable functions.
China,Male,DALYs,equal,40-44 years,42.0,1999-2003,2001.0,1959.0,834396.7988430372,217750667.06086206,383.1890896618105,primary_1994_2023,10-14 to 65-69,6,1,-5,6,383.34179616215505,Custom descriptive weighted least-squares age-period-cohort summaries; not asserted equivalent to conventional NCI APC estimable functions.
China,Male,DALYs,equal,40-44 years,42.0,2004-2008,2006.0,1964.0,1111423.6035238176,289194745.5288997,384.3166657441053,primary_1994_2023,10-14 to 65-69,6,2,-4,7,384.12034406761643,Custom descriptive weighted least-squares age-period-cohort summaries; not asserted equivalent to conventional NCI APC estimable functions.
China,Male,DALYs,equal,40-44 years,42.0,2009-2013,2011.0,1969.0,1217991.3438422214,316862251.1606348,384.39143172809025,primary_1994_2023,10-14 to 65-69,6,3,-3,8,383.78523989036273,Custom descriptive weighted least-squares age-period-cohort summaries; not asserted equivalent to conventional NCI APC estimable functions.
China,Male,DALYs,equal,40-44 years,42.0,2014-2018,2016.0,1974.0,1089019.3030919756,282947069.33092916,384.88446113512515,primary_1994_2023,10-14 to 65-69,6,4,-2,9,383.82947131881036,Custom descriptive weighted least-squares age-period-cohort summaries; not asserted equivalent to conventional NCI APC estimable functions.
China,Male,DALYs,equal,40-44 years,42.0,2019-2023,2021.0,1979.0,913865.3888187278,237446260.7768559,384.8725121334078,primary_1994_2023,10-14 to 65-69,6,5,-1,10,385.6281324476648,Custom descriptive weighted least-squares age-period-cohort summaries; not asserted equivalent to conventional NCI APC estimable functions.
China,Male,DALYs,equal,45-49 years,47.0,1994-1998,1996.0,1949.0,684931.5939462967,182257794.7036712,375.8037317744964,primary_1994_2023,10-14 to 65-69,7,0,-7,4,376.65022479925966,Custom descriptive weighted least-squares age-period-cohort summaries; not asserted equivalent to conventional NCI APC estimable functions.
China,Male,DALYs,equal,45-49 years,47.0,1999-2003,2001.0,1954.0,840719.7081693913,223285870.12614468,376.52167944815733,primary_1994_2023,10-14 to 65-69,7,1,-6,5,376.399151783461,Custom descriptive weighted least-squares age-period-cohort summaries; not asserted equivalent to conventional NCI APC estimable functions.
China,Male,DALYs,equal,45-49 years,47.0,2004-2008,2006.0,1959.0,801482.1351431949,212599269.6463115,376.99195132540774,primary_1994_2023,10-14 to 65-69,7,2,-5,6,376.84097006943574,Custom descriptive weighted least-squares age-period-cohort summaries; not asserted equivalent to conventional NCI APC estimable functions.
China,Male,DALYs,equal,45-49 years,47.0,2009-2013,2011.0,1964.0,1080268.5466692378,285000338.76509637,379.04114477548717,primary_1994_2023,10-14 to 65-69,7,3,-4,7,377.7080202980531,Custom descriptive weighted least-squares age-period-cohort summaries; not asserted equivalent to conventional NCI APC estimable functions.
China,Male,DALYs,equal,45-49 years,47.0,2014-2018,2016.0,1969.0,1182175.4658017997,312027150.49793917,378.86942335474987,primary_1994_2023,10-14 to 65-69,7,4,-3,8,378.33528388897815,Custom descriptive weighted least-squares age-period-cohort summaries; not asserted equivalent to conventional NCI APC estimable functions.
China,Male,DALYs,equal,45-49 years,47.0,2019-2023,2021.0,1974.0,1053852.880136019,278788688.2874922,378.01134852690507,primary_1994_2023,10-14 to 65-69,7,5,-2,9,379.3026450527208,Custom descriptive weighted least-squares age-period-cohort summaries; not asserted equivalent to conventional NCI APC estimable functions.
China,Male,DALYs,equal,50-54 years,52.0,1994-1998,1996.0,1944.0,498310.16353871854,135653693.4606568,367.3399159479884,primary_1994_2023,10-14 to 65-69,8,0,-8,3,368.1474335801663,Custom descriptive weighted least-squares age-period-cohort summaries; not asserted equivalent to conventional NCI APC estimable functions.
China,Male,DALYs,equal,50-54 years,52.0,1999-2003,2001.0,1949.0,646126.1251745117,174971754.72018176,369.2745301707748,primary_1994_2023,10-14 to 65-69,8,1,-7,4,368.9912791327718,Custom descriptive weighted least-squares age-period-cohort summaries; not asserted equivalent to conventional NCI APC estimable functions.
China,Male,DALYs,equal,50-54 years,52.0,2004-2008,2006.0,1954.0,802095.4924106675,217359476.57708672,369.01795359550545,primary_1994_2023,10-14 to 65-69,8,2,-6,5,369.20431179840796,Custom descriptive weighted least-squares age-period-cohort summaries; not asserted equivalent to conventional NCI APC estimable functions.
China,Male,DALYs,equal,50-54 years,52.0,2009-2013,2011.0,1959.0,773488.4362311217,208242452.78746703,371.4364798711561,primary_1994_2023,10-14 to 65-69,8,3,-5,6,369.73724365133626,Custom descriptive weighted least-squares age-period-cohort summaries; not asserted equivalent to conventional NCI APC estimable functions.
China,Male,DALYs,equal,50-54 years,52.0,2014-2018,2016.0,1964.0,1037587.0717715975,278909731.1681947,372.0153712191158,primary_1994_2023,10-14 to 65-69,8,4,-4,7,371.52750683343396,Custom descriptive weighted least-squares age-period-cohort summaries; not asserted equivalent to conventional NCI APC estimable functions.
China,Male,DALYs,equal,50-54 years,52.0,2019-2023,2021.0,1969.0,1132788.3661261424,304859538.84563076,371.57714349877807,primary_1994_2023,10-14 to 65-69,8,5,-3,8,373.0530438797801,Custom descriptive weighted least-squares age-period-cohort summaries; not asserted equivalent to conventional NCI APC estimable functions.
China,Male,DALYs,equal,55-59 years,57.0,1994-1998,1996.0,1939.0,426880.2308809153,118650888.76750858,359.7783677098021,primary_1994_2023,10-14 to 65-69,9,0,-9,2,359.90098036955055,Custom descriptive weighted least-squares age-period-cohort summaries; not asserted equivalent to conventional NCI APC estimable functions.
China,Male,DALYs,equal,55-59 years,57.0,1999-2003,2001.0,1944.0,456648.76267168054,126964212.4721485,359.66730607008907,primary_1994_2023,10-14 to 65-69,9,1,-8,3,359.86400479615673,Custom descriptive weighted least-squares age-period-cohort summaries; not asserted equivalent to conventional NCI APC estimable functions.
China,Male,DALYs,equal,55-59 years,57.0,2004-2008,2006.0,1949.0,603120.6847603992,166710642.5257062,361.77695414220483,primary_1994_2023,10-14 to 65-69,9,2,-7,4,361.13783547474833,Custom descriptive weighted least-squares age-period-cohort summaries; not asserted equivalent to conventional NCI APC estimable functions.
China,Male,DALYs,equal,55-59 years,57.0,2009-2013,2011.0,1954.0,757984.9870453723,208903514.5433215,362.8397486286353,primary_1994_2023,10-14 to 65-69,9,3,-6,5,361.44365973036594,Custom descriptive weighted least-squares age-period-cohort summaries; not asserted equivalent to conventional NCI APC estimable functions.
China,Male,DALYs,equal,55-59 years,57.0,2014-2018,2016.0,1959.0,726940.4744245491,200440475.99331692,362.6714967733297,primary_1994_2023,10-14 to 65-69,9,4,-5,6,362.88308595688125,Custom descriptive weighted least-squares age-period-cohort summaries; not asserted equivalent to conventional NCI APC estimable functions.
China,Male,DALYs,equal,55-59 years,57.0,2019-2023,2021.0,1964.0,979639.1703481462,269120071.2929981,364.0156476034771,primary_1994_2023,10-14 to 65-69,9,5,-4,7,365.53037810625113,Custom descriptive weighted least-squares age-period-cohort summaries; not asserted equivalent to conventional NCI APC estimable functions.
China,Male,DALYs,equal,60-64 years,62.0,1994-1998,1996.0,1934.0,364061.2273558987,105433105.02274697,345.30067883076504,primary_1994_2023,10-14 to 65-69,10,0,-10,1,344.90144451699047,Custom descriptive weighted least-squares age-period-cohort summaries; not asserted equivalent to conventional NCI APC estimable functions.
China,Male,DALYs,equal,60-64 years,62.0,1999-2003,2001.0,1939.0,376791.1927545083,109408451.51819524,344.38947588235067,primary_1994_2023,10-14 to 65-69,10,1,-9,2,344.8993900312485,Custom descriptive weighted least-squares age-period-cohort summaries; not asserted equivalent to conventional NCI APC estimable functions.
China,Male,DALYs,equal,60-64 years,62.0,2004-2008,2006.0,1944.0,415326.8140875494,120027488.32975577,346.02641433811175,primary_1994_2023,10-14 to 65-69,10,2,-8,3,345.29322935153505,Custom descriptive weighted least-squares age-period-cohort summaries; not asserted equivalent to conventional NCI APC estimable functions.
China,Male,DALYs,equal,60-64 years,62.0,2009-2013,2011.0,1949.0,554895.1195433162,159426484.97419304,348.0570493874585,primary_1994_2023,10-14 to 65-69,10,3,-7,4,346.6088141565356,Custom descriptive weighted least-squares age-period-cohort summaries; not asserted equivalent to conventional NCI APC estimable functions.
China,Male,DALYs,equal,60-64 years,62.0,2014-2018,2016.0,1954.0,690603.1383036717,199443664.88575363,346.2647653909021,primary_1994_2023,10-14 to 65-69,10,4,-6,5,347.78184169266336,Custom descriptive weighted least-squares age-period-cohort summaries; not asserted equivalent to conventional NCI APC estimable functions.
China,Male,DALYs,equal,60-64 years,62.0,2019-2023,2021.0,1959.0,666855.651408881,190824057.69894043,349.4609953536188,primary_1994_2023,10-14 to 65-69,10,5,-5,6,350.01930147113814,Custom descriptive weighted least-squares age-period-cohort summaries; not asserted equivalent to conventional NCI APC estimable functions.
China,Male,DALYs,equal,65-69 years,67.0,1994-1998,1996.0,1929.0,247215.16268376808,80329617.68851373,307.7509513892747,primary_1994_2023,10-14 to 65-69,11,0,-11,0,307.7509513892751,Custom descriptive weighted least-squares age-period-cohort summaries; not asserted equivalent to conventional NCI APC estimable functions.
China,Male,DALYs,equal,65-69 years,67.0,1999-2003,2001.0,1934.0,279882.29872377496,90955304.27081525,307.7141030614754,primary_1994_2023,10-14 to 65-69,11,1,-10,1,308.0702918531638,Custom descriptive weighted least-squares age-period-cohort summaries; not asserted equivalent to conventional NCI APC estimable functions.
China,Male,DALYs,equal,65-69 years,67.0,2004-2008,2006.0,1939.0,300887.9076244725,97370344.50666028,309.0139088538311,primary_1994_2023,10-14 to 65-69,11,2,-9,2,308.4519287676657,Custom descriptive weighted least-squares age-period-cohort summaries; not asserted equivalent to conventional NCI APC estimable functions.
China,Male,DALYs,equal,65-69 years,67.0,2009-2013,2011.0,1944.0,339291.27130002994,109774809.12810975,309.07935435721794,primary_1994_2023,10-14 to 65-69,11,3,-8,3,308.88732274153966,Custom descriptive weighted least-squares age-period-cohort summaries; not asserted equivalent to conventional NCI APC estimable functions.
China,Male,DALYs,equal,65-69 years,67.0,2014-2018,2016.0,1949.0,453650.9540105381,146590346.90392286,309.4685042991723,primary_1994_2023,10-14 to 65-69,11,4,-7,4,310.85030984790313,Custom descriptive weighted least-squares age-period-cohort summaries; not asserted equivalent to conventional NCI APC estimable functions.
China,Male,DALYs,equal,65-69 years,67.0,2019-2023,2021.0,1954.0,580271.4932691478,185002176.06270134,313.65657724614056,primary_1994_2023,10-14 to 65-69,11,5,-6,5,312.66378477736106,Custom descriptive weighted least-squares age-period-cohort summaries; not asserted equivalent to conventional NCI APC estimable functions.
China,Male,Incidence,equal,10-14 years,12.0,1994-1998,1996.0,1984.0,20959.261181872123,290895688.006566,7.205077987061479,primary_1994_2023,10-14 to 65-69,0,0,0,11,7.135578553181274,Custom descriptive weighted least-squares age-period-cohort summaries; not asserted equivalent to conventional NCI APC estimable functions.
China,Male,Incidence,equal,10-14 years,12.0,1999-2003,2001.0,1989.0,22715.982785616485,314641448.28331536,7.219640930829346,primary_1994_2023,10-14 to 65-69,0,1,1,12,7.116900202299556,Custom descriptive weighted least-squares age-period-cohort summaries; not asserted equivalent to conventional NCI APC estimable functions.
China,Male,Incidence,equal,10-14 years,12.0,2004-2008,2006.0,1994.0,17012.678458079594,243778472.7181506,6.978745197796504,primary_1994_2023,10-14 to 65-69,0,2,2,13,7.026388691016723,Custom descriptive weighted least-squares age-period-cohort summaries; not asserted equivalent to conventional NCI APC estimable functions.
China,Male,Incidence,equal,10-14 years,12.0,2009-2013,2011.0,1999.0,13851.643405474457,199407344.59056306,6.946405827686842,primary_1994_2023,10-14 to 65-69,0,3,3,14,7.029239464594969,Custom descriptive weighted least-squares age-period-cohort summaries; not asserted equivalent to conventional NCI APC estimable functions.
China,Male,Incidence,equal,10-14 years,12.0,2014-2018,2016.0,2004.0,14191.24830544211,203330016.7593913,6.979416286693761,primary_1994_2023,10-14 to 65-69,0,4,4,15,7.0169810634020475,Custom descriptive weighted least-squares age-period-cohort summaries; not asserted equivalent to conventional NCI APC estimable functions.
China,Male,Incidence,equal,10-14 years,12.0,2019-2023,2021.0,2009.0,16164.912737202332,230176164.9974368,7.022843888889339,primary_1994_2023,10-14 to 65-69,0,5,5,16,7.022843888889354,Custom descriptive weighted least-squares age-period-cohort summaries; not asserted equivalent to conventional NCI APC estimable functions.
China,Male,Incidence,equal,15-19 years,17.0,1994-1998,1996.0,1979.0,83325.5482474008,254993660.90354675,32.67749792373047,primary_1994_2023,10-14 to 65-69,1,0,-1,10,32.4473463984997,Custom descriptive weighted least-squares age-period-cohort summaries; not asserted equivalent to conventional NCI APC estimable functions.
China,Male,Incidence,equal,15-19 years,17.0,1999-2003,2001.0,1984.0,91629.45549575145,283384216.50349003,32.334001034465864,primary_1994_2023,10-14 to 65-69,1,1,0,11,32.53795573767471,Custom descriptive weighted least-squares age-period-cohort summaries; not asserted equivalent to conventional NCI APC estimable functions.
China,Male,Incidence,equal,15-19 years,17.0,2004-2008,2006.0,1989.0,102154.57481702093,317689852.4225949,32.15544155346003,primary_1994_2023,10-14 to 65-69,1,2,1,12,32.47147866571809,Custom descriptive weighted least-squares age-period-cohort summaries; not asserted equivalent to conventional NCI APC estimable functions.
China,Male,Incidence,equal,15-19 years,17.0,2009-2013,2011.0,1994.0,78853.4393687854,247558661.53252834,31.852425958614397,primary_1994_2023,10-14 to 65-69,1,3,2,13,32.006046278426865,Custom descriptive weighted least-squares age-period-cohort summaries; not asserted equivalent to conventional NCI APC estimable functions.
China,Male,Incidence,equal,15-19 years,17.0,2014-2018,2016.0,1999.0,64608.51617321951,200763628.17393932,32.18138502520159,primary_1994_2023,10-14 to 65-69,1,4,3,14,31.910795117541486,Custom descriptive weighted least-squares age-period-cohort summaries; not asserted equivalent to conventional NCI APC estimable functions.
China,Male,Incidence,equal,15-19 years,17.0,2019-2023,2021.0,2004.0,65386.88156811824,202729690.04219913,32.253234123974465,primary_1994_2023,10-14 to 65-69,1,5,4,15,32.08056933736031,Custom descriptive weighted least-squares age-period-cohort summaries; not asserted equivalent to conventional NCI APC estimable functions.
China,Male,Incidence,equal,20-24 years,22.0,1994-1998,1996.0,1974.0,156106.1204616721,290754722.69427276,53.689968993493174,primary_1994_2023,10-14 to 65-69,2,0,-2,9,53.498759670327644,Custom descriptive weighted least-squares age-period-cohort summaries; not asserted equivalent to conventional NCI APC estimable functions.
China,Male,Incidence,equal,20-24 years,22.0,1999-2003,2001.0,1979.0,127359.97232137456,239806950.99334234,53.109374767418814,primary_1994_2023,10-14 to 65-69,2,1,-1,10,53.64514419145531,Custom descriptive weighted least-squares age-period-cohort summaries; not asserted equivalent to conventional NCI APC estimable functions.
China,Male,Incidence,equal,20-24 years,22.0,2004-2008,2006.0,1984.0,146615.98405907885,272823739.1536675,53.7401857015447,primary_1994_2023,10-14 to 65-69,2,2,0,11,53.82593877104293,Custom descriptive weighted least-squares age-period-cohort summaries; not asserted equivalent to conventional NCI APC estimable functions.
China,Male,Incidence,equal,20-24 years,22.0,2009-2013,2011.0,1989.0,164896.87430208412,309228856.3356999,53.3251897174407,primary_1994_2023,10-14 to 65-69,2,3,1,12,53.628059558369976,Custom descriptive weighted least-squares age-period-cohort summaries; not asserted equivalent to conventional NCI APC estimable functions.
China,Male,Incidence,equal,20-24 years,22.0,2014-2018,2016.0,1994.0,127363.3662599082,239283207.79312164,53.22703896966452,primary_1994_2023,10-14 to 65-69,2,4,2,13,52.68069247408584,Custom descriptive weighted least-squares age-period-cohort summaries; not asserted equivalent to conventional NCI APC estimable functions.
China,Male,Incidence,equal,20-24 years,22.0,2019-2023,2021.0,1999.0,103941.75360066693,195834593.82530308,53.076298508010076,primary_1994_2023,10-14 to 65-69,2,5,3,14,52.89559996422571,Custom descriptive weighted least-squares age-period-cohort summaries; not asserted equivalent to conventional NCI APC estimable functions.
China,Male,Incidence,equal,25-29 years,27.0,1994-1998,1996.0,1969.0,145035.13914882622,333919827.55217385,43.43412016351888,primary_1994_2023,10-14 to 65-69,3,0,-3,8,43.46129267921417,Custom descriptive weighted least-squares age-period-cohort summaries; not asserted equivalent to conventional NCI APC estimable functions.
China,Male,Incidence,equal,25-29 years,27.0,1999-2003,2001.0,1974.0,125914.18833327015,288125301.72059166,43.701190968426275,primary_1994_2023,10-14 to 65-69,3,1,-2,9,43.735162116493704,Custom descriptive weighted least-squares age-period-cohort summaries; not asserted equivalent to conventional NCI APC estimable functions.
China,Male,Incidence,equal,25-29 years,27.0,2004-2008,2006.0,1979.0,106163.89344210556,241363465.25107664,43.985071780300025,primary_1994_2023,10-14 to 65-69,3,2,-1,10,43.88009524515087,Custom descriptive weighted least-squares age-period-cohort summaries; not asserted equivalent to conventional NCI APC estimable functions.
China,Male,Incidence,equal,25-29 years,27.0,2009-2013,2011.0,1984.0,119435.75445675963,272406270.67460907,43.84471552764891,primary_1994_2023,10-14 to 65-69,3,3,0,11,43.95592523067813,Custom descriptive weighted least-squares age-period-cohort summaries; not asserted equivalent to conventional NCI APC estimable functions.
China,Male,Incidence,equal,25-29 years,27.0,2014-2018,2016.0,1989.0,132442.329050346,303369202.9959964,43.65714375169909,primary_1994_2023,10-14 to 65-69,3,4,1,12,43.64628908258115,Custom descriptive weighted least-squares age-period-cohort summaries; not asserted equivalent to conventional NCI APC estimable functions.
China,Male,Incidence,equal,25-29 years,27.0,2019-2023,2021.0,1994.0,99958.95323368418,231200621.01524952,43.234725233324994,primary_1994_2023,10-14 to 65-69,3,5,2,13,43.178663192372014,Custom descriptive weighted least-squares age-period-cohort summaries; not asserted equivalent to conventional NCI APC estimable functions.
China,Male,Incidence,equal,30-34 years,32.0,1994-1998,1996.0,1964.0,99837.2101717265,302902148.77291167,32.96021853135658,primary_1994_2023,10-14 to 65-69,4,0,-4,7,33.201438584422164,Custom descriptive weighted least-squares age-period-cohort summaries; not asserted equivalent to conventional NCI APC estimable functions.
China,Male,Incidence,equal,30-34 years,32.0,1999-2003,2001.0,1969.0,109262.69847154096,325868243.42850655,33.529716587898356,primary_1994_2023,10-14 to 65-69,4,1,-3,8,33.39125680333119,Custom descriptive weighted least-squares age-period-cohort summaries; not asserted equivalent to conventional NCI APC estimable functions.
China,Male,Incidence,equal,30-34 years,32.0,2004-2008,2006.0,1974.0,97151.53605803107,289965799.7368609,33.50448092367944,primary_1994_2023,10-14 to 65-69,4,2,-2,9,33.6210276714715,Custom descriptive weighted least-squares age-period-cohort summaries; not asserted equivalent to conventional NCI APC estimable functions.
China,Male,Incidence,equal,30-34 years,32.0,2009-2013,2011.0,1979.0,83017.43137152308,246575671.9965888,33.668135505546374,primary_1994_2023,10-14 to 65-69,4,3,-1,10,33.67723855618731,Custom descriptive weighted least-squares age-period-cohort summaries; not asserted equivalent to conventional NCI APC estimable functions.
China,Male,Incidence,equal,30-34 years,32.0,2014-2018,2016.0,1984.0,93576.30186452309,276649224.6501563,33.82489214739616,primary_1994_2023,10-14 to 65-69,4,4,0,11,33.621397907041874,Custom descriptive weighted least-squares age-period-cohort summaries; not asserted equivalent to conventional NCI APC estimable functions.
China,Male,Incidence,equal,30-34 years,32.0,2019-2023,2021.0,1989.0,103260.13590189377,306866871.6087413,33.649815426655636,primary_1994_2023,10-14 to 65-69,4,5,1,12,33.62080757740712,Custom descriptive weighted least-squares age-period-cohort summaries; not asserted equivalent to conventional NCI APC estimable functions.
China,Male,Incidence,equal,35-39 years,37.0,1994-1998,1996.0,1959.0,61591.20529563601,227769928.99328655,27.040973129271773,primary_1994_2023,10-14 to 65-69,5,0,-5,6,27.16621967670039,Custom descriptive weighted least-squares age-period-cohort summaries; not asserted equivalent to conventional NCI APC estimable functions.
China,Male,Incidence,equal,35-39 years,37.0,1999-2003,2001.0,1964.0,81247.60331050373,296902410.5068509,27.36508712468974,primary_1994_2023,10-14 to 65-69,5,1,-4,7,27.262568919456758,Custom descriptive weighted least-squares age-period-cohort summaries; not asserted equivalent to conventional NCI APC estimable functions.
China,Male,Incidence,equal,35-39 years,37.0,2004-2008,2006.0,1969.0,88209.33913426466,323323398.7456673,27.282077163753904,primary_1994_2023,10-14 to 65-69,5,2,-3,8,27.43422888959171,Custom descriptive weighted least-squares age-period-cohort summaries; not asserted equivalent to conventional NCI APC estimable functions.
China,Male,Incidence,equal,35-39 years,37.0,2009-2013,2011.0,1974.0,80006.52022353059,289469996.41620743,27.638968188086462,primary_1994_2023,10-14 to 65-69,5,3,-2,9,27.577801703699464,Custom descriptive weighted least-squares age-period-cohort summaries; not asserted equivalent to conventional NCI APC estimable functions.
China,Male,Incidence,equal,35-39 years,37.0,2014-2018,2016.0,1979.0,67791.13245737826,243905524.59657583,27.794012689751913,primary_1994_2023,10-14 to 65-69,5,4,-1,10,27.530529385797923,Custom descriptive weighted least-squares age-period-cohort summaries; not asserted equivalent to conventional NCI APC estimable functions.
China,Male,Incidence,equal,35-39 years,37.0,2019-2023,2021.0,1984.0,75209.18559226132,273162618.4899805,27.532751738876733,primary_1994_2023,10-14 to 65-69,5,5,0,11,27.67937831054052,Custom descriptive weighted least-squares age-period-cohort summaries; not asserted equivalent to conventional NCI APC estimable functions.
China,Male,Incidence,equal,40-44 years,42.0,1994-1998,1996.0,1954.0,58221.86816149635,231879214.12065443,25.10870514301536,primary_1994_2023,10-14 to 65-69,6,0,-6,5,25.20138367756666,Custom descriptive weighted least-squares age-period-cohort summaries; not asserted equivalent to conventional NCI APC estimable functions.
China,Male,Incidence,equal,40-44 years,42.0,1999-2003,2001.0,1959.0,54875.31672499239,217750667.06086206,25.200986736658106,primary_1994_2023,10-14 to 65-69,6,1,-5,6,25.157825915998277,Custom descriptive weighted least-squares age-period-cohort summaries; not asserted equivalent to conventional NCI APC estimable functions.
China,Male,Incidence,equal,40-44 years,42.0,2004-2008,2006.0,1964.0,72863.80818495498,289194745.5288997,25.19541219592234,primary_1994_2023,10-14 to 65-69,6,2,-4,7,25.261596452170444,Custom descriptive weighted least-squares age-period-cohort summaries; not asserted equivalent to conventional NCI APC estimable functions.
China,Male,Incidence,equal,40-44 years,42.0,2009-2013,2011.0,1969.0,80944.41090982019,316862251.1606348,25.545615046705276,primary_1994_2023,10-14 to 65-69,6,3,-3,8,25.379054752494145,Custom descriptive weighted least-squares age-period-cohort summaries; not asserted equivalent to conventional NCI APC estimable functions.
China,Male,Incidence,equal,40-44 years,42.0,2014-2018,2016.0,1974.0,72426.65070006107,282947069.33092916,25.59724363688402,primary_1994_2023,10-14 to 65-69,6,4,-2,9,25.425632081577557,Custom descriptive weighted least-squares age-period-cohort summaries; not asserted equivalent to conventional NCI APC estimable functions.
China,Male,Incidence,equal,40-44 years,42.0,2019-2023,2021.0,1979.0,60170.979200445465,237446260.7768559,25.34088302910449,primary_1994_2023,10-14 to 65-69,6,5,-1,10,25.561665774200215,Custom descriptive weighted least-squares age-period-cohort summaries; not asserted equivalent to conventional NCI APC estimable functions.
China,Male,Incidence,equal,45-49 years,47.0,1994-1998,1996.0,1949.0,49381.61324727976,182257794.7036712,27.094376582119963,primary_1994_2023,10-14 to 65-69,7,0,-7,4,27.123213060866703,Custom descriptive weighted least-squares age-period-cohort summaries; not asserted equivalent to conventional NCI APC estimable functions.
China,Male,Incidence,equal,45-49 years,47.0,1999-2003,2001.0,1954.0,60522.49400880042,223285870.12614468,27.105384668814207,primary_1994_2023,10-14 to 65-69,7,1,-6,5,27.094629006586878,Custom descriptive weighted least-squares age-period-cohort summaries; not asserted equivalent to conventional NCI APC estimable functions.
China,Male,Incidence,equal,45-49 years,47.0,2004-2008,2006.0,1959.0,57638.48033683654,212599269.6463115,27.11132565635159,primary_1994_2023,10-14 to 65-69,7,2,-5,6,27.063380736899937,Custom descriptive weighted least-squares age-period-cohort summaries; not asserted equivalent to conventional NCI APC estimable functions.
China,Male,Incidence,equal,45-49 years,47.0,2009-2013,2011.0,1964.0,77875.87411798845,285000338.76509637,27.324835631923754,primary_1994_2023,10-14 to 65-69,7,3,-4,7,27.130537704630637,Custom descriptive weighted least-squares age-period-cohort summaries; not asserted equivalent to conventional NCI APC estimable functions.
China,Male,Incidence,equal,45-49 years,47.0,2014-2018,2016.0,1969.0,84762.56978366495,312027150.49793917,27.16512638352116,primary_1994_2023,10-14 to 65-69,7,4,-3,8,27.164547784027967,Custom descriptive weighted least-squares age-period-cohort summaries; not asserted equivalent to conventional NCI APC estimable functions.
China,Male,Incidence,equal,45-49 years,47.0,2019-2023,2021.0,1974.0,75779.00741241657,278788688.2874922,27.18152155953753,primary_1994_2023,10-14 to 65-69,7,5,-2,9,27.406985556229372,Custom descriptive weighted least-squares age-period-cohort summaries; not asserted equivalent to conventional NCI APC estimable functions.
China,Male,Incidence,equal,50-54 years,52.0,1994-1998,1996.0,1944.0,39286.02277391118,135653693.4606568,28.960525711970515,primary_1994_2023,10-14 to 65-69,8,0,-8,3,29.033086137987077,Custom descriptive weighted least-squares age-period-cohort summaries; not asserted equivalent to conventional NCI APC estimable functions.
China,Male,Incidence,equal,50-54 years,52.0,1999-2003,2001.0,1949.0,50750.320280165164,174971754.72018176,29.004864448736917,primary_1994_2023,10-14 to 65-69,8,1,-7,4,28.984152558678048,Custom descriptive weighted least-squares age-period-cohort summaries; not asserted equivalent to conventional NCI APC estimable functions.
China,Male,Incidence,equal,50-54 years,52.0,2004-2008,2006.0,1954.0,63268.11653684091,217359476.57708672,29.107595184331803,primary_1994_2023,10-14 to 65-69,8,2,-6,5,28.97028699169892,Custom descriptive weighted least-squares age-period-cohort summaries; not asserted equivalent to conventional NCI APC estimable functions.
China,Male,Incidence,equal,50-54 years,52.0,2009-2013,2011.0,1959.0,60475.19223111076,208242452.78746703,29.040760623786905,primary_1994_2023,10-14 to 65-69,8,3,-5,6,28.889518559025962,Custom descriptive weighted least-squares age-period-cohort summaries; not asserted equivalent to conventional NCI APC estimable functions.
China,Male,Incidence,equal,50-54 years,52.0,2014-2018,2016.0,1964.0,80209.42870119863,278909731.1681947,28.758203726075394,primary_1994_2023,10-14 to 65-69,8,4,-4,7,28.863306892310106,Custom descriptive weighted least-squares age-period-cohort summaries; not asserted equivalent to conventional NCI APC estimable functions.
China,Male,Incidence,equal,50-54 years,52.0,2019-2023,2021.0,1969.0,88326.71473620503,304859538.84563076,28.97292145447032,primary_1994_2023,10-14 to 65-69,8,5,-3,8,29.10399728325481,Custom descriptive weighted least-squares age-period-cohort summaries; not asserted equivalent to conventional NCI APC estimable functions.
China,Male,Incidence,equal,55-59 years,57.0,1994-1998,1996.0,1939.0,36818.57761687393,118650888.76750858,31.031017128762,primary_1994_2023,10-14 to 65-69,9,0,-9,2,31.09578936597641,Custom descriptive weighted least-squares age-period-cohort summaries; not asserted equivalent to conventional NCI APC estimable functions.
China,Male,Incidence,equal,55-59 years,57.0,1999-2003,2001.0,1944.0,39033.77271303682,126964212.4721485,30.743917481155933,primary_1994_2023,10-14 to 65-69,9,1,-8,3,30.827474091985835,Custom descriptive weighted least-squares age-period-cohort summaries; not asserted equivalent to conventional NCI APC estimable functions.
China,Male,Incidence,equal,55-59 years,57.0,2004-2008,2006.0,1949.0,51786.14977529377,166710642.5257062,31.063493602280687,primary_1994_2023,10-14 to 65-69,9,2,-7,4,30.793245401173674,Custom descriptive weighted least-squares age-period-cohort summaries; not asserted equivalent to conventional NCI APC estimable functions.
China,Male,Incidence,equal,55-59 years,57.0,2009-2013,2011.0,1954.0,64383.50807994972,208903514.5433215,30.819734278141194,primary_1994_2023,10-14 to 65-69,9,3,-6,5,30.728143473594415,Custom descriptive weighted least-squares age-period-cohort summaries; not asserted equivalent to conventional NCI APC estimable functions.
China,Male,Incidence,equal,55-59 years,57.0,2014-2018,2016.0,1959.0,60628.152021624424,200440475.99331692,30.24745961172328,primary_1994_2023,10-14 to 65-69,9,4,-5,6,30.53889070381604,Custom descriptive weighted least-squares age-period-cohort summaries; not asserted equivalent to conventional NCI APC estimable functions.
China,Male,Incidence,equal,55-59 years,57.0,2019-2023,2021.0,1964.0,82914.19050898807,269120071.2929981,30.809367027373153,primary_1994_2023,10-14 to 65-69,9,5,-4,7,30.727095910949227,Custom descriptive weighted least-squares age-period-cohort summaries; not asserted equivalent to conventional NCI APC estimable functions.
China,Male,Incidence,equal,60-64 years,62.0,1994-1998,1996.0,1934.0,29552.16857213241,105433105.02274697,28.0293068915656,primary_1994_2023,10-14 to 65-69,10,0,-10,1,27.98602405462586,Custom descriptive weighted least-squares age-period-cohort summaries; not asserted equivalent to conventional NCI APC estimable functions.
China,Male,Incidence,equal,60-64 years,62.0,1999-2003,2001.0,1939.0,30464.596904032274,109408451.51819524,27.844829609864135,primary_1994_2023,10-14 to 65-69,10,1,-9,2,27.947701546816063,Custom descriptive weighted least-squares age-period-cohort summaries; not asserted equivalent to conventional NCI APC estimable functions.
China,Male,Incidence,equal,60-64 years,62.0,2004-2008,2006.0,1944.0,33489.52401788882,120027488.32975577,27.901545290926915,primary_1994_2023,10-14 to 65-69,10,2,-8,3,27.722511329186645,Custom descriptive weighted least-squares age-period-cohort summaries; not asserted equivalent to conventional NCI APC estimable functions.
China,Male,Incidence,equal,60-64 years,62.0,2009-2013,2011.0,1949.0,44175.53938337403,159426484.97419304,27.709034286570947,primary_1994_2023,10-14 to 65-69,10,3,-7,4,27.646410965988906,Custom descriptive weighted least-squares age-period-cohort summaries; not asserted equivalent to conventional NCI APC estimable functions.
China,Male,Incidence,equal,60-64 years,62.0,2014-2018,2016.0,1954.0,54178.99383195327,199443664.88575363,27.165061303395305,primary_1994_2023,10-14 to 65-69,10,4,-6,5,27.494703919680926,Custom descriptive weighted least-squares age-period-cohort summaries; not asserted equivalent to conventional NCI APC estimable functions.
China,Male,Incidence,equal,60-64 years,62.0,2019-2023,2021.0,1959.0,52802.1980766583,190824057.69894043,27.670619057877566,primary_1994_2023,10-14 to 65-69,10,5,-5,6,27.51873453379407,Custom descriptive weighted least-squares age-period-cohort summaries; not asserted equivalent to conventional NCI APC estimable functions.
China,Male,Incidence,equal,65-69 years,67.0,1994-1998,1996.0,1929.0,16084.223767816635,80329617.68851373,20.022781423141897,primary_1994_2023,10-14 to 65-69,11,0,-11,0,20.02278142314194,Custom descriptive weighted least-squares age-period-cohort summaries; not asserted equivalent to conventional NCI APC estimable functions.
China,Male,Incidence,equal,65-69 years,67.0,1999-2003,2001.0,1934.0,18103.26008616497,90955304.27081525,19.903468226837372,primary_1994_2023,10-14 to 65-69,11,1,-10,1,19.934250683399135,Custom descriptive weighted least-squares age-period-cohort summaries; not asserted equivalent to conventional NCI APC estimable functions.
China,Male,Incidence,equal,65-69 years,67.0,2004-2008,2006.0,1939.0,19506.921662545046,97370344.50666028,20.03374000716485,primary_1994_2023,10-14 to 65-69,11,2,-9,2,19.918421867570736,Custom descriptive weighted least-squares age-period-cohort summaries; not asserted equivalent to conventional NCI APC estimable functions.
China,Male,Incidence,equal,65-69 years,67.0,2009-2013,2011.0,1944.0,21627.313124891454,109774809.12810975,19.701526512928734,primary_1994_2023,10-14 to 65-69,11,3,-8,3,19.725592978145215,Custom descriptive weighted least-squares age-period-cohort summaries; not asserted equivalent to conventional NCI APC estimable functions.
China,Male,Incidence,equal,65-69 years,67.0,2014-2018,2016.0,1949.0,28434.482804839627,146590346.90392286,19.3972409543965,primary_1994_2023,10-14 to 65-69,11,4,-7,4,19.60494762075703,Custom descriptive weighted least-squares age-period-cohort summaries; not asserted equivalent to conventional NCI APC estimable functions.
China,Male,Incidence,equal,65-69 years,67.0,2019-2023,2021.0,1954.0,36604.56506327704,185002176.06270134,19.786018652489226,primary_1994_2023,10-14 to 65-69,11,5,-6,5,19.635341083173714,Custom descriptive weighted least-squares age-period-cohort summaries; not asserted equivalent to conventional NCI APC estimable functions.
China,Male,Prevalence,equal,10-14 years,12.0,1994-1998,1996.0,1984.0,34231.80298649634,290895688.006566,11.767724444826996,primary_1994_2023,10-14 to 65-69,0,0,0,11,11.727692137076618,Custom descriptive weighted least-squares age-period-cohort summaries; not asserted equivalent to conventional NCI APC estimable functions.
China,Male,Prevalence,equal,10-14 years,12.0,1999-2003,2001.0,1989.0,37098.04467086578,314641448.28331536,11.790577774566197,primary_1994_2023,10-14 to 65-69,0,1,1,12,11.627027110857703,Custom descriptive weighted least-squares age-period-cohort summaries; not asserted equivalent to conventional NCI APC estimable functions.
China,Male,Prevalence,equal,10-14 years,12.0,2004-2008,2006.0,1994.0,27780.744912259615,243778472.7181506,11.395897514042959,primary_1994_2023,10-14 to 65-69,0,2,2,13,11.424793458425622,Custom descriptive weighted least-squares age-period-cohort summaries; not asserted equivalent to conventional NCI APC estimable functions.
China,Male,Prevalence,equal,10-14 years,12.0,2009-2013,2011.0,1999.0,22622.34740523818,199407344.59056306,11.344791462765802,primary_1994_2023,10-14 to 65-69,0,3,3,14,11.443677902699198,Custom descriptive weighted least-squares age-period-cohort summaries; not asserted equivalent to conventional NCI APC estimable functions.
China,Male,Prevalence,equal,10-14 years,12.0,2014-2018,2016.0,2004.0,23184.094883248352,203330016.7593913,11.402199858510333,primary_1994_2023,10-14 to 65-69,0,4,4,15,11.472711004605626,Custom descriptive weighted least-squares age-period-cohort summaries; not asserted equivalent to conventional NCI APC estimable functions.
China,Male,Prevalence,equal,10-14 years,12.0,2019-2023,2021.0,2009.0,26406.806544221632,230176164.9974368,11.4724331011926,primary_1994_2023,10-14 to 65-69,0,5,5,16,11.472433101192635,Custom descriptive weighted least-squares age-period-cohort summaries; not asserted equivalent to conventional NCI APC estimable functions.
China,Male,Prevalence,equal,15-19 years,17.0,1994-1998,1996.0,1979.0,234138.44009063893,254993660.90354675,91.82127871767116,primary_1994_2023,10-14 to 65-69,1,0,-1,10,91.43955743921585,Custom descriptive weighted least-squares age-period-cohort summaries; not asserted equivalent to conventional NCI APC estimable functions.
China,Male,Prevalence,equal,15-19 years,17.0,1999-2003,2001.0,1984.0,260384.33058776375,283384216.50349003,91.88385076645825,primary_1994_2023,10-14 to 65-69,1,1,0,11,91.49217659743363,Custom descriptive weighted least-squares age-period-cohort summaries; not asserted equivalent to conventional NCI APC estimable functions.
China,Male,Prevalence,equal,15-19 years,17.0,2004-2008,2006.0,1989.0,286452.1505991825,317689852.4225949,90.16723336134149,primary_1994_2023,10-14 to 65-69,1,2,1,12,90.74759639236458,Custom descriptive weighted least-squares age-period-cohort summaries; not asserted equivalent to conventional NCI APC estimable functions.
China,Male,Prevalence,equal,15-19 years,17.0,2009-2013,2011.0,1994.0,219747.87927751557,247558661.53252834,88.76598294608304,primary_1994_2023,10-14 to 65-69,1,3,2,13,89.43724140880043,Custom descriptive weighted least-squares age-period-cohort summaries; not asserted equivalent to conventional NCI APC estimable functions.
China,Male,Prevalence,equal,15-19 years,17.0,2014-2018,2016.0,1999.0,179977.27740014176,200763628.17393932,89.64635628332613,primary_1994_2023,10-14 to 65-69,1,4,3,14,89.70492364666286,Custom descriptive weighted least-squares age-period-cohort summaries; not asserted equivalent to conventional NCI APC estimable functions.
China,Male,Prevalence,equal,15-19 years,17.0,2019-2023,2021.0,2004.0,183172.74494575855,202729690.04219913,90.35319143813138,primary_1994_2023,10-14 to 65-69,1,5,4,15,89.79788179256349,Custom descriptive weighted least-squares age-period-cohort summaries; not asserted equivalent to conventional NCI APC estimable functions.
China,Male,Prevalence,equal,20-24 years,22.0,1994-1998,1996.0,1974.0,855661.257587081,290754722.69427276,294.28971940958115,primary_1994_2023,10-14 to 65-69,2,0,-2,9,293.7256207833982,Custom descriptive weighted least-squares age-period-cohort summaries; not asserted equivalent to conventional NCI APC estimable functions.
China,Male,Prevalence,equal,20-24 years,22.0,1999-2003,2001.0,1979.0,697777.4960461677,239806950.99334234,290.9746749023717,primary_1994_2023,10-14 to 65-69,2,1,-1,10,293.28796780095564,Custom descriptive weighted least-squares age-period-cohort summaries; not asserted equivalent to conventional NCI APC estimable functions.
China,Male,Prevalence,equal,20-24 years,22.0,2004-2008,2006.0,1984.0,798043.2262519184,272823739.1536675,292.51238500269284,primary_1994_2023,10-14 to 65-69,2,2,0,11,293.5885630990338,Custom descriptive weighted least-squares age-period-cohort summaries; not asserted equivalent to conventional NCI APC estimable functions.
China,Male,Prevalence,equal,20-24 years,22.0,2009-2013,2011.0,1989.0,898299.1128377808,309228856.3356999,290.49653498785517,primary_1994_2023,10-14 to 65-69,2,3,1,12,292.07467148105866,Custom descriptive weighted least-squares age-period-cohort summaries; not asserted equivalent to conventional NCI APC estimable functions.
China,Male,Prevalence,equal,20-24 years,22.0,2014-2018,2016.0,1994.0,693698.6718505,239283207.79312164,289.9069593091776,primary_1994_2023,10-14 to 65-69,2,4,2,13,288.24234272136675,Custom descriptive weighted least-squares age-period-cohort summaries; not asserted equivalent to conventional NCI APC estimable functions.
China,Male,Prevalence,equal,20-24 years,22.0,2019-2023,2021.0,1999.0,570620.2846400399,195834593.82530308,291.37869540509763,primary_1994_2023,10-14 to 65-69,2,5,3,14,288.67225678108514,Custom descriptive weighted least-squares age-period-cohort summaries; not asserted equivalent to conventional NCI APC estimable functions.
China,Male,Prevalence,equal,25-29 years,27.0,1994-1998,1996.0,1969.0,1557179.521105715,333919827.55217385,466.3333508886683,primary_1994_2023,10-14 to 65-69,3,0,-3,8,465.6522584810942,Custom descriptive weighted least-squares age-period-cohort summaries; not asserted equivalent to conventional NCI APC estimable functions.
China,Male,Prevalence,equal,25-29 years,27.0,1999-2003,2001.0,1974.0,1329670.2503545438,288125301.72059166,461.4902760757839,primary_1994_2023,10-14 to 65-69,3,1,-2,9,463.9936820145376,Custom descriptive weighted least-squares age-period-cohort summaries; not asserted equivalent to conventional NCI APC estimable functions.
China,Male,Prevalence,equal,25-29 years,27.0,2004-2008,2006.0,1979.0,1121479.6275349392,241363465.25107664,464.6434895887528,primary_1994_2023,10-14 to 65-69,3,2,-1,10,463.5104457461119,Custom descriptive weighted least-squares age-period-cohort summaries; not asserted equivalent to conventional NCI APC estimable functions.
China,Male,Prevalence,equal,25-29 years,27.0,2009-2013,2011.0,1984.0,1264833.892746579,272406270.67460907,464.31893422065554,primary_1994_2023,10-14 to 65-69,3,3,0,11,465.3803107194476,Custom descriptive weighted least-squares age-period-cohort summaries; not asserted equivalent to conventional NCI APC estimable functions.
China,Male,Prevalence,equal,25-29 years,27.0,2014-2018,2016.0,1989.0,1405691.8217869692,303369202.9959964,463.36009321470914,primary_1994_2023,10-14 to 65-69,3,4,1,12,463.59995606846195,Custom descriptive weighted least-squares age-period-cohort summaries; not asserted equivalent to conventional NCI APC estimable functions.
China,Male,Prevalence,equal,25-29 years,27.0,2019-2023,2021.0,1994.0,1060758.2961198417,231200621.01524952,458.80425902916426,primary_1994_2023,10-14 to 65-69,3,5,2,13,456.8321405875534,Custom descriptive weighted least-squares age-period-cohort summaries; not asserted equivalent to conventional NCI APC estimable functions.
China,Male,Prevalence,equal,30-34 years,32.0,1994-1998,1996.0,1964.0,1668868.7304207943,302902148.77291167,550.959686876292,primary_1994_2023,10-14 to 65-69,4,0,-4,7,551.2215184235628,Custom descriptive weighted least-squares age-period-cohort summaries; not asserted equivalent to conventional NCI APC estimable functions.
China,Male,Prevalence,equal,30-34 years,32.0,1999-2003,2001.0,1969.0,1788807.9984592632,325868243.42850655,548.9359686107972,primary_1994_2023,10-14 to 65-69,4,1,-3,8,550.2944719062142,Custom descriptive weighted least-squares age-period-cohort summaries; not asserted equivalent to conventional NCI APC estimable functions.
China,Male,Prevalence,equal,30-34 years,32.0,2004-2008,2006.0,1974.0,1595583.6401286647,289965799.7368609,550.2661491722921,primary_1994_2023,10-14 to 65-69,4,2,-2,9,548.5807277597106,Custom descriptive weighted least-squares age-period-cohort summaries; not asserted equivalent to conventional NCI APC estimable functions.
China,Male,Prevalence,equal,30-34 years,32.0,2009-2013,2011.0,1979.0,1356456.0797519255,246575671.9965888,550.1175638165516,primary_1994_2023,10-14 to 65-69,4,3,-1,10,549.6567902558794,Custom descriptive weighted least-squares age-period-cohort summaries; not asserted equivalent to conventional NCI APC estimable functions.
China,Male,Prevalence,equal,30-34 years,32.0,2014-2018,2016.0,1984.0,1529805.10344168,276649224.6501563,552.9764651884469,primary_1994_2023,10-14 to 65-69,4,4,0,11,552.6124870531986,Custom descriptive weighted least-squares age-period-cohort summaries; not asserted equivalent to conventional NCI APC estimable functions.
China,Male,Prevalence,equal,30-34 years,32.0,2019-2023,2021.0,1989.0,1684042.8868278281,306866871.6087413,548.7861488596924,primary_1994_2023,10-14 to 65-69,4,5,1,12,549.6743331095729,Custom descriptive weighted least-squares age-period-cohort summaries; not asserted equivalent to conventional NCI APC estimable functions.
China,Male,Prevalence,equal,35-39 years,37.0,1994-1998,1996.0,1959.0,1329129.68855983,227769928.99328655,583.5404587578396,primary_1994_2023,10-14 to 65-69,5,0,-5,6,584.3673076053576,Custom descriptive weighted least-squares age-period-cohort summaries; not asserted equivalent to conventional NCI APC estimable functions.
China,Male,Prevalence,equal,35-39 years,37.0,1999-2003,2001.0,1964.0,1735089.4800890265,296902410.5068509,584.3972358213609,primary_1994_2023,10-14 to 65-69,5,1,-4,7,585.0027110930695,Custom descriptive weighted least-squares age-period-cohort summaries; not asserted equivalent to conventional NCI APC estimable functions.
China,Male,Prevalence,equal,35-39 years,37.0,2004-2008,2006.0,1969.0,1890990.6545605604,323323398.7456673,584.8604406289975,primary_1994_2023,10-14 to 65-69,5,2,-3,8,584.2811947284495,Custom descriptive weighted least-squares age-period-cohort summaries; not asserted equivalent to conventional NCI APC estimable functions.
China,Male,Prevalence,equal,35-39 years,37.0,2009-2013,2011.0,1974.0,1692930.3055010277,289469996.41620743,584.8379198053013,primary_1994_2023,10-14 to 65-69,5,3,-2,9,584.2125700708621,Custom descriptive weighted least-squares age-period-cohort summaries; not asserted equivalent to conventional NCI APC estimable functions.
China,Male,Prevalence,equal,35-39 years,37.0,2014-2018,2016.0,1979.0,1433601.7826090315,243905524.59657583,587.7692950908902,primary_1994_2023,10-14 to 65-69,5,4,-1,10,586.1416272827578,Custom descriptive weighted least-squares age-period-cohort summaries; not asserted equivalent to conventional NCI APC estimable functions.
China,Male,Prevalence,equal,35-39 years,37.0,2019-2023,2021.0,1984.0,1603495.2692406632,273162618.4899805,587.0112382523814,primary_1994_2023,10-14 to 65-69,5,5,0,11,588.411355675874,Custom descriptive weighted least-squares age-period-cohort summaries; not asserted equivalent to conventional NCI APC estimable functions.
China,Male,Prevalence,equal,40-44 years,42.0,1994-1998,1996.0,1954.0,1359317.7783782487,231879214.12065443,586.218037495569,primary_1994_2023,10-14 to 65-69,6,0,-6,5,587.846006857713,Custom descriptive weighted least-squares age-period-cohort summaries; not asserted equivalent to conventional NCI APC estimable functions.
China,Male,Prevalence,equal,40-44 years,42.0,1999-2003,2001.0,1959.0,1280287.6522978924,217750667.06086206,587.9603812832627,primary_1994_2023,10-14 to 65-69,6,1,-5,6,587.8559178498167,Custom descriptive weighted least-squares age-period-cohort summaries; not asserted equivalent to conventional NCI APC estimable functions.
China,Male,Prevalence,equal,40-44 years,42.0,2004-2008,2006.0,1964.0,1702526.0241136139,289194745.5288997,588.7126410266944,primary_1994_2023,10-14 to 65-69,6,2,-4,7,588.7594688782955,Custom descriptive weighted least-squares age-period-cohort summaries; not asserted equivalent to conventional NCI APC estimable functions.
China,Male,Prevalence,equal,40-44 years,42.0,2009-2013,2011.0,1969.0,1872578.5578815967,316862251.1606348,590.9755898730531,primary_1994_2023,10-14 to 65-69,6,3,-3,8,589.8010304444147,Custom descriptive weighted least-squares age-period-cohort summaries; not asserted equivalent to conventional NCI APC estimable functions.
China,Male,Prevalence,equal,40-44 years,42.0,2014-2018,2016.0,1974.0,1675856.4963482618,282947069.33092916,592.2862181647882,primary_1994_2023,10-14 to 65-69,6,4,-2,9,590.5207095166917,Custom descriptive weighted least-squares age-period-cohort summaries; not asserted equivalent to conventional NCI APC estimable functions.
China,Male,Prevalence,equal,40-44 years,42.0,2019-2023,2021.0,1979.0,1401466.689487883,237446260.7768559,590.2247880858123,primary_1994_2023,10-14 to 65-69,6,5,-1,10,591.5836799118704,Custom descriptive weighted least-squares age-period-cohort summaries; not asserted equivalent to conventional NCI APC estimable functions.
China,Male,Prevalence,equal,45-49 years,47.0,1994-1998,1996.0,1949.0,1063198.363478462,182257794.7036712,583.3486382336032,primary_1994_2023,10-14 to 65-69,7,0,-7,4,584.8846979727094,Custom descriptive weighted least-squares age-period-cohort summaries; not asserted equivalent to conventional NCI APC estimable functions.
China,Male,Prevalence,equal,45-49 years,47.0,1999-2003,2001.0,1954.0,1305805.9710231074,223285870.12614468,584.8135263934956,primary_1994_2023,10-14 to 65-69,7,1,-6,5,584.7819756102355,Custom descriptive weighted least-squares age-period-cohort summaries; not asserted equivalent to conventional NCI APC estimable functions.
China,Male,Prevalence,equal,45-49 years,47.0,2004-2008,2006.0,1959.0,1243773.9401387267,212599269.6463115,585.0320851091906,primary_1994_2023,10-14 to 65-69,7,2,-5,6,585.0545256658843,Custom descriptive weighted least-squares age-period-cohort summaries; not asserted equivalent to conventional NCI APC estimable functions.
China,Male,Prevalence,equal,45-49 years,47.0,2009-2013,2011.0,1964.0,1681310.2457029184,285000338.76509637,589.932718321676,primary_1994_2023,10-14 to 65-69,7,3,-4,7,587.7152308088365,Custom descriptive weighted least-squares age-period-cohort summaries; not asserted equivalent to conventional NCI APC estimable functions.
China,Male,Prevalence,equal,45-49 years,47.0,2014-2018,2016.0,1969.0,1844099.9277036039,312027150.49793917,591.0062392842265,primary_1994_2023,10-14 to 65-69,7,4,-3,8,589.5425902841127,Custom descriptive weighted least-squares age-period-cohort summaries; not asserted equivalent to conventional NCI APC estimable functions.
China,Male,Prevalence,equal,45-49 years,47.0,2019-2023,2021.0,1974.0,1637164.0630762267,278788688.2874922,587.2419261817223,primary_1994_2023,10-14 to 65-69,7,5,-2,9,589.3783441411372,Custom descriptive weighted least-squares age-period-cohort summaries; not asserted equivalent to conventional NCI APC estimable functions.
China,Male,Prevalence,equal,50-54 years,52.0,1994-1998,1996.0,1944.0,784412.6878157357,135653693.4606568,578.2464655437018,primary_1994_2023,10-14 to 65-69,8,0,-8,3,579.8621819575367,Custom descriptive weighted least-squares age-period-cohort summaries; not asserted equivalent to conventional NCI APC estimable functions.
China,Male,Prevalence,equal,50-54 years,52.0,1999-2003,2001.0,1949.0,1016982.7826747235,174971754.72018176,581.226829610929,primary_1994_2023,10-14 to 65-69,8,1,-7,4,580.9605832330247,Custom descriptive weighted least-squares age-period-cohort summaries; not asserted equivalent to conventional NCI APC estimable functions.
China,Male,Prevalence,equal,50-54 years,52.0,2004-2008,2006.0,1954.0,1263714.6198169356,217359476.57708672,581.3938456779262,primary_1994_2023,10-14 to 65-69,8,2,-6,5,581.1194739325979,Custom descriptive weighted least-squares age-period-cohort summaries; not asserted equivalent to conventional NCI APC estimable functions.
China,Male,Prevalence,equal,50-54 years,52.0,2009-2013,2011.0,1959.0,1220084.6582379278,208242452.78746703,585.8962194817934,primary_1994_2023,10-14 to 65-69,8,3,-5,6,583.1380585464267,Custom descriptive weighted least-squares age-period-cohort summaries; not asserted equivalent to conventional NCI APC estimable functions.
China,Male,Prevalence,equal,50-54 years,52.0,2014-2018,2016.0,1964.0,1638616.4568853648,278909731.1681947,587.507811226998,primary_1994_2023,10-14 to 65-69,8,4,-4,7,586.5737267633256,Custom descriptive weighted least-squares age-period-cohort summaries; not asserted equivalent to conventional NCI APC estimable functions.
China,Male,Prevalence,equal,50-54 years,52.0,2019-2023,2021.0,1969.0,1783148.3737519882,304859538.84563076,584.9081778788973,primary_1994_2023,10-14 to 65-69,8,5,-3,8,587.5167181342816,Custom descriptive weighted least-squares age-period-cohort summaries; not asserted equivalent to conventional NCI APC estimable functions.
China,Male,Prevalence,equal,55-59 years,57.0,1994-1998,1996.0,1939.0,681306.6196413747,118650888.76750858,574.2111388447888,primary_1994_2023,10-14 to 65-69,9,0,-9,2,575.170226160107,Custom descriptive weighted least-squares age-period-cohort summaries; not asserted equivalent to conventional NCI APC estimable functions.
China,Male,Prevalence,equal,55-59 years,57.0,1999-2003,2001.0,1944.0,729969.0564513713,126964212.4721485,574.9407980705595,primary_1994_2023,10-14 to 65-69,9,1,-8,3,575.3569651880582,Custom descriptive weighted least-squares age-period-cohort summaries; not asserted equivalent to conventional NCI APC estimable functions.
China,Male,Prevalence,equal,55-59 years,57.0,2004-2008,2006.0,1949.0,963409.7440319924,166710642.5257062,577.893366275904,primary_1994_2023,10-14 to 65-69,9,2,-7,4,576.7057745930678,Custom descriptive weighted least-squares age-period-cohort summaries; not asserted equivalent to conventional NCI APC estimable functions.
China,Male,Prevalence,equal,55-59 years,57.0,2009-2013,2011.0,1954.0,1214745.6397265238,208903514.5433215,581.4864543480982,primary_1994_2023,10-14 to 65-69,9,3,-6,5,578.5976349146449,Custom descriptive weighted least-squares age-period-cohort summaries; not asserted equivalent to conventional NCI APC estimable functions.
China,Male,Prevalence,equal,55-59 years,57.0,2014-2018,2016.0,1959.0,1164306.427173216,200440475.99331692,580.8739085273556,primary_1994_2023,10-14 to 65-69,9,4,-5,6,581.3842050528174,Custom descriptive weighted least-squares age-period-cohort summaries; not asserted equivalent to conventional NCI APC estimable functions.
China,Male,Prevalence,equal,55-59 years,57.0,2019-2023,2021.0,1964.0,1565575.2756315626,269120071.2929981,581.7385779179137,primary_1994_2023,10-14 to 65-69,9,5,-4,7,583.9340923952695,Custom descriptive weighted least-squares age-period-cohort summaries; not asserted equivalent to conventional NCI APC estimable functions.
China,Male,Prevalence,equal,60-64 years,62.0,1994-1998,1996.0,1934.0,593429.4416273494,105433105.02274697,562.8492507161941,primary_1994_2023,10-14 to 65-69,10,0,-10,1,562.3995217658274,Custom descriptive weighted least-squares age-period-cohort summaries; not asserted equivalent to conventional NCI APC estimable functions.
China,Male,Prevalence,equal,60-64 years,62.0,1999-2003,2001.0,1939.0,614904.3593154583,109408451.51819524,562.0263798479922,primary_1994_2023,10-14 to 65-69,10,1,-9,2,562.3474945512063,Custom descriptive weighted least-squares age-period-cohort summaries; not asserted equivalent to conventional NCI APC estimable functions.
China,Male,Prevalence,equal,60-64 years,62.0,2004-2008,2006.0,1944.0,676487.2447352295,120027488.32975577,563.6102647392672,primary_1994_2023,10-14 to 65-69,10,2,-8,3,562.7827611092108,Custom descriptive weighted least-squares age-period-cohort summaries; not asserted equivalent to conventional NCI APC estimable functions.
China,Male,Prevalence,equal,60-64 years,62.0,2009-2013,2011.0,1949.0,906105.9332376516,159426484.97419304,568.3534535584388,primary_1994_2023,10-14 to 65-69,10,3,-7,4,565.7978635031079,Custom descriptive weighted least-squares age-period-cohort summaries; not asserted equivalent to conventional NCI APC estimable functions.
China,Male,Prevalence,equal,60-64 years,62.0,2014-2018,2016.0,1954.0,1129545.2866701647,199443664.88575363,566.3480398423268,primary_1994_2023,10-14 to 65-69,10,4,-6,5,568.4133568631144,Custom descriptive weighted least-squares age-period-cohort summaries; not asserted equivalent to conventional NCI APC estimable functions.
China,Male,Prevalence,equal,60-64 years,62.0,2019-2023,2021.0,1959.0,1085475.0310634414,190824057.69894043,568.835525327721,primary_1994_2023,10-14 to 65-69,10,5,-5,6,570.2958777621619,Custom descriptive weighted least-squares age-period-cohort summaries; not asserted equivalent to conventional NCI APC estimable functions.
China,Male,Prevalence,equal,65-69 years,67.0,1994-1998,1996.0,1929.0,413160.56187033176,80329617.68851373,514.331542660148,primary_1994_2023,10-14 to 65-69,11,0,-11,0,514.3315426601494,Custom descriptive weighted least-squares age-period-cohort summaries; not asserted equivalent to conventional NCI APC estimable functions.
China,Male,Prevalence,equal,65-69 years,67.0,1999-2003,2001.0,1934.0,467774.9308127681,90955304.27081525,514.290985625192,primary_1994_2023,10-14 to 65-69,11,1,-10,1,514.702244056603,Custom descriptive weighted least-squares age-period-cohort summaries; not asserted equivalent to conventional NCI APC estimable functions.
China,Male,Prevalence,equal,65-69 years,67.0,2004-2008,2006.0,1939.0,502470.39742618107,97370344.50666028,516.040484371308,primary_1994_2023,10-14 to 65-69,11,2,-9,2,514.8858141085271,Custom descriptive weighted least-squares age-period-cohort summaries; not asserted equivalent to conventional NCI APC estimable functions.
China,Male,Prevalence,equal,65-69 years,67.0,2009-2013,2011.0,1944.0,568514.0060123863,109774809.12810975,517.8911359790362,primary_1994_2023,10-14 to 65-69,11,3,-8,3,516.833362155114,Custom descriptive weighted least-squares age-period-cohort summaries; not asserted equivalent to conventional NCI APC estimable functions.
China,Male,Prevalence,equal,65-69 years,67.0,2014-2018,2016.0,1949.0,759363.1593056328,146590346.90392286,518.0171650752208,primary_1994_2023,10-14 to 65-69,11,4,-7,4,520.297422938642,Custom descriptive weighted least-squares age-period-cohort summaries; not asserted equivalent to conventional NCI APC estimable functions.
China,Male,Prevalence,equal,65-69 years,67.0,2019-2023,2021.0,1954.0,966439.6829840256,185002176.06270134,522.3936839837374,primary_1994_2023,10-14 to 65-69,11,5,-6,5,521.9201081623579,Custom descriptive weighted least-squares age-period-cohort summaries; not asserted equivalent to conventional NCI APC estimable functions.
United States of America,Female,DALYs,equal,10-14 years,12.0,1994-1998,1996.0,1984.0,4001.152718954685,47321721.806490526,8.455213728943178,primary_1994_2023,10-14 to 65-69,0,0,0,11,8.641101556678334,Custom descriptive weighted least-squares age-period-cohort summaries; not asserted equivalent to conventional NCI APC estimable functions.
United States of America,Female,DALYs,equal,10-14 years,12.0,1999-2003,2001.0,1989.0,4361.362289837536,51086572.37898521,8.537198889529748,primary_1994_2023,10-14 to 65-69,0,1,1,12,8.562939144509292,Custom descriptive weighted least-squares age-period-cohort summaries; not asserted equivalent to conventional NCI APC estimable functions.
United States of America,Female,DALYs,equal,10-14 years,12.0,2004-2008,2006.0,1994.0,4356.2363490820535,51512875.07487542,8.456597195846943,primary_1994_2023,10-14 to 65-69,0,2,2,13,8.438140349711457,Custom descriptive weighted least-squares age-period-cohort summaries; not asserted equivalent to conventional NCI APC estimable functions.
United States of America,Female,DALYs,equal,10-14 years,12.0,2009-2013,2011.0,1999.0,4181.131089992995,51051716.90629014,8.189991137159646,primary_1994_2023,10-14 to 65-69,0,3,3,14,8.232991692937604,Custom descriptive weighted least-squares age-period-cohort summaries; not asserted equivalent to conventional NCI APC estimable functions.
United States of America,Female,DALYs,equal,10-14 years,12.0,2014-2018,2016.0,2004.0,4427.100398079972,52237986.27262862,8.47486802989506,primary_1994_2023,10-14 to 65-69,0,4,4,15,8.24243671355398,Custom descriptive weighted least-squares age-period-cohort summaries; not asserted equivalent to conventional NCI APC estimable functions.
United States of America,Female,DALYs,equal,10-14 years,12.0,2019-2023,2021.0,2009.0,4275.9097660154275,52287920.69982942,8.177624408823311,primary_1994_2023,10-14 to 65-69,0,5,5,16,8.177624408823343,Custom descriptive weighted least-squares age-period-cohort summaries; not asserted equivalent to conventional NCI APC estimable functions.
United States of America,Female,DALYs,equal,15-19 years,17.0,1994-1998,1996.0,1979.0,37905.03350982805,46252278.83974978,81.95279121523411,primary_1994_2023,10-14 to 65-69,1,0,-1,10,83.44754182580893,Custom descriptive weighted least-squares age-period-cohort summaries; not asserted equivalent to conventional NCI APC estimable functions.
United States of America,Female,DALYs,equal,15-19 years,17.0,1999-2003,2001.0,1984.0,41129.15695839556,49589567.23069054,82.9391326749492,primary_1994_2023,10-14 to 65-69,1,1,0,11,82.75846506727711,Custom descriptive weighted least-squares age-period-cohort summaries; not asserted equivalent to conventional NCI APC estimable functions.
United States of America,Female,DALYs,equal,15-19 years,17.0,2004-2008,2006.0,1989.0,43995.12181642359,53059455.64430936,82.91664752716339,primary_1994_2023,10-14 to 65-69,1,2,1,12,82.23591716285281,Custom descriptive weighted least-squares age-period-cohort summaries; not asserted equivalent to conventional NCI APC estimable functions.
United States of America,Female,DALYs,equal,15-19 years,17.0,2009-2013,2011.0,1994.0,42825.79637211428,53139804.23513766,80.5908056842192,primary_1994_2023,10-14 to 65-69,1,3,2,13,79.27670072676658,Custom descriptive weighted least-squares age-period-cohort summaries; not asserted equivalent to conventional NCI APC estimable functions.
United States of America,Female,DALYs,equal,15-19 years,17.0,2014-2018,2016.0,1999.0,40382.10062030277,52282593.308920935,77.23813618367781,primary_1994_2023,10-14 to 65-69,1,4,3,14,75.78300993749015,Custom descriptive weighted least-squares age-period-cohort summaries; not asserted equivalent to conventional NCI APC estimable functions.
United States of America,Female,DALYs,equal,15-19 years,17.0,2019-2023,2021.0,2004.0,40001.37725203971,53082712.53438112,75.35669400114253,primary_1994_2023,10-14 to 65-69,1,5,4,15,77.4817034116478,Custom descriptive weighted least-squares age-period-cohort summaries; not asserted equivalent to conventional NCI APC estimable functions.
United States of America,Female,DALYs,equal,20-24 years,22.0,1994-1998,1996.0,1974.0,151970.08646727717,45448626.98752966,334.3777283062373,primary_1994_2023,10-14 to 65-69,2,0,-2,9,336.6450317874355,Custom descriptive weighted least-squares age-period-cohort summaries; not asserted equivalent to conventional NCI APC estimable functions.
United States of America,Female,DALYs,equal,20-24 years,22.0,1999-2003,2001.0,1979.0,161845.00995782568,47950931.846836254,337.52213716051904,primary_1994_2023,10-14 to 65-69,2,1,-1,10,335.2128669341976,Custom descriptive weighted least-squares age-period-cohort summaries; not asserted equivalent to conventional NCI APC estimable functions.
United States of America,Female,DALYs,equal,20-24 years,22.0,2004-2008,2006.0,1984.0,173465.20812979728,51258957.184505686,338.40955348625687,primary_1994_2023,10-14 to 65-69,2,2,0,11,333.3611031929566,Custom descriptive weighted least-squares age-period-cohort summaries; not asserted equivalent to conventional NCI APC estimable functions.
United States of America,Female,DALYs,equal,20-24 years,22.0,2009-2013,2011.0,1989.0,178361.49696324224,54207321.067736335,329.03580817130853,primary_1994_2023,10-14 to 65-69,2,3,1,12,324.05906767609116,Custom descriptive weighted least-squares age-period-cohort summaries; not asserted equivalent to conventional NCI APC estimable functions.
United States of America,Female,DALYs,equal,20-24 years,22.0,2014-2018,2016.0,1994.0,163406.0373319909,54281550.48329743,301.0342112137555,primary_1994_2023,10-14 to 65-69,2,4,2,13,306.07196782030655,Custom descriptive weighted least-squares age-period-cohort summaries; not asserted equivalent to conventional NCI APC estimable functions.
United States of America,Female,DALYs,equal,20-24 years,22.0,2019-2023,2021.0,1999.0,155760.3117872875,52852227.21010894,294.7090785182569,primary_1994_2023,10-14 to 65-69,2,5,3,14,298.7990442063906,Custom descriptive weighted least-squares age-period-cohort summaries; not asserted equivalent to conventional NCI APC estimable functions.
United States of America,Female,DALYs,equal,25-29 years,27.0,1994-1998,1996.0,1969.0,244509.0288189125,49558406.142535545,493.3754893482189,primary_1994_2023,10-14 to 65-69,3,0,-3,8,494.7286453355664,Custom descriptive weighted least-squares age-period-cohort summaries; not asserted equivalent to conventional NCI APC estimable functions.
United States of America,Female,DALYs,equal,25-29 years,27.0,1999-2003,2001.0,1974.0,233280.88849474245,47021428.04063753,496.1161287852277,primary_1994_2023,10-14 to 65-69,3,1,-2,9,494.9130798128759,Custom descriptive weighted least-squares age-period-cohort summaries; not asserted equivalent to conventional NCI APC estimable functions.
United States of America,Female,DALYs,equal,25-29 years,27.0,2004-2008,2006.0,1979.0,249778.1105873098,49874434.37761104,500.81392140947634,primary_1994_2023,10-14 to 65-69,3,2,-1,10,494.16589322679454,Custom descriptive weighted least-squares age-period-cohort summaries; not asserted equivalent to conventional NCI APC estimable functions.
United States of America,Female,DALYs,equal,25-29 years,27.0,2009-2013,2011.0,1984.0,257137.39141738228,52907283.635969795,486.0151074597291,primary_1994_2023,10-14 to 65-69,3,3,0,11,480.75869998503657,Custom descriptive weighted least-squares age-period-cohort summaries; not asserted equivalent to conventional NCI APC estimable functions.
United States of America,Female,DALYs,equal,25-29 years,27.0,2014-2018,2016.0,1989.0,251033.92428793444,56039041.798987195,447.96255651264795,primary_1994_2023,10-14 to 65-69,3,4,1,12,457.8800861545663,Custom descriptive weighted least-squares age-period-cohort summaries; not asserted equivalent to conventional NCI APC estimable functions.
United States of America,Female,DALYs,equal,25-29 years,27.0,2019-2023,2021.0,1994.0,243968.17603804535,55352062.60238151,440.7571544182144,primary_1994_2023,10-14 to 65-69,3,5,2,13,441.6523023988683,Custom descriptive weighted least-squares age-period-cohort summaries; not asserted equivalent to conventional NCI APC estimable functions.
United States of America,Female,DALYs,equal,30-34 years,32.0,1994-1998,1996.0,1964.0,286235.1204001685,54313060.225853786,527.0097453722863,primary_1994_2023,10-14 to 65-69,4,0,-4,7,526.8516851108087,Custom descriptive weighted least-squares age-period-cohort summaries; not asserted equivalent to conventional NCI APC estimable functions.
United States of America,Female,DALYs,equal,30-34 years,32.0,1999-2003,2001.0,1969.0,269543.0016016735,51067724.02736224,527.8147924846847,primary_1994_2023,10-14 to 65-69,4,1,-3,8,528.5893860325419,Custom descriptive weighted least-squares age-period-cohort summaries; not asserted equivalent to conventional NCI APC estimable functions.
United States of America,Female,DALYs,equal,30-34 years,32.0,2004-2008,2006.0,1974.0,260220.41594698717,48682299.821212664,534.5277788901822,primary_1994_2023,10-14 to 65-69,4,2,-2,9,530.2438960882827,Custom descriptive weighted least-squares age-period-cohort summaries; not asserted equivalent to conventional NCI APC estimable functions.
United States of America,Female,DALYs,equal,30-34 years,32.0,2009-2013,2011.0,1979.0,266826.6135794758,51296072.615638174,520.1696737658834,primary_1994_2023,10-14 to 65-69,4,3,-1,10,517.9402403423195,Custom descriptive weighted least-squares age-period-cohort summaries; not asserted equivalent to conventional NCI APC estimable functions.
United States of America,Female,DALYs,equal,30-34 years,32.0,2014-2018,2016.0,1984.0,265501.68434040376,54461497.788911216,487.5034567897286,primary_1994_2023,10-14 to 65-69,4,4,0,11,493.6843825196824,Custom descriptive weighted least-squares age-period-cohort summaries; not asserted equivalent to conventional NCI APC estimable functions.
United States of America,Female,DALYs,equal,30-34 years,32.0,2019-2023,2021.0,1989.0,274870.00501971884,57161770.55687444,480.8633503509667,primary_1994_2023,10-14 to 65-69,4,5,1,12,480.17921564229096,Custom descriptive weighted least-squares age-period-cohort summaries; not asserted equivalent to conventional NCI APC estimable functions.
United States of America,Female,DALYs,equal,35-39 years,37.0,1994-1998,1996.0,1959.0,294481.7738574408,56766542.90912418,518.7593937662676,primary_1994_2023,10-14 to 65-69,5,0,-5,6,516.6552380892336,Custom descriptive weighted least-squares age-period-cohort summaries; not asserted equivalent to conventional NCI APC estimable functions.
United States of America,Female,DALYs,equal,35-39 years,37.0,1999-2003,2001.0,1964.0,287307.934439677,55408543.49628348,518.5264154415972,primary_1994_2023,10-14 to 65-69,5,1,-4,7,519.6909223784164,Custom descriptive weighted least-squares age-period-cohort summaries; not asserted equivalent to conventional NCI APC estimable functions.
United States of America,Female,DALYs,equal,35-39 years,37.0,2004-2008,2006.0,1969.0,275211.1170097181,52420761.06587909,525.0040468963246,primary_1994_2023,10-14 to 65-69,5,2,-3,8,522.8421125892503,Custom descriptive weighted least-squares age-period-cohort summaries; not asserted equivalent to conventional NCI APC estimable functions.
United States of America,Female,DALYs,equal,35-39 years,37.0,2009-2013,2011.0,1974.0,256190.4246013095,49979816.40143545,512.5877665167884,primary_1994_2023,10-14 to 65-69,5,3,-2,9,513.0833723450476,Custom descriptive weighted least-squares age-period-cohort summaries; not asserted equivalent to conventional NCI APC estimable functions.
United States of America,Female,DALYs,equal,35-39 years,37.0,2014-2018,2016.0,1979.0,254916.8280533525,52501698.84795065,485.540151360841,primary_1994_2023,10-14 to 65-69,5,4,-1,10,491.0291410542513,Custom descriptive weighted least-squares age-period-cohort summaries; not asserted equivalent to conventional NCI APC estimable functions.
United States of America,Female,DALYs,equal,35-39 years,37.0,2019-2023,2021.0,1984.0,265639.6935867432,55229074.39329125,480.9779930315305,primary_1994_2023,10-14 to 65-69,5,5,0,11,477.97630441404607,Custom descriptive weighted least-squares age-period-cohort summaries; not asserted equivalent to conventional NCI APC estimable functions.
United States of America,Female,DALYs,equal,40-44 years,42.0,1994-1998,1996.0,1954.0,257974.5375178683,52441470.94973715,491.92849255720836,primary_1994_2023,10-14 to 65-69,6,0,-6,5,488.35343363502426,Custom descriptive weighted least-squares age-period-cohort summaries; not asserted equivalent to conventional NCI APC estimable functions.
United States of America,Female,DALYs,equal,40-44 years,42.0,1999-2003,2001.0,1959.0,278938.33073285356,56888857.71643786,490.32155316462826,primary_1994_2023,10-14 to 65-69,6,1,-5,6,491.5635753269028,Custom descriptive weighted least-squares age-period-cohort summaries; not asserted equivalent to conventional NCI APC estimable functions.
United States of America,Female,DALYs,equal,40-44 years,42.0,2004-2008,2006.0,1964.0,276720.344039382,55820964.38586009,495.7283470177336,primary_1994_2023,10-14 to 65-69,6,2,-4,7,495.81464837320925,Custom descriptive weighted least-squares age-period-cohort summaries; not asserted equivalent to conventional NCI APC estimable functions.
United States of America,Female,DALYs,equal,40-44 years,42.0,2009-2013,2011.0,1969.0,256877.8280221821,52795829.203860946,486.54947160749714,primary_1994_2023,10-14 to 65-69,6,3,-3,8,487.9832595219805,Custom descriptive weighted least-squares age-period-cohort summaries; not asserted equivalent to conventional NCI APC estimable functions.
United States of America,Female,DALYs,equal,40-44 years,42.0,2014-2018,2016.0,1974.0,234587.9286638654,50322805.42407627,466.16623752782664,primary_1994_2023,10-14 to 65-69,6,4,-2,9,469.1780150641561,Custom descriptive weighted least-squares age-period-cohort summaries; not asserted equivalent to conventional NCI APC estimable functions.
United States of America,Female,DALYs,equal,40-44 years,42.0,2019-2023,2021.0,1979.0,242052.45006211344,52534161.381450914,460.75247743000773,primary_1994_2023,10-14 to 65-69,6,5,-1,10,458.5496278688261,Custom descriptive weighted least-squares age-period-cohort summaries; not asserted equivalent to conventional NCI APC estimable functions.
United States of America,Female,DALYs,equal,45-49 years,47.0,1994-1998,1996.0,1949.0,212870.72663102258,46417463.61471845,458.6005138021451,primary_1994_2023,10-14 to 65-69,7,0,-7,4,453.7098334130853,Custom descriptive weighted least-squares age-period-cohort summaries; not asserted equivalent to conventional NCI APC estimable functions.
United States of America,Female,DALYs,equal,45-49 years,47.0,1999-2003,2001.0,1954.0,238731.70877672406,52300439.2640485,456.46214857095674,primary_1994_2023,10-14 to 65-69,7,1,-6,5,458.06326758027757,Custom descriptive weighted least-squares age-period-cohort summaries; not asserted equivalent to conventional NCI APC estimable functions.
United States of America,Female,DALYs,equal,45-49 years,47.0,2004-2008,2006.0,1959.0,261891.39552214343,56968462.8290782,459.7129403120689,primary_1994_2023,10-14 to 65-69,7,2,-5,6,462.3451226262446,Custom descriptive weighted least-squares age-period-cohort summaries; not asserted equivalent to conventional NCI APC estimable functions.
United States of America,Female,DALYs,equal,45-49 years,47.0,2009-2013,2011.0,1964.0,254268.34788433946,55936336.351418026,454.56739656116855,primary_1994_2023,10-14 to 65-69,7,3,-4,7,456.2113437902936,Custom descriptive weighted least-squares age-period-cohort summaries; not asserted equivalent to conventional NCI APC estimable functions.
United States of America,Female,DALYs,equal,45-49 years,47.0,2014-2018,2016.0,1969.0,231913.80468159413,52801990.076389134,439.21413633479017,primary_1994_2023,10-14 to 65-69,7,4,-3,8,439.9132067651605,Custom descriptive weighted least-squares age-period-cohort summaries; not asserted equivalent to conventional NCI APC estimable functions.
United States of America,Female,DALYs,equal,45-49 years,47.0,2019-2023,2021.0,1974.0,217589.59556436833,50188779.95550847,433.542309172006,primary_1994_2023,10-14 to 65-69,7,5,-2,9,431.9456409832986,Custom descriptive weighted least-squares age-period-cohort summaries; not asserted equivalent to conventional NCI APC estimable functions.
United States of America,Female,DALYs,equal,50-54 years,52.0,1994-1998,1996.0,1944.0,156083.89500659742,36934460.31114155,422.5969289701888,primary_1994_2023,10-14 to 65-69,8,0,-8,3,416.6044571366854,Custom descriptive weighted least-squares age-period-cohort summaries; not asserted equivalent to conventional NCI APC estimable functions.
United States of America,Female,DALYs,equal,50-54 years,52.0,1999-2003,2001.0,1949.0,194050.46974373722,46155112.248968065,420.4311511517899,primary_1994_2023,10-14 to 65-69,8,1,-7,4,420.7041474310476,Custom descriptive weighted least-squares age-period-cohort summaries; not asserted equivalent to conventional NCI APC estimable functions.
United States of America,Female,DALYs,equal,50-54 years,52.0,2004-2008,2006.0,1954.0,219999.12934440677,52236184.33440544,421.1623267427365,primary_1994_2023,10-14 to 65-69,8,2,-6,5,425.91156537974524,Custom descriptive weighted least-squares age-period-cohort summaries; not asserted equivalent to conventional NCI APC estimable functions.
United States of America,Female,DALYs,equal,50-54 years,52.0,2009-2013,2011.0,1959.0,237223.11054885463,56861911.29576404,417.1915877307605,primary_1994_2023,10-14 to 65-69,8,3,-5,6,420.5526629347076,Custom descriptive weighted least-squares age-period-cohort summaries; not asserted equivalent to conventional NCI APC estimable functions.
United States of America,Female,DALYs,equal,50-54 years,52.0,2014-2018,2016.0,1964.0,226231.8671742857,55588747.16026059,406.97421462308984,primary_1994_2023,10-14 to 65-69,8,4,-4,7,406.5701938701688,Custom descriptive weighted least-squares age-period-cohort summaries; not asserted equivalent to conventional NCI APC estimable functions.
United States of America,Female,DALYs,equal,50-54 years,52.0,2019-2023,2021.0,1969.0,210057.79991892906,52223996.47176932,402.2246746904554,primary_1994_2023,10-14 to 65-69,8,5,-3,8,400.37395912225975,Custom descriptive weighted least-squares age-period-cohort summaries; not asserted equivalent to conventional NCI APC estimable functions.
United States of America,Female,DALYs,equal,55-59 years,57.0,1994-1998,1996.0,1939.0,114036.77636431967,29728709.59850332,383.59141013662025,primary_1994_2023,10-14 to 65-69,9,0,-9,2,379.7802286708892,Custom descriptive weighted least-squares age-period-cohort summaries; not asserted equivalent to conventional NCI APC estimable functions.
United States of America,Female,DALYs,equal,55-59 years,57.0,1999-2003,2001.0,1944.0,138957.55615930253,36321804.745781645,382.57338018271474,primary_1994_2023,10-14 to 65-69,9,1,-8,3,381.7617170690652,Custom descriptive weighted least-squares age-period-cohort summaries; not asserted equivalent to conventional NCI APC estimable functions.
United States of America,Female,DALYs,equal,55-59 years,57.0,2004-2008,2006.0,1949.0,174212.7585915807,45585743.02092013,382.16500828259245,primary_1994_2023,10-14 to 65-69,9,2,-7,4,386.58110378709665,Custom descriptive weighted least-squares age-period-cohort summaries; not asserted equivalent to conventional NCI APC estimable functions.
United States of America,Female,DALYs,equal,55-59 years,57.0,2009-2013,2011.0,1954.0,196079.2770348232,51680998.61913614,379.4030345269298,primary_1994_2023,10-14 to 65-69,9,3,-6,5,382.8630033623793,Custom descriptive weighted least-squares age-period-cohort summaries; not asserted equivalent to conventional NCI APC estimable functions.
United States of America,Female,DALYs,equal,55-59 years,57.0,2014-2018,2016.0,1959.0,208221.71471689944,56007851.79366857,371.77236413919724,primary_1994_2023,10-14 to 65-69,9,4,-5,6,370.39038652983623,Custom descriptive weighted least-squares age-period-cohort summaries; not asserted equivalent to conventional NCI APC estimable functions.
United States of America,Female,DALYs,equal,55-59 years,57.0,2019-2023,2021.0,1964.0,200384.47755555785,54538582.164631665,367.41783449865227,primary_1994_2023,10-14 to 65-69,9,5,-4,7,365.68253678063945,Custom descriptive weighted least-squares age-period-cohort summaries; not asserted equivalent to conventional NCI APC estimable functions.
United States of America,Female,DALYs,equal,60-64 years,62.0,1994-1998,1996.0,1934.0,90757.31669543171,26591714.218212266,341.29923310199155,primary_1994_2023,10-14 to 65-69,10,0,-10,1,340.3886533389859,Custom descriptive weighted least-squares age-period-cohort summaries; not asserted equivalent to conventional NCI APC estimable functions.
United States of America,Female,DALYs,equal,60-64 years,62.0,1999-2003,2001.0,1939.0,98580.80137328032,28977380.55174892,340.1991467007549,primary_1994_2023,10-14 to 65-69,10,1,-9,2,339.358331456169,Custom descriptive weighted least-squares age-period-cohort summaries; not asserted equivalent to conventional NCI APC estimable functions.
United States of America,Female,DALYs,equal,60-64 years,62.0,2004-2008,2006.0,1944.0,120388.8991029597,35546237.99368376,338.6825326616889,primary_1994_2023,10-14 to 65-69,10,2,-8,3,342.0691469015959,Custom descriptive weighted least-squares age-period-cohort summaries; not asserted equivalent to conventional NCI APC estimable functions.
United States of America,Female,DALYs,equal,60-64 years,62.0,2009-2013,2011.0,1949.0,149871.96755499716,44696572.70205929,335.309753063219,primary_1994_2023,10-14 to 65-69,10,3,-7,4,338.86154859718255,Custom descriptive weighted least-squares age-period-cohort summaries; not asserted equivalent to conventional NCI APC estimable functions.
United States of America,Female,DALYs,equal,60-64 years,62.0,2014-2018,2016.0,1954.0,166827.60062210253,50390165.54049006,331.07174551361885,primary_1994_2023,10-14 to 65-69,10,4,-6,5,328.8065206159491,Custom descriptive weighted least-squares age-period-cohort summaries; not asserted equivalent to conventional NCI APC estimable functions.
United States of America,Female,DALYs,equal,60-64 years,62.0,2019-2023,2021.0,1959.0,177730.6951786255,54249504.53865738,327.61717676513945,primary_1994_2023,10-14 to 65-69,10,5,-5,6,324.85240859046024,Custom descriptive weighted least-squares age-period-cohort summaries; not asserted equivalent to conventional NCI APC estimable functions.
United States of America,Female,DALYs,equal,65-69 years,67.0,1994-1998,1996.0,1929.0,75512.39050431043,26514393.20908394,284.7977319671022,primary_1994_2023,10-14 to 65-69,11,0,-11,0,284.7977319671027,Custom descriptive weighted least-squares age-period-cohort summaries; not asserted equivalent to conventional NCI APC estimable functions.
United States of America,Female,DALYs,equal,65-69 years,67.0,1999-2003,2001.0,1934.0,71942.73383666754,25368828.597589437,283.58713355611377,primary_1994_2023,10-14 to 65-69,11,1,-10,1,284.34576255955255,Custom descriptive weighted least-squares age-period-cohort summaries; not asserted equivalent to conventional NCI APC estimable functions.
United States of America,Female,DALYs,equal,65-69 years,67.0,2004-2008,2006.0,1939.0,78181.43297032481,27847697.024763867,280.7464936895899,primary_1994_2023,10-14 to 65-69,11,2,-9,2,284.26642434692286,Custom descriptive weighted least-squares age-period-cohort summaries; not asserted equivalent to conventional NCI APC estimable functions.
United States of America,Female,DALYs,equal,65-69 years,67.0,2009-2013,2011.0,1944.0,95605.13533657987,34327629.685739875,278.50782652871436,primary_1994_2023,10-14 to 65-69,11,3,-8,3,280.3116163887676,Custom descriptive weighted least-squares age-period-cohort summaries; not asserted equivalent to conventional NCI APC estimable functions.
United States of America,Female,DALYs,equal,65-69 years,67.0,2014-2018,2016.0,1949.0,118422.96218881864,43011017.686502054,275.3316907123143,primary_1994_2023,10-14 to 65-69,11,4,-7,4,272.0600870086313,Custom descriptive weighted least-squares age-period-cohort summaries; not asserted equivalent to conventional NCI APC estimable functions.
United States of America,Female,DALYs,equal,65-69 years,67.0,2019-2023,2021.0,1954.0,131177.35976635697,48190648.54573171,272.2050101522767,primary_1994_2023,10-14 to 65-69,11,5,-6,5,269.5953072457177,Custom descriptive weighted least-squares age-period-cohort summaries; not asserted equivalent to conventional NCI APC estimable functions.
United States of America,Female,Incidence,equal,10-14 years,12.0,1994-1998,1996.0,1984.0,3445.025762895484,47321721.806490526,7.280009330562805,primary_1994_2023,10-14 to 65-69,0,0,0,11,7.653024610203223,Custom descriptive weighted least-squares age-period-cohort summaries; not asserted equivalent to conventional NCI APC estimable functions.
United States of America,Female,Incidence,equal,10-14 years,12.0,1999-2003,2001.0,1989.0,3755.176752436013,51086572.37898521,7.350614021583349,primary_1994_2023,10-14 to 65-69,0,1,1,12,7.474846742268652,Custom descriptive weighted least-squares age-period-cohort summaries; not asserted equivalent to conventional NCI APC estimable functions.
United States of America,Female,Incidence,equal,10-14 years,12.0,2004-2008,2006.0,1994.0,3750.7077406744966,51512875.07487542,7.281107364368106,primary_1994_2023,10-14 to 65-69,0,2,2,13,7.229079236535604,Custom descriptive weighted least-squares age-period-cohort summaries; not asserted equivalent to conventional NCI APC estimable functions.
United States of America,Female,Incidence,equal,10-14 years,12.0,2009-2013,2011.0,1999.0,3600.0921909421377,51051716.90629014,7.051853314846237,primary_1994_2023,10-14 to 65-69,0,3,3,14,6.90878615819815,Custom descriptive weighted least-squares age-period-cohort summaries; not asserted equivalent to conventional NCI APC estimable functions.
United States of America,Female,Incidence,equal,10-14 years,12.0,2014-2018,2016.0,2004.0,3811.7636565537473,52237986.27262862,7.296919212506119,primary_1994_2023,10-14 to 65-69,0,4,4,15,7.017390741120044,Custom descriptive weighted least-squares age-period-cohort summaries; not asserted equivalent to conventional NCI APC estimable functions.
United States of America,Female,Incidence,equal,10-14 years,12.0,2019-2023,2021.0,2009.0,3681.1448007768417,52287920.69982942,7.040143787528447,primary_1994_2023,10-14 to 65-69,0,5,5,16,7.040143787528455,Custom descriptive weighted least-squares age-period-cohort summaries; not asserted equivalent to conventional NCI APC estimable functions.
United States of America,Female,Incidence,equal,15-19 years,17.0,1994-1998,1996.0,1979.0,26274.49044680861,46252278.83974978,56.80691007213245,primary_1994_2023,10-14 to 65-69,1,0,-1,10,57.81623231652202,Custom descriptive weighted least-squares age-period-cohort summaries; not asserted equivalent to conventional NCI APC estimable functions.
United States of America,Female,Incidence,equal,15-19 years,17.0,1999-2003,2001.0,1984.0,28423.9006514817,49589567.23069054,57.31830753685304,primary_1994_2023,10-14 to 65-69,1,1,0,11,56.506445184968335,Custom descriptive weighted least-squares age-period-cohort summaries; not asserted equivalent to conventional NCI APC estimable functions.
United States of America,Female,Incidence,equal,15-19 years,17.0,2004-2008,2006.0,1989.0,30373.352076847543,53059455.64430936,57.24399488841174,primary_1994_2023,10-14 to 65-69,1,2,1,12,55.99220667383907,Custom descriptive weighted least-squares age-period-cohort summaries; not asserted equivalent to conventional NCI APC estimable functions.
United States of America,Female,Incidence,equal,15-19 years,17.0,2009-2013,2011.0,1994.0,29645.222241437208,53139804.23513766,55.78722516601761,primary_1994_2023,10-14 to 65-69,1,3,2,13,53.98297107252292,Custom descriptive weighted least-squares age-period-cohort summaries; not asserted equivalent to conventional NCI APC estimable functions.
United States of America,Female,Incidence,equal,15-19 years,17.0,2014-2018,2016.0,1999.0,26737.412190269915,52282593.308920935,51.14017973876544,primary_1994_2023,10-14 to 65-69,1,4,3,14,51.78756021601786,Custom descriptive weighted least-squares age-period-cohort summaries; not asserted equivalent to conventional NCI APC estimable functions.
United States of America,Female,Incidence,equal,15-19 years,17.0,2019-2023,2021.0,2004.0,26739.478784721156,53082712.53438112,50.373233597288895,primary_1994_2023,10-14 to 65-69,1,5,4,15,52.379784679546994,Custom descriptive weighted least-squares age-period-cohort summaries; not asserted equivalent to conventional NCI APC estimable functions.
United States of America,Female,Incidence,equal,20-24 years,22.0,1994-1998,1996.0,1974.0,42205.894008754476,45448626.98752966,92.8650584325354,primary_1994_2023,10-14 to 65-69,2,0,-2,9,92.71972589999733,Custom descriptive weighted least-squares age-period-cohort summaries; not asserted equivalent to conventional NCI APC estimable functions.
United States of America,Female,Incidence,equal,20-24 years,22.0,1999-2003,2001.0,1979.0,44559.40962612199,47950931.846836254,92.92709841062654,primary_1994_2023,10-14 to 65-69,2,1,-1,10,91.79627525677223,Custom descriptive weighted least-squares age-period-cohort summaries; not asserted equivalent to conventional NCI APC estimable functions.
United States of America,Female,Incidence,equal,20-24 years,22.0,2004-2008,2006.0,1984.0,48057.48470331748,51258957.184505686,93.75431601219556,primary_1994_2023,10-14 to 65-69,2,2,0,11,91.01933821656111,Custom descriptive weighted least-squares age-period-cohort summaries; not asserted equivalent to conventional NCI APC estimable functions.
United States of America,Female,Incidence,equal,20-24 years,22.0,2009-2013,2011.0,1989.0,49333.982857733994,54207321.067736335,91.00981543819013,primary_1994_2023,10-14 to 65-69,2,3,1,12,89.91078257095828,Custom descriptive weighted least-squares age-period-cohort summaries; not asserted equivalent to conventional NCI APC estimable functions.
United States of America,Female,Incidence,equal,20-24 years,22.0,2014-2018,2016.0,1994.0,45034.969786389556,54281550.48329743,82.96551845962271,primary_1994_2023,10-14 to 65-69,2,4,2,13,87.01434991365036,Custom descriptive weighted least-squares age-period-cohort summaries; not asserted equivalent to conventional NCI APC estimable functions.
United States of America,Female,Incidence,equal,20-24 years,22.0,2019-2023,2021.0,1999.0,43586.186379898776,52852227.21010894,82.46802203174161,primary_1994_2023,10-14 to 65-69,2,5,3,14,83.12351438772231,Custom descriptive weighted least-squares age-period-cohort summaries; not asserted equivalent to conventional NCI APC estimable functions.
United States of America,Female,Incidence,equal,25-29 years,27.0,1994-1998,1996.0,1969.0,25240.313289990692,49558406.142535545,50.93043795112521,primary_1994_2023,10-14 to 65-69,3,0,-3,8,50.33788536601423,Custom descriptive weighted least-squares age-period-cohort summaries; not asserted equivalent to conventional NCI APC estimable functions.
United States of America,Female,Incidence,equal,25-29 years,27.0,1999-2003,2001.0,1974.0,23551.000286871466,47021428.04063753,50.085676399529774,primary_1994_2023,10-14 to 65-69,3,1,-2,9,50.12585784577333,Custom descriptive weighted least-squares age-period-cohort summaries; not asserted equivalent to conventional NCI APC estimable functions.
United States of America,Female,Incidence,equal,25-29 years,27.0,2004-2008,2006.0,1979.0,25538.57959015902,49874434.37761104,51.205752824784824,primary_1994_2023,10-14 to 65-69,3,2,-1,10,50.34718027283464,Custom descriptive weighted least-squares age-period-cohort summaries; not asserted equivalent to conventional NCI APC estimable functions.
United States of America,Female,Incidence,equal,25-29 years,27.0,2009-2013,2011.0,1984.0,26252.879630818352,52907283.635969795,49.62053960557133,primary_1994_2023,10-14 to 65-69,3,3,0,11,49.76594714717741,Custom descriptive weighted least-squares age-period-cohort summaries; not asserted equivalent to conventional NCI APC estimable functions.
United States of America,Female,Incidence,equal,25-29 years,27.0,2014-2018,2016.0,1989.0,26769.68002314741,56039041.798987195,47.769696204247424,primary_1994_2023,10-14 to 65-69,3,4,1,12,49.346946069653676,Custom descriptive weighted least-squares age-period-cohort summaries; not asserted equivalent to conventional NCI APC estimable functions.
United States of America,Female,Incidence,equal,25-29 years,27.0,2019-2023,2021.0,1994.0,26523.959831006843,55352062.60238151,47.91864762392008,primary_1994_2023,10-14 to 65-69,3,5,2,13,47.55582622792533,Custom descriptive weighted least-squares age-period-cohort summaries; not asserted equivalent to conventional NCI APC estimable functions.
United States of America,Female,Incidence,equal,30-34 years,32.0,1994-1998,1996.0,1964.0,15635.661101202068,54313060.225853786,28.78803189542848,primary_1994_2023,10-14 to 65-69,4,0,-4,7,28.43014060069992,Custom descriptive weighted least-squares age-period-cohort summaries; not asserted equivalent to conventional NCI APC estimable functions.
United States of America,Female,Incidence,equal,30-34 years,32.0,1999-2003,2001.0,1969.0,14350.877684510448,51067724.02736224,28.101659037753873,primary_1994_2023,10-14 to 65-69,4,1,-3,8,28.329127477138638,Custom descriptive weighted least-squares age-period-cohort summaries; not asserted equivalent to conventional NCI APC estimable functions.
United States of America,Female,Incidence,equal,30-34 years,32.0,2004-2008,2006.0,1974.0,13857.466894568448,48682299.821212664,28.465103221212736,primary_1994_2023,10-14 to 65-69,4,2,-2,9,28.619395967716518,Custom descriptive weighted least-squares age-period-cohort summaries; not asserted equivalent to conventional NCI APC estimable functions.
United States of America,Female,Incidence,equal,30-34 years,32.0,2009-2013,2011.0,1979.0,14455.120179494057,51296072.615638174,28.179779547269383,primary_1994_2023,10-14 to 65-69,4,3,-1,10,28.656444517677766,Custom descriptive weighted least-squares age-period-cohort summaries; not asserted equivalent to conventional NCI APC estimable functions.
United States of America,Female,Incidence,equal,30-34 years,32.0,2014-2018,2016.0,1984.0,15527.87144525154,54461497.788911216,28.511649652817912,primary_1994_2023,10-14 to 65-69,4,4,0,11,28.433434991123924,Custom descriptive weighted least-squares age-period-cohort summaries; not asserted equivalent to conventional NCI APC estimable functions.
United States of America,Female,Incidence,equal,30-34 years,32.0,2019-2023,2021.0,1989.0,16290.522930523817,57161770.55687444,28.498982399985632,primary_1994_2023,10-14 to 65-69,4,5,1,12,28.075124087098946,Custom descriptive weighted least-squares age-period-cohort summaries; not asserted equivalent to conventional NCI APC estimable functions.
United States of America,Female,Incidence,equal,35-39 years,37.0,1994-1998,1996.0,1959.0,12206.959588560534,56766542.90912418,21.50379248583498,primary_1994_2023,10-14 to 65-69,5,0,-5,6,21.275048450906432,Custom descriptive weighted least-squares age-period-cohort summaries; not asserted equivalent to conventional NCI APC estimable functions.
United States of America,Female,Incidence,equal,35-39 years,37.0,1999-2003,2001.0,1964.0,11694.38069081097,55408543.49628348,21.10573560121711,primary_1994_2023,10-14 to 65-69,5,1,-4,7,21.153581362675343,Custom descriptive weighted least-squares age-period-cohort summaries; not asserted equivalent to conventional NCI APC estimable functions.
United States of America,Female,Incidence,equal,35-39 years,37.0,2004-2008,2006.0,1969.0,11042.086390050605,52420761.06587909,21.06433818496761,primary_1994_2023,10-14 to 65-69,5,2,-3,8,21.38447095722743,Custom descriptive weighted least-squares age-period-cohort summaries; not asserted equivalent to conventional NCI APC estimable functions.
United States of America,Female,Incidence,equal,35-39 years,37.0,2009-2013,2011.0,1974.0,10668.356497993627,49979816.40143545,21.345329507227294,primary_1994_2023,10-14 to 65-69,5,3,-2,9,21.536458206217272,Custom descriptive weighted least-squares age-period-cohort summaries; not asserted equivalent to conventional NCI APC estimable functions.
United States of America,Female,Incidence,equal,35-39 years,37.0,2014-2018,2016.0,1979.0,11470.818898427788,52501698.84795065,21.84847185925973,primary_1994_2023,10-14 to 65-69,5,4,-1,10,21.646417323416355,Custom descriptive weighted least-squares age-period-cohort summaries; not asserted equivalent to conventional NCI APC estimable functions.
United States of America,Female,Incidence,equal,35-39 years,37.0,2019-2023,2021.0,1984.0,11886.422002822768,55229074.39329125,21.522037320738853,primary_1994_2023,10-14 to 65-69,5,5,0,11,21.38737082056724,Custom descriptive weighted least-squares age-period-cohort summaries; not asserted equivalent to conventional NCI APC estimable functions.
United States of America,Female,Incidence,equal,40-44 years,42.0,1994-1998,1996.0,1954.0,9202.144615262863,52441470.94973715,17.547457095707166,primary_1994_2023,10-14 to 65-69,6,0,-6,5,17.412297476246746,Custom descriptive weighted least-squares age-period-cohort summaries; not asserted equivalent to conventional NCI APC estimable functions.
United States of America,Female,Incidence,equal,40-44 years,42.0,1999-2003,2001.0,1959.0,9835.36186395225,56888857.71643786,17.288731499895018,primary_1994_2023,10-14 to 65-69,6,1,-5,6,17.295414697018597,Custom descriptive weighted least-squares age-period-cohort summaries; not asserted equivalent to conventional NCI APC estimable functions.
United States of America,Female,Incidence,equal,40-44 years,42.0,2004-2008,2006.0,1964.0,9531.513351971498,55820964.38586009,17.075149913364644,primary_1994_2023,10-14 to 65-69,6,2,-4,7,17.446356440583102,Custom descriptive weighted least-squares age-period-cohort summaries; not asserted equivalent to conventional NCI APC estimable functions.
United States of America,Female,Incidence,equal,40-44 years,42.0,2009-2013,2011.0,1969.0,9275.514523342645,52795829.203860946,17.56865014379645,primary_1994_2023,10-14 to 65-69,6,3,-3,8,17.58198291766314,Custom descriptive weighted least-squares age-period-cohort summaries; not asserted equivalent to conventional NCI APC estimable functions.
United States of America,Female,Incidence,equal,40-44 years,42.0,2014-2018,2016.0,1974.0,9115.918063376734,50322805.42407627,18.114884467500982,primary_1994_2023,10-14 to 65-69,6,4,-2,9,17.774341842366614,Custom descriptive weighted least-squares age-period-cohort summaries; not asserted equivalent to conventional NCI APC estimable functions.
United States of America,Female,Incidence,equal,40-44 years,42.0,2019-2023,2021.0,1979.0,9307.837641182708,52534161.381450914,17.71768578087396,primary_1994_2023,10-14 to 65-69,6,5,-1,10,17.78974084019565,Custom descriptive weighted least-squares age-period-cohort summaries; not asserted equivalent to conventional NCI APC estimable functions.
United States of America,Female,Incidence,equal,45-49 years,47.0,1994-1998,1996.0,1949.0,7856.079756749109,46417463.61471845,16.924836354604338,primary_1994_2023,10-14 to 65-69,7,0,-7,4,16.771146166871983,Custom descriptive weighted least-squares age-period-cohort summaries; not asserted equivalent to conventional NCI APC estimable functions.
United States of America,Female,Incidence,equal,45-49 years,47.0,1999-2003,2001.0,1954.0,8719.872776076223,52300439.2640485,16.672656862502286,primary_1994_2023,10-14 to 65-69,7,1,-6,5,16.662169902272115,Custom descriptive weighted least-squares age-period-cohort summaries; not asserted equivalent to conventional NCI APC estimable functions.
United States of America,Female,Incidence,equal,45-49 years,47.0,2004-2008,2006.0,1959.0,9417.766975004506,56968462.8290782,16.531544836062228,primary_1994_2023,10-14 to 65-69,7,2,-5,6,16.79062546063312,Custom descriptive weighted least-squares age-period-cohort summaries; not asserted equivalent to conventional NCI APC estimable functions.
United States of America,Female,Incidence,equal,45-49 years,47.0,2009-2013,2011.0,1964.0,9424.319108686444,55936336.351418026,16.848295264599557,primary_1994_2023,10-14 to 65-69,7,3,-4,7,16.884536491831717,Custom descriptive weighted least-squares age-period-cohort summaries; not asserted equivalent to conventional NCI APC estimable functions.
United States of America,Female,Incidence,equal,45-49 years,47.0,2014-2018,2016.0,1969.0,9140.267739452123,52801990.076389134,17.310460697085116,primary_1994_2023,10-14 to 65-69,7,4,-3,8,17.080562079050576,Custom descriptive weighted least-squares age-period-cohort summaries; not asserted equivalent to conventional NCI APC estimable functions.
United States of America,Female,Incidence,equal,45-49 years,47.0,2019-2023,2021.0,1974.0,8583.096138516665,50188779.95550847,17.101623402930773,primary_1994_2023,10-14 to 65-69,7,5,-2,9,17.19460412260694,Custom descriptive weighted least-squares age-period-cohort summaries; not asserted equivalent to conventional NCI APC estimable functions.
United States of America,Female,Incidence,equal,50-54 years,52.0,1994-1998,1996.0,1944.0,6020.657351634876,36934460.31114155,16.300921418415044,primary_1994_2023,10-14 to 65-69,8,0,-8,3,16.178124166871932,Custom descriptive weighted least-squares age-period-cohort summaries; not asserted equivalent to conventional NCI APC estimable functions.
United States of America,Female,Incidence,equal,50-54 years,52.0,1999-2003,2001.0,1949.0,7412.75895528603,46155112.248968065,16.060537162818328,primary_1994_2023,10-14 to 65-69,8,1,-7,4,16.028158124085024,Custom descriptive weighted least-squares age-period-cohort summaries; not asserted equivalent to conventional NCI APC estimable functions.
United States of America,Female,Incidence,equal,50-54 years,52.0,2004-2008,2006.0,1954.0,8351.913032933835,52236184.33440544,15.988750210900903,primary_1994_2023,10-14 to 65-69,8,2,-6,5,16.155218896619118,Custom descriptive weighted least-squares age-period-cohort summaries; not asserted equivalent to conventional NCI APC estimable functions.
United States of America,Female,Incidence,equal,50-54 years,52.0,2009-2013,2011.0,1959.0,9174.490866860166,56861911.29576404,16.134686045179816,primary_1994_2023,10-14 to 65-69,8,3,-5,6,16.229183466452668,Custom descriptive weighted least-squares age-period-cohort summaries; not asserted equivalent to conventional NCI APC estimable functions.
United States of America,Female,Incidence,equal,50-54 years,52.0,2014-2018,2016.0,1964.0,9177.77256555711,55588747.16026059,16.51012666124294,primary_1994_2023,10-14 to 65-69,8,4,-4,7,16.382072410583348,Custom descriptive weighted least-squares age-period-cohort summaries; not asserted equivalent to conventional NCI APC estimable functions.
United States of America,Female,Incidence,equal,50-54 years,52.0,2019-2023,2021.0,1969.0,8608.129393338008,52223996.47176932,16.483092016887863,primary_1994_2023,10-14 to 65-69,8,5,-3,8,16.50236561824064,Custom descriptive weighted least-squares age-period-cohort summaries; not asserted equivalent to conventional NCI APC estimable functions.
United States of America,Female,Incidence,equal,55-59 years,57.0,1994-1998,1996.0,1939.0,4661.220989392129,29728709.59850332,15.679190426841789,primary_1994_2023,10-14 to 65-69,9,0,-9,2,15.61317913500064,Custom descriptive weighted least-squares age-period-cohort summaries; not asserted equivalent to conventional NCI APC estimable functions.
United States of America,Female,Incidence,equal,55-59 years,57.0,1999-2003,2001.0,1944.0,5611.082832966886,36321804.745781645,15.448248984980701,primary_1994_2023,10-14 to 65-69,9,1,-8,3,15.414231525370766,Custom descriptive weighted least-squares age-period-cohort summaries; not asserted equivalent to conventional NCI APC estimable functions.
United States of America,Female,Incidence,equal,55-59 years,57.0,2004-2008,2006.0,1949.0,7038.429752150549,45585743.02092013,15.439980322182059,primary_1994_2023,10-14 to 65-69,9,2,-7,4,15.493079375656302,Custom descriptive weighted least-squares age-period-cohort summaries; not asserted equivalent to conventional NCI APC estimable functions.
United States of America,Female,Incidence,equal,55-59 years,57.0,2009-2013,2011.0,1954.0,7968.064007785406,51680998.61913614,15.417782590669674,primary_1994_2023,10-14 to 65-69,9,3,-6,5,15.567378396351568,Custom descriptive weighted least-squares age-period-cohort summaries; not asserted equivalent to conventional NCI APC estimable functions.
United States of America,Female,Incidence,equal,55-59 years,57.0,2014-2018,2016.0,1959.0,8801.379382362811,56007851.79366857,15.714545551196748,primary_1994_2023,10-14 to 65-69,9,4,-5,6,15.698176488838618,Custom descriptive weighted least-squares age-period-cohort summaries; not asserted equivalent to conventional NCI APC estimable functions.
United States of America,Female,Incidence,equal,55-59 years,57.0,2019-2023,2021.0,1964.0,8654.297993787546,54538582.164631665,15.868212282569877,primary_1994_2023,10-14 to 65-69,9,5,-4,7,15.779227121501053,Custom descriptive weighted least-squares age-period-cohort summaries; not asserted equivalent to conventional NCI APC estimable functions.
United States of America,Female,Incidence,equal,60-64 years,62.0,1994-1998,1996.0,1934.0,3577.2154184523174,26591714.218212266,13.452368617899543,primary_1994_2023,10-14 to 65-69,10,0,-10,1,13.419156053401085,Custom descriptive weighted least-squares age-period-cohort summaries; not asserted equivalent to conventional NCI APC estimable functions.
United States of America,Female,Incidence,equal,60-64 years,62.0,1999-2003,2001.0,1939.0,3840.8848016784887,28977380.55174892,13.254768818110694,primary_1994_2023,10-14 to 65-69,10,1,-9,2,13.262913140135478,Custom descriptive weighted least-squares age-period-cohort summaries; not asserted equivalent to conventional NCI APC estimable functions.
United States of America,Female,Incidence,equal,60-64 years,62.0,2004-2008,2006.0,1944.0,4717.940059374808,35546237.99368376,13.272684609305609,primary_1994_2023,10-14 to 65-69,10,2,-8,3,13.284030828412732,Custom descriptive weighted least-squares age-period-cohort summaries; not asserted equivalent to conventional NCI APC estimable functions.
United States of America,Female,Incidence,equal,60-64 years,62.0,2009-2013,2011.0,1949.0,5892.5336331064,44696572.70205929,13.183412679950102,primary_1994_2023,10-14 to 65-69,10,3,-7,4,13.310496335560279,Custom descriptive weighted least-squares age-period-cohort summaries; not asserted equivalent to conventional NCI APC estimable functions.
United States of America,Female,Incidence,equal,60-64 years,62.0,2014-2018,2016.0,1954.0,6755.197876569365,50390165.54049006,13.405786236485678,primary_1994_2023,10-14 to 65-69,10,4,-6,5,13.425234760404157,Custom descriptive weighted least-squares age-period-cohort summaries; not asserted equivalent to conventional NCI APC estimable functions.
United States of America,Female,Incidence,equal,60-64 years,62.0,2019-2023,2021.0,1959.0,7387.135293603993,54249504.53865738,13.616963613630851,primary_1994_2023,10-14 to 65-69,10,5,-5,6,13.480933387235584,Custom descriptive weighted least-squares age-period-cohort summaries; not asserted equivalent to conventional NCI APC estimable functions.
United States of America,Female,Incidence,equal,65-69 years,67.0,1994-1998,1996.0,1929.0,2549.790142006357,26514393.20908394,9.616626418336395,primary_1994_2023,10-14 to 65-69,11,0,-11,0,9.616626418336422,Custom descriptive weighted least-squares age-period-cohort summaries; not asserted equivalent to conventional NCI APC estimable functions.
United States of America,Female,Incidence,equal,65-69 years,67.0,1999-2003,2001.0,1934.0,2403.961528500186,25368828.597589437,9.476044663444224,primary_1994_2023,10-14 to 65-69,11,1,-10,1,9.499497982216482,Custom descriptive weighted least-squares age-period-cohort summaries; not asserted equivalent to conventional NCI APC estimable functions.
United States of America,Female,Incidence,equal,65-69 years,67.0,2004-2008,2006.0,1939.0,2643.008451990567,27847697.024763867,9.490940847425348,primary_1994_2023,10-14 to 65-69,11,2,-9,2,9.525215080297544,Custom descriptive weighted least-squares age-period-cohort summaries; not asserted equivalent to conventional NCI APC estimable functions.
United States of America,Female,Incidence,equal,65-69 years,67.0,2009-2013,2011.0,1944.0,3235.8456101879065,34327629.685739875,9.426358999474168,primary_1994_2023,10-14 to 65-69,11,3,-8,3,9.510738650124074,Custom descriptive weighted least-squares age-period-cohort summaries; not asserted equivalent to conventional NCI APC estimable functions.
United States of America,Female,Incidence,equal,65-69 years,67.0,2014-2018,2016.0,1949.0,4122.184900094782,43011017.686502054,9.584020843544067,primary_1994_2023,10-14 to 65-69,11,4,-7,4,9.56595922941405,Custom descriptive weighted least-squares age-period-cohort summaries; not asserted equivalent to conventional NCI APC estimable functions.
United States of America,Female,Incidence,equal,65-69 years,67.0,2019-2023,2021.0,1954.0,4691.086182715061,48190648.54573171,9.734432559593671,primary_1994_2023,10-14 to 65-69,11,5,-6,5,9.607723867365586,Custom descriptive weighted least-squares age-period-cohort summaries; not asserted equivalent to conventional NCI APC estimable functions.
United States of America,Female,Prevalence,equal,10-14 years,12.0,1994-1998,1996.0,1984.0,5649.960168092742,47321721.806490526,11.93946448355522,primary_1994_2023,10-14 to 65-69,0,0,0,11,12.230772668354332,Custom descriptive weighted least-squares age-period-cohort summaries; not asserted equivalent to conventional NCI APC estimable functions.
United States of America,Female,Prevalence,equal,10-14 years,12.0,1999-2003,2001.0,1989.0,6159.327408325484,51086572.37898521,12.056646436626393,primary_1994_2023,10-14 to 65-69,0,1,1,12,12.093041634542859,Custom descriptive weighted least-squares age-period-cohort summaries; not asserted equivalent to conventional NCI APC estimable functions.
United States of America,Female,Prevalence,equal,10-14 years,12.0,2004-2008,2006.0,1994.0,6151.532748171125,51512875.07487542,11.94173833091183,primary_1994_2023,10-14 to 65-69,0,2,2,13,11.906922864068447,Custom descriptive weighted least-squares age-period-cohort summaries; not asserted equivalent to conventional NCI APC estimable functions.
United States of America,Female,Prevalence,equal,10-14 years,12.0,2009-2013,2011.0,1999.0,5903.957424814458,51051716.90629014,11.564659883332984,primary_1994_2023,10-14 to 65-69,0,3,3,14,11.626161033470279,Custom descriptive weighted least-squares age-period-cohort summaries; not asserted equivalent to conventional NCI APC estimable functions.
United States of America,Female,Prevalence,equal,10-14 years,12.0,2014-2018,2016.0,2004.0,6251.139952697778,52237986.27262862,11.966655682463045,primary_1994_2023,10-14 to 65-69,0,4,4,15,11.618746263750877,Custom descriptive weighted least-squares age-period-cohort summaries; not asserted equivalent to conventional NCI APC estimable functions.
United States of America,Female,Prevalence,equal,10-14 years,12.0,2019-2023,2021.0,2009.0,6037.733183692048,52287920.69982942,11.547089849590721,primary_1994_2023,10-14 to 65-69,0,5,5,16,11.547089849590721,Custom descriptive weighted least-squares age-period-cohort summaries; not asserted equivalent to conventional NCI APC estimable functions.
United States of America,Female,Prevalence,equal,15-19 years,17.0,1994-1998,1996.0,1979.0,57992.50364328621,46252278.83974978,125.38301916801282,primary_1994_2023,10-14 to 65-69,1,0,-1,10,127.50498915026803,Custom descriptive weighted least-squares age-period-cohort summaries; not asserted equivalent to conventional NCI APC estimable functions.
United States of America,Female,Prevalence,equal,15-19 years,17.0,1999-2003,2001.0,1984.0,62771.218358022525,49589567.23069054,126.5815006330081,primary_1994_2023,10-14 to 65-69,1,1,0,11,125.95896035299806,Custom descriptive weighted least-squares age-period-cohort summaries; not asserted equivalent to conventional NCI APC estimable functions.
United States of America,Female,Prevalence,equal,15-19 years,17.0,2004-2008,2006.0,1989.0,66885.50859234441,53059455.64430936,126.05766075083717,primary_1994_2023,10-14 to 65-69,1,2,1,12,125.06347958119906,Custom descriptive weighted least-squares age-period-cohort summaries; not asserted equivalent to conventional NCI APC estimable functions.
United States of America,Female,Prevalence,equal,15-19 years,17.0,2009-2013,2011.0,1994.0,65037.70895324822,53139804.23513766,122.38981661555184,primary_1994_2023,10-14 to 65-69,1,3,2,13,120.61036997202102,Custom descriptive weighted least-squares age-period-cohort summaries; not asserted equivalent to conventional NCI APC estimable functions.
United States of America,Female,Prevalence,equal,15-19 years,17.0,2014-2018,2016.0,1999.0,61642.81732402983,52282593.308920935,117.90313644122884,primary_1994_2023,10-14 to 65-69,1,4,3,14,115.70814152340255,Custom descriptive weighted least-squares age-period-cohort summaries; not asserted equivalent to conventional NCI APC estimable functions.
United States of America,Female,Prevalence,equal,15-19 years,17.0,2019-2023,2021.0,2004.0,61145.634155406224,53082712.53438112,115.18935494451765,primary_1994_2023,10-14 to 65-69,1,5,4,15,118.63856199412889,Custom descriptive weighted least-squares age-period-cohort summaries; not asserted equivalent to conventional NCI APC estimable functions.
United States of America,Female,Prevalence,equal,20-24 years,22.0,1994-1998,1996.0,1974.0,235402.35715636727,45448626.98752966,517.9526264257835,primary_1994_2023,10-14 to 65-69,2,0,-2,9,522.2822244699214,Custom descriptive weighted least-squares age-period-cohort summaries; not asserted equivalent to conventional NCI APC estimable functions.
United States of America,Female,Prevalence,equal,20-24 years,22.0,1999-2003,2001.0,1979.0,250127.1879500854,47950931.846836254,521.6315477435054,primary_1994_2023,10-14 to 65-69,2,1,-1,10,518.2442305967268,Custom descriptive weighted least-squares age-period-cohort summaries; not asserted equivalent to conventional NCI APC estimable functions.
United States of America,Female,Prevalence,equal,20-24 years,22.0,2004-2008,2006.0,1984.0,267745.9997451954,51258957.184505686,522.3399274032215,primary_1994_2023,10-14 to 65-69,2,2,0,11,514.1101178462565,Custom descriptive weighted least-squares age-period-cohort summaries; not asserted equivalent to conventional NCI APC estimable functions.
United States of America,Female,Prevalence,equal,20-24 years,22.0,2009-2013,2011.0,1989.0,275362.5304928114,54207321.067736335,507.98033377949844,primary_1994_2023,10-14 to 65-69,2,3,1,12,499.9743692772833,Custom descriptive weighted least-squares age-period-cohort summaries; not asserted equivalent to conventional NCI APC estimable functions.
United States of America,Female,Prevalence,equal,20-24 years,22.0,2014-2018,2016.0,1994.0,252955.52745812846,54281550.48329743,466.00645192690934,primary_1994_2023,10-14 to 65-69,2,4,2,13,473.744692793083,Custom descriptive weighted least-squares age-period-cohort summaries; not asserted equivalent to conventional NCI APC estimable functions.
United States of America,Female,Prevalence,equal,20-24 years,22.0,2019-2023,2021.0,1999.0,243146.47131940082,52852227.21010894,460.04962166077775,primary_1994_2023,10-14 to 65-69,2,5,3,14,466.29702935036516,Custom descriptive weighted least-squares age-period-cohort summaries; not asserted equivalent to conventional NCI APC estimable functions.
United States of America,Female,Prevalence,equal,25-29 years,27.0,1994-1998,1996.0,1969.0,383082.48993017327,49558406.142535545,772.991949798355,primary_1994_2023,10-14 to 65-69,3,0,-3,8,775.5630813527226,Custom descriptive weighted least-squares age-period-cohort summaries; not asserted equivalent to conventional NCI APC estimable functions.
United States of America,Female,Prevalence,equal,25-29 years,27.0,1999-2003,2001.0,1974.0,363865.86277173366,47021428.04063753,773.8298855093647,primary_1994_2023,10-14 to 65-69,3,1,-2,9,772.5271304679491,Custom descriptive weighted least-squares age-period-cohort summaries; not asserted equivalent to conventional NCI APC estimable functions.
United States of America,Female,Prevalence,equal,25-29 years,27.0,2004-2008,2006.0,1979.0,389001.45266403013,49874434.37761104,779.9616326850123,primary_1994_2023,10-14 to 65-69,3,2,-1,10,769.7731479549988,Custom descriptive weighted least-squares age-period-cohort summaries; not asserted equivalent to conventional NCI APC estimable functions.
United States of America,Female,Prevalence,equal,25-29 years,27.0,2009-2013,2011.0,1984.0,400347.6967105995,52907283.635969795,756.6967517463272,primary_1994_2023,10-14 to 65-69,3,3,0,11,747.9534718576613,Custom descriptive weighted least-squares age-period-cohort summaries; not asserted equivalent to conventional NCI APC estimable functions.
United States of America,Female,Prevalence,equal,25-29 years,27.0,2014-2018,2016.0,1989.0,391767.30920076836,56039041.798987195,699.097087716173,primary_1994_2023,10-14 to 65-69,3,4,1,12,714.6750935575698,Custom descriptive weighted least-squares age-period-cohort summaries; not asserted equivalent to conventional NCI APC estimable functions.
United States of America,Female,Prevalence,equal,25-29 years,27.0,2019-2023,2021.0,1994.0,384150.9206144566,55352062.60238151,694.0137414101142,primary_1994_2023,10-14 to 65-69,3,5,2,13,694.7751653281166,Custom descriptive weighted least-squares age-period-cohort summaries; not asserted equivalent to conventional NCI APC estimable functions.
United States of America,Female,Prevalence,equal,30-34 years,32.0,1994-1998,1996.0,1964.0,453110.05707090325,54313060.225853786,834.2561718796622,primary_1994_2023,10-14 to 65-69,4,0,-4,7,833.457157656058,Custom descriptive weighted least-squares age-period-cohort summaries; not asserted equivalent to conventional NCI APC estimable functions.
United States of America,Female,Prevalence,equal,30-34 years,32.0,1999-2003,2001.0,1969.0,424883.5449593281,51067724.02736224,832.0001587140914,primary_1994_2023,10-14 to 65-69,4,1,-3,8,832.5855421336457,Custom descriptive weighted least-squares age-period-cohort summaries; not asserted equivalent to conventional NCI APC estimable functions.
United States of America,Female,Prevalence,equal,30-34 years,32.0,2004-2008,2006.0,1974.0,409148.2160409892,48682299.821212664,840.4455367630524,primary_1994_2023,10-14 to 65-69,4,2,-2,9,832.8087209284415,Custom descriptive weighted least-squares age-period-cohort summaries; not asserted equivalent to conventional NCI APC estimable functions.
United States of America,Female,Prevalence,equal,30-34 years,32.0,2009-2013,2011.0,1979.0,418369.0387546218,51296072.615638174,815.5966283997293,primary_1994_2023,10-14 to 65-69,4,3,-1,10,812.80137818045,Custom descriptive weighted least-squares age-period-cohort summaries; not asserted equivalent to conventional NCI APC estimable functions.
United States of America,Female,Prevalence,equal,30-34 years,32.0,2014-2018,2016.0,1984.0,416696.67567651474,54461497.788911216,765.1215860636088,primary_1994_2023,10-14 to 65-69,4,4,0,11,775.9589216289577,Custom descriptive weighted least-squares age-period-cohort summaries; not asserted equivalent to conventional NCI APC estimable functions.
United States of America,Female,Prevalence,equal,30-34 years,32.0,2019-2023,2021.0,1989.0,435371.2768674183,57161770.55687444,761.6476407675922,primary_1994_2023,10-14 to 65-69,4,5,1,12,760.6972006828737,Custom descriptive weighted least-squares age-period-cohort summaries; not asserted equivalent to conventional NCI APC estimable functions.
United States of America,Female,Prevalence,equal,35-39 years,37.0,1994-1998,1996.0,1959.0,470292.72998156864,56766542.90912418,828.4681537405685,primary_1994_2023,10-14 to 65-69,5,0,-5,6,825.3647187104525,Custom descriptive weighted least-squares age-period-cohort summaries; not asserted equivalent to conventional NCI APC estimable functions.
United States of America,Female,Prevalence,equal,35-39 years,37.0,1999-2003,2001.0,1964.0,456942.7796950943,55408543.49628348,824.6792838468018,primary_1994_2023,10-14 to 65-69,5,1,-4,7,826.5067354204882,Custom descriptive weighted least-squares age-period-cohort summaries; not asserted equivalent to conventional NCI APC estimable functions.
United States of America,Female,Prevalence,equal,35-39 years,37.0,2004-2008,2006.0,1969.0,436486.20935360476,52420761.06587909,832.6590466801055,primary_1994_2023,10-14 to 65-69,5,2,-3,8,829.1092642332744,Custom descriptive weighted least-squares age-period-cohort summaries; not asserted equivalent to conventional NCI APC estimable functions.
United States of America,Female,Prevalence,equal,35-39 years,37.0,2009-2013,2011.0,1974.0,405809.44259761873,49979816.40143545,811.9466452981281,primary_1994_2023,10-14 to 65-69,5,3,-2,9,812.3034859782268,Custom descriptive weighted least-squares age-period-cohort summaries; not asserted equivalent to conventional NCI APC estimable functions.
United States of America,Female,Prevalence,equal,35-39 years,37.0,2014-2018,2016.0,1979.0,404434.60442670377,52501698.84795065,770.3267004711229,primary_1994_2023,10-14 to 65-69,5,4,-1,10,778.9327402246419,Custom descriptive weighted least-squares age-period-cohort summaries; not asserted equivalent to conventional NCI APC estimable functions.
United States of America,Female,Prevalence,equal,35-39 years,37.0,2019-2023,2021.0,1984.0,423792.0781898952,55229074.39329125,767.3351089899377,primary_1994_2023,10-14 to 65-69,5,5,0,11,762.9450867053552,Custom descriptive weighted least-squares age-period-cohort summaries; not asserted equivalent to conventional NCI APC estimable functions.
United States of America,Female,Prevalence,equal,40-44 years,42.0,1994-1998,1996.0,1954.0,415590.614669548,52441470.94973715,792.4846636507839,primary_1994_2023,10-14 to 65-69,6,0,-6,5,787.688162685729,Custom descriptive weighted least-squares age-period-cohort summaries; not asserted equivalent to conventional NCI APC estimable functions.
United States of America,Female,Prevalence,equal,40-44 years,42.0,1999-2003,2001.0,1959.0,448538.7161111647,56888857.71643786,788.4473939464614,primary_1994_2023,10-14 to 65-69,6,1,-5,6,790.0387124936628,Custom descriptive weighted least-squares age-period-cohort summaries; not asserted equivalent to conventional NCI APC estimable functions.
United States of America,Female,Prevalence,equal,40-44 years,42.0,2004-2008,2006.0,1964.0,443238.25317905523,55820964.38586009,794.0354632986798,primary_1994_2023,10-14 to 65-69,6,2,-4,7,794.4538161521248,Custom descriptive weighted least-squares age-period-cohort summaries; not asserted equivalent to conventional NCI APC estimable functions.
United States of America,Female,Prevalence,equal,40-44 years,42.0,2009-2013,2011.0,1969.0,411242.4244366486,52795829.203860946,778.9297575926216,primary_1994_2023,10-14 to 65-69,6,3,-3,8,780.5921440032425,Custom descriptive weighted least-squares age-period-cohort summaries; not asserted equivalent to conventional NCI APC estimable functions.
United States of America,Female,Prevalence,equal,40-44 years,42.0,2014-2018,2016.0,1974.0,375793.4164095194,50322805.42407627,746.765632882872,primary_1994_2023,10-14 to 65-69,6,4,-2,9,751.4034761462726,Custom descriptive weighted least-squares age-period-cohort summaries; not asserted equivalent to conventional NCI APC estimable functions.
United States of America,Female,Prevalence,equal,40-44 years,42.0,2019-2023,2021.0,1979.0,390227.87103539304,52534161.381450914,742.807843075567,primary_1994_2023,10-14 to 65-69,6,5,-1,10,739.2543077836289,Custom descriptive weighted least-squares age-period-cohort summaries; not asserted equivalent to conventional NCI APC estimable functions.
United States of America,Female,Prevalence,equal,45-49 years,47.0,1994-1998,1996.0,1949.0,346321.16648976645,46417463.61471845,746.1010135417049,primary_1994_2023,10-14 to 65-69,7,0,-7,4,738.6458715179664,Custom descriptive weighted least-squares age-period-cohort summaries; not asserted equivalent to conventional NCI APC estimable functions.
United States of America,Female,Prevalence,equal,45-49 years,47.0,1999-2003,2001.0,1954.0,388056.71394954296,52300439.2640485,741.9760128406693,primary_1994_2023,10-14 to 65-69,7,1,-6,5,743.8346410615773,Custom descriptive weighted least-squares age-period-cohort summaries; not asserted equivalent to conventional NCI APC estimable functions.
United States of America,Female,Prevalence,equal,45-49 years,47.0,2004-2008,2006.0,1959.0,424412.9070334768,56968462.8290782,744.9962417045335,primary_1994_2023,10-14 to 65-69,7,2,-5,6,749.1870121541186,Custom descriptive weighted least-squares age-period-cohort summaries; not asserted equivalent to conventional NCI APC estimable functions.
United States of America,Female,Prevalence,equal,45-49 years,47.0,2009-2013,2011.0,1964.0,411113.7889275757,55936336.351418026,734.9673141708246,primary_1994_2023,10-14 to 65-69,7,3,-4,7,737.9053731270232,Custom descriptive weighted least-squares age-period-cohort summaries; not asserted equivalent to conventional NCI APC estimable functions.
United States of America,Female,Prevalence,equal,45-49 years,47.0,2014-2018,2016.0,1969.0,375356.6418384976,52801990.076389134,710.8759372430198,primary_1994_2023,10-14 to 65-69,7,4,-3,8,712.3585937731535,Custom descriptive weighted least-squares age-period-cohort summaries; not asserted equivalent to conventional NCI APC estimable functions.
United States of America,Female,Prevalence,equal,45-49 years,47.0,2019-2023,2021.0,1974.0,354562.002541547,50188779.95550847,706.45670776588,primary_1994_2023,10-14 to 65-69,7,5,-2,9,703.5366300083328,Custom descriptive weighted least-squares age-period-cohort summaries; not asserted equivalent to conventional NCI APC estimable functions.
United States of America,Female,Prevalence,equal,50-54 years,52.0,1994-1998,1996.0,1944.0,256781.22368857707,36934460.31114155,695.234806534095,primary_1994_2023,10-14 to 65-69,8,0,-8,3,685.4687953281904,Custom descriptive weighted least-squares age-period-cohort summaries; not asserted equivalent to conventional NCI APC estimable functions.
United States of America,Female,Prevalence,equal,50-54 years,52.0,1999-2003,2001.0,1949.0,318990.37745613954,46155112.248968065,691.1268587875041,primary_1994_2023,10-14 to 65-69,8,1,-7,4,691.6757213627881,Custom descriptive weighted least-squares age-period-cohort summaries; not asserted equivalent to conventional NCI APC estimable functions.
United States of America,Female,Prevalence,equal,50-54 years,52.0,2004-2008,2006.0,1954.0,361439.1412986552,52236184.33440544,691.9325098188551,primary_1994_2023,10-14 to 65-69,8,2,-6,5,699.4592907693709,Custom descriptive weighted least-squares age-period-cohort summaries; not asserted equivalent to conventional NCI APC estimable functions.
United States of America,Female,Prevalence,equal,50-54 years,52.0,2009-2013,2011.0,1959.0,389502.60998131766,56861911.29576404,684.9973929918425,primary_1994_2023,10-14 to 65-69,8,3,-5,6,690.0275536152674,Custom descriptive weighted least-squares age-period-cohort summaries; not asserted equivalent to conventional NCI APC estimable functions.
United States of America,Female,Prevalence,equal,50-54 years,52.0,2014-2018,2016.0,1964.0,371501.42273845634,55588747.16026059,668.3032838776337,primary_1994_2023,10-14 to 65-69,8,4,-4,7,667.7583699889364,Custom descriptive weighted least-squares age-period-cohort summaries; not asserted equivalent to conventional NCI APC estimable functions.
United States of America,Female,Prevalence,equal,50-54 years,52.0,2019-2023,2021.0,1969.0,346776.2703766508,52223996.47176932,664.0171067032516,primary_1994_2023,10-14 to 65-69,8,5,-3,8,661.3880717761718,Custom descriptive weighted least-squares age-period-cohort summaries; not asserted equivalent to conventional NCI APC estimable functions.
United States of America,Female,Prevalence,equal,55-59 years,57.0,1994-1998,1996.0,1939.0,190840.37236422367,29728709.59850332,641.9396433332964,primary_1994_2023,10-14 to 65-69,9,0,-9,2,634.1762013096119,Custom descriptive weighted least-squares age-period-cohort summaries; not asserted equivalent to conventional NCI APC estimable functions.
United States of America,Female,Prevalence,equal,55-59 years,57.0,1999-2003,2001.0,1944.0,231698.31203100024,36321804.745781645,637.9041835962441,primary_1994_2023,10-14 to 65-69,9,1,-8,3,636.3104165099603,Custom descriptive weighted least-squares age-period-cohort summaries; not asserted equivalent to conventional NCI APC estimable functions.
United States of America,Female,Prevalence,equal,55-59 years,57.0,2004-2008,2006.0,1949.0,290307.9531423588,45585743.02092013,636.8393578868095,primary_1994_2023,10-14 to 65-69,9,2,-7,4,644.7682767843518,Custom descriptive weighted least-squares age-period-cohort summaries; not asserted equivalent to conventional NCI APC estimable functions.
United States of America,Female,Prevalence,equal,55-59 years,57.0,2009-2013,2011.0,1954.0,326557.20382004697,51680998.61913614,631.8709246054144,primary_1994_2023,10-14 to 65-69,9,3,-6,5,638.6364806774852,Custom descriptive weighted least-squares age-period-cohort summaries; not asserted equivalent to conventional NCI APC estimable functions.
United States of America,Female,Prevalence,equal,55-59 years,57.0,2014-2018,2016.0,1959.0,347876.61273233575,56007851.79366857,621.1211492522583,primary_1994_2023,10-14 to 65-69,9,4,-5,6,619.0135951410354,Custom descriptive weighted least-squares age-period-cohort summaries; not asserted equivalent to conventional NCI APC estimable functions.
United States of America,Female,Prevalence,equal,55-59 years,57.0,2019-2023,2021.0,1964.0,336859.09205755737,54538582.164631665,617.6528224380775,primary_1994_2023,10-14 to 65-69,9,5,-4,7,614.5993792179681,Custom descriptive weighted least-squares age-period-cohort summaries; not asserted equivalent to conventional NCI APC estimable functions.
United States of America,Female,Prevalence,equal,60-64 years,62.0,1994-1998,1996.0,1934.0,154744.52194925776,26591714.218212266,581.9275909759724,primary_1994_2023,10-14 to 65-69,10,0,-10,1,578.7968088685709,Custom descriptive weighted least-squares age-period-cohort summaries; not asserted equivalent to conventional NCI APC estimable functions.
United States of America,Female,Prevalence,equal,60-64 years,62.0,1999-2003,2001.0,1939.0,167501.72173008736,28977380.55174892,578.0430064441344,primary_1994_2023,10-14 to 65-69,10,1,-9,2,577.4618727871846,Custom descriptive weighted least-squares age-period-cohort summaries; not asserted equivalent to conventional NCI APC estimable functions.
United States of America,Female,Prevalence,equal,60-64 years,62.0,2004-2008,2006.0,1944.0,204606.89642819305,35546237.99368376,575.6077379118145,primary_1994_2023,10-14 to 65-69,10,2,-8,3,581.8381501519166,Custom descriptive weighted least-squares age-period-cohort summaries; not asserted equivalent to conventional NCI APC estimable functions.
United States of America,Female,Prevalence,equal,60-64 years,62.0,2009-2013,2011.0,1949.0,255572.12178758127,44696572.70205929,571.7935544883654,primary_1994_2023,10-14 to 65-69,10,3,-7,4,577.4667360947655,Custom descriptive weighted least-squares age-period-cohort summaries; not asserted equivalent to conventional NCI APC estimable functions.
United States of America,Female,Prevalence,equal,60-64 years,62.0,2014-2018,2016.0,1954.0,285013.6430009433,50390165.54049006,565.613627071588,primary_1994_2023,10-14 to 65-69,10,4,-6,5,561.9782511916978,Custom descriptive weighted least-squares age-period-cohort summaries; not asserted equivalent to conventional NCI APC estimable functions.
United States of America,Female,Prevalence,equal,60-64 years,62.0,2019-2023,2021.0,1959.0,305551.2368631358,54249504.53865738,563.2332303521862,primary_1994_2023,10-14 to 65-69,10,5,-5,6,558.8625336797021,Custom descriptive weighted least-squares age-period-cohort summaries; not asserted equivalent to conventional NCI APC estimable functions.
United States of America,Female,Prevalence,equal,65-69 years,67.0,1994-1998,1996.0,1929.0,131605.4515006598,26514393.20908394,496.3547551809379,primary_1994_2023,10-14 to 65-69,11,0,-11,0,496.35475518093807,Custom descriptive weighted least-squares age-period-cohort summaries; not asserted equivalent to conventional NCI APC estimable functions.
United States of America,Female,Prevalence,equal,65-69 years,67.0,1999-2003,2001.0,1934.0,125120.73264297486,25368828.597589437,493.2065828804721,primary_1994_2023,10-14 to 65-69,11,1,-10,1,495.87439707929445,Custom descriptive weighted least-squares age-period-cohort summaries; not asserted equivalent to conventional NCI APC estimable functions.
United States of America,Female,Prevalence,equal,65-69 years,67.0,2004-2008,2006.0,1939.0,136539.04203299648,27847697.024763867,490.30640455322987,primary_1994_2023,10-14 to 65-69,11,2,-9,2,496.80808937078217,Custom descriptive weighted least-squares age-period-cohort summaries; not asserted equivalent to conventional NCI APC estimable functions.
United States of America,Female,Prevalence,equal,65-69 years,67.0,2009-2013,2011.0,1944.0,167319.6082259667,34327629.685739875,487.4196376438812,primary_1994_2023,10-14 to 65-69,11,3,-8,3,490.29525181601036,Custom descriptive weighted least-squares age-period-cohort summaries; not asserted equivalent to conventional NCI APC estimable functions.
United States of America,Female,Prevalence,equal,65-69 years,67.0,2014-2018,2016.0,1949.0,208328.9129336378,43011017.686502054,484.3617383157541,primary_1994_2023,10-14 to 65-69,11,4,-7,4,478.1068221414829,Custom descriptive weighted least-squares age-period-cohort summaries; not asserted equivalent to conventional NCI APC estimable functions.
United States of America,Female,Prevalence,equal,65-69 years,67.0,2019-2023,2021.0,1954.0,232698.16583579997,48190648.54573171,482.86996099455956,primary_1994_2023,10-14 to 65-69,11,5,-6,5,477.37151313434936,Custom descriptive weighted least-squares age-period-cohort summaries; not asserted equivalent to conventional NCI APC estimable functions.
United States of America,Male,DALYs,equal,10-14 years,12.0,1994-1998,1996.0,1984.0,5300.389858566237,49872933.54013437,10.627788426162743,primary_1994_2023,10-14 to 65-69,0,0,0,11,10.766395853391215,Custom descriptive weighted least-squares age-period-cohort summaries; not asserted equivalent to conventional NCI APC estimable functions.
United States of America,Male,DALYs,equal,10-14 years,12.0,1999-2003,2001.0,1989.0,5645.083044212323,53713958.16529686,10.509527201180008,primary_1994_2023,10-14 to 65-69,0,1,1,12,10.608644034761907,Custom descriptive weighted least-squares age-period-cohort summaries; not asserted equivalent to conventional NCI APC estimable functions.
United States of America,Male,DALYs,equal,10-14 years,12.0,2004-2008,2006.0,1994.0,5572.593842789257,54170630.7484584,10.287112713650364,primary_1994_2023,10-14 to 65-69,0,2,2,13,10.461503585754043,Custom descriptive weighted least-squares age-period-cohort summaries; not asserted equivalent to conventional NCI APC estimable functions.
United States of America,Male,DALYs,equal,10-14 years,12.0,2009-2013,2011.0,1999.0,5747.719813934021,53448303.11743942,10.753792877773554,primary_1994_2023,10-14 to 65-69,0,3,3,14,10.561267156198511,Custom descriptive weighted least-squares age-period-cohort summaries; not asserted equivalent to conventional NCI APC estimable functions.
United States of America,Male,DALYs,equal,10-14 years,12.0,2014-2018,2016.0,2004.0,5885.452717086039,54654150.99716476,10.768537448127871,primary_1994_2023,10-14 to 65-69,0,4,4,15,10.543810925141322,Custom descriptive weighted least-squares age-period-cohort summaries; not asserted equivalent to conventional NCI APC estimable functions.
United States of America,Male,DALYs,equal,10-14 years,12.0,2019-2023,2021.0,2009.0,5763.82205085812,54893441.85945153,10.500019411454899,primary_1994_2023,10-14 to 65-69,0,5,5,16,10.500019411454973,Custom descriptive weighted least-squares age-period-cohort summaries; not asserted equivalent to conventional NCI APC estimable functions.
United States of America,Male,DALYs,equal,15-19 years,17.0,1994-1998,1996.0,1979.0,44503.26618056225,49022888.719093956,90.78058707549937,primary_1994_2023,10-14 to 65-69,1,0,-1,10,91.60290358169337,Custom descriptive weighted least-squares age-period-cohort summaries; not asserted equivalent to conventional NCI APC estimable functions.
United States of America,Male,DALYs,equal,15-19 years,17.0,1999-2003,2001.0,1984.0,47352.722567767036,52654713.034304515,89.93064407533048,primary_1994_2023,10-14 to 65-69,1,1,0,11,90.60260805327417,Custom descriptive weighted least-squares age-period-cohort summaries; not asserted equivalent to conventional NCI APC estimable functions.
United States of America,Male,DALYs,equal,15-19 years,17.0,2004-2008,2006.0,1989.0,50258.20345043924,56113645.25665799,89.56503043165961,primary_1994_2023,10-14 to 65-69,1,2,1,12,89.37402155491743,Custom descriptive weighted least-squares age-period-cohort summaries; not asserted equivalent to conventional NCI APC estimable functions.
United States of America,Male,DALYs,equal,15-19 years,17.0,2009-2013,2011.0,1994.0,50760.27507944142,56005123.04650836,90.63505679165911,primary_1994_2023,10-14 to 65-69,1,3,2,13,88.22628705404384,Custom descriptive weighted least-squares age-period-cohort summaries; not asserted equivalent to conventional NCI APC estimable functions.
United States of America,Male,DALYs,equal,15-19 years,17.0,2014-2018,2016.0,1999.0,48346.6288616585,54844255.72734927,88.15258447850431,primary_1994_2023,10-14 to 65-69,1,4,3,14,87.40817929154456,Custom descriptive weighted least-squares age-period-cohort summaries; not asserted equivalent to conventional NCI APC estimable functions.
United States of America,Male,DALYs,equal,15-19 years,17.0,2019-2023,2021.0,2004.0,47692.25449075075,55553859.17888075,85.84867945390434,primary_1994_2023,10-14 to 65-69,1,5,4,15,87.678423497461,Custom descriptive weighted least-squares age-period-cohort summaries; not asserted equivalent to conventional NCI APC estimable functions.
United States of America,Male,DALYs,equal,20-24 years,22.0,1994-1998,1996.0,1974.0,158411.1783316553,47493085.19655239,333.545773402724,primary_1994_2023,10-14 to 65-69,2,0,-2,9,334.5863395540903,Custom descriptive weighted least-squares age-period-cohort summaries; not asserted equivalent to conventional NCI APC estimable functions.
United States of America,Male,DALYs,equal,20-24 years,22.0,1999-2003,2001.0,1979.0,167591.71155770193,50228623.78286144,333.6577810337819,primary_1994_2023,10-14 to 65-69,2,1,-1,10,332.6409018083085,Custom descriptive weighted least-squares age-period-cohort summaries; not asserted equivalent to conventional NCI APC estimable functions.
United States of America,Male,DALYs,equal,20-24 years,22.0,2004-2008,2006.0,1984.0,181389.67047843343,53813369.9350808,337.07175502529896,primary_1994_2023,10-14 to 65-69,2,2,0,11,329.3731370785043,Custom descriptive weighted least-squares age-period-cohort summaries; not asserted equivalent to conventional NCI APC estimable functions.
United States of America,Male,DALYs,equal,20-24 years,22.0,2009-2013,2011.0,1989.0,186239.74467096443,56473757.581828445,329.7810392749406,primary_1994_2023,10-14 to 65-69,2,3,1,12,325.2454640480988,Custom descriptive weighted least-squares age-period-cohort summaries; not asserted equivalent to conventional NCI APC estimable functions.
United States of America,Male,DALYs,equal,20-24 years,22.0,2014-2018,2016.0,1994.0,176581.69473807552,56625027.78079313,311.84389952382674,primary_1994_2023,10-14 to 65-69,2,4,2,13,315.08672185389946,Custom descriptive weighted least-squares age-period-cohort summaries; not asserted equivalent to conventional NCI APC estimable functions.
United States of America,Male,DALYs,equal,20-24 years,22.0,2019-2023,2021.0,1999.0,167788.3421229628,54934749.26198155,305.4320705511681,primary_1994_2023,10-14 to 65-69,2,5,3,14,313.6485259324654,Custom descriptive weighted least-squares age-period-cohort summaries; not asserted equivalent to conventional NCI APC estimable functions.
United States of America,Male,DALYs,equal,25-29 years,27.0,1994-1998,1996.0,1969.0,260953.7378888134,50935015.21446335,512.3268085619688,primary_1994_2023,10-14 to 65-69,3,0,-3,8,513.0907630611986,Custom descriptive weighted least-squares age-period-cohort summaries; not asserted equivalent to conventional NCI APC estimable functions.
United States of America,Male,DALYs,equal,25-29 years,27.0,1999-2003,2001.0,1974.0,248366.26627570356,48326761.37330586,513.9311206003824,primary_1994_2023,10-14 to 65-69,3,1,-2,9,512.5137585813361,Custom descriptive weighted least-squares age-period-cohort summaries; not asserted equivalent to conventional NCI APC estimable functions.
United States of America,Male,DALYs,equal,25-29 years,27.0,2004-2008,2006.0,1979.0,265641.20903682965,51226983.62632066,518.5571943383798,primary_1994_2023,10-14 to 65-69,3,2,-1,10,510.0984922174114,Custom descriptive weighted least-squares age-period-cohort summaries; not asserted equivalent to conventional NCI APC estimable functions.
United States of America,Male,DALYs,equal,25-29 years,27.0,2009-2013,2011.0,1984.0,272921.5014815016,54103552.336647324,504.44285022785243,primary_1994_2023,10-14 to 65-69,3,3,0,11,505.6139386187761,Custom descriptive weighted least-squares age-period-cohort summaries; not asserted equivalent to conventional NCI APC estimable functions.
United States of America,Male,DALYs,equal,25-29 years,27.0,2014-2018,2016.0,1989.0,277105.96957164176,57445326.446346305,482.38209566179,primary_1994_2023,10-14 to 65-69,3,4,1,12,489.9753832258438,Custom descriptive weighted least-squares age-period-cohort summaries; not asserted equivalent to conventional NCI APC estimable functions.
United States of America,Male,DALYs,equal,25-29 years,27.0,2019-2023,2021.0,1994.0,272355.464299472,57093760.670273684,477.03192275662445,primary_1994_2023,10-14 to 65-69,3,5,2,13,476.9273103181799,Custom descriptive weighted least-squares age-period-cohort summaries; not asserted equivalent to conventional NCI APC estimable functions.
United States of America,Male,DALYs,equal,30-34 years,32.0,1994-1998,1996.0,1964.0,309192.7446981824,54616439.276124045,566.116628612492,primary_1994_2023,10-14 to 65-69,4,0,-4,7,565.6382550171521,Custom descriptive weighted least-squares age-period-cohort summaries; not asserted equivalent to conventional NCI APC estimable functions.
United States of America,Male,DALYs,equal,30-34 years,32.0,1999-2003,2001.0,1969.0,294823.127980205,51845440.74891769,568.6577714866078,primary_1994_2023,10-14 to 65-69,4,1,-3,8,566.8621323237918,Custom descriptive weighted least-squares age-period-cohort summaries; not asserted equivalent to conventional NCI APC estimable functions.
United States of America,Male,DALYs,equal,30-34 years,32.0,2004-2008,2006.0,1974.0,281470.5055005883,49250577.30356569,571.5070176044619,primary_1994_2023,10-14 to 65-69,4,2,-2,9,566.8522122396022,Custom descriptive weighted least-squares age-period-cohort summaries; not asserted equivalent to conventional NCI APC estimable functions.
United States of America,Male,DALYs,equal,30-34 years,32.0,2009-2013,2011.0,1979.0,288850.04131256463,51701501.28440709,558.6879184099831,primary_1994_2023,10-14 to 65-69,4,3,-1,10,564.7689713301615,Custom descriptive weighted least-squares age-period-cohort summaries; not asserted equivalent to conventional NCI APC estimable functions.
United States of America,Male,DALYs,equal,30-34 years,32.0,2014-2018,2016.0,1984.0,300900.08161370433,55343081.92367988,543.6995395895308,primary_1994_2023,10-14 to 65-69,4,4,0,11,549.3738426588868,Custom descriptive weighted least-squares age-period-cohort summaries; not asserted equivalent to conventional NCI APC estimable functions.
United States of America,Male,DALYs,equal,30-34 years,32.0,2019-2023,2021.0,1989.0,315661.26782061177,58481815.92136626,539.7596891400311,primary_1994_2023,10-14 to 65-69,4,5,1,12,534.9119231458276,Custom descriptive weighted least-squares age-period-cohort summaries; not asserted equivalent to conventional NCI APC estimable functions.
United States of America,Male,DALYs,equal,35-39 years,37.0,1994-1998,1996.0,1959.0,318829.3416587642,56244448.00883112,566.8636691193126,primary_1994_2023,10-14 to 65-69,5,0,-5,6,564.7956553191239,Custom descriptive weighted least-squares age-period-cohort summaries; not asserted equivalent to conventional NCI APC estimable functions.
United States of America,Male,DALYs,equal,35-39 years,37.0,1999-2003,2001.0,1964.0,314361.33453151723,55347793.54359788,567.9744654751096,primary_1994_2023,10-14 to 65-69,5,1,-4,7,566.5608349072386,Custom descriptive weighted least-squares age-period-cohort summaries; not asserted equivalent to conventional NCI APC estimable functions.
United States of America,Male,DALYs,equal,35-39 years,37.0,2004-2008,2006.0,1969.0,299436.1578865049,52574390.82784526,569.5475557044646,primary_1994_2023,10-14 to 65-69,5,2,-3,8,568.4159935038584,Custom descriptive weighted least-squares age-period-cohort summaries; not asserted equivalent to conventional NCI APC estimable functions.
United States of America,Male,DALYs,equal,35-39 years,37.0,2009-2013,2011.0,1974.0,280537.842677886,49829135.71167236,562.9996159298638,primary_1994_2023,10-14 to 65-69,5,3,-2,9,568.9985507529785,Custom descriptive weighted least-squares age-period-cohort summaries; not asserted equivalent to conventional NCI APC estimable functions.
United States of America,Male,DALYs,equal,35-39 years,37.0,2014-2018,2016.0,1979.0,291681.2366320283,52824660.07938396,552.1686958206544,primary_1994_2023,10-14 to 65-69,5,4,-1,10,556.3451337934935,Custom descriptive weighted least-squares age-period-cohort summaries; not asserted equivalent to conventional NCI APC estimable functions.
United States of America,Male,DALYs,equal,35-39 years,37.0,2019-2023,2021.0,1984.0,309797.53570341447,56407273.21346137,549.2155852509504,primary_1994_2023,10-14 to 65-69,5,5,0,11,543.7515656649119,Custom descriptive weighted least-squares age-period-cohort summaries; not asserted equivalent to conventional NCI APC estimable functions.
United States of America,Male,DALYs,equal,40-44 years,42.0,1994-1998,1996.0,1954.0,277807.510942955,51520416.70334873,539.2182919298826,primary_1994_2023,10-14 to 65-69,6,0,-6,5,537.1412867394303,Custom descriptive weighted least-squares age-period-cohort summaries; not asserted equivalent to conventional NCI APC estimable functions.
United States of America,Male,DALYs,equal,40-44 years,42.0,1999-2003,2001.0,1959.0,303424.056388994,56113341.578119315,540.7342493880464,primary_1994_2023,10-14 to 65-69,6,1,-5,6,540.2217371827405,Custom descriptive weighted least-squares age-period-cohort summaries; not asserted equivalent to conventional NCI APC estimable functions.
United States of America,Male,DALYs,equal,40-44 years,42.0,2004-2008,2006.0,1964.0,299273.75380848785,55250237.958182946,541.6696196584676,primary_1994_2023,10-14 to 65-69,6,2,-4,7,542.5107206150311,Custom descriptive weighted least-squares age-period-cohort summaries; not asserted equivalent to conventional NCI APC estimable functions.
United States of America,Male,DALYs,equal,40-44 years,42.0,2009-2013,2011.0,1969.0,283738.2452516442,52489673.22306727,540.5601289339934,primary_1994_2023,10-14 to 65-69,6,3,-3,8,544.8544920653135,Custom descriptive weighted least-squares age-period-cohort summaries; not asserted equivalent to conventional NCI APC estimable functions.
United States of America,Male,DALYs,equal,40-44 years,42.0,2014-2018,2016.0,1974.0,267575.9015123297,50152091.87608911,533.5288948134607,primary_1994_2023,10-14 to 65-69,6,4,-2,9,535.2510869572163,Custom descriptive weighted least-squares age-period-cohort summaries; not asserted equivalent to conventional NCI APC estimable functions.
United States of America,Male,DALYs,equal,40-44 years,42.0,2019-2023,2021.0,1979.0,280848.0110665546,52990681.13329992,529.9950954773946,primary_1994_2023,10-14 to 65-69,6,5,-1,10,525.8353381137131,Custom descriptive weighted least-squares age-period-cohort summaries; not asserted equivalent to conventional NCI APC estimable functions.
United States of America,Male,DALYs,equal,45-49 years,47.0,1994-1998,1996.0,1949.0,224101.59187080333,45015490.83154739,497.8321633977393,primary_1994_2023,10-14 to 65-69,7,0,-7,4,494.99141281402643,Custom descriptive weighted least-squares age-period-cohort summaries; not asserted equivalent to conventional NCI APC estimable functions.
United States of America,Male,DALYs,equal,45-49 years,47.0,1999-2003,2001.0,1954.0,253073.41335286564,50841755.61904954,497.76686558408954,primary_1994_2023,10-14 to 65-69,7,1,-6,5,497.98525530448927,Custom descriptive weighted least-squares age-period-cohort summaries; not asserted equivalent to conventional NCI APC estimable functions.
United States of America,Male,DALYs,equal,45-49 years,47.0,2004-2008,2006.0,1959.0,276968.9538171086,55552109.65140812,498.57504162326273,primary_1994_2023,10-14 to 65-69,7,2,-5,6,501.39623840139393,Custom descriptive weighted least-squares age-period-cohort summaries; not asserted equivalent to conventional NCI APC estimable functions.
United States of America,Male,DALYs,equal,45-49 years,47.0,2009-2013,2011.0,1964.0,275282.8284926791,54923259.91949417,501.21356397305124,primary_1994_2023,10-14 to 65-69,7,3,-4,7,504.04558187681823,Custom descriptive weighted least-squares age-period-cohort summaries; not asserted equivalent to conventional NCI APC estimable functions.
United States of America,Male,DALYs,equal,45-49 years,47.0,2014-2018,2016.0,1969.0,261221.85924102098,52581978.48581663,496.7897115386834,primary_1994_2023,10-14 to 65-69,7,4,-3,8,496.79152047145516,Custom descriptive weighted least-squares age-period-cohort summaries; not asserted equivalent to conventional NCI APC estimable functions.
United States of America,Male,DALYs,equal,45-49 years,47.0,2019-2023,2021.0,1974.0,247552.59502490435,50182567.833171695,493.30396134345887,primary_1994_2023,10-14 to 65-69,7,5,-2,9,490.35462298936284,Custom descriptive weighted least-squares age-period-cohort summaries; not asserted equivalent to conventional NCI APC estimable functions.
United States of America,Male,DALYs,equal,50-54 years,52.0,1994-1998,1996.0,1944.0,158034.92859777698,35305845.72143544,447.61688997532866,primary_1994_2023,10-14 to 65-69,8,0,-8,3,444.4332762781236,Custom descriptive weighted least-squares age-period-cohort summaries; not asserted equivalent to conventional NCI APC estimable functions.
United States of America,Male,DALYs,equal,50-54 years,52.0,1999-2003,2001.0,1949.0,197983.81056003226,44278204.79499547,447.1360378693793,primary_1994_2023,10-14 to 65-69,8,1,-7,4,447.15018096034055,Custom descriptive weighted least-squares age-period-cohort summaries; not asserted equivalent to conventional NCI APC estimable functions.
United States of America,Male,DALYs,equal,50-54 years,52.0,2004-2008,2006.0,1954.0,224005.99552121322,50117162.30633972,446.9646428741974,primary_1994_2023,10-14 to 65-69,8,2,-6,5,450.3532462290831,Custom descriptive weighted least-squares age-period-cohort summaries; not asserted equivalent to conventional NCI APC estimable functions.
United States of America,Male,DALYs,equal,50-54 years,52.0,2009-2013,2011.0,1959.0,248131.65996345304,54977348.12864849,451.3343557110434,primary_1994_2023,10-14 to 65-69,8,3,-5,6,453.91063291040473,Custom descriptive weighted least-squares age-period-cohort summaries; not asserted equivalent to conventional NCI APC estimable functions.
United States of America,Male,DALYs,equal,50-54 years,52.0,2014-2018,2016.0,1964.0,244482.13858274065,54492651.87735545,448.651570734688,primary_1994_2023,10-14 to 65-69,8,4,-4,7,447.80738164402874,Custom descriptive weighted least-squares age-period-cohort summaries; not asserted equivalent to conventional NCI APC estimable functions.
United States of America,Male,DALYs,equal,50-54 years,52.0,2019-2023,2021.0,1969.0,231687.91310793828,52023636.150697194,445.35124849175565,primary_1994_2023,10-14 to 65-69,8,5,-3,8,443.46024014710406,Custom descriptive weighted least-squares age-period-cohort summaries; not asserted equivalent to conventional NCI APC estimable functions.
United States of America,Male,DALYs,equal,55-59 years,57.0,1994-1998,1996.0,1939.0,108850.82982333616,27664820.946437705,393.46298331040697,primary_1994_2023,10-14 to 65-69,9,0,-9,2,391.6296581913857,Custom descriptive weighted least-squares age-period-cohort summaries; not asserted equivalent to conventional NCI APC estimable functions.
United States of America,Male,DALYs,equal,55-59 years,57.0,1999-2003,2001.0,1944.0,134226.17693575477,34121176.93394192,393.3808531740116,primary_1994_2023,10-14 to 65-69,9,1,-8,3,392.04001520355,Custom descriptive weighted least-squares age-period-cohort summaries; not asserted equivalent to conventional NCI APC estimable functions.
United States of America,Male,DALYs,equal,55-59 years,57.0,2004-2008,2006.0,1949.0,168256.54768709527,42939125.77863054,391.84902961119735,primary_1994_2023,10-14 to 65-69,9,2,-7,4,394.87378900986465,Custom descriptive weighted least-squares age-period-cohort summaries; not asserted equivalent to conventional NCI APC estimable functions.
United States of America,Male,DALYs,equal,55-59 years,57.0,2009-2013,2011.0,1954.0,193245.87569410307,48816761.40144102,395.8596804588488,primary_1994_2023,10-14 to 65-69,9,3,-6,5,398.1169470669142,Custom descriptive weighted least-squares age-period-cohort summaries; not asserted equivalent to conventional NCI APC estimable functions.
United States of America,Male,DALYs,equal,55-59 years,57.0,2014-2018,2016.0,1959.0,212262.10387685194,53723993.714657985,395.0974028554743,primary_1994_2023,10-14 to 65-69,9,4,-5,6,393.78563990877655,Custom descriptive weighted least-squares age-period-cohort summaries; not asserted equivalent to conventional NCI APC estimable functions.
United States of America,Male,DALYs,equal,55-59 years,57.0,2019-2023,2021.0,1964.0,207676.3405819631,53099897.063387685,391.10497772538184,primary_1994_2023,10-14 to 65-69,9,5,-4,7,390.33711174009926,Custom descriptive weighted least-squares age-period-cohort summaries; not asserted equivalent to conventional NCI APC estimable functions.
United States of America,Male,DALYs,equal,60-64 years,62.0,1994-1998,1996.0,1934.0,80034.72141615243,23809576.484621506,336.1450862758793,primary_1994_2023,10-14 to 65-69,10,0,-10,1,335.9132834452095,Custom descriptive weighted least-squares age-period-cohort summaries; not asserted equivalent to conventional NCI APC estimable functions.
United States of America,Male,DALYs,equal,60-64 years,62.0,1999-2003,2001.0,1939.0,88487.1321315674,26381128.785924055,335.4182940753494,primary_1994_2023,10-14 to 65-69,10,1,-9,2,334.69456488655885,Custom descriptive weighted least-squares age-period-cohort summaries; not asserted equivalent to conventional NCI APC estimable functions.
United States of America,Male,DALYs,equal,60-64 years,62.0,2004-2008,2006.0,1944.0,109189.74075149948,32742033.63696486,333.4849079998111,primary_1994_2023,10-14 to 65-69,10,2,-8,3,335.41659907135863,Custom descriptive weighted least-squares age-period-cohort summaries; not asserted equivalent to conventional NCI APC estimable functions.
United States of America,Male,DALYs,equal,60-64 years,62.0,2009-2013,2011.0,1949.0,139171.11543547438,41374384.68452753,336.3702360690796,primary_1994_2023,10-14 to 65-69,10,3,-7,4,338.19324753783036,Custom descriptive weighted least-squares age-period-cohort summaries; not asserted equivalent to conventional NCI APC estimable functions.
United States of America,Male,DALYs,equal,60-64 years,62.0,2014-2018,2016.0,1954.0,157935.93397959595,46966970.62292856,336.27021688832116,primary_1994_2023,10-14 to 65-69,10,4,-6,5,334.61810943042525,Custom descriptive weighted least-squares age-period-cohort summaries; not asserted equivalent to conventional NCI APC estimable functions.
United States of America,Male,DALYs,equal,60-64 years,62.0,2019-2023,2021.0,1959.0,171567.1106859112,51415872.297850996,333.6851112668609,primary_1994_2023,10-14 to 65-69,10,5,-5,6,332.5505944083706,Custom descriptive weighted least-squares age-period-cohort summaries; not asserted equivalent to conventional NCI APC estimable functions.
United States of America,Male,DALYs,equal,65-69 years,67.0,1994-1998,1996.0,1929.0,59622.319926632306,22297519.56212669,267.3944057342747,primary_1994_2023,10-14 to 65-69,11,0,-11,0,267.39440573427527,Custom descriptive weighted least-squares age-period-cohort summaries; not asserted equivalent to conventional NCI APC estimable functions.
United States of America,Male,DALYs,equal,65-69 years,67.0,1999-2003,2001.0,1934.0,58397.63367516388,21907304.72525276,266.56694836516505,primary_1994_2023,10-14 to 65-69,11,1,-10,1,266.7508975456203,Custom descriptive weighted least-squares age-period-cohort summaries; not asserted equivalent to conventional NCI APC estimable functions.
United States of America,Male,DALYs,equal,65-69 years,67.0,2004-2008,2006.0,1939.0,64973.7416450585,24586450.296011683,264.26645921960636,primary_1994_2023,10-14 to 65-69,11,2,-9,2,266.0776760369342,Custom descriptive weighted least-squares age-period-cohort summaries; not asserted equivalent to conventional NCI APC estimable functions.
United States of America,Male,DALYs,equal,65-69 years,67.0,2009-2013,2011.0,1944.0,81784.58466711282,30785697.805933744,265.6577258136711,primary_1994_2023,10-14 to 65-69,11,3,-8,3,266.92964030578145,Custom descriptive weighted least-squares age-period-cohort summaries; not asserted equivalent to conventional NCI APC estimable functions.
United States of America,Male,DALYs,equal,65-69 years,67.0,2014-2018,2016.0,1949.0,103386.35696528787,38854251.38298751,266.08763078769806,primary_1994_2023,10-14 to 65-69,11,4,-7,4,264.12489245696264,Custom descriptive weighted least-squares age-period-cohort summaries; not asserted equivalent to conventional NCI APC estimable functions.
United States of America,Male,DALYs,equal,65-69 years,67.0,2019-2023,2021.0,1954.0,115406.81344026916,43737459.211942375,263.86263747290946,primary_1994_2023,10-14 to 65-69,11,5,-6,5,262.5747253232151,Custom descriptive weighted least-squares age-period-cohort summaries; not asserted equivalent to conventional NCI APC estimable functions.
United States of America,Male,Incidence,equal,10-14 years,12.0,1994-1998,1996.0,1984.0,4561.6344914817055,49872933.54013437,9.146513284226222,primary_1994_2023,10-14 to 65-69,0,0,0,11,9.376801452959121,Custom descriptive weighted least-squares age-period-cohort summaries; not asserted equivalent to conventional NCI APC estimable functions.
United States of America,Male,Incidence,equal,10-14 years,12.0,1999-2003,2001.0,1989.0,4858.925565903895,53713958.16529686,9.04592722612484,primary_1994_2023,10-14 to 65-69,0,1,1,12,9.264174337736472,Custom descriptive weighted least-squares age-period-cohort summaries; not asserted equivalent to conventional NCI APC estimable functions.
United States of America,Male,Incidence,equal,10-14 years,12.0,2004-2008,2006.0,1994.0,4796.531811300548,54170630.7484584,8.85448765323274,primary_1994_2023,10-14 to 65-69,0,2,2,13,8.95308023626313,Custom descriptive weighted least-squares age-period-cohort summaries; not asserted equivalent to conventional NCI APC estimable functions.
United States of America,Male,Incidence,equal,10-14 years,12.0,2009-2013,2011.0,1999.0,4946.17577589472,53448303.11743942,9.254130603597877,primary_1994_2023,10-14 to 65-69,0,3,3,14,8.965537697049031,Custom descriptive weighted least-squares age-period-cohort summaries; not asserted equivalent to conventional NCI APC estimable functions.
United States of America,Male,Incidence,equal,10-14 years,12.0,2014-2018,2016.0,2004.0,5065.190323075397,54654150.99716476,9.267713852765105,primary_1994_2023,10-14 to 65-69,0,4,4,15,9.010939613660813,Custom descriptive weighted least-squares age-period-cohort summaries; not asserted equivalent to conventional NCI APC estimable functions.
United States of America,Male,Incidence,equal,10-14 years,12.0,2019-2023,2021.0,2009.0,4961.024694324799,54893441.85945153,9.03755444416647,primary_1994_2023,10-14 to 65-69,0,5,5,16,9.037554444166474,Custom descriptive weighted least-squares age-period-cohort summaries; not asserted equivalent to conventional NCI APC estimable functions.
United States of America,Male,Incidence,equal,15-19 years,17.0,1994-1998,1996.0,1979.0,26979.229051342918,49022888.719093956,55.033943850058684,primary_1994_2023,10-14 to 65-69,1,0,-1,10,55.16248916409181,Custom descriptive weighted least-squares age-period-cohort summaries; not asserted equivalent to conventional NCI APC estimable functions.
United States of America,Male,Incidence,equal,15-19 years,17.0,1999-2003,2001.0,1984.0,28943.00991223946,52654713.034304515,54.96755797222389,primary_1994_2023,10-14 to 65-69,1,1,0,11,54.87174406689949,Custom descriptive weighted least-squares age-period-cohort summaries; not asserted equivalent to conventional NCI APC estimable functions.
United States of America,Male,Incidence,equal,15-19 years,17.0,2004-2008,2006.0,1989.0,31191.141537599266,56113645.25665799,55.58566262258355,primary_1994_2023,10-14 to 65-69,1,2,1,12,53.96606573518769,Custom descriptive weighted least-squares age-period-cohort summaries; not asserted equivalent to conventional NCI APC estimable functions.
United States of America,Male,Incidence,equal,15-19 years,17.0,2009-2013,2011.0,1994.0,30622.707756939875,56005123.04650836,54.67840456579275,primary_1994_2023,10-14 to 65-69,1,3,2,13,53.50105259169805,Custom descriptive weighted least-squares age-period-cohort summaries; not asserted equivalent to conventional NCI APC estimable functions.
United States of America,Male,Incidence,equal,15-19 years,17.0,2014-2018,2016.0,1999.0,28284.235710281155,54844255.72734927,51.571920040071966,primary_1994_2023,10-14 to 65-69,1,4,3,14,52.75343705045572,Custom descriptive weighted least-squares age-period-cohort summaries; not asserted equivalent to conventional NCI APC estimable functions.
United States of America,Male,Incidence,equal,15-19 years,17.0,2019-2023,2021.0,2004.0,28209.78957385373,55553859.17888075,50.77917176378254,primary_1994_2023,10-14 to 65-69,1,5,4,15,52.2261666112702,Custom descriptive weighted least-squares age-period-cohort summaries; not asserted equivalent to conventional NCI APC estimable functions.
United States of America,Male,Incidence,equal,20-24 years,22.0,1994-1998,1996.0,1974.0,43875.30723540533,47493085.19655239,92.38251643123476,primary_1994_2023,10-14 to 65-69,2,0,-2,9,91.83596789786934,Custom descriptive weighted least-squares age-period-cohort summaries; not asserted equivalent to conventional NCI APC estimable functions.
United States of America,Male,Incidence,equal,20-24 years,22.0,1999-2003,2001.0,1979.0,46659.39374594483,50228623.78286144,92.89403179281517,primary_1994_2023,10-14 to 65-69,2,1,-1,10,91.8378933281401,Custom descriptive weighted least-squares age-period-cohort summaries; not asserted equivalent to conventional NCI APC estimable functions.
United States of America,Male,Incidence,equal,20-24 years,22.0,2004-2008,2006.0,1984.0,50743.426745125194,53813369.9350808,94.29520360152299,primary_1994_2023,10-14 to 65-69,2,2,0,11,90.93829696949356,Custom descriptive weighted least-squares age-period-cohort summaries; not asserted equivalent to conventional NCI APC estimable functions.
United States of America,Male,Incidence,equal,20-24 years,22.0,2009-2013,2011.0,1989.0,51371.739708518806,56473757.581828445,90.96568372324616,primary_1994_2023,10-14 to 65-69,2,3,1,12,91.7475808207615,Custom descriptive weighted least-squares age-period-cohort summaries; not asserted equivalent to conventional NCI APC estimable functions.
United States of America,Male,Incidence,equal,20-24 years,22.0,2014-2018,2016.0,1994.0,48919.541639973955,56625027.78079313,86.39208413168703,primary_1994_2023,10-14 to 65-69,2,4,2,13,89.56137651037761,Custom descriptive weighted least-squares age-period-cohort summaries; not asserted equivalent to conventional NCI APC estimable functions.
United States of America,Male,Incidence,equal,20-24 years,22.0,2019-2023,2021.0,1999.0,47356.34413809516,54934749.26198155,86.20471518356209,primary_1994_2023,10-14 to 65-69,2,5,3,14,86.98669789062494,Custom descriptive weighted least-squares age-period-cohort summaries; not asserted equivalent to conventional NCI APC estimable functions.
United States of America,Male,Incidence,equal,25-29 years,27.0,1994-1998,1996.0,1969.0,30973.364844332988,50935015.21446335,60.80957218510437,primary_1994_2023,10-14 to 65-69,3,0,-3,8,60.39861220365942,Custom descriptive weighted least-squares age-period-cohort summaries; not asserted equivalent to conventional NCI APC estimable functions.
United States of America,Male,Incidence,equal,25-29 years,27.0,1999-2003,2001.0,1974.0,29599.15331903012,48326761.37330586,61.24795553831533,primary_1994_2023,10-14 to 65-69,3,1,-2,9,60.783481129208575,Custom descriptive weighted least-squares age-period-cohort summaries; not asserted equivalent to conventional NCI APC estimable functions.
United States of America,Male,Incidence,equal,25-29 years,27.0,2004-2008,2006.0,1979.0,31346.424509777436,51226983.62632066,61.19123612359542,primary_1994_2023,10-14 to 65-69,3,2,-1,10,60.508260654348156,Custom descriptive weighted least-squares age-period-cohort summaries; not asserted equivalent to conventional NCI APC estimable functions.
United States of America,Male,Incidence,equal,25-29 years,27.0,2009-2013,2011.0,1984.0,32347.005505731133,54103552.336647324,59.78721194582397,primary_1994_2023,10-14 to 65-69,3,3,0,11,61.46323065243164,Custom descriptive weighted least-squares age-period-cohort summaries; not asserted equivalent to conventional NCI APC estimable functions.
United States of America,Male,Incidence,equal,25-29 years,27.0,2014-2018,2016.0,1989.0,34267.437449702986,57445326.446346305,59.65226341207866,primary_1994_2023,10-14 to 65-69,3,4,1,12,61.058728841487145,Custom descriptive weighted least-squares age-period-cohort summaries; not asserted equivalent to conventional NCI APC estimable functions.
United States of America,Male,Incidence,equal,25-29 years,27.0,2019-2023,2021.0,1994.0,34380.21111069431,57093760.670273684,60.21710727595255,primary_1994_2023,10-14 to 65-69,3,5,2,13,58.71073911675305,Custom descriptive weighted least-squares age-period-cohort summaries; not asserted equivalent to conventional NCI APC estimable functions.
United States of America,Male,Incidence,equal,30-34 years,32.0,1994-1998,1996.0,1964.0,20471.785734311816,54616439.276124045,37.482827525267105,primary_1994_2023,10-14 to 65-69,4,0,-4,7,37.03828131910958,Custom descriptive weighted least-squares age-period-cohort summaries; not asserted equivalent to conventional NCI APC estimable functions.
United States of America,Male,Incidence,equal,30-34 years,32.0,1999-2003,2001.0,1969.0,19421.57992531619,51845440.74891769,37.46053586345802,primary_1994_2023,10-14 to 65-69,4,1,-3,8,37.44223918159081,Custom descriptive weighted least-squares age-period-cohort summaries; not asserted equivalent to conventional NCI APC estimable functions.
United States of America,Male,Incidence,equal,30-34 years,32.0,2004-2008,2006.0,1974.0,18226.101302153274,49250577.30356569,37.00687849771403,primary_1994_2023,10-14 to 65-69,4,2,-2,9,37.5094259032454,Custom descriptive weighted least-squares age-period-cohort summaries; not asserted equivalent to conventional NCI APC estimable functions.
United States of America,Male,Incidence,equal,30-34 years,32.0,2009-2013,2011.0,1979.0,19260.633470731947,51701501.28440709,37.2535284126089,primary_1994_2023,10-14 to 65-69,4,3,-1,10,38.304105808455574,Custom descriptive weighted least-squares age-period-cohort summaries; not asserted equivalent to conventional NCI APC estimable functions.
United States of America,Male,Incidence,equal,30-34 years,32.0,2014-2018,2016.0,1984.0,21261.146272946484,55343081.92367988,38.41699004451248,primary_1994_2023,10-14 to 65-69,4,4,0,11,38.31162852303343,Custom descriptive weighted least-squares age-period-cohort summaries; not asserted equivalent to conventional NCI APC estimable functions.
United States of America,Male,Incidence,equal,30-34 years,32.0,2019-2023,2021.0,1989.0,22504.893078357985,58481815.92136626,38.481864360398305,primary_1994_2023,10-14 to 65-69,4,5,1,12,37.489240204596435,Custom descriptive weighted least-squares age-period-cohort summaries; not asserted equivalent to conventional NCI APC estimable functions.
United States of America,Male,Incidence,equal,35-39 years,37.0,1994-1998,1996.0,1959.0,15711.637587833873,56244448.00883112,27.934557354651147,primary_1994_2023,10-14 to 65-69,5,0,-5,6,27.705231719619267,Custom descriptive weighted least-squares age-period-cohort summaries; not asserted equivalent to conventional NCI APC estimable functions.
United States of America,Male,Incidence,equal,35-39 years,37.0,1999-2003,2001.0,1964.0,15373.268313536855,55347793.54359788,27.775756411007087,primary_1994_2023,10-14 to 65-69,5,1,-4,7,27.94128732798172,Custom descriptive weighted least-squares age-period-cohort summaries; not asserted equivalent to conventional NCI APC estimable functions.
United States of America,Male,Incidence,equal,35-39 years,37.0,2004-2008,2006.0,1969.0,14495.122674119262,52574390.82784526,27.57069068395583,primary_1994_2023,10-14 to 65-69,5,2,-3,8,28.117544644915263,Custom descriptive weighted least-squares age-period-cohort summaries; not asserted equivalent to conventional NCI APC estimable functions.
United States of America,Male,Incidence,equal,35-39 years,37.0,2009-2013,2011.0,1974.0,14374.634320487527,49829135.71167236,28.84784998813516,primary_1994_2023,10-14 to 65-69,5,3,-2,9,28.895606097870036,Custom descriptive weighted least-squares age-period-cohort summaries; not asserted equivalent to conventional NCI APC estimable functions.
United States of America,Male,Incidence,equal,35-39 years,37.0,2014-2018,2016.0,1979.0,15459.433233303726,52824660.07938396,29.26556121718827,primary_1994_2023,10-14 to 65-69,5,4,-1,10,29.05502739866986,Custom descriptive weighted least-squares age-period-cohort summaries; not asserted equivalent to conventional NCI APC estimable functions.
United States of America,Male,Incidence,equal,35-39 years,37.0,2019-2023,2021.0,1984.0,16337.980659652656,56407273.21346137,28.96431564387988,primary_1994_2023,10-14 to 65-69,5,5,0,11,28.625311739604893,Custom descriptive weighted least-squares age-period-cohort summaries; not asserted equivalent to conventional NCI APC estimable functions.
United States of America,Male,Incidence,equal,40-44 years,42.0,1994-1998,1996.0,1954.0,11544.134966723701,51520416.70334873,22.406913036426108,primary_1994_2023,10-14 to 65-69,6,0,-6,5,22.374571546976735,Custom descriptive weighted least-squares age-period-cohort summaries; not asserted equivalent to conventional NCI APC estimable functions.
United States of America,Male,Incidence,equal,40-44 years,42.0,1999-2003,2001.0,1959.0,12467.239004752675,56113341.578119315,22.21795860686029,primary_1994_2023,10-14 to 65-69,6,1,-5,6,22.451233798923667,Custom descriptive weighted least-squares age-period-cohort summaries; not asserted equivalent to conventional NCI APC estimable functions.
United States of America,Male,Incidence,equal,40-44 years,42.0,2004-2008,2006.0,1964.0,12219.544193726237,55250237.958182946,22.116726814778247,primary_1994_2023,10-14 to 65-69,6,2,-4,7,22.539528754367602,Custom descriptive weighted least-squares age-period-cohort summaries; not asserted equivalent to conventional NCI APC estimable functions.
United States of America,Male,Incidence,equal,40-44 years,42.0,2009-2013,2011.0,1969.0,12428.740877955017,52489673.22306727,23.678449711691183,primary_1994_2023,10-14 to 65-69,6,3,-3,8,23.267601920450474,Custom descriptive weighted least-squares age-period-cohort summaries; not asserted equivalent to conventional NCI APC estimable functions.
United States of America,Male,Incidence,equal,40-44 years,42.0,2014-2018,2016.0,1974.0,11928.76956047972,50152091.87608911,23.785188442293016,primary_1994_2023,10-14 to 65-69,6,4,-2,9,23.544561673477002,Custom descriptive weighted least-squares age-period-cohort summaries; not asserted equivalent to conventional NCI APC estimable functions.
United States of America,Male,Incidence,equal,40-44 years,42.0,2019-2023,2021.0,1979.0,12360.56587087599,52990681.13329992,23.325923740784823,primary_1994_2023,10-14 to 65-69,6,5,-1,10,23.31974201615598,Custom descriptive weighted least-squares age-period-cohort summaries; not asserted equivalent to conventional NCI APC estimable functions.
United States of America,Male,Incidence,equal,45-49 years,47.0,1994-1998,1996.0,1949.0,9414.058081938823,45015490.83154739,20.912929989294575,primary_1994_2023,10-14 to 65-69,7,0,-7,4,20.892775019587905,Custom descriptive weighted least-squares age-period-cohort summaries; not asserted equivalent to conventional NCI APC estimable functions.
United States of America,Male,Incidence,equal,45-49 years,47.0,1999-2003,2001.0,1954.0,10577.48531947669,50841755.61904954,20.80472082579596,primary_1994_2023,10-14 to 65-69,7,1,-6,5,20.873431561409838,Custom descriptive weighted least-squares age-period-cohort summaries; not asserted equivalent to conventional NCI APC estimable functions.
United States of America,Male,Incidence,equal,45-49 years,47.0,2004-2008,2006.0,1959.0,11472.2950888735,55552109.65140812,20.65141209013059,primary_1994_2023,10-14 to 65-69,7,2,-5,6,20.8496770269085,Custom descriptive weighted least-squares age-period-cohort summaries; not asserted equivalent to conventional NCI APC estimable functions.
United States of America,Male,Incidence,equal,45-49 years,47.0,2009-2013,2011.0,1964.0,11960.23782693785,54923259.91949417,21.77627082672991,primary_1994_2023,10-14 to 65-69,7,3,-4,7,21.472359134167704,Custom descriptive weighted least-squares age-period-cohort summaries; not asserted equivalent to conventional NCI APC estimable functions.
United States of America,Male,Incidence,equal,45-49 years,47.0,2014-2018,2016.0,1969.0,11550.206767534262,52581978.48581663,21.96609389783573,primary_1994_2023,10-14 to 65-69,7,4,-3,8,21.82584793862781,Custom descriptive weighted least-squares age-period-cohort summaries; not asserted equivalent to conventional NCI APC estimable functions.
United States of America,Male,Incidence,equal,45-49 years,47.0,2019-2023,2021.0,1974.0,10823.904870191105,50182567.833171695,21.569053433404186,primary_1994_2023,10-14 to 65-69,7,5,-2,9,21.7547331682324,Custom descriptive weighted least-squares age-period-cohort summaries; not asserted equivalent to conventional NCI APC estimable functions.
United States of America,Male,Incidence,equal,50-54 years,52.0,1994-1998,1996.0,1944.0,6857.404300717127,35305845.72143544,19.422858058187657,primary_1994_2023,10-14 to 65-69,8,0,-8,3,19.425600515989473,Custom descriptive weighted least-squares age-period-cohort summaries; not asserted equivalent to conventional NCI APC estimable functions.
United States of America,Male,Incidence,equal,50-54 years,52.0,1999-2003,2001.0,1949.0,8589.466149613836,44278204.79499547,19.398858172733906,primary_1994_2023,10-14 to 65-69,8,1,-7,4,19.36788654024259,Custom descriptive weighted least-squares age-period-cohort summaries; not asserted equivalent to conventional NCI APC estimable functions.
United States of America,Male,Incidence,equal,50-54 years,52.0,2004-2008,2006.0,1954.0,9612.905338659588,50117162.30633972,19.180865189255886,primary_1994_2023,10-14 to 65-69,8,2,-6,5,19.261936719566307,Custom descriptive weighted least-squares age-period-cohort summaries; not asserted equivalent to conventional NCI APC estimable functions.
United States of America,Male,Incidence,equal,50-54 years,52.0,2009-2013,2011.0,1959.0,10932.805035909289,54977348.12864849,19.886017438175134,primary_1994_2023,10-14 to 65-69,8,3,-5,6,19.737004605276795,Custom descriptive weighted least-squares age-period-cohort summaries; not asserted equivalent to conventional NCI APC estimable functions.
United States of America,Male,Incidence,equal,50-54 years,52.0,2014-2018,2016.0,1964.0,10980.636520624683,54492651.87735545,20.150673792382843,primary_1994_2023,10-14 to 65-69,8,4,-4,7,20.014569009615737,Custom descriptive weighted least-squares age-period-cohort summaries; not asserted equivalent to conventional NCI APC estimable functions.
United States of America,Male,Incidence,equal,50-54 years,52.0,2019-2023,2021.0,1969.0,10305.5505197284,52023636.150697194,19.809362209662254,primary_1994_2023,10-14 to 65-69,8,5,-3,8,20.039240449057136,Custom descriptive weighted least-squares age-period-cohort summaries; not asserted equivalent to conventional NCI APC estimable functions.
United States of America,Male,Incidence,equal,55-59 years,57.0,1994-1998,1996.0,1939.0,4960.586860271502,27664820.946437705,17.931028253809313,primary_1994_2023,10-14 to 65-69,9,0,-9,2,17.998349723813618,Custom descriptive weighted least-squares age-period-cohort summaries; not asserted equivalent to conventional NCI APC estimable functions.
United States of America,Male,Incidence,equal,55-59 years,57.0,1999-2003,2001.0,1944.0,6137.691031581842,34121176.93394192,17.987922994169626,primary_1994_2023,10-14 to 65-69,9,1,-8,3,17.83169367182335,Custom descriptive weighted least-squares age-period-cohort summaries; not asserted equivalent to conventional NCI APC estimable functions.
United States of America,Male,Incidence,equal,55-59 years,57.0,2004-2008,2006.0,1949.0,7605.07969363833,42939125.77863054,17.71130537879544,primary_1994_2023,10-14 to 65-69,9,2,-7,4,17.697844245414174,Custom descriptive weighted least-squares age-period-cohort summaries; not asserted equivalent to conventional NCI APC estimable functions.
United States of America,Male,Incidence,equal,55-59 years,57.0,2009-2013,2011.0,1954.0,8779.739752026355,48816761.40144102,17.985092619780353,primary_1994_2023,10-14 to 65-69,9,3,-6,5,18.055682082046385,Custom descriptive weighted least-squares age-period-cohort summaries; not asserted equivalent to conventional NCI APC estimable functions.
United States of America,Male,Incidence,equal,55-59 years,57.0,2014-2018,2016.0,1959.0,9846.50791715786,53723993.714657985,18.327952254359957,primary_1994_2023,10-14 to 65-69,9,4,-5,6,18.217121697273583,Custom descriptive weighted least-squares age-period-cohort summaries; not asserted equivalent to conventional NCI APC estimable functions.
United States of America,Male,Incidence,equal,55-59 years,57.0,2019-2023,2021.0,1964.0,9586.453922632641,53099897.063387685,18.053620539393645,primary_1994_2023,10-14 to 65-69,9,5,-4,7,18.196522997959164,Custom descriptive weighted least-squares age-period-cohort summaries; not asserted equivalent to conventional NCI APC estimable functions.
United States of America,Male,Incidence,equal,60-64 years,62.0,1994-1998,1996.0,1934.0,3580.4116689888733,23809576.484621506,15.037695741045392,primary_1994_2023,10-14 to 65-69,10,0,-10,1,15.101137664927165,Custom descriptive weighted least-squares age-period-cohort summaries; not asserted equivalent to conventional NCI APC estimable functions.
United States of America,Male,Incidence,equal,60-64 years,62.0,1999-2003,2001.0,1939.0,3992.1037701097594,26381128.785924055,15.132422128350287,primary_1994_2023,10-14 to 65-69,10,1,-9,2,15.016156803865515,Custom descriptive weighted least-squares age-period-cohort summaries; not asserted equivalent to conventional NCI APC estimable functions.
United States of America,Male,Incidence,equal,60-64 years,62.0,2004-2008,2006.0,1944.0,4863.836879363404,32742033.63696486,14.855023769422388,primary_1994_2023,10-14 to 65-69,10,2,-8,3,14.809442098448919,Custom descriptive weighted least-squares age-period-cohort summaries; not asserted equivalent to conventional NCI APC estimable functions.
United States of America,Male,Incidence,equal,60-64 years,62.0,2009-2013,2011.0,1949.0,6168.398898412031,41374384.68452753,14.908738692901409,primary_1994_2023,10-14 to 65-69,10,3,-7,4,15.077949450652852,Custom descriptive weighted least-squares age-period-cohort summaries; not asserted equivalent to conventional NCI APC estimable functions.
United States of America,Male,Incidence,equal,60-64 years,62.0,2014-2018,2016.0,1954.0,7160.667488000103,46966970.62292856,15.246177032555671,primary_1994_2023,10-14 to 65-69,10,4,-6,5,15.146782291149925,Custom descriptive weighted least-squares age-period-cohort summaries; not asserted equivalent to conventional NCI APC estimable functions.
United States of America,Male,Incidence,equal,60-64 years,62.0,2019-2023,2021.0,1959.0,7725.595672083955,51415872.297850996,15.025701844227697,primary_1994_2023,10-14 to 65-69,10,5,-5,6,15.053236838085471,Custom descriptive weighted least-squares age-period-cohort summaries; not asserted equivalent to conventional NCI APC estimable functions.
United States of America,Male,Incidence,equal,65-69 years,67.0,1994-1998,1996.0,1929.0,2396.8910383294574,22297519.56212669,10.7495859871368,primary_1994_2023,10-14 to 65-69,11,0,-11,0,10.749585987136836,Custom descriptive weighted least-squares age-period-cohort summaries; not asserted equivalent to conventional NCI APC estimable functions.
United States of America,Male,Incidence,equal,65-69 years,67.0,1999-2003,2001.0,1934.0,2370.5187333945323,21907304.72525276,10.820677226724348,primary_1994_2023,10-14 to 65-69,11,1,-10,1,10.775218096677346,Custom descriptive weighted least-squares age-period-cohort summaries; not asserted equivalent to conventional NCI APC estimable functions.
United States of America,Male,Incidence,equal,65-69 years,67.0,2004-2008,2006.0,1939.0,2611.974073991548,24586450.296011683,10.623632295611424,primary_1994_2023,10-14 to 65-69,11,2,-9,2,10.665843134703268,Custom descriptive weighted least-squares age-period-cohort summaries; not asserted equivalent to conventional NCI APC estimable functions.
United States of America,Male,Incidence,equal,65-69 years,67.0,2009-2013,2011.0,1944.0,3283.5085215715512,30785697.805933744,10.665694642590418,primary_1994_2023,10-14 to 65-69,11,3,-8,3,10.790732003222434,Custom descriptive weighted least-squares age-period-cohort summaries; not asserted equivalent to conventional NCI APC estimable functions.
United States of America,Male,Incidence,equal,65-69 years,67.0,2014-2018,2016.0,1949.0,4236.781752038453,38854251.38298751,10.904293870640744,primary_1994_2023,10-14 to 65-69,11,4,-7,4,10.817802821041711,Custom descriptive weighted least-squares age-period-cohort summaries; not asserted equivalent to conventional NCI APC estimable functions.
United States of America,Male,Incidence,equal,65-69 years,67.0,2019-2023,2021.0,1954.0,4697.982839884091,43737459.211942375,10.741325455414934,primary_1994_2023,10-14 to 65-69,11,5,-6,5,10.70436261112531,Custom descriptive weighted least-squares age-period-cohort summaries; not asserted equivalent to conventional NCI APC estimable functions.
United States of America,Male,Prevalence,equal,10-14 years,12.0,1994-1998,1996.0,1984.0,7481.121644658426,49872933.54013437,15.00036415270845,primary_1994_2023,10-14 to 65-69,0,0,0,11,15.191647615469348,Custom descriptive weighted least-squares age-period-cohort summaries; not asserted equivalent to conventional NCI APC estimable functions.
United States of America,Male,Prevalence,equal,10-14 years,12.0,1999-2003,2001.0,1989.0,7968.082223293851,53713958.16529686,14.834286087748815,primary_1994_2023,10-14 to 65-69,0,1,1,12,14.974118059666083,Custom descriptive weighted least-squares age-period-cohort summaries; not asserted equivalent to conventional NCI APC estimable functions.
United States of America,Male,Prevalence,equal,10-14 years,12.0,2004-2008,2006.0,1994.0,7865.972843371589,54170630.7484584,14.520733346999915,primary_1994_2023,10-14 to 65-69,0,2,2,13,14.771865244481706,Custom descriptive weighted least-squares age-period-cohort summaries; not asserted equivalent to conventional NCI APC estimable functions.
United States of America,Male,Prevalence,equal,10-14 years,12.0,2009-2013,2011.0,1999.0,8111.824958467204,53448303.11743942,15.176955086195113,primary_1994_2023,10-14 to 65-69,0,3,3,14,14.906004472324668,Custom descriptive weighted least-squares age-period-cohort summaries; not asserted equivalent to conventional NCI APC estimable functions.
United States of America,Male,Prevalence,equal,10-14 years,12.0,2014-2018,2016.0,2004.0,8305.730144531815,54654150.99716476,15.19688805515007,primary_1994_2023,10-14 to 65-69,0,4,4,15,14.878309917653732,Custom descriptive weighted least-squares age-period-cohort summaries; not asserted equivalent to conventional NCI APC estimable functions.
United States of America,Male,Prevalence,equal,10-14 years,12.0,2019-2023,2021.0,2009.0,8134.81145093151,54893441.85945153,14.819277449863277,primary_1994_2023,10-14 to 65-69,0,5,5,16,14.819277449863309,Custom descriptive weighted least-squares age-period-cohort summaries; not asserted equivalent to conventional NCI APC estimable functions.
United States of America,Male,Prevalence,equal,15-19 years,17.0,1994-1998,1996.0,1979.0,66472.3018226074,49022888.719093956,135.59442040125444,primary_1994_2023,10-14 to 65-69,1,0,-1,10,136.92702661806547,Custom descriptive weighted least-squares age-period-cohort summaries; not asserted equivalent to conventional NCI APC estimable functions.
United States of America,Male,Prevalence,equal,15-19 years,17.0,1999-2003,2001.0,1984.0,70978.7943341245,52654713.034304515,134.80045801005858,primary_1994_2023,10-14 to 65-69,1,1,0,11,135.53131918594477,Custom descriptive weighted least-squares age-period-cohort summaries; not asserted equivalent to conventional NCI APC estimable functions.
United States of America,Male,Prevalence,equal,15-19 years,17.0,2004-2008,2006.0,1989.0,75368.43017326506,56113645.25665799,134.3139085485138,primary_1994_2023,10-14 to 65-69,1,2,1,12,133.82311918404193,Custom descriptive weighted least-squares age-period-cohort summaries; not asserted equivalent to conventional NCI APC estimable functions.
United States of America,Male,Prevalence,equal,15-19 years,17.0,2009-2013,2011.0,1994.0,76081.24082934069,56005123.04650836,135.8469309426577,primary_1994_2023,10-14 to 65-69,1,3,2,13,132.207243531368,Custom descriptive weighted least-squares age-period-cohort summaries; not asserted equivalent to conventional NCI APC estimable functions.
United States of America,Male,Prevalence,equal,15-19 years,17.0,2014-2018,2016.0,1999.0,72266.98585652039,54844255.72734927,131.76764803917814,primary_1994_2023,10-14 to 65-69,1,4,3,14,131.03777019607378,Custom descriptive weighted least-squares age-period-cohort summaries; not asserted equivalent to conventional NCI APC estimable functions.
United States of America,Male,Prevalence,equal,15-19 years,17.0,2019-2023,2021.0,2004.0,71746.23351209993,55553859.17888075,129.14716380203313,primary_1994_2023,10-14 to 65-69,1,5,4,15,131.91249555911367,Custom descriptive weighted least-squares age-period-cohort summaries; not asserted equivalent to conventional NCI APC estimable functions.
United States of America,Male,Prevalence,equal,20-24 years,22.0,1994-1998,1996.0,1974.0,239301.24937320084,47493085.19655239,503.8654540610307,primary_1994_2023,10-14 to 65-69,2,0,-2,9,505.50390230093484,Custom descriptive weighted least-squares age-period-cohort summaries; not asserted equivalent to conventional NCI APC estimable functions.
United States of America,Male,Prevalence,equal,20-24 years,22.0,1999-2003,2001.0,1979.0,253161.8440076186,50228623.78286144,504.01907307283267,primary_1994_2023,10-14 to 65-69,2,1,-1,10,502.4466442990886,Custom descriptive weighted least-squares age-period-cohort summaries; not asserted equivalent to conventional NCI APC estimable functions.
United States of America,Male,Prevalence,equal,20-24 years,22.0,2004-2008,2006.0,1984.0,274339.47202677984,53813369.9350808,509.797978379233,primary_1994_2023,10-14 to 65-69,2,2,0,11,498.19061953582843,Custom descriptive weighted least-squares age-period-cohort summaries; not asserted equivalent to conventional NCI APC estimable functions.
United States of America,Male,Prevalence,equal,20-24 years,22.0,2009-2013,2011.0,1989.0,281823.7799961498,56473757.581828445,499.03493598384574,primary_1994_2023,10-14 to 65-69,2,3,1,12,492.6256791061082,Custom descriptive weighted least-squares age-period-cohort summaries; not asserted equivalent to conventional NCI APC estimable functions.
United States of America,Male,Prevalence,equal,20-24 years,22.0,2014-2018,2016.0,1994.0,267385.008057949,56625027.78079313,472.20287307063256,primary_1994_2023,10-14 to 65-69,2,4,2,13,478.03146372539794,Custom descriptive weighted least-squares age-period-cohort summaries; not asserted equivalent to conventional NCI APC estimable functions.
United States of America,Male,Prevalence,equal,20-24 years,22.0,2019-2023,2021.0,1999.0,256393.05667756565,54934749.26198155,466.72290330267606,primary_1994_2023,10-14 to 65-69,2,5,3,14,477.8535479757205,Custom descriptive weighted least-squares age-period-cohort summaries; not asserted equivalent to conventional NCI APC estimable functions.
United States of America,Male,Prevalence,equal,25-29 years,27.0,1994-1998,1996.0,1969.0,397486.78896658716,50935015.21446335,780.3802301677099,primary_1994_2023,10-14 to 65-69,3,0,-3,8,782.6182565488054,Custom descriptive weighted least-squares age-period-cohort summaries; not asserted equivalent to conventional NCI APC estimable functions.
United States of America,Male,Prevalence,equal,25-29 years,27.0,1999-2003,2001.0,1974.0,378231.1312917585,48326761.37330586,782.6535868399433,primary_1994_2023,10-14 to 65-69,3,1,-2,9,780.6967112971649,Custom descriptive weighted least-squares age-period-cohort summaries; not asserted equivalent to conventional NCI APC estimable functions.
United States of America,Male,Prevalence,equal,25-29 years,27.0,2004-2008,2006.0,1979.0,404826.1299158407,51226983.62632066,790.2595492814438,primary_1994_2023,10-14 to 65-69,3,2,-1,10,777.3254649045707,Custom descriptive weighted least-squares age-period-cohort summaries; not asserted equivalent to conventional NCI APC estimable functions.
United States of America,Male,Prevalence,equal,25-29 years,27.0,2009-2013,2011.0,1984.0,416523.8926727671,54103552.336647324,769.8642227427873,primary_1994_2023,10-14 to 65-69,3,3,0,11,771.859953595027,Custom descriptive weighted least-squares age-period-cohort summaries; not asserted equivalent to conventional NCI APC estimable functions.
United States of America,Male,Prevalence,equal,25-29 years,27.0,2014-2018,2016.0,1989.0,423900.55211123184,57445326.446346305,737.9199986045047,primary_1994_2023,10-14 to 65-69,3,4,1,12,749.6789964209165,Custom descriptive weighted least-squares age-period-cohort summaries; not asserted equivalent to conventional NCI APC estimable functions.
United States of America,Male,Prevalence,equal,25-29 years,27.0,2019-2023,2021.0,1994.0,419836.8758322336,57093760.670273684,735.3463336508239,primary_1994_2023,10-14 to 65-69,3,5,2,13,733.6887636906486,Custom descriptive weighted least-squares age-period-cohort summaries; not asserted equivalent to conventional NCI APC estimable functions.
United States of America,Male,Prevalence,equal,30-34 years,32.0,1994-1998,1996.0,1964.0,475101.46290450526,54616439.276124045,869.8872888848306,primary_1994_2023,10-14 to 65-69,4,0,-4,7,869.4147110553862,Custom descriptive weighted least-squares age-period-cohort summaries; not asserted equivalent to conventional NCI APC estimable functions.
United States of America,Male,Prevalence,equal,30-34 years,32.0,1999-2003,2001.0,1969.0,452166.2635457462,51845440.74891769,872.1427709247231,primary_1994_2023,10-14 to 65-69,4,1,-3,8,869.3115848039818,Custom descriptive weighted least-squares age-period-cohort summaries; not asserted equivalent to conventional NCI APC estimable functions.
United States of America,Male,Prevalence,equal,30-34 years,32.0,2004-2008,2006.0,1974.0,431688.473031219,49250577.30356569,876.5145439218337,primary_1994_2023,10-14 to 65-69,4,2,-2,9,868.6862559534711,Custom descriptive weighted least-squares age-period-cohort summaries; not asserted equivalent to conventional NCI APC estimable functions.
United States of America,Male,Prevalence,equal,30-34 years,32.0,2009-2013,2011.0,1979.0,443279.28020099935,51701501.28440709,857.3818345477912,primary_1994_2023,10-14 to 65-69,4,3,-1,10,866.1906940455831,Custom descriptive weighted least-squares age-period-cohort summaries; not asserted equivalent to conventional NCI APC estimable functions.
United States of America,Male,Prevalence,equal,30-34 years,32.0,2014-2018,2016.0,1984.0,462365.9241682702,55343081.92367988,835.4538780581277,primary_1994_2023,10-14 to 65-69,4,4,0,11,844.8205339142397,Custom descriptive weighted least-squares age-period-cohort summaries; not asserted equivalent to conventional NCI APC estimable functions.
United States of America,Male,Prevalence,equal,30-34 years,32.0,2019-2023,2021.0,1989.0,488153.21768393903,58481815.92136626,834.7094049546996,primary_1994_2023,10-14 to 65-69,4,5,1,12,827.5578909474402,Custom descriptive weighted least-squares age-period-cohort summaries; not asserted equivalent to conventional NCI APC estimable functions.
United States of America,Male,Prevalence,equal,35-39 years,37.0,1994-1998,1996.0,1959.0,494248.48907756817,56244448.00883112,878.7507150927406,primary_1994_2023,10-14 to 65-69,5,0,-5,6,875.6826387060553,Custom descriptive weighted least-squares age-period-cohort summaries; not asserted equivalent to conventional NCI APC estimable functions.
United States of America,Male,Prevalence,equal,35-39 years,37.0,1999-2003,2001.0,1964.0,486930.4705416927,55347793.54359788,879.7649181048814,primary_1994_2023,10-14 to 65-69,5,1,-4,7,877.6294597362414,Custom descriptive weighted least-squares age-period-cohort summaries; not asserted equivalent to conventional NCI APC estimable functions.
United States of America,Male,Prevalence,equal,35-39 years,37.0,2004-2008,2006.0,1969.0,463507.966555052,52574390.82784526,881.6230854158784,primary_1994_2023,10-14 to 65-69,5,2,-3,8,879.0524397193589,Custom descriptive weighted least-squares age-period-cohort summaries; not asserted equivalent to conventional NCI APC estimable functions.
United States of America,Male,Prevalence,equal,35-39 years,37.0,2009-2013,2011.0,1974.0,433607.77248803736,49829135.71167236,870.1892302468046,primary_1994_2023,10-14 to 65-69,5,3,-2,9,879.6953261136965,Custom descriptive weighted least-squares age-period-cohort summaries; not asserted equivalent to conventional NCI APC estimable functions.
United States of America,Male,Prevalence,equal,35-39 years,37.0,2014-2018,2016.0,1979.0,452059.6457859047,52824660.07938396,855.7738849744751,primary_1994_2023,10-14 to 65-69,5,4,-1,10,861.5851035980415,Custom descriptive weighted least-squares age-period-cohort summaries; not asserted equivalent to conventional NCI APC estimable functions.
United States of America,Male,Prevalence,equal,35-39 years,37.0,2019-2023,2021.0,1984.0,482276.9298028262,56407273.21346137,854.9906817472836,primary_1994_2023,10-14 to 65-69,5,5,0,11,847.5127055876857,Custom descriptive weighted least-squares age-period-cohort summaries; not asserted equivalent to conventional NCI APC estimable functions.
United States of America,Male,Prevalence,equal,40-44 years,42.0,1994-1998,1996.0,1954.0,435221.74701800186,51520416.70334873,844.7558751785352,primary_1994_2023,10-14 to 65-69,6,0,-6,5,840.7701313621598,Custom descriptive weighted least-squares age-period-cohort summaries; not asserted equivalent to conventional NCI APC estimable functions.
United States of America,Male,Prevalence,equal,40-44 years,42.0,1999-2003,2001.0,1959.0,473780.925782019,56113341.578119315,844.3284831334369,primary_1994_2023,10-14 to 65-69,6,1,-5,6,843.7969713783009,Custom descriptive weighted least-squares age-period-cohort summaries; not asserted equivalent to conventional NCI APC estimable functions.
United States of America,Male,Prevalence,equal,40-44 years,42.0,2004-2008,2006.0,1964.0,466979.7646127881,55250237.958182946,845.2086033841691,primary_1994_2023,10-14 to 65-69,6,2,-4,7,847.1445546607646,Custom descriptive weighted least-squares age-period-cohort summaries; not asserted equivalent to conventional NCI APC estimable functions.
United States of America,Male,Prevalence,equal,40-44 years,42.0,2009-2013,2011.0,1969.0,442648.6033856891,52489673.22306727,843.3060756628247,primary_1994_2023,10-14 to 65-69,6,3,-3,8,849.7499195217139,Custom descriptive weighted least-squares age-period-cohort summaries; not asserted equivalent to conventional NCI APC estimable functions.
United States of America,Male,Prevalence,equal,40-44 years,42.0,2014-2018,2016.0,1974.0,417814.24664491555,50152091.87608911,833.094355619722,primary_1994_2023,10-14 to 65-69,6,4,-2,9,835.2643908546316,Custom descriptive weighted least-squares age-period-cohort summaries; not asserted equivalent to conventional NCI APC estimable functions.
United States of America,Male,Prevalence,equal,40-44 years,42.0,2019-2023,2021.0,1979.0,440340.18692880764,52990681.13329992,830.9766500662946,primary_1994_2023,10-14 to 65-69,6,5,-1,10,825.0626977106541,Custom descriptive weighted least-squares age-period-cohort summaries; not asserted equivalent to conventional NCI APC estimable functions.
United States of America,Male,Prevalence,equal,45-49 years,47.0,1994-1998,1996.0,1949.0,355437.7077792543,45015490.83154739,789.5897639089151,primary_1994_2023,10-14 to 65-69,7,0,-7,4,784.8837484455581,Custom descriptive weighted least-squares age-period-cohort summaries; not asserted equivalent to conventional NCI APC estimable functions.
United States of America,Male,Prevalence,equal,45-49 years,47.0,1999-2003,2001.0,1954.0,400827.56255203293,50841755.61904954,788.3826151783194,primary_1994_2023,10-14 to 65-69,7,1,-6,5,788.9223583145746,Custom descriptive weighted least-squares age-period-cohort summaries; not asserted equivalent to conventional NCI APC estimable functions.
United States of America,Male,Prevalence,equal,45-49 years,47.0,2004-2008,2006.0,1959.0,438087.74060397036,55552109.65140812,788.6068474320592,primary_1994_2023,10-14 to 65-69,7,2,-5,6,793.1403772860759,Custom descriptive weighted least-squares age-period-cohort summaries; not asserted equivalent to conventional NCI APC estimable functions.
United States of America,Male,Prevalence,equal,45-49 years,47.0,2009-2013,2011.0,1964.0,435589.3768216015,54923259.91949417,793.0872593143287,primary_1994_2023,10-14 to 65-69,7,3,-4,7,797.4429791358481,Custom descriptive weighted least-squares age-period-cohort summaries; not asserted equivalent to conventional NCI APC estimable functions.
United States of America,Male,Prevalence,equal,45-49 years,47.0,2014-2018,2016.0,1969.0,413408.9363018877,52581978.48581663,786.2179176338902,primary_1994_2023,10-14 to 65-69,7,4,-3,8,785.6852158045051,Custom descriptive weighted least-squares age-period-cohort summaries; not asserted equivalent to conventional NCI APC estimable functions.
United States of America,Male,Prevalence,equal,45-49 years,47.0,2019-2023,2021.0,1974.0,392921.92479577963,50182567.833171695,782.9848924870087,primary_1994_2023,10-14 to 65-69,7,5,-2,9,778.8942618879388,Custom descriptive weighted least-squares age-period-cohort summaries; not asserted equivalent to conventional NCI APC estimable functions.
United States of America,Male,Prevalence,equal,50-54 years,52.0,1994-1998,1996.0,1944.0,255024.2378715425,35305845.72143544,722.3286474531557,primary_1994_2023,10-14 to 65-69,8,0,-8,3,716.7960449656113,Custom descriptive weighted least-squares age-period-cohort summaries; not asserted equivalent to conventional NCI APC estimable functions.
United States of America,Male,Prevalence,equal,50-54 years,52.0,1999-2003,2001.0,1949.0,319286.8683824791,44278204.79499547,721.092623020178,primary_1994_2023,10-14 to 65-69,8,1,-7,4,721.3803899782577,Custom descriptive weighted least-squares age-period-cohort summaries; not asserted equivalent to conventional NCI APC estimable functions.
United States of America,Male,Prevalence,equal,50-54 years,52.0,2004-2008,2006.0,1954.0,361042.8659362529,50117162.30633972,720.397662839306,primary_1994_2023,10-14 to 65-69,8,2,-6,5,726.3540586963688,Custom descriptive weighted least-squares age-period-cohort summaries; not asserted equivalent to conventional NCI APC estimable functions.
United States of America,Male,Prevalence,equal,50-54 years,52.0,2009-2013,2011.0,1959.0,400005.04921590927,54977348.12864849,727.5815637376444,primary_1994_2023,10-14 to 65-69,8,3,-5,6,731.2976549098917,Custom descriptive weighted least-squares age-period-cohort summaries; not asserted equivalent to conventional NCI APC estimable functions.
United States of America,Male,Prevalence,equal,50-54 years,52.0,2014-2018,2016.0,1964.0,394497.87687863206,54492651.87735545,723.9469236448862,primary_1994_2023,10-14 to 65-69,8,4,-4,7,722.2026768223734,Custom descriptive weighted least-squares age-period-cohort summaries; not asserted equivalent to conventional NCI APC estimable functions.
United States of America,Male,Prevalence,equal,50-54 years,52.0,2019-2023,2021.0,1969.0,374697.50661046134,52023636.150697194,720.2447470704906,primary_1994_2023,10-14 to 65-69,8,5,-3,8,717.6375001193285,Custom descriptive weighted least-squares age-period-cohort summaries; not asserted equivalent to conventional NCI APC estimable functions.
United States of America,Male,Prevalence,equal,55-59 years,57.0,1994-1998,1996.0,1939.0,179283.1758051379,27664820.946437705,648.0547123447893,primary_1994_2023,10-14 to 65-69,9,0,-9,2,644.7486539558062,Custom descriptive weighted least-squares age-period-cohort summaries; not asserted equivalent to conventional NCI APC estimable functions.
United States of America,Male,Prevalence,equal,55-59 years,57.0,1999-2003,2001.0,1944.0,220888.1938378213,34121176.93394192,647.3639354980559,primary_1994_2023,10-14 to 65-69,9,1,-8,3,645.7117376477606,Custom descriptive weighted least-squares age-period-cohort summaries; not asserted equivalent to conventional NCI APC estimable functions.
United States of America,Male,Prevalence,equal,55-59 years,57.0,2004-2008,2006.0,1949.0,277182.3103278574,42939125.77863054,645.5238789835875,primary_1994_2023,10-14 to 65-69,9,2,-7,4,650.9723176941756,Custom descriptive weighted least-squares age-period-cohort summaries; not asserted equivalent to conventional NCI APC estimable functions.
United States of America,Male,Prevalence,equal,55-59 years,57.0,2009-2013,2011.0,1954.0,318621.21603703464,48816761.40144102,652.6881482711985,primary_1994_2023,10-14 to 65-69,9,3,-6,5,656.4120938747019,Custom descriptive weighted least-squares age-period-cohort summaries; not asserted equivalent to conventional NCI APC estimable functions.
United States of America,Male,Prevalence,equal,55-59 years,57.0,2014-2018,2016.0,1959.0,350157.0039665041,53723993.714657985,651.7702422241326,primary_1994_2023,10-14 to 65-69,9,4,-5,6,649.1390281133242,Custom descriptive weighted least-squares age-period-cohort summaries; not asserted equivalent to conventional NCI APC estimable functions.
United States of America,Male,Prevalence,equal,55-59 years,57.0,2019-2023,2021.0,1964.0,344133.22259956086,53099897.063387685,648.0864213140637,primary_1994_2023,10-14 to 65-69,9,5,-4,7,646.5464366830473,Custom descriptive weighted least-squares age-period-cohort summaries; not asserted equivalent to conventional NCI APC estimable functions.
United States of America,Male,Prevalence,equal,60-64 years,62.0,1994-1998,1996.0,1934.0,134718.9366560185,23809576.484621506,565.8182821648794,primary_1994_2023,10-14 to 65-69,10,0,-10,1,565.247220239312,Custom descriptive weighted least-squares age-period-cohort summaries; not asserted equivalent to conventional NCI APC estimable functions.
United States of America,Male,Prevalence,equal,60-64 years,62.0,1999-2003,2001.0,1939.0,149288.142808599,26381128.785924055,565.8898981163131,primary_1994_2023,10-14 to 65-69,10,1,-9,2,564.5405085400862,Custom descriptive weighted least-squares age-period-cohort summaries; not asserted equivalent to conventional NCI APC estimable functions.
United States of America,Male,Prevalence,equal,60-64 years,62.0,2004-2008,2006.0,1944.0,184371.9112810829,32742033.63696486,563.1046419576456,primary_1994_2023,10-14 to 65-69,10,2,-8,3,566.3676704577784,Custom descriptive weighted least-squares age-period-cohort summaries; not asserted equivalent to conventional NCI APC estimable functions.
United States of America,Male,Prevalence,equal,60-64 years,62.0,2009-2013,2011.0,1949.0,235148.268077548,41374384.68452753,568.3426348706151,primary_1994_2023,10-14 to 65-69,10,3,-7,4,571.810745673518,Custom descriptive weighted least-squares age-period-cohort summaries; not asserted equivalent to conventional NCI APC estimable functions.
United States of America,Male,Prevalence,equal,60-64 years,62.0,2014-2018,2016.0,1954.0,267545.42368502857,46966970.62292856,569.6459025066798,primary_1994_2023,10-14 to 65-69,10,4,-6,5,566.3458200819409,Custom descriptive weighted least-squares age-period-cohort summaries; not asserted equivalent to conventional NCI APC estimable functions.
United States of America,Male,Prevalence,equal,60-64 years,62.0,2019-2023,2021.0,1959.0,291199.0252116263,51415872.297850996,566.3601767265892,primary_1994_2023,10-14 to 65-69,10,5,-5,6,564.8588467830276,Custom descriptive weighted least-squares age-period-cohort summaries; not asserted equivalent to conventional NCI APC estimable functions.
United States of America,Male,Prevalence,equal,65-69 years,67.0,1994-1998,1996.0,1929.0,103069.48063847846,22297519.56212669,462.24639629219774,primary_1994_2023,10-14 to 65-69,11,0,-11,0,462.2463962921989,Custom descriptive weighted least-squares age-period-cohort summaries; not asserted equivalent to conventional NCI APC estimable functions.
United States of America,Male,Prevalence,equal,65-69 years,67.0,1999-2003,2001.0,1934.0,101323.98568824079,21907304.72525276,462.51233074529546,primary_1994_2023,10-14 to 65-69,11,1,-10,1,462.97960094625427,Custom descriptive weighted least-squares age-period-cohort summaries; not asserted equivalent to conventional NCI APC estimable functions.
United States of America,Male,Prevalence,equal,65-69 years,67.0,2004-2008,2006.0,1939.0,113034.60224575127,24586450.296011683,459.74348018870904,primary_1994_2023,10-14 to 65-69,11,2,-9,2,463.2054269791924,Custom descriptive weighted least-squares age-period-cohort summaries; not asserted equivalent to conventional NCI APC estimable functions.
United States of America,Male,Prevalence,equal,65-69 years,67.0,2009-2013,2011.0,1944.0,142631.77664292912,30785697.805933744,463.3053229523931,primary_1994_2023,10-14 to 65-69,11,3,-8,3,465.3792352710997,Custom descriptive weighted least-squares age-period-cohort summaries; not asserted equivalent to conventional NCI APC estimable functions.
United States of America,Male,Prevalence,equal,65-69 years,67.0,2014-2018,2016.0,1949.0,180918.9799306646,38854251.38298751,465.63496526375155,primary_1994_2023,10-14 to 65-69,11,4,-7,4,461.50476886878636,Custom descriptive weighted least-squares age-period-cohort summaries; not asserted equivalent to conventional NCI APC estimable functions.
United States of America,Male,Prevalence,equal,65-69 years,67.0,2019-2023,2021.0,1954.0,202452.4980007553,43737459.211942375,462.88125018811405,primary_1994_2023,10-14 to 65-69,11,5,-6,5,461.00185044412785,Custom descriptive weighted least-squares age-period-cohort summaries; not asserted equivalent to conventional NCI APC estimable functions.
