location_name,sex_name,measure_name,weighting,age_name,age_midpoint,period,period_midpoint,cohort_midpoint,events,population,observed_rate,window,age_coverage,age_index,period_index,cohort_index,cohort_level,custom_fitted_rate,method_label
China,Female,DALYs,population,10-14 years,12.0,1990-1994,1992.0,1980.0,18278.826031410143,245079123.5302365,7.458336625377641,sensitivity_1990_2019,10-14 to 65-69,0,0,0,11,7.444954216263511,Custom descriptive weighted least-squares age-period-cohort summaries; not asserted equivalent to conventional NCI APC estimable functions.
China,Female,DALYs,population,10-14 years,12.0,1995-1999,1997.0,1985.0,20825.453275314663,280052727.6317071,7.436261539541899,sensitivity_1990_2019,10-14 to 65-69,0,1,1,12,7.457754891636191,Custom descriptive weighted least-squares age-period-cohort summaries; not asserted equivalent to conventional NCI APC estimable functions.
China,Female,DALYs,population,10-14 years,12.0,2000-2004,2002.0,1990.0,20423.700627861443,276532964.4717258,7.385629654272075,sensitivity_1990_2019,10-14 to 65-69,0,2,2,13,7.346960598823988,Custom descriptive weighted least-squares age-period-cohort summaries; not asserted equivalent to conventional NCI APC estimable functions.
China,Female,DALYs,population,10-14 years,12.0,2005-2009,2007.0,1995.0,14466.615899424465,202529402.7308478,7.142970701715803,sensitivity_1990_2019,10-14 to 65-69,0,3,3,14,7.144203521566856,Custom descriptive weighted least-squares age-period-cohort summaries; not asserted equivalent to conventional NCI APC estimable functions.
China,Female,DALYs,population,10-14 years,12.0,2010-2014,2012.0,2000.0,11823.410139367603,167611520.93602276,7.054055755439743,sensitivity_1990_2019,10-14 to 65-69,0,4,4,15,7.098323341805133,Custom descriptive weighted least-squares age-period-cohort summaries; not asserted equivalent to conventional NCI APC estimable functions.
China,Female,DALYs,population,10-14 years,12.0,2015-2019,2017.0,2005.0,12736.551780310096,179418689.3843522,7.098787659197392,sensitivity_1990_2019,10-14 to 65-69,0,5,5,16,7.0987876591973835,Custom descriptive weighted least-squares age-period-cohort summaries; not asserted equivalent to conventional NCI APC estimable functions.
China,Female,DALYs,population,15-19 years,17.0,1990-1994,1992.0,1975.0,149651.70779312757,280919087.07978284,53.272175041144685,sensitivity_1990_2019,10-14 to 65-69,1,0,-1,10,53.26099794740795,Custom descriptive weighted least-squares age-period-cohort summaries; not asserted equivalent to conventional NCI APC estimable functions.
China,Female,DALYs,population,15-19 years,17.0,1995-1999,1997.0,1980.0,129096.12083704569,240302492.99765885,53.722339384262405,sensitivity_1990_2019,10-14 to 65-69,1,1,0,11,53.59698081824,Custom descriptive weighted least-squares age-period-cohort summaries; not asserted equivalent to conventional NCI APC estimable functions.
China,Female,DALYs,population,15-19 years,17.0,2000-2004,2002.0,1985.0,152993.9285930654,283934455.3254102,53.88353745857398,sensitivity_1990_2019,10-14 to 65-69,1,2,1,12,53.655189911302124,Custom descriptive weighted least-squares age-period-cohort summaries; not asserted equivalent to conventional NCI APC estimable functions.
China,Female,DALYs,population,15-19 years,17.0,2005-2009,2007.0,1990.0,152767.01594577474,291983271.2459099,52.32046866723179,sensitivity_1990_2019,10-14 to 65-69,1,3,2,13,52.5801768827889,Custom descriptive weighted least-squares age-period-cohort summaries; not asserted equivalent to conventional NCI APC estimable functions.
China,Female,DALYs,population,15-19 years,17.0,2010-2014,2012.0,1995.0,108382.4834170345,212391895.75578415,51.02948162469277,sensitivity_1990_2019,10-14 to 65-69,1,4,3,14,51.37395887119686,Custom descriptive weighted least-squares age-period-cohort summaries; not asserted equivalent to conventional NCI APC estimable functions.
China,Female,DALYs,population,15-19 years,17.0,2015-2019,2017.0,2000.0,88532.05356142759,171699978.1392166,51.56206455055261,sensitivity_1990_2019,10-14 to 65-69,1,5,4,15,51.248139260872264,Custom descriptive weighted least-squares age-period-cohort summaries; not asserted equivalent to conventional NCI APC estimable functions.
China,Female,DALYs,population,20-24 years,22.0,1990-1994,1992.0,1970.0,503771.2669264652,312630018.0155027,161.13976198583853,sensitivity_1990_2019,10-14 to 65-69,2,0,-2,9,161.44245962807577,Custom descriptive weighted least-squares age-period-cohort summaries; not asserted equivalent to conventional NCI APC estimable functions.
China,Female,DALYs,population,20-24 years,22.0,1995-1999,1997.0,1975.0,432191.0995313782,265570395.79291472,162.74069187605917,sensitivity_1990_2019,10-14 to 65-69,2,1,-1,10,162.31496390144832,Custom descriptive weighted least-squares age-period-cohort summaries; not asserted equivalent to conventional NCI APC estimable functions.
China,Female,DALYs,population,20-24 years,22.0,2000-2004,2002.0,1980.0,378776.33448043035,232552258.59371722,162.87794269165772,sensitivity_1990_2019,10-14 to 65-69,2,2,0,11,163.23561585618077,Custom descriptive weighted least-squares age-period-cohort summaries; not asserted equivalent to conventional NCI APC estimable functions.
China,Female,DALYs,population,20-24 years,22.0,2005-2009,2007.0,1985.0,462069.28015253454,285115436.90724885,162.06392932096858,sensitivity_1990_2019,10-14 to 65-69,2,3,1,12,162.55376528722283,Custom descriptive weighted least-squares age-period-cohort summaries; not asserted equivalent to conventional NCI APC estimable functions.
China,Female,DALYs,population,20-24 years,22.0,2010-2014,2012.0,1990.0,468303.44486147666,292782508.424566,159.94925632045837,sensitivity_1990_2019,10-14 to 65-69,2,4,2,13,160.05978295601713,Custom descriptive weighted least-squares age-period-cohort summaries; not asserted equivalent to conventional NCI APC estimable functions.
China,Female,DALYs,population,20-24 years,22.0,2015-2019,2017.0,1995.0,328980.5312217802,208054988.43237755,158.12191464407312,sensitivity_1990_2019,10-14 to 65-69,2,5,3,14,157.01325685047905,Custom descriptive weighted least-squares age-period-cohort summaries; not asserted equivalent to conventional NCI APC estimable functions.
China,Female,DALYs,population,25-29 years,27.0,1990-1994,1992.0,1965.0,745804.7880858439,298682181.84143275,249.69845321465607,sensitivity_1990_2019,10-14 to 65-69,3,0,-3,8,249.96738279971578,Custom descriptive weighted least-squares age-period-cohort summaries; not asserted equivalent to conventional NCI APC estimable functions.
China,Female,DALYs,population,25-29 years,27.0,1995-1999,1997.0,1970.0,763472.0901432765,304889902.50322443,250.40910960808296,sensitivity_1990_2019,10-14 to 65-69,3,1,-2,9,250.37857787546537,Custom descriptive weighted least-squares age-period-cohort summaries; not asserted equivalent to conventional NCI APC estimable functions.
China,Female,DALYs,population,25-29 years,27.0,2000-2004,2002.0,1975.0,667652.5254494055,265623632.56046122,251.3528329590307,sensitivity_1990_2019,10-14 to 65-69,3,2,-1,10,251.5725769004609,Custom descriptive weighted least-squares age-period-cohort summaries; not asserted equivalent to conventional NCI APC estimable functions.
China,Female,DALYs,population,25-29 years,27.0,2005-2009,2007.0,1980.0,590644.7801688304,235019460.63889432,251.31739242494126,sensitivity_1990_2019,10-14 to 65-69,3,3,0,11,251.66937012049527,Custom descriptive weighted least-squares age-period-cohort summaries; not asserted equivalent to conventional NCI APC estimable functions.
China,Female,DALYs,population,25-29 years,27.0,2010-2014,2012.0,1985.0,720188.1123492629,285345339.1773946,252.39175604740947,sensitivity_1990_2019,10-14 to 65-69,3,4,1,12,251.81834036939813,Custom descriptive weighted least-squares age-period-cohort summaries; not asserted equivalent to conventional NCI APC estimable functions.
China,Female,DALYs,population,25-29 years,27.0,2015-2019,2017.0,1990.0,699571.1831523194,280816476.2742032,249.12041929805545,sensitivity_1990_2019,10-14 to 65-69,3,5,2,13,248.9462879155803,Custom descriptive weighted least-squares age-period-cohort summaries; not asserted equivalent to conventional NCI APC estimable functions.
China,Female,DALYs,population,30-34 years,32.0,1990-1994,1992.0,1960.0,653427.1645474959,221065184.52725402,295.5812177954861,sensitivity_1990_2019,10-14 to 65-69,4,0,-4,7,295.5478286982553,Custom descriptive weighted least-squares age-period-cohort summaries; not asserted equivalent to conventional NCI APC estimable functions.
China,Female,DALYs,population,30-34 years,32.0,1995-1999,1997.0,1965.0,883607.750183434,298716963.7855472,295.8009946893366,sensitivity_1990_2019,10-14 to 65-69,4,1,-3,8,296.43003783938343,Custom descriptive weighted least-squares age-period-cohort summaries; not asserted equivalent to conventional NCI APC estimable functions.
China,Female,DALYs,population,30-34 years,32.0,2000-2004,2002.0,1970.0,905137.485933139,304892510.79074335,296.871013192699,sensitivity_1990_2019,10-14 to 65-69,4,2,-2,9,296.7299413548634,Custom descriptive weighted least-squares age-period-cohort summaries; not asserted equivalent to conventional NCI APC estimable functions.
China,Female,DALYs,population,30-34 years,32.0,2005-2009,2007.0,1975.0,798405.50318514,268996686.9847224,296.80867527951574,sensitivity_1990_2019,10-14 to 65-69,4,3,-1,10,296.57750137398455,Custom descriptive weighted least-squares age-period-cohort summaries; not asserted equivalent to conventional NCI APC estimable functions.
China,Female,DALYs,population,30-34 years,32.0,2010-2014,2012.0,1980.0,706562.0662276502,236570316.2267984,298.6689443954895,sensitivity_1990_2019,10-14 to 65-69,4,4,0,11,298.1124744838092,Custom descriptive weighted least-squares age-period-cohort summaries; not asserted equivalent to conventional NCI APC estimable functions.
China,Female,DALYs,population,30-34 years,32.0,2015-2019,2017.0,1985.0,839610.7861936124,280540680.1911037,299.2830792388724,sensitivity_1990_2019,10-14 to 65-69,4,5,1,12,299.48167404033285,Custom descriptive weighted least-squares age-period-cohort summaries; not asserted equivalent to conventional NCI APC estimable functions.
China,Female,DALYs,population,35-39 years,37.0,1990-1994,1992.0,1955.0,710442.596261156,224453444.5015109,316.5211377526326,sensitivity_1990_2019,10-14 to 65-69,5,0,-5,6,316.4354887603908,Custom descriptive weighted least-squares age-period-cohort summaries; not asserted equivalent to conventional NCI APC estimable functions.
China,Female,DALYs,population,35-39 years,37.0,1995-1999,1997.0,1960.0,684408.6313218086,215851019.31152102,317.074542202673,sensitivity_1990_2019,10-14 to 65-69,5,1,-4,7,317.7522834861608,Custom descriptive weighted least-squares age-period-cohort summaries; not asserted equivalent to conventional NCI APC estimable functions.
China,Female,DALYs,population,35-39 years,37.0,2000-2004,2002.0,1965.0,943386.2838747486,295795904.10054374,318.93148985392406,sensitivity_1990_2019,10-14 to 65-69,5,2,-3,8,318.4992783563061,Custom descriptive weighted least-squares age-period-cohort summaries; not asserted equivalent to conventional NCI APC estimable functions.
China,Female,DALYs,population,35-39 years,37.0,2005-2009,2007.0,1970.0,966698.2903722146,304161082.2553149,317.8244511770778,sensitivity_1990_2019,10-14 to 65-69,5,3,-2,9,317.14532595972884,Custom descriptive weighted least-squares age-period-cohort summaries; not asserted equivalent to conventional NCI APC estimable functions.
China,Female,DALYs,population,35-39 years,37.0,2010-2014,2012.0,1975.0,848855.7099620915,266564280.18735218,318.4431572622863,sensitivity_1990_2019,10-14 to 65-69,5,4,-1,10,318.5004351748504,Custom descriptive weighted least-squares age-period-cohort summaries; not asserted equivalent to conventional NCI APC estimable functions.
China,Female,DALYs,population,35-39 years,37.0,2015-2019,2017.0,1980.0,737640.2812112458,230090647.29150218,320.5868164979032,sensitivity_1990_2019,10-14 to 65-69,5,5,0,11,321.4290205817367,Custom descriptive weighted least-squares age-period-cohort summaries; not asserted equivalent to conventional NCI APC estimable functions.
China,Female,DALYs,population,40-44 years,42.0,1990-1994,1992.0,1950.0,587021.1258751147,182100860.99572834,322.36043402830745,sensitivity_1990_2019,10-14 to 65-69,6,0,-6,5,322.58070264058586,Custom descriptive weighted least-squares age-period-cohort summaries; not asserted equivalent to conventional NCI APC estimable functions.
China,Female,DALYs,population,40-44 years,42.0,1995-1999,1997.0,1955.0,702031.4921493747,216779649.485558,323.84566254967785,sensitivity_1990_2019,10-14 to 65-69,6,1,-5,6,324.19230584340625,Custom descriptive weighted least-squares age-period-cohort summaries; not asserted equivalent to conventional NCI APC estimable functions.
China,Female,DALYs,population,40-44 years,42.0,2000-2004,2002.0,1960.0,680494.5956339547,209020984.66233623,325.56281214216955,sensitivity_1990_2019,10-14 to 65-69,6,2,-4,7,325.33555992987624,Custom descriptive weighted least-squares age-period-cohort summaries; not asserted equivalent to conventional NCI APC estimable functions.
China,Female,DALYs,population,40-44 years,42.0,2005-2009,2007.0,1965.0,947811.2138213584,291712768.34614336,324.9124881282863,sensitivity_1990_2019,10-14 to 65-69,6,3,-3,8,324.3859301498071,Custom descriptive weighted least-squares age-period-cohort summaries; not asserted equivalent to conventional NCI APC estimable functions.
China,Female,DALYs,population,40-44 years,42.0,2010-2014,2012.0,1970.0,976095.5059198692,300328319.8259119,325.00947845533585,sensitivity_1990_2019,10-14 to 65-69,6,4,-2,9,324.5538423879177,Custom descriptive weighted least-squares age-period-cohort summaries; not asserted equivalent to conventional NCI APC estimable functions.
China,Female,DALYs,population,40-44 years,42.0,2015-2019,2017.0,1975.0,851539.240339164,260898678.308772,326.38695061972396,sensitivity_1990_2019,10-14 to 65-69,6,5,-1,10,327.24391326508794,Custom descriptive weighted least-squares age-period-cohort summaries; not asserted equivalent to conventional NCI APC estimable functions.
China,Female,DALYs,population,45-49 years,47.0,1990-1994,1992.0,1945.0,431811.1460619811,134287382.123747,321.5574979815031,sensitivity_1990_2019,10-14 to 65-69,7,0,-7,4,321.42044879432467,Custom descriptive weighted least-squares age-period-cohort summaries; not asserted equivalent to conventional NCI APC estimable functions.
China,Female,DALYs,population,45-49 years,47.0,1995-1999,1997.0,1950.0,577289.9819436875,177811637.42206714,324.66377921788575,sensitivity_1990_2019,10-14 to 65-69,7,1,-6,5,324.38832735363695,Custom descriptive weighted least-squares age-period-cohort summaries; not asserted equivalent to conventional NCI APC estimable functions.
China,Female,DALYs,population,45-49 years,47.0,2000-2004,2002.0,1955.0,686933.1038443826,211118526.33650923,325.37793615964137,sensitivity_1990_2019,10-14 to 65-69,7,2,-5,6,325.80284640108624,Custom descriptive weighted least-squares age-period-cohort summaries; not asserted equivalent to conventional NCI APC estimable functions.
China,Female,DALYs,population,45-49 years,47.0,2005-2009,2007.0,1960.0,674106.546104622,207022121.63501763,325.62053793124556,sensitivity_1990_2019,10-14 to 65-69,7,3,-4,7,325.23285187794727,Custom descriptive weighted least-squares age-period-cohort summaries; not asserted equivalent to conventional NCI APC estimable functions.
China,Female,DALYs,population,45-49 years,47.0,2010-2014,2012.0,1965.0,947549.061695801,290316584.45165896,326.38475114520327,sensitivity_1990_2019,10-14 to 65-69,7,4,-3,8,325.8365244285437,Custom descriptive weighted least-squares age-period-cohort summaries; not asserted equivalent to conventional NCI APC estimable functions.
China,Female,DALYs,population,45-49 years,47.0,2015-2019,2017.0,1970.0,972043.6599594916,297647234.7437862,326.57574016980993,sensitivity_1990_2019,10-14 to 65-69,7,5,-2,9,327.3087520751584,Custom descriptive weighted least-squares age-period-cohort summaries; not asserted equivalent to conventional NCI APC estimable functions.
China,Female,DALYs,population,50-54 years,52.0,1990-1994,1992.0,1940.0,360745.7991947399,113747090.32353114,317.14727661926975,sensitivity_1990_2019,10-14 to 65-69,8,0,-8,3,316.96007798421715,Custom descriptive weighted least-squares age-period-cohort summaries; not asserted equivalent to conventional NCI APC estimable functions.
China,Female,DALYs,population,50-54 years,52.0,1995-1999,1997.0,1945.0,417487.2389414568,130329648.77108052,320.3317455990068,sensitivity_1990_2019,10-14 to 65-69,8,1,-7,4,319.72627843060127,Custom descriptive weighted least-squares age-period-cohort summaries; not asserted equivalent to conventional NCI APC estimable functions.
China,Female,DALYs,population,50-54 years,52.0,2000-2004,2002.0,1950.0,559676.8217970582,174223134.69098723,321.2413912708752,sensitivity_1990_2019,10-14 to 65-69,8,2,-6,5,322.4745042825128,Custom descriptive weighted least-squares age-period-cohort summaries; not asserted equivalent to conventional NCI APC estimable functions.
China,Female,DALYs,population,50-54 years,52.0,2005-2009,2007.0,1955.0,677101.8514057251,209638862.88918304,322.98489033669637,sensitivity_1990_2019,10-14 to 65-69,8,3,-5,6,322.1778959566818,Custom descriptive weighted least-squares age-period-cohort summaries; not asserted equivalent to conventional NCI APC estimable functions.
China,Female,DALYs,population,50-54 years,52.0,2010-2014,2012.0,1960.0,667795.4235273538,206413305.00947642,323.52343929413627,sensitivity_1990_2019,10-14 to 65-69,8,4,-4,7,323.1544625980594,Custom descriptive weighted least-squares age-period-cohort summaries; not asserted equivalent to conventional NCI APC estimable functions.
China,Female,DALYs,population,50-54 years,52.0,2015-2019,2017.0,1965.0,935841.553733763,288313932.6058284,324.59116535766213,sensitivity_1990_2019,10-14 to 65-69,8,5,-3,8,325.0488414453333,Custom descriptive weighted least-squares age-period-cohort summaries; not asserted equivalent to conventional NCI APC estimable functions.
China,Female,DALYs,population,55-59 years,57.0,1990-1994,1992.0,1935.0,333334.33376141504,106609073.70772836,312.6697589318336,sensitivity_1990_2019,10-14 to 65-69,9,0,-9,2,311.99713346248836,Custom descriptive weighted least-squares age-period-cohort summaries; not asserted equivalent to conventional NCI APC estimable functions.
China,Female,DALYs,population,55-59 years,57.0,1995-1999,1997.0,1940.0,338009.02308226895,107855282.77103196,313.3912539081046,sensitivity_1990_2019,10-14 to 65-69,9,1,-8,3,312.855855471698,Custom descriptive weighted least-squares age-period-cohort summaries; not asserted equivalent to conventional NCI APC estimable functions.
China,Female,DALYs,population,55-59 years,57.0,2000-2004,2002.0,1945.0,390742.4174930763,124474456.51148033,313.9137365560925,sensitivity_1990_2019,10-14 to 65-69,9,2,-7,4,315.3867118463005,Custom descriptive weighted least-squares age-period-cohort summaries; not asserted equivalent to conventional NCI APC estimable functions.
China,Female,DALYs,population,55-59 years,57.0,2005-2009,2007.0,1950.0,536645.0004098625,169301519.91085172,316.9758905250473,sensitivity_1990_2019,10-14 to 65-69,9,3,-6,5,316.4252586637608,Custom descriptive weighted least-squares age-period-cohort summaries; not asserted equivalent to conventional NCI APC estimable functions.
China,Female,DALYs,population,55-59 years,57.0,2010-2014,2012.0,1955.0,651136.7700080606,204920200.95766452,317.7513817403401,sensitivity_1990_2019,10-14 to 65-69,9,4,-5,6,317.64818964428713,Custom descriptive weighted least-squares age-period-cohort summaries; not asserted equivalent to conventional NCI APC estimable functions.
China,Female,DALYs,population,55-59 years,57.0,2015-2019,2017.0,1960.0,645690.0901975571,202042804.24373806,319.5808396217947,sensitivity_1990_2019,10-14 to 65-69,9,5,-4,7,319.88502434452664,Custom descriptive weighted least-squares age-period-cohort summaries; not asserted equivalent to conventional NCI APC estimable functions.
China,Female,DALYs,population,60-64 years,62.0,1990-1994,1992.0,1930.0,271763.9752013008,90151613.01469097,301.45214945517904,sensitivity_1990_2019,10-14 to 65-69,10,0,-10,1,301.13858527888334,Custom descriptive weighted least-squares age-period-cohort summaries; not asserted equivalent to conventional NCI APC estimable functions.
China,Female,DALYs,population,60-64 years,62.0,1995-1999,1997.0,1935.0,302242.2557958461,99788653.27417868,302.8823878055626,sensitivity_1990_2019,10-14 to 65-69,10,1,-9,2,301.8117677253867,Custom descriptive weighted least-squares age-period-cohort summaries; not asserted equivalent to conventional NCI APC estimable functions.
China,Female,DALYs,population,60-64 years,62.0,2000-2004,2002.0,1940.0,308050.8472162712,102348814.25097004,300.9813542743135,sensitivity_1990_2019,10-14 to 65-69,10,2,-8,3,302.4511143323207,Custom descriptive weighted least-squares age-period-cohort summaries; not asserted equivalent to conventional NCI APC estimable functions.
China,Female,DALYs,population,60-64 years,62.0,2005-2009,2007.0,1945.0,366616.2269184729,120853533.85350916,303.3558185918348,sensitivity_1990_2019,10-14 to 65-69,10,3,-7,4,303.29482051233526,Custom descriptive weighted least-squares age-period-cohort summaries; not asserted equivalent to conventional NCI APC estimable functions.
China,Female,DALYs,population,60-64 years,62.0,2010-2014,2012.0,1950.0,506638.2685180837,165531494.32460463,306.0675979427662,sensitivity_1990_2019,10-14 to 65-69,10,4,-6,5,305.7508195776621,Custom descriptive weighted least-squares age-period-cohort summaries; not asserted equivalent to conventional NCI APC estimable functions.
China,Female,DALYs,population,60-64 years,62.0,2015-2019,2017.0,1955.0,615638.6262256964,199923287.59692743,307.937426212652,sensitivity_1990_2019,10-14 to 65-69,10,5,-5,6,308.15979608570404,Custom descriptive weighted least-squares age-period-cohort summaries; not asserted equivalent to conventional NCI APC estimable functions.
China,Female,DALYs,population,65-69 years,67.0,1990-1994,1992.0,1925.0,197210.4106946247,72859011.7073278,270.6740128274211,sensitivity_1990_2019,10-14 to 65-69,11,0,-11,0,270.674012827422,Custom descriptive weighted least-squares age-period-cohort summaries; not asserted equivalent to conventional NCI APC estimable functions.
China,Female,DALYs,population,65-69 years,67.0,1995-1999,1997.0,1930.0,221741.58569642645,81232000.46936235,272.9731933415317,sensitivity_1990_2019,10-14 to 65-69,11,1,-10,1,273.2886583592335,Custom descriptive weighted least-squares age-period-cohort summaries; not asserted equivalent to conventional NCI APC estimable functions.
China,Female,DALYs,population,65-69 years,67.0,2000-2004,2002.0,1935.0,245772.46529331076,90368698.81440978,271.9663650331557,sensitivity_1990_2019,10-14 to 65-69,11,2,-9,2,273.7264139781498,Custom descriptive weighted least-squares age-period-cohort summaries; not asserted equivalent to conventional NCI APC estimable functions.
China,Female,DALYs,population,65-69 years,67.0,2005-2009,2007.0,1940.0,260447.67717979435,95202269.27211119,273.57297170655846,sensitivity_1990_2019,10-14 to 65-69,11,3,-8,3,272.86411793977027,Custom descriptive weighted least-squares age-period-cohort summaries; not asserted equivalent to conventional NCI APC estimable functions.
China,Female,DALYs,population,65-69 years,67.0,2010-2014,2012.0,1945.0,315907.46517018054,114647447.49927679,275.54688051138106,sensitivity_1990_2019,10-14 to 65-69,11,4,-7,4,274.9356882461512,Custom descriptive weighted least-squares age-period-cohort summaries; not asserted equivalent to conventional NCI APC estimable functions.
China,Female,DALYs,population,65-69 years,67.0,2015-2019,2017.0,1950.0,439756.0922136489,157856706.2720256,278.5792904204158,sensitivity_1990_2019,10-14 to 65-69,11,5,-6,5,278.27030307046704,Custom descriptive weighted least-squares age-period-cohort summaries; not asserted equivalent to conventional NCI APC estimable functions.
China,Female,Incidence,population,10-14 years,12.0,1990-1994,1992.0,1980.0,15784.881040228565,245079123.5302365,6.440728534056926,sensitivity_1990_2019,10-14 to 65-69,0,0,0,11,6.39559367448602,Custom descriptive weighted least-squares age-period-cohort summaries; not asserted equivalent to conventional NCI APC estimable functions.
China,Female,Incidence,population,10-14 years,12.0,1995-1999,1997.0,1985.0,17983.340819817342,280052727.6317071,6.421412486104028,sensitivity_1990_2019,10-14 to 65-69,0,1,1,12,6.409187304532924,Custom descriptive weighted least-squares age-period-cohort summaries; not asserted equivalent to conventional NCI APC estimable functions.
China,Female,Incidence,population,10-14 years,12.0,2000-2004,2002.0,1990.0,17636.015978892196,276532964.4717258,6.377545625557923,sensitivity_1990_2019,10-14 to 65-69,0,2,2,13,6.357268967143266,Custom descriptive weighted least-squares age-period-cohort summaries; not asserted equivalent to conventional NCI APC estimable functions.
China,Female,Incidence,population,10-14 years,12.0,2005-2009,2007.0,1995.0,12494.904628799371,202529402.7308478,6.169427480811031,sensitivity_1990_2019,10-14 to 65-69,0,3,3,14,6.221872816272228,Custom descriptive weighted least-squares age-period-cohort summaries; not asserted equivalent to conventional NCI APC estimable functions.
China,Female,Incidence,population,10-14 years,12.0,2010-2014,2012.0,2000.0,10209.585328366506,167611520.93602276,6.091219309598354,sensitivity_1990_2019,10-14 to 65-69,0,4,4,15,6.143167066165752,Custom descriptive weighted least-squares age-period-cohort summaries; not asserted equivalent to conventional NCI APC estimable functions.
China,Female,Incidence,population,10-14 years,12.0,2015-2019,2017.0,2005.0,10994.502859975693,179418689.3843522,6.127847047429478,sensitivity_1990_2019,10-14 to 65-69,0,5,5,16,6.127847047429471,Custom descriptive weighted least-squares age-period-cohort summaries; not asserted equivalent to conventional NCI APC estimable functions.
China,Female,Incidence,population,15-19 years,17.0,1990-1994,1992.0,1975.0,75526.76008670358,280919087.07978284,26.885592172401402,sensitivity_1990_2019,10-14 to 65-69,1,0,-1,10,26.82416988666346,Custom descriptive weighted least-squares age-period-cohort summaries; not asserted equivalent to conventional NCI APC estimable functions.
China,Female,Incidence,population,15-19 years,17.0,1995-1999,1997.0,1980.0,65426.058957198344,240302492.99765885,27.22654190601167,sensitivity_1990_2019,10-14 to 65-69,1,1,0,11,27.068276862185417,Custom descriptive weighted least-squares age-period-cohort summaries; not asserted equivalent to conventional NCI APC estimable functions.
China,Female,Incidence,population,15-19 years,17.0,2000-2004,2002.0,1985.0,77130.5779001484,283934455.3254102,27.164923613004618,sensitivity_1990_2019,10-14 to 65-69,1,2,1,12,27.12135022865714,Custom descriptive weighted least-squares age-period-cohort summaries; not asserted equivalent to conventional NCI APC estimable functions.
China,Female,Incidence,population,15-19 years,17.0,2005-2009,2007.0,1990.0,77620.3610059928,291983271.2459099,26.583838407858824,sensitivity_1990_2019,10-14 to 65-69,1,3,2,13,26.867849224666163,Custom descriptive weighted least-squares age-period-cohort summaries; not asserted equivalent to conventional NCI APC estimable functions.
China,Female,Incidence,population,15-19 years,17.0,2010-2014,2012.0,1995.0,55622.67545797527,212391895.75578415,26.188699554681797,sensitivity_1990_2019,10-14 to 65-69,1,4,3,14,26.289972752158157,Custom descriptive weighted least-squares age-period-cohort summaries; not asserted equivalent to conventional NCI APC estimable functions.
China,Female,Incidence,population,15-19 years,17.0,2015-2019,2017.0,2000.0,45059.80557975836,171699978.1392166,26.24333798296892,sensitivity_1990_2019,10-14 to 65-69,1,5,4,15,26.02668183393636,Custom descriptive weighted least-squares age-period-cohort summaries; not asserted equivalent to conventional NCI APC estimable functions.
China,Female,Incidence,population,20-24 years,22.0,1990-1994,1992.0,1970.0,131018.04753616842,312630018.0155027,41.9083389265811,sensitivity_1990_2019,10-14 to 65-69,2,0,-2,9,41.90901692889179,Custom descriptive weighted least-squares age-period-cohort summaries; not asserted equivalent to conventional NCI APC estimable functions.
China,Female,Incidence,population,20-24 years,22.0,1995-1999,1997.0,1975.0,112061.87527647358,265570395.79291472,42.196674422949116,sensitivity_1990_2019,10-14 to 65-69,2,1,-1,10,42.23025805847198,Custom descriptive weighted least-squares age-period-cohort summaries; not asserted equivalent to conventional NCI APC estimable functions.
China,Female,Incidence,population,20-24 years,22.0,2000-2004,2002.0,1980.0,98662.45687682336,232552258.59371722,42.42592932592953,sensitivity_1990_2019,10-14 to 65-69,2,2,0,11,42.607558783505986,Custom descriptive weighted least-squares age-period-cohort summaries; not asserted equivalent to conventional NCI APC estimable functions.
China,Female,Incidence,population,20-24 years,22.0,2005-2009,2007.0,1985.0,120938.77474164008,285115436.90724885,42.4174769537234,sensitivity_1990_2019,10-14 to 65-69,2,3,1,12,42.63745970225837,Custom descriptive weighted least-squares age-period-cohort summaries; not asserted equivalent to conventional NCI APC estimable functions.
China,Female,Incidence,population,20-24 years,22.0,2010-2014,2012.0,1990.0,123705.19532213858,292782508.424566,42.25156618398556,sensitivity_1990_2019,10-14 to 65-69,2,4,2,13,42.229856718504394,Custom descriptive weighted least-squares age-period-cohort summaries; not asserted equivalent to conventional NCI APC estimable functions.
China,Female,Incidence,population,20-24 years,22.0,2015-2019,2017.0,1995.0,87257.38990463983,208054988.43237755,41.939580762804155,sensitivity_1990_2019,10-14 to 65-69,2,5,3,14,41.43184863861054,Custom descriptive weighted least-squares age-period-cohort summaries; not asserted equivalent to conventional NCI APC estimable functions.
China,Female,Incidence,population,25-29 years,27.0,1990-1994,1992.0,1965.0,100654.29132200801,298682181.84143275,33.699462988202065,sensitivity_1990_2019,10-14 to 65-69,3,0,-3,8,33.70545193675477,Custom descriptive weighted least-squares age-period-cohort summaries; not asserted equivalent to conventional NCI APC estimable functions.
China,Female,Incidence,population,25-29 years,27.0,1995-1999,1997.0,1970.0,102366.79928786898,304889902.50322443,33.575004763165744,sensitivity_1990_2019,10-14 to 65-69,3,1,-2,9,33.84209653619157,Custom descriptive weighted least-squares age-period-cohort summaries; not asserted equivalent to conventional NCI APC estimable functions.
China,Female,Incidence,population,25-29 years,27.0,2000-2004,2002.0,1975.0,90507.33916828733,265623632.56046122,34.073526627073015,sensitivity_1990_2019,10-14 to 65-69,3,2,-1,10,34.09589691027802,Custom descriptive weighted least-squares age-period-cohort summaries; not asserted equivalent to conventional NCI APC estimable functions.
China,Female,Incidence,population,25-29 years,27.0,2005-2009,2007.0,1980.0,80647.82016746773,235019460.63889432,34.31537964908468,sensitivity_1990_2019,10-14 to 65-69,3,3,0,11,34.357298562067754,Custom descriptive weighted least-squares age-period-cohort summaries; not asserted equivalent to conventional NCI APC estimable functions.
China,Female,Incidence,population,25-29 years,27.0,2010-2014,2012.0,1985.0,98380.1675791779,285345339.1773946,34.47757999580169,sensitivity_1990_2019,10-14 to 65-69,3,4,1,12,34.37402349150497,Custom descriptive weighted least-squares age-period-cohort summaries; not asserted equivalent to conventional NCI APC estimable functions.
China,Female,Incidence,population,25-29 years,27.0,2015-2019,2017.0,1990.0,96570.13612018945,280816476.2742032,34.38905629806905,sensitivity_1990_2019,10-14 to 65-69,3,5,2,13,34.13627475490561,Custom descriptive weighted least-squares age-period-cohort summaries; not asserted equivalent to conventional NCI APC estimable functions.
China,Female,Incidence,population,30-34 years,32.0,1990-1994,1992.0,1960.0,58576.31467163353,221065184.52725402,26.497304311802186,sensitivity_1990_2019,10-14 to 65-69,4,0,-4,7,26.560157505130842,Custom descriptive weighted least-squares age-period-cohort summaries; not asserted equivalent to conventional NCI APC estimable functions.
China,Female,Incidence,population,30-34 years,32.0,1995-1999,1997.0,1965.0,79026.37926909076,298716963.7855472,26.455269987888876,sensitivity_1990_2019,10-14 to 65-69,4,1,-3,8,26.604403750044508,Custom descriptive weighted least-squares age-period-cohort summaries; not asserted equivalent to conventional NCI APC estimable functions.
China,Female,Incidence,population,30-34 years,32.0,2000-2004,2002.0,1970.0,81994.4603852544,304892510.79074335,26.892907330718135,sensitivity_1990_2019,10-14 to 65-69,4,2,-2,9,26.707868726707282,Custom descriptive weighted least-squares age-period-cohort summaries; not asserted equivalent to conventional NCI APC estimable functions.
China,Female,Incidence,population,30-34 years,32.0,2005-2009,2007.0,1975.0,72607.2991762613,268996686.9847224,26.991893465358928,sensitivity_1990_2019,10-14 to 65-69,4,3,-1,10,26.874355964054814,Custom descriptive weighted least-squares age-period-cohort summaries; not asserted equivalent to conventional NCI APC estimable functions.
China,Female,Incidence,population,30-34 years,32.0,2010-2014,2012.0,1980.0,63860.345487683124,236570316.2267984,26.994234317402963,sensitivity_1990_2019,10-14 to 65-69,4,4,0,11,27.07457483158446,Custom descriptive weighted least-squares age-period-cohort summaries; not asserted equivalent to conventional NCI APC estimable functions.
China,Female,Incidence,population,30-34 years,32.0,2015-2019,2017.0,1985.0,76093.73204420783,280540680.1911037,27.12395649442817,sensitivity_1990_2019,10-14 to 65-69,4,5,1,12,27.160044421073927,Custom descriptive weighted least-squares age-period-cohort summaries; not asserted equivalent to conventional NCI APC estimable functions.
China,Female,Incidence,population,35-39 years,37.0,1990-1994,1992.0,1955.0,51577.70907931598,224453444.5015109,22.97924596072251,sensitivity_1990_2019,10-14 to 65-69,5,0,-5,6,23.02794197505713,Custom descriptive weighted least-squares age-period-cohort summaries; not asserted equivalent to conventional NCI APC estimable functions.
China,Female,Incidence,population,35-39 years,37.0,1995-1999,1997.0,1960.0,49701.69988678384,215851019.31152102,23.0259278113731,sensitivity_1990_2019,10-14 to 65-69,5,1,-4,7,22.978747103785604,Custom descriptive weighted least-squares age-period-cohort summaries; not asserted equivalent to conventional NCI APC estimable functions.
China,Female,Incidence,population,35-39 years,37.0,2000-2004,2002.0,1965.0,68252.99721664425,295795904.10054374,23.074355077426773,sensitivity_1990_2019,10-14 to 65-69,5,2,-3,8,23.013243199098493,Custom descriptive weighted least-squares age-period-cohort summaries; not asserted equivalent to conventional NCI APC estimable functions.
China,Female,Incidence,population,35-39 years,37.0,2005-2009,2007.0,1970.0,70315.71703802646,304161082.2553149,23.117920450783696,sensitivity_1990_2019,10-14 to 65-69,5,3,-2,9,23.073713879089112,Custom descriptive weighted least-squares age-period-cohort summaries; not asserted equivalent to conventional NCI APC estimable functions.
China,Female,Incidence,population,35-39 years,37.0,2010-2014,2012.0,1975.0,61831.55865691359,266564280.18735218,23.195740484605015,sensitivity_1990_2019,10-14 to 65-69,5,4,-1,10,23.21255927467861,Custom descriptive weighted least-squares age-period-cohort summaries; not asserted equivalent to conventional NCI APC estimable functions.
China,Female,Incidence,population,35-39 years,37.0,2015-2019,2017.0,1980.0,53684.55892765774,230090647.29150218,23.331917033396273,sensitivity_1990_2019,10-14 to 65-69,5,5,0,11,23.44790661600962,Custom descriptive weighted least-squares age-period-cohort summaries; not asserted equivalent to conventional NCI APC estimable functions.
China,Female,Incidence,population,40-44 years,42.0,1990-1994,1992.0,1950.0,39420.867033356146,182100860.99572834,21.647820234238687,sensitivity_1990_2019,10-14 to 65-69,6,0,-6,5,21.686020499862515,Custom descriptive weighted least-squares age-period-cohort summaries; not asserted equivalent to conventional NCI APC estimable functions.
China,Female,Incidence,population,40-44 years,42.0,1995-1999,1997.0,1955.0,47090.79691267111,216779649.485558,21.722886361530133,sensitivity_1990_2019,10-14 to 65-69,6,1,-5,6,21.649937265329758,Custom descriptive weighted least-squares age-period-cohort summaries; not asserted equivalent to conventional NCI APC estimable functions.
China,Female,Incidence,population,40-44 years,42.0,2000-2004,2002.0,1960.0,45062.10809680208,209020984.66233623,21.55865267288729,sensitivity_1990_2019,10-14 to 65-69,6,2,-4,7,21.600134669300928,Custom descriptive weighted least-squares age-period-cohort summaries; not asserted equivalent to conventional NCI APC estimable functions.
China,Female,Incidence,population,40-44 years,42.0,2005-2009,2007.0,1965.0,63119.88931232456,291712768.34614336,21.63768479185222,sensitivity_1990_2019,10-14 to 65-69,6,3,-3,8,21.605380213098183,Custom descriptive weighted least-squares age-period-cohort summaries; not asserted equivalent to conventional NCI APC estimable functions.
China,Female,Incidence,population,40-44 years,42.0,2010-2014,2012.0,1970.0,65216.094523676285,300328319.8259119,21.714933364086146,sensitivity_1990_2019,10-14 to 65-69,6,4,-2,9,21.657497843023847,Custom descriptive weighted least-squares age-period-cohort summaries; not asserted equivalent to conventional NCI APC estimable functions.
China,Female,Incidence,population,40-44 years,42.0,2015-2019,2017.0,1975.0,56726.11125989499,260898678.308772,21.742582840055626,sensitivity_1990_2019,10-14 to 65-69,6,5,-1,10,21.845966966887588,Custom descriptive weighted least-squares age-period-cohort summaries; not asserted equivalent to conventional NCI APC estimable functions.
China,Female,Incidence,population,45-49 years,47.0,1990-1994,1992.0,1945.0,29989.28739553165,134287382.123747,22.332170693368838,sensitivity_1990_2019,10-14 to 65-69,7,0,-7,4,22.363435522426066,Custom descriptive weighted least-squares age-period-cohort summaries; not asserted equivalent to conventional NCI APC estimable functions.
China,Female,Incidence,population,45-49 years,47.0,1995-1999,1997.0,1950.0,40057.94930814498,177811637.42206714,22.52830573347705,sensitivity_1990_2019,10-14 to 65-69,7,1,-6,5,22.492285459546387,Custom descriptive weighted least-squares age-period-cohort summaries; not asserted equivalent to conventional NCI APC estimable functions.
China,Female,Incidence,population,45-49 years,47.0,2000-2004,2002.0,1955.0,47216.1954216667,211118526.33650923,22.364780694995545,sensitivity_1990_2019,10-14 to 65-69,7,2,-5,6,22.45116918266362,Custom descriptive weighted least-squares age-period-cohort summaries; not asserted equivalent to conventional NCI APC estimable functions.
China,Female,Incidence,population,45-49 years,47.0,2005-2009,2007.0,1960.0,46476.77911225744,207022121.63501763,22.450151097473793,sensitivity_1990_2019,10-14 to 65-69,7,3,-4,7,22.37137883683041,Custom descriptive weighted least-squares age-period-cohort summaries; not asserted equivalent to conventional NCI APC estimable functions.
China,Female,Incidence,population,45-49 years,47.0,2010-2014,2012.0,1965.0,65185.28143303312,290316584.45165896,22.45317178698319,sensitivity_1990_2019,10-14 to 65-69,7,4,-3,8,22.372004461905906,Custom descriptive weighted least-squares age-period-cohort summaries; not asserted equivalent to conventional NCI APC estimable functions.
China,Female,Incidence,population,45-49 years,47.0,2015-2019,2017.0,1970.0,66690.09396692284,297647234.7437862,22.40574955259687,sensitivity_1990_2019,10-14 to 65-69,7,5,-2,9,22.485820198887925,Custom descriptive weighted least-squares age-period-cohort summaries; not asserted equivalent to conventional NCI APC estimable functions.
China,Female,Incidence,population,50-54 years,52.0,1990-1994,1992.0,1940.0,26346.236820196304,113747090.32353114,23.162119352028817,sensitivity_1990_2019,10-14 to 65-69,8,0,-8,3,23.262768788059244,Custom descriptive weighted least-squares age-period-cohort summaries; not asserted equivalent to conventional NCI APC estimable functions.
China,Female,Incidence,population,50-54 years,52.0,1995-1999,1997.0,1945.0,30206.282940113168,130329648.77108052,23.17683138482898,sensitivity_1990_2019,10-14 to 65-69,8,1,-7,4,23.135878396899134,Custom descriptive weighted least-squares age-period-cohort summaries; not asserted equivalent to conventional NCI APC estimable functions.
China,Female,Incidence,population,50-54 years,52.0,2000-2004,2002.0,1950.0,40382.88293631837,174223134.69098723,23.178829268537676,sensitivity_1990_2019,10-14 to 65-69,8,2,-6,5,23.265353493122987,Custom descriptive weighted least-squares age-period-cohort summaries; not asserted equivalent to conventional NCI APC estimable functions.
China,Female,Incidence,population,50-54 years,52.0,2005-2009,2007.0,1955.0,48866.18745020246,209638862.88918304,23.309698772805096,sensitivity_1990_2019,10-14 to 65-69,8,3,-5,6,23.193644941392858,Custom descriptive weighted least-squares age-period-cohort summaries; not asserted equivalent to conventional NCI APC estimable functions.
China,Female,Incidence,population,50-54 years,52.0,2010-2014,2012.0,1960.0,47788.027968045164,206413305.00947642,23.151621919842434,sensitivity_1990_2019,10-14 to 65-69,8,4,-4,7,23.10625088762372,Custom descriptive weighted least-squares age-period-cohort summaries; not asserted equivalent to conventional NCI APC estimable functions.
China,Female,Incidence,population,50-54 years,52.0,2015-2019,2017.0,1965.0,66673.34046659914,288313932.6058284,23.125257896486165,sensitivity_1990_2019,10-14 to 65-69,8,5,-3,8,23.168563084964802,Custom descriptive weighted least-squares age-period-cohort summaries; not asserted equivalent to conventional NCI APC estimable functions.
China,Female,Incidence,population,55-59 years,57.0,1990-1994,1992.0,1935.0,25586.313472827638,106609073.70772836,24.00012736530589,sensitivity_1990_2019,10-14 to 65-69,9,0,-9,2,24.03504485408665,Custom descriptive weighted least-squares age-period-cohort summaries; not asserted equivalent to conventional NCI APC estimable functions.
China,Female,Incidence,population,55-59 years,57.0,1995-1999,1997.0,1940.0,25939.65704479474,107855282.77103196,24.050427923741605,sensitivity_1990_2019,10-14 to 65-69,9,1,-8,3,24.01842067257427,Custom descriptive weighted least-squares age-period-cohort summaries; not asserted equivalent to conventional NCI APC estimable functions.
China,Female,Incidence,population,55-59 years,57.0,2000-2004,2002.0,1945.0,29584.284318744383,124474456.51148033,23.767353678717054,sensitivity_1990_2019,10-14 to 65-69,9,2,-7,4,23.88348145155138,Custom descriptive weighted least-squares age-period-cohort summaries; not asserted equivalent to conventional NCI APC estimable functions.
China,Female,Incidence,population,55-59 years,57.0,2005-2009,2007.0,1950.0,40877.701532220766,169301519.91085172,24.144911134729057,sensitivity_1990_2019,10-14 to 65-69,9,3,-6,5,23.986963212900662,Custom descriptive weighted least-squares age-period-cohort summaries; not asserted equivalent to conventional NCI APC estimable functions.
China,Female,Incidence,population,55-59 years,57.0,2010-2014,2012.0,1955.0,49029.573534064235,204920200.95766452,23.926178729540432,sensitivity_1990_2019,10-14 to 65-69,9,4,-5,6,23.907893273503877,Custom descriptive weighted least-squares age-period-cohort summaries; not asserted equivalent to conventional NCI APC estimable functions.
China,Female,Incidence,population,55-59 years,57.0,2015-2019,2017.0,1960.0,48095.66973194303,202042804.24373806,23.804693224274363,sensitivity_1990_2019,10-14 to 65-69,9,5,-4,7,23.881371168618024,Custom descriptive weighted least-squares age-period-cohort summaries; not asserted equivalent to conventional NCI APC estimable functions.
China,Female,Incidence,population,60-64 years,62.0,1990-1994,1992.0,1930.0,19261.423592296862,90151613.01469097,21.36558953100268,sensitivity_1990_2019,10-14 to 65-69,10,0,-10,1,21.401607042412845,Custom descriptive weighted least-squares age-period-cohort summaries; not asserted equivalent to conventional NCI APC estimable functions.
China,Female,Incidence,population,60-64 years,62.0,1995-1999,1997.0,1935.0,21358.520906179758,99788653.27417868,21.403757045899013,sensitivity_1990_2019,10-14 to 65-69,10,1,-9,2,21.320428796762076,Custom descriptive weighted least-squares age-period-cohort summaries; not asserted equivalent to conventional NCI APC estimable functions.
China,Female,Incidence,population,60-64 years,62.0,2000-2004,2002.0,1940.0,21727.60340559684,102348814.25097004,21.228974233466424,sensitivity_1990_2019,10-14 to 65-69,10,2,-8,3,21.302179636105045,Custom descriptive weighted least-squares age-period-cohort summaries; not asserted equivalent to conventional NCI APC estimable functions.
China,Female,Incidence,population,60-64 years,62.0,2005-2009,2007.0,1945.0,25737.44366443877,120853533.85350916,21.296393116345307,sensitivity_1990_2019,10-14 to 65-69,10,3,-7,4,21.155885218488834,Custom descriptive weighted least-squares age-period-cohort summaries; not asserted equivalent to conventional NCI APC estimable functions.
China,Female,Incidence,population,60-64 years,62.0,2010-2014,2012.0,1950.0,35154.92824824811,165531494.32460463,21.23760701350877,sensitivity_1990_2019,10-14 to 65-69,10,4,-6,5,21.24298430398361,Custom descriptive weighted least-squares age-period-cohort summaries; not asserted equivalent to conventional NCI APC estimable functions.
China,Female,Incidence,population,60-64 years,62.0,2015-2019,2017.0,1955.0,42306.32120874504,199923287.59692743,21.161277266528522,sensitivity_1990_2019,10-14 to 65-69,10,5,-5,6,21.229464406366212,Custom descriptive weighted least-squares age-period-cohort summaries; not asserted equivalent to conventional NCI APC estimable functions.
China,Female,Incidence,population,65-69 years,67.0,1990-1994,1992.0,1925.0,11105.947872050438,72859011.7073278,15.243066865445082,sensitivity_1990_2019,10-14 to 65-69,11,0,-11,0,15.243066865445083,Custom descriptive weighted least-squares age-period-cohort summaries; not asserted equivalent to conventional NCI APC estimable functions.
China,Female,Incidence,population,65-69 years,67.0,1995-1999,1997.0,1930.0,12426.892935246695,81232000.46936235,15.298026471641125,sensitivity_1990_2019,10-14 to 65-69,11,1,-10,1,15.269456557932727,Custom descriptive weighted least-squares age-period-cohort summaries; not asserted equivalent to conventional NCI APC estimable functions.
China,Female,Incidence,population,65-69 years,67.0,2000-2004,2002.0,1935.0,13708.626660152906,90368698.81440978,15.169662549093815,sensitivity_1990_2019,10-14 to 65-69,11,2,-9,2,15.20903739245256,Custom descriptive weighted least-squares age-period-cohort summaries; not asserted equivalent to conventional NCI APC estimable functions.
China,Female,Incidence,population,65-69 years,67.0,2005-2009,2007.0,1940.0,14555.699039094805,95202269.27211119,15.289235383130507,sensitivity_1990_2019,10-14 to 65-69,11,3,-8,3,15.176925713655066,Custom descriptive weighted least-squares age-period-cohort summaries; not asserted equivalent to conventional NCI APC estimable functions.
China,Female,Incidence,population,65-69 years,67.0,2010-2014,2012.0,1945.0,17241.234445819697,114647447.49927679,15.038480857524942,sensitivity_1990_2019,10-14 to 65-69,11,4,-7,4,15.069458896249772,Custom descriptive weighted least-squares age-period-cohort summaries; not asserted equivalent to conventional NCI APC estimable functions.
China,Female,Incidence,population,65-69 years,67.0,2015-2019,2017.0,1950.0,23891.708755638672,157856706.2720256,15.135060980220524,sensitivity_1990_2019,10-14 to 65-69,11,5,-6,5,15.171881933199817,Custom descriptive weighted least-squares age-period-cohort summaries; not asserted equivalent to conventional NCI APC estimable functions.
China,Female,Prevalence,population,10-14 years,12.0,1990-1994,1992.0,1980.0,25794.419131986666,245079123.5302365,10.524935278220177,sensitivity_1990_2019,10-14 to 65-69,0,0,0,11,10.524022920638116,Custom descriptive weighted least-squares age-period-cohort summaries; not asserted equivalent to conventional NCI APC estimable functions.
China,Female,Prevalence,population,10-14 years,12.0,1995-1999,1997.0,1985.0,29388.7919461988,280052727.6317071,10.494020963383559,sensitivity_1990_2019,10-14 to 65-69,0,1,1,12,10.517728432430488,Custom descriptive weighted least-squares age-period-cohort summaries; not asserted equivalent to conventional NCI APC estimable functions.
China,Female,Prevalence,population,10-14 years,12.0,2000-2004,2002.0,1990.0,28821.129551150112,276532964.4717258,10.422312437943338,sensitivity_1990_2019,10-14 to 65-69,0,2,2,13,10.369209988468281,Custom descriptive weighted least-squares age-period-cohort summaries; not asserted equivalent to conventional NCI APC estimable functions.
China,Female,Prevalence,population,10-14 years,12.0,2005-2009,2007.0,1995.0,20415.910852409754,202529402.7308478,10.080467614641393,sensitivity_1990_2019,10-14 to 65-69,0,3,3,14,10.078173722428653,Custom descriptive weighted least-squares age-period-cohort summaries; not asserted equivalent to conventional NCI APC estimable functions.
China,Female,Prevalence,population,10-14 years,12.0,2010-2014,2012.0,2000.0,16686.46024358885,167611520.93602276,9.955437520287202,sensitivity_1990_2019,10-14 to 65-69,0,4,4,15,10.005928734039177,Custom descriptive weighted least-squares age-period-cohort summaries; not asserted equivalent to conventional NCI APC estimable functions.
China,Female,Prevalence,population,10-14 years,12.0,2015-2019,2017.0,2005.0,17973.023921129578,179418689.3843522,10.017364402115108,sensitivity_1990_2019,10-14 to 65-69,0,5,5,16,10.017364402115119,Custom descriptive weighted least-squares age-period-cohort summaries; not asserted equivalent to conventional NCI APC estimable functions.
China,Female,Prevalence,population,15-19 years,17.0,1990-1994,1992.0,1975.0,222748.61274868157,280919087.07978284,79.29280102117787,sensitivity_1990_2019,10-14 to 65-69,1,0,-1,10,79.15435611941966,Custom descriptive weighted least-squares age-period-cohort summaries; not asserted equivalent to conventional NCI APC estimable functions.
China,Female,Prevalence,population,15-19 years,17.0,1995-1999,1997.0,1980.0,191218.97863422072,240302492.99765885,79.57428000386317,sensitivity_1990_2019,10-14 to 65-69,1,1,0,11,79.4172010355424,Custom descriptive weighted least-squares age-period-cohort summaries; not asserted equivalent to conventional NCI APC estimable functions.
China,Female,Prevalence,population,15-19 years,17.0,2000-2004,2002.0,1985.0,226561.69850283407,283934455.3254102,79.79366161925553,sensitivity_1990_2019,10-14 to 65-69,1,2,1,12,79.4686097538298,Custom descriptive weighted least-squares age-period-cohort summaries; not asserted equivalent to conventional NCI APC estimable functions.
China,Female,Prevalence,population,15-19 years,17.0,2005-2009,2007.0,1990.0,226485.60454525193,291983271.2459099,77.56800709123658,sensitivity_1990_2019,10-14 to 65-69,1,3,2,13,77.95958353252838,Custom descriptive weighted least-squares age-period-cohort summaries; not asserted equivalent to conventional NCI APC estimable functions.
China,Female,Prevalence,population,15-19 years,17.0,2010-2014,2012.0,1995.0,160729.68195873284,212391895.75578415,75.67599572798466,sensitivity_1990_2019,10-14 to 65-69,1,4,3,14,76.21320661484057,Custom descriptive weighted least-squares age-period-cohort summaries; not asserted equivalent to conventional NCI APC estimable functions.
China,Female,Prevalence,population,15-19 years,17.0,2015-2019,2017.0,2000.0,130923.62830559968,171699978.1392166,76.25139486007686,sensitivity_1990_2019,10-14 to 65-69,1,5,4,15,75.87575993797053,Custom descriptive weighted least-squares age-period-cohort summaries; not asserted equivalent to conventional NCI APC estimable functions.
China,Female,Prevalence,population,20-24 years,22.0,1990-1994,1992.0,1970.0,754394.7136327369,312630018.0155027,241.3059111922285,sensitivity_1990_2019,10-14 to 65-69,2,0,-2,9,241.87959845637317,Custom descriptive weighted least-squares age-period-cohort summaries; not asserted equivalent to conventional NCI APC estimable functions.
China,Female,Prevalence,population,20-24 years,22.0,1995-1999,1997.0,1975.0,644616.83201788,265570395.79291472,242.7291754765228,sensitivity_1990_2019,10-14 to 65-69,2,1,-1,10,242.1840446942079,Custom descriptive weighted least-squares age-period-cohort summaries; not asserted equivalent to conventional NCI APC estimable functions.
China,Female,Prevalence,population,20-24 years,22.0,2000-2004,2002.0,1980.0,565532.9408375062,232552258.59371722,243.1853142417878,sensitivity_1990_2019,10-14 to 65-69,2,2,0,11,243.29106252507347,Custom descriptive weighted least-squares age-period-cohort summaries; not asserted equivalent to conventional NCI APC estimable functions.
China,Female,Prevalence,population,20-24 years,22.0,2005-2009,2007.0,1985.0,688981.3630704606,285115436.90724885,241.64996835811235,sensitivity_1990_2019,10-14 to 65-69,2,3,1,12,242.24642262044023,Custom descriptive weighted least-squares age-period-cohort summaries; not asserted equivalent to conventional NCI APC estimable functions.
China,Female,Prevalence,population,20-24 years,22.0,2010-2014,2012.0,1990.0,698632.5204584487,292782508.424566,238.6182577018422,sensitivity_1990_2019,10-14 to 65-69,2,4,2,13,239.0318764726964,Custom descriptive weighted least-squares age-period-cohort summaries; not asserted equivalent to conventional NCI APC estimable functions.
China,Female,Prevalence,population,20-24 years,22.0,2015-2019,2017.0,1995.0,490943.87606433185,208054988.43237755,235.96832729819377,sensitivity_1990_2019,10-14 to 65-69,2,5,3,14,234.3223958144268,Custom descriptive weighted least-squares age-period-cohort summaries; not asserted equivalent to conventional NCI APC estimable functions.
China,Female,Prevalence,population,25-29 years,27.0,1990-1994,1992.0,1965.0,1131372.6799238888,298682181.84143275,378.7881396033603,sensitivity_1990_2019,10-14 to 65-69,3,0,-3,8,379.03185868503357,Custom descriptive weighted least-squares age-period-cohort summaries; not asserted equivalent to conventional NCI APC estimable functions.
China,Female,Prevalence,population,25-29 years,27.0,1995-1999,1997.0,1970.0,1153998.2321219817,304889902.50322443,378.496704104452,sensitivity_1990_2019,10-14 to 65-69,3,1,-2,9,378.5059208393334,Custom descriptive weighted least-squares age-period-cohort summaries; not asserted equivalent to conventional NCI APC estimable functions.
China,Female,Prevalence,population,25-29 years,27.0,2000-2004,2002.0,1975.0,1006204.975558898,265623632.56046122,378.8085291431536,sensitivity_1990_2019,10-14 to 65-69,3,2,-1,10,379.4546132983501,Custom descriptive weighted least-squares age-period-cohort summaries; not asserted equivalent to conventional NCI APC estimable functions.
China,Female,Prevalence,population,25-29 years,27.0,2005-2009,2007.0,1980.0,890650.3091501631,235019460.63889432,378.96874868530176,sensitivity_1990_2019,10-14 to 65-69,3,3,0,11,379.30681252078574,Custom descriptive weighted least-squares age-period-cohort summaries; not asserted equivalent to conventional NCI APC estimable functions.
China,Female,Prevalence,population,25-29 years,27.0,2010-2014,2012.0,1985.0,1085098.5492451687,285345339.1773946,380.2755469471959,sensitivity_1990_2019,10-14 to 65-69,3,4,1,12,379.8799862723229,Custom descriptive weighted least-squares age-period-cohort summaries; not asserted equivalent to conventional NCI APC estimable functions.
China,Female,Prevalence,population,25-29 years,27.0,2015-2019,2017.0,1990.0,1057640.7174897848,280816476.2742032,376.6305779213082,sensitivity_1990_2019,10-14 to 65-69,3,5,2,13,375.87385332308367,Custom descriptive weighted least-squares age-period-cohort summaries; not asserted equivalent to conventional NCI APC estimable functions.
China,Female,Prevalence,population,30-34 years,32.0,1990-1994,1992.0,1960.0,999503.3082334332,221065184.52725402,452.1305832806113,sensitivity_1990_2019,10-14 to 65-69,4,0,-4,7,451.91771485459043,Custom descriptive weighted least-squares age-period-cohort summaries; not asserted equivalent to conventional NCI APC estimable functions.
China,Female,Prevalence,population,30-34 years,32.0,1995-1999,1997.0,1965.0,1348793.3565166108,298716963.7855472,451.52887851555937,sensitivity_1990_2019,10-14 to 65-69,4,1,-3,8,452.24828235814044,Custom descriptive weighted least-squares age-period-cohort summaries; not asserted equivalent to conventional NCI APC estimable functions.
China,Female,Prevalence,population,30-34 years,32.0,2000-2004,2002.0,1970.0,1379655.9453353726,304892510.79074335,452.5056852846972,sensitivity_1990_2019,10-14 to 65-69,4,2,-2,9,452.18354998310934,Custom descriptive weighted least-squares age-period-cohort summaries; not asserted equivalent to conventional NCI APC estimable functions.
China,Female,Prevalence,population,30-34 years,32.0,2005-2009,2007.0,1975.0,1213675.654458797,268996686.9847224,451.1860975178953,sensitivity_1990_2019,10-14 to 65-69,4,3,-1,10,451.0784687487557,Custom descriptive weighted least-squares age-period-cohort summaries; not asserted equivalent to conventional NCI APC estimable functions.
China,Female,Prevalence,population,30-34 years,32.0,2010-2014,2012.0,1980.0,1073879.6170809239,236570316.2267984,453.9367551300911,sensitivity_1990_2019,10-14 to 65-69,4,4,0,11,453.5315003660503,Custom descriptive weighted least-squares age-period-cohort summaries; not asserted equivalent to conventional NCI APC estimable functions.
China,Female,Prevalence,population,30-34 years,32.0,2015-2019,2017.0,1985.0,1277229.0407107752,280540680.1911037,455.2740942385716,sensitivity_1990_2019,10-14 to 65-69,4,5,1,12,455.4707388344883,Custom descriptive weighted least-squares age-period-cohort summaries; not asserted equivalent to conventional NCI APC estimable functions.
China,Female,Prevalence,population,35-39 years,37.0,1990-1994,1992.0,1955.0,1094951.3363095534,224453444.5015109,487.83004366064995,sensitivity_1990_2019,10-14 to 65-69,5,0,-5,6,487.86220502087536,Custom descriptive weighted least-squares age-period-cohort summaries; not asserted equivalent to conventional NCI APC estimable functions.
China,Female,Prevalence,population,35-39 years,37.0,1995-1999,1997.0,1960.0,1053767.708591821,215851019.31152102,488.19213916752454,sensitivity_1990_2019,10-14 to 65-69,5,1,-4,7,488.73787486900005,Custom descriptive weighted least-squares age-period-cohort summaries; not asserted equivalent to conventional NCI APC estimable functions.
China,Female,Prevalence,population,35-39 years,37.0,2000-2004,2002.0,1965.0,1449463.5115621234,295795904.10054374,490.02149504728686,sensitivity_1990_2019,10-14 to 65-69,5,2,-3,8,489.7048747597516,Custom descriptive weighted least-squares age-period-cohort summaries; not asserted equivalent to conventional NCI APC estimable functions.
China,Female,Prevalence,population,35-39 years,37.0,2005-2009,2007.0,1970.0,1484489.7959375645,304161082.2553149,488.06040040700327,sensitivity_1990_2019,10-14 to 65-69,5,3,-2,9,487.21700617041313,Custom descriptive weighted least-squares age-period-cohort summaries; not asserted equivalent to conventional NCI APC estimable functions.
China,Female,Prevalence,population,35-39 years,37.0,2010-2014,2012.0,1975.0,1302809.9112086296,266564280.18735218,488.74136860833795,sensitivity_1990_2019,10-14 to 65-69,5,4,-1,10,488.8598056302894,Custom descriptive weighted least-squares age-period-cohort summaries; not asserted equivalent to conventional NCI APC estimable functions.
China,Female,Prevalence,population,35-39 years,37.0,2015-2019,2017.0,1980.0,1132106.116928038,230090647.29150218,492.02613415823504,sensitivity_1990_2019,10-14 to 65-69,5,5,0,11,492.8751746935364,Custom descriptive weighted least-squares age-period-cohort summaries; not asserted equivalent to conventional NCI APC estimable functions.
China,Female,Prevalence,population,40-44 years,42.0,1990-1994,1992.0,1950.0,914040.3106204218,182100860.99572834,501.9417841422853,sensitivity_1990_2019,10-14 to 65-69,6,0,-6,5,502.1753019042593,Custom descriptive weighted least-squares age-period-cohort summaries; not asserted equivalent to conventional NCI APC estimable functions.
China,Female,Prevalence,population,40-44 years,42.0,1995-1999,1997.0,1955.0,1090149.583407105,216779649.485558,502.88372824393343,sensitivity_1990_2019,10-14 to 65-69,6,1,-5,6,503.09530668164865,Custom descriptive weighted least-squares age-period-cohort summaries; not asserted equivalent to conventional NCI APC estimable functions.
China,Female,Prevalence,population,40-44 years,42.0,2000-2004,2002.0,1960.0,1054624.1433180412,209020984.66233623,504.55419345657464,sensitivity_1990_2019,10-14 to 65-69,6,2,-4,7,504.62638959135586,Custom descriptive weighted least-squares age-period-cohort summaries; not asserted equivalent to conventional NCI APC estimable functions.
China,Female,Prevalence,population,40-44 years,42.0,2005-2009,2007.0,1965.0,1469642.227373199,291712768.34614336,503.79770337283855,sensitivity_1990_2019,10-14 to 65-69,6,3,-3,8,503.12809358792686,Custom descriptive weighted least-squares age-period-cohort summaries; not asserted equivalent to conventional NCI APC estimable functions.
China,Female,Prevalence,population,40-44 years,42.0,2010-2014,2012.0,1970.0,1514405.349477206,300328319.8259119,504.2499323257444,sensitivity_1990_2019,10-14 to 65-69,6,4,-2,9,503.4903291301782,Custom descriptive weighted least-squares age-period-cohort summaries; not asserted equivalent to conventional NCI APC estimable functions.
China,Female,Prevalence,population,40-44 years,42.0,2015-2019,2017.0,1975.0,1318454.7305762693,260898678.308772,505.35124942867134,sensitivity_1990_2019,10-14 to 65-69,6,5,-1,10,506.5826122927806,Custom descriptive weighted least-squares age-period-cohort summaries; not asserted equivalent to conventional NCI APC estimable functions.
China,Female,Prevalence,population,45-49 years,47.0,1990-1994,1992.0,1945.0,679255.1165191849,134287382.123747,505.82199591413985,sensitivity_1990_2019,10-14 to 65-69,7,0,-7,4,505.82558031006033,Custom descriptive weighted least-squares age-period-cohort summaries; not asserted equivalent to conventional NCI APC estimable functions.
China,Female,Prevalence,population,45-49 years,47.0,1995-1999,1997.0,1950.0,905532.5165950556,177811637.42206714,509.2650457099246,sensitivity_1990_2019,10-14 to 65-69,7,1,-6,5,509.3791110692835,Custom descriptive weighted least-squares age-period-cohort summaries; not asserted equivalent to conventional NCI APC estimable functions.
China,Female,Prevalence,population,45-49 years,47.0,2000-2004,2002.0,1955.0,1077082.946603404,211118526.33650923,510.17926531307995,sensitivity_1990_2019,10-14 to 65-69,7,2,-5,6,510.94825284094867,Custom descriptive weighted least-squares age-period-cohort summaries; not asserted equivalent to conventional NCI APC estimable functions.
China,Female,Prevalence,population,45-49 years,47.0,2005-2009,2007.0,1960.0,1056971.8512365115,207022121.63501763,510.5598584773298,sensitivity_1990_2019,10-14 to 65-69,7,3,-4,7,509.97253746535364,Custom descriptive weighted least-squares age-period-cohort summaries; not asserted equivalent to conventional NCI APC estimable functions.
China,Female,Prevalence,population,45-49 years,47.0,2010-2014,2012.0,1965.0,1487645.3740048683,290316584.45165896,512.4217677108206,sensitivity_1990_2019,10-14 to 65-69,7,4,-3,8,511.4226435714387,Custom descriptive weighted least-squares age-period-cohort summaries; not asserted equivalent to conventional NCI APC estimable functions.
China,Female,Prevalence,population,45-49 years,47.0,2015-2019,2017.0,1970.0,1525248.6641363197,297647234.7437862,512.4350190752649,sensitivity_1990_2019,10-14 to 65-69,7,5,-2,9,513.2036919073034,Custom descriptive weighted least-squares age-period-cohort summaries; not asserted equivalent to conventional NCI APC estimable functions.
China,Female,Prevalence,population,50-54 years,52.0,1990-1994,1992.0,1940.0,576221.0650735943,113747090.32353114,506.5809274194595,sensitivity_1990_2019,10-14 to 65-69,8,0,-8,3,506.1829219057326,Custom descriptive weighted least-squares age-period-cohort summaries; not asserted equivalent to conventional NCI APC estimable functions.
China,Female,Prevalence,population,50-54 years,52.0,1995-1999,1997.0,1945.0,663886.9283803329,130329648.77108052,509.39056050586544,sensitivity_1990_2019,10-14 to 65-69,8,1,-7,4,508.8766592552124,Custom descriptive weighted least-squares age-period-cohort summaries; not asserted equivalent to conventional NCI APC estimable functions.
China,Female,Prevalence,population,50-54 years,52.0,2000-2004,2002.0,1950.0,891241.6021999783,174223134.69098723,511.55181186513414,sensitivity_1990_2019,10-14 to 65-69,8,2,-6,5,513.0902297776987,Custom descriptive weighted least-squares age-period-cohort summaries; not asserted equivalent to conventional NCI APC estimable functions.
China,Female,Prevalence,population,50-54 years,52.0,2005-2009,2007.0,1955.0,1075387.267364173,209638862.88918304,512.9713320056655,sensitivity_1990_2019,10-14 to 65-69,8,3,-5,6,512.129403017249,Custom descriptive weighted least-squares age-period-cohort summaries; not asserted equivalent to conventional NCI APC estimable functions.
China,Female,Prevalence,population,50-54 years,52.0,2010-2014,2012.0,1960.0,1063479.4197403402,206413305.00947642,515.2184447080657,sensitivity_1990_2019,10-14 to 65-69,8,4,-4,7,514.1314079262988,Custom descriptive weighted least-squares age-period-cohort summaries; not asserted equivalent to conventional NCI APC estimable functions.
China,Female,Prevalence,population,50-54 years,52.0,2015-2019,2017.0,1965.0,1488161.2596894205,288313932.6058284,516.1600225973043,sensitivity_1990_2019,10-14 to 65-69,8,5,-3,8,517.0166778518152,Custom descriptive weighted least-squares age-period-cohort summaries; not asserted equivalent to conventional NCI APC estimable functions.
China,Female,Prevalence,population,55-59 years,57.0,1990-1994,1992.0,1935.0,540952.1141722517,106609073.70772836,507.4165784943282,sensitivity_1990_2019,10-14 to 65-69,9,0,-9,2,506.19442869980213,Custom descriptive weighted least-squares age-period-cohort summaries; not asserted equivalent to conventional NCI APC estimable functions.
China,Female,Prevalence,population,55-59 years,57.0,1995-1999,1997.0,1940.0,546605.7272973154,107855282.77103196,506.7955071405405,sensitivity_1990_2019,10-14 to 65-69,9,1,-8,3,506.2379133917985,Custom descriptive weighted least-squares age-period-cohort summaries; not asserted equivalent to conventional NCI APC estimable functions.
China,Female,Prevalence,population,55-59 years,57.0,2000-2004,2002.0,1945.0,631484.704155243,124474456.51148033,507.3207161157606,sensitivity_1990_2019,10-14 to 65-69,9,2,-7,4,509.56616253693664,Custom descriptive weighted least-squares age-period-cohort summaries; not asserted equivalent to conventional NCI APC estimable functions.
China,Female,Prevalence,population,55-59 years,57.0,2005-2009,2007.0,1950.0,866945.1492783913,169301519.91085172,512.0716870911108,sensitivity_1990_2019,10-14 to 65-69,9,3,-6,5,511.2484134540483,Custom descriptive weighted least-squares age-period-cohort summaries; not asserted equivalent to conventional NCI APC estimable functions.
China,Female,Prevalence,population,55-59 years,57.0,2010-2014,2012.0,1955.0,1053885.923410933,204920200.95766452,514.2908890806038,sensitivity_1990_2019,10-14 to 65-69,9,4,-5,6,513.2659955094581,Custom descriptive weighted least-squares age-period-cohort summaries; not asserted equivalent to conventional NCI APC estimable functions.
China,Female,Prevalence,population,55-59 years,57.0,2015-2019,2017.0,1960.0,1041327.0227353999,202042804.24373806,515.3992128713359,sensitivity_1990_2019,10-14 to 65-69,9,5,-4,7,516.6948957779658,Custom descriptive weighted least-squares age-period-cohort summaries; not asserted equivalent to conventional NCI APC estimable functions.
China,Female,Prevalence,population,60-64 years,62.0,1990-1994,1992.0,1930.0,449526.37259039696,90151613.01469097,498.6337543590516,sensitivity_1990_2019,10-14 to 65-69,10,0,-10,1,498.2346521574037,Custom descriptive weighted least-squares age-period-cohort summaries; not asserted equivalent to conventional NCI APC estimable functions.
China,Female,Prevalence,population,60-64 years,62.0,1995-1999,1997.0,1935.0,497533.96789299,99788653.27417868,498.5877167075987,sensitivity_1990_2019,10-14 to 65-69,10,1,-9,2,497.4045033873075,Custom descriptive weighted least-squares age-period-cohort summaries; not asserted equivalent to conventional NCI APC estimable functions.
China,Female,Prevalence,population,60-64 years,62.0,2000-2004,2002.0,1940.0,507226.12523160334,102348814.25097004,495.58573681941414,sensitivity_1990_2019,10-14 to 65-69,10,2,-8,3,498.06714015001705,Custom descriptive weighted least-squares age-period-cohort summaries; not asserted equivalent to conventional NCI APC estimable functions.
China,Female,Prevalence,population,60-64 years,62.0,2005-2009,2007.0,1945.0,603897.308933043,120853533.85350916,499.69354612753676,sensitivity_1990_2019,10-14 to 65-69,10,3,-7,4,498.8660882353129,Custom descriptive weighted least-squares age-period-cohort summaries; not asserted equivalent to conventional NCI APC estimable functions.
China,Female,Prevalence,population,60-64 years,62.0,2010-2014,2012.0,1950.0,835003.7690617032,165531494.32460463,504.43800587232914,sensitivity_1990_2019,10-14 to 65-69,10,4,-6,5,503.4309691993376,Custom descriptive weighted least-squares age-period-cohort summaries; not asserted equivalent to conventional NCI APC estimable functions.
China,Female,Prevalence,population,60-64 years,62.0,2015-2019,2017.0,1955.0,1011570.1736329026,199923287.59692743,505.979161203254,sensitivity_1990_2019,10-14 to 65-69,10,5,-5,6,506.8129480094869,Custom descriptive weighted least-squares age-period-cohort summaries; not asserted equivalent to conventional NCI APC estimable functions.
China,Female,Prevalence,population,65-69 years,67.0,1990-1994,1992.0,1925.0,334477.60025280784,72859011.7073278,459.07512662454593,sensitivity_1990_2019,10-14 to 65-69,11,0,-11,0,459.0751266245458,Custom descriptive weighted least-squares age-period-cohort summaries; not asserted equivalent to conventional NCI APC estimable functions.
China,Female,Prevalence,population,65-69 years,67.0,1995-1999,1997.0,1930.0,374489.6475752208,81232000.46936235,461.01246480623627,sensitivity_1990_2019,10-14 to 65-69,11,1,-10,1,461.42231798693996,Custom descriptive weighted least-squares age-period-cohort summaries; not asserted equivalent to conventional NCI APC estimable functions.
China,Female,Prevalence,population,65-69 years,67.0,2000-2004,2002.0,1935.0,414532.2795658438,90368698.81440978,458.7122366530571,sensitivity_1990_2019,10-14 to 65-69,11,2,-9,2,461.22756088603,Custom descriptive weighted least-squares age-period-cohort summaries; not asserted equivalent to conventional NCI APC estimable functions.
China,Female,Prevalence,population,65-69 years,67.0,2005-2009,2007.0,1940.0,438907.85920670914,95202269.27211119,461.02667779084544,sensitivity_1990_2019,10-14 to 65-69,11,3,-8,3,459.5614666192523,Custom descriptive weighted least-squares age-period-cohort summaries; not asserted equivalent to conventional NCI APC estimable functions.
China,Female,Prevalence,population,65-69 years,67.0,2010-2014,2012.0,1945.0,531811.3345013567,114647447.49927679,463.8667027494977,sensitivity_1990_2019,10-14 to 65-69,11,4,-7,4,462.98215564279013,Custom descriptive weighted least-squares age-period-cohort summaries; not asserted equivalent to conventional NCI APC estimable functions.
China,Female,Prevalence,population,65-69 years,67.0,2015-2019,2017.0,1950.0,739780.4950101597,157856706.2720256,468.6405237262062,sensitivity_1990_2019,10-14 to 65-69,11,5,-6,5,468.50847601803173,Custom descriptive weighted least-squares age-period-cohort summaries; not asserted equivalent to conventional NCI APC estimable functions.
China,Male,DALYs,population,10-14 years,12.0,1990-1994,1992.0,1980.0,21705.49951011098,262794123.8511624,8.259507173152864,sensitivity_1990_2019,10-14 to 65-69,0,0,0,11,8.271814208965727,Custom descriptive weighted least-squares age-period-cohort summaries; not asserted equivalent to conventional NCI APC estimable functions.
China,Male,DALYs,population,10-14 years,12.0,1995-1999,1997.0,1985.0,25185.066868167254,302521098.4270278,8.32506129295383,sensitivity_1990_2019,10-14 to 65-69,0,1,1,12,8.303676910210356,Custom descriptive weighted least-squares age-period-cohort summaries; not asserted equivalent to conventional NCI APC estimable functions.
China,Male,DALYs,population,10-14 years,12.0,2000-2004,2002.0,1990.0,25117.55355831334,304328589.58376,8.25343211844389,sensitivity_1990_2019,10-14 to 65-69,0,2,2,13,8.205322538467156,Custom descriptive weighted least-squares age-period-cohort summaries; not asserted equivalent to conventional NCI APC estimable functions.
China,Male,DALYs,population,10-14 years,12.0,2005-2009,2007.0,1995.0,18550.727691119213,231054150.96896982,8.028735953594941,sensitivity_1990_2019,10-14 to 65-69,0,3,3,14,8.069415895225509,Custom descriptive weighted least-squares age-period-cohort summaries; not asserted equivalent to conventional NCI APC estimable functions.
China,Male,DALYs,population,10-14 years,12.0,2010-2014,2012.0,2000.0,15779.831169964153,196186723.8711834,8.043271664154616,sensitivity_1990_2019,10-14 to 65-69,0,4,4,15,8.084299407445144,Custom descriptive weighted least-squares age-period-cohort summaries; not asserted equivalent to conventional NCI APC estimable functions.
China,Male,DALYs,population,10-14 years,12.0,2015-2019,2017.0,2005.0,16910.650872546612,209343387.7520192,8.077948414868672,sensitivity_1990_2019,10-14 to 65-69,0,5,5,16,8.077948414868583,Custom descriptive weighted least-squares age-period-cohort summaries; not asserted equivalent to conventional NCI APC estimable functions.
China,Male,DALYs,population,15-19 years,17.0,1990-1994,1992.0,1975.0,182800.80074827437,294872761.6740186,61.9931117782796,sensitivity_1990_2019,10-14 to 65-69,1,0,-1,10,61.9575309638744,Custom descriptive weighted least-squares age-period-cohort summaries; not asserted equivalent to conventional NCI APC estimable functions.
China,Male,DALYs,population,15-19 years,17.0,1995-1999,1997.0,1980.0,157707.82379079194,252997471.61433008,62.33573117726729,sensitivity_1990_2019,10-14 to 65-69,1,1,0,11,62.16002189418094,Custom descriptive weighted least-squares age-period-cohort summaries; not asserted equivalent to conventional NCI APC estimable functions.
China,Male,DALYs,population,15-19 years,17.0,2000-2004,2002.0,1985.0,185042.56842572876,297277798.50025815,62.245673696203745,sensitivity_1990_2019,10-14 to 65-69,1,2,1,12,62.10390977034898,Custom descriptive weighted least-squares age-period-cohort summaries; not asserted equivalent to conventional NCI APC estimable functions.
China,Male,DALYs,population,15-19 years,17.0,2005-2009,2007.0,1990.0,188353.26250445403,308314506.6511137,61.091274799337654,sensitivity_1990_2019,10-14 to 65-69,1,3,2,13,61.41633946364754,Custom descriptive weighted least-squares age-period-cohort summaries; not asserted equivalent to conventional NCI APC estimable functions.
China,Male,DALYs,population,15-19 years,17.0,2010-2014,2012.0,1995.0,141174.46173136312,234333386.36097303,60.24513362082107,sensitivity_1990_2019,10-14 to 65-69,1,4,3,14,60.48296255101083,Custom descriptive weighted least-squares age-period-cohort summaries; not asserted equivalent to conventional NCI APC estimable functions.
China,Male,DALYs,population,15-19 years,17.0,2015-2019,2017.0,2000.0,120463.19312706511,197039540.02404895,61.13655823210022,sensitivity_1990_2019,10-14 to 65-69,1,5,4,15,60.82763026000573,Custom descriptive weighted least-squares age-period-cohort summaries; not asserted equivalent to conventional NCI APC estimable functions.
China,Male,DALYs,population,20-24 years,22.0,1990-1994,1992.0,1970.0,657786.4243501402,332387278.13606846,197.8975934454579,sensitivity_1990_2019,10-14 to 65-69,2,0,-2,9,197.8251817165336,Custom descriptive weighted least-squares age-period-cohort summaries; not asserted equivalent to conventional NCI APC estimable functions.
China,Male,DALYs,population,20-24 years,22.0,1995-1999,1997.0,1975.0,547870.3653728395,276579078.4240932,198.0881448063693,sensitivity_1990_2019,10-14 to 65-69,2,1,-1,10,198.18660411121238,Custom descriptive weighted least-squares age-period-cohort summaries; not asserted equivalent to conventional NCI APC estimable functions.
China,Male,DALYs,population,20-24 years,22.0,2000-2004,2002.0,1980.0,470635.88189908053,238746001.20962787,197.1282783856324,sensitivity_1990_2019,10-14 to 65-69,2,2,0,11,197.89255889319156,Custom descriptive weighted least-squares age-period-cohort summaries; not asserted equivalent to conventional NCI APC estimable functions.
China,Male,DALYs,population,20-24 years,22.0,2005-2009,2007.0,1985.0,567047.1444729955,287493839.2000328,197.23801596960652,sensitivity_1990_2019,10-14 to 65-69,2,3,1,12,197.868662966959,Custom descriptive weighted least-squares age-period-cohort summaries; not asserted equivalent to conventional NCI APC estimable functions.
China,Male,DALYs,population,20-24 years,22.0,2010-2014,2012.0,1990.0,586779.2309718764,299687454.6813394,195.79706184091177,sensitivity_1990_2019,10-14 to 65-69,2,4,2,13,195.94973936816845,Custom descriptive weighted least-squares age-period-cohort summaries; not asserted equivalent to conventional NCI APC estimable functions.
China,Male,DALYs,population,20-24 years,22.0,2015-2019,2017.0,1995.0,443254.3349100008,226718083.41905576,195.50903405032273,sensitivity_1990_2019,10-14 to 65-69,2,5,3,14,193.71416079044462,Custom descriptive weighted least-squares age-period-cohort summaries; not asserted equivalent to conventional NCI APC estimable functions.
China,Male,DALYs,population,25-29 years,27.0,1990-1994,1992.0,1965.0,988150.0219169909,317927863.2578703,310.80950621666824,sensitivity_1990_2019,10-14 to 65-69,3,0,-3,8,310.5982595670889,Custom descriptive weighted least-squares age-period-cohort summaries; not asserted equivalent to conventional NCI APC estimable functions.
China,Male,DALYs,population,25-29 years,27.0,1995-1999,1997.0,1970.0,1024332.0576992113,328913544.4608389,311.42896817408814,sensitivity_1990_2019,10-14 to 65-69,3,1,-2,9,311.22384197018744,Custom descriptive weighted least-squares age-period-cohort summaries; not asserted equivalent to conventional NCI APC estimable functions.
China,Male,DALYs,population,25-29 years,27.0,2000-2004,2002.0,1975.0,851221.2352517098,275142485.69077766,309.37469839113305,sensitivity_1990_2019,10-14 to 65-69,3,2,-1,10,310.31566124463563,Custom descriptive weighted least-squares age-period-cohort summaries; not asserted equivalent to conventional NCI APC estimable functions.
China,Male,DALYs,population,25-29 years,27.0,2005-2009,2007.0,1980.0,747075.3879270655,240321515.9644538,310.86496143673054,sensitivity_1990_2019,10-14 to 65-69,3,3,0,11,310.097763507837,Custom descriptive weighted least-squares age-period-cohort summaries; not asserted equivalent to conventional NCI APC estimable functions.
China,Male,DALYs,population,25-29 years,27.0,2010-2014,2012.0,1985.0,887823.9264023212,286223651.0207422,310.1853823875589,sensitivity_1990_2019,10-14 to 65-69,3,4,1,12,310.4908984339408,Custom descriptive weighted least-squares age-period-cohort summaries; not asserted equivalent to conventional NCI APC estimable functions.
China,Male,DALYs,population,25-29 years,27.0,2015-2019,2017.0,1990.0,903873.4527661826,292744711.6888292,308.7582513623502,sensitivity_1990_2019,10-14 to 65-69,3,5,2,13,308.6626616816906,Custom descriptive weighted least-squares age-period-cohort summaries; not asserted equivalent to conventional NCI APC estimable functions.
China,Male,DALYs,population,30-34 years,32.0,1990-1994,1992.0,1960.0,872107.7693257206,238852164.95901418,365.1244984425282,sensitivity_1990_2019,10-14 to 65-69,4,0,-4,7,364.3447498606809,Custom descriptive weighted least-squares age-period-cohort summaries; not asserted equivalent to conventional NCI APC estimable functions.
China,Male,DALYs,population,30-34 years,32.0,1995-1999,1997.0,1965.0,1156570.4256222034,315985222.0499476,366.02041643560943,sensitivity_1990_2019,10-14 to 65-69,4,1,-3,8,366.4269782489069,Custom descriptive weighted least-squares age-period-cohort summaries; not asserted equivalent to conventional NCI APC estimable functions.
China,Male,DALYs,population,30-34 years,32.0,2000-2004,2002.0,1970.0,1175339.6765649025,322202260.48993665,364.7831876715253,sensitivity_1990_2019,10-14 to 65-69,4,2,-2,9,365.4259586322512,Custom descriptive weighted least-squares age-period-cohort summaries; not asserted equivalent to conventional NCI APC estimable functions.
China,Male,DALYs,population,30-34 years,32.0,2005-2009,2007.0,1975.0,1018004.582253652,278476668.6148849,365.5618933238124,sensitivity_1990_2019,10-14 to 65-69,4,3,-1,10,364.64478026321393,Custom descriptive weighted least-squares age-period-cohort summaries; not asserted equivalent to conventional NCI APC estimable functions.
China,Male,DALYs,population,30-34 years,32.0,2010-2014,2012.0,1980.0,895022.5931959244,245318144.76102477,364.8415791126275,sensitivity_1990_2019,10-14 to 65-69,4,4,0,11,364.89475922414255,Custom descriptive weighted least-squares age-period-cohort summaries; not asserted equivalent to conventional NCI APC estimable functions.
China,Male,DALYs,population,30-34 years,32.0,2015-2019,2017.0,1985.0,1064400.3869044122,290471078.0017486,366.4393695326887,sensitivity_1990_2019,10-14 to 65-69,4,5,1,12,366.7629166700956,Custom descriptive weighted least-squares age-period-cohort summaries; not asserted equivalent to conventional NCI APC estimable functions.
China,Male,DALYs,population,35-39 years,37.0,1990-1994,1992.0,1955.0,929344.7072276992,242924879.01208702,382.5646475598156,sensitivity_1990_2019,10-14 to 65-69,5,0,-5,6,382.54438472239264,Custom descriptive weighted least-squares age-period-cohort summaries; not asserted equivalent to conventional NCI APC estimable functions.
China,Male,DALYs,population,35-39 years,37.0,1995-1999,1997.0,1960.0,894809.4210129256,232661129.6788801,384.5977290009489,sensitivity_1990_2019,10-14 to 65-69,5,1,-4,7,385.16630742691876,Custom descriptive weighted least-squares age-period-cohort summaries; not asserted equivalent to conventional NCI APC estimable functions.
China,Male,DALYs,population,35-39 years,37.0,2000-2004,2002.0,1965.0,1195164.3586934747,310229598.2687983,385.25155735073514,sensitivity_1990_2019,10-14 to 65-69,5,2,-3,8,385.53279546169404,Custom descriptive weighted least-squares age-period-cohort summaries; not asserted equivalent to conventional NCI APC estimable functions.
China,Male,DALYs,population,35-39 years,37.0,2005-2009,2007.0,1970.0,1235034.3326613319,320547285.7914256,385.2892809908073,sensitivity_1990_2019,10-14 to 65-69,5,3,-2,9,384.7804981765686,Custom descriptive weighted least-squares age-period-cohort summaries; not asserted equivalent to conventional NCI APC estimable functions.
China,Male,DALYs,population,35-39 years,37.0,2010-2014,2012.0,1975.0,1067964.7290139382,277669784.59408736,384.6168320313089,sensitivity_1990_2019,10-14 to 65-69,5,4,-1,10,384.49114649726766,Custom descriptive weighted least-squares age-period-cohort summaries; not asserted equivalent to conventional NCI APC estimable functions.
China,Male,DALYs,population,35-39 years,37.0,2015-2019,2017.0,1980.0,936109.6356637166,242325043.53283077,386.303298254392,sensitivity_1990_2019,10-14 to 65-69,5,5,0,11,386.2349059406607,Custom descriptive weighted least-squares age-period-cohort summaries; not asserted equivalent to conventional NCI APC estimable functions.
China,Male,DALYs,population,40-44 years,42.0,1990-1994,1992.0,1950.0,750226.259587731,196978962.8304449,380.8661842907097,sensitivity_1990_2019,10-14 to 65-69,6,0,-6,5,381.45230523931076,Custom descriptive weighted least-squares age-period-cohort summaries; not asserted equivalent to conventional NCI APC estimable functions.
China,Male,DALYs,population,40-44 years,42.0,1995-1999,1997.0,1955.0,892400.5428076668,233230415.3956924,382.6261430326933,sensitivity_1990_2019,10-14 to 65-69,6,1,-5,6,382.7670157679277,Custom descriptive weighted least-squares age-period-cohort summaries; not asserted equivalent to conventional NCI APC estimable functions.
China,Male,DALYs,population,40-44 years,42.0,2000-2004,2002.0,1960.0,856234.3192996611,223274974.92135864,383.48870920318853,sensitivity_1990_2019,10-14 to 65-69,6,2,-4,7,383.56509313377154,Custom descriptive weighted least-squares age-period-cohort summaries; not asserted equivalent to conventional NCI APC estimable functions.
China,Male,DALYs,population,40-44 years,42.0,2005-2009,2007.0,1965.0,1164339.6808399342,302821500.9028504,384.4970312109613,sensitivity_1990_2019,10-14 to 65-69,6,3,-3,8,384.23054386730036,Custom descriptive weighted least-squares age-period-cohort summaries; not asserted equivalent to conventional NCI APC estimable functions.
China,Male,DALYs,population,40-44 years,42.0,2010-2014,2012.0,1970.0,1207247.7376875835,314166640.28164876,384.2698692023101,sensitivity_1990_2019,10-14 to 65-69,6,4,-2,9,384.0133263379796,Custom descriptive weighted least-squares age-period-cohort summaries; not asserted equivalent to conventional NCI APC estimable functions.
China,Male,DALYs,population,40-44 years,42.0,2015-2019,2017.0,1975.0,1044319.0826230851,271096876.6691123,385.21988724264435,sensitivity_1990_2019,10-14 to 65-69,6,5,-1,10,385.2007633862483,Custom descriptive weighted least-squares age-period-cohort summaries; not asserted equivalent to conventional NCI APC estimable functions.
China,Male,DALYs,population,45-49 years,47.0,1990-1994,1992.0,1945.0,553796.3365436328,148509915.84282482,372.90192604360647,sensitivity_1990_2019,10-14 to 65-69,7,0,-7,4,373.8678295130524,Custom descriptive weighted least-squares age-period-cohort summaries; not asserted equivalent to conventional NCI APC estimable functions.
China,Male,DALYs,population,45-49 years,47.0,1995-1999,1997.0,1950.0,718322.1297048837,190926480.7331947,376.22970210647964,sensitivity_1990_2019,10-14 to 65-69,7,1,-6,5,376.5981612520317,Custom descriptive weighted least-squares age-period-cohort summaries; not asserted equivalent to conventional NCI APC estimable functions.
China,Male,DALYs,population,45-49 years,47.0,2000-2004,2002.0,1955.0,846621.5116450045,224938451.83283335,376.37918494886105,sensitivity_1990_2019,10-14 to 65-69,7,2,-5,6,376.10626655842265,Custom descriptive weighted least-squares age-period-cohort summaries; not asserted equivalent to conventional NCI APC estimable functions.
China,Male,DALYs,population,45-49 years,47.0,2005-2009,2007.0,1960.0,825220.1491574111,218648940.72504675,377.41785824388404,sensitivity_1990_2019,10-14 to 65-69,7,3,-4,7,377.1854327777211,Custom descriptive weighted least-squares age-period-cohort summaries; not asserted equivalent to conventional NCI APC estimable functions.
China,Male,DALYs,population,45-49 years,47.0,2010-2014,2012.0,1965.0,1131962.101091455,298493889.5604462,379.2245471953717,sensitivity_1990_2019,10-14 to 65-69,7,4,-3,8,378.36452042412844,Custom descriptive weighted least-squares age-period-cohort summaries; not asserted equivalent to conventional NCI APC estimable functions.
China,Male,DALYs,population,45-49 years,47.0,2015-2019,2017.0,1970.0,1172808.2385432716,309358815.50294274,379.1093641978712,sensitivity_1990_2019,10-14 to 65-69,7,5,-2,9,379.6053877029725,Custom descriptive weighted least-squares age-period-cohort summaries; not asserted equivalent to conventional NCI APC estimable functions.
China,Male,DALYs,population,50-54 years,52.0,1990-1994,1992.0,1940.0,465381.8665390353,127113588.21193841,366.1149630699568,sensitivity_1990_2019,10-14 to 65-69,8,0,-8,3,366.57065809515854,Custom descriptive weighted least-squares age-period-cohort summaries; not asserted equivalent to conventional NCI APC estimable functions.
China,Male,DALYs,population,50-54 years,52.0,1995-1999,1997.0,1945.0,520491.7051966368,141550859.51748294,367.70649572237386,sensitivity_1990_2019,10-14 to 65-69,8,1,-7,4,368.22216832027937,Custom descriptive weighted least-squares age-period-cohort summaries; not asserted equivalent to conventional NCI APC estimable functions.
China,Male,DALYs,population,50-54 years,52.0,2000-2004,2002.0,1950.0,679041.7842828839,183818885.45262656,369.40806305665757,sensitivity_1990_2019,10-14 to 65-69,8,2,-6,5,369.154478492502,Custom descriptive weighted least-squares age-period-cohort summaries; not asserted equivalent to conventional NCI APC estimable functions.
China,Male,DALYs,population,50-54 years,52.0,2005-2009,2007.0,1955.0,810245.6674200306,219367561.49966562,369.3552783651951,sensitivity_1990_2019,10-14 to 65-69,8,3,-5,6,368.96085103441254,Custom descriptive weighted least-squares age-period-cohort summaries; not asserted equivalent to conventional NCI APC estimable functions.
China,Male,DALYs,population,50-54 years,52.0,2010-2014,2012.0,1960.0,795933.3678159555,214284321.05984783,371.43798663349617,sensitivity_1990_2019,10-14 to 65-69,8,4,-4,7,370.5333598451877,Custom descriptive weighted least-squares age-period-cohort summaries; not asserted equivalent to conventional NCI APC estimable functions.
China,Male,DALYs,population,50-54 years,52.0,2015-2019,2017.0,1965.0,1087090.5561649415,291876395.6688329,372.44894492885606,sensitivity_1990_2019,10-14 to 65-69,8,5,-3,8,373.1215735301557,Custom descriptive weighted least-squares age-period-cohort summaries; not asserted equivalent to conventional NCI APC estimable functions.
China,Male,DALYs,population,55-59 years,57.0,1990-1994,1992.0,1935.0,421765.51732093736,117503523.47176792,358.93861295340065,sensitivity_1990_2019,10-14 to 65-69,9,0,-9,2,358.78963734157014,Custom descriptive weighted least-squares age-period-cohort summaries; not asserted equivalent to conventional NCI APC estimable functions.
China,Male,DALYs,population,55-59 years,57.0,1995-1999,1997.0,1940.0,427155.32051358424,118724988.56564125,359.78552255443384,sensitivity_1990_2019,10-14 to 65-69,9,1,-8,3,360.31472381706936,Custom descriptive weighted least-squares age-period-cohort summaries; not asserted equivalent to conventional NCI APC estimable functions.
China,Male,DALYs,population,55-59 years,57.0,2000-2004,2002.0,1945.0,478589.8729373552,132942119.2192585,359.9986789348735,sensitivity_1990_2019,10-14 to 65-69,9,2,-7,4,360.2237584564644,Custom descriptive weighted least-squares age-period-cohort summaries; not asserted equivalent to conventional NCI APC estimable functions.
China,Male,DALYs,population,55-59 years,57.0,2005-2009,2007.0,1950.0,636398.7462548506,175609947.6629735,362.39333518634845,sensitivity_1990_2019,10-14 to 65-69,9,3,-6,5,361.4184634202808,Custom descriptive weighted least-squares age-period-cohort summaries; not asserted equivalent to conventional NCI APC estimable functions.
China,Male,DALYs,population,55-59 years,57.0,2010-2014,2012.0,1955.0,764876.1223009997,210933075.8274536,362.61554490708687,sensitivity_1990_2019,10-14 to 65-69,9,4,-5,6,361.7305311344013,Custom descriptive weighted least-squares age-period-cohort summaries; not asserted equivalent to conventional NCI APC estimable functions.
China,Male,DALYs,population,55-59 years,57.0,2015-2019,2017.0,1960.0,749660.0625028106,206350514.79826164,363.29449589002235,sensitivity_1990_2019,10-14 to 65-69,9,5,-4,7,364.6697548346637,Custom descriptive weighted least-squares age-period-cohort summaries; not asserted equivalent to conventional NCI APC estimable functions.
China,Male,DALYs,population,60-64 years,62.0,1990-1994,1992.0,1930.0,332521.3552950623,96431405.80055028,344.8268253838573,sensitivity_1990_2019,10-14 to 65-69,10,0,-10,1,344.2654774199113,Custom descriptive weighted least-squares age-period-cohort summaries; not asserted equivalent to conventional NCI APC estimable functions.
China,Male,DALYs,population,60-64 years,62.0,1995-1999,1997.0,1935.0,368979.626765786,106961662.98241252,344.9643699223866,sensitivity_1990_2019,10-14 to 65-69,10,1,-9,2,345.2039969861722,Custom descriptive weighted least-squares age-period-cohort summaries; not asserted equivalent to conventional NCI APC estimable functions.
China,Male,DALYs,population,60-64 years,62.0,2000-2004,2002.0,1940.0,379188.75255907443,109991625.01725844,344.743295227775,sensitivity_1990_2019,10-14 to 65-69,10,2,-8,3,345.02935459887186,Custom descriptive weighted least-squares age-period-cohort summaries; not asserted equivalent to conventional NCI APC estimable functions.
China,Male,DALYs,population,60-64 years,62.0,2005-2009,2007.0,1945.0,437427.3495422634,126182625.50388446,346.6621080322959,sensitivity_1990_2019,10-14 to 65-69,10,3,-7,4,345.21222030450605,Custom descriptive weighted least-squares age-period-cohort summaries; not asserted equivalent to conventional NCI APC estimable functions.
China,Male,DALYs,population,60-64 years,62.0,2010-2014,2012.0,1950.0,583870.0456856838,168020945.70010757,347.4983688806306,sensitivity_1990_2019,10-14 to 65-69,10,4,-6,5,346.83812369420457,Custom descriptive weighted least-squares age-period-cohort summaries; not asserted equivalent to conventional NCI APC estimable functions.
China,Male,DALYs,population,60-64 years,62.0,2015-2019,2017.0,1955.0,697970.8962204917,201132327.14436823,347.02074307503244,sensitivity_1990_2019,10-14 to 65-69,10,5,-5,6,348.4730615638752,Custom descriptive weighted least-squares age-period-cohort summaries; not asserted equivalent to conventional NCI APC estimable functions.
China,Male,DALYs,population,65-69 years,67.0,1990-1994,1992.0,1925.0,219593.207913675,71503219.29248825,307.1095400829656,sensitivity_1990_2019,10-14 to 65-69,11,0,-11,0,307.109540082968,Custom descriptive weighted least-squares age-period-cohort summaries; not asserted equivalent to conventional NCI APC estimable functions.
China,Male,DALYs,population,65-69 years,67.0,1995-1999,1997.0,1930.0,254014.17941917124,82519816.8332762,307.82203495723195,sensitivity_1990_2019,10-14 to 65-69,11,1,-10,1,308.4086568750969,Custom descriptive weighted least-squares age-period-cohort summaries; not asserted equivalent to conventional NCI APC estimable functions.
China,Male,DALYs,population,65-69 years,67.0,2000-2004,2002.0,1935.0,285437.53110792517,92713854.76729767,307.8693382174048,sensitivity_1990_2019,10-14 to 65-69,11,2,-9,2,307.784690080132,Custom descriptive weighted least-squares age-period-cohort summaries; not asserted equivalent to conventional NCI APC estimable functions.
China,Male,DALYs,population,65-69 years,67.0,2005-2009,2007.0,1940.0,304809.6641081181,98581284.38220662,309.1962800224325,sensitivity_1990_2019,10-14 to 65-69,11,3,-8,3,307.8697470672858,Custom descriptive weighted least-squares age-period-cohort summaries; not asserted equivalent to conventional NCI APC estimable functions.
China,Male,DALYs,population,65-69 years,67.0,2010-2014,2012.0,1945.0,357322.7575909669,115703748.95499928,308.82556599781446,sensitivity_1990_2019,10-14 to 65-69,11,4,-7,4,308.46068257745054,Custom descriptive weighted least-squares age-period-cohort summaries; not asserted equivalent to conventional NCI APC estimable functions.
China,Male,DALYs,population,65-69 years,67.0,2015-2019,2017.0,1950.0,479596.02569213975,154586950.06790072,310.24353962703975,sensitivity_1990_2019,10-14 to 65-69,11,5,-6,5,311.1057472961647,Custom descriptive weighted least-squares age-period-cohort summaries; not asserted equivalent to conventional NCI APC estimable functions.
China,Male,Incidence,population,10-14 years,12.0,1990-1994,1992.0,1980.0,18826.31924000097,262794123.8511624,7.163904186329353,sensitivity_1990_2019,10-14 to 65-69,0,0,0,11,7.158533016945122,Custom descriptive weighted least-squares age-period-cohort summaries; not asserted equivalent to conventional NCI APC estimable functions.
China,Male,Incidence,population,10-14 years,12.0,1995-1999,1997.0,1985.0,21867.169293069437,302521098.4270278,7.228312143109614,sensitivity_1990_2019,10-14 to 65-69,0,1,1,12,7.177159624031404,Custom descriptive weighted least-squares age-period-cohort summaries; not asserted equivalent to conventional NCI APC estimable functions.
China,Male,Incidence,population,10-14 years,12.0,2000-2004,2002.0,1990.0,21829.799561804233,304328589.58376,7.173101808036356,sensitivity_1990_2019,10-14 to 65-69,0,2,2,13,7.1179939992846295,Custom descriptive weighted least-squares age-period-cohort summaries; not asserted equivalent to conventional NCI APC estimable functions.
China,Male,Incidence,population,10-14 years,12.0,2005-2009,2007.0,1995.0,16075.511509623573,231054150.96896982,6.957464924221374,sensitivity_1990_2019,10-14 to 65-69,0,3,3,14,7.029253604370626,Custom descriptive weighted least-squares age-period-cohort summaries; not asserted equivalent to conventional NCI APC estimable functions.
China,Male,Incidence,population,10-14 years,12.0,2010-2014,2012.0,2000.0,13640.647781335923,196186723.8711834,6.9528903445537935,sensitivity_1990_2019,10-14 to 65-69,0,4,4,15,7.035626933202879,Custom descriptive weighted least-squares age-period-cohort summaries; not asserted equivalent to conventional NCI APC estimable functions.
China,Male,Incidence,population,10-14 years,12.0,2015-2019,2017.0,2005.0,14632.212325911023,209343387.7520192,6.989574632872488,sensitivity_1990_2019,10-14 to 65-69,0,5,5,16,6.989574632872449,Custom descriptive weighted least-squares age-period-cohort summaries; not asserted equivalent to conventional NCI APC estimable functions.
China,Male,Incidence,population,15-19 years,17.0,1990-1994,1992.0,1975.0,96126.43899142476,294872761.6740186,32.59929416528895,sensitivity_1990_2019,10-14 to 65-69,1,0,-1,10,32.41838308008905,Custom descriptive weighted least-squares age-period-cohort summaries; not asserted equivalent to conventional NCI APC estimable functions.
China,Male,Incidence,population,15-19 years,17.0,1995-1999,1997.0,1980.0,82480.64896603784,252997471.61433008,32.60137282785637,sensitivity_1990_2019,10-14 to 65-69,1,1,0,11,32.53478095849387,Custom descriptive weighted least-squares age-period-cohort summaries; not asserted equivalent to conventional NCI APC estimable functions.
China,Male,Incidence,population,15-19 years,17.0,2000-2004,2002.0,1985.0,96093.03171060537,297277798.50025815,32.32432162623201,sensitivity_1990_2019,10-14 to 65-69,1,2,1,12,32.57848798147718,Custom descriptive weighted least-squares age-period-cohort summaries; not asserted equivalent to conventional NCI APC estimable functions.
China,Male,Incidence,population,15-19 years,17.0,2005-2009,2007.0,1990.0,98861.37249967683,308314506.6511137,32.065105717373065,sensitivity_1990_2019,10-14 to 65-69,1,3,2,13,32.287078447561655,Custom descriptive weighted least-squares age-period-cohort summaries; not asserted equivalent to conventional NCI APC estimable functions.
China,Male,Incidence,population,15-19 years,17.0,2010-2014,2012.0,1995.0,74720.70462673815,234333386.36097303,31.88649547002086,sensitivity_1990_2019,10-14 to 65-69,1,4,3,14,31.889720937690484,Custom descriptive weighted least-squares age-period-cohort summaries; not asserted equivalent to conventional NCI APC estimable functions.
China,Male,Incidence,population,15-19 years,17.0,2015-2019,2017.0,2000.0,63554.104382855425,197039540.02404895,32.2544928673192,sensitivity_1990_2019,10-14 to 65-69,1,5,4,15,31.876822986394174,Custom descriptive weighted least-squares age-period-cohort summaries; not asserted equivalent to conventional NCI APC estimable functions.
China,Male,Incidence,population,20-24 years,22.0,1990-1994,1992.0,1970.0,177683.49463119978,332387278.13606846,53.45676754766227,sensitivity_1990_2019,10-14 to 65-69,2,0,-2,9,53.20985092358286,Custom descriptive weighted least-squares age-period-cohort summaries; not asserted equivalent to conventional NCI APC estimable functions.
China,Male,Incidence,population,20-24 years,22.0,1995-1999,1997.0,1975.0,148010.02831776027,276579078.4240932,53.51454244518406,sensitivity_1990_2019,10-14 to 65-69,2,1,-1,10,53.65140337369121,Custom descriptive weighted least-squares age-period-cohort summaries; not asserted equivalent to conventional NCI APC estimable functions.
China,Male,Incidence,population,20-24 years,22.0,2000-2004,2002.0,1980.0,127178.31731093166,238746001.20962787,53.269297356425405,sensitivity_1990_2019,10-14 to 65-69,2,2,0,11,53.77644485282511,Custom descriptive weighted least-squares age-period-cohort summaries; not asserted equivalent to conventional NCI APC estimable functions.
China,Male,Incidence,population,20-24 years,22.0,2005-2009,2007.0,1985.0,154329.06716662738,287493839.2000328,53.68082585562752,sensitivity_1990_2019,10-14 to 65-69,2,3,1,12,53.81061271994819,Custom descriptive weighted least-squares age-period-cohort summaries; not asserted equivalent to conventional NCI APC estimable functions.
China,Male,Incidence,population,20-24 years,22.0,2010-2014,2012.0,1990.0,159702.32718286884,299687454.6813394,53.289627139274785,sensitivity_1990_2019,10-14 to 65-69,2,4,2,13,53.337927552859405,Custom descriptive weighted least-squares age-period-cohort summaries; not asserted equivalent to conventional NCI APC estimable functions.
China,Male,Incidence,population,20-24 years,22.0,2015-2019,2017.0,1995.0,120549.06479588487,226718083.41905576,53.17134962413531,sensitivity_1990_2019,10-14 to 65-69,2,5,3,14,52.61248664635465,Custom descriptive weighted least-squares age-period-cohort summaries; not asserted equivalent to conventional NCI APC estimable functions.
China,Male,Incidence,population,25-29 years,27.0,1990-1994,1992.0,1965.0,137445.1770838907,317927863.2578703,43.231560667713275,sensitivity_1990_2019,10-14 to 65-69,3,0,-3,8,43.12603859295879,Custom descriptive weighted least-squares age-period-cohort summaries; not asserted equivalent to conventional NCI APC estimable functions.
China,Male,Incidence,population,25-29 years,27.0,1995-1999,1997.0,1970.0,143002.3121327061,328913544.4608389,43.47717342170208,sensitivity_1990_2019,10-14 to 65-69,3,1,-2,9,43.52213392236502,Custom descriptive weighted least-squares age-period-cohort summaries; not asserted equivalent to conventional NCI APC estimable functions.
China,Male,Incidence,population,25-29 years,27.0,2000-2004,2002.0,1975.0,120461.82207743416,275142485.69077766,43.781614378819235,sensitivity_1990_2019,10-14 to 65-69,3,2,-1,10,43.82820549944481,Custom descriptive weighted least-squares age-period-cohort summaries; not asserted equivalent to conventional NCI APC estimable functions.
China,Male,Incidence,population,25-29 years,27.0,2005-2009,2007.0,1980.0,105624.6960154277,240321515.9644538,43.95141050585365,sensitivity_1990_2019,10-14 to 65-69,3,3,0,11,43.8992906896046,Custom descriptive weighted least-squares age-period-cohort summaries; not asserted equivalent to conventional NCI APC estimable functions.
China,Male,Incidence,population,25-29 years,27.0,2010-2014,2012.0,1985.0,125539.23948842501,286223651.0207422,43.86054018971597,sensitivity_1990_2019,10-14 to 65-69,3,4,1,12,43.934301673991655,Custom descriptive weighted least-squares age-period-cohort summaries; not asserted equivalent to conventional NCI APC estimable functions.
China,Male,Incidence,population,25-29 years,27.0,2015-2019,2017.0,1990.0,127340.92589782405,292744711.6888292,43.498967125042434,sensitivity_1990_2019,10-14 to 65-69,3,5,2,13,43.491326018299944,Custom descriptive weighted least-squares age-period-cohort summaries; not asserted equivalent to conventional NCI APC estimable functions.
China,Male,Incidence,population,30-34 years,32.0,1990-1994,1992.0,1960.0,78619.03973153059,238852164.95901418,32.91535571595979,sensitivity_1990_2019,10-14 to 65-69,4,0,-4,7,32.941180659069225,Custom descriptive weighted least-squares age-period-cohort summaries; not asserted equivalent to conventional NCI APC estimable functions.
China,Male,Incidence,population,30-34 years,32.0,1995-1999,1997.0,1965.0,104595.03885187351,315985222.0499476,33.101243840871845,sensitivity_1990_2019,10-14 to 65-69,4,1,-3,8,33.183090540207836,Custom descriptive weighted least-squares age-period-cohort summaries; not asserted equivalent to conventional NCI APC estimable functions.
China,Male,Incidence,population,30-34 years,32.0,2000-2004,2002.0,1970.0,108036.63728133767,322202260.48993665,33.530688803070014,sensitivity_1990_2019,10-14 to 65-69,4,2,-2,9,33.445824754388546,Custom descriptive weighted least-squares age-period-cohort summaries; not asserted equivalent to conventional NCI APC estimable functions.
China,Male,Incidence,population,30-34 years,32.0,2005-2009,2007.0,1975.0,93378.684877107,278476668.6148849,33.53195990944708,sensitivity_1990_2019,10-14 to 65-69,4,3,-1,10,33.657219158472046,Custom descriptive weighted least-squares age-period-cohort summaries; not asserted equivalent to conventional NCI APC estimable functions.
China,Male,Incidence,population,30-34 years,32.0,2010-2014,2012.0,1980.0,82658.76399339596,245318144.76102477,33.69451700114458,sensitivity_1990_2019,10-14 to 65-69,4,4,0,11,33.717271242121726,Custom descriptive weighted least-squares age-period-cohort summaries; not asserted equivalent to conventional NCI APC estimable functions.
China,Male,Incidence,population,30-34 years,32.0,2015-2019,2017.0,1985.0,98346.36499588644,290471078.0017486,33.85754123007538,sensitivity_1990_2019,10-14 to 65-69,4,5,1,12,33.6999584807064,Custom descriptive weighted least-squares age-period-cohort summaries; not asserted equivalent to conventional NCI APC estimable functions.
China,Male,Incidence,population,35-39 years,37.0,1990-1994,1992.0,1955.0,65458.63772992049,242924879.01208702,26.946041095553458,sensitivity_1990_2019,10-14 to 65-69,5,0,-5,6,27.07828309152875,Custom descriptive weighted least-squares age-period-cohort summaries; not asserted equivalent to conventional NCI APC estimable functions.
China,Male,Incidence,population,35-39 years,37.0,1995-1999,1997.0,1960.0,63136.117948541985,232661129.6788801,27.136513106285836,sensitivity_1990_2019,10-14 to 65-69,5,1,-4,7,27.109304910162354,Custom descriptive weighted least-squares age-period-cohort summaries; not asserted equivalent to conventional NCI APC estimable functions.
China,Male,Incidence,population,35-39 years,37.0,2000-2004,2002.0,1965.0,84803.56923986619,310229598.2687983,27.335744143403165,sensitivity_1990_2019,10-14 to 65-69,5,2,-3,8,27.27410559116246,Custom descriptive weighted least-squares age-period-cohort summaries; not asserted equivalent to conventional NCI APC estimable functions.
China,Male,Incidence,population,35-39 years,37.0,2005-2009,2007.0,1970.0,87663.62882616461,320547285.7914256,27.34811140569313,sensitivity_1990_2019,10-14 to 65-69,5,3,-2,9,27.47061661618064,Custom descriptive weighted least-squares age-period-cohort summaries; not asserted equivalent to conventional NCI APC estimable functions.
China,Male,Incidence,population,35-39 years,37.0,2010-2014,2012.0,1975.0,76844.06918554331,277669784.59408736,27.67462412155435,sensitivity_1990_2019,10-14 to 65-69,5,4,-1,10,27.648724675927273,Custom descriptive weighted least-squares age-period-cohort summaries; not asserted equivalent to conventional NCI APC estimable functions.
China,Male,Incidence,population,35-39 years,37.0,2015-2019,2017.0,1980.0,67427.65332091345,242325043.53283077,27.82529297752017,sensitivity_1990_2019,10-14 to 65-69,5,5,0,11,27.66177308132915,Custom descriptive weighted least-squares age-period-cohort summaries; not asserted equivalent to conventional NCI APC estimable functions.
China,Male,Incidence,population,40-44 years,42.0,1990-1994,1992.0,1950.0,49280.67059663168,196978962.8304449,25.018240470202592,sensitivity_1990_2019,10-14 to 65-69,6,0,-6,5,25.186596164189638,Custom descriptive weighted least-squares age-period-cohort summaries; not asserted equivalent to conventional NCI APC estimable functions.
China,Male,Incidence,population,40-44 years,42.0,1995-1999,1997.0,1955.0,58652.504505634664,233230415.3956924,25.14787979351939,sensitivity_1990_2019,10-14 to 65-69,6,1,-5,6,25.150595228872188,Custom descriptive weighted least-squares age-period-cohort summaries; not asserted equivalent to conventional NCI APC estimable functions.
China,Male,Incidence,population,40-44 years,42.0,2000-2004,2002.0,1960.0,56185.10047585433,223274974.92135864,25.164083209792633,sensitivity_1990_2019,10-14 to 65-69,6,2,-4,7,25.147799542568016,Custom descriptive weighted least-squares age-period-cohort summaries; not asserted equivalent to conventional NCI APC estimable functions.
China,Male,Incidence,population,40-44 years,42.0,2005-2009,2007.0,1965.0,76546.87610910476,302821500.9028504,25.27788676856936,sensitivity_1990_2019,10-14 to 65-69,6,3,-3,8,25.28278651742112,Custom descriptive weighted least-squares age-period-cohort summaries; not asserted equivalent to conventional NCI APC estimable functions.
China,Male,Incidence,population,40-44 years,42.0,2010-2014,2012.0,1970.0,80302.12602141779,314166640.28164876,25.560360561970345,sensitivity_1990_2019,10-14 to 65-69,6,4,-2,9,25.469076807462308,Custom descriptive weighted least-squares age-period-cohort summaries; not asserted equivalent to conventional NCI APC estimable functions.
China,Male,Incidence,population,40-44 years,42.0,2015-2019,2017.0,1975.0,69437.44361964105,271096876.6691123,25.613516641282825,sensitivity_1990_2019,10-14 to 65-69,6,5,-1,10,25.600628094209718,Custom descriptive weighted least-squares age-period-cohort summaries; not asserted equivalent to conventional NCI APC estimable functions.
China,Male,Incidence,population,45-49 years,47.0,1990-1994,1992.0,1945.0,40058.748168215185,148509915.84282482,26.973786861889604,sensitivity_1990_2019,10-14 to 65-69,7,0,-7,4,27.115569766578545,Custom descriptive weighted least-squares age-period-cohort summaries; not asserted equivalent to conventional NCI APC estimable functions.
China,Male,Incidence,population,45-49 years,47.0,1995-1999,1997.0,1950.0,51757.53378793315,190926480.7331947,27.108619814901623,sensitivity_1990_2019,10-14 to 65-69,7,1,-6,5,27.12731565872651,Custom descriptive weighted least-squares age-period-cohort summaries; not asserted equivalent to conventional NCI APC estimable functions.
China,Male,Incidence,population,45-49 years,47.0,2000-2004,2002.0,1955.0,60953.62939822445,224938451.83283335,27.097914519089482,sensitivity_1990_2019,10-14 to 65-69,7,2,-5,6,27.05453500329299,Custom descriptive weighted least-squares age-period-cohort summaries; not asserted equivalent to conventional NCI APC estimable functions.
China,Male,Incidence,population,45-49 years,47.0,2005-2009,2007.0,1960.0,59404.65308317417,218648940.72504675,27.168964499067076,sensitivity_1990_2019,10-14 to 65-69,7,3,-4,7,27.03240021290891,Custom descriptive weighted least-squares age-period-cohort summaries; not asserted equivalent to conventional NCI APC estimable functions.
China,Male,Incidence,population,45-49 years,47.0,2010-2014,2012.0,1965.0,81450.818737288,298493889.5604462,27.287265028182055,sensitivity_1990_2019,10-14 to 65-69,7,4,-3,8,27.18190757534814,Custom descriptive weighted least-squares age-period-cohort summaries; not asserted equivalent to conventional NCI APC estimable functions.
China,Male,Incidence,population,45-49 years,47.0,2015-2019,2017.0,1970.0,84132.81826001314,309358815.50294274,27.195869018063533,sensitivity_1990_2019,10-14 to 65-69,7,5,-2,9,27.34632169621089,Custom descriptive weighted least-squares age-period-cohort summaries; not asserted equivalent to conventional NCI APC estimable functions.
China,Male,Incidence,population,50-54 years,52.0,1990-1994,1992.0,1940.0,36964.95263523319,127113588.21193841,29.080252674168054,sensitivity_1990_2019,10-14 to 65-69,8,0,-8,3,29.24663557141094,Custom descriptive weighted least-squares age-period-cohort summaries; not asserted equivalent to conventional NCI APC estimable functions.
China,Male,Incidence,population,50-54 years,52.0,1995-1999,1997.0,1945.0,40954.55475985846,141550859.51748294,28.932748906975142,sensitivity_1990_2019,10-14 to 65-69,8,1,-7,4,28.999511149875033,Custom descriptive weighted least-squares age-period-cohort summaries; not asserted equivalent to conventional NCI APC estimable functions.
China,Male,Incidence,population,50-54 years,52.0,2000-2004,2002.0,1950.0,53358.12712757294,183818885.45262656,29.02755448450605,sensitivity_1990_2019,10-14 to 65-69,8,2,-6,5,28.97565269478103,Custom descriptive weighted least-squares age-period-cohort summaries; not asserted equivalent to conventional NCI APC estimable functions.
China,Male,Incidence,population,50-54 years,52.0,2005-2009,2007.0,1955.0,63919.48079370695,219367561.49966562,29.138073266955825,sensitivity_1990_2019,10-14 to 65-69,8,3,-5,6,28.877480083082425,Custom descriptive weighted least-squares age-period-cohort summaries; not asserted equivalent to conventional NCI APC estimable functions.
China,Male,Incidence,population,50-54 years,52.0,2010-2014,2012.0,1960.0,61996.71277015031,214284321.05984783,28.931987400438476,sensitivity_1990_2019,10-14 to 65-69,8,4,-4,7,28.858529839736946,Custom descriptive weighted least-squares age-period-cohort summaries; not asserted equivalent to conventional NCI APC estimable functions.
China,Male,Incidence,population,50-54 years,52.0,2015-2019,2017.0,1965.0,84068.12931017521,291876395.6688329,28.80264747600902,sensitivity_1990_2019,10-14 to 65-69,8,5,-3,8,28.98012451691104,Custom descriptive weighted least-squares age-period-cohort summaries; not asserted equivalent to conventional NCI APC estimable functions.
China,Male,Incidence,population,55-59 years,57.0,1990-1994,1992.0,1935.0,36588.69692359456,117503523.47176792,31.138382784228227,sensitivity_1990_2019,10-14 to 65-69,9,0,-9,2,31.158337768726938,Custom descriptive weighted least-squares age-period-cohort summaries; not asserted equivalent to conventional NCI APC estimable functions.
China,Male,Incidence,population,55-59 years,57.0,1995-1999,1997.0,1940.0,36774.43860476027,118724988.56564125,30.974472222777464,sensitivity_1990_2019,10-14 to 65-69,9,1,-8,3,31.07733532555418,Custom descriptive weighted least-squares age-period-cohort summaries; not asserted equivalent to conventional NCI APC estimable functions.
China,Male,Incidence,population,55-59 years,57.0,2000-2004,2002.0,1945.0,40910.87427328325,132942119.2192585,30.773448259697023,sensitivity_1990_2019,10-14 to 65-69,9,2,-7,4,30.77605867596983,Custom descriptive weighted least-squares age-period-cohort summaries; not asserted equivalent to conventional NCI APC estimable functions.
China,Male,Incidence,population,55-59 years,57.0,2005-2009,2007.0,1950.0,54571.00622614254,175609947.6629735,31.075122424655547,sensitivity_1990_2019,10-14 to 65-69,9,3,-6,5,30.7289955343029,Custom descriptive weighted least-squares age-period-cohort summaries; not asserted equivalent to conventional NCI APC estimable functions.
China,Male,Incidence,population,55-59 years,57.0,2010-2014,2012.0,1955.0,64715.87338138576,210933075.8274536,30.68076124501418,sensitivity_1990_2019,10-14 to 65-69,9,4,-5,6,30.62984541661811,Custom descriptive weighted least-squares age-period-cohort summaries; not asserted equivalent to conventional NCI APC estimable functions.
China,Male,Incidence,population,55-59 years,57.0,2015-2019,2017.0,1960.0,62521.506799733645,206350514.79826164,30.298691942134347,sensitivity_1990_2019,10-14 to 65-69,9,5,-4,7,30.56964787636643,Custom descriptive weighted least-squares age-period-cohort summaries; not asserted equivalent to conventional NCI APC estimable functions.
China,Male,Incidence,population,60-64 years,62.0,1990-1994,1992.0,1930.0,27139.42921158005,96431405.80055028,28.143766013027655,sensitivity_1990_2019,10-14 to 65-69,10,0,-10,1,28.107929725987873,Custom descriptive weighted least-squares age-period-cohort summaries; not asserted equivalent to conventional NCI APC estimable functions.
China,Male,Incidence,population,60-64 years,62.0,1995-1999,1997.0,1935.0,29909.835214765015,106961662.98241252,27.963135931874046,sensitivity_1990_2019,10-14 to 65-69,10,1,-9,2,27.982190953998796,Custom descriptive weighted least-squares age-period-cohort summaries; not asserted equivalent to conventional NCI APC estimable functions.
China,Male,Incidence,population,60-64 years,62.0,2000-2004,2002.0,1940.0,30673.066468011057,109991625.01725844,27.886729069779854,sensitivity_1990_2019,10-14 to 65-69,10,2,-8,3,27.874409308575885,Custom descriptive weighted least-squares age-period-cohort summaries; not asserted equivalent to conventional NCI APC estimable functions.
China,Male,Incidence,population,60-64 years,62.0,2005-2009,2007.0,1945.0,35175.2773012573,126182625.50388446,27.87648232931597,sensitivity_1990_2019,10-14 to 65-69,10,3,-7,4,27.584664924359874,Custom descriptive weighted least-squares age-period-cohort summaries; not asserted equivalent to conventional NCI APC estimable functions.
China,Male,Incidence,population,60-64 years,62.0,2010-2014,2012.0,1950.0,46295.796158269055,168020945.70010757,27.553586230195474,sensitivity_1990_2019,10-14 to 65-69,10,4,-6,5,27.546945582278596,Custom descriptive weighted least-squares age-period-cohort summaries; not asserted equivalent to conventional NCI APC estimable functions.
China,Male,Incidence,population,60-64 years,62.0,2015-2019,2017.0,1955.0,54753.882981704344,201132327.14436823,27.22281582433203,sensitivity_1990_2019,10-14 to 65-69,10,5,-5,6,27.42209387477041,Custom descriptive weighted least-squares age-period-cohort summaries; not asserted equivalent to conventional NCI APC estimable functions.
China,Male,Incidence,population,65-69 years,67.0,1990-1994,1992.0,1925.0,14358.796501639965,71503219.29248825,20.08132870620054,sensitivity_1990_2019,10-14 to 65-69,11,0,-11,0,20.081328706200615,Custom descriptive weighted least-squares age-period-cohort summaries; not asserted equivalent to conventional NCI APC estimable functions.
China,Male,Incidence,population,65-69 years,67.0,1995-1999,1997.0,1930.0,16490.43329178162,82519816.8332762,19.983603847666124,sensitivity_1990_2019,10-14 to 65-69,11,1,-10,1,20.01338043046636,Custom descriptive weighted least-squares age-period-cohort summaries; not asserted equivalent to conventional NCI APC estimable functions.
China,Male,Incidence,population,65-69 years,67.0,2000-2004,2002.0,1935.0,18478.48388186816,92713854.76729767,19.93066077151821,sensitivity_1990_2019,10-14 to 65-69,11,2,-9,2,19.898840540518165,Custom descriptive weighted least-squares age-period-cohort summaries; not asserted equivalent to conventional NCI APC estimable functions.
China,Male,Incidence,population,65-69 years,67.0,2005-2009,2007.0,1940.0,19740.304079749974,98581284.38220662,20.024393274503726,sensitivity_1990_2019,10-14 to 65-69,11,3,-8,3,19.80817851529721,Custom descriptive weighted least-squares age-period-cohort summaries; not asserted equivalent to conventional NCI APC estimable functions.
China,Male,Incidence,population,65-69 years,67.0,2010-2014,2012.0,1945.0,22642.767335479766,115703748.95499928,19.56960560049461,sensitivity_1990_2019,10-14 to 65-69,11,4,-7,4,19.605456383523617,Custom descriptive weighted least-squares age-period-cohort summaries; not asserted equivalent to conventional NCI APC estimable functions.
China,Male,Incidence,population,65-69 years,67.0,2015-2019,2017.0,1950.0,30054.084952416502,154586950.06790072,19.441540789319898,sensitivity_1990_2019,10-14 to 65-69,11,5,-6,5,19.553000713012306,Custom descriptive weighted least-squares age-period-cohort summaries; not asserted equivalent to conventional NCI APC estimable functions.
China,Male,Prevalence,population,10-14 years,12.0,1990-1994,1992.0,1980.0,30749.85798271127,262794123.8511624,11.701120836372635,sensitivity_1990_2019,10-14 to 65-69,0,0,0,11,11.741293707908374,Custom descriptive weighted least-squares age-period-cohort summaries; not asserted equivalent to conventional NCI APC estimable functions.
China,Male,Prevalence,population,10-14 years,12.0,1995-1999,1997.0,1985.0,35714.505705220436,302521098.4270278,11.80562476168427,sensitivity_1990_2019,10-14 to 65-69,0,1,1,12,11.770779178756342,Custom descriptive weighted least-squares age-period-cohort summaries; not asserted equivalent to conventional NCI APC estimable functions.
China,Male,Prevalence,population,10-14 years,12.0,2000-2004,2002.0,1990.0,35649.36648290175,304328589.58376,11.714103670529454,sensitivity_1990_2019,10-14 to 65-69,0,2,2,13,11.61824576785098,Custom descriptive weighted least-squares age-period-cohort summaries; not asserted equivalent to conventional NCI APC estimable functions.
China,Male,Prevalence,population,10-14 years,12.0,2005-2009,2007.0,1995.0,26250.6123119364,231054150.96896982,11.36123813480495,sensitivity_1990_2019,10-14 to 65-69,0,3,3,14,11.42310656968126,Custom descriptive weighted least-squares age-period-cohort summaries; not asserted equivalent to conventional NCI APC estimable functions.
China,Male,Prevalence,population,10-14 years,12.0,2010-2014,2012.0,2000.0,22279.498754601795,196186723.8711834,11.356272389374604,sensitivity_1990_2019,10-14 to 65-69,0,4,4,15,11.428239006798622,Custom descriptive weighted least-squares age-period-cohort summaries; not asserted equivalent to conventional NCI APC estimable functions.
China,Male,Prevalence,population,10-14 years,12.0,2015-2019,2017.0,2005.0,23904.769322365948,209343387.7520192,11.4189273322942,sensitivity_1990_2019,10-14 to 65-69,0,5,5,16,11.41892733229406,Custom descriptive weighted least-squares age-period-cohort summaries; not asserted equivalent to conventional NCI APC estimable functions.
China,Male,Prevalence,population,15-19 years,17.0,1990-1994,1992.0,1975.0,269859.1264048358,294872761.6740186,91.51714280858693,sensitivity_1990_2019,10-14 to 65-69,1,0,-1,10,91.42976899018971,Custom descriptive weighted least-squares age-period-cohort summaries; not asserted equivalent to conventional NCI APC estimable functions.
China,Male,Prevalence,population,15-19 years,17.0,1995-1999,1997.0,1980.0,232550.95623557275,252997471.61433008,91.9182926025735,sensitivity_1990_2019,10-14 to 65-69,1,1,0,11,91.5322186143263,Custom descriptive weighted least-squares age-period-cohort summaries; not asserted equivalent to conventional NCI APC estimable functions.
China,Male,Prevalence,population,15-19 years,17.0,2000-2004,2002.0,1985.0,272452.929212234,297277798.50025815,91.64926899577985,sensitivity_1990_2019,10-14 to 65-69,1,2,1,12,91.48453281580788,Custom descriptive weighted least-squares age-period-cohort summaries; not asserted equivalent to conventional NCI APC estimable functions.
China,Male,Prevalence,population,15-19 years,17.0,2005-2009,2007.0,1990.0,276730.9521663387,308314506.6511137,89.75605954198105,sensitivity_1990_2019,10-14 to 65-69,1,3,2,13,90.35321142506602,Custom descriptive weighted least-squares age-period-cohort summaries; not asserted equivalent to conventional NCI APC estimable functions.
China,Male,Prevalence,population,15-19 years,17.0,2010-2014,2012.0,1995.0,208117.9826951761,234333386.36097303,88.81277479368046,sensitivity_1990_2019,10-14 to 65-69,1,4,3,14,89.22161911540393,Custom descriptive weighted least-squares age-period-cohort summaries; not asserted equivalent to conventional NCI APC estimable functions.
China,Male,Prevalence,population,15-19 years,17.0,2015-2019,2017.0,2000.0,177166.57367830406,197039540.02404895,89.91422414845296,sensitivity_1990_2019,10-14 to 65-69,1,5,4,15,89.35045366028446,Custom descriptive weighted least-squares age-period-cohort summaries; not asserted equivalent to conventional NCI APC estimable functions.
China,Male,Prevalence,population,20-24 years,22.0,1990-1994,1992.0,1970.0,977317.8676443907,332387278.13606846,294.02986574122394,sensitivity_1990_2019,10-14 to 65-69,2,0,-2,9,293.65603055051395,Custom descriptive weighted least-squares age-period-cohort summaries; not asserted equivalent to conventional NCI APC estimable functions.
China,Male,Prevalence,population,20-24 years,22.0,1995-1999,1997.0,1975.0,811588.0893269073,276579078.4240932,293.4379903032495,sensitivity_1990_2019,10-14 to 65-69,2,1,-1,10,293.55558877042233,Custom descriptive weighted least-squares age-period-cohort summaries; not asserted equivalent to conventional NCI APC estimable functions.
China,Male,Prevalence,population,20-24 years,22.0,2000-2004,2002.0,1980.0,695520.8639977764,238746001.20962787,291.3225186909343,sensitivity_1990_2019,10-14 to 65-69,2,2,0,11,292.9956312530677,Custom descriptive weighted least-squares age-period-cohort summaries; not asserted equivalent to conventional NCI APC estimable functions.
China,Male,Prevalence,population,20-24 years,22.0,2005-2009,2007.0,1985.0,840305.6950847165,287493839.2000328,292.286505137958,sensitivity_1990_2019,10-14 to 65-69,2,3,1,12,293.0187437927147,Custom descriptive weighted least-squares age-period-cohort summaries; not asserted equivalent to conventional NCI APC estimable functions.
China,Male,Prevalence,population,20-24 years,22.0,2010-2014,2012.0,1990.0,869433.1180327234,299687454.6813394,290.1132845074213,sensitivity_1990_2019,10-14 to 65-69,2,4,2,13,290.65256394257744,Custom descriptive weighted least-squares age-period-cohort summaries; not asserted equivalent to conventional NCI APC estimable functions.
China,Male,Prevalence,population,20-24 years,22.0,2015-2019,2017.0,1995.0,658087.6443917769,226718083.41905576,290.2669405401582,sensitivity_1990_2019,10-14 to 65-69,2,5,3,14,287.29776067701505,Custom descriptive weighted least-squares age-period-cohort summaries; not asserted equivalent to conventional NCI APC estimable functions.
China,Male,Prevalence,population,25-29 years,27.0,1990-1994,1992.0,1965.0,1480435.726235373,317927863.2578703,465.65145661190326,sensitivity_1990_2019,10-14 to 65-69,3,0,-3,8,464.81902939897503,Custom descriptive weighted least-squares age-period-cohort summaries; not asserted equivalent to conventional NCI APC estimable functions.
China,Male,Prevalence,population,25-29 years,27.0,1995-1999,1997.0,1970.0,1529630.6799100551,328913544.4608389,465.0555459543187,sensitivity_1990_2019,10-14 to 65-69,3,1,-2,9,465.26380530473745,Custom descriptive weighted least-squares age-period-cohort summaries; not asserted equivalent to conventional NCI APC estimable functions.
China,Male,Prevalence,population,25-29 years,27.0,2000-2004,2002.0,1975.0,1271303.7450916506,275142485.69077766,462.05286758963916,sensitivity_1990_2019,10-14 to 65-69,3,2,-1,10,463.69789296096474,Custom descriptive weighted least-squares age-period-cohort summaries; not asserted equivalent to conventional NCI APC estimable functions.
China,Male,Prevalence,population,25-29 years,27.0,2005-2009,2007.0,1980.0,1116314.3555605202,240321515.9644538,464.50870246908534,sensitivity_1990_2019,10-14 to 65-69,3,3,0,11,463.0911551410089,Custom descriptive weighted least-squares age-period-cohort summaries; not asserted equivalent to conventional NCI APC estimable functions.
China,Male,Prevalence,population,25-29 years,27.0,2010-2014,2012.0,1985.0,1330044.7907614643,286223651.0207422,464.6872423079664,sensitivity_1990_2019,10-14 to 65-69,3,4,1,12,465.1398849148762,Custom descriptive weighted least-squares age-period-cohort summaries; not asserted equivalent to conventional NCI APC estimable functions.
China,Male,Prevalence,population,25-29 years,27.0,2015-2019,2017.0,1990.0,1352483.3033611649,292744711.6888292,462.00093438366764,sensitivity_1990_2019,10-14 to 65-69,3,5,2,13,461.84251873790777,Custom descriptive weighted least-squares age-period-cohort summaries; not asserted equivalent to conventional NCI APC estimable functions.
China,Male,Prevalence,population,30-34 years,32.0,1990-1994,1992.0,1960.0,1313750.8528603269,238852164.95901418,550.0267720352294,sensitivity_1990_2019,10-14 to 65-69,4,0,-4,7,548.9843553509286,Custom descriptive weighted least-squares age-period-cohort summaries; not asserted equivalent to conventional NCI APC estimable functions.
China,Male,Prevalence,population,30-34 years,32.0,1995-1999,1997.0,1965.0,1739280.3773059626,315985222.0499476,550.4309239598032,sensitivity_1990_2019,10-14 to 65-69,4,1,-3,8,551.2835792642793,Custom descriptive weighted least-squares age-period-cohort summaries; not asserted equivalent to conventional NCI APC estimable functions.
China,Male,Prevalence,population,30-34 years,32.0,2000-2004,2002.0,1970.0,1769765.941797976,322202260.48993665,549.271733570985,sensitivity_1990_2019,10-14 to 65-69,4,2,-2,9,550.1420616206013,Custom descriptive weighted least-squares age-period-cohort summaries; not asserted equivalent to conventional NCI APC estimable functions.
China,Male,Prevalence,population,30-34 years,32.0,2005-2009,2007.0,1975.0,1531513.6717861453,278476668.6148849,549.9612155674445,sensitivity_1990_2019,10-14 to 65-69,4,3,-1,10,548.6195462631431,Custom descriptive weighted least-squares age-period-cohort summaries; not asserted equivalent to conventional NCI APC estimable functions.
China,Male,Prevalence,population,30-34 years,32.0,2010-2014,2012.0,1980.0,1351577.4844238267,245318144.76102477,550.9488447095741,sensitivity_1990_2019,10-14 to 65-69,4,4,0,11,550.282216466902,Custom descriptive weighted least-squares age-period-cohort summaries; not asserted equivalent to conventional NCI APC estimable functions.
China,Male,Prevalence,population,30-34 years,32.0,2015-2019,2017.0,1985.0,1604695.1309912612,290471078.0017486,552.4457519249476,sensitivity_1990_2019,10-14 to 65-69,4,5,1,12,553.266211769745,Custom descriptive weighted least-squares age-period-cohort summaries; not asserted equivalent to conventional NCI APC estimable functions.
China,Male,Prevalence,population,35-39 years,37.0,1990-1994,1992.0,1955.0,1413416.641828176,242924879.01208702,581.8328067409883,sensitivity_1990_2019,10-14 to 65-69,5,0,-5,6,581.8204635611432,Custom descriptive weighted least-squares age-period-cohort summaries; not asserted equivalent to conventional NCI APC estimable functions.
China,Male,Prevalence,population,35-39 years,37.0,1995-1999,1997.0,1960.0,1358155.0079946765,232661129.6788801,583.7481361279418,sensitivity_1990_2019,10-14 to 65-69,5,1,-4,7,584.4305056790927,Custom descriptive weighted least-squares age-period-cohort summaries; not asserted equivalent to conventional NCI APC estimable functions.
China,Male,Prevalence,population,35-39 years,37.0,2000-2004,2002.0,1965.0,1813736.8362065805,310229598.2687983,584.6433887443161,sensitivity_1990_2019,10-14 to 65-69,5,2,-3,8,585.1030880281603,Custom descriptive weighted least-squares age-period-cohort summaries; not asserted equivalent to conventional NCI APC estimable functions.
China,Male,Prevalence,population,35-39 years,37.0,2005-2009,2007.0,1970.0,1874172.6621270597,320547285.7914256,584.6789990748979,sensitivity_1990_2019,10-14 to 65-69,5,3,-2,9,584.2419755159142,Custom descriptive weighted least-squares age-period-cohort summaries; not asserted equivalent to conventional NCI APC estimable functions.
China,Male,Prevalence,population,35-39 years,37.0,2010-2014,2012.0,1975.0,1625383.7383788598,277669784.59408736,585.3657216448427,sensitivity_1990_2019,10-14 to 65-69,5,4,-1,10,585.1564812315543,Custom descriptive weighted least-squares age-period-cohort summaries; not asserted equivalent to conventional NCI APC estimable functions.
China,Male,Prevalence,population,35-39 years,37.0,2015-2019,2017.0,1980.0,1424700.3064739853,242325043.53283077,587.9294544647274,sensitivity_1990_2019,10-14 to 65-69,5,5,0,11,587.5134273143483,Custom descriptive weighted least-squares age-period-cohort summaries; not asserted equivalent to conventional NCI APC estimable functions.
China,Male,Prevalence,population,40-44 years,42.0,1990-1994,1992.0,1950.0,1152060.6318965917,196978962.8304449,584.8648075623487,sensitivity_1990_2019,10-14 to 65-69,6,0,-6,5,585.6125720622426,Custom descriptive weighted least-squares age-period-cohort summaries; not asserted equivalent to conventional NCI APC estimable functions.
China,Male,Prevalence,population,40-44 years,42.0,1995-1999,1997.0,1955.0,1368207.674744998,233230415.3956924,586.633468205137,sensitivity_1990_2019,10-14 to 65-69,6,1,-5,6,587.1386832187488,Custom descriptive weighted least-squares age-period-cohort summaries; not asserted equivalent to conventional NCI APC estimable functions.
China,Male,Prevalence,population,40-44 years,42.0,2000-2004,2002.0,1960.0,1312840.1628813955,223274974.92135864,587.9925250663675,sensitivity_1990_2019,10-14 to 65-69,6,2,-4,7,587.988733271282,Custom descriptive weighted least-squares age-period-cohort summaries; not asserted equivalent to conventional NCI APC estimable functions.
China,Male,Prevalence,population,40-44 years,42.0,2005-2009,2007.0,1965.0,1784245.3959780054,302821500.9028504,589.2069719812985,sensitivity_1990_2019,10-14 to 65-69,6,3,-3,8,589.0187093153901,Custom descriptive weighted least-squares age-period-cohort summaries; not asserted equivalent to conventional NCI APC estimable functions.
China,Male,Prevalence,population,40-44 years,42.0,2010-2014,2012.0,1970.0,1857735.9812513264,314166640.28164876,591.3218474074382,sensitivity_1990_2019,10-14 to 65-69,6,4,-2,9,590.7072391161275,Custom descriptive weighted least-squares age-period-cohort summaries; not asserted equivalent to conventional NCI APC estimable functions.
China,Male,Prevalence,population,40-44 years,42.0,2015-2019,2017.0,1975.0,1605653.229605275,271096876.6691123,592.2802392021127,sensitivity_1990_2019,10-14 to 65-69,6,5,-1,10,592.220085145874,Custom descriptive weighted least-squares age-period-cohort summaries; not asserted equivalent to conventional NCI APC estimable functions.
China,Male,Prevalence,population,45-49 years,47.0,1990-1994,1992.0,1945.0,861902.1296932683,148509915.84282482,580.3667215093307,sensitivity_1990_2019,10-14 to 65-69,7,0,-7,4,581.774281684557,Custom descriptive weighted least-squares age-period-cohort summaries; not asserted equivalent to conventional NCI APC estimable functions.
China,Male,Prevalence,population,45-49 years,47.0,1995-1999,1997.0,1950.0,1114953.4329994342,190926480.7331947,583.970033238866,sensitivity_1990_2019,10-14 to 65-69,7,1,-6,5,584.6329579466801,Custom descriptive weighted least-squares age-period-cohort summaries; not asserted equivalent to conventional NCI APC estimable functions.
China,Male,Prevalence,population,45-49 years,47.0,2000-2004,2002.0,1955.0,1314982.4871032448,224938451.83283335,584.5965758137676,sensitivity_1990_2019,10-14 to 65-69,7,2,-5,6,584.3836039615055,Custom descriptive weighted least-squares age-period-cohort summaries; not asserted equivalent to conventional NCI APC estimable functions.
China,Male,Prevalence,population,45-49 years,47.0,2005-2009,2007.0,1960.0,1281360.280709689,218648940.72504675,586.0354394860813,sensitivity_1990_2019,10-14 to 65-69,7,3,-4,7,585.5809019927029,Custom descriptive weighted least-squares age-period-cohort summaries; not asserted equivalent to conventional NCI APC estimable functions.
China,Male,Prevalence,population,45-49 years,47.0,2010-2014,2012.0,1965.0,1762465.520842327,298493889.5604462,590.4527973546409,sensitivity_1990_2019,10-14 to 65-69,7,4,-3,8,589.1553518173314,Custom descriptive weighted least-squares age-period-cohort summaries; not asserted equivalent to conventional NCI APC estimable functions.
China,Male,Prevalence,population,45-49 years,47.0,2015-2019,2017.0,1970.0,1827684.3607876203,309358815.50294274,590.7975687766475,sensitivity_1990_2019,10-14 to 65-69,7,5,-2,9,591.4317106070637,Custom descriptive weighted least-squares age-period-cohort summaries; not asserted equivalent to conventional NCI APC estimable functions.
China,Male,Prevalence,population,50-54 years,52.0,1990-1994,1992.0,1940.0,732797.4392133005,127113588.21193841,576.4902474403415,sensitivity_1990_2019,10-14 to 65-69,8,0,-8,3,577.9027451324037,Custom descriptive weighted least-squares age-period-cohort summaries; not asserted equivalent to conventional NCI APC estimable functions.
China,Male,Prevalence,population,50-54 years,52.0,1995-1999,1997.0,1945.0,819678.6702595723,141550859.51748294,579.0700763341772,sensitivity_1990_2019,10-14 to 65-69,8,1,-7,4,579.8404091757158,Custom descriptive weighted least-squares age-period-cohort summaries; not asserted equivalent to conventional NCI APC estimable functions.
China,Male,Prevalence,population,50-54 years,52.0,2000-2004,2002.0,1950.0,1068148.2875069526,183818885.45262656,581.0873484934897,sensitivity_1990_2019,10-14 to 65-69,8,2,-6,5,580.9271568934245,Custom descriptive weighted least-squares age-period-cohort summaries; not asserted equivalent to conventional NCI APC estimable functions.
China,Male,Prevalence,population,50-54 years,52.0,2005-2009,2007.0,1955.0,1277342.9759812937,219367561.49966562,582.2843483553246,sensitivity_1990_2019,10-14 to 65-69,8,3,-5,6,581.0278892835713,Custom descriptive weighted least-squares age-period-cohort summaries; not asserted equivalent to conventional NCI APC estimable functions.
China,Male,Prevalence,population,50-54 years,52.0,2010-2014,2012.0,1960.0,1256325.5606777333,214284321.05984783,586.2890735374204,sensitivity_1990_2019,10-14 to 65-69,8,4,-4,7,584.7479370980662,Custom descriptive weighted least-squares age-period-cohort summaries; not asserted equivalent to conventional NCI APC estimable functions.
China,Male,Prevalence,population,50-54 years,52.0,2015-2019,2017.0,1965.0,1715399.6110927816,291876395.6688329,587.7144012149233,sensitivity_1990_2019,10-14 to 65-69,8,5,-3,8,588.9022272926264,Custom descriptive weighted least-squares age-period-cohort summaries; not asserted equivalent to conventional NCI APC estimable functions.
China,Male,Prevalence,population,55-59 years,57.0,1990-1994,1992.0,1935.0,674599.3646924932,117503523.47176792,574.1099030571422,sensitivity_1990_2019,10-14 to 65-69,9,0,-9,2,574.2249954479421,Custom descriptive weighted least-squares age-period-cohort summaries; not asserted equivalent to conventional NCI APC estimable functions.
China,Male,Prevalence,population,55-59 years,57.0,1995-1999,1997.0,1940.0,681910.3320942043,118724988.56564125,574.3612531216934,sensitivity_1990_2019,10-14 to 65-69,9,1,-8,3,575.384157185667,Custom descriptive weighted least-squares age-period-cohort summaries; not asserted equivalent to conventional NCI APC estimable functions.
China,Male,Prevalence,population,55-59 years,57.0,2000-2004,2002.0,1945.0,764640.1562213718,132942119.2192585,575.1677201416262,sensitivity_1990_2019,10-14 to 65-69,9,2,-7,4,575.5672116465028,Custom descriptive weighted least-squares age-period-cohort summaries; not asserted equivalent to conventional NCI APC estimable functions.
China,Male,Prevalence,population,55-59 years,57.0,2005-2009,2007.0,1950.0,1016778.4969891948,175609947.6629735,578.998234735866,sensitivity_1990_2019,10-14 to 65-69,9,3,-6,5,576.9920355162122,Custom descriptive weighted least-squares age-period-cohort summaries; not asserted equivalent to conventional NCI APC estimable functions.
China,Male,Prevalence,population,55-59 years,57.0,2010-2014,2012.0,1955.0,1226246.9986421007,210933075.8274536,581.3441034943182,sensitivity_1990_2019,10-14 to 65-69,9,4,-5,6,579.5994381498953,Custom descriptive weighted least-squares age-period-cohort summaries; not asserted equivalent to conventional NCI APC estimable functions.
China,Male,Prevalence,population,55-59 years,57.0,2015-2019,2017.0,1960.0,1199521.6835412702,206350514.79826164,581.3029760134019,sensitivity_1990_2019,10-14 to 65-69,9,5,-4,7,583.8902870530823,Custom descriptive weighted least-squares age-period-cohort summaries; not asserted equivalent to conventional NCI APC estimable functions.
China,Male,Prevalence,population,60-64 years,62.0,1990-1994,1992.0,1930.0,542514.8010852402,96431405.80055028,562.59140534291,sensitivity_1990_2019,10-14 to 65-69,10,0,-10,1,561.9203174796548,Custom descriptive weighted least-squares age-period-cohort summaries; not asserted equivalent to conventional NCI APC estimable functions.
China,Male,Prevalence,population,60-64 years,62.0,1995-1999,1997.0,1935.0,601833.3668895016,106961662.98241252,562.6626868997538,sensitivity_1990_2019,10-14 to 65-69,10,1,-9,2,562.705844985837,Custom descriptive weighted least-squares age-period-cohort summaries; not asserted equivalent to conventional NCI APC estimable functions.
China,Male,Prevalence,population,60-64 years,62.0,2000-2004,2002.0,1940.0,618247.0829987286,109991625.01725844,562.0855977913968,sensitivity_1990_2019,10-14 to 65-69,10,2,-8,3,562.1363353987547,Custom descriptive weighted least-squares age-period-cohort summaries; not asserted equivalent to conventional NCI APC estimable functions.
China,Male,Prevalence,population,60-64 years,62.0,2005-2009,2007.0,1945.0,712687.6848441106,126182625.50388446,564.8065111960844,sensitivity_1990_2019,10-14 to 65-69,10,3,-7,4,562.6526593280046,Custom descriptive weighted least-squares age-period-cohort summaries; not asserted equivalent to conventional NCI APC estimable functions.
China,Male,Prevalence,population,60-64 years,62.0,2010-2014,2012.0,1950.0,954186.7455714272,168020945.70010757,567.897497300431,sensitivity_1990_2019,10-14 to 65-69,10,4,-6,5,566.4961808383788,Custom descriptive weighted least-squares age-period-cohort summaries; not asserted equivalent to conventional NCI APC estimable functions.
China,Male,Prevalence,population,60-64 years,62.0,2015-2019,2017.0,1955.0,1140044.708837682,201132327.14436823,566.813264194663,sensitivity_1990_2019,10-14 to 65-69,10,5,-5,6,569.6219279434664,Custom descriptive weighted least-squares age-period-cohort summaries; not asserted equivalent to conventional NCI APC estimable functions.
China,Male,Prevalence,population,65-69 years,67.0,1990-1994,1992.0,1925.0,367350.8605354894,71503219.29248825,513.7542954993655,sensitivity_1990_2019,10-14 to 65-69,11,0,-11,0,513.7542954993696,Custom descriptive weighted least-squares age-period-cohort summaries; not asserted equivalent to conventional NCI APC estimable functions.
China,Male,Prevalence,population,65-69 years,67.0,1995-1999,1997.0,1930.0,424461.4671717879,82519816.8332762,514.3751930877087,sensitivity_1990_2019,10-14 to 65-69,11,1,-10,1,515.0931338481859,Custom descriptive weighted least-squares age-period-cohort summaries; not asserted equivalent to conventional NCI APC estimable functions.
China,Male,Prevalence,population,65-69 years,67.0,2000-2004,2002.0,1935.0,476947.169660375,92713854.76729767,514.4292305151844,sensitivity_1990_2019,10-14 to 65-69,11,2,-9,2,514.2530509694064,Custom descriptive weighted least-squares age-period-cohort summaries; not asserted equivalent to conventional NCI APC estimable functions.
China,Male,Prevalence,population,65-69 years,67.0,2005-2009,2007.0,1940.0,509491.51516187727,98581284.38220662,516.8237747710231,sensitivity_1990_2019,10-14 to 65-69,11,3,-8,3,514.0409064248505,Custom descriptive weighted least-squares age-period-cohort summaries; not asserted equivalent to conventional NCI APC estimable functions.
China,Male,Prevalence,population,65-69 years,67.0,2010-2014,2012.0,1945.0,598715.0402418756,115703748.95499928,517.4551781159088,sensitivity_1990_2019,10-14 to 65-69,11,4,-7,4,516.748513459593,Custom descriptive weighted least-squares age-period-cohort summaries; not asserted equivalent to conventional NCI APC estimable functions.
China,Male,Prevalence,population,65-69 years,67.0,2015-2019,2017.0,1950.0,801927.0559372902,154586950.06790072,518.754691508599,sensitivity_1990_2019,10-14 to 65-69,11,5,-6,5,520.7957387588287,Custom descriptive weighted least-squares age-period-cohort summaries; not asserted equivalent to conventional NCI APC estimable functions.
United States of America,Female,DALYs,population,10-14 years,12.0,1990-1994,1992.0,1980.0,3712.1890826316685,44866948.87968487,8.27377206456866,sensitivity_1990_2019,10-14 to 65-69,0,0,0,11,8.502785177735062,Custom descriptive weighted least-squares age-period-cohort summaries; not asserted equivalent to conventional NCI APC estimable functions.
United States of America,Female,DALYs,population,10-14 years,12.0,1995-1999,1997.0,1985.0,4061.109454639183,47904090.14400942,8.477583944148952,sensitivity_1990_2019,10-14 to 65-69,0,1,1,12,8.484481871948793,Custom descriptive weighted least-squares age-period-cohort summaries; not asserted equivalent to conventional NCI APC estimable functions.
United States of America,Female,DALYs,population,10-14 years,12.0,2000-2004,2002.0,1990.0,4420.02280427762,51704608.30897902,8.548605141468675,sensitivity_1990_2019,10-14 to 65-69,0,2,2,13,8.429079402350974,Custom descriptive weighted least-squares age-period-cohort summaries; not asserted equivalent to conventional NCI APC estimable functions.
United States of America,Female,DALYs,population,10-14 years,12.0,2005-2009,2007.0,1995.0,4280.683852736008,51156941.76612981,8.367747767850696,sensitivity_1990_2019,10-14 to 65-69,0,3,3,14,8.313305007201462,Custom descriptive weighted least-squares age-period-cohort summaries; not asserted equivalent to conventional NCI APC estimable functions.
United States of America,Female,DALYs,population,10-14 years,12.0,2010-2014,2012.0,2000.0,4235.034077020652,51252599.83526834,8.263061953213166,sensitivity_1990_2019,10-14 to 65-69,0,4,4,15,8.230556277068466,Custom descriptive weighted least-squares age-period-cohort summaries; not asserted equivalent to conventional NCI APC estimable functions.
United States of America,Female,DALYs,population,10-14 years,12.0,2015-2019,2017.0,2005.0,4431.088319040099,52527374.71122294,8.43576962184131,sensitivity_1990_2019,10-14 to 65-69,0,5,5,16,8.43576962184127,Custom descriptive weighted least-squares age-period-cohort summaries; not asserted equivalent to conventional NCI APC estimable functions.
United States of America,Female,DALYs,population,15-19 years,17.0,1990-1994,1992.0,1975.0,35291.23781895434,43419624.02325654,81.2794643271244,sensitivity_1990_2019,10-14 to 65-69,1,0,-1,10,83.10453955523101,Custom descriptive weighted least-squares age-period-cohort summaries; not asserted equivalent to conventional NCI APC estimable functions.
United States of America,Female,DALYs,population,15-19 years,17.0,1995-1999,1997.0,1980.0,38808.91380903249,47208256.14885994,82.2078953449538,sensitivity_1990_2019,10-14 to 65-69,1,1,0,11,82.5965781812366,Custom descriptive weighted least-squares age-period-cohort summaries; not asserted equivalent to conventional NCI APC estimable functions.
United States of America,Female,DALYs,population,15-19 years,17.0,2000-2004,2002.0,1985.0,41575.85334161682,50099776.50911215,82.98610540519078,sensitivity_1990_2019,10-14 to 65-69,1,2,1,12,82.7111976866935,Custom descriptive weighted least-squares age-period-cohort summaries; not asserted equivalent to conventional NCI APC estimable functions.
United States of America,Female,DALYs,population,15-19 years,17.0,2005-2009,2007.0,1990.0,44331.37900525838,53643838.00586514,82.64020743708049,sensitivity_1990_2019,10-14 to 65-69,1,3,2,13,82.03547253101173,Custom descriptive weighted least-squares age-period-cohort summaries; not asserted equivalent to conventional NCI APC estimable functions.
United States of America,Female,DALYs,population,15-19 years,17.0,2010-2014,2012.0,1995.0,42089.4879486872,52678141.0947861,79.89934168890609,sensitivity_1990_2019,10-14 to 65-69,1,4,3,14,78.6523461723976,Custom descriptive weighted least-squares age-period-cohort summaries; not asserted equivalent to conventional NCI APC estimable functions.
United States of America,Female,DALYs,population,15-19 years,17.0,2015-2019,2017.0,2000.0,40197.4803697814,52418328.388535105,76.6859257163442,sensitivity_1990_2019,10-14 to 65-69,1,5,4,15,76.98204000618712,Custom descriptive weighted least-squares age-period-cohort summaries; not asserted equivalent to conventional NCI APC estimable functions.
United States of America,Female,DALYs,population,20-24 years,22.0,1990-1994,1992.0,1970.0,160913.93082556233,48028647.128659785,335.03740047997593,sensitivity_1990_2019,10-14 to 65-69,2,0,-2,9,336.53846620538815,Custom descriptive weighted least-squares age-period-cohort summaries; not asserted equivalent to conventional NCI APC estimable functions.
United States of America,Female,DALYs,population,20-24 years,22.0,1995-1999,1997.0,1975.0,151215.4549805946,45139668.45074698,334.99460711721787,sensitivity_1990_2019,10-14 to 65-69,2,1,-1,10,334.91755656386067,Custom descriptive weighted least-squares age-period-cohort summaries; not asserted equivalent to conventional NCI APC estimable functions.
United States of America,Female,DALYs,population,20-24 years,22.0,2000-2004,2002.0,1980.0,165482.15949394528,48970830.21961158,337.91985709009657,sensitivity_1990_2019,10-14 to 65-69,2,2,0,11,334.05144660476617,Custom descriptive weighted least-squares age-period-cohort summaries; not asserted equivalent to conventional NCI APC estimable functions.
United States of America,Female,DALYs,population,20-24 years,22.0,2005-2009,2007.0,1985.0,174558.30667146863,51644265.788528614,338.0013327834783,sensitivity_1990_2019,10-14 to 65-69,2,3,1,12,333.9628558791475,Custom descriptive weighted least-squares age-period-cohort summaries; not asserted equivalent to conventional NCI APC estimable functions.
United States of America,Female,DALYs,population,20-24 years,22.0,2010-2014,2012.0,1990.0,176928.48719958583,54764648.69985311,323.0706147121882,sensitivity_1990_2019,10-14 to 65-69,2,4,2,13,321.99710639270984,Custom descriptive weighted least-squares age-period-cohort summaries; not asserted equivalent to conventional NCI APC estimable functions.
United States of America,Female,DALYs,population,20-24 years,22.0,2015-2019,2017.0,1995.0,160541.92858550788,53752322.67143304,298.66975156931915,sensitivity_1990_2019,10-14 to 65-69,2,5,3,14,305.19978716083426,Custom descriptive weighted least-squares age-period-cohort summaries; not asserted equivalent to conventional NCI APC estimable functions.
United States of America,Female,DALYs,population,25-29 years,27.0,1990-1994,1992.0,1965.0,257152.6589818398,51756920.11545757,496.8469113080771,sensitivity_1990_2019,10-14 to 65-69,3,0,-3,8,494.86339564228194,Custom descriptive weighted least-squares age-period-cohort summaries; not asserted equivalent to conventional NCI APC estimable functions.
United States of America,Female,DALYs,population,25-29 years,27.0,1995-1999,1997.0,1970.0,243462.68221924698,49347864.08389156,493.3601215350668,sensitivity_1990_2019,10-14 to 65-69,3,1,-2,9,494.3730358457285,Custom descriptive weighted least-squares age-period-cohort summaries; not asserted equivalent to conventional NCI APC estimable functions.
United States of America,Female,DALYs,population,25-29 years,27.0,2000-2004,2002.0,1975.0,232850.04302451736,46818846.944058284,497.3425409274588,sensitivity_1990_2019,10-14 to 65-69,3,2,-1,10,493.73749922786345,Custom descriptive weighted least-squares age-period-cohort summaries; not asserted equivalent to conventional NCI APC estimable functions.
United States of America,Female,DALYs,population,25-29 years,27.0,2005-2009,2007.0,1980.0,254546.4704850002,50853551.029805,500.54807448119374,sensitivity_1990_2019,10-14 to 65-69,3,3,0,11,491.6478126089956,Custom descriptive weighted least-squares age-period-cohort summaries; not asserted equivalent to conventional NCI APC estimable functions.
United States of America,Female,DALYs,population,25-29 years,27.0,2010-2014,2012.0,1985.0,254339.74622103773,53284767.609761104,477.3216767758707,sensitivity_1990_2019,10-14 to 65-69,3,4,1,12,477.81012569836145,Custom descriptive weighted least-squares age-period-cohort summaries; not asserted equivalent to conventional NCI APC estimable functions.
United States of America,Female,DALYs,population,25-29 years,27.0,2015-2019,2017.0,1990.0,251790.68420611555,56574497.35548754,445.0603999607478,sensitivity_1990_2019,10-14 to 65-69,3,5,2,13,455.4402520885085,Custom descriptive weighted least-squares age-period-cohort summaries; not asserted equivalent to conventional NCI APC estimable functions.
United States of America,Female,DALYs,population,30-34 years,32.0,1990-1994,1992.0,1960.0,299597.99105395726,56381218.38717176,531.3790649159222,sensitivity_1990_2019,10-14 to 65-69,4,0,-4,7,527.4896179655312,Custom descriptive weighted least-squares age-period-cohort summaries; not asserted equivalent to conventional NCI APC estimable functions.
United States of America,Female,DALYs,population,30-34 years,32.0,1995-1999,1997.0,1965.0,280373.75828582427,53259018.06448565,526.4343363340828,sensitivity_1990_2019,10-14 to 65-69,4,1,-3,8,528.8111836273961,Custom descriptive weighted least-squares age-period-cohort summaries; not asserted equivalent to conventional NCI APC estimable functions.
United States of America,Female,DALYs,population,30-34 years,32.0,2000-2004,2002.0,1970.0,269586.7172909006,50901689.918820396,529.6223322267805,sensitivity_1990_2019,10-14 to 65-69,4,2,-2,9,530.1615294417571,Custom descriptive weighted least-squares age-period-cohort summaries; not asserted equivalent to conventional NCI APC estimable functions.
United States of America,Female,DALYs,population,30-34 years,32.0,2005-2009,2007.0,1975.0,258638.38155855064,48442676.59160142,533.9060509373076,sensitivity_1990_2019,10-14 to 65-69,4,3,-1,10,528.6060186535873,Custom descriptive weighted least-squares age-period-cohort summaries; not asserted equivalent to conventional NCI APC estimable functions.
United States of America,Female,DALYs,population,30-34 years,32.0,2010-2014,2012.0,1980.0,267905.94129131996,52269279.15421511,512.5495235947126,sensitivity_1990_2019,10-14 to 65-69,4,4,0,11,511.6895294280566,Custom descriptive weighted least-squares age-period-cohort summaries; not asserted equivalent to conventional NCI APC estimable functions.
United States of America,Female,DALYs,population,30-34 years,32.0,2015-2019,2017.0,1985.0,266159.9145563829,54828476.98846771,485.44101382273556,sensitivity_1990_2019,10-14 to 65-69,4,5,1,12,491.6205489661276,Custom descriptive weighted least-squares age-period-cohort summaries; not asserted equivalent to conventional NCI APC estimable functions.
United States of America,Female,DALYs,population,35-39 years,37.0,1990-1994,1992.0,1955.0,280224.20454225154,53629378.20393476,522.5199581405768,sensitivity_1990_2019,10-14 to 65-69,5,0,-5,6,517.7452721153228,Custom descriptive weighted least-squares age-period-cohort summaries; not asserted equivalent to conventional NCI APC estimable functions.
United States of America,Female,DALYs,population,35-39 years,37.0,1995-1999,1997.0,1960.0,295601.40747125435,57072581.92587578,517.9394334308773,sensitivity_1990_2019,10-14 to 65-69,5,1,-4,7,519.4768625710606,Custom descriptive weighted least-squares age-period-cohort summaries; not asserted equivalent to conventional NCI APC estimable functions.
United States of America,Female,DALYs,population,35-39 years,37.0,2000-2004,2002.0,1965.0,283189.42963448673,54442738.9584834,520.1601444968438,sensitivity_1990_2019,10-14 to 65-69,5,2,-3,8,522.626056557242,Custom descriptive weighted least-squares age-period-cohort summaries; not asserted equivalent to conventional NCI APC estimable functions.
United States of America,Female,DALYs,population,35-39 years,37.0,2005-2009,2007.0,1970.0,274072.7613124997,52260331.59028413,524.4374709697657,sensitivity_1990_2019,10-14 to 65-69,5,3,-2,9,523.0957520879766,Custom descriptive weighted least-squares age-period-cohort summaries; not asserted equivalent to conventional NCI APC estimable functions.
United States of America,Female,DALYs,population,35-39 years,37.0,2010-2014,2012.0,1975.0,251669.765196353,49720636.79604594,506.16762256827565,sensitivity_1990_2019,10-14 to 65-69,5,4,-1,10,507.015824971921,Custom descriptive weighted least-squares age-period-cohort summaries; not asserted equivalent to conventional NCI APC estimable functions.
United States of America,Female,DALYs,population,35-39 years,37.0,2015-2019,2017.0,1980.0,258676.67078375266,53429888.98531955,484.1422576319163,sensitivity_1990_2019,10-14 to 65-69,5,5,0,11,485.19710481498123,Custom descriptive weighted least-squares age-period-cohort summaries; not asserted equivalent to conventional NCI APC estimable functions.
United States of America,Female,DALYs,population,40-44 years,42.0,1990-1994,1992.0,1950.0,238015.81041251306,48221306.157928,493.5905502704456,sensitivity_1990_2019,10-14 to 65-69,6,0,-6,5,488.97673859019466,Custom descriptive weighted least-squares age-period-cohort summaries; not asserted equivalent to conventional NCI APC estimable functions.
United States of America,Female,DALYs,population,40-44 years,42.0,1995-1999,1997.0,1955.0,263118.3499225345,53563381.6367082,491.2280402815597,sensitivity_1990_2019,10-14 to 65-69,6,1,-5,6,491.1659450013525,Custom descriptive weighted least-squares age-period-cohort summaries; not asserted equivalent to conventional NCI APC estimable functions.
United States of America,Female,DALYs,population,40-44 years,42.0,2000-2004,2002.0,1960.0,281424.24259454367,57259872.17909608,491.48597767440265,sensitivity_1990_2019,10-14 to 65-69,6,2,-4,7,494.5571091582774,Custom descriptive weighted least-squares age-period-cohort summaries; not asserted equivalent to conventional NCI APC estimable functions.
United States of America,Female,DALYs,population,40-44 years,42.0,2005-2009,2007.0,1965.0,271798.2106022182,54875006.66916127,495.3041960265743,sensitivity_1990_2019,10-14 to 65-69,6,3,-3,8,496.7339623968262,Custom descriptive weighted least-squares age-period-cohort summaries; not asserted equivalent to conventional NCI APC estimable functions.
United States of America,Female,DALYs,population,40-44 years,42.0,2010-2014,2012.0,1970.0,253543.12573032847,52616853.30239772,481.8667590651504,sensitivity_1990_2019,10-14 to 65-69,6,4,-2,9,483.3151595555539,Custom descriptive weighted least-squares age-period-cohort summaries; not asserted equivalent to conventional NCI APC estimable functions.
United States of America,Female,DALYs,population,40-44 years,42.0,2015-2019,2017.0,1975.0,232752.8618218539,50044035.80435677,465.096106021071,sensitivity_1990_2019,10-14 to 65-69,6,5,-1,10,463.11942599571074,Custom descriptive weighted least-squares age-period-cohort summaries; not asserted equivalent to conventional NCI APC estimable functions.
United States of America,Female,DALYs,population,45-49 years,47.0,1990-1994,1992.0,1945.0,179110.6181860484,39062496.93932344,458.5232184831004,sensitivity_1990_2019,10-14 to 65-69,7,0,-7,4,453.27164554442,Custom descriptive weighted least-squares age-period-cohort summaries; not asserted equivalent to conventional NCI APC estimable functions.
United States of America,Female,DALYs,population,45-49 years,47.0,1995-1999,1997.0,1950.0,218833.25826199484,47784689.030651584,457.9568533377371,sensitivity_1990_2019,10-14 to 65-69,7,1,-6,5,456.963258931518,Custom descriptive weighted least-squares age-period-cohort summaries; not asserted equivalent to conventional NCI APC estimable functions.
United States of America,Female,DALYs,population,45-49 years,47.0,2000-2004,2002.0,1955.0,244493.59389010875,53485909.345372975,457.117765935973,sensitivity_1990_2019,10-14 to 65-69,7,2,-5,6,460.6376855869956,Custom descriptive weighted least-squares age-period-cohort summaries; not asserted equivalent to conventional NCI APC estimable functions.
United States of America,Female,DALYs,population,45-49 years,47.0,2005-2009,2007.0,1960.0,263740.77270314604,57365738.20121664,459.75312263575563,sensitivity_1990_2019,10-14 to 65-69,7,3,-4,7,463.05248884509757,Custom descriptive weighted least-squares age-period-cohort summaries; not asserted equivalent to conventional NCI APC estimable functions.
United States of America,Female,DALYs,population,45-49 years,47.0,2010-2014,2012.0,1965.0,247956.6941628485,54967960.71570159,451.0931294055079,sensitivity_1990_2019,10-14 to 65-69,7,4,-3,8,452.12035121790535,Custom descriptive weighted least-squares age-period-cohort summaries; not asserted equivalent to conventional NCI APC estimable functions.
United States of America,Female,DALYs,population,45-49 years,47.0,2015-2019,2017.0,1970.0,230468.73434512882,52601080.45957746,438.1444873974365,sensitivity_1990_2019,10-14 to 65-69,7,5,-2,9,434.89346204953955,Custom descriptive weighted least-squares age-period-cohort summaries; not asserted equivalent to conventional NCI APC estimable functions.
United States of America,Female,DALYs,population,50-54 years,52.0,1990-1994,1992.0,1940.0,132597.92879526652,31467978.445592985,421.3741566669865,sensitivity_1990_2019,10-14 to 65-69,8,0,-8,3,416.95413317245857,Custom descriptive weighted least-squares age-period-cohort summaries; not asserted equivalent to conventional NCI APC estimable functions.
United States of America,Female,DALYs,population,50-54 years,52.0,1995-1999,1997.0,1945.0,163136.12690713885,38643948.22085548,422.1518100966119,sensitivity_1990_2019,10-14 to 65-69,8,1,-7,4,418.62385371234524,Custom descriptive weighted least-squares age-period-cohort summaries; not asserted equivalent to conventional NCI APC estimable functions.
United States of America,Female,DALYs,population,50-54 years,52.0,2000-2004,2002.0,1950.0,200032.80364882725,47558196.02962896,420.6063735558976,sensitivity_1990_2019,10-14 to 65-69,8,2,-6,5,423.53064187836776,Custom descriptive weighted least-squares age-period-cohort summaries; not asserted equivalent to conventional NCI APC estimable functions.
United States of America,Female,DALYs,population,50-54 years,52.0,2005-2009,2007.0,1955.0,225010.126862763,53452584.2434742,420.9527566297854,sensitivity_1990_2019,10-14 to 65-69,8,3,-5,6,426.2315313970418,Custom descriptive weighted least-squares age-period-cohort summaries; not asserted equivalent to conventional NCI APC estimable functions.
United States of America,Female,DALYs,population,50-54 years,52.0,2010-2014,2012.0,1960.0,237300.8340062768,57206260.04789686,414.8161998487453,sensitivity_1990_2019,10-14 to 65-69,8,4,-4,7,416.5170272113242,Custom descriptive weighted least-squares age-period-cohort summaries; not asserted equivalent to conventional NCI APC estimable functions.
United States of America,Female,DALYs,population,50-54 years,52.0,2015-2019,2017.0,1965.0,221764.40787343157,54581968.03410007,406.29610082011754,sensitivity_1990_2019,10-14 to 65-69,8,5,-3,8,402.04887664780665,Custom descriptive weighted least-squares age-period-cohort summaries; not asserted equivalent to conventional NCI APC estimable functions.
United States of America,Female,DALYs,population,55-59 years,57.0,1990-1994,1992.0,1935.0,105521.91139529627,27594320.045210008,382.40446302866377,sensitivity_1990_2019,10-14 to 65-69,9,0,-9,2,381.3042138373119,Custom descriptive weighted least-squares age-period-cohort summaries; not asserted equivalent to conventional NCI APC estimable functions.
United States of America,Female,DALYs,population,55-59 years,57.0,1995-1999,1997.0,1940.0,118002.80322973155,30771399.682306472,383.48207896952783,sensitivity_1990_2019,10-14 to 65-69,9,1,-8,3,380.8654716679355,Custom descriptive weighted least-squares age-period-cohort summaries; not asserted equivalent to conventional NCI APC estimable functions.
United States of America,Female,DALYs,population,55-59 years,57.0,2000-2004,2002.0,1945.0,145439.12356021558,38046277.98644387,382.26899254648896,sensitivity_1990_2019,10-14 to 65-69,9,2,-7,4,383.74738149340106,Custom descriptive weighted least-squares age-period-cohort summaries; not asserted equivalent to conventional NCI APC estimable functions.
United States of America,Female,DALYs,population,55-59 years,57.0,2005-2009,2007.0,1950.0,179638.36161695598,47005757.16476098,382.16246785963125,sensitivity_1990_2019,10-14 to 65-69,9,3,-6,5,387.6045314588798,Custom descriptive weighted least-squares age-period-cohort summaries; not asserted equivalent to conventional NCI APC estimable functions.
United States of America,Female,DALYs,population,55-59 years,57.0,2010-2014,2012.0,1955.0,199522.33897872665,52851024.666342095,377.51839295140746,sensitivity_1990_2019,10-14 to 65-69,9,4,-5,6,379.19797723974386,Custom descriptive weighted least-squares age-period-cohort summaries; not asserted equivalent to conventional NCI APC estimable functions.
United States of America,Female,DALYs,population,55-59 years,57.0,2015-2019,2017.0,1960.0,209052.46249178963,56305288.706563056,371.2838834399264,sensitivity_1990_2019,10-14 to 65-69,9,5,-4,7,366.33250617881794,Custom descriptive weighted least-squares age-period-cohort summaries; not asserted equivalent to conventional NCI APC estimable functions.
United States of America,Female,DALYs,population,60-64 years,62.0,1990-1994,1992.0,1930.0,93907.8820708088,27593929.290018044,340.32080420231955,sensitivity_1990_2019,10-14 to 65-69,10,0,-10,1,340.61488885847496,Custom descriptive weighted least-squares age-period-cohort summaries; not asserted equivalent to conventional NCI APC estimable functions.
United States of America,Female,DALYs,population,60-64 years,62.0,1995-1999,1997.0,1935.0,91185.79162013996,26729735.873574845,341.1398902384468,sensitivity_1990_2019,10-14 to 65-69,10,1,-9,2,339.96561087330684,Custom descriptive weighted least-squares age-period-cohort summaries; not asserted equivalent to conventional NCI APC estimable functions.
United States of America,Female,DALYs,population,60-64 years,62.0,2000-2004,2002.0,1940.0,102029.29912436652,30014342.18613649,339.9351499747126,sensitivity_1990_2019,10-14 to 65-69,10,2,-8,3,340.7792325818661,Custom descriptive weighted least-squares age-period-cohort summaries; not asserted equivalent to conventional NCI APC estimable functions.
United States of America,Female,DALYs,population,60-64 years,62.0,2005-2009,2007.0,1945.0,126045.08783663507,37277724.88224703,338.1244113871933,sensitivity_1990_2019,10-14 to 65-69,10,3,-7,4,342.7910693553572,Custom descriptive weighted least-squares age-period-cohort summaries; not asserted equivalent to conventional NCI APC estimable functions.
United States of America,Female,DALYs,population,60-64 years,62.0,2010-2014,2012.0,1950.0,154004.29500526394,46049443.58157663,334.432477414076,sensitivity_1990_2019,10-14 to 65-69,10,4,-6,5,336.58080730135214,Custom descriptive weighted least-squares age-period-cohort summaries; not asserted equivalent to conventional NCI APC estimable functions.
United States of America,Female,DALYs,population,60-64 years,62.0,2015-2019,2017.0,1955.0,170203.7829953513,51467019.13381049,330.70456742954923,sensitivity_1990_2019,10-14 to 65-69,10,5,-5,6,325.52831748201027,Custom descriptive weighted least-squares age-period-cohort summaries; not asserted equivalent to conventional NCI APC estimable functions.
United States of America,Female,DALYs,population,65-69 years,67.0,1990-1994,1992.0,1925.0,78712.27984143274,27578294.947971836,285.4138734462313,sensitivity_1990_2019,10-14 to 65-69,11,0,-11,0,285.41387344622876,Custom descriptive weighted least-squares age-period-cohort summaries; not asserted equivalent to conventional NCI APC estimable functions.
United States of America,Female,DALYs,population,65-69 years,67.0,1995-1999,1997.0,1930.0,74444.93052875264,26158944.373697624,284.5869063569926,sensitivity_1990_2019,10-14 to 65-69,11,1,-10,1,284.3277232463809,Custom descriptive weighted least-squares age-period-cohort summaries; not asserted equivalent to conventional NCI APC estimable functions.
United States of America,Female,DALYs,population,65-69 years,67.0,2000-2004,2002.0,1935.0,72242.14534357772,25537681.918676667,282.8845060159682,sensitivity_1990_2019,10-14 to 65-69,11,2,-9,2,284.79260138233906,Custom descriptive weighted least-squares age-period-cohort summaries; not asserted equivalent to conventional NCI APC estimable functions.
United States of America,Female,DALYs,population,65-69 years,67.0,2005-2009,2007.0,1940.0,81015.01718206548,28890328.367973752,280.42262500510145,sensitivity_1990_2019,10-14 to 65-69,11,3,-8,3,285.00297302012507,Custom descriptive weighted least-squares age-period-cohort summaries; not asserted equivalent to conventional NCI APC estimable functions.
United States of America,Female,DALYs,population,65-69 years,67.0,2010-2014,2012.0,1945.0,99990.17110814733,35994831.42573913,277.7903580808174,sensitivity_1990_2019,10-14 to 65-69,11,4,-7,4,278.69052066874036,Custom descriptive weighted least-squares age-period-cohort summaries; not asserted equivalent to conventional NCI APC estimable functions.
United States of America,Female,DALYs,population,65-69 years,67.0,2015-2019,2017.0,1950.0,121756.50511233733,44269350.02310515,275.0356737760774,sensitivity_1990_2019,10-14 to 65-69,11,5,-6,5,270.5230687627624,Custom descriptive weighted least-squares age-period-cohort summaries; not asserted equivalent to conventional NCI APC estimable functions.
United States of America,Female,Incidence,population,10-14 years,12.0,1990-1994,1992.0,1980.0,3196.537307513432,44866948.87968487,7.124481132169831,sensitivity_1990_2019,10-14 to 65-69,0,0,0,11,7.507728735754576,Custom descriptive weighted least-squares age-period-cohort summaries; not asserted equivalent to conventional NCI APC estimable functions.
United States of America,Female,Incidence,population,10-14 years,12.0,1995-1999,1997.0,1985.0,3496.6162872208297,47904090.14400942,7.299201961062805,sensitivity_1990_2019,10-14 to 65-69,0,1,1,12,7.4844563947353375,Custom descriptive weighted least-squares age-period-cohort summaries; not asserted equivalent to conventional NCI APC estimable functions.
United States of America,Female,Incidence,population,10-14 years,12.0,2000-2004,2002.0,1990.0,3805.740756523564,51704608.30897902,7.360544603260555,sensitivity_1990_2019,10-14 to 65-69,0,2,2,13,7.289091015360398,Custom descriptive weighted least-squares age-period-cohort summaries; not asserted equivalent to conventional NCI APC estimable functions.
United States of America,Female,Incidence,population,10-14 years,12.0,2005-2009,2007.0,1995.0,3685.630602476399,51156941.76612981,7.204556166249555,sensitivity_1990_2019,10-14 to 65-69,0,3,3,14,7.025990256307426,Custom descriptive weighted least-squares age-period-cohort summaries; not asserted equivalent to conventional NCI APC estimable functions.
United States of America,Female,Incidence,population,10-14 years,12.0,2010-2014,2012.0,2000.0,3646.5486684428747,51252599.83526834,7.1148559881123985,sensitivity_1990_2019,10-14 to 65-69,0,4,4,15,6.874252138649833,Custom descriptive weighted least-squares age-period-cohort summaries; not asserted equivalent to conventional NCI APC estimable functions.
United States of America,Female,Incidence,population,10-14 years,12.0,2015-2019,2017.0,2005.0,3814.9871284225587,52527374.71122294,7.262855129151263,sensitivity_1990_2019,10-14 to 65-69,0,5,5,16,7.262855129151238,Custom descriptive weighted least-squares age-period-cohort summaries; not asserted equivalent to conventional NCI APC estimable functions.
United States of America,Female,Incidence,population,15-19 years,17.0,1990-1994,1992.0,1975.0,24653.950794301418,43419624.02325654,56.780663925362866,sensitivity_1990_2019,10-14 to 65-69,1,0,-1,10,57.792512927402115,Custom descriptive weighted least-squares age-period-cohort summaries; not asserted equivalent to conventional NCI APC estimable functions.
United States of America,Female,Incidence,population,15-19 years,17.0,1995-1999,1997.0,1980.0,26873.858317568993,47208256.14885994,56.92618306600589,sensitivity_1990_2019,10-14 to 65-69,1,1,0,11,57.31650681167388,Custom descriptive weighted least-squares age-period-cohort summaries; not asserted equivalent to conventional NCI APC estimable functions.
United States of America,Female,Incidence,population,15-19 years,17.0,2000-2004,2002.0,1985.0,28721.65689743254,50099776.50911215,57.328912220214484,sensitivity_1990_2019,10-14 to 65-69,1,2,1,12,56.764086734806284,Custom descriptive weighted least-squares age-period-cohort summaries; not asserted equivalent to conventional NCI APC estimable functions.
United States of America,Female,Incidence,population,15-19 years,17.0,2005-2009,2007.0,1990.0,30681.765369736728,53643838.00586514,57.195321047651625,sensitivity_1990_2019,10-14 to 65-69,1,3,2,13,55.85030064430107,Custom descriptive weighted least-squares age-period-cohort summaries; not asserted equivalent to conventional NCI APC estimable functions.
United States of America,Female,Incidence,population,15-19 years,17.0,2010-2014,2012.0,1995.0,28882.978345355124,52678141.0947861,54.82915255757546,sensitivity_1990_2019,10-14 to 65-69,1,4,3,14,53.71639403204965,Custom descriptive weighted least-squares age-period-cohort summaries; not asserted equivalent to conventional NCI APC estimable functions.
United States of America,Female,Incidence,population,15-19 years,17.0,2015-2019,2017.0,2000.0,26580.785495626456,52418328.388535105,50.70895298034759,sensitivity_1990_2019,10-14 to 65-69,1,5,4,15,52.44366511421001,Custom descriptive weighted least-squares age-period-cohort summaries; not asserted equivalent to conventional NCI APC estimable functions.
United States of America,Female,Incidence,population,20-24 years,22.0,1990-1994,1992.0,1970.0,45050.69532658673,48028647.128659785,93.79963421810386,sensitivity_1990_2019,10-14 to 65-69,2,0,-2,9,92.74732685113752,Custom descriptive weighted least-squares age-period-cohort summaries; not asserted equivalent to conventional NCI APC estimable functions.
United States of America,Female,Incidence,population,20-24 years,22.0,1995-1999,1997.0,1975.0,41876.86781291025,45139668.45074698,92.77176649758326,sensitivity_1990_2019,10-14 to 65-69,2,1,-1,10,92.772613786203,Custom descriptive weighted least-squares age-period-cohort summaries; not asserted equivalent to conventional NCI APC estimable functions.
United States of America,Female,Incidence,population,20-24 years,22.0,2000-2004,2002.0,1980.0,45610.24373208151,48970830.21961158,93.13757501667955,sensitivity_1990_2019,10-14 to 65-69,2,2,0,11,91.40504754721972,Custom descriptive weighted least-squares age-period-cohort summaries; not asserted equivalent to conventional NCI APC estimable functions.
United States of America,Female,Incidence,population,20-24 years,22.0,2005-2009,2007.0,1985.0,48396.383635388185,51644265.788528614,93.71104980669149,sensitivity_1990_2019,10-14 to 65-69,2,3,1,12,91.45403454564422,Custom descriptive weighted least-squares age-period-cohort summaries; not asserted equivalent to conventional NCI APC estimable functions.
United States of America,Female,Incidence,population,20-24 years,22.0,2010-2014,2012.0,1990.0,48851.60004295326,54764648.69985311,89.20279998634281,sensitivity_1990_2019,10-14 to 65-69,2,4,2,13,89.78460890014193,Custom descriptive weighted least-squares age-period-cohort summaries; not asserted equivalent to conventional NCI APC estimable functions.
United States of America,Female,Incidence,population,20-24 years,22.0,2015-2019,2017.0,1995.0,44324.9849817672,53752322.67143304,82.46152497020181,sensitivity_1990_2019,10-14 to 65-69,2,5,3,14,86.16908892665815,Custom descriptive weighted least-squares age-period-cohort summaries; not asserted equivalent to conventional NCI APC estimable functions.
United States of America,Female,Incidence,population,25-29 years,27.0,1990-1994,1992.0,1965.0,26826.413496889465,51756920.11545757,51.83154916684767,sensitivity_1990_2019,10-14 to 65-69,3,0,-3,8,50.429817060465865,Custom descriptive weighted least-squares age-period-cohort summaries; not asserted equivalent to conventional NCI APC estimable functions.
United States of America,Female,Incidence,population,25-29 years,27.0,1995-1999,1997.0,1970.0,24970.354184898148,49347864.08389156,50.60067876990268,sensitivity_1990_2019,10-14 to 65-69,3,1,-2,9,50.64190302438623,Custom descriptive weighted least-squares age-period-cohort summaries; not asserted equivalent to conventional NCI APC estimable functions.
United States of America,Female,Incidence,population,25-29 years,27.0,2000-2004,2002.0,1975.0,23587.18582149373,46818846.944058284,50.37968117770391,sensitivity_1990_2019,10-14 to 65-69,3,2,-1,10,50.32347923610305,Custom descriptive weighted least-squares age-period-cohort summaries; not asserted equivalent to conventional NCI APC estimable functions.
United States of America,Female,Incidence,population,25-29 years,27.0,2005-2009,2007.0,1980.0,25961.130234414817,50853551.029805,51.05077169379801,sensitivity_1990_2019,10-14 to 65-69,3,3,0,11,50.09101079139163,Custom descriptive weighted least-squares age-period-cohort summaries; not asserted equivalent to conventional NCI APC estimable functions.
United States of America,Female,Incidence,population,25-29 years,27.0,2010-2014,2012.0,1985.0,26165.332703373308,53284767.609761104,49.104713930628364,sensitivity_1990_2019,10-14 to 65-69,3,4,1,12,50.00801906394372,Custom descriptive weighted least-squares age-period-cohort summaries; not asserted equivalent to conventional NCI APC estimable functions.
United States of America,Female,Incidence,population,25-29 years,27.0,2015-2019,2017.0,1990.0,27026.463911288618,56574497.35548754,47.77146094903332,sensitivity_1990_2019,10-14 to 65-69,3,5,2,13,48.98994451674326,Custom descriptive weighted least-squares age-period-cohort summaries; not asserted equivalent to conventional NCI APC estimable functions.
United States of America,Female,Incidence,population,30-34 years,32.0,1990-1994,1992.0,1960.0,16336.802542989328,56381218.38717176,28.975611046224547,sensitivity_1990_2019,10-14 to 65-69,4,0,-4,7,28.43017397596771,Custom descriptive weighted least-squares age-period-cohort summaries; not asserted equivalent to conventional NCI APC estimable functions.
United States of America,Female,Incidence,population,30-34 years,32.0,1995-1999,1997.0,1965.0,15228.115411039056,53259018.06448565,28.592557588277277,sensitivity_1990_2019,10-14 to 65-69,4,1,-3,8,28.605093580223397,Custom descriptive weighted least-squares age-period-cohort summaries; not asserted equivalent to conventional NCI APC estimable functions.
United States of America,Female,Incidence,population,30-34 years,32.0,2000-2004,2002.0,1970.0,14349.95063254884,50901689.918820396,28.191501412692954,sensitivity_1990_2019,10-14 to 65-69,4,2,-2,9,28.536995602214624,Custom descriptive weighted least-squares age-period-cohort summaries; not asserted equivalent to conventional NCI APC estimable functions.
United States of America,Female,Incidence,population,30-34 years,32.0,2005-2009,2007.0,1975.0,13753.945746663474,48442676.59160142,28.392208511963226,sensitivity_1990_2019,10-14 to 65-69,4,3,-1,10,28.648879466930413,Custom descriptive weighted least-squares age-period-cohort summaries; not asserted equivalent to conventional NCI APC estimable functions.
United States of America,Female,Incidence,population,30-34 years,32.0,2010-2014,2012.0,1980.0,14756.821466804215,52269279.15421511,28.232303382768563,sensitivity_1990_2019,10-14 to 65-69,4,4,0,11,28.45404026450194,Custom descriptive weighted least-squares age-period-cohort summaries; not asserted equivalent to conventional NCI APC estimable functions.
United States of America,Female,Incidence,population,30-34 years,32.0,2015-2019,2017.0,1985.0,15660.290698842617,54828476.98846771,28.562330305356667,sensitivity_1990_2019,10-14 to 65-69,4,5,1,12,28.34601861866981,Custom descriptive weighted least-squares age-period-cohort summaries; not asserted equivalent to conventional NCI APC estimable functions.
United States of America,Female,Incidence,population,35-39 years,37.0,1990-1994,1992.0,1955.0,11420.860559035067,53629378.20393476,21.29590336774989,sensitivity_1990_2019,10-14 to 65-69,5,0,-5,6,21.196784214423026,Custom descriptive weighted least-squares age-period-cohort summaries; not asserted equivalent to conventional NCI APC estimable functions.
United States of America,Female,Incidence,population,35-39 years,37.0,1995-1999,1997.0,1960.0,12228.228254821888,57072581.92587578,21.425749181460823,sensitivity_1990_2019,10-14 to 65-69,5,1,-4,7,21.329577675173375,Custom descriptive weighted least-squares age-period-cohort summaries; not asserted equivalent to conventional NCI APC estimable functions.
United States of America,Female,Incidence,population,35-39 years,37.0,2000-2004,2002.0,1965.0,11475.234479347411,54442738.9584834,21.0776215504112,sensitivity_1990_2019,10-14 to 65-69,5,2,-3,8,21.32005707375786,Custom descriptive weighted least-squares age-period-cohort summaries; not asserted equivalent to conventional NCI APC estimable functions.
United States of America,Female,Incidence,population,35-39 years,37.0,2005-2009,2007.0,1970.0,11017.922653654461,52260331.59028413,21.082764533592883,sensitivity_1990_2019,10-14 to 65-69,5,3,-2,9,21.487801731571842,Custom descriptive weighted least-squares age-period-cohort summaries; not asserted equivalent to conventional NCI APC estimable functions.
United States of America,Female,Incidence,population,35-39 years,37.0,2010-2014,2012.0,1975.0,10683.434302964399,49720636.79604594,21.48692171177905,sensitivity_1990_2019,10-14 to 65-69,5,4,-1,10,21.524771288268315,Custom descriptive weighted least-squares age-period-cohort summaries; not asserted equivalent to conventional NCI APC estimable functions.
United States of America,Female,Incidence,population,35-39 years,37.0,2015-2019,2017.0,1980.0,11656.347698530128,53429888.98531955,21.8161555636637,sensitivity_1990_2019,10-14 to 65-69,5,5,0,11,21.332566952980077,Custom descriptive weighted least-squares age-period-cohort summaries; not asserted equivalent to conventional NCI APC estimable functions.
United States of America,Female,Incidence,population,40-44 years,42.0,1990-1994,1992.0,1950.0,8289.606942311013,48221306.157928,17.19075571109998,sensitivity_1990_2019,10-14 to 65-69,6,0,-6,5,17.297715405283306,Custom descriptive weighted least-squares age-period-cohort summaries; not asserted equivalent to conventional NCI APC estimable functions.
United States of America,Female,Incidence,population,40-44 years,42.0,1995-1999,1997.0,1955.0,9385.697465151587,53563381.6367082,17.522600661791216,sensitivity_1990_2019,10-14 to 65-69,6,1,-5,6,17.36264279047777,Custom descriptive weighted least-squares age-period-cohort summaries; not asserted equivalent to conventional NCI APC estimable functions.
United States of America,Female,Incidence,population,40-44 years,42.0,2000-2004,2002.0,1960.0,9856.525871003087,57259872.17909608,17.213670753881665,sensitivity_1990_2019,10-14 to 65-69,6,2,-4,7,17.356827974291775,Custom descriptive weighted least-squares age-period-cohort summaries; not asserted equivalent to conventional NCI APC estimable functions.
United States of America,Female,Incidence,population,40-44 years,42.0,2005-2009,2007.0,1965.0,9396.750560088525,54875006.66916127,17.12391693497383,sensitivity_1990_2019,10-14 to 65-69,6,3,-3,8,17.527307874016714,Custom descriptive weighted least-squares age-period-cohort summaries; not asserted equivalent to conventional NCI APC estimable functions.
United States of America,Female,Incidence,population,40-44 years,42.0,2010-2014,2012.0,1970.0,9331.310084840736,52616853.30239772,17.734451034561417,sensitivity_1990_2019,10-14 to 65-69,6,4,-2,9,17.626496778379806,Custom descriptive weighted least-squares age-period-cohort summaries; not asserted equivalent to conventional NCI APC estimable functions.
United States of America,Female,Incidence,population,40-44 years,42.0,2015-2019,2017.0,1975.0,9038.194854300687,50044035.80435677,18.060483550197272,sensitivity_1990_2019,10-14 to 65-69,6,5,-1,10,17.61898288559397,Custom descriptive weighted least-squares age-period-cohort summaries; not asserted equivalent to conventional NCI APC estimable functions.
United States of America,Female,Incidence,population,45-49 years,47.0,1990-1994,1992.0,1945.0,6518.58747553037,39062496.93932344,16.687585244885454,sensitivity_1990_2019,10-14 to 65-69,7,0,-7,4,16.700145668449327,Custom descriptive weighted least-squares age-period-cohort summaries; not asserted equivalent to conventional NCI APC estimable functions.
United States of America,Female,Incidence,population,45-49 years,47.0,1995-1999,1997.0,1950.0,8070.987600606995,47784689.030651584,16.89032149069725,sensitivity_1990_2019,10-14 to 65-69,7,1,-6,5,16.73123283451765,Custom descriptive weighted least-squares age-period-cohort summaries; not asserted equivalent to conventional NCI APC estimable functions.
United States of America,Female,Incidence,population,45-49 years,47.0,2000-2004,2002.0,1955.0,8890.059863927065,53485909.345372975,16.621311991765054,sensitivity_1990_2019,10-14 to 65-69,7,2,-5,6,16.68388842329491,Custom descriptive weighted least-squares age-period-cohort summaries; not asserted equivalent to conventional NCI APC estimable functions.
United States of America,Female,Incidence,population,45-49 years,47.0,2005-2009,2007.0,1960.0,9499.115477488496,57365738.20121664,16.5588655796066,sensitivity_1990_2019,10-14 to 65-69,7,3,-4,7,16.84963723689604,Custom descriptive weighted least-squares age-period-cohort summaries; not asserted equivalent to conventional NCI APC estimable functions.
United States of America,Female,Incidence,population,45-49 years,47.0,2010-2014,2012.0,1965.0,9329.86170642919,54967960.71570159,16.973272402598187,sensitivity_1990_2019,10-14 to 65-69,7,4,-3,8,16.97784548916176,Custom descriptive weighted least-squares age-period-cohort summaries; not asserted equivalent to conventional NCI APC estimable functions.
United States of America,Female,Incidence,population,45-49 years,47.0,2015-2019,2017.0,1970.0,9097.703288690655,52601080.45957746,17.295658585724297,sensitivity_1990_2019,10-14 to 65-69,7,5,-2,9,17.037334017325776,Custom descriptive weighted least-squares age-period-cohort summaries; not asserted equivalent to conventional NCI APC estimable functions.
United States of America,Female,Incidence,population,50-54 years,52.0,1990-1994,1992.0,1940.0,5089.180776806988,31467978.445592985,16.172569793785772,sensitivity_1990_2019,10-14 to 65-69,8,0,-8,3,16.161833997178434,Custom descriptive weighted least-squares age-period-cohort summaries; not asserted equivalent to conventional NCI APC estimable functions.
United States of America,Female,Incidence,population,50-54 years,52.0,1995-1999,1997.0,1945.0,6281.498265868923,38643948.22085548,16.254804581481416,sensitivity_1990_2019,10-14 to 65-69,8,1,-7,4,16.12224688118186,Custom descriptive weighted least-squares age-period-cohort summaries; not asserted equivalent to conventional NCI APC estimable functions.
United States of America,Female,Incidence,population,50-54 years,52.0,2000-2004,2002.0,1950.0,7625.689672512748,47558196.02962896,16.034438454650193,sensitivity_1990_2019,10-14 to 65-69,8,2,-6,5,16.046321958301526,Custom descriptive weighted least-squares age-period-cohort summaries; not asserted equivalent to conventional NCI APC estimable functions.
United States of America,Female,Incidence,population,50-54 years,52.0,2005-2009,2007.0,1955.0,8548.79937516422,53452584.2434742,15.993238673409708,sensitivity_1990_2019,10-14 to 65-69,8,3,-5,6,16.165293169244567,Custom descriptive weighted least-squares age-period-cohort summaries; not asserted equivalent to conventional NCI APC estimable functions.
United States of America,Female,Incidence,population,50-54 years,52.0,2010-2014,2012.0,1960.0,9278.38694230348,57206260.04789686,16.219181142999037,sensitivity_1990_2019,10-14 to 65-69,8,4,-4,7,16.290110461778635,Custom descriptive weighted least-squares age-period-cohort summaries; not asserted equivalent to conventional NCI APC estimable functions.
United States of America,Female,Incidence,population,50-54 years,52.0,2015-2019,2017.0,1965.0,9025.412224264503,54581968.03410007,16.5355199699393,sensitivity_1990_2019,10-14 to 65-69,8,5,-3,8,16.37888453131436,Custom descriptive weighted least-squares age-period-cohort summaries; not asserted equivalent to conventional NCI APC estimable functions.
United States of America,Female,Incidence,population,55-59 years,57.0,1990-1994,1992.0,1935.0,4318.89679829493,27594320.045210008,15.651397792077978,sensitivity_1990_2019,10-14 to 65-69,9,0,-9,2,15.608759802185052,Custom descriptive weighted least-squares age-period-cohort summaries; not asserted equivalent to conventional NCI APC estimable functions.
United States of America,Female,Incidence,population,55-59 years,57.0,1995-1999,1997.0,1940.0,4807.599054436973,30771399.682306472,15.623595624742864,sensitivity_1990_2019,10-14 to 65-69,9,1,-8,3,15.558585989095373,Custom descriptive weighted least-squares age-period-cohort summaries; not asserted equivalent to conventional NCI APC estimable functions.
United States of America,Female,Incidence,population,55-59 years,57.0,2000-2004,2002.0,1945.0,5876.899370434415,38046277.98644387,15.446713007060485,sensitivity_1990_2019,10-14 to 65-69,9,2,-7,4,15.418683754444297,Custom descriptive weighted least-squares age-period-cohort summaries; not asserted equivalent to conventional NCI APC estimable functions.
United States of America,Female,Incidence,population,55-59 years,57.0,2005-2009,2007.0,1950.0,7248.505594385308,47005757.16476098,15.42046343169923,sensitivity_1990_2019,10-14 to 65-69,9,3,-6,5,15.503722455854362,Custom descriptive weighted least-squares age-period-cohort summaries; not asserted equivalent to conventional NCI APC estimable functions.
United States of America,Female,Incidence,population,55-59 years,57.0,2010-2014,2012.0,1955.0,8172.295136469,52851024.666342095,15.462888729333347,sensitivity_1990_2019,10-14 to 65-69,9,4,-5,6,15.584441180079088,Custom descriptive weighted least-squares age-period-cohort summaries; not asserted equivalent to conventional NCI APC estimable functions.
United States of America,Female,Incidence,population,55-59 years,57.0,2015-2019,2017.0,1960.0,8885.669862082934,56305288.706563056,15.78123488255412,sensitivity_1990_2019,10-14 to 65-69,9,5,-4,7,15.671116833306545,Custom descriptive weighted least-squares age-period-cohort summaries; not asserted equivalent to conventional NCI APC estimable functions.
United States of America,Female,Incidence,population,60-64 years,62.0,1990-1994,1992.0,1930.0,3716.901413935477,27593929.290018044,13.469996878190328,sensitivity_1990_2019,10-14 to 65-69,10,0,-10,1,13.437025498862008,Custom descriptive weighted least-squares age-period-cohort summaries; not asserted equivalent to conventional NCI APC estimable functions.
United States of America,Female,Incidence,population,60-64 years,62.0,1995-1999,1997.0,1935.0,3582.0930782848795,26729735.873574845,13.401154037687872,sensitivity_1990_2019,10-14 to 65-69,10,1,-9,2,13.396200069127923,Custom descriptive weighted least-squares age-period-cohort summaries; not asserted equivalent to conventional NCI APC estimable functions.
United States of America,Female,Incidence,population,60-64 years,62.0,2000-2004,2002.0,1940.0,3981.1654996421325,30014342.18613649,13.264210406320409,sensitivity_1990_2019,10-14 to 65-69,10,2,-8,3,13.265560446980967,Custom descriptive weighted least-squares age-period-cohort summaries; not asserted equivalent to conventional NCI APC estimable functions.
United States of America,Female,Incidence,population,60-64 years,62.0,2005-2009,2007.0,1945.0,4936.8240417852485,37277724.88224703,13.243361973885747,sensitivity_1990_2019,10-14 to 65-69,10,3,-7,4,13.2813288177267,Custom descriptive weighted least-squares age-period-cohort summaries; not asserted equivalent to conventional NCI APC estimable functions.
United States of America,Female,Incidence,population,60-64 years,62.0,2010-2014,2012.0,1950.0,6081.427865624678,46049443.58157663,13.206300429779185,sensitivity_1990_2019,10-14 to 65-69,10,4,-6,5,13.32531176591676,Custom descriptive weighted least-squares age-period-cohort summaries; not asserted equivalent to conventional NCI APC estimable functions.
United States of America,Female,Incidence,population,60-64 years,62.0,2015-2019,2017.0,1955.0,6938.861753416073,51467019.13381049,13.482152007629466,sensitivity_1990_2019,10-14 to 65-69,10,5,-5,6,13.365982806442142,Custom descriptive weighted least-squares age-period-cohort summaries; not asserted equivalent to conventional NCI APC estimable functions.
United States of America,Female,Incidence,population,65-69 years,67.0,1990-1994,1992.0,1925.0,2655.2495771473687,27578294.947971836,9.628041117685708,sensitivity_1990_2019,10-14 to 65-69,11,0,-11,0,9.628041117685692,Custom descriptive weighted least-squares age-period-cohort summaries; not asserted equivalent to conventional NCI APC estimable functions.
United States of America,Female,Incidence,population,65-69 years,67.0,1995-1999,1997.0,1930.0,2506.397475076301,26158944.373697624,9.581416739417213,sensitivity_1990_2019,10-14 to 65-69,11,1,-10,1,9.6062187131281,Custom descriptive weighted least-squares age-period-cohort summaries; not asserted equivalent to conventional NCI APC estimable functions.
United States of America,Female,Incidence,population,65-69 years,67.0,2000-2004,2002.0,1935.0,2421.6226288218963,25537681.918676667,9.482546757898463,sensitivity_1990_2019,10-14 to 65-69,11,2,-9,2,9.514220338390478,Custom descriptive weighted least-squares age-period-cohort summaries; not asserted equivalent to conventional NCI APC estimable functions.
United States of America,Female,Incidence,population,65-69 years,67.0,2005-2009,2007.0,1940.0,2735.970657266889,28890328.367973752,9.47019577769783,sensitivity_1990_2019,10-14 to 65-69,11,3,-8,3,9.518224249216,Custom descriptive weighted least-squares age-period-cohort summaries; not asserted equivalent to conventional NCI APC estimable functions.
United States of America,Female,Incidence,population,65-69 years,67.0,2010-2014,2012.0,1945.0,3398.9887575834473,35994831.42573913,9.442991182208742,sensitivity_1990_2019,10-14 to 65-69,11,4,-7,4,9.50865355369733,Custom descriptive weighted least-squares age-period-cohort summaries; not asserted equivalent to conventional NCI APC estimable functions.
United States of America,Female,Incidence,population,65-69 years,67.0,2015-2019,2017.0,1950.0,4266.834939618908,44269350.02310515,9.638350094121446,sensitivity_1990_2019,10-14 to 65-69,11,5,-6,5,9.51969741069012,Custom descriptive weighted least-squares age-period-cohort summaries; not asserted equivalent to conventional NCI APC estimable functions.
United States of America,Female,Prevalence,population,10-14 years,12.0,1990-1994,1992.0,1980.0,5242.142019415463,44866948.87968487,11.683749731841097,sensitivity_1990_2019,10-14 to 65-69,0,0,0,11,12.031387946345102,Custom descriptive weighted least-squares age-period-cohort summaries; not asserted equivalent to conventional NCI APC estimable functions.
United States of America,Female,Prevalence,population,10-14 years,12.0,1995-1999,1997.0,1985.0,5734.773975049704,47904090.14400942,11.97136603118817,sensitivity_1990_2019,10-14 to 65-69,0,1,1,12,11.993969623668285,Custom descriptive weighted least-squares age-period-cohort summaries; not asserted equivalent to conventional NCI APC estimable functions.
United States of America,Female,Prevalence,population,10-14 years,12.0,2000-2004,2002.0,1990.0,6242.110772707965,51704608.30897902,12.072639126102732,sensitivity_1990_2019,10-14 to 65-69,0,2,2,13,11.895694310668027,Custom descriptive weighted least-squares age-period-cohort summaries; not asserted equivalent to conventional NCI APC estimable functions.
United States of America,Female,Prevalence,population,10-14 years,12.0,2005-2009,2007.0,1995.0,6044.746257405679,51156941.76612981,11.816082136105736,sensitivity_1990_2019,10-14 to 65-69,0,3,3,14,11.721283351306228,Custom descriptive weighted least-squares age-period-cohort summaries; not asserted equivalent to conventional NCI APC estimable functions.
United States of America,Female,Prevalence,population,10-14 years,12.0,2010-2014,2012.0,2000.0,5980.0891188266905,51252599.83526834,11.667874679620885,sensitivity_1990_2019,10-14 to 65-69,0,4,4,15,11.615551376917178,Custom descriptive weighted least-squares age-period-cohort summaries; not asserted equivalent to conventional NCI APC estimable functions.
United States of America,Female,Prevalence,population,10-14 years,12.0,2015-2019,2017.0,2005.0,6256.591704669973,52527374.71122294,11.911106806815527,sensitivity_1990_2019,10-14 to 65-69,0,5,5,16,11.91110680681547,Custom descriptive weighted least-squares age-period-cohort summaries; not asserted equivalent to conventional NCI APC estimable functions.
United States of America,Female,Prevalence,population,15-19 years,17.0,1990-1994,1992.0,1975.0,53949.15017520994,43419624.02325654,124.25061568085792,sensitivity_1990_2019,10-14 to 65-69,1,0,-1,10,127.0749229321727,Custom descriptive weighted least-squares age-period-cohort summaries; not asserted equivalent to conventional NCI APC estimable functions.
United States of America,Female,Prevalence,population,15-19 years,17.0,1995-1999,1997.0,1980.0,59331.31497746319,47208256.14885994,125.67995477396174,sensitivity_1990_2019,10-14 to 65-69,1,1,0,11,126.0046985747128,Custom descriptive weighted least-squares age-period-cohort summaries; not asserted equivalent to conventional NCI APC estimable functions.
United States of America,Female,Prevalence,population,15-19 years,17.0,2000-2004,2002.0,1985.0,63459.23711489063,50099776.50911215,126.66570898444759,sensitivity_1990_2019,10-14 to 65-69,1,2,1,12,125.98617154479223,Custom descriptive weighted least-squares age-period-cohort summaries; not asserted equivalent to conventional NCI APC estimable functions.
United States of America,Female,Prevalence,population,15-19 years,17.0,2005-2009,2007.0,1990.0,67326.88914952801,53643838.00586514,125.50721882011281,sensitivity_1990_2019,10-14 to 65-69,1,3,2,13,124.800703503681,Custom descriptive weighted least-squares age-period-cohort summaries; not asserted equivalent to conventional NCI APC estimable functions.
United States of America,Female,Prevalence,population,15-19 years,17.0,2010-2014,2012.0,1995.0,64005.69367800733,52678141.0947861,121.50332632816156,sensitivity_1990_2019,10-14 to 65-69,1,4,3,14,119.77259715415099,Custom descriptive weighted least-squares age-period-cohort summaries; not asserted equivalent to conventional NCI APC estimable functions.
United States of America,Female,Prevalence,population,15-19 years,17.0,2015-2019,2017.0,2000.0,61369.414743039655,52418328.388535105,117.07625296281353,sensitivity_1990_2019,10-14 to 65-69,1,5,4,15,117.59187936407521,Custom descriptive weighted least-squares age-period-cohort summaries; not asserted equivalent to conventional NCI APC estimable functions.
United States of America,Female,Prevalence,population,20-24 years,22.0,1990-1994,1992.0,1970.0,249371.68190523324,48028647.128659785,519.2144622296211,sensitivity_1990_2019,10-14 to 65-69,2,0,-2,9,522.4753512104168,Custom descriptive weighted least-squares age-period-cohort summaries; not asserted equivalent to conventional NCI APC estimable functions.
United States of America,Female,Prevalence,population,20-24 years,22.0,1995-1999,1997.0,1975.0,234107.63361711355,45139668.45074698,518.6294929759049,sensitivity_1990_2019,10-14 to 65-69,2,1,-1,10,518.6853710888896,Custom descriptive weighted least-squares age-period-cohort summaries; not asserted equivalent to conventional NCI APC estimable functions.
United States of America,Female,Prevalence,population,20-24 years,22.0,2000-2004,2002.0,1980.0,255650.29700174782,48970830.21961158,522.0460748884065,sensitivity_1990_2019,10-14 to 65-69,2,2,0,11,515.8456935925345,Custom descriptive weighted least-squares age-period-cohort summaries; not asserted equivalent to conventional NCI APC estimable functions.
United States of America,Female,Prevalence,population,20-24 years,22.0,2005-2009,2007.0,1985.0,269507.2889138158,51644265.788528614,521.8532683132454,sensitivity_1990_2019,10-14 to 65-69,2,3,1,12,515.1376022835179,Custom descriptive weighted least-squares age-period-cohort summaries; not asserted equivalent to conventional NCI APC estimable functions.
United States of America,Female,Prevalence,population,20-24 years,22.0,2010-2014,2012.0,1990.0,273282.87916560075,54764648.69985311,499.01329717894043,sensitivity_1990_2019,10-14 to 65-69,2,4,2,13,497.01840456100655,Custom descriptive weighted least-squares age-period-cohort summaries; not asserted equivalent to conventional NCI APC estimable functions.
United States of America,Female,Prevalence,population,20-24 years,22.0,2015-2019,2017.0,1995.0,248559.13519108464,53752322.67143304,462.415618224406,sensitivity_1990_2019,10-14 to 65-69,2,5,3,14,472.5721278044233,Custom descriptive weighted least-squares age-period-cohort summaries; not asserted equivalent to conventional NCI APC estimable functions.
United States of America,Female,Prevalence,population,25-29 years,27.0,1990-1994,1992.0,1965.0,403133.71391207026,51756920.11545757,778.8981898705977,sensitivity_1990_2019,10-14 to 65-69,3,0,-3,8,776.4429199401972,Custom descriptive weighted least-squares age-period-cohort summaries; not asserted equivalent to conventional NCI APC estimable functions.
United States of America,Female,Prevalence,population,25-29 years,27.0,1995-1999,1997.0,1970.0,381158.9506840582,49347864.08389156,772.3919925613933,sensitivity_1990_2019,10-14 to 65-69,3,1,-2,9,773.5609004795034,Custom descriptive weighted least-squares age-period-cohort summaries; not asserted equivalent to conventional NCI APC estimable functions.
United States of America,Female,Prevalence,population,25-29 years,27.0,2000-2004,2002.0,1975.0,363147.8663533949,46818846.944058284,775.6446176201302,sensitivity_1990_2019,10-14 to 65-69,3,2,-1,10,770.2321248146974,Custom descriptive weighted least-squares age-period-cohort summaries; not asserted equivalent to conventional NCI APC estimable functions.
United States of America,Female,Prevalence,population,25-29 years,27.0,2005-2009,2007.0,1980.0,396097.2756442544,50853551.029805,778.8979680339411,sensitivity_1990_2019,10-14 to 65-69,3,3,0,11,765.0762877533747,Custom descriptive weighted least-squares age-period-cohort summaries; not asserted equivalent to conventional NCI APC estimable functions.
United States of America,Female,Prevalence,population,25-29 years,27.0,2010-2014,2012.0,1985.0,396212.3060804352,53284767.609761104,743.5751788994461,sensitivity_1990_2019,10-14 to 65-69,3,4,1,12,744.1547340709336,Custom descriptive weighted least-squares age-period-cohort summaries; not asserted equivalent to conventional NCI APC estimable functions.
United States of America,Female,Prevalence,population,25-29 years,27.0,2015-2019,2017.0,1990.0,393386.32345729606,56574497.35548754,695.34214504009,sensitivity_1990_2019,10-14 to 65-69,3,5,2,13,711.3243353752829,Custom descriptive weighted least-squares age-period-cohort summaries; not asserted equivalent to conventional NCI APC estimable functions.
United States of America,Female,Prevalence,population,30-34 years,32.0,1990-1994,1992.0,1960.0,474410.0514283064,56381218.38717176,841.4327767280876,sensitivity_1990_2019,10-14 to 65-69,4,0,-4,7,835.6148809614258,Custom descriptive weighted least-squares age-period-cohort summaries; not asserted equivalent to conventional NCI APC estimable functions.
United States of America,Female,Prevalence,population,30-34 years,32.0,1995-1999,1997.0,1965.0,443484.8928114105,53259018.06448565,832.6944598836615,sensitivity_1990_2019,10-14 to 65-69,4,1,-3,8,835.0734397961181,Custom descriptive weighted least-squares age-period-cohort summaries; not asserted equivalent to conventional NCI APC estimable functions.
United States of America,Female,Prevalence,population,30-34 years,32.0,2000-2004,2002.0,1970.0,424669.35333331814,50901689.918820396,834.2932307563739,sensitivity_1990_2019,10-14 to 65-69,4,2,-2,9,834.4466434040821,Custom descriptive weighted least-squares age-period-cohort summaries; not asserted equivalent to conventional NCI APC estimable functions.
United States of America,Female,Prevalence,population,30-34 years,32.0,2005-2009,2007.0,1975.0,406454.15026550746,48442676.59160142,839.0414792562785,sensitivity_1990_2019,10-14 to 65-69,4,3,-1,10,829.8373801762839,Custom descriptive weighted least-squares age-period-cohort summaries; not asserted equivalent to conventional NCI APC estimable functions.
United States of America,Female,Prevalence,population,30-34 years,32.0,2010-2014,2012.0,1980.0,419980.5818903972,52269279.15421511,803.4941148725006,sensitivity_1990_2019,10-14 to 65-69,4,4,0,11,802.844010322906,Custom descriptive weighted least-squares age-period-cohort summaries; not asserted equivalent to conventional NCI APC estimable functions.
United States of America,Female,Prevalence,population,30-34 years,32.0,2015-2019,2017.0,1985.0,417986.74077272514,54828476.98846771,762.3533676863611,sensitivity_1990_2019,10-14 to 65-69,4,5,1,12,773.650619653857,Custom descriptive weighted least-squares age-period-cohort summaries; not asserted equivalent to conventional NCI APC estimable functions.
United States of America,Female,Prevalence,population,35-39 years,37.0,1990-1994,1992.0,1955.0,447594.2512811268,53629378.20393476,834.6064531628059,sensitivity_1990_2019,10-14 to 65-69,5,0,-5,6,827.7034994212878,Custom descriptive weighted least-squares age-period-cohort summaries; not asserted equivalent to conventional NCI APC estimable functions.
United States of America,Female,Prevalence,population,35-39 years,37.0,1995-1999,1997.0,1960.0,471792.8904578366,57072581.92587578,826.6541910975528,sensitivity_1990_2019,10-14 to 65-69,5,1,-4,7,828.8204308648668,Custom descriptive weighted least-squares age-period-cohort summaries; not asserted equivalent to conventional NCI APC estimable functions.
United States of America,Female,Prevalence,population,35-39 years,37.0,2000-2004,2002.0,1965.0,450109.2462788125,54442738.9584834,826.7571670522566,sensitivity_1990_2019,10-14 to 65-69,5,2,-3,8,830.7452725748425,Custom descriptive weighted least-squares age-period-cohort summaries; not asserted equivalent to conventional NCI APC estimable functions.
United States of America,Female,Prevalence,population,35-39 years,37.0,2005-2009,2007.0,1970.0,434488.9953387766,52260331.59028413,831.3934912337098,sensitivity_1990_2019,10-14 to 65-69,5,3,-2,9,829.104139835887,Custom descriptive weighted least-squares age-period-cohort summaries; not asserted equivalent to conventional NCI APC estimable functions.
United States of America,Female,Prevalence,population,35-39 years,37.0,2010-2014,2012.0,1975.0,398673.9440379894,49720636.79604594,801.8279123683593,sensitivity_1990_2019,10-14 to 65-69,5,4,-1,10,803.0795546872328,Custom descriptive weighted least-squares age-period-cohort summaries; not asserted equivalent to conventional NCI APC estimable functions.
United States of America,Female,Prevalence,population,35-39 years,37.0,2015-2019,2017.0,1980.0,410504.9947304729,53429888.98531955,768.3059099060897,sensitivity_1990_2019,10-14 to 65-69,5,5,0,11,769.7539858987075,Custom descriptive weighted least-squares age-period-cohort summaries; not asserted equivalent to conventional NCI APC estimable functions.
United States of America,Female,Prevalence,population,40-44 years,42.0,1990-1994,1992.0,1950.0,383967.02323299914,48221306.157928,796.2601053888534,sensitivity_1990_2019,10-14 to 65-69,6,0,-6,5,788.9850767753842,Custom descriptive weighted least-squares age-period-cohort summaries; not asserted equivalent to conventional NCI APC estimable functions.
United States of America,Female,Prevalence,population,40-44 years,42.0,1995-1999,1997.0,1955.0,423622.40236566047,53563381.6367082,790.8806154900094,sensitivity_1990_2019,10-14 to 65-69,6,1,-5,6,791.1696586617697,Custom descriptive weighted least-squares age-period-cohort summaries; not asserted equivalent to conventional NCI APC estimable functions.
United States of America,Female,Prevalence,population,40-44 years,42.0,2000-2004,2002.0,1960.0,452280.6870627105,57259872.17909608,789.8737280587662,sensitivity_1990_2019,10-14 to 65-69,6,2,-4,7,794.5920317819035,Custom descriptive weighted least-squares age-period-cohort summaries; not asserted equivalent to conventional NCI APC estimable functions.
United States of America,Female,Prevalence,population,40-44 years,42.0,2005-2009,2007.0,1965.0,435292.94882808335,54875006.66916127,793.2444572671185,sensitivity_1990_2019,10-14 to 65-69,6,3,-3,8,795.4610880400122,Custom descriptive weighted least-squares age-period-cohort summaries; not asserted equivalent to conventional NCI APC estimable functions.
United States of America,Female,Prevalence,population,40-44 years,42.0,2010-2014,2012.0,1970.0,405889.9229935212,52616853.30239772,771.4066834457108,sensitivity_1990_2019,10-14 to 65-69,6,4,-2,9,773.2415968988848,Custom descriptive weighted least-squares age-period-cohort summaries; not asserted equivalent to conventional NCI APC estimable functions.
United States of America,Female,Prevalence,population,40-44 years,42.0,2015-2019,2017.0,1975.0,372798.6414472682,50044035.80435677,744.9412011946742,sensitivity_1990_2019,10-14 to 65-69,6,5,-1,10,742.0273175453581,Custom descriptive weighted least-squares age-period-cohort summaries; not asserted equivalent to conventional NCI APC estimable functions.
United States of America,Female,Prevalence,population,45-49 years,47.0,1990-1994,1992.0,1945.0,292099.5547292637,39062496.93932344,747.7749186975626,sensitivity_1990_2019,10-14 to 65-69,7,0,-7,4,737.9148642768032,Custom descriptive weighted least-squares age-period-cohort summaries; not asserted equivalent to conventional NCI APC estimable functions.
United States of America,Female,Prevalence,population,45-49 years,47.0,1995-1999,1997.0,1950.0,355901.16954915336,47784689.030651584,744.8016859979142,sensitivity_1990_2019,10-14 to 65-69,7,1,-6,5,743.6364227965627,Custom descriptive weighted least-squares age-period-cohort summaries; not asserted equivalent to conventional NCI APC estimable functions.
United States of America,Female,Prevalence,population,45-49 years,47.0,2000-2004,2002.0,1955.0,397249.99837073655,53485909.345372975,742.7189763299824,sensitivity_1990_2019,10-14 to 65-69,7,2,-5,6,747.911847865397,Custom descriptive weighted least-squares age-period-cohort summaries; not asserted equivalent to conventional NCI APC estimable functions.
United States of America,Female,Prevalence,population,45-49 years,47.0,2005-2009,2007.0,1960.0,427098.1883697214,57365738.20121664,744.5178982472561,sensitivity_1990_2019,10-14 to 65-69,7,3,-4,7,750.2263242487672,Custom descriptive weighted least-squares age-period-cohort summaries; not asserted equivalent to conventional NCI APC estimable functions.
United States of America,Female,Prevalence,population,45-49 years,47.0,2010-2014,2012.0,1965.0,401016.0172498039,54967960.71570159,729.5450150022643,sensitivity_1990_2019,10-14 to 65-69,7,4,-3,8,731.5130818898017,Custom descriptive weighted least-squares age-period-cohort summaries; not asserted equivalent to conventional NCI APC estimable functions.
United States of America,Female,Prevalence,population,45-49 years,47.0,2015-2019,2017.0,1970.0,373152.7484486825,52601080.45957746,709.4012997231881,sensitivity_1990_2019,10-14 to 65-69,7,5,-2,9,704.4879440754958,Custom descriptive weighted least-squares age-period-cohort summaries; not asserted equivalent to conventional NCI APC estimable functions.
United States of America,Female,Prevalence,population,50-54 years,52.0,1990-1994,1992.0,1940.0,218857.83341547532,31467978.445592985,695.4937820167659,sensitivity_1990_2019,10-14 to 65-69,8,0,-8,3,686.7874394072911,Custom descriptive weighted least-squares age-period-cohort summaries; not asserted equivalent to conventional NCI APC estimable functions.
United States of America,Female,Prevalence,population,50-54 years,52.0,1995-1999,1997.0,1945.0,268244.54795656283,38643948.22085548,694.1437412748519,sensitivity_1990_2019,10-14 to 65-69,8,1,-7,4,689.2899690649534,Custom descriptive weighted least-squares age-period-cohort summaries; not asserted equivalent to conventional NCI APC estimable functions.
United States of America,Female,Prevalence,population,50-54 years,52.0,2000-2004,2002.0,1950.0,328765.31144297455,47558196.02962896,691.2905427240182,sensitivity_1990_2019,10-14 to 65-69,8,2,-6,5,696.6991455639429,Custom descriptive weighted least-squares age-period-cohort summaries; not asserted equivalent to conventional NCI APC estimable functions.
United States of America,Female,Prevalence,population,50-54 years,52.0,2005-2009,2007.0,1955.0,369679.8731996097,53452584.2434742,691.6033685401138,sensitivity_1990_2019,10-14 to 65-69,8,3,-5,6,699.8457696166479,Custom descriptive weighted least-squares age-period-cohort summaries; not asserted equivalent to conventional NCI APC estimable functions.
United States of America,Female,Prevalence,population,50-54 years,52.0,2010-2014,2012.0,1960.0,389679.5494206727,57206260.04789686,681.1834038694493,sensitivity_1990_2019,10-14 to 65-69,8,4,-4,7,683.7530735757814,Custom descriptive weighted least-squares age-period-cohort summaries; not asserted equivalent to conventional NCI APC estimable functions.
United States of America,Female,Prevalence,population,50-54 years,52.0,2015-2019,2017.0,1965.0,364186.2199287497,54581968.03410007,667.2280847426103,sensitivity_1990_2019,10-14 to 65-69,8,5,-3,8,660.5174400370489,Custom descriptive weighted least-squares age-period-cohort summaries; not asserted equivalent to conventional NCI APC estimable functions.
United States of America,Female,Prevalence,population,55-59 years,57.0,1990-1994,1992.0,1935.0,176986.97864495084,27594320.045210008,641.3891639836703,sensitivity_1990_2019,10-14 to 65-69,9,0,-9,2,637.0587792778315,Custom descriptive weighted least-squares age-period-cohort summaries; not asserted equivalent to conventional NCI APC estimable functions.
United States of America,Female,Prevalence,population,55-59 years,57.0,1995-1999,1997.0,1940.0,197263.6904874449,30771399.682306472,641.0618058458724,sensitivity_1990_2019,10-14 to 65-69,9,1,-8,3,636.2230574666819,Custom descriptive weighted least-squares age-period-cohort summaries; not asserted equivalent to conventional NCI APC estimable functions.
United States of America,Female,Prevalence,population,55-59 years,57.0,2000-2004,2002.0,1945.0,242590.82136749424,38046277.98644387,637.6203776199367,sensitivity_1990_2019,10-14 to 65-69,9,2,-7,4,640.4392557377006,Custom descriptive weighted least-squares age-period-cohort summaries; not asserted equivalent to conventional NCI APC estimable functions.
United States of America,Female,Prevalence,population,55-59 years,57.0,2005-2009,2007.0,1950.0,299200.0096868055,47005757.16476098,636.5177964011356,sensitivity_1990_2019,10-14 to 65-69,9,3,-6,5,646.5298300654439,Custom descriptive weighted least-squares age-period-cohort summaries; not asserted equivalent to conventional NCI APC estimable functions.
United States of America,Female,Prevalence,population,55-59 years,57.0,2010-2014,2012.0,1955.0,332601.34822056623,52851024.666342095,629.318637283454,sensitivity_1990_2019,10-14 to 65-69,9,4,-5,6,632.5584992044999,Custom descriptive weighted least-squares age-period-cohort summaries; not asserted equivalent to conventional NCI APC estimable functions.
United States of America,Female,Prevalence,population,55-59 years,57.0,2015-2019,2017.0,1960.0,349388.1683186736,56305288.706563056,620.5246014091537,sensitivity_1990_2019,10-14 to 65-69,9,5,-4,7,612.2839063259498,Custom descriptive weighted least-squares age-period-cohort summaries; not asserted equivalent to conventional NCI APC estimable functions.
United States of America,Female,Prevalence,population,60-64 years,62.0,1990-1994,1992.0,1930.0,160336.452487913,27593929.290018044,581.056981058199,sensitivity_1990_2019,10-14 to 65-69,10,0,-10,1,580.0543696005885,Custom descriptive weighted least-squares age-period-cohort summaries; not asserted equivalent to conventional NCI APC estimable functions.
United States of America,Female,Prevalence,population,60-64 years,62.0,1995-1999,1997.0,1935.0,155362.1798309086,26729735.873574845,581.2335017664744,sensitivity_1990_2019,10-14 to 65-69,10,1,-9,2,579.473130155283,Custom descriptive weighted least-squares age-period-cohort summaries; not asserted equivalent to conventional NCI APC estimable functions.
United States of America,Female,Prevalence,population,60-64 years,62.0,2000-2004,2002.0,1940.0,173319.44208985873,30014342.18613649,577.4554078680235,sensitivity_1990_2019,10-14 to 65-69,10,2,-8,3,580.4330418337516,Custom descriptive weighted least-squares age-period-cohort summaries; not asserted equivalent to conventional NCI APC estimable functions.
United States of America,Female,Prevalence,population,60-64 years,62.0,2005-2009,2007.0,1945.0,214413.9357550842,37277724.88224703,575.1797794322896,sensitivity_1990_2019,10-14 to 65-69,10,3,-7,4,583.5632990343104,Custom descriptive weighted least-squares age-period-cohort summaries; not asserted equivalent to conventional NCI APC estimable functions.
United States of America,Female,Prevalence,population,60-64 years,62.0,2010-2014,2012.0,1950.0,262589.13297322893,46049443.58157663,570.2330203144627,sensitivity_1990_2019,10-14 to 65-69,10,4,-6,5,573.790902517312,Custom descriptive weighted least-squares age-period-cohort summaries; not asserted equivalent to conventional NCI APC estimable functions.
United States of America,Female,Prevalence,population,60-64 years,62.0,2015-2019,2017.0,1955.0,291028.1973471796,51467019.13381049,565.4654227992639,sensitivity_1990_2019,10-14 to 65-69,10,5,-5,6,556.1871940512084,Custom descriptive weighted least-squares age-period-cohort summaries; not asserted equivalent to conventional NCI APC estimable functions.
United States of America,Female,Prevalence,population,65-69 years,67.0,1990-1994,1992.0,1925.0,136658.48522857847,27578294.947971836,495.5291307399285,sensitivity_1990_2019,10-14 to 65-69,11,0,-11,0,495.5291307399256,Custom descriptive weighted least-squares age-period-cohort summaries; not asserted equivalent to conventional NCI APC estimable functions.
United States of America,Female,Prevalence,population,65-69 years,67.0,1995-1999,1997.0,1930.0,129714.91626236975,26158944.373697624,495.87213615850607,sensitivity_1990_2019,10-14 to 65-69,11,1,-10,1,496.7763009186665,Custom descriptive weighted least-squares age-period-cohort summaries; not asserted equivalent to conventional NCI APC estimable functions.
United States of America,Female,Prevalence,population,65-69 years,67.0,2000-2004,2002.0,1935.0,125787.64579919586,25537681.918676667,492.5570229896341,sensitivity_1990_2019,10-14 to 65-69,11,2,-9,2,497.75358250785797,Custom descriptive weighted least-squares age-period-cohort summaries; not asserted equivalent to conventional NCI APC estimable functions.
United States of America,Female,Prevalence,population,65-69 years,67.0,2005-2009,2007.0,1940.0,141517.3870839163,28890328.367973752,489.8434703871168,sensitivity_1990_2019,10-14 to 65-69,11,3,-8,3,497.96695355708783,Custom descriptive weighted least-squares age-period-cohort summaries; not asserted equivalent to conventional NCI APC estimable functions.
United States of America,Female,Prevalence,population,65-69 years,67.0,2010-2014,2012.0,1945.0,175120.58184019348,35994831.42573913,486.5159104897724,sensitivity_1990_2019,10-14 to 65-69,11,4,-7,4,487.63113851084967,Custom descriptive weighted least-squares age-period-cohort summaries; not asserted equivalent to conventional NCI APC estimable functions.
United States of America,Female,Prevalence,population,65-69 years,67.0,2015-2019,2017.0,1950.0,214477.8593876845,44269350.02310515,484.48386812940277,sensitivity_1990_2019,10-14 to 65-69,11,5,-6,5,475.0204611509676,Custom descriptive weighted least-squares age-period-cohort summaries; not asserted equivalent to conventional NCI APC estimable functions.
United States of America,Male,DALYs,population,10-14 years,12.0,1990-1994,1992.0,1980.0,5066.777964292425,47228909.12185754,10.728128297902016,sensitivity_1990_2019,10-14 to 65-69,0,0,0,11,10.750380557491134,Custom descriptive weighted least-squares age-period-cohort summaries; not asserted equivalent to conventional NCI APC estimable functions.
United States of America,Male,DALYs,population,10-14 years,12.0,1995-1999,1997.0,1985.0,5363.129348815832,50475725.67620283,10.625165417570846,sensitivity_1990_2019,10-14 to 65-69,0,1,1,12,10.638222884956274,Custom descriptive weighted least-squares age-period-cohort summaries; not asserted equivalent to conventional NCI APC estimable functions.
United States of America,Male,DALYs,population,10-14 years,12.0,2000-2004,2002.0,1990.0,5666.1673908521225,54352174.65112907,10.424913864480338,sensitivity_1990_2019,10-14 to 65-69,0,2,2,13,10.473034960133226,Custom descriptive weighted least-squares age-period-cohort summaries; not asserted equivalent to conventional NCI APC estimable functions.
United States of America,Male,DALYs,population,10-14 years,12.0,2005-2009,2007.0,1995.0,5580.029861123229,53770762.493201375,10.37744231696315,sensitivity_1990_2019,10-14 to 65-69,0,3,3,14,10.424250433491668,Custom descriptive weighted least-squares age-period-cohort summaries; not asserted equivalent to conventional NCI APC estimable functions.
United States of America,Male,DALYs,population,10-14 years,12.0,2010-2014,2012.0,2000.0,5783.257539275135,53621176.867761575,10.785398376349658,sensitivity_1990_2019,10-14 to 65-69,0,4,4,15,10.655017960805523,Custom descriptive weighted least-squares age-period-cohort summaries; not asserted equivalent to conventional NCI APC estimable functions.
United States of America,Male,DALYs,population,10-14 years,12.0,2015-2019,2017.0,2005.0,5899.964371057775,54993109.004204735,10.728552136608004,sensitivity_1990_2019,10-14 to 65-69,0,5,5,16,10.728552136608025,Custom descriptive weighted least-squares age-period-cohort summaries; not asserted equivalent to conventional NCI APC estimable functions.
United States of America,Male,DALYs,population,15-19 years,17.0,1990-1994,1992.0,1975.0,41622.40765761191,45875767.23295307,90.7285265579473,sensitivity_1990_2019,10-14 to 65-69,1,0,-1,10,91.69162720672402,Custom descriptive weighted least-squares age-period-cohort summaries; not asserted equivalent to conventional NCI APC estimable functions.
United States of America,Male,DALYs,population,15-19 years,17.0,1995-1999,1997.0,1980.0,45455.3302512997,50052402.87791613,90.81548065168971,sensitivity_1990_2019,10-14 to 65-69,1,1,0,11,91.27691971691476,Custom descriptive weighted least-squares age-period-cohort summaries; not asserted equivalent to conventional NCI APC estimable functions.
United States of America,Male,DALYs,population,15-19 years,17.0,2000-2004,2002.0,1985.0,47708.93957184046,53201420.62630704,89.6760631768719,sensitivity_1990_2019,10-14 to 65-69,1,2,1,12,90.30152539151727,Custom descriptive weighted least-squares age-period-cohort summaries; not asserted equivalent to conventional NCI APC estimable functions.
United States of America,Male,DALYs,population,15-19 years,17.0,2005-2009,2007.0,1990.0,50960.82768155569,56662679.22636468,89.93720095368175,sensitivity_1990_2019,10-14 to 65-69,1,3,2,13,89.23117311354312,Custom descriptive weighted least-squares age-period-cohort summaries; not asserted equivalent to conventional NCI APC estimable functions.
United States of America,Male,DALYs,population,15-19 years,17.0,2010-2014,2012.0,1995.0,50075.90773261196,55477287.72992505,90.26379944238059,sensitivity_1990_2019,10-14 to 65-69,1,4,3,14,88.15186420970045,Custom descriptive weighted least-squares age-period-cohort summaries; not asserted equivalent to conventional NCI APC estimable functions.
United States of America,Male,DALYs,population,15-19 years,17.0,2015-2019,2017.0,2000.0,48121.76489210791,54939142.91165848,87.59103681229094,sensitivity_1990_2019,10-14 to 65-69,1,5,4,15,88.63698174488663,Custom descriptive weighted least-squares age-period-cohort summaries; not asserted equivalent to conventional NCI APC estimable functions.
United States of America,Male,DALYs,population,20-24 years,22.0,1990-1994,1992.0,1970.0,166735.46020682034,50021613.76968232,333.32683142637296,sensitivity_1990_2019,10-14 to 65-69,2,0,-2,9,335.700931886306,Custom descriptive weighted least-squares age-period-cohort summaries; not asserted equivalent to conventional NCI APC estimable functions.
United States of America,Male,DALYs,population,20-24 years,22.0,1995-1999,1997.0,1975.0,157345.41240384144,47195360.78128183,333.39169316456685,sensitivity_1990_2019,10-14 to 65-69,2,1,-1,10,334.546225211766,Custom descriptive weighted least-squares age-period-cohort summaries; not asserted equivalent to conventional NCI APC estimable functions.
United States of America,Male,DALYs,population,20-24 years,22.0,2000-2004,2002.0,1980.0,171640.45299537416,51334491.39895585,334.3569758224299,sensitivity_1990_2019,10-14 to 65-69,2,2,0,11,332.9479104895246,Custom descriptive weighted least-squares age-period-cohort summaries; not asserted equivalent to conventional NCI APC estimable functions.
United States of America,Male,DALYs,population,20-24 years,22.0,2005-2009,2007.0,1985.0,182465.77201452575,54169987.760610625,336.83923433928595,sensitivity_1990_2019,10-14 to 65-69,2,3,1,12,330.6194906737628,Custom descriptive weighted least-squares age-period-cohort summaries; not asserted equivalent to conventional NCI APC estimable functions.
United States of America,Male,DALYs,population,20-24 years,22.0,2010-2014,2012.0,1990.0,186024.64430018907,57004690.40620232,326.33217192238084,sensitivity_1990_2019,10-14 to 65-69,2,4,2,13,324.25940681873243,Custom descriptive weighted least-squares age-period-cohort summaries; not asserted equivalent to conventional NCI APC estimable functions.
United States of America,Male,DALYs,population,20-24 years,22.0,2015-2019,2017.0,1995.0,173384.97947560268,56082464.8944855,309.16076852508553,sensitivity_1990_2019,10-14 to 65-69,2,5,3,14,315.1240798669984,Custom descriptive weighted least-squares age-period-cohort summaries; not asserted equivalent to conventional NCI APC estimable functions.
United States of America,Male,DALYs,population,25-29 years,27.0,1990-1994,1992.0,1965.0,269312.6507791928,52605120.995740324,511.95139500011845,sensitivity_1990_2019,10-14 to 65-69,3,0,-3,8,512.8852620741162,Custom descriptive weighted least-squares age-period-cohort summaries; not asserted equivalent to conventional NCI APC estimable functions.
United States of America,Male,DALYs,population,25-29 years,27.0,1995-1999,1997.0,1970.0,259985.77199843168,50744595.721241236,512.341793846638,sensitivity_1990_2019,10-14 to 65-69,3,1,-2,9,512.8030693404859,Custom descriptive weighted least-squares age-period-cohort summaries; not asserted equivalent to conventional NCI APC estimable functions.
United States of America,Male,DALYs,population,25-29 years,27.0,2000-2004,2002.0,1975.0,248099.74285246865,48146486.264844574,515.3018674877324,sensitivity_1990_2019,10-14 to 65-69,3,2,-1,10,510.9084282554849,Custom descriptive weighted least-squares age-period-cohort summaries; not asserted equivalent to conventional NCI APC estimable functions.
United States of America,Male,DALYs,population,25-29 years,27.0,2005-2009,2007.0,1980.0,269787.007211654,52161329.52028777,517.2165082692578,sensitivity_1990_2019,10-14 to 65-69,3,3,0,11,510.36545982601353,Custom descriptive weighted least-squares age-period-cohort summaries; not asserted equivalent to conventional NCI APC estimable functions.
United States of America,Male,DALYs,population,25-29 years,27.0,2010-2014,2012.0,1985.0,272098.0660881186,54499295.85884305,499.2689571492289,sensitivity_1990_2019,10-14 to 65-69,3,4,1,12,503.0093396625588,Custom descriptive weighted least-squares age-period-cohort summaries; not asserted equivalent to conventional NCI APC estimable functions.
United States of America,Male,DALYs,population,25-29 years,27.0,2015-2019,2017.0,1990.0,279033.64991099964,58053420.6456911,480.64979945623645,sensitivity_1990_2019,10-14 to 65-69,3,5,2,13,485.3044667516988,Custom descriptive weighted least-squares age-period-cohort summaries; not asserted equivalent to conventional NCI APC estimable functions.
United States of America,Male,DALYs,population,30-34 years,32.0,1990-1994,1992.0,1960.0,317777.42240222025,56210072.35641192,565.3389314058962,sensitivity_1990_2019,10-14 to 65-69,4,0,-4,7,564.9806175218495,Custom descriptive weighted least-squares age-period-cohort summaries; not asserted equivalent to conventional NCI APC estimable functions.
United States of America,Male,DALYs,population,30-34 years,32.0,1995-1999,1997.0,1965.0,304092.0700818168,53695534.086432725,566.3265581683671,sensitivity_1990_2019,10-14 to 65-69,4,1,-3,8,566.2032669776728,Custom descriptive weighted least-squares age-period-cohort summaries; not asserted equivalent to conventional NCI APC estimable functions.
United States of America,Male,DALYs,population,30-34 years,32.0,2000-2004,2002.0,1970.0,294453.738191807,51677042.87669477,569.7960289531181,sensitivity_1990_2019,10-14 to 65-69,4,2,-2,9,565.9676800651026,Custom descriptive weighted least-squares age-period-cohort summaries; not asserted equivalent to conventional NCI APC estimable functions.
United States of America,Male,DALYs,population,30-34 years,32.0,2005-2009,2007.0,1975.0,279019.0378170062,48958065.48724753,569.9143441231033,sensitivity_1990_2019,10-14 to 65-69,4,3,-1,10,565.9813625782587,Custom descriptive weighted least-squares age-period-cohort summaries; not asserted equivalent to conventional NCI APC estimable functions.
United States of America,Male,DALYs,population,30-34 years,32.0,2010-2014,2012.0,1980.0,292603.10511140013,52703670.091766655,555.1854445846466,sensitivity_1990_2019,10-14 to 65-69,4,4,0,11,561.1551504493199,Custom descriptive weighted least-squares age-period-cohort summaries; not asserted equivalent to conventional NCI APC estimable functions.
United States of America,Male,DALYs,population,30-34 years,32.0,2015-2019,2017.0,1985.0,302926.8102207641,55849087.62471246,542.4024332435524,sensitivity_1990_2019,10-14 to 65-69,4,5,1,12,544.0663120690118,Custom descriptive weighted least-squares age-period-cohort summaries; not asserted equivalent to conventional NCI APC estimable functions.
United States of America,Male,DALYs,population,35-39 years,37.0,1990-1994,1992.0,1955.0,300100.82275407074,52937490.35344115,566.8965807604874,sensitivity_1990_2019,10-14 to 65-69,5,0,-5,6,563.7713142786887,Custom descriptive weighted least-squares age-period-cohort summaries; not asserted equivalent to conventional NCI APC estimable functions.
United States of America,Male,DALYs,population,35-39 years,37.0,1995-1999,1997.0,1960.0,321065.3841267404,56628044.92693764,566.9723977597739,sensitivity_1990_2019,10-14 to 65-69,5,1,-4,7,566.4149753817804,Custom descriptive weighted least-squares age-period-cohort summaries; not asserted equivalent to conventional NCI APC estimable functions.
United States of America,Male,DALYs,population,35-39 years,37.0,2000-2004,2002.0,1965.0,309759.65771551494,54474824.00808814,568.6290196541497,sensitivity_1990_2019,10-14 to 65-69,5,2,-3,8,567.4954881813236,Custom descriptive weighted least-squares age-period-cohort summaries; not asserted equivalent to conventional NCI APC estimable functions.
United States of America,Male,DALYs,population,35-39 years,37.0,2005-2009,2007.0,1970.0,297828.0114767049,52346573.725139946,568.9541650625171,sensitivity_1990_2019,10-14 to 65-69,5,3,-2,9,569.3767397946492,Custom descriptive weighted least-squares age-period-cohort summaries; not asserted equivalent to conventional NCI APC estimable functions.
United States of America,Male,DALYs,population,35-39 years,37.0,2010-2014,2012.0,1975.0,277936.8432594953,49599818.41529945,560.358590292265,sensitivity_1990_2019,10-14 to 65-69,5,4,-1,10,565.1358209467417,Custom descriptive weighted least-squares age-period-cohort summaries; not asserted equivalent to conventional NCI APC estimable functions.
United States of America,Male,DALYs,population,35-39 years,37.0,2015-2019,2017.0,1980.0,297221.3661297148,53919903.197767,551.2275588469969,sensitivity_1990_2019,10-14 to 65-69,5,5,0,11,551.198170026534,Custom descriptive weighted least-squares age-period-cohort summaries; not asserted equivalent to conventional NCI APC estimable functions.
United States of America,Male,DALYs,population,40-44 years,42.0,1990-1994,1992.0,1950.0,254519.6981482404,47182529.37900985,539.436315725517,sensitivity_1990_2019,10-14 to 65-69,6,0,-6,5,536.554374192408,Custom descriptive weighted least-squares age-period-cohort summaries; not asserted equivalent to conventional NCI APC estimable functions.
United States of America,Male,DALYs,population,40-44 years,42.0,1995-1999,1997.0,1955.0,284096.2545899367,52672430.07327157,539.3642446242485,sensitivity_1990_2019,10-14 to 65-69,6,1,-5,6,539.0234944261524,Custom descriptive weighted least-squares age-period-cohort summaries; not asserted equivalent to conventional NCI APC estimable functions.
United States of America,Male,DALYs,population,40-44 years,42.0,2000-2004,2002.0,1960.0,305853.7990699837,56518663.11500116,541.1554028580767,sensitivity_1990_2019,10-14 to 65-69,6,2,-4,7,541.4125417641144,Custom descriptive weighted least-squares age-period-cohort summaries; not asserted equivalent to conventional NCI APC estimable functions.
United States of America,Male,DALYs,population,40-44 years,42.0,2005-2009,2007.0,1965.0,294489.9607458207,54365270.33276598,541.6876600507428,sensitivity_1990_2019,10-14 to 65-69,6,3,-3,8,544.4701134535354,Custom descriptive weighted least-squares age-period-cohort summaries; not asserted equivalent to conventional NCI APC estimable functions.
United States of America,Male,DALYs,population,40-44 years,42.0,2010-2014,2012.0,1970.0,282080.04802052525,52322899.46713847,539.1139460795484,sensitivity_1990_2019,10-14 to 65-69,6,4,-2,9,542.1930788270039,Custom descriptive weighted least-squares age-period-cohort summaries; not asserted equivalent to conventional NCI APC estimable functions.
United States of America,Male,DALYs,population,40-44 years,42.0,2015-2019,2017.0,1975.0,266206.24448230356,49966482.96929171,532.7696260829645,sensitivity_1990_2019,10-14 to 65-69,6,5,-1,10,529.3966541187807,Custom descriptive weighted least-squares age-period-cohort summaries; not asserted equivalent to conventional NCI APC estimable functions.
United States of America,Male,DALYs,population,45-49 years,47.0,1990-1994,1992.0,1945.0,188197.50026667048,37799657.56498582,497.8814952043365,sensitivity_1990_2019,10-14 to 65-69,7,0,-7,4,494.10543391633036,Custom descriptive weighted least-squares age-period-cohort summaries; not asserted equivalent to conventional NCI APC estimable functions.
United States of America,Male,DALYs,population,45-49 years,47.0,1995-1999,1997.0,1950.0,230764.63408196878,46351051.16943885,497.86278468291,sensitivity_1990_2019,10-14 to 65-69,7,1,-6,5,496.9633298881423,Custom descriptive weighted least-squares age-period-cohort summaries; not asserted equivalent to conventional NCI APC estimable functions.
United States of America,Male,DALYs,population,45-49 years,47.0,2000-2004,2002.0,1955.0,258908.41916226546,52028954.41227343,497.62372141999066,sensitivity_1990_2019,10-14 to 65-69,7,2,-5,6,499.12251793240426,Custom descriptive weighted least-squares age-period-cohort summaries; not asserted equivalent to conventional NCI APC estimable functions.
United States of America,Male,DALYs,population,45-49 years,47.0,2005-2009,2007.0,1960.0,279548.5205604817,55985193.63358947,499.32580815932164,sensitivity_1990_2019,10-14 to 65-69,7,3,-4,7,503.20602017778396,Custom descriptive weighted least-squares age-period-cohort summaries; not asserted equivalent to conventional NCI APC estimable functions.
United States of America,Male,DALYs,population,45-49 years,47.0,2010-2014,2012.0,1965.0,270948.8568945582,54115872.465273336,500.682784091541,sensitivity_1990_2019,10-14 to 65-69,7,4,-3,8,502.26645921181165,Custom descriptive weighted least-squares age-period-cohort summaries; not asserted equivalent to conventional NCI APC estimable functions.
United States of America,Male,DALYs,population,45-49 years,47.0,2015-2019,2017.0,1970.0,260069.7403108115,52466289.522412434,495.6892181211242,sensitivity_1990_2019,10-14 to 65-69,7,5,-2,9,492.0261774393689,Custom descriptive weighted least-squares age-period-cohort summaries; not asserted equivalent to conventional NCI APC estimable functions.
United States of America,Male,DALYs,population,50-54 years,52.0,1990-1994,1992.0,1940.0,133546.87592836082,29877561.61193327,446.9805055142835,sensitivity_1990_2019,10-14 to 65-69,8,0,-8,3,444.52928462249537,Custom descriptive weighted least-squares age-period-cohort summaries; not asserted equivalent to conventional NCI APC estimable functions.
United States of America,Male,DALYs,population,50-54 years,52.0,1995-1999,1997.0,1945.0,165710.9624587494,37003782.4675728,447.8216858072966,sensitivity_1990_2019,10-14 to 65-69,8,1,-7,4,445.90367546206033,Custom descriptive weighted least-squares age-period-cohort summaries; not asserted equivalent to conventional NCI APC estimable functions.
United States of America,Male,DALYs,population,50-54 years,52.0,2000-2004,2002.0,1950.0,203764.9288076637,45604458.562533796,446.8092270589222,sensitivity_1990_2019,10-14 to 65-69,8,2,-6,5,448.36802135958663,Custom descriptive weighted least-squares age-period-cohort summaries; not asserted equivalent to conventional NCI APC estimable functions.
United States of America,Male,DALYs,population,50-54 years,52.0,2005-2009,2007.0,1955.0,229907.12797443714,51335956.273509376,447.8481451665777,sensitivity_1990_2019,10-14 to 65-69,8,3,-5,6,451.99694303803864,Custom descriptive weighted least-squares age-period-cohort summaries; not asserted equivalent to conventional NCI APC estimable functions.
United States of America,Male,DALYs,population,50-54 years,52.0,2010-2014,2012.0,1960.0,250214.16693626976,55437368.52594198,451.34567817587106,sensitivity_1990_2019,10-14 to 65-69,8,4,-4,7,452.2897832220664,Custom descriptive weighted least-squares age-period-cohort summaries; not asserted equivalent to conventional NCI APC estimable functions.
United States of America,Male,DALYs,population,50-54 years,52.0,2015-2019,2017.0,1965.0,240383.86251483433,53701905.39871436,447.6263192713254,sensitivity_1990_2019,10-14 to 65-69,8,5,-3,8,444.09842717537964,Custom descriptive weighted least-squares age-period-cohort summaries; not asserted equivalent to conventional NCI APC estimable functions.
United States of America,Male,DALYs,population,55-59 years,57.0,1990-1994,1992.0,1935.0,99959.89541327032,25428511.15169462,393.10164412283626,sensitivity_1990_2019,10-14 to 65-69,9,0,-9,2,392.77832745008584,Custom descriptive weighted least-squares age-period-cohort summaries; not asserted equivalent to conventional NCI APC estimable functions.
United States of America,Male,DALYs,population,55-59 years,57.0,1995-1999,1997.0,1940.0,112970.80448988255,28686312.102611277,393.8143184309808,sensitivity_1990_2019,10-14 to 65-69,9,1,-8,3,392.05067355088386,Custom descriptive weighted least-squares age-period-cohort summaries; not asserted equivalent to conventional NCI APC estimable functions.
United States of America,Male,DALYs,population,55-59 years,57.0,2000-2004,2002.0,1945.0,140541.18874400505,35802965.55134286,392.5406361728987,sensitivity_1990_2019,10-14 to 65-69,9,2,-7,4,393.1621885037975,Custom descriptive weighted least-squares age-period-cohort summaries; not asserted equivalent to conventional NCI APC estimable functions.
United States of America,Male,DALYs,population,55-59 years,57.0,2005-2009,2007.0,1950.0,173872.26335534593,44252693.99739567,392.90774786632994,sensitivity_1990_2019,10-14 to 65-69,9,3,-6,5,396.8106958338295,Custom descriptive weighted least-squares age-period-cohort summaries; not asserted equivalent to conventional NCI APC estimable functions.
United States of America,Male,DALYs,population,55-59 years,57.0,2010-2014,2012.0,1955.0,198151.36136885948,50048150.99177197,395.92144253528164,sensitivity_1990_2019,10-14 to 65-69,9,4,-5,6,397.0332260467454,Custom descriptive weighted least-squares age-period-cohort summaries; not asserted equivalent to conventional NCI APC estimable functions.
United States of America,Male,DALYs,population,55-59 years,57.0,2015-2019,2017.0,1960.0,213689.0889622056,54189525.619084135,394.3365189507211,sensitivity_1990_2019,10-14 to 65-69,9,5,-4,7,390.8249138609141,Custom descriptive weighted least-squares age-period-cohort summaries; not asserted equivalent to conventional NCI APC estimable functions.
United States of America,Male,DALYs,population,60-64 years,62.0,1990-1994,1992.0,1930.0,81811.08113418052,24353408.260004986,335.93277893894174,sensitivity_1990_2019,10-14 to 65-69,10,0,-10,1,336.2208147995619,Custom descriptive weighted least-squares age-period-cohort summaries; not asserted equivalent to conventional NCI APC estimable functions.
United States of America,Male,DALYs,population,60-64 years,62.0,1995-1999,1997.0,1935.0,80739.02007598241,24022800.831055243,336.0932833927001,sensitivity_1990_2019,10-14 to 65-69,10,1,-9,2,335.65232367933055,Custom descriptive weighted least-squares age-period-cohort summaries; not asserted equivalent to conventional NCI APC estimable functions.
United States of America,Male,DALYs,population,60-64 years,62.0,2000-2004,2002.0,1940.0,91689.47133123595,27389290.586639225,334.76395104575295,sensitivity_1990_2019,10-14 to 65-69,10,2,-8,3,334.9447770220143,Custom descriptive weighted least-squares age-period-cohort summaries; not asserted equivalent to conventional NCI APC estimable functions.
United States of America,Male,DALYs,population,60-64 years,62.0,2005-2009,2007.0,1945.0,114981.46255995729,34411671.40282093,334.1350706682953,sensitivity_1990_2019,10-14 to 65-69,10,3,-7,4,337.1481628335098,Custom descriptive weighted least-squares age-period-cohort summaries; not asserted equivalent to conventional NCI APC estimable functions.
United States of America,Male,DALYs,population,60-64 years,62.0,2010-2014,2012.0,1950.0,143528.42913868584,42628464.47449769,336.6962214286446,sensitivity_1990_2019,10-14 to 65-69,10,4,-6,5,337.7341983662789,Custom descriptive weighted least-squares age-period-cohort summaries; not asserted equivalent to conventional NCI APC estimable functions.
United States of America,Male,DALYs,population,60-64 years,62.0,2015-2019,2017.0,1955.0,161497.2624907737,48135366.89236281,335.50645381368633,sensitivity_1990_2019,10-14 to 65-69,10,5,-5,6,332.424198085042,Custom descriptive weighted least-squares age-period-cohort summaries; not asserted equivalent to conventional NCI APC estimable functions.
United States of America,Male,DALYs,population,65-69 years,67.0,1990-1994,1992.0,1925.0,60505.43871957663,22623694.045843728,267.44279071742613,sensitivity_1990_2019,10-14 to 65-69,11,0,-11,0,267.4427907174232,Custom descriptive weighted least-squares age-period-cohort summaries; not asserted equivalent to conventional NCI APC estimable functions.
United States of America,Male,DALYs,population,65-69 years,67.0,1995-1999,1997.0,1930.0,59182.20837696332,22129533.83863298,267.4354046882138,sensitivity_1990_2019,10-14 to 65-69,11,1,-10,1,267.18328332306805,Custom descriptive weighted least-squares age-period-cohort summaries; not asserted equivalent to conventional NCI APC estimable functions.
United States of America,Male,DALYs,population,65-69 years,67.0,2000-2004,2002.0,1935.0,58973.975190018406,22167921.898954853,266.03294372305976,sensitivity_1990_2019,10-14 to 65-69,11,2,-9,2,266.66327483435987,Custom descriptive weighted least-squares age-period-cohort summaries; not asserted equivalent to conventional NCI APC estimable functions.
United States of America,Male,DALYs,population,65-69 years,67.0,2005-2009,2007.0,1940.0,67601.15170103546,25586589.642190047,264.2054007446427,sensitivity_1990_2019,10-14 to 65-69,11,3,-8,3,267.0944157387549,Custom descriptive weighted least-squares age-period-cohort summaries; not asserted equivalent to conventional NCI APC estimable functions.
United States of America,Male,DALYs,population,65-69 years,67.0,2010-2014,2012.0,1945.0,86180.61265768258,32377368.563656703,266.17546910350063,sensitivity_1990_2019,10-14 to 65-69,11,4,-7,4,266.8425062063396,Custom descriptive weighted least-squares age-period-cohort summaries; not asserted equivalent to conventional NCI APC estimable functions.
United States of America,Male,DALYs,population,65-69 years,67.0,2015-2019,2017.0,1950.0,106189.42469645693,39990130.93486452,265.5390773023901,sensitivity_1990_2019,10-14 to 65-69,11,5,-6,5,262.95616692541245,Custom descriptive weighted least-squares age-period-cohort summaries; not asserted equivalent to conventional NCI APC estimable functions.
United States of America,Male,Incidence,population,10-14 years,12.0,1990-1994,1992.0,1980.0,4361.296450105887,47228909.12185754,9.234378966605178,sensitivity_1990_2019,10-14 to 65-69,0,0,0,11,9.397965142165202,Custom descriptive weighted least-squares age-period-cohort summaries; not asserted equivalent to conventional NCI APC estimable functions.
United States of America,Male,Incidence,population,10-14 years,12.0,1995-1999,1997.0,1985.0,4615.710582390371,50475725.67620283,9.1444164904131,sensitivity_1990_2019,10-14 to 65-69,0,1,1,12,9.31387924735211,Custom descriptive weighted least-squares age-period-cohort summaries; not asserted equivalent to conventional NCI APC estimable functions.
United States of America,Male,Incidence,population,10-14 years,12.0,2000-2004,2002.0,1990.0,4877.17857931872,54352174.65112907,8.973290600834138,sensitivity_1990_2019,10-14 to 65-69,0,2,2,13,9.083130710318695,Custom descriptive weighted least-squares age-period-cohort summaries; not asserted equivalent to conventional NCI APC estimable functions.
United States of America,Male,Incidence,population,10-14 years,12.0,2005-2009,2007.0,1995.0,4802.735860768397,53770762.493201375,8.931872337454099,sensitivity_1990_2019,10-14 to 65-69,0,3,3,14,8.838957450751817,Custom descriptive weighted least-squares age-period-cohort summaries; not asserted equivalent to conventional NCI APC estimable functions.
United States of America,Male,Incidence,population,10-14 years,12.0,2010-2014,2012.0,2000.0,4976.699940371393,53621176.867761575,9.281221023262383,sensitivity_1990_2019,10-14 to 65-69,0,4,4,15,8.965604199178136,Custom descriptive weighted least-squares age-period-cohort summaries; not asserted equivalent to conventional NCI APC estimable functions.
United States of America,Male,Incidence,population,10-14 years,12.0,2015-2019,2017.0,2005.0,5077.933035787371,54993109.004204735,9.23376242539609,sensitivity_1990_2019,10-14 to 65-69,0,5,5,16,9.2337624253961,Custom descriptive weighted least-squares age-period-cohort summaries; not asserted equivalent to conventional NCI APC estimable functions.
United States of America,Male,Incidence,population,15-19 years,17.0,1990-1994,1992.0,1975.0,25199.278332527105,45875767.23295307,54.92938832950174,sensitivity_1990_2019,10-14 to 65-69,1,0,-1,10,55.74752079855253,Custom descriptive weighted least-squares age-period-cohort summaries; not asserted equivalent to conventional NCI APC estimable functions.
United States of America,Male,Incidence,population,15-19 years,17.0,1995-1999,1997.0,1980.0,27514.92719306353,50052402.87791613,54.97224031416787,sensitivity_1990_2019,10-14 to 65-69,1,1,0,11,55.32985030084765,Custom descriptive weighted least-squares age-period-cohort summaries; not asserted equivalent to conventional NCI APC estimable functions.
United States of America,Male,Incidence,population,15-19 years,17.0,2000-2004,2002.0,1985.0,29321.430040629875,53201420.62630704,55.113998264420424,sensitivity_1990_2019,10-14 to 65-69,1,2,1,12,54.85076193611884,Custom descriptive weighted least-squares age-period-cohort summaries; not asserted equivalent to conventional NCI APC estimable functions.
United States of America,Male,Incidence,population,15-19 years,17.0,2005-2009,2007.0,1990.0,31489.313958237966,56662679.22636468,55.573288076336226,sensitivity_1990_2019,10-14 to 65-69,1,3,2,13,53.90793731759749,Custom descriptive weighted least-squares age-period-cohort summaries; not asserted equivalent to conventional NCI APC estimable functions.
United States of America,Male,Incidence,population,15-19 years,17.0,2010-2014,2012.0,1995.0,30011.866649372445,55477287.72992505,54.09757375933092,sensitivity_1990_2019,10-14 to 65-69,1,4,3,14,53.24690678290747,Custom descriptive weighted least-squares age-period-cohort summaries; not asserted equivalent to conventional NCI APC estimable functions.
United States of America,Male,Incidence,population,15-19 years,17.0,2015-2019,2017.0,2000.0,28096.848895743304,54939142.91165848,51.14176779372536,sensitivity_1990_2019,10-14 to 65-69,1,5,4,15,52.89819245328154,Custom descriptive weighted least-squares age-period-cohort summaries; not asserted equivalent to conventional NCI APC estimable functions.
United States of America,Male,Incidence,population,20-24 years,22.0,1990-1994,1992.0,1970.0,46225.78489894657,50021613.76968232,92.41162252738762,sensitivity_1990_2019,10-14 to 65-69,2,0,-2,9,92.57038261246463,Custom descriptive weighted least-squares age-period-cohort summaries; not asserted equivalent to conventional NCI APC estimable functions.
United States of America,Male,Incidence,population,20-24 years,22.0,1995-1999,1997.0,1975.0,43583.57562216569,47195360.78128183,92.34716061213244,sensitivity_1990_2019,10-14 to 65-69,2,1,-1,10,92.26747271699014,Custom descriptive weighted least-squares age-period-cohort summaries; not asserted equivalent to conventional NCI APC estimable functions.
United States of America,Male,Incidence,population,20-24 years,22.0,2000-2004,2002.0,1980.0,47916.96013007773,51334491.39895585,93.3426217427224,sensitivity_1990_2019,10-14 to 65-69,2,2,0,11,91.60284420057782,Custom descriptive weighted least-squares age-period-cohort summaries; not asserted equivalent to conventional NCI APC estimable functions.
United States of America,Male,Incidence,population,20-24 years,22.0,2005-2009,2007.0,1985.0,50905.559296474254,54169987.760610625,93.97373232099919,sensitivity_1990_2019,10-14 to 65-69,2,3,1,12,91.51603949911046,Custom descriptive weighted least-squares age-period-cohort summaries; not asserted equivalent to conventional NCI APC estimable functions.
United States of America,Male,Incidence,population,20-24 years,22.0,2010-2014,2012.0,1990.0,51213.60804148979,57004690.40620232,89.84104233625933,sensitivity_1990_2019,10-14 to 65-69,2,4,2,13,91.29425664619754,Custom descriptive weighted least-squares age-period-cohort summaries; not asserted equivalent to conventional NCI APC estimable functions.
United States of America,Male,Incidence,population,20-24 years,22.0,2015-2019,2017.0,1995.0,48274.385731603616,56082464.8944855,86.07750358766837,sensitivity_1990_2019,10-14 to 65-69,2,5,3,14,88.31877879479106,Custom descriptive weighted least-squares age-period-cohort summaries; not asserted equivalent to conventional NCI APC estimable functions.
United States of America,Male,Incidence,population,25-29 years,27.0,1990-1994,1992.0,1965.0,32125.67082512495,52605120.995740324,61.069474258459195,sensitivity_1990_2019,10-14 to 65-69,3,0,-3,8,60.43027034497231,Custom descriptive weighted least-squares age-period-cohort summaries; not asserted equivalent to conventional NCI APC estimable functions.
United States of America,Male,Incidence,population,25-29 years,27.0,1995-1999,1997.0,1970.0,30888.175688193027,50744595.721241236,60.8698822981528,sensitivity_1990_2019,10-14 to 65-69,3,1,-2,9,60.67961558767135,Custom descriptive weighted least-squares age-period-cohort summaries; not asserted equivalent to conventional NCI APC estimable functions.
United States of America,Male,Incidence,population,25-29 years,27.0,2000-2004,2002.0,1975.0,29536.707108561925,48146486.264844574,61.347586085693095,sensitivity_1990_2019,10-14 to 65-69,3,2,-1,10,60.49866390317535,Custom descriptive weighted least-squares age-period-cohort summaries; not asserted equivalent to conventional NCI APC estimable functions.
United States of America,Male,Incidence,population,25-29 years,27.0,2005-2009,2007.0,1980.0,31766.960669617703,52161329.52028777,60.901363062960606,sensitivity_1990_2019,10-14 to 65-69,3,3,0,11,60.53007414607743,Custom descriptive weighted least-squares age-period-cohort summaries; not asserted equivalent to conventional NCI APC estimable functions.
United States of America,Male,Incidence,population,25-29 years,27.0,2010-2014,2012.0,1985.0,32511.791567104523,54499295.85884305,59.65543417535579,sensitivity_1990_2019,10-14 to 65-69,3,4,1,12,61.381239533621276,Custom descriptive weighted least-squares age-period-cohort summaries; not asserted equivalent to conventional NCI APC estimable functions.
United States of America,Male,Incidence,population,25-29 years,27.0,2015-2019,2017.0,1990.0,34727.26207879733,58053420.6456911,59.81949330900434,sensitivity_1990_2019,10-14 to 65-69,3,5,2,13,59.97217829634334,Custom descriptive weighted least-squares age-period-cohort summaries; not asserted equivalent to conventional NCI APC estimable functions.
United States of America,Male,Incidence,population,30-34 years,32.0,1990-1994,1992.0,1960.0,21066.082146886503,56210072.35641192,37.47741510331552,sensitivity_1990_2019,10-14 to 65-69,4,0,-4,7,37.01930962935081,Custom descriptive weighted least-squares age-period-cohort summaries; not asserted equivalent to conventional NCI APC estimable functions.
United States of America,Male,Incidence,population,30-34 years,32.0,1995-1999,1997.0,1965.0,20139.386835709633,53695534.086432725,37.50663286688168,sensitivity_1990_2019,10-14 to 65-69,4,1,-3,8,37.258498064811846,Custom descriptive weighted least-squares age-period-cohort summaries; not asserted equivalent to conventional NCI APC estimable functions.
United States of America,Male,Incidence,population,30-34 years,32.0,2000-2004,2002.0,1970.0,19311.866660938806,51677042.87669477,37.37030136770469,sensitivity_1990_2019,10-14 to 65-69,4,2,-2,9,37.42312273899316,Custom descriptive weighted least-squares age-period-cohort summaries; not asserted equivalent to conventional NCI APC estimable functions.
United States of America,Male,Incidence,population,30-34 years,32.0,2005-2009,2007.0,1975.0,18094.989855112977,48958065.48724753,36.960181483940204,sensitivity_1990_2019,10-14 to 65-69,4,3,-1,10,37.60175156952706,Custom descriptive weighted least-squares age-period-cohort summaries; not asserted equivalent to conventional NCI APC estimable functions.
United States of America,Male,Incidence,population,30-34 years,32.0,2010-2014,2012.0,1980.0,19776.27140078626,52703670.091766655,37.523518507064466,sensitivity_1990_2019,10-14 to 65-69,4,4,0,11,38.18648533219867,Custom descriptive weighted least-squares age-period-cohort summaries; not asserted equivalent to conventional NCI APC estimable functions.
United States of America,Male,Incidence,population,30-34 years,32.0,2015-2019,2017.0,1985.0,21483.640922141443,55849087.62471246,38.467308663132435,sensitivity_1990_2019,10-14 to 65-69,4,5,1,12,37.92643883351488,Custom descriptive weighted least-squares age-period-cohort summaries; not asserted equivalent to conventional NCI APC estimable functions.
United States of America,Male,Incidence,population,35-39 years,37.0,1990-1994,1992.0,1955.0,14857.483026894388,52937490.35344115,28.066088754297343,sensitivity_1990_2019,10-14 to 65-69,5,0,-5,6,27.770335378724557,Custom descriptive weighted least-squares age-period-cohort summaries; not asserted equivalent to conventional NCI APC estimable functions.
United States of America,Male,Incidence,population,35-39 years,37.0,1995-1999,1997.0,1960.0,15817.408434414643,56628044.92693764,27.932111120598464,sensitivity_1990_2019,10-14 to 65-69,5,1,-4,7,27.82574646474417,Custom descriptive weighted least-squares age-period-cohort summaries; not asserted equivalent to conventional NCI APC estimable functions.
United States of America,Male,Incidence,population,35-39 years,37.0,2000-2004,2002.0,1965.0,15066.432801959518,54474824.00808814,27.657607117230025,sensitivity_1990_2019,10-14 to 65-69,5,2,-3,8,28.013685500431702,Custom descriptive weighted least-squares age-period-cohort summaries; not asserted equivalent to conventional NCI APC estimable functions.
United States of America,Male,Incidence,population,35-39 years,37.0,2005-2009,2007.0,1970.0,14547.703624256354,52346573.725139946,27.791128604983903,sensitivity_1990_2019,10-14 to 65-69,5,3,-2,9,28.35632973446733,Custom descriptive weighted least-squares age-period-cohort summaries; not asserted equivalent to conventional NCI APC estimable functions.
United States of America,Male,Incidence,population,35-39 years,37.0,2010-2014,2012.0,1975.0,14396.81107210037,49599818.41529945,29.02593503781772,sensitivity_1990_2019,10-14 to 65-69,5,4,-1,10,28.91973168679047,Custom descriptive weighted least-squares age-period-cohort summaries; not asserted equivalent to conventional NCI APC estimable functions.
United States of America,Male,Incidence,population,35-39 years,37.0,2015-2019,2017.0,1980.0,15739.571734774125,53919903.197767,29.190652804113256,sensitivity_1990_2019,10-14 to 65-69,5,5,0,11,28.764961754858444,Custom descriptive weighted least-squares age-period-cohort summaries; not asserted equivalent to conventional NCI APC estimable functions.
United States of America,Male,Incidence,population,40-44 years,42.0,1990-1994,1992.0,1950.0,10653.607232693743,47182529.37900985,22.57955936850055,sensitivity_1990_2019,10-14 to 65-69,6,0,-6,5,22.457868685829872,Custom descriptive weighted least-squares age-period-cohort summaries; not asserted equivalent to conventional NCI APC estimable functions.
United States of America,Male,Incidence,population,40-44 years,42.0,1995-1999,1997.0,1955.0,11797.976623574148,52672430.07327157,22.398770300064413,sensitivity_1990_2019,10-14 to 65-69,6,1,-5,6,22.39843534464672,Custom descriptive weighted least-squares age-period-cohort summaries; not asserted equivalent to conventional NCI APC estimable functions.
United States of America,Male,Incidence,population,40-44 years,42.0,2000-2004,2002.0,1960.0,12487.672643661033,56518663.11500116,22.09477711504213,sensitivity_1990_2019,10-14 to 65-69,6,2,-4,7,22.449660458369685,Custom descriptive weighted least-squares age-period-cohort summaries; not asserted equivalent to conventional NCI APC estimable functions.
United States of America,Male,Incidence,population,40-44 years,42.0,2005-2009,2007.0,1965.0,12192.733400103527,54365270.33276598,22.427430831250664,sensitivity_1990_2019,10-14 to 65-69,6,3,-3,8,22.777092783943505,Custom descriptive weighted least-squares age-period-cohort summaries; not asserted equivalent to conventional NCI APC estimable functions.
United States of America,Male,Incidence,population,40-44 years,42.0,2010-2014,2012.0,1970.0,12447.216001682142,52322899.46713847,23.789232111457522,sensitivity_1990_2019,10-14 to 65-69,6,4,-2,9,23.40206869231087,Custom descriptive weighted least-squares age-period-cohort summaries; not asserted equivalent to conventional NCI APC estimable functions.
United States of America,Male,Incidence,population,40-44 years,42.0,2015-2019,2017.0,1975.0,11827.631945779916,49966482.96929171,23.671131612462933,sensitivity_1990_2019,10-14 to 65-69,6,5,-1,10,23.375796658710087,Custom descriptive weighted least-squares age-period-cohort summaries; not asserted equivalent to conventional NCI APC estimable functions.
United States of America,Male,Incidence,population,45-49 years,47.0,1990-1994,1992.0,1945.0,7943.414816621755,37799657.56498582,21.014515284868125,sensitivity_1990_2019,10-14 to 65-69,7,0,-7,4,20.984147868263857,Custom descriptive weighted least-squares age-period-cohort summaries; not asserted equivalent to conventional NCI APC estimable functions.
United States of America,Male,Incidence,population,45-49 years,47.0,1995-1999,1997.0,1950.0,9697.090916935831,46351051.16943885,20.92097303573025,sensitivity_1990_2019,10-14 to 65-69,7,1,-6,5,20.8879192237961,Custom descriptive weighted least-squares age-period-cohort summaries; not asserted equivalent to conventional NCI APC estimable functions.
United States of America,Male,Incidence,population,45-49 years,47.0,2000-2004,2002.0,1955.0,10768.488655990815,52028954.41227343,20.69710755796117,sensitivity_1990_2019,10-14 to 65-69,7,2,-5,6,20.838704634622314,Custom descriptive weighted least-squares age-period-cohort summaries; not asserted equivalent to conventional NCI APC estimable functions.
United States of America,Male,Incidence,population,45-49 years,47.0,2005-2009,2007.0,1960.0,11682.919336081508,55985193.63358947,20.867873410501343,sensitivity_1990_2019,10-14 to 65-69,7,3,-4,7,21.04882723566865,Custom descriptive weighted least-squares age-period-cohort summaries; not asserted equivalent to conventional NCI APC estimable functions.
United States of America,Male,Incidence,population,45-49 years,47.0,2010-2014,2012.0,1965.0,11842.645718788128,54115872.465273336,21.883867300462846,sensitivity_1990_2019,10-14 to 65-69,7,4,-3,8,21.67667206001568,Custom descriptive weighted least-squares age-period-cohort summaries; not asserted equivalent to conventional NCI APC estimable functions.
United States of America,Male,Incidence,population,45-49 years,47.0,2015-2019,2017.0,1970.0,11487.193364944267,52466289.522412434,21.8944268205534,sensitivity_1990_2019,10-14 to 65-69,7,5,-2,9,21.81305506309321,Custom descriptive weighted least-squares age-period-cohort summaries; not asserted equivalent to conventional NCI APC estimable functions.
United States of America,Male,Incidence,population,50-54 years,52.0,1990-1994,1992.0,1940.0,5814.191724471286,29877561.61193327,19.460061031717746,sensitivity_1990_2019,10-14 to 65-69,8,0,-8,3,19.57572626079331,Custom descriptive weighted least-squares age-period-cohort summaries; not asserted equivalent to conventional NCI APC estimable functions.
United States of America,Male,Incidence,population,50-54 years,52.0,1995-1999,1997.0,1945.0,7196.415723196396,37003782.4675728,19.44778410018697,sensitivity_1990_2019,10-14 to 65-69,8,1,-7,4,19.390015827781586,Custom descriptive weighted least-squares age-period-cohort summaries; not asserted equivalent to conventional NCI APC estimable functions.
United States of America,Male,Incidence,population,50-54 years,52.0,2000-2004,2002.0,1950.0,8805.713721455839,45604458.562533796,19.308887768903688,sensitivity_1990_2019,10-14 to 65-69,8,2,-6,5,19.306715695606226,Custom descriptive weighted least-squares age-period-cohort summaries; not asserted equivalent to conventional NCI APC estimable functions.
United States of America,Male,Incidence,population,50-54 years,52.0,2005-2009,2007.0,1955.0,9908.54799759533,51335956.273509376,19.301380001191067,sensitivity_1990_2019,10-14 to 65-69,8,3,-5,6,19.411050085063188,Custom descriptive weighted least-squares age-period-cohort summaries; not asserted equivalent to conventional NCI APC estimable functions.
United States of America,Male,Incidence,population,50-54 years,52.0,2010-2014,2012.0,1960.0,11080.553396168752,55437368.52594198,19.98751688760911,sensitivity_1990_2019,10-14 to 65-69,8,4,-4,7,19.901343896114724,Custom descriptive weighted least-squares age-period-cohort summaries; not asserted equivalent to conventional NCI APC estimable functions.
United States of America,Male,Incidence,population,50-54 years,52.0,2015-2019,2017.0,1965.0,10802.395639921868,53701905.39871436,20.11547925482078,sensitivity_1990_2019,10-14 to 65-69,8,5,-3,8,20.07312724596207,Custom descriptive weighted least-squares age-period-cohort summaries; not asserted equivalent to conventional NCI APC estimable functions.
United States of America,Male,Incidence,population,55-59 years,57.0,1990-1994,1992.0,1935.0,4552.3271801063465,25428511.15169462,17.902452695516814,sensitivity_1990_2019,10-14 to 65-69,9,0,-9,2,18.06478084489929,Custom descriptive weighted least-squares age-period-cohort summaries; not asserted equivalent to conventional NCI APC estimable functions.
United States of America,Male,Incidence,population,55-59 years,57.0,1995-1999,1997.0,1940.0,5155.730627752428,28686312.102611277,17.972789981892124,sensitivity_1990_2019,10-14 to 65-69,9,1,-8,3,17.910745072894017,Custom descriptive weighted least-squares age-period-cohort summaries; not asserted equivalent to conventional NCI APC estimable functions.
United States of America,Male,Incidence,population,55-59 years,57.0,2000-2004,2002.0,1945.0,6413.11152465441,35802965.55134286,17.912235553386648,sensitivity_1990_2019,10-14 to 65-69,9,2,-7,4,17.74599394804091,Custom descriptive weighted least-squares age-period-cohort summaries; not asserted equivalent to conventional NCI APC estimable functions.
United States of America,Male,Incidence,population,55-59 years,57.0,2005-2009,2007.0,1950.0,7848.320057894038,44252693.99739567,17.735236770796195,sensitivity_1990_2019,10-14 to 65-69,9,3,-6,5,17.807200798593104,Custom descriptive weighted least-squares age-period-cohort summaries; not asserted equivalent to conventional NCI APC estimable functions.
United States of America,Male,Incidence,population,55-59 years,57.0,2010-2014,2012.0,1955.0,9047.580489841344,50048150.99177197,18.077751746170975,sensitivity_1990_2019,10-14 to 65-69,9,4,-5,6,18.17240781828731,Custom descriptive weighted least-squares age-period-cohort summaries; not asserted equivalent to conventional NCI APC estimable functions.
United States of America,Male,Incidence,population,55-59 years,57.0,2015-2019,2017.0,1960.0,9931.824998075745,54189525.619084135,18.32794231839154,sensitivity_1990_2019,10-14 to 65-69,9,5,-4,7,18.247937222505186,Custom descriptive weighted least-squares age-period-cohort summaries; not asserted equivalent to conventional NCI APC estimable functions.
United States of America,Male,Incidence,population,60-64 years,62.0,1990-1994,1992.0,1930.0,3649.293519950041,24353408.260004986,14.98473429669057,sensitivity_1990_2019,10-14 to 65-69,10,0,-10,1,15.055808861224572,Custom descriptive weighted least-squares age-period-cohort summaries; not asserted equivalent to conventional NCI APC estimable functions.
United States of America,Male,Incidence,population,60-64 years,62.0,1995-1999,1997.0,1935.0,3623.018918312633,24022800.831055243,15.081584132475555,sensitivity_1990_2019,10-14 to 65-69,10,1,-9,2,15.030990684436764,Custom descriptive weighted least-squares age-period-cohort summaries; not asserted equivalent to conventional NCI APC estimable functions.
United States of America,Male,Incidence,population,60-64 years,62.0,2000-2004,2002.0,1940.0,4129.023184937886,27389290.586639225,15.075319938925565,sensitivity_1990_2019,10-14 to 65-69,10,2,-8,3,14.907161526119499,Custom descriptive weighted least-squares age-period-cohort summaries; not asserted equivalent to conventional NCI APC estimable functions.
United States of America,Male,Incidence,population,60-64 years,62.0,2005-2009,2007.0,1945.0,5104.254859800573,34411671.40282093,14.832917587903466,sensitivity_1990_2019,10-14 to 65-69,10,3,-7,4,14.884927474388084,Custom descriptive weighted least-squares age-period-cohort summaries; not asserted equivalent to conventional NCI APC estimable functions.
United States of America,Male,Incidence,population,60-64 years,62.0,2010-2014,2012.0,1950.0,6387.74983146628,42628464.47449769,14.984705431479302,sensitivity_1990_2019,10-14 to 65-69,10,4,-6,5,15.160664586465787,Custom descriptive weighted least-squares age-period-cohort summaries; not asserted equivalent to conventional NCI APC estimable functions.
United States of America,Male,Incidence,population,60-64 years,62.0,2015-2019,2017.0,1955.0,7346.550281443308,48135366.89236281,15.2622712897799,sensitivity_1990_2019,10-14 to 65-69,10,5,-5,6,15.153152277214275,Custom descriptive weighted least-squares age-period-cohort summaries; not asserted equivalent to conventional NCI APC estimable functions.
United States of America,Male,Incidence,population,65-69 years,67.0,1990-1994,1992.0,1925.0,2423.8528409666687,22623694.045843728,10.713780145961454,sensitivity_1990_2019,10-14 to 65-69,11,0,-11,0,10.713780145961376,Custom descriptive weighted least-squares age-period-cohort summaries; not asserted equivalent to conventional NCI APC estimable functions.
United States of America,Male,Incidence,population,65-69 years,67.0,1995-1999,1997.0,1930.0,2385.512292787522,22129533.83863298,10.779767482598194,sensitivity_1990_2019,10-14 to 65-69,11,1,-10,1,10.723778339840822,Custom descriptive weighted least-squares age-period-cohort summaries; not asserted equivalent to conventional NCI APC estimable functions.
United States of America,Male,Incidence,population,65-69 years,67.0,2000-2004,2002.0,1935.0,2390.0006446368548,22167921.898954853,10.78134727978059,sensitivity_1990_2019,10-14 to 65-69,11,2,-9,2,10.709217473574194,Custom descriptive weighted least-squares age-period-cohort summaries; not asserted equivalent to conventional NCI APC estimable functions.
United States of America,Male,Incidence,population,65-69 years,67.0,2005-2009,2007.0,1940.0,2714.246507451162,25586589.642190047,10.608082379902662,sensitivity_1990_2019,10-14 to 65-69,11,3,-8,3,10.703607585861699,Custom descriptive weighted least-squares age-period-cohort summaries; not asserted equivalent to conventional NCI APC estimable functions.
United States of America,Male,Incidence,population,65-69 years,67.0,2010-2014,2012.0,1945.0,3471.5837090474806,32377368.563656703,10.722254040571725,sensitivity_1990_2019,10-14 to 65-69,11,4,-7,4,10.848211258553693,Custom descriptive weighted least-squares age-period-cohort summaries; not asserted equivalent to conventional NCI APC estimable functions.
United States of America,Male,Incidence,population,65-69 years,67.0,2015-2019,2017.0,1950.0,4364.961096937304,39990130.93486452,10.91509578712534,sensitivity_1990_2019,10-14 to 65-69,11,5,-6,5,10.821752076640927,Custom descriptive weighted least-squares age-period-cohort summaries; not asserted equivalent to conventional NCI APC estimable functions.
United States of America,Male,Prevalence,population,10-14 years,12.0,1990-1994,1992.0,1980.0,7151.821650514447,47228909.12185754,15.142889775543395,sensitivity_1990_2019,10-14 to 65-69,0,0,0,11,15.18078616073791,Custom descriptive weighted least-squares age-period-cohort summaries; not asserted equivalent to conventional NCI APC estimable functions.
United States of America,Male,Prevalence,population,10-14 years,12.0,1995-1999,1997.0,1985.0,7569.714901409873,50475725.67620283,14.996743087893183,sensitivity_1990_2019,10-14 to 65-69,0,1,1,12,15.017124546996314,Custom descriptive weighted least-squares age-period-cohort summaries; not asserted equivalent to conventional NCI APC estimable functions.
United States of America,Male,Prevalence,population,10-14 years,12.0,2000-2004,2002.0,1990.0,7997.983498721948,54352174.65112907,14.715112228827453,sensitivity_1990_2019,10-14 to 65-69,0,2,2,13,14.790288512574097,Custom descriptive weighted least-squares age-period-cohort summaries; not asserted equivalent to conventional NCI APC estimable functions.
United States of America,Male,Prevalence,population,10-14 years,12.0,2005-2009,2007.0,1995.0,7876.2595839872865,53770762.493201375,14.647848047501908,sensitivity_1990_2019,10-14 to 65-69,0,3,3,14,14.720304939941208,Custom descriptive weighted least-squares age-period-cohort summaries; not asserted equivalent to conventional NCI APC estimable functions.
United States of America,Male,Prevalence,population,10-14 years,12.0,2010-2014,2012.0,2000.0,8161.710594520289,53621176.867761575,15.221058304349375,sensitivity_1990_2019,10-14 to 65-69,0,4,4,15,15.015552788697994,Custom descriptive weighted least-squares age-period-cohort summaries; not asserted equivalent to conventional NCI APC estimable functions.
United States of America,Male,Prevalence,population,10-14 years,12.0,2015-2019,2017.0,2005.0,8326.482920919858,54993109.004204735,15.140956879312316,sensitivity_1990_2019,10-14 to 65-69,0,5,5,16,15.140956879312297,Custom descriptive weighted least-squares age-period-cohort summaries; not asserted equivalent to conventional NCI APC estimable functions.
United States of America,Male,Prevalence,population,15-19 years,17.0,1990-1994,1992.0,1975.0,62411.82649083891,45875767.23295307,136.04530290233012,sensitivity_1990_2019,10-14 to 65-69,1,0,-1,10,137.33652017817099,Custom descriptive weighted least-squares age-period-cohort summaries; not asserted equivalent to conventional NCI APC estimable functions.
United States of America,Male,Prevalence,population,15-19 years,17.0,1995-1999,1997.0,1980.0,67820.58329097375,50052402.87791613,135.49915566770363,sensitivity_1990_2019,10-14 to 65-69,1,1,0,11,136.4509373816859,Custom descriptive weighted least-squares age-period-cohort summaries; not asserted equivalent to conventional NCI APC estimable functions.
United States of America,Male,Prevalence,population,15-19 years,17.0,2000-2004,2002.0,1985.0,71547.27165786321,53201420.62630704,134.48376155294716,sensitivity_1990_2019,10-14 to 65-69,1,2,1,12,135.2090505434519,Custom descriptive weighted least-squares age-period-cohort summaries; not asserted equivalent to conventional NCI APC estimable functions.
United States of America,Male,Prevalence,population,15-19 years,17.0,2005-2009,2007.0,1990.0,76399.18110368555,56662679.22636468,134.83157193904387,sensitivity_1990_2019,10-14 to 65-69,1,3,2,13,133.66169184342607,Custom descriptive weighted least-squares age-period-cohort summaries; not asserted equivalent to conventional NCI APC estimable functions.
United States of America,Male,Prevalence,population,15-19 years,17.0,2010-2014,2012.0,1995.0,75045.61670353016,55477287.72992505,135.27268504701925,sensitivity_1990_2019,10-14 to 65-69,1,4,3,14,132.12785565931182,Custom descriptive weighted least-squares age-period-cohort summaries; not asserted equivalent to conventional NCI APC estimable functions.
United States of America,Male,Prevalence,population,15-19 years,17.0,2015-2019,2017.0,2000.0,71942.59051584192,54939142.91165848,130.94960478638114,sensitivity_1990_2019,10-14 to 65-69,1,5,4,15,132.69852437167987,Custom descriptive weighted least-squares age-period-cohort summaries; not asserted equivalent to conventional NCI APC estimable functions.
United States of America,Male,Prevalence,population,20-24 years,22.0,1990-1994,1992.0,1970.0,251745.1660519225,50021613.76968232,503.2727796649039,sensitivity_1990_2019,10-14 to 65-69,2,0,-2,9,507.6107407628755,Custom descriptive weighted least-squares age-period-cohort summaries; not asserted equivalent to conventional NCI APC estimable functions.
United States of America,Male,Prevalence,population,20-24 years,22.0,1995-1999,1997.0,1975.0,237576.22519495856,47195360.78128183,503.38893751858717,sensitivity_1990_2019,10-14 to 65-69,2,1,-1,10,505.0326899180102,Custom descriptive weighted least-squares age-period-cohort summaries; not asserted equivalent to conventional NCI APC estimable functions.
United States of America,Male,Prevalence,population,20-24 years,22.0,2000-2004,2002.0,1980.0,259531.36398110358,51334491.39895585,505.56917368500996,sensitivity_1990_2019,10-14 to 65-69,2,2,0,11,502.62801858011994,Custom descriptive weighted least-squares age-period-cohort summaries; not asserted equivalent to conventional NCI APC estimable functions.
United States of America,Male,Prevalence,population,20-24 years,22.0,2005-2009,2007.0,1985.0,275858.8277283871,54169987.760610625,509.2466126214932,sensitivity_1990_2019,10-14 to 65-69,2,3,1,12,499.9047480260406,Custom descriptive weighted least-squares age-period-cohort summaries; not asserted equivalent to conventional NCI APC estimable functions.
United States of America,Male,Prevalence,population,20-24 years,22.0,2010-2014,2012.0,1990.0,281375.9508314285,57004690.40620232,493.6014016152148,sensitivity_1990_2019,10-14 to 65-69,2,4,2,13,490.8352270574518,Custom descriptive weighted least-squares age-period-cohort summaries; not asserted equivalent to conventional NCI APC estimable functions.
United States of America,Male,Prevalence,population,20-24 years,22.0,2015-2019,2017.0,1995.0,262994.4592238153,56082464.8944855,468.9424042231694,sensitivity_1990_2019,10-14 to 65-69,2,5,3,14,477.7166140527863,Custom descriptive weighted least-squares age-period-cohort summaries; not asserted equivalent to conventional NCI APC estimable functions.
United States of America,Male,Prevalence,population,25-29 years,27.0,1990-1994,1992.0,1965.0,410918.4254904529,52605120.995740324,781.1376871915699,sensitivity_1990_2019,10-14 to 65-69,3,0,-3,8,783.5103402281837,Custom descriptive weighted least-squares age-period-cohort summaries; not asserted equivalent to conventional NCI APC estimable functions.
United States of America,Male,Prevalence,population,25-29 years,27.0,1995-1999,1997.0,1970.0,395853.73788721196,50744595.721241236,780.0904357614403,sensitivity_1990_2019,10-14 to 65-69,3,1,-2,9,780.884075172025,Custom descriptive weighted least-squares age-period-cohort summaries; not asserted equivalent to conventional NCI APC estimable functions.
United States of America,Male,Prevalence,population,25-29 years,27.0,2000-2004,2002.0,1975.0,378006.7436393599,48146486.264844574,785.1180282607071,sensitivity_1990_2019,10-14 to 65-69,3,2,-1,10,778.2371762751582,Custom descriptive weighted least-squares age-period-cohort summaries; not asserted equivalent to conventional NCI APC estimable functions.
United States of America,Male,Prevalence,population,25-29 years,27.0,2005-2009,2007.0,1980.0,411235.20110494486,52161329.52028777,788.3909495539181,sensitivity_1990_2019,10-14 to 65-69,3,3,0,11,777.4106842044202,Custom descriptive weighted least-squares age-period-cohort summaries; not asserted equivalent to conventional NCI APC estimable functions.
United States of America,Male,Prevalence,population,25-29 years,27.0,2010-2014,2012.0,1985.0,415417.95551180653,54499295.85884305,762.2446289723958,sensitivity_1990_2019,10-14 to 65-69,3,4,1,12,767.9595476855155,Custom descriptive weighted least-squares age-period-cohort summaries; not asserted equivalent to conventional NCI APC estimable functions.
United States of America,Male,Prevalence,population,25-29 years,27.0,2015-2019,2017.0,1990.0,427015.10046244843,58053420.6456911,735.5554517081549,sensitivity_1990_2019,10-14 to 65-69,3,5,2,13,742.3932169256911,Custom descriptive weighted least-squares age-period-cohort summaries; not asserted equivalent to conventional NCI APC estimable functions.
United States of America,Male,Prevalence,population,30-34 years,32.0,1990-1994,1992.0,1960.0,489376.49066491256,56210072.35641192,870.620638169467,sensitivity_1990_2019,10-14 to 65-69,4,0,-4,7,869.5745441846216,Custom descriptive weighted least-squares age-period-cohort summaries; not asserted equivalent to conventional NCI APC estimable functions.
United States of America,Male,Prevalence,population,30-34 years,32.0,1995-1999,1997.0,1965.0,467043.3350272735,53695534.086432725,869.799216961847,sensitivity_1990_2019,10-14 to 65-69,4,1,-3,8,869.1921579223078,Custom descriptive weighted least-squares age-period-cohort summaries; not asserted equivalent to conventional NCI APC estimable functions.
United States of America,Male,Prevalence,population,30-34 years,32.0,2000-2004,2002.0,1970.0,451591.55988160986,51677042.87669477,873.872680677841,sensitivity_1990_2019,10-14 to 65-69,4,2,-2,9,867.74946164218,Custom descriptive weighted least-squares age-period-cohort summaries; not asserted equivalent to conventional NCI APC estimable functions.
United States of America,Male,Prevalence,population,30-34 years,32.0,2005-2009,2007.0,1975.0,428026.6929631429,48958065.48724753,874.2720708085047,sensitivity_1990_2019,10-14 to 65-69,4,3,-1,10,868.0227096286432,Custom descriptive weighted least-squares age-period-cohort summaries; not asserted equivalent to conventional NCI APC estimable functions.
United States of America,Male,Prevalence,population,30-34 years,32.0,2010-2014,2012.0,1980.0,448942.5418998814,52703670.091766655,851.824059156015,sensitivity_1990_2019,10-14 to 65-69,4,4,0,11,861.2255215496696,Custom descriptive weighted least-squares age-period-cohort summaries; not asserted equivalent to conventional NCI APC estimable functions.
United States of America,Male,Prevalence,population,30-34 years,32.0,2015-2019,2017.0,1985.0,465792.71258000215,55849087.62471246,834.0202721125479,sensitivity_1990_2019,10-14 to 65-69,4,5,1,12,837.6294124814303,Custom descriptive weighted least-squares age-period-cohort summaries; not asserted equivalent to conventional NCI APC estimable functions.
United States of America,Male,Prevalence,population,35-39 years,37.0,1990-1994,1992.0,1955.0,465504.99309812055,52937490.35344115,879.3484352774211,sensitivity_1990_2019,10-14 to 65-69,5,0,-5,6,876.0144610865101,Custom descriptive weighted least-squares age-period-cohort summaries; not asserted equivalent to conventional NCI APC estimable functions.
United States of America,Male,Prevalence,population,35-39 years,37.0,1995-1999,1997.0,1960.0,497571.5049056413,56628044.92693764,878.666225449979,sensitivity_1990_2019,10-14 to 65-69,5,1,-4,7,877.308439698395,Custom descriptive weighted least-squares age-period-cohort summaries; not asserted equivalent to conventional NCI APC estimable functions.
United States of America,Male,Prevalence,population,35-39 years,37.0,2000-2004,2002.0,1965.0,479739.4976248971,54474824.00808814,880.6627765399809,sensitivity_1990_2019,10-14 to 65-69,5,2,-3,8,878.4114913356905,Custom descriptive weighted least-squares age-period-cohort summaries; not asserted equivalent to conventional NCI APC estimable functions.
United States of America,Male,Prevalence,population,35-39 years,37.0,2005-2009,2007.0,1970.0,460753.81043874164,52346573.725139946,880.1986026020652,sensitivity_1990_2019,10-14 to 65-69,5,3,-2,9,880.2132257531224,Custom descriptive weighted least-squares age-period-cohort summaries; not asserted equivalent to conventional NCI APC estimable functions.
United States of America,Male,Prevalence,population,35-39 years,37.0,2010-2014,2012.0,1975.0,429905.29964436556,49599818.41529945,866.7477288823256,sensitivity_1990_2019,10-14 to 65-69,5,4,-1,10,874.5243297606215,Custom descriptive weighted least-squares age-period-cohort summaries; not asserted equivalent to conventional NCI APC estimable functions.
United States of America,Male,Prevalence,population,35-39 years,37.0,2015-2019,2017.0,1980.0,460766.91394817247,53919903.197767,854.5395793055771,sensitivity_1990_2019,10-14 to 65-69,5,5,0,11,854.2891455493927,Custom descriptive weighted least-squares age-period-cohort summaries; not asserted equivalent to conventional NCI APC estimable functions.
United States of America,Male,Prevalence,population,40-44 years,42.0,1990-1994,1992.0,1950.0,398998.79948032554,47182529.37900985,845.6494484965629,sensitivity_1990_2019,10-14 to 65-69,6,0,-6,5,840.9458172215477,Custom descriptive weighted least-squares age-period-cohort summaries; not asserted equivalent to conventional NCI APC estimable functions.
United States of America,Male,Prevalence,population,40-44 years,42.0,1995-1999,1997.0,1955.0,444859.2612959677,52672430.07327157,844.5770599099619,sensitivity_1990_2019,10-14 to 65-69,6,1,-5,6,842.8863606639335,Custom descriptive weighted least-squares age-period-cohort summaries; not asserted equivalent to conventional NCI APC estimable functions.
United States of America,Male,Prevalence,population,40-44 years,42.0,2000-2004,2002.0,1960.0,477276.77483161574,56518663.11500116,844.4587124442035,sensitivity_1990_2019,10-14 to 65-69,6,2,-4,7,845.5645709280625,Custom descriptive weighted least-squares age-period-cohort summaries; not asserted equivalent to conventional NCI APC estimable functions.
United States of America,Male,Prevalence,population,40-44 years,42.0,2005-2009,2007.0,1965.0,459607.1257347113,54365270.33276598,845.4057579802115,sensitivity_1990_2019,10-14 to 65-69,6,3,-3,8,849.7747193556464,Custom descriptive weighted least-squares age-period-cohort summaries; not asserted equivalent to conventional NCI APC estimable functions.
United States of America,Male,Prevalence,population,40-44 years,42.0,2010-2014,2012.0,1970.0,440244.42951475474,52322899.46713847,841.3991464506881,sensitivity_1990_2019,10-14 to 65-69,6,4,-2,9,845.7479618399836,Custom descriptive weighted least-squares age-period-cohort summaries; not asserted equivalent to conventional NCI APC estimable functions.
United States of America,Male,Prevalence,population,40-44 years,42.0,2015-2019,2017.0,1975.0,415498.2586399476,49966482.96929171,831.5539416598594,sensitivity_1990_2019,10-14 to 65-69,6,5,-1,10,827.3173928728776,Custom descriptive weighted least-squares age-period-cohort summaries; not asserted equivalent to conventional NCI APC estimable functions.
United States of America,Male,Prevalence,population,45-49 years,47.0,1990-1994,1992.0,1945.0,298843.113127928,37799657.56498582,790.5974084927934,sensitivity_1990_2019,10-14 to 65-69,7,0,-7,4,784.1042014694618,Custom descriptive weighted least-squares age-period-cohort summaries; not asserted equivalent to conventional NCI APC estimable functions.
United States of America,Male,Prevalence,population,45-49 years,47.0,1995-1999,1997.0,1950.0,365908.15518426674,46351051.16943885,789.4279546038106,sensitivity_1990_2019,10-14 to 65-69,7,1,-6,5,787.6201823646549,Custom descriptive weighted least-squares age-period-cohort summaries; not asserted equivalent to conventional NCI APC estimable functions.
United States of America,Male,Prevalence,population,45-49 years,47.0,2000-2004,2002.0,1955.0,409956.1171324608,52028954.41227343,787.9384119157961,sensitivity_1990_2019,10-14 to 65-69,7,2,-5,6,790.7779798870599,Custom descriptive weighted least-squares age-period-cohort summaries; not asserted equivalent to conventional NCI APC estimable functions.
United States of America,Male,Prevalence,population,45-49 years,47.0,2005-2009,2007.0,1960.0,442256.70417454746,55985193.63358947,789.9529776908844,sensitivity_1990_2019,10-14 to 65-69,7,3,-4,7,796.2393684697158,Custom descriptive weighted least-squares age-period-cohort summaries; not asserted equivalent to conventional NCI APC estimable functions.
United States of America,Male,Prevalence,population,45-49 years,47.0,2010-2014,2012.0,1965.0,428712.8202687911,54115872.465273336,792.2127108712886,sensitivity_1990_2019,10-14 to 65-69,7,4,-3,8,794.7818621056269,Custom descriptive weighted least-squares age-period-cohort summaries; not asserted equivalent to conventional NCI APC estimable functions.
United States of America,Male,Prevalence,population,45-49 years,47.0,2015-2019,2017.0,1970.0,411647.56154450437,52466289.522412434,784.5943848738486,sensitivity_1990_2019,10-14 to 65-69,7,5,-2,9,778.8113801037825,Custom descriptive weighted least-squares age-period-cohort summaries; not asserted equivalent to conventional NCI APC estimable functions.
United States of America,Male,Prevalence,population,50-54 years,52.0,1990-1994,1992.0,1940.0,216066.6923090488,29877561.61193327,723.1737821025881,sensitivity_1990_2019,10-14 to 65-69,8,0,-8,3,718.0636483324366,Custom descriptive weighted least-squares age-period-cohort summaries; not asserted equivalent to conventional NCI APC estimable functions.
United States of America,Male,Prevalence,population,50-54 years,52.0,1995-1999,1997.0,1945.0,267273.7718840886,37003782.4675728,722.28770698862,sensitivity_1990_2019,10-14 to 65-69,8,1,-7,4,719.0187084113284,Custom descriptive weighted least-squares age-period-cohort summaries; not asserted equivalent to conventional NCI APC estimable functions.
United States of America,Male,Prevalence,population,50-54 years,52.0,2000-2004,2002.0,1950.0,328491.1617429228,45604458.562533796,720.3049265292532,sensitivity_1990_2019,10-14 to 65-69,8,2,-6,5,723.4690646697401,Custom descriptive weighted least-squares age-period-cohort summaries; not asserted equivalent to conventional NCI APC estimable functions.
United States of America,Male,Prevalence,population,50-54 years,52.0,2005-2009,2007.0,1955.0,370720.67255036044,51335956.273509376,722.1462293898312,sensitivity_1990_2019,10-14 to 65-69,8,3,-5,6,729.0696580948305,Custom descriptive weighted least-squares age-period-cohort summaries; not asserted equivalent to conventional NCI APC estimable functions.
United States of America,Male,Prevalence,population,50-54 years,52.0,2010-2014,2012.0,1960.0,403278.1449357139,55437368.52594198,727.4482098604652,sensitivity_1990_2019,10-14 to 65-69,8,4,-4,7,729.1306847980936,Custom descriptive weighted least-squares age-period-cohort summaries; not asserted equivalent to conventional NCI APC estimable functions.
United States of America,Male,Prevalence,population,50-54 years,52.0,2015-2019,2017.0,1965.0,387962.03673772694,53701905.39871436,722.4362596769515,sensitivity_1990_2019,10-14 to 65-69,8,5,-3,8,716.5671004990653,Custom descriptive weighted least-squares age-period-cohort summaries; not asserted equivalent to conventional NCI APC estimable functions.
United States of America,Male,Prevalence,population,55-59 years,57.0,1990-1994,1992.0,1935.0,164929.09543832016,25428511.15169462,648.5991037950678,sensitivity_1990_2019,10-14 to 65-69,9,0,-9,2,646.796762780805,Custom descriptive weighted least-squares age-period-cohort summaries; not asserted equivalent to conventional NCI APC estimable functions.
United States of America,Male,Prevalence,population,55-59 years,57.0,1995-1999,1997.0,1940.0,185952.6287182517,28686312.102611277,648.2277263563785,sensitivity_1990_2019,10-14 to 65-69,9,1,-8,3,645.7030856223273,Custom descriptive weighted least-squares age-period-cohort summaries; not asserted equivalent to conventional NCI APC estimable functions.
United States of America,Male,Prevalence,population,55-59 years,57.0,2000-2004,2002.0,1945.0,231416.86542856117,35802965.55134286,646.3622827463839,sensitivity_1990_2019,10-14 to 65-69,9,2,-7,4,647.6596350266383,Custom descriptive weighted least-squares age-period-cohort summaries; not asserted equivalent to conventional NCI APC estimable functions.
United States of America,Male,Prevalence,population,55-59 years,57.0,2005-2009,2007.0,1950.0,286318.79917465383,44252693.99739567,647.0087429965373,sensitivity_1990_2019,10-14 to 65-69,9,3,-6,5,654.0906384557893,Custom descriptive weighted least-squares age-period-cohort summaries; not asserted equivalent to conventional NCI APC estimable functions.
United States of America,Male,Prevalence,population,55-59 years,57.0,2010-2014,2012.0,1955.0,326875.6693471952,50048150.99177197,653.1223688981722,sensitivity_1990_2019,10-14 to 65-69,9,4,-5,6,654.6878243817347,Custom descriptive weighted least-squares age-period-cohort summaries; not asserted equivalent to conventional NCI APC estimable functions.
United States of America,Male,Prevalence,population,55-59 years,57.0,2015-2019,2017.0,1960.0,352505.06078205694,54189525.619084135,650.5040536060974,sensitivity_1990_2019,10-14 to 65-69,9,5,-4,7,644.6408216232832,Custom descriptive weighted least-squares age-period-cohort summaries; not asserted equivalent to conventional NCI APC estimable functions.
United States of America,Male,Prevalence,population,60-64 years,62.0,1990-1994,1992.0,1930.0,137839.9621937279,24353408.260004986,565.9986508750775,sensitivity_1990_2019,10-14 to 65-69,10,0,-10,1,565.672010590523,Custom descriptive weighted least-squares age-period-cohort summaries; not asserted equivalent to conventional NCI APC estimable functions.
United States of America,Male,Prevalence,population,60-64 years,62.0,1995-1999,1997.0,1935.0,136010.1480285474,24022800.831055243,566.1710679993718,sensitivity_1990_2019,10-14 to 65-69,10,1,-9,2,565.6586721972761,Custom descriptive weighted least-squares age-period-cohort summaries; not asserted equivalent to conventional NCI APC estimable functions.
United States of America,Male,Prevalence,population,60-64 years,62.0,2000-2004,2002.0,1940.0,154717.4022519903,27389290.586639225,564.8828390154181,sensitivity_1990_2019,10-14 to 65-69,10,2,-8,3,565.6609435769213,Custom descriptive weighted least-squares age-period-cohort summaries; not asserted equivalent to conventional NCI APC estimable functions.
United States of America,Male,Prevalence,population,60-64 years,62.0,2005-2009,2007.0,1945.0,194089.2956267244,34411671.40282093,564.021704597626,sensitivity_1990_2019,10-14 to 65-69,10,3,-7,4,569.483952158959,Custom descriptive weighted least-squares age-period-cohort summaries; not asserted equivalent to conventional NCI APC estimable functions.
United States of America,Male,Prevalence,population,60-64 years,62.0,2010-2014,2012.0,1950.0,242618.47669348016,42628464.47449769,569.146648100885,sensitivity_1990_2019,10-14 to 65-69,10,4,-6,5,571.2416498707905,Custom descriptive weighted least-squares age-period-cohort summaries; not asserted equivalent to conventional NCI APC estimable functions.
United States of America,Male,Prevalence,population,60-64 years,62.0,2015-2019,2017.0,1955.0,273747.51408258994,48135366.89236281,568.7034954874789,sensitivity_1990_2019,10-14 to 65-69,10,5,-5,6,562.941652855269,Custom descriptive weighted least-squares age-period-cohort summaries; not asserted equivalent to conventional NCI APC estimable functions.
United States of America,Male,Prevalence,population,65-69 years,67.0,1990-1994,1992.0,1925.0,104563.56211485439,22623694.045843728,462.18606874266897,sensitivity_1990_2019,10-14 to 65-69,11,0,-11,0,462.1860687426629,Custom descriptive weighted least-squares age-period-cohort summaries; not asserted equivalent to conventional NCI APC estimable functions.
United States of America,Male,Prevalence,population,65-69 years,67.0,1995-1999,1997.0,1930.0,102364.63278668831,22129533.83863298,462.5702173987219,sensitivity_1990_2019,10-14 to 65-69,11,1,-10,1,462.86417372035055,Custom descriptive weighted least-squares age-period-cohort summaries; not asserted equivalent to conventional NCI APC estimable functions.
United States of America,Male,Prevalence,population,65-69 years,67.0,2000-2004,2002.0,1935.0,102351.13015110079,22167921.898954853,461.7082765702378,sensitivity_1990_2019,10-14 to 65-69,11,2,-9,2,463.63909151843825,Custom descriptive weighted least-squares age-period-cohort summaries; not asserted equivalent to conventional NCI APC estimable functions.
United States of America,Male,Prevalence,population,65-69 years,67.0,2005-2009,2007.0,1940.0,117746.81957917163,25586589.642190047,460.18958065836733,sensitivity_1990_2019,10-14 to 65-69,11,3,-8,3,465.36435791373736,Custom descriptive weighted least-squares age-period-cohort summaries; not asserted equivalent to conventional NCI APC estimable functions.
United States of America,Male,Prevalence,population,65-69 years,67.0,2010-2014,2012.0,1945.0,150309.31816347706,32377368.563656703,464.24192215607627,sensitivity_1990_2019,10-14 to 65-69,11,4,-7,4,465.33496490321465,Custom descriptive weighted least-squares age-period-cohort summaries; not asserted equivalent to conventional NCI APC estimable functions.
United States of America,Male,Prevalence,population,65-69 years,67.0,2015-2019,2017.0,1950.0,185949.7153522641,39990130.93486452,464.98901355221096,sensitivity_1990_2019,10-14 to 65-69,11,5,-6,5,459.5695537125004,Custom descriptive weighted least-squares age-period-cohort summaries; not asserted equivalent to conventional NCI APC estimable functions.
