sex_name,age_name,year,china_rate,us_rate,china_us_rate_ratio,log2_china_us_rate_ratio,absolute_rate_difference,comparison,formal_inference_performed,method_note
Female,0-4 years,1990,0.0,0.0,,,0.0,equal or undefined,False,Age-specific prevalence-rate contrasts use GBD posterior means. A positive log2 ratio means China is higher; zero means equal rates.
Female,0-4 years,1991,0.0,0.0,,,0.0,equal or undefined,False,Age-specific prevalence-rate contrasts use GBD posterior means. A positive log2 ratio means China is higher; zero means equal rates.
Female,0-4 years,1992,0.0,0.0,,,0.0,equal or undefined,False,Age-specific prevalence-rate contrasts use GBD posterior means. A positive log2 ratio means China is higher; zero means equal rates.
Female,0-4 years,1993,0.0,0.0,,,0.0,equal or undefined,False,Age-specific prevalence-rate contrasts use GBD posterior means. A positive log2 ratio means China is higher; zero means equal rates.
Female,0-4 years,1994,0.0,0.0,,,0.0,equal or undefined,False,Age-specific prevalence-rate contrasts use GBD posterior means. A positive log2 ratio means China is higher; zero means equal rates.
Female,0-4 years,1995,0.0,0.0,,,0.0,equal or undefined,False,Age-specific prevalence-rate contrasts use GBD posterior means. A positive log2 ratio means China is higher; zero means equal rates.
Female,0-4 years,1996,0.0,0.0,,,0.0,equal or undefined,False,Age-specific prevalence-rate contrasts use GBD posterior means. A positive log2 ratio means China is higher; zero means equal rates.
Female,0-4 years,1997,0.0,0.0,,,0.0,equal or undefined,False,Age-specific prevalence-rate contrasts use GBD posterior means. A positive log2 ratio means China is higher; zero means equal rates.
Female,0-4 years,1998,0.0,0.0,,,0.0,equal or undefined,False,Age-specific prevalence-rate contrasts use GBD posterior means. A positive log2 ratio means China is higher; zero means equal rates.
Female,0-4 years,1999,0.0,0.0,,,0.0,equal or undefined,False,Age-specific prevalence-rate contrasts use GBD posterior means. A positive log2 ratio means China is higher; zero means equal rates.
Female,0-4 years,2000,0.0,0.0,,,0.0,equal or undefined,False,Age-specific prevalence-rate contrasts use GBD posterior means. A positive log2 ratio means China is higher; zero means equal rates.
Female,0-4 years,2001,0.0,0.0,,,0.0,equal or undefined,False,Age-specific prevalence-rate contrasts use GBD posterior means. A positive log2 ratio means China is higher; zero means equal rates.
Female,0-4 years,2002,0.0,0.0,,,0.0,equal or undefined,False,Age-specific prevalence-rate contrasts use GBD posterior means. A positive log2 ratio means China is higher; zero means equal rates.
Female,0-4 years,2003,0.0,0.0,,,0.0,equal or undefined,False,Age-specific prevalence-rate contrasts use GBD posterior means. A positive log2 ratio means China is higher; zero means equal rates.
Female,0-4 years,2004,0.0,0.0,,,0.0,equal or undefined,False,Age-specific prevalence-rate contrasts use GBD posterior means. A positive log2 ratio means China is higher; zero means equal rates.
Female,0-4 years,2005,0.0,0.0,,,0.0,equal or undefined,False,Age-specific prevalence-rate contrasts use GBD posterior means. A positive log2 ratio means China is higher; zero means equal rates.
Female,0-4 years,2006,0.0,0.0,,,0.0,equal or undefined,False,Age-specific prevalence-rate contrasts use GBD posterior means. A positive log2 ratio means China is higher; zero means equal rates.
Female,0-4 years,2007,0.0,0.0,,,0.0,equal or undefined,False,Age-specific prevalence-rate contrasts use GBD posterior means. A positive log2 ratio means China is higher; zero means equal rates.
Female,0-4 years,2008,0.0,0.0,,,0.0,equal or undefined,False,Age-specific prevalence-rate contrasts use GBD posterior means. A positive log2 ratio means China is higher; zero means equal rates.
Female,0-4 years,2009,0.0,0.0,,,0.0,equal or undefined,False,Age-specific prevalence-rate contrasts use GBD posterior means. A positive log2 ratio means China is higher; zero means equal rates.
Female,0-4 years,2010,0.0,0.0,,,0.0,equal or undefined,False,Age-specific prevalence-rate contrasts use GBD posterior means. A positive log2 ratio means China is higher; zero means equal rates.
Female,0-4 years,2011,0.0,0.0,,,0.0,equal or undefined,False,Age-specific prevalence-rate contrasts use GBD posterior means. A positive log2 ratio means China is higher; zero means equal rates.
Female,0-4 years,2012,0.0,0.0,,,0.0,equal or undefined,False,Age-specific prevalence-rate contrasts use GBD posterior means. A positive log2 ratio means China is higher; zero means equal rates.
Female,0-4 years,2013,0.0,0.0,,,0.0,equal or undefined,False,Age-specific prevalence-rate contrasts use GBD posterior means. A positive log2 ratio means China is higher; zero means equal rates.
Female,0-4 years,2014,0.0,0.0,,,0.0,equal or undefined,False,Age-specific prevalence-rate contrasts use GBD posterior means. A positive log2 ratio means China is higher; zero means equal rates.
Female,0-4 years,2015,0.0,0.0,,,0.0,equal or undefined,False,Age-specific prevalence-rate contrasts use GBD posterior means. A positive log2 ratio means China is higher; zero means equal rates.
Female,0-4 years,2016,0.0,0.0,,,0.0,equal or undefined,False,Age-specific prevalence-rate contrasts use GBD posterior means. A positive log2 ratio means China is higher; zero means equal rates.
Female,0-4 years,2017,0.0,0.0,,,0.0,equal or undefined,False,Age-specific prevalence-rate contrasts use GBD posterior means. A positive log2 ratio means China is higher; zero means equal rates.
Female,0-4 years,2018,0.0,0.0,,,0.0,equal or undefined,False,Age-specific prevalence-rate contrasts use GBD posterior means. A positive log2 ratio means China is higher; zero means equal rates.
Female,0-4 years,2019,0.0,0.0,,,0.0,equal or undefined,False,Age-specific prevalence-rate contrasts use GBD posterior means. A positive log2 ratio means China is higher; zero means equal rates.
Female,0-4 years,2020,0.0,0.0,,,0.0,equal or undefined,False,Age-specific prevalence-rate contrasts use GBD posterior means. A positive log2 ratio means China is higher; zero means equal rates.
Female,0-4 years,2021,0.0,0.0,,,0.0,equal or undefined,False,Age-specific prevalence-rate contrasts use GBD posterior means. A positive log2 ratio means China is higher; zero means equal rates.
Female,0-4 years,2022,0.0,0.0,,,0.0,equal or undefined,False,Age-specific prevalence-rate contrasts use GBD posterior means. A positive log2 ratio means China is higher; zero means equal rates.
Female,0-4 years,2023,0.0,0.0,,,0.0,equal or undefined,False,Age-specific prevalence-rate contrasts use GBD posterior means. A positive log2 ratio means China is higher; zero means equal rates.
Female,5-9 years,1990,0.0,0.0,,,0.0,equal or undefined,False,Age-specific prevalence-rate contrasts use GBD posterior means. A positive log2 ratio means China is higher; zero means equal rates.
Female,5-9 years,1991,0.0,0.0,,,0.0,equal or undefined,False,Age-specific prevalence-rate contrasts use GBD posterior means. A positive log2 ratio means China is higher; zero means equal rates.
Female,5-9 years,1992,0.0,0.0,,,0.0,equal or undefined,False,Age-specific prevalence-rate contrasts use GBD posterior means. A positive log2 ratio means China is higher; zero means equal rates.
Female,5-9 years,1993,0.0,0.0,,,0.0,equal or undefined,False,Age-specific prevalence-rate contrasts use GBD posterior means. A positive log2 ratio means China is higher; zero means equal rates.
Female,5-9 years,1994,0.0,0.0,,,0.0,equal or undefined,False,Age-specific prevalence-rate contrasts use GBD posterior means. A positive log2 ratio means China is higher; zero means equal rates.
Female,5-9 years,1995,0.0,0.0,,,0.0,equal or undefined,False,Age-specific prevalence-rate contrasts use GBD posterior means. A positive log2 ratio means China is higher; zero means equal rates.
Female,5-9 years,1996,0.0,0.0,,,0.0,equal or undefined,False,Age-specific prevalence-rate contrasts use GBD posterior means. A positive log2 ratio means China is higher; zero means equal rates.
Female,5-9 years,1997,0.0,0.0,,,0.0,equal or undefined,False,Age-specific prevalence-rate contrasts use GBD posterior means. A positive log2 ratio means China is higher; zero means equal rates.
Female,5-9 years,1998,0.0,0.0,,,0.0,equal or undefined,False,Age-specific prevalence-rate contrasts use GBD posterior means. A positive log2 ratio means China is higher; zero means equal rates.
Female,5-9 years,1999,0.0,0.0,,,0.0,equal or undefined,False,Age-specific prevalence-rate contrasts use GBD posterior means. A positive log2 ratio means China is higher; zero means equal rates.
Female,5-9 years,2000,0.0,0.0,,,0.0,equal or undefined,False,Age-specific prevalence-rate contrasts use GBD posterior means. A positive log2 ratio means China is higher; zero means equal rates.
Female,5-9 years,2001,0.0,0.0,,,0.0,equal or undefined,False,Age-specific prevalence-rate contrasts use GBD posterior means. A positive log2 ratio means China is higher; zero means equal rates.
Female,5-9 years,2002,0.0,0.0,,,0.0,equal or undefined,False,Age-specific prevalence-rate contrasts use GBD posterior means. A positive log2 ratio means China is higher; zero means equal rates.
Female,5-9 years,2003,0.0,0.0,,,0.0,equal or undefined,False,Age-specific prevalence-rate contrasts use GBD posterior means. A positive log2 ratio means China is higher; zero means equal rates.
Female,5-9 years,2004,0.0,0.0,,,0.0,equal or undefined,False,Age-specific prevalence-rate contrasts use GBD posterior means. A positive log2 ratio means China is higher; zero means equal rates.
Female,5-9 years,2005,0.0,0.0,,,0.0,equal or undefined,False,Age-specific prevalence-rate contrasts use GBD posterior means. A positive log2 ratio means China is higher; zero means equal rates.
Female,5-9 years,2006,0.0,0.0,,,0.0,equal or undefined,False,Age-specific prevalence-rate contrasts use GBD posterior means. A positive log2 ratio means China is higher; zero means equal rates.
Female,5-9 years,2007,0.0,0.0,,,0.0,equal or undefined,False,Age-specific prevalence-rate contrasts use GBD posterior means. A positive log2 ratio means China is higher; zero means equal rates.
Female,5-9 years,2008,0.0,0.0,,,0.0,equal or undefined,False,Age-specific prevalence-rate contrasts use GBD posterior means. A positive log2 ratio means China is higher; zero means equal rates.
Female,5-9 years,2009,0.0,0.0,,,0.0,equal or undefined,False,Age-specific prevalence-rate contrasts use GBD posterior means. A positive log2 ratio means China is higher; zero means equal rates.
Female,5-9 years,2010,0.0,0.0,,,0.0,equal or undefined,False,Age-specific prevalence-rate contrasts use GBD posterior means. A positive log2 ratio means China is higher; zero means equal rates.
Female,5-9 years,2011,0.0,0.0,,,0.0,equal or undefined,False,Age-specific prevalence-rate contrasts use GBD posterior means. A positive log2 ratio means China is higher; zero means equal rates.
Female,5-9 years,2012,0.0,0.0,,,0.0,equal or undefined,False,Age-specific prevalence-rate contrasts use GBD posterior means. A positive log2 ratio means China is higher; zero means equal rates.
Female,5-9 years,2013,0.0,0.0,,,0.0,equal or undefined,False,Age-specific prevalence-rate contrasts use GBD posterior means. A positive log2 ratio means China is higher; zero means equal rates.
Female,5-9 years,2014,0.0,0.0,,,0.0,equal or undefined,False,Age-specific prevalence-rate contrasts use GBD posterior means. A positive log2 ratio means China is higher; zero means equal rates.
Female,5-9 years,2015,0.0,0.0,,,0.0,equal or undefined,False,Age-specific prevalence-rate contrasts use GBD posterior means. A positive log2 ratio means China is higher; zero means equal rates.
Female,5-9 years,2016,0.0,0.0,,,0.0,equal or undefined,False,Age-specific prevalence-rate contrasts use GBD posterior means. A positive log2 ratio means China is higher; zero means equal rates.
Female,5-9 years,2017,0.0,0.0,,,0.0,equal or undefined,False,Age-specific prevalence-rate contrasts use GBD posterior means. A positive log2 ratio means China is higher; zero means equal rates.
Female,5-9 years,2018,0.0,0.0,,,0.0,equal or undefined,False,Age-specific prevalence-rate contrasts use GBD posterior means. A positive log2 ratio means China is higher; zero means equal rates.
Female,5-9 years,2019,0.0,0.0,,,0.0,equal or undefined,False,Age-specific prevalence-rate contrasts use GBD posterior means. A positive log2 ratio means China is higher; zero means equal rates.
Female,5-9 years,2020,0.0,0.0,,,0.0,equal or undefined,False,Age-specific prevalence-rate contrasts use GBD posterior means. A positive log2 ratio means China is higher; zero means equal rates.
Female,5-9 years,2021,0.0,0.0,,,0.0,equal or undefined,False,Age-specific prevalence-rate contrasts use GBD posterior means. A positive log2 ratio means China is higher; zero means equal rates.
Female,5-9 years,2022,0.0,0.0,,,0.0,equal or undefined,False,Age-specific prevalence-rate contrasts use GBD posterior means. A positive log2 ratio means China is higher; zero means equal rates.
Female,5-9 years,2023,0.0,0.0,,,0.0,equal or undefined,False,Age-specific prevalence-rate contrasts use GBD posterior means. A positive log2 ratio means China is higher; zero means equal rates.
Female,10-14 years,1990,10.63444991668,11.46406255535,0.9276336259799245,-0.10837297740968754,-0.8296126386700013,China lower,False,Age-specific prevalence-rate contrasts use GBD posterior means. A positive log2 ratio means China is higher; zero means equal rates.
Female,10-14 years,1991,10.56424661664,11.5845015959,0.9119293160077694,-0.13300609001164057,-1.0202549792600006,China lower,False,Age-specific prevalence-rate contrasts use GBD posterior means. A positive log2 ratio means China is higher; zero means equal rates.
Female,10-14 years,1992,10.5094299336,11.69532072804,0.898601259254329,-0.15424701130477503,-1.1858907944400006,China lower,False,Age-specific prevalence-rate contrasts use GBD posterior means. A positive log2 ratio means China is higher; zero means equal rates.
Female,10-14 years,1993,10.46971847175,11.79058904973,0.8879724691948068,-0.17141314710909486,-1.320870577980001,China lower,False,Age-specific prevalence-rate contrasts use GBD posterior means. A positive log2 ratio means China is higher; zero means equal rates.
Female,10-14 years,1994,10.44597130773,11.86445115484,0.8804428600532994,-0.18369871739837335,-1.4184798471099995,China lower,False,Age-specific prevalence-rate contrasts use GBD posterior means. A positive log2 ratio means China is higher; zero means equal rates.
Female,10-14 years,1995,10.43941049178,11.91112637164,0.8764419221204716,-0.1902696016719381,-1.4717158798599996,China lower,False,Age-specific prevalence-rate contrasts use GBD posterior means. A positive log2 ratio means China is higher; zero means equal rates.
Female,10-14 years,1996,10.45545638962,11.94277821063,0.8754626607997988,-0.19188244704260674,-1.4873218210099992,China lower,False,Age-specific prevalence-rate contrasts use GBD posterior means. A positive log2 ratio means China is higher; zero means equal rates.
Female,10-14 years,1997,10.48915808208,11.97382065226,0.8760076158398299,-0.19098468249630887,-1.4846625701800011,China lower,False,Age-specific prevalence-rate contrasts use GBD posterior means. A positive log2 ratio means China is higher; zero means equal rates.
Female,10-14 years,1998,10.52560739165,12.00169138229,0.8770103359916298,-0.1893342492572674,-1.4760839906399994,China lower,False,Age-specific prevalence-rate contrasts use GBD posterior means. A positive log2 ratio means China is higher; zero means equal rates.
Female,10-14 years,1999,10.54893342147,12.02375847137,0.8773407621741792,-0.18879079564518342,-1.4748250498999997,China lower,False,Age-specific prevalence-rate contrasts use GBD posterior means. A positive log2 ratio means China is higher; zero means equal rates.
Female,10-14 years,2000,10.54232721444,12.0373565338,0.8758008608316893,-0.19132522705957658,-1.4950293193600004,China lower,False,Age-specific prevalence-rate contrasts use GBD posterior means. A positive log2 ratio means China is higher; zero means equal rates.
Female,10-14 years,2001,10.49615573441,12.05203912633,0.8709028923976132,-0.199416230789571,-1.5558833919200001,China lower,False,Age-specific prevalence-rate contrasts use GBD posterior means. A positive log2 ratio means China is higher; zero means equal rates.
Female,10-14 years,2002,10.42543603483,12.07357900737,0.8634917639969114,-0.21174567752398857,-1.6481429725400005,China lower,False,Age-specific prevalence-rate contrasts use GBD posterior means. A positive log2 ratio means China is higher; zero means equal rates.
Female,10-14 years,2003,10.34433067936,12.09381019437,0.8553409151547268,-0.225428542053912,-1.74947951501,China lower,False,Age-specific prevalence-rate contrasts use GBD posterior means. A positive log2 ratio means China is higher; zero means equal rates.
Female,10-14 years,2004,10.26697016732,12.10456069604,0.8481902338412689,-0.23754022321201518,-1.8375905287199998,China lower,False,Age-specific prevalence-rate contrasts use GBD posterior means. A positive log2 ratio means China is higher; zero means equal rates.
Female,10-14 years,2005,10.20777043965,12.09769416252,0.8437781863650353,-0.24506430388114808,-1.8899237228699999,China lower,False,Age-specific prevalence-rate contrasts use GBD posterior means. A positive log2 ratio means China is higher; zero means equal rates.
Female,10-14 years,2006,10.14886700272,12.01402679445,0.8447514872705603,-0.24340110948529595,-1.865159791730001,China lower,False,Age-specific prevalence-rate contrasts use GBD posterior means. A positive log2 ratio means China is higher; zero means equal rates.
Female,10-14 years,2007,10.07187740352,11.84121700497,0.8505778923984442,-0.2334847369159461,-1.7693396014499996,China lower,False,Age-specific prevalence-rate contrasts use GBD posterior means. A positive log2 ratio means China is higher; zero means equal rates.
Female,10-14 years,2008,9.99552556127,11.64114005766,0.8586380295882475,-0.21987802286641708,-1.6456144963899995,China lower,False,Age-specific prevalence-rate contrasts use GBD posterior means. A positive log2 ratio means China is higher; zero means equal rates.
Female,10-14 years,2009,9.93961480107,11.47566246991,0.866147364226891,-0.20731559239200326,-1.5360476688400002,China lower,False,Age-specific prevalence-rate contrasts use GBD posterior means. A positive log2 ratio means China is higher; zero means equal rates.
Female,10-14 years,2010,9.92435573056,11.40659724588,0.8700540149381203,-0.20082312534626715,-1.4822415153200001,China lower,False,Age-specific prevalence-rate contrasts use GBD posterior means. A positive log2 ratio means China is higher; zero means equal rates.
Female,10-14 years,2011,9.93896050834,11.47404250352,0.8662126277892844,-0.20720689048443872,-1.5350819951800005,China lower,False,Age-specific prevalence-rate contrasts use GBD posterior means. A positive log2 ratio means China is higher; zero means equal rates.
Female,10-14 years,2012,9.95619919366,11.63528648205,0.8556900776804797,-0.2248397332556265,-1.6790872883900008,China lower,False,Age-specific prevalence-rate contrasts use GBD posterior means. A positive log2 ratio means China is higher; zero means equal rates.
Female,10-14 years,2013,9.97295353852,11.82788966621,0.8431726892930702,-0.24609995663561174,-1.8549361276899994,China lower,False,Age-specific prevalence-rate contrasts use GBD posterior means. A positive log2 ratio means China is higher; zero means equal rates.
Female,10-14 years,2014,9.98699956788,11.98949254687,0.8329793382695938,-0.26364738434538126,-2.0024929789900003,China lower,False,Age-specific prevalence-rate contrasts use GBD posterior means. A positive log2 ratio means China is higher; zero means equal rates.
Female,10-14 years,2015,9.99737363335,12.05789299578,0.8291144760406203,-0.2703567861528858,-2.06051936243,China lower,False,Age-specific prevalence-rate contrasts use GBD posterior means. A positive log2 ratio means China is higher; zero means equal rates.
Female,10-14 years,2016,10.00675449305,12.02430144349,0.8322108806135838,-0.26497894408623085,-2.01754695044,China lower,False,Age-specific prevalence-rate contrasts use GBD posterior means. A positive log2 ratio means China is higher; zero means equal rates.
Female,10-14 years,2017,10.01760838052,11.93857792724,0.839095614366518,-0.2530928807503977,-1.9209695467200003,China lower,False,Age-specific prevalence-rate contrasts use GBD posterior means. A positive log2 ratio means China is higher; zero means equal rates.
Female,10-14 years,2018,10.02758669542,11.82650415717,0.8478910219078241,-0.23804924549567122,-1.7989174617499994,China lower,False,Age-specific prevalence-rate contrasts use GBD posterior means. A positive log2 ratio means China is higher; zero means equal rates.
Female,10-14 years,2019,10.0340091378,11.71410720804,0.8565748084423488,-0.22334884617780765,-1.6800980702399997,China lower,False,Age-specific prevalence-rate contrasts use GBD posterior means. A positive log2 ratio means China is higher; zero means equal rates.
Female,10-14 years,2020,10.03367563418,11.62736022339,0.8629366805025883,-0.21267339188676535,-1.5936845892099996,China lower,False,Age-specific prevalence-rate contrasts use GBD posterior means. A positive log2 ratio means China is higher; zero means equal rates.
Female,10-14 years,2021,10.01901882289,11.5145948567,0.8701147498090418,-0.20072242028949547,-1.49557603381,China lower,False,Age-specific prevalence-rate contrasts use GBD posterior means. A positive log2 ratio means China is higher; zero means equal rates.
Female,10-14 years,2022,10.01285739415,11.4201197037,0.876773418662673,-0.18972403443660749,-1.4072623095499992,China lower,False,Age-specific prevalence-rate contrasts use GBD posterior means. A positive log2 ratio means China is higher; zero means equal rates.
Female,10-14 years,2023,10.13658113547,11.45276923211,0.8850768691863782,-0.17612533576172826,-1.3161880966400012,China lower,False,Age-specific prevalence-rate contrasts use GBD posterior means. A positive log2 ratio means China is higher; zero means equal rates.
Female,15-19 years,1990,79.63498754786,123.61446987584002,0.6442205967298685,-0.6343733082352147,-43.97948232798001,China lower,False,Age-specific prevalence-rate contrasts use GBD posterior means. A positive log2 ratio means China is higher; zero means equal rates.
Female,15-19 years,1991,79.39526053203,123.94009086886,0.6405938544618099,-0.6425181372056101,-44.54483033683,China lower,False,Age-specific prevalence-rate contrasts use GBD posterior means. A positive log2 ratio means China is higher; zero means equal rates.
Female,15-19 years,1992,79.21646590513001,124.27062474731,0.6374512566119915,-0.6496130659083447,-45.05415884217999,China lower,False,Age-specific prevalence-rate contrasts use GBD posterior means. A positive log2 ratio means China is higher; zero means equal rates.
Female,15-19 years,1993,79.09792805654,124.58157689109,0.6349087082569834,-0.6553789291652344,-45.483648834549996,China lower,False,Age-specific prevalence-rate contrasts use GBD posterior means. A positive log2 ratio means China is higher; zero means equal rates.
Female,15-19 years,1994,79.04519191826,124.8488806984,0.6331269569745771,-0.6594332716438268,-45.80368878013999,China lower,False,Age-specific prevalence-rate contrasts use GBD posterior means. A positive log2 ratio means China is higher; zero means equal rates.
Female,15-19 years,1995,79.07760769539,125.04903070635,0.6323728160763299,-0.6611527432486318,-45.971423010959995,China lower,False,Age-specific prevalence-rate contrasts use GBD posterior means. A positive log2 ratio means China is higher; zero means equal rates.
Female,15-19 years,1996,79.25882235963999,125.29034145434,0.6326012160205068,-0.6606317658024183,-46.0315190947,China lower,False,Age-specific prevalence-rate contrasts use GBD posterior means. A positive log2 ratio means China is higher; zero means equal rates.
Female,15-19 years,1997,79.54992913512,125.64165687837,0.6331493161709093,-0.6593823230438187,-46.091727743250004,China lower,False,Age-specific prevalence-rate contrasts use GBD posterior means. A positive log2 ratio means China is higher; zero means equal rates.
Female,15-19 years,1998,79.86495184243,126.01837105706,0.6337564211671001,-0.6579996354317362,-46.15341921462999,China lower,False,Age-specific prevalence-rate contrasts use GBD posterior means. A positive log2 ratio means China is higher; zero means equal rates.
Female,15-19 years,1999,80.12756393917999,126.33710734032,0.6342361767341779,-0.6569079239948786,-46.20954340114001,China lower,False,Age-specific prevalence-rate contrasts use GBD posterior means. A positive log2 ratio means China is higher; zero means equal rates.
Female,15-19 years,2000,80.26439937349001,126.51447067157,0.6344286068417849,-0.6564702702226837,-46.25007129807999,China lower,False,Age-specific prevalence-rate contrasts use GBD posterior means. A positive log2 ratio means China is higher; zero means equal rates.
Female,15-19 years,2001,80.20223668799001,126.60304773285002,0.6334937280280002,-0.6585977590061924,-46.400811044860006,China lower,False,Age-specific prevalence-rate contrasts use GBD posterior means. A positive log2 ratio means China is higher; zero means equal rates.
Female,15-19 years,2002,79.94913698645,126.69136414972,0.6310543542018265,-0.6641638215967665,-46.74222716327,China lower,False,Age-specific prevalence-rate contrasts use GBD posterior means. A positive log2 ratio means China is higher; zero means equal rates.
Female,15-19 years,2003,79.5697360402,126.75311077701,0.627753713912259,-0.6717294361027357,-47.183374736809995,China lower,False,Age-specific prevalence-rate contrasts use GBD posterior means. A positive log2 ratio means China is higher; zero means equal rates.
Female,15-19 years,2004,79.13423249967,126.75993817073,0.6242842465975801,-0.6797250340942413,-47.62570567105999,China lower,False,Age-specific prevalence-rate contrasts use GBD posterior means. A positive log2 ratio means China is higher; zero means equal rates.
Female,15-19 years,2005,78.71376266457,126.6856917861,0.6213311192038382,-0.6865657818008525,-47.971929121529996,China lower,False,Age-specific prevalence-rate contrasts use GBD posterior means. A positive log2 ratio means China is higher; zero means equal rates.
Female,15-19 years,2006,78.19648625587,126.3517483945,0.6188793368471808,-0.6922699408619164,-48.15526213863001,China lower,False,Age-specific prevalence-rate contrasts use GBD posterior means. A positive log2 ratio means China is higher; zero means equal rates.
Female,15-19 years,2007,77.53195298122,125.6942944924,0.6168295330692827,-0.6970562534466904,-48.16234151118,China lower,False,Age-specific prevalence-rate contrasts use GBD posterior means. A positive log2 ratio means China is higher; zero means equal rates.
Female,15-19 years,2008,76.84320853167999,124.862266343,0.6154237848013236,-0.7003478930881432,-48.01905781132001,China lower,False,Age-specific prevalence-rate contrasts use GBD posterior means. A positive log2 ratio means China is higher; zero means equal rates.
Female,15-19 years,2009,76.25152862931,124.00239367012,0.6149198122107203,-0.7015298048721978,-47.75086504081,China lower,False,Age-specific prevalence-rate contrasts use GBD posterior means. A positive log2 ratio means China is higher; zero means equal rates.
Female,15-19 years,2010,75.8802623344,123.25992251366,0.6156117964944424,-0.6999072177030904,-47.37966017926,China lower,False,Age-specific prevalence-rate contrasts use GBD posterior means. A positive log2 ratio means China is higher; zero means equal rates.
Female,15-19 years,2011,75.70185924319,122.49706976351,0.6179891436532993,-0.6943466006656718,-46.79521052032,China lower,False,Age-specific prevalence-rate contrasts use GBD posterior means. A positive log2 ratio means China is higher; zero means equal rates.
Female,15-19 years,2012,75.59177358759,121.55435841524,0.6218762911763484,-0.6853004789318046,-45.962584827650005,China lower,False,Age-specific prevalence-rate contrasts use GBD posterior means. A positive log2 ratio means China is higher; zero means equal rates.
Female,15-19 years,2013,75.55604691208,120.54457927596,0.6267892539498706,-0.6739476492921351,-44.98853236388,China lower,False,Age-specific prevalence-rate contrasts use GBD posterior means. A positive log2 ratio means China is higher; zero means equal rates.
Female,15-19 years,2014,75.60511122615,119.58167060804,0.6322466548737674,-0.6614405960708829,-43.97655938189,China lower,False,Age-specific prevalence-rate contrasts use GBD posterior means. A positive log2 ratio means China is higher; zero means equal rates.
Female,15-19 years,2015,75.7503092129,118.77745280976,0.637749904724978,-0.6489373165873483,-43.02714359686,China lower,False,Age-specific prevalence-rate contrasts use GBD posterior means. A positive log2 ratio means China is higher; zero means equal rates.
Female,15-19 years,2016,75.98789110893999,117.97623072405,0.6440949218548776,-0.6346547773580706,-41.98833961511001,China lower,False,Age-specific prevalence-rate contrasts use GBD posterior means. A positive log2 ratio means China is higher; zero means equal rates.
Female,15-19 years,2017,76.26875957598,117.05048940725,0.6515885577429801,-0.6179668253277998,-40.78172983127,China lower,False,Age-specific prevalence-rate contrasts use GBD posterior means. A positive log2 ratio means China is higher; zero means equal rates.
Female,15-19 years,2018,76.54115543482,116.15453307283,0.6589596928328915,-0.6017378735516812,-39.61337763801001,China lower,False,Age-specific prevalence-rate contrasts use GBD posterior means. A positive log2 ratio means China is higher; zero means equal rates.
Female,15-19 years,2019,76.75916763589,115.44416659744,0.6649029561065075,-0.5887843030861319,-38.68499896155001,China lower,False,Age-specific prevalence-rate contrasts use GBD posterior means. A positive log2 ratio means China is higher; zero means equal rates.
Female,15-19 years,2020,76.88509437396999,115.07535419002,0.6681282444459156,-0.5818030462773691,-38.19025981605,China lower,False,Age-specific prevalence-rate contrasts use GBD posterior means. A positive log2 ratio means China is higher; zero means equal rates.
Female,15-19 years,2021,76.85372075919,115.40256618301,0.6659619738205154,-0.5864882925859969,-38.54884542382,China lower,False,Age-specific prevalence-rate contrasts use GBD posterior means. A positive log2 ratio means China is higher; zero means equal rates.
Female,15-19 years,2022,76.84077587979,115.75630951077,0.663815011074111,-0.5911468409497354,-38.91553363097999,China lower,False,Age-specific prevalence-rate contrasts use GBD posterior means. A positive log2 ratio means China is higher; zero means equal rates.
Female,15-19 years,2023,77.65948284302,114.28052639119,0.6795513224815427,-0.5573455815789713,-36.62104354816999,China lower,False,Age-specific prevalence-rate contrasts use GBD posterior means. A positive log2 ratio means China is higher; zero means equal rates.
Female,20-24 years,1990,240.86798190619,521.76199183096,0.46164340384576386,-1.1151492219238077,-280.89400992477,China lower,False,Age-specific prevalence-rate contrasts use GBD posterior means. A positive log2 ratio means China is higher; zero means equal rates.
Female,20-24 years,1991,241.05984882988,520.15978567371,0.4634342282298116,-1.1095634924762101,-279.09993684382994,China lower,False,Age-specific prevalence-rate contrasts use GBD posterior means. A positive log2 ratio means China is higher; zero means equal rates.
Female,20-24 years,1992,241.28546699275,518.87077792076,0.4650203427520796,-1.1046342652353007,-277.58531092801,China lower,False,Age-specific prevalence-rate contrasts use GBD posterior means. A positive log2 ratio means China is higher; zero means equal rates.
Female,20-24 years,1993,241.54652899596,517.91674067293,0.4663810030201345,-1.1004190700856904,-276.37021167697003,China lower,False,Age-specific prevalence-rate contrasts use GBD posterior means. A positive log2 ratio means China is higher; zero means equal rates.
Female,20-24 years,1994,241.8152942346,517.3159953214499,0.4674421367627358,-1.0971403056561648,-275.5007010868499,China lower,False,Age-specific prevalence-rate contrasts use GBD posterior means. A positive log2 ratio means China is higher; zero means equal rates.
Female,20-24 years,1995,242.05779224427,517.0821637673899,0.4681224942679709,-1.0950420036483575,-275.02437152311995,China lower,False,Age-specific prevalence-rate contrasts use GBD posterior means. A positive log2 ratio means China is higher; zero means equal rates.
Female,20-24 years,1996,242.35193130638,517.45136516558,0.46835692708788096,-1.0943196918365696,-275.09943385919996,China lower,False,Age-specific prevalence-rate contrasts use GBD posterior means. A positive log2 ratio means China is higher; zero means equal rates.
Female,20-24 years,1997,242.73652577068,518.39736416424,0.46824413577414636,-1.0946671684223204,-275.66083839355997,China lower,False,Age-specific prevalence-rate contrasts use GBD posterior means. A positive log2 ratio means China is higher; zero means equal rates.
Female,20-24 years,1998,243.14879588402,519.5745546143401,0.467976720038763,-1.095491331574401,-276.42575873032007,China lower,False,Age-specific prevalence-rate contrasts use GBD posterior means. A positive log2 ratio means China is higher; zero means equal rates.
Female,20-24 years,1999,243.5242777887,520.6445184478599,0.46773617921627614,-1.096233069899594,-277.1202406591599,China lower,False,Age-specific prevalence-rate contrasts use GBD posterior means. A positive log2 ratio means China is higher; zero means equal rates.
Female,20-24 years,2000,243.83052755977,521.26160271896,0.4677699763188428,-1.0961288291909634,-277.4310751591901,China lower,False,Age-specific prevalence-rate contrasts use GBD posterior means. A positive log2 ratio means China is higher; zero means equal rates.
Female,20-24 years,2001,243.843584868,521.6168827691,0.4674764044704824,-1.0970345470261444,-277.7732979011,China lower,False,Age-specific prevalence-rate contrasts use GBD posterior means. A positive log2 ratio means China is higher; zero means equal rates.
Female,20-24 years,2002,243.40934697061,522.05575595453,0.46625162962825456,-1.1008193270476527,-278.64640898392,China lower,False,Age-specific prevalence-rate contrasts use GBD posterior means. A positive log2 ratio means China is higher; zero means equal rates.
Female,20-24 years,2003,242.74950495212,522.47027327856,0.46461878764669123,-1.105880601746477,-279.72076832643995,China lower,False,Age-specific prevalence-rate contrasts use GBD posterior means. A positive log2 ratio means China is higher; zero means equal rates.
Female,20-24 years,2004,242.12041759655003,522.7457190912199,0.4631705411523411,-1.1103845977885343,-280.6253014946699,China lower,False,Age-specific prevalence-rate contrasts use GBD posterior means. A positive log2 ratio means China is higher; zero means equal rates.
Female,20-24 years,2005,241.8018376106,522.7795132603301,0.4625312038388719,-1.1123773971393933,-280.9776756497301,China lower,False,Age-specific prevalence-rate contrasts use GBD posterior means. A positive log2 ratio means China is higher; zero means equal rates.
Female,20-24 years,2006,241.7803360766,522.59189874757,0.46265611207530083,-1.1119878446860525,-280.81156267097,China lower,False,Age-specific prevalence-rate contrasts use GBD posterior means. A positive log2 ratio means China is higher; zero means equal rates.
Female,20-24 years,2007,241.75546212275,522.1599744464199,0.4629911788605641,-1.110943388087275,-280.4045123236699,China lower,False,Age-specific prevalence-rate contrasts use GBD posterior means. A positive log2 ratio means China is higher; zero means equal rates.
Female,20-24 years,2008,241.63349010624,521.4418014993,0.46339493575595964,-1.1096858171923654,-279.80831139306,China lower,False,Age-specific prevalence-rate contrasts use GBD posterior means. A positive log2 ratio means China is higher; zero means equal rates.
Female,20-24 years,2009,241.33860242129,520.34301144767,0.4638067526838707,-1.108404270175947,-279.00440902638,China lower,False,Age-specific prevalence-rate contrasts use GBD posterior means. A positive log2 ratio means China is higher; zero means equal rates.
Female,20-24 years,2010,240.80318411318,518.77236866074,0.4641788935961186,-1.1072471706463491,-277.96918454755996,China lower,False,Age-specific prevalence-rate contrasts use GBD posterior means. A positive log2 ratio means China is higher; zero means equal rates.
Female,20-24 years,2011,239.82965718797,512.89935937299,0.46759593827755475,-1.0966656967805808,-273.06970218502,China lower,False,Age-specific prevalence-rate contrasts use GBD posterior means. A positive log2 ratio means China is higher; zero means equal rates.
Female,20-24 years,2012,238.52793515717,501.32412264165,0.47579584620880383,-1.0715854180804267,-262.79618748448,China lower,False,Age-specific prevalence-rate contrasts use GBD posterior means. A positive log2 ratio means China is higher; zero means equal rates.
Female,20-24 years,2013,237.18899373116,487.63096526536,0.4864108529327829,-1.0397526759380455,-250.44197153419998,China lower,False,Age-specific prevalence-rate contrasts use GBD posterior means. A positive log2 ratio means China is higher; zero means equal rates.
Female,20-24 years,2014,236.08998504802,475.41131218349,0.4966015300807537,-1.0098393882729009,-239.32132713547,China lower,False,Age-specific prevalence-rate contrasts use GBD posterior means. A positive log2 ratio means China is higher; zero means equal rates.
Female,20-24 years,2015,235.49984121019,468.2380495808701,0.5029489624369291,-0.991516087252107,-232.7382083706801,China lower,False,Age-specific prevalence-rate contrasts use GBD posterior means. A positive log2 ratio means China is higher; zero means equal rates.
Female,20-24 years,2016,235.48480467413,464.86019142883,0.5065712423133627,-0.9811629162765754,-229.37538675469997,China lower,False,Age-specific prevalence-rate contrasts use GBD posterior means. A positive log2 ratio means China is higher; zero means equal rates.
Female,20-24 years,2017,235.80276442319,461.80480328953,0.5106113291666061,-0.9697025470538916,-226.00203886634,China lower,False,Age-specific prevalence-rate contrasts use GBD posterior means. A positive log2 ratio means China is higher; zero means equal rates.
Female,20-24 years,2018,236.32876053677,459.3031521252501,0.5145376413012818,-0.9586514727102189,-222.9743915884801,China lower,False,Age-specific prevalence-rate contrasts use GBD posterior means. A positive log2 ratio means China is higher; zero means equal rates.
Female,20-24 years,2019,236.94447489585,457.59371707204,0.5178053501520155,-0.949518223125768,-220.64924217619003,China lower,False,Age-specific prevalence-rate contrasts use GBD posterior means. A positive log2 ratio means China is higher; zero means equal rates.
Female,20-24 years,2020,237.52718090211,456.91513461812,0.5198496677082718,-0.9438336158805519,-219.38795371601003,China lower,False,Age-specific prevalence-rate contrasts use GBD posterior means. A positive log2 ratio means China is higher; zero means equal rates.
Female,20-24 years,2021,237.9655616093,461.575110477,0.5155511122845903,-0.9558126298854763,-223.6095488677,China lower,False,Age-specific prevalence-rate contrasts use GBD posterior means. A positive log2 ratio means China is higher; zero means equal rates.
Female,20-24 years,2022,238.44248488802,466.31975517107,0.5113282940383838,-0.9676782360061078,-227.87727028305002,China lower,False,Age-specific prevalence-rate contrasts use GBD posterior means. A positive log2 ratio means China is higher; zero means equal rates.
Female,20-24 years,2023,239.84696818256,457.84693643404,0.5238584100848597,-0.9327511660853308,-217.99996825148,China lower,False,Age-specific prevalence-rate contrasts use GBD posterior means. A positive log2 ratio means China is higher; zero means equal rates.
Female,25-29 years,1990,379.75976484954,783.9067599186501,0.4844450695755571,-1.0455950047757143,-404.1469950691101,China lower,False,Age-specific prevalence-rate contrasts use GBD posterior means. A positive log2 ratio means China is higher; zero means equal rates.
Female,25-29 years,1991,379.20728410486,780.99558249345,0.48554344301690117,-1.0423277112488671,-401.78829838859,China lower,False,Age-specific prevalence-rate contrasts use GBD posterior means. A positive log2 ratio means China is higher; zero means equal rates.
Female,25-29 years,1992,378.74050422161,778.37395563531,0.48657910696983875,-1.039253720599773,-399.6334514137,China lower,False,Age-specific prevalence-rate contrasts use GBD posterior means. A positive log2 ratio means China is higher; zero means equal rates.
Female,25-29 years,1993,378.34212806606,776.1733026386901,0.48744542846274486,-1.0366873826776002,-397.83117457263006,China lower,False,Age-specific prevalence-rate contrasts use GBD posterior means. A positive log2 ratio means China is higher; zero means equal rates.
Female,25-29 years,1994,378.06860971701,774.51796710462,0.48813407277089216,-1.0346506365342973,-396.44935738760995,China lower,False,Age-specific prevalence-rate contrasts use GBD posterior means. A positive log2 ratio means China is higher; zero means equal rates.
Female,25-29 years,1995,377.92727682424,773.53568818713,0.4885712224990629,-1.0333592054544716,-395.60841136288997,China lower,False,Age-specific prevalence-rate contrasts use GBD posterior means. A positive log2 ratio means China is higher; zero means equal rates.
Female,25-29 years,1996,377.98815777638,772.88960676661,0.48905840428841646,-1.0319213300250987,-394.90144899023,China lower,False,Age-specific prevalence-rate contrasts use GBD posterior means. A positive log2 ratio means China is higher; zero means equal rates.
Female,25-29 years,1997,378.36555447602,772.25762781441,0.48994731919559537,-1.0293014608046862,-393.89207333838993,China lower,False,Age-specific prevalence-rate contrasts use GBD posterior means. A positive log2 ratio means China is higher; zero means equal rates.
Female,25-29 years,1998,378.88560686248,771.75851396845,0.49093803308267636,-1.0263871579362818,-392.87290710596994,China lower,False,Age-specific prevalence-rate contrasts use GBD posterior means. A positive log2 ratio means China is higher; zero means equal rates.
Female,25-29 years,1999,379.3746045045101,771.5021912823701,0.4917349669142532,-1.0240471470907713,-392.12758677785996,China lower,False,Age-specific prevalence-rate contrasts use GBD posterior means. A positive log2 ratio means China is higher; zero means equal rates.
Female,25-29 years,2000,379.65531460871,771.5964214255,0.49203871877387506,-1.02315624845862,-391.94110681679,China lower,False,Age-specific prevalence-rate contrasts use GBD posterior means. A positive log2 ratio means China is higher; zero means equal rates.
Female,25-29 years,2001,379.48214705902,772.82436373138,0.49103284635954003,-1.0261085618034833,-393.34221667236,China lower,False,Age-specific prevalence-rate contrasts use GBD posterior means. A positive log2 ratio means China is higher; zero means equal rates.
Female,25-29 years,2002,378.88683400835,775.2791180639,0.4887102272979335,-1.0329487985335495,-396.39228405555,China lower,False,Age-specific prevalence-rate contrasts use GBD posterior means. A positive log2 ratio means China is higher; zero means equal rates.
Female,25-29 years,2003,378.1681489583,778.0891904190801,0.4860215944583654,-1.0409076791512102,-399.9210414607801,China lower,False,Age-specific prevalence-rate contrasts use GBD posterior means. A positive log2 ratio means China is higher; zero means equal rates.
Female,25-29 years,2004,377.61820829111,780.3884968628801,0.4838848981105116,-1.0472641810106513,-402.77028857177004,China lower,False,Age-specific prevalence-rate contrasts use GBD posterior means. A positive log2 ratio means China is higher; zero means equal rates.
Female,25-29 years,2005,377.57631157977,781.32272366027,0.48325269462397646,-1.049150317940123,-403.74641208049997,China lower,False,Age-specific prevalence-rate contrasts use GBD posterior means. A positive log2 ratio means China is higher; zero means equal rates.
Female,25-29 years,2006,378.14110915467,780.8845399621599,0.48424714513235717,-1.046184551408408,-402.7434308074899,China lower,False,Age-specific prevalence-rate contrasts use GBD posterior means. A positive log2 ratio means China is higher; zero means equal rates.
Female,25-29 years,2007,378.93304037136,779.64319167368,0.4860339247725549,-1.0408710786015856,-400.71015130232,China lower,False,Age-specific prevalence-rate contrasts use GBD posterior means. A positive log2 ratio means China is higher; zero means equal rates.
Female,25-29 years,2008,379.7502376988,777.71723547169,0.4882883140277575,-1.034194843833844,-397.96699777288995,China lower,False,Age-specific prevalence-rate contrasts use GBD posterior means. A positive log2 ratio means China is higher; zero means equal rates.
Female,25-29 years,2009,380.41464294755,775.19084164063,0.4907367612115135,-1.0269787467927007,-394.77619869307995,China lower,False,Age-specific prevalence-rate contrasts use GBD posterior means. A positive log2 ratio means China is higher; zero means equal rates.
Female,25-29 years,2010,380.76640274826,772.14607642019,0.4931274202849835,-1.0199676189509757,-391.37967367192994,China lower,False,Age-specific prevalence-rate contrasts use GBD posterior means. A positive log2 ratio means China is higher; zero means equal rates.
Female,25-29 years,2011,380.78538248668,763.22872528651,0.4989138509478089,-1.0031373725918737,-382.44334279982996,China lower,False,Age-specific prevalence-rate contrasts use GBD posterior means. A positive log2 ratio means China is higher; zero means equal rates.
Female,25-29 years,2012,380.53500527254,746.4729240759,0.5097773716891678,-0.9720607593388608,-365.93791880336,China lower,False,Age-specific prevalence-rate contrasts use GBD posterior means. A positive log2 ratio means China is higher; zero means equal rates.
Female,25-29 years,2013,380.05834575925,727.07110819521,0.5227251385392815,-0.9358755528195686,-347.0127624359599,China lower,False,Age-specific prevalence-rate contrasts use GBD posterior means. A positive log2 ratio means China is higher; zero means equal rates.
Female,25-29 years,2014,379.40979986403,710.19508330907,0.5342332111005541,-0.9044584296579788,-330.78528344504,China lower,False,Age-specific prevalence-rate contrasts use GBD posterior means. A positive log2 ratio means China is higher; zero means equal rates.
Female,25-29 years,2015,378.64336936928,701.0163982671,0.5401348246706918,-0.8886085272305998,-322.37302889782006,China lower,False,Age-specific prevalence-rate contrasts use GBD posterior means. A positive log2 ratio means China is higher; zero means equal rates.
Female,25-29 years,2016,377.63411912474,697.62250186707,0.5413158522181629,-0.8854574574690965,-319.98838274233003,China lower,False,Age-specific prevalence-rate contrasts use GBD posterior means. A positive log2 ratio means China is higher; zero means equal rates.
Female,25-29 years,2017,376.45480463421,694.74038812491,0.5418639985077789,-0.8839972973660692,-318.28558349070005,China lower,False,Age-specific prevalence-rate contrasts use GBD posterior means. A positive log2 ratio means China is higher; zero means equal rates.
Female,25-29 years,2018,375.31487415077,692.5026585168799,0.5419688567760518,-0.8837181426913092,-317.18778436610995,China lower,False,Age-specific prevalence-rate contrasts use GBD posterior means. A positive log2 ratio means China is higher; zero means equal rates.
Female,25-29 years,2019,374.41041662884,691.03955897387,0.541807501128886,-0.8841477276181395,-316.62914234503006,China lower,False,Age-specific prevalence-rate contrasts use GBD posterior means. A positive log2 ratio means China is higher; zero means equal rates.
Female,25-29 years,2020,373.92817206674,690.47709139238,0.5415504391502635,-0.8848323804645006,-316.54891932564,China lower,False,Age-specific prevalence-rate contrasts use GBD posterior means. A positive log2 ratio means China is higher; zero means equal rates.
Female,25-29 years,2021,374.44715822902,694.44230612356,0.5392055681619082,-0.8910927001515411,-319.99514789454,China lower,False,Age-specific prevalence-rate contrasts use GBD posterior means. A positive log2 ratio means China is higher; zero means equal rates.
Female,25-29 years,2022,375.19170781652,698.76450588907,0.5369358412662166,-0.8971783847343058,-323.57279807255003,China lower,False,Age-specific prevalence-rate contrasts use GBD posterior means. A positive log2 ratio means China is higher; zero means equal rates.
Female,25-29 years,2023,373.84683788074,695.60701562352,0.5374397173749542,-0.8958251528765079,-321.76017774278006,China lower,False,Age-specific prevalence-rate contrasts use GBD posterior means. A positive log2 ratio means China is higher; zero means equal rates.
Female,30-34 years,1990,454.76000599208,846.17778929648,0.5374284361329924,-0.8958554363894781,-391.4177833044,China lower,False,Age-specific prevalence-rate contrasts use GBD posterior means. A positive log2 ratio means China is higher; zero means equal rates.
Female,30-34 years,1991,453.25026595002,843.63196912131,0.5372606569451197,-0.8963059000739686,-390.38170317129004,China lower,False,Age-specific prevalence-rate contrasts use GBD posterior means. A positive log2 ratio means China is higher; zero means equal rates.
Female,30-34 years,1992,451.88221374456,841.1956235877,0.5371904002748873,-0.8964945712083064,-389.31340984314,China lower,False,Age-specific prevalence-rate contrasts use GBD posterior means. A positive log2 ratio means China is higher; zero means equal rates.
Female,30-34 years,1993,450.90875873034,838.99954753119,0.5374362358801836,-0.8958344985786333,-388.09078880085,China lower,False,Age-specific prevalence-rate contrasts use GBD posterior means. A positive log2 ratio means China is higher; zero means equal rates.
Female,30-34 years,1994,450.28170531476,837.18601617561,0.5378514411548746,-0.8947203509262205,-386.90431086085,China lower,False,Age-specific prevalence-rate contrasts use GBD posterior means. A positive log2 ratio means China is higher; zero means equal rates.
Female,30-34 years,1995,449.99638334997,835.88785505984,0.5383454019890688,-0.8933959930255841,-385.89147170987,China lower,False,Age-specific prevalence-rate contrasts use GBD posterior means. A positive log2 ratio means China is higher; zero means equal rates.
Female,30-34 years,1996,450.34935998353,834.5006564938,0.5396632782479733,-0.8898685733948071,-384.15129651026996,China lower,False,Age-specific prevalence-rate contrasts use GBD posterior means. A positive log2 ratio means China is higher; zero means equal rates.
Female,30-34 years,1997,451.29519854596,832.6278383601801,0.5420131032788477,-0.8836003654356941,-381.33263981422016,China lower,False,Age-specific prevalence-rate contrasts use GBD posterior means. A positive log2 ratio means China is higher; zero means equal rates.
Female,30-34 years,1998,452.39645622767,830.7492935622,0.5445643586259614,-0.8768255328439376,-378.35283733453,China lower,False,Age-specific prevalence-rate contrasts use GBD posterior means. A positive log2 ratio means China is higher; zero means equal rates.
Female,30-34 years,1999,453.3084047215201,829.34514559969,0.5465859505257464,-0.8714797176594836,-376.0367408781699,China lower,False,Age-specific prevalence-rate contrasts use GBD posterior means. A positive log2 ratio means China is higher; zero means equal rates.
Female,30-34 years,2000,453.64985207552,828.89210682027,0.5472966244253133,-0.8696051364597736,-375.24225474474997,China lower,False,Age-specific prevalence-rate contrasts use GBD posterior means. A positive log2 ratio means China is higher; zero means equal rates.
Female,30-34 years,2001,453.25263985407,830.39027827035,0.5458308601567041,-0.873474130952427,-377.13763841627997,China lower,False,Age-specific prevalence-rate contrasts use GBD posterior means. A positive log2 ratio means China is higher; zero means equal rates.
Female,30-34 years,2002,452.56477600154005,833.7165405734801,0.5428281124064529,-0.8814326567777142,-381.15176457194,China lower,False,Age-specific prevalence-rate contrasts use GBD posterior means. A positive log2 ratio means China is higher; zero means equal rates.
Female,30-34 years,2003,451.80659879244,837.64178038652,0.5393792542009535,-0.8906280617027649,-385.83518159408004,China lower,False,Age-specific prevalence-rate contrasts use GBD posterior means. A positive log2 ratio means China is higher; zero means equal rates.
Female,30-34 years,2004,451.17983593075,840.91761774981,0.5365327428126082,-0.8982618783287536,-389.73778181906,China lower,False,Age-specific prevalence-rate contrasts use GBD posterior means. A positive log2 ratio means China is higher; zero means equal rates.
Female,30-34 years,2005,450.87611977244,842.2996778935401,0.5352918107484153,-0.901602513377783,-391.4235581211001,China lower,False,Age-specific prevalence-rate contrasts use GBD posterior means. A positive log2 ratio means China is higher; zero means equal rates.
Female,30-34 years,2006,450.89712762656,841.69814450027,0.5356993247196298,-0.9005046174302493,-390.80101687371,China lower,False,Age-specific prevalence-rate contrasts use GBD posterior means. A positive log2 ratio means China is higher; zero means equal rates.
Female,30-34 years,2007,451.06557860616,839.95027757002,0.537014619378536,-0.8969667310382696,-388.88469896386005,China lower,False,Age-specific prevalence-rate contrasts use GBD posterior means. A positive log2 ratio means China is higher; zero means equal rates.
Female,30-34 years,2008,451.37760043205,837.3035634114,0.539084771827575,-0.891415938275386,-385.92596297935,China lower,False,Age-specific prevalence-rate contrasts use GBD posterior means. A positive log2 ratio means China is higher; zero means equal rates.
Female,30-34 years,2009,451.81280563203,833.9946525508299,0.5417454467485248,-0.8843129720523608,-382.18184691879986,China lower,False,Age-specific prevalence-rate contrasts use GBD posterior means. A positive log2 ratio means China is higher; zero means equal rates.
Female,30-34 years,2010,452.3793692235601,830.25855411725,0.5448656529706463,-0.8760275451561008,-377.8791848936899,China lower,False,Age-specific prevalence-rate contrasts use GBD posterior means. A positive log2 ratio means China is higher; zero means equal rates.
Female,30-34 years,2011,453.15298953947,821.50197908839,0.5516152134439505,-0.8582658482285915,-368.34898954892003,China lower,False,Age-specific prevalence-rate contrasts use GBD posterior means. A positive log2 ratio means China is higher; zero means equal rates.
Female,30-34 years,2012,453.99631744631006,806.06439014637,0.5632258700373437,-0.8282144936582072,-352.06807270005993,China lower,False,Age-specific prevalence-rate contrasts use GBD posterior means. A positive log2 ratio means China is higher; zero means equal rates.
Female,30-34 years,2013,454.77257823371,788.57204796241,0.5767039034781871,-0.7940973074332622,-333.7994697287,China lower,False,Age-specific prevalence-rate contrasts use GBD posterior means. A positive log2 ratio means China is higher; zero means equal rates.
Female,30-34 years,2014,455.38447793916,773.66088021053,0.5886099318027298,-0.7646162093510533,-318.27640227137,China lower,False,Age-specific prevalence-rate contrasts use GBD posterior means. A positive log2 ratio means China is higher; zero means equal rates.
Female,30-34 years,2015,455.77006298381,765.95832969218,0.5950324519180735,-0.7489597425263421,-310.18826670836995,China lower,False,Age-specific prevalence-rate contrasts use GBD posterior means. A positive log2 ratio means China is higher; zero means equal rates.
Female,30-34 years,2016,455.86095244393,763.66500398422,0.5969383827536893,-0.7443460737548829,-307.80405154029,China lower,False,Age-specific prevalence-rate contrasts use GBD posterior means. A positive log2 ratio means China is higher; zero means equal rates.
Female,30-34 years,2017,455.60061708139,761.8836097388,0.5979924115149106,-0.7418009180547345,-306.28299265741003,China lower,False,Age-specific prevalence-rate contrasts use GBD posterior means. A positive log2 ratio means China is higher; zero means equal rates.
Female,30-34 years,2018,455.04361486805,760.59359138555,0.598274321558654,-0.7411209522605351,-305.5499765175,China lower,False,Age-specific prevalence-rate contrasts use GBD posterior means. A positive log2 ratio means China is higher; zero means equal rates.
Female,30-34 years,2019,454.27115912266,759.76575447889,0.5979094957158692,-0.7420009716068808,-305.49459535623004,China lower,False,Age-specific prevalence-rate contrasts use GBD posterior means. A positive log2 ratio means China is higher; zero means equal rates.
Female,30-34 years,2020,453.37269552924,759.38436650434,0.5970266383231486,-0.7441327913381051,-306.01167097510006,China lower,False,Age-specific prevalence-rate contrasts use GBD posterior means. A positive log2 ratio means China is higher; zero means equal rates.
Female,30-34 years,2021,452.76086630904,761.3409026856,0.594688745490941,-0.7497933219781008,-308.58003637656,China lower,False,Age-specific prevalence-rate contrasts use GBD posterior means. A positive log2 ratio means China is higher; zero means equal rates.
Female,30-34 years,2022,451.72288321692,763.6858289461001,0.5915035556444797,-0.7575412539719351,-311.96294572918003,China lower,False,Age-specific prevalence-rate contrasts use GBD posterior means. A positive log2 ratio means China is higher; zero means equal rates.
Female,30-34 years,2023,446.13393855648,763.9184790049401,0.5840072610072246,-0.7759417885320807,-317.78454044846006,China lower,False,Age-specific prevalence-rate contrasts use GBD posterior means. A positive log2 ratio means China is higher; zero means equal rates.
Female,35-39 years,1990,489.44947890638,837.8249098642701,0.5841906502704391,-0.7754888262724992,-348.3754309578901,China lower,False,Age-specific prevalence-rate contrasts use GBD posterior means. A positive log2 ratio means China is higher; zero means equal rates.
Female,35-39 years,1991,488.27604248307,836.24173950912,0.5838934119333623,-0.7762230615865394,-347.96569702604995,China lower,False,Age-specific prevalence-rate contrasts use GBD posterior means. A positive log2 ratio means China is higher; zero means equal rates.
Female,35-39 years,1992,487.51451299492,834.6069726819001,0.5841246586142889,-0.775651805965473,-347.0924596869801,China lower,False,Age-specific prevalence-rate contrasts use GBD posterior means. A positive log2 ratio means China is higher; zero means equal rates.
Female,35-39 years,1993,487.04400626796,833.03597632889,0.5846614313277518,-0.7743266714641196,-345.99197006093,China lower,False,Age-specific prevalence-rate contrasts use GBD posterior means. A positive log2 ratio means China is higher; zero means equal rates.
Female,35-39 years,1994,486.85592441369,831.6470462278301,0.5854117159700891,-0.7724764758868412,-344.79112181414007,China lower,False,Age-specific prevalence-rate contrasts use GBD posterior means. A positive log2 ratio means China is higher; zero means equal rates.
Female,35-39 years,1995,486.80940440426,830.5618740765901,0.5861205764416884,-0.7707306091813547,-343.7524696723301,China lower,False,Age-specific prevalence-rate contrasts use GBD posterior means. A positive log2 ratio means China is higher; zero means equal rates.
Female,35-39 years,1996,487.08362176914005,829.0611451379101,0.5875123018678148,-0.7673090344303574,-341.97752336877005,China lower,False,Age-specific prevalence-rate contrasts use GBD posterior means. A positive log2 ratio means China is higher; zero means equal rates.
Female,35-39 years,1997,487.82431299995,826.79121089919,0.5900211644357091,-0.7611613890928831,-338.96689789924,China lower,False,Age-specific prevalence-rate contrasts use GBD posterior means. A positive log2 ratio means China is higher; zero means equal rates.
Female,35-39 years,1998,488.92332042563,824.3931576417099,0.593070570629507,-0.7537243107913224,-335.4698372160799,China lower,False,Age-specific prevalence-rate contrasts use GBD posterior means. A positive log2 ratio means China is higher; zero means equal rates.
Female,35-39 years,1999,489.91673064007,822.5133517709199,0.5956337724916565,-0.7475025377019124,-332.59662113084994,China lower,False,Age-specific prevalence-rate contrasts use GBD posterior means. A positive log2 ratio means China is higher; zero means equal rates.
Female,35-39 years,2000,490.38306460705,821.79526778251,0.5967216943585893,-0.7448698665539504,-331.41220317546,China lower,False,Age-specific prevalence-rate contrasts use GBD posterior means. A positive log2 ratio means China is higher; zero means equal rates.
Female,35-39 years,2001,490.38245908842,823.16118939383,0.5957307820228188,-0.74726758834186,-332.77873030541,China lower,False,Age-specific prevalence-rate contrasts use GBD posterior means. A positive log2 ratio means China is higher; zero means equal rates.
Female,35-39 years,2002,490.19009920604,826.29159191929,0.593241059209423,-0.7533096422939735,-336.10149271325,China lower,False,Age-specific prevalence-rate contrasts use GBD posterior means. A positive log2 ratio means China is higher; zero means equal rates.
Female,35-39 years,2003,489.8252880601101,830.00380508403,0.5901482439716285,-0.7608506929916761,-340.1785170239199,China lower,False,Age-specific prevalence-rate contrasts use GBD posterior means. A positive log2 ratio means China is higher; zero means equal rates.
Female,35-39 years,2004,489.4107574151601,833.1128388448499,0.5874483438446959,-0.7674660982830174,-343.70208142968977,China lower,False,Age-specific prevalence-rate contrasts use GBD posterior means. A positive log2 ratio means China is higher; zero means equal rates.
Female,35-39 years,2005,489.0233163504301,834.43328538254,0.5860544215062572,-0.7708934541448547,-345.4099690321099,China lower,False,Age-specific prevalence-rate contrasts use GBD posterior means. A positive log2 ratio means China is higher; zero means equal rates.
Female,35-39 years,2006,488.49384918497,833.84585622305,0.5858323160561466,-0.7714403166103044,-345.35200703808,China lower,False,Age-specific prevalence-rate contrasts use GBD posterior means. A positive log2 ratio means China is higher; zero means equal rates.
Female,35-39 years,2007,487.93923598796,832.18497767906,0.5863350686151635,-0.7702027481919195,-344.2457416911,China lower,False,Age-specific prevalence-rate contrasts use GBD posterior means. A positive log2 ratio means China is higher; zero means equal rates.
Female,35-39 years,2008,487.50760259241,829.7230717733501,0.58755459402915,-0.7672051855487895,-342.21546918094003,China lower,False,Age-specific prevalence-rate contrasts use GBD posterior means. A positive log2 ratio means China is higher; zero means equal rates.
Female,35-39 years,2009,487.28863507651,826.7080125380201,0.5894325779914946,-0.7626012943373979,-339.41937746151007,China lower,False,Age-specific prevalence-rate contrasts use GBD posterior means. A positive log2 ratio means China is higher; zero means equal rates.
Female,35-39 years,2010,487.34593237246,823.38901675106,0.5918781067731951,-0.7566280015679772,-336.0430843786,China lower,False,Age-specific prevalence-rate contrasts use GBD posterior means. A positive log2 ratio means China is higher; zero means equal rates.
Female,35-39 years,2011,487.81607971443,816.0874820135401,0.5977497394162166,-0.7423864988806373,-328.27140229911015,China lower,False,Age-specific prevalence-rate contrasts use GBD posterior means. A positive log2 ratio means China is higher; zero means equal rates.
Female,35-39 years,2012,488.63561526224,803.43394594169,0.6081839306522197,-0.7174203966946159,-314.79833067945003,China lower,False,Age-specific prevalence-rate contrasts use GBD posterior means. A positive log2 ratio means China is higher; zero means equal rates.
Female,35-39 years,2013,489.6434261638,789.1716978393399,0.6204523394647661,-0.6886077020316056,-299.52827167553994,China lower,False,Age-specific prevalence-rate contrasts use GBD posterior means. A positive log2 ratio means China is higher; zero means equal rates.
Female,35-39 years,2014,490.64642669759,777.05658453372,0.631416600107709,-0.6633359049075828,-286.41015783612994,China lower,False,Age-specific prevalence-rate contrasts use GBD posterior means. A positive log2 ratio means China is higher; zero means equal rates.
Female,35-39 years,2015,491.47585817915,770.84490839819,0.6375807283989632,-0.6493200719947223,-279.36905021904,China lower,False,Age-specific prevalence-rate contrasts use GBD posterior means. A positive log2 ratio means China is higher; zero means equal rates.
Female,35-39 years,2016,492.03506133902,769.12767319836,0.6397313196298463,-0.6444619791890409,-277.09261185933997,China lower,False,Age-specific prevalence-rate contrasts use GBD posterior means. A positive log2 ratio means China is higher; zero means equal rates.
Female,35-39 years,2017,492.26604013411,767.9323244355801,0.6410278933054666,-0.64154096010585,-275.66628430147006,China lower,False,Age-specific prevalence-rate contrasts use GBD posterior means. A positive log2 ratio means China is higher; zero means equal rates.
Female,35-39 years,2018,492.24889075755,767.14438532538,0.6416639425038161,-0.6401101798142578,-274.89549456783,China lower,False,Age-specific prevalence-rate contrasts use GBD posterior means. A positive log2 ratio means China is higher; zero means equal rates.
Female,35-39 years,2019,492.1219173058,766.65804993828,0.6419053675173938,-0.6395674702445865,-274.53613263247996,China lower,False,Age-specific prevalence-rate contrasts use GBD posterior means. A positive log2 ratio means China is higher; zero means equal rates.
Female,35-39 years,2020,492.06999653345,766.3680854275,0.6420804909418437,-0.6391739305558126,-274.29808889404995,China lower,False,Age-specific prevalence-rate contrasts use GBD posterior means. A positive log2 ratio means China is higher; zero means equal rates.
Female,35-39 years,2021,492.26999548738,766.65860100639,0.6420980536071453,-0.6391344694228657,-274.38860551900996,China lower,False,Age-specific prevalence-rate contrasts use GBD posterior means. A positive log2 ratio means China is higher; zero means equal rates.
Female,35-39 years,2022,492.06875119032,767.31147165241,0.6412894494209072,-0.6409524229266038,-275.24272046209,China lower,False,Age-specific prevalence-rate contrasts use GBD posterior means. A positive log2 ratio means China is higher; zero means equal rates.
Female,35-39 years,2023,487.93308127256,769.6524431078001,0.6339654809673858,-0.6575238062465691,-281.7193618352401,China lower,False,Age-specific prevalence-rate contrasts use GBD posterior means. A positive log2 ratio means China is higher; zero means equal rates.
Female,40-44 years,1990,502.67569897904,797.3100555528399,0.6304645168816968,-0.6655129182424022,-294.6343565737999,China lower,False,Age-specific prevalence-rate contrasts use GBD posterior means. A positive log2 ratio means China is higher; zero means equal rates.
Female,40-44 years,1991,502.34113418529006,796.9356066131601,0.6303409334665744,-0.6657957424967786,-294.59447242787,China lower,False,Age-specific prevalence-rate contrasts use GBD posterior means. A positive log2 ratio means China is higher; zero means equal rates.
Female,40-44 years,1992,502.03415926004,796.38168988018,0.6303938998592167,-0.6656745205712414,-294.34753062014005,China lower,False,Age-specific prevalence-rate contrasts use GBD posterior means. A positive log2 ratio means China is higher; zero means equal rates.
Female,40-44 years,1993,501.63454273228,795.73019837932,0.6304078238503068,-0.6656426550169388,-294.09565564703996,China lower,False,Age-specific prevalence-rate contrasts use GBD posterior means. A positive log2 ratio means China is higher; zero means equal rates.
Female,40-44 years,1994,501.24175855716,795.0539612161399,0.6304499857977496,-0.6655461701761468,-293.8122026589799,China lower,False,Age-specific prevalence-rate contrasts use GBD posterior means. A positive log2 ratio means China is higher; zero means equal rates.
Female,40-44 years,1995,501.2597562796,794.4307317477201,0.630967227535176,-0.664363021375795,-293.17097546812005,China lower,False,Age-specific prevalence-rate contrasts use GBD posterior means. A positive log2 ratio means China is higher; zero means equal rates.
Female,40-44 years,1996,501.82565135321,793.2244065170701,0.6326402052562294,-0.6605428506339818,-291.3987551638601,China lower,False,Age-specific prevalence-rate contrasts use GBD posterior means. A positive log2 ratio means China is higher; zero means equal rates.
Female,40-44 years,1997,502.81747971837,791.1684256598601,0.6355378493511087,-0.6539500476349172,-288.35094594149007,China lower,False,Age-specific prevalence-rate contrasts use GBD posterior means. A positive log2 ratio means China is higher; zero means equal rates.
Female,40-44 years,1998,503.87240601124,788.9043811987699,0.6386989577185348,-0.6467919986824467,-285.0319751875299,China lower,False,Age-specific prevalence-rate contrasts use GBD posterior means. A positive log2 ratio means China is higher; zero means equal rates.
Female,40-44 years,1999,504.75522446021,787.07956693299,0.6413013952669204,-0.6409255488648179,-282.32434247278,China lower,False,Age-specific prevalence-rate contrasts use GBD posterior means. A positive log2 ratio means China is higher; zero means equal rates.
Female,40-44 years,2000,505.10504253593,786.3407189818801,0.642348832182973,-0.6385711187443635,-281.23567644595005,China lower,False,Age-specific prevalence-rate contrasts use GBD posterior means. A positive log2 ratio means China is higher; zero means equal rates.
Female,40-44 years,2001,504.89488568503,787.26135984831,0.6413307084985264,-0.6408596062554703,-282.36647416328003,China lower,False,Age-specific prevalence-rate contrasts use GBD posterior means. A positive log2 ratio means China is higher; zero means equal rates.
Female,40-44 years,2002,504.51823945522005,789.43817185979,0.6390851841717455,-0.6459198529304228,-284.91993240457,China lower,False,Age-specific prevalence-rate contrasts use GBD posterior means. A positive log2 ratio means China is higher; zero means equal rates.
Female,40-44 years,2003,504.27859642919,792.03656370977,0.6366860060945057,-0.6513460397278509,-287.75796728058003,China lower,False,Age-specific prevalence-rate contrasts use GBD posterior means. A positive log2 ratio means China is higher; zero means equal rates.
Female,40-44 years,2004,504.1018679274701,794.22139014981,0.634712026368849,-0.6558259161735202,-290.11952222233987,China lower,False,Age-specific prevalence-rate contrasts use GBD posterior means. A positive log2 ratio means China is higher; zero means equal rates.
Female,40-44 years,2005,503.97804685248,795.1565403466899,0.6338098491056171,-0.6578780161936786,-291.1784934942099,China lower,False,Age-specific prevalence-rate contrasts use GBD posterior means. A positive log2 ratio means China is higher; zero means equal rates.
Female,40-44 years,2006,503.9197879611,794.80329953396,0.6340182385460376,-0.6574037525014574,-290.88351157285996,China lower,False,Age-specific prevalence-rate contrasts use GBD posterior means. A positive log2 ratio means China is higher; zero means equal rates.
Female,40-44 years,2007,503.83555624766,793.74739700945,0.6347555382807278,-0.655727017357576,-289.91184076178996,China lower,False,Age-specific prevalence-rate contrasts use GBD posterior means. A positive log2 ratio means China is higher; zero means equal rates.
Female,40-44 years,2008,503.69898611067,792.14115372752,0.6358702407272377,-0.6531957038413813,-288.44216761685,China lower,False,Age-specific prevalence-rate contrasts use GBD posterior means. A positive log2 ratio means China is higher; zero means equal rates.
Female,40-44 years,2009,503.59395165842,790.1278931192701,0.6373575164779081,-0.6498252364388164,-286.5339414608501,China lower,False,Age-specific prevalence-rate contrasts use GBD posterior means. A positive log2 ratio means China is higher; zero means equal rates.
Female,40-44 years,2010,503.55347865168,787.8442195983499,0.6391536120026318,-0.6457653896287797,-284.2907409466699,China lower,False,Age-specific prevalence-rate contrasts use GBD posterior means. A positive log2 ratio means China is higher; zero means equal rates.
Female,40-44 years,2011,503.66598668674,782.3756224614099,0.6437649285418309,-0.6353941120403833,-278.7096357746699,China lower,False,Age-specific prevalence-rate contrasts use GBD posterior means. A positive log2 ratio means China is higher; zero means equal rates.
Female,40-44 years,2012,504.10842930359,772.67339397644,0.6524211047429453,-0.6161246432858871,-268.56496467285,China lower,False,Age-specific prevalence-rate contrasts use GBD posterior means. A positive log2 ratio means China is higher; zero means equal rates.
Female,40-44 years,2013,504.7066889018601,761.64609951746,0.6626524959841801,-0.5936755952172491,-256.9394106155999,China lower,False,Age-specific prevalence-rate contrasts use GBD posterior means. A positive log2 ratio means China is higher; zero means equal rates.
Female,40-44 years,2014,505.27101734142,752.19270134778,0.6717308163667032,-0.5740448792857865,-246.92168400636,China lower,False,Age-specific prevalence-rate contrasts use GBD posterior means. A positive log2 ratio means China is higher; zero means equal rates.
Female,40-44 years,2015,505.60727919955,747.20600824674,0.676663829813036,-0.5634888216701784,-241.59872904718998,China lower,False,Age-specific prevalence-rate contrasts use GBD posterior means. A positive log2 ratio means China is higher; zero means equal rates.
Female,40-44 years,2016,505.62105113122,745.68956666694,0.6780583687005697,-0.560518625935272,-240.06851553572,China lower,False,Age-specific prevalence-rate contrasts use GBD posterior means. A positive log2 ratio means China is higher; zero means equal rates.
Female,40-44 years,2017,505.4071880145,744.61677847945,0.6787480521813789,-0.559051942098978,-239.20959046495,China lower,False,Age-specific prevalence-rate contrasts use GBD posterior means. A positive log2 ratio means China is higher; zero means equal rates.
Female,40-44 years,2018,505.12326447078,743.86130874342,0.6790557037091602,-0.5583981696534062,-238.73804427263997,China lower,False,Age-specific prevalence-rate contrasts use GBD posterior means. A positive log2 ratio means China is higher; zero means equal rates.
Female,40-44 years,2019,504.90744728952,743.30538227399,0.6792732291872547,-0.5579360975829432,-238.39793498446994,China lower,False,Age-specific prevalence-rate contrasts use GBD posterior means. A positive log2 ratio means China is higher; zero means equal rates.
Female,40-44 years,2020,504.96961235088,742.83269131622,0.6797891614814743,-0.5568407350695341,-237.86307896533998,China lower,False,Age-specific prevalence-rate contrasts use GBD posterior means. A positive log2 ratio means China is higher; zero means equal rates.
Female,40-44 years,2021,505.11129091957,741.64681881706,0.6810671577142765,-0.5541310303882182,-236.53552789748994,China lower,False,Age-specific prevalence-rate contrasts use GBD posterior means. A positive log2 ratio means China is higher; zero means equal rates.
Female,40-44 years,2022,505.22090527845,740.86882605624,0.6819303060270729,-0.5523037930088197,-235.64792077778998,China lower,False,Age-specific prevalence-rate contrasts use GBD posterior means. A positive log2 ratio means China is higher; zero means equal rates.
Female,40-44 years,2023,504.54525458482,745.3561876487701,0.6769183149554451,-0.5629463433895977,-240.81093306395007,China lower,False,Age-specific prevalence-rate contrasts use GBD posterior means. A positive log2 ratio means China is higher; zero means equal rates.
Female,45-49 years,1990,503.74512705878,747.04284906486,0.67431891984424,-0.5684970179353995,-243.29772200608,China lower,False,Age-specific prevalence-rate contrasts use GBD posterior means. A positive log2 ratio means China is higher; zero means equal rates.
Female,45-49 years,1991,504.59913694068,747.6667712741199,0.6748984391546229,-0.5672576776896965,-243.0676343334399,China lower,False,Age-specific prevalence-rate contrasts use GBD posterior means. A positive log2 ratio means China is higher; zero means equal rates.
Female,45-49 years,1992,505.58214038593,747.99573603058,0.6759158054415173,-0.5650845445882923,-242.41359564465,China lower,False,Age-specific prevalence-rate contrasts use GBD posterior means. A positive log2 ratio means China is higher; zero means equal rates.
Female,45-49 years,1993,506.71793267239,748.08087855617,0.6773571510748658,-0.5620113685912047,-241.36294588377996,China lower,False,Age-specific prevalence-rate contrasts use GBD posterior means. A positive log2 ratio means China is higher; zero means equal rates.
Female,45-49 years,1994,507.93317444611,747.97956639555,0.6790735967478321,-0.5583601553080105,-240.04639194944002,China lower,False,Age-specific prevalence-rate contrasts use GBD posterior means. A positive log2 ratio means China is higher; zero means equal rates.
Female,45-49 years,1995,508.55301641109,747.75050095615,0.6801105659719416,-0.5561587896822537,-239.19748454505992,China lower,False,Age-specific prevalence-rate contrasts use GBD posterior means. A positive log2 ratio means China is higher; zero means equal rates.
Female,45-49 years,1996,509.00589058064,746.85383981809,0.6815334720708107,-0.5531435812101905,-237.84794923745,China lower,False,Age-specific prevalence-rate contrasts use GBD posterior means. A positive log2 ratio means China is higher; zero means equal rates.
Female,45-49 years,1997,509.41908060264,745.12044032454,0.6836734748287949,-0.5486206421756956,-235.70135972190002,China lower,False,Age-specific prevalence-rate contrasts use GBD posterior means. A positive log2 ratio means China is higher; zero means equal rates.
Female,45-49 years,1998,509.60249592058,743.13677830871,0.685745223214997,-0.5442554273479512,-233.53428238812995,China lower,False,Age-specific prevalence-rate contrasts use GBD posterior means. A positive log2 ratio means China is higher; zero means equal rates.
Female,45-49 years,1999,509.59136786954,741.4841692894,0.6872585942838213,-0.541075051893225,-231.89280141986,China lower,False,Age-specific prevalence-rate contrasts use GBD posterior means. A positive log2 ratio means China is higher; zero means equal rates.
Female,45-49 years,2000,509.72394141698,740.75125517777,0.6881175534351992,-0.5392730484613838,-231.02731376078998,China lower,False,Age-specific prevalence-rate contrasts use GBD posterior means. A positive log2 ratio means China is higher; zero means equal rates.
Female,45-49 years,2001,509.94496790757,741.21022408607,0.6879896570994342,-0.5395412185697516,-231.26525617849995,China lower,False,Age-specific prevalence-rate contrasts use GBD posterior means. A positive log2 ratio means China is higher; zero means equal rates.
Female,45-49 years,2002,510.21384853523,742.41016643487,0.6872398461154289,-0.5411144086342328,-232.19631789964,China lower,False,Age-specific prevalence-rate contrasts use GBD posterior means. A positive log2 ratio means China is higher; zero means equal rates.
Female,45-49 years,2003,510.42742065007,743.86813342023,0.6861799796466299,-0.5433410612183709,-233.44071277016002,China lower,False,Age-specific prevalence-rate contrasts use GBD posterior means. A positive log2 ratio means China is higher; zero means equal rates.
Female,45-49 years,2004,510.60319808951,745.10377443975,0.6852779647686484,-0.5452387972506173,-234.50057635024007,China lower,False,Age-specific prevalence-rate contrasts use GBD posterior means. A positive log2 ratio means China is higher; zero means equal rates.
Female,45-49 years,2005,510.62176260926,745.63561400006,0.6848140740890347,-0.5462157430171592,-235.01385139079997,China lower,False,Age-specific prevalence-rate contrasts use GBD posterior means. A positive log2 ratio means China is higher; zero means equal rates.
Female,45-49 years,2006,510.46960974757,745.44655972844,0.6847836415443783,-0.5462798565605209,-234.97694998086996,China lower,False,Age-specific prevalence-rate contrasts use GBD posterior means. A positive log2 ratio means China is higher; zero means equal rates.
Female,45-49 years,2007,510.35537516508,744.8677176999599,0.6851624295666632,-0.5454820505347967,-234.51234253487996,China lower,False,Age-specific prevalence-rate contrasts use GBD posterior means. A positive log2 ratio means China is higher; zero means equal rates.
Female,45-49 years,2008,510.51805404495,743.94465981727,0.6862312233954942,-0.5432333251371824,-233.42660577232,China lower,False,Age-specific prevalence-rate contrasts use GBD posterior means. A positive log2 ratio means China is higher; zero means equal rates.
Female,45-49 years,2009,510.79020591467,742.72157651896,0.6877277058634511,-0.5400906275746082,-231.93137060428995,China lower,False,Age-specific prevalence-rate contrasts use GBD posterior means. A positive log2 ratio means China is higher; zero means equal rates.
Female,45-49 years,2010,511.08282960022,741.2414159298,0.6894957818285515,-0.5363863691867509,-230.15858632958003,China lower,False,Age-specific prevalence-rate contrasts use GBD posterior means. A positive log2 ratio means China is higher; zero means equal rates.
Female,45-49 years,2011,511.60848950459,737.36360313884,0.6938347476424843,-0.527336001457939,-225.75511363424994,China lower,False,Age-specific prevalence-rate contrasts use GBD posterior means. A positive log2 ratio means China is higher; zero means equal rates.
Female,45-49 years,2012,512.3736042924801,730.31977994527,0.7015743217729598,-0.5113321500248369,-217.94617565278998,China lower,False,Age-specific prevalence-rate contrasts use GBD posterior means. A positive log2 ratio means China is higher; zero means equal rates.
Female,45-49 years,2013,513.11462673618,722.23368987275,0.710455125440888,-0.49318456765498525,-209.11906313657005,China lower,False,Age-specific prevalence-rate contrasts use GBD posterior means. A positive log2 ratio means China is higher; zero means equal rates.
Female,45-49 years,2014,513.6671778562301,715.23023411176,0.7181843738668993,-0.47757383145591686,-201.5630562555299,China lower,False,Age-specific prevalence-rate contrasts use GBD posterior means. A positive log2 ratio means China is higher; zero means equal rates.
Female,45-49 years,2015,513.80602044988,711.42806808541,0.7222178087977762,-0.46949409948662757,-197.62204763553007,China lower,False,Age-specific prevalence-rate contrasts use GBD posterior means. A positive log2 ratio means China is higher; zero means equal rates.
Female,45-49 years,2016,513.3158546652301,710.12609082273,0.7228517038016703,-0.46822839257184345,-196.81023615749996,China lower,False,Age-specific prevalence-rate contrasts use GBD posterior means. A positive log2 ratio means China is higher; zero means equal rates.
Female,45-49 years,2017,512.49980709158,709.16201384283,0.7226836704273394,-0.46856379898425626,-196.66220675124998,China lower,False,Age-specific prevalence-rate contrasts use GBD posterior means. A positive log2 ratio means China is higher; zero means equal rates.
Female,45-49 years,2018,511.60389258281,708.43323922712,0.7221624625362792,-0.4696046628591925,-196.82934664431002,China lower,False,Age-specific prevalence-rate contrasts use GBD posterior means. A positive log2 ratio means China is higher; zero means equal rates.
Female,45-49 years,2019,510.85049208503006,707.8329202433999,0.7217105583466868,-0.4705077338981834,-196.98242815836988,China lower,False,Age-specific prevalence-rate contrasts use GBD posterior means. A positive log2 ratio means China is higher; zero means equal rates.
Female,45-49 years,2020,510.43445598325,707.25523028755,0.7217118150907442,-0.4705052216766014,-196.82077430430002,China lower,False,Age-specific prevalence-rate contrasts use GBD posterior means. A positive log2 ratio means China is higher; zero means equal rates.
Female,45-49 years,2021,509.97700050003,705.02566559687,0.7233452984556057,-0.4672435937014526,-195.04866509684,China lower,False,Age-specific prevalence-rate contrasts use GBD posterior means. A positive log2 ratio means China is higher; zero means equal rates.
Female,45-49 years,2022,509.73120175024,703.18029163573,0.7248940390017319,-0.46415796952390964,-193.44908988548997,China lower,False,Age-specific prevalence-rate contrasts use GBD posterior means. A positive log2 ratio means China is higher; zero means equal rates.
Female,45-49 years,2023,510.87529486561,708.8828401862401,0.7206766279338785,-0.4725760364300622,-198.00754532063007,China lower,False,Age-specific prevalence-rate contrasts use GBD posterior means. A positive log2 ratio means China is higher; zero means equal rates.
Female,50-54 years,1990,505.85472872722,693.65693703947,0.7292577954834699,-0.4554991918300969,-187.80220831225,China lower,False,Age-specific prevalence-rate contrasts use GBD posterior means. A positive log2 ratio means China is higher; zero means equal rates.
Female,50-54 years,1991,506.18450893621,694.8675239350599,0.7284618887779772,-0.4570745986569697,-188.6830149988499,China lower,False,Age-specific prevalence-rate contrasts use GBD posterior means. A positive log2 ratio means China is higher; zero means equal rates.
Female,50-54 years,1992,506.4978766075501,695.74421565255,0.7279943766869802,-0.45800078836056096,-189.2463390449999,China lower,False,Age-specific prevalence-rate contrasts use GBD posterior means. A positive log2 ratio means China is higher; zero means equal rates.
Female,50-54 years,1993,506.91704257405,696.32401808696,0.7279901732626204,-0.4580091184757107,-189.40697551290998,China lower,False,Age-specific prevalence-rate contrasts use GBD posterior means. A positive log2 ratio means China is higher; zero means equal rates.
Female,50-54 years,1994,507.4176551253401,696.61275026415,0.7284070739918719,-0.457183161639832,-189.1950951388099,China lower,False,Age-specific prevalence-rate contrasts use GBD posterior means. A positive log2 ratio means China is higher; zero means equal rates.
Female,50-54 years,1995,508.1346544803,696.63828385355,0.7294096036030114,-0.45519890017737724,-188.50362937324996,China lower,False,Age-specific prevalence-rate contrasts use GBD posterior means. A positive log2 ratio means China is higher; zero means equal rates.
Female,50-54 years,1996,508.66816400746,695.9864960449701,0.7308592435313475,-0.4523345111618785,-187.31833203751006,China lower,False,Age-specific prevalence-rate contrasts use GBD posterior means. A positive log2 ratio means China is higher; zero means equal rates.
Female,50-54 years,1997,509.15715079098,694.5561529454201,0.7330683755831485,-0.4479803255676833,-185.3990021544401,China lower,False,Age-specific prevalence-rate contrasts use GBD posterior means. A positive log2 ratio means China is higher; zero means equal rates.
Female,50-54 years,1998,509.89382623909,692.85246285441,0.7359342047200527,-0.44235130519091986,-182.95863661531996,China lower,False,Age-specific prevalence-rate contrasts use GBD posterior means. A positive log2 ratio means China is higher; zero means equal rates.
Female,50-54 years,1999,510.76377365674,691.3875207940899,0.7387517973568638,-0.43683835956716893,-180.62374713734994,China lower,False,Age-specific prevalence-rate contrasts use GBD posterior means. A positive log2 ratio means China is higher; zero means equal rates.
Female,50-54 years,2000,511.12678327432,690.67557046563,0.7400388910957654,-0.43432700452867445,-179.54878719131,China lower,False,Age-specific prevalence-rate contrasts use GBD posterior means. A positive log2 ratio means China is higher; zero means equal rates.
Female,50-54 years,2001,511.40211823734,690.7392925208,0.740369230149073,-0.4336831570448766,-179.33717428345994,China lower,False,Age-specific prevalence-rate contrasts use GBD posterior means. A positive log2 ratio means China is higher; zero means equal rates.
Female,50-54 years,2002,511.72004403174,691.14218502091,0.7403976419356579,-0.4336277944562251,-179.42214098917003,China lower,False,Age-specific prevalence-rate contrasts use GBD posterior means. A positive log2 ratio means China is higher; zero means equal rates.
Female,50-54 years,2003,511.78374477733,691.67944844594,0.7399146323158824,-0.4345692655498612,-179.89570366861,China lower,False,Age-specific prevalence-rate contrasts use GBD posterior means. A positive log2 ratio means China is higher; zero means equal rates.
Female,50-54 years,2004,511.6413367398,692.1351539165399,0.7392217168057548,-0.4359209541131729,-180.49381717673992,China lower,False,Age-specific prevalence-rate contrasts use GBD posterior means. A positive log2 ratio means China is higher; zero means equal rates.
Female,50-54 years,2005,511.7608163678,692.30308406216,0.7392149885639544,-0.43593408528212196,-180.54226769436002,China lower,False,Age-specific prevalence-rate contrasts use GBD posterior means. A positive log2 ratio means China is higher; zero means equal rates.
Female,50-54 years,2006,512.27623312657,692.16594457738,0.7401060932568038,-0.4341960008424698,-179.88971145080995,China lower,False,Age-specific prevalence-rate contrasts use GBD posterior means. A positive log2 ratio means China is higher; zero means equal rates.
Female,50-54 years,2007,512.9775486053001,691.82791348593,0.7414814271088712,-0.4315175388945897,-178.85036488062997,China lower,False,Age-specific prevalence-rate contrasts use GBD posterior means. A positive log2 ratio means China is higher; zero means equal rates.
Female,50-54 years,2008,513.65007012178,691.2849629303399,0.7430366602282653,-0.42849470212516944,-177.63489280855993,China lower,False,Age-specific prevalence-rate contrasts use GBD posterior means. A positive log2 ratio means China is higher; zero means equal rates.
Female,50-54 years,2009,514.23488122475,690.53363961362,0.7446920058992116,-0.42528422426003165,-176.29875838887006,China lower,False,Age-specific prevalence-rate contrasts use GBD posterior means. A positive log2 ratio means China is higher; zero means equal rates.
Female,50-54 years,2010,514.52991649973,689.5650230490901,0.7461659151802725,-0.42243163546103474,-175.03510654936008,China lower,False,Age-specific prevalence-rate contrasts use GBD posterior means. A positive log2 ratio means China is higher; zero means equal rates.
Female,50-54 years,2011,514.66346431078,686.87484103385,0.7492827420147374,-0.4164178721575826,-172.21137672306998,China lower,False,Age-specific prevalence-rate contrasts use GBD posterior means. A positive log2 ratio means China is higher; zero means equal rates.
Female,50-54 years,2012,514.97140635672,681.95890241937,0.7551355434026416,-0.4051924699942879,-166.98749606265005,China lower,False,Age-specific prevalence-rate contrasts use GBD posterior means. A positive log2 ratio means China is higher; zero means equal rates.
Female,50-54 years,2013,515.5632756397499,676.29607546696,0.7623336794964699,-0.39150547986742495,-160.7327998272101,China lower,False,Age-specific prevalence-rate contrasts use GBD posterior means. A positive log2 ratio means China is higher; zero means equal rates.
Female,50-54 years,2014,516.12416028666,671.36829717696,0.7687645699937175,-0.37938624664277015,-155.24413689030007,China lower,False,Age-specific prevalence-rate contrasts use GBD posterior means. A positive log2 ratio means China is higher; zero means equal rates.
Female,50-54 years,2015,516.43495914727,668.65169391303,0.7723527269108235,-0.37266823036374613,-152.21673476576007,China lower,False,Age-specific prevalence-rate contrasts use GBD posterior means. A positive log2 ratio means China is higher; zero means equal rates.
Female,50-54 years,2016,516.4958244420101,667.71333099104,0.7735292983823037,-0.37047215831278374,-151.21750654902996,China lower,False,Age-specific prevalence-rate contrasts use GBD posterior means. A positive log2 ratio means China is higher; zero means equal rates.
Female,50-54 years,2017,516.35950297945,667.04717647263,0.7740974269765717,-0.3694129412174396,-150.68767349318,China lower,False,Age-specific prevalence-rate contrasts use GBD posterior means. A positive log2 ratio means China is higher; zero means equal rates.
Female,50-54 years,2018,516.01271814863,666.5350443372799,0.7741719246910556,-0.3692741055772319,-150.5223261886499,China lower,False,Age-specific prevalence-rate contrasts use GBD posterior means. A positive log2 ratio means China is higher; zero means equal rates.
Female,50-54 years,2019,515.56790070515,666.0613655336,0.7740546552975858,-0.3694926575319874,-150.49346482845,China lower,False,Age-specific prevalence-rate contrasts use GBD posterior means. A positive log2 ratio means China is higher; zero means equal rates.
Female,50-54 years,2020,515.10792008229,665.5039174451,0.7740118526421496,-0.3695724359890934,-150.39599736281002,China lower,False,Age-specific prevalence-rate contrasts use GBD posterior means. A positive log2 ratio means China is higher; zero means equal rates.
Female,50-54 years,2021,514.0722264167,662.61286634463,0.7758259045777828,-0.36619514708974515,-148.54063992793,China lower,False,Age-specific prevalence-rate contrasts use GBD posterior means. A positive log2 ratio means China is higher; zero means equal rates.
Female,50-54 years,2022,513.23840409146,660.04735440876,0.7775781550570644,-0.36294040582217957,-146.80895031730006,China lower,False,Age-specific prevalence-rate contrasts use GBD posterior means. A positive log2 ratio means China is higher; zero means equal rates.
Female,50-54 years,2023,514.5541761887999,665.8800915032899,0.7727429949544568,-0.3719394240183875,-151.32591531448998,China lower,False,Age-specific prevalence-rate contrasts use GBD posterior means. A positive log2 ratio means China is higher; zero means equal rates.
Female,55-59 years,1990,505.77492458276,639.15619514665,0.7913166271770445,-0.337673023378126,-133.38127056389004,China lower,False,Age-specific prevalence-rate contrasts use GBD posterior means. A positive log2 ratio means China is higher; zero means equal rates.
Female,55-59 years,1991,506.87427057121,640.59556492997,0.7912547296930187,-0.3377858766695817,-133.72129435876002,China lower,False,Age-specific prevalence-rate contrasts use GBD posterior means. A positive log2 ratio means China is higher; zero means equal rates.
Female,55-59 years,1992,507.71434371114,641.7097358587899,0.7911900277337602,-0.3379038525993851,-133.99539214764997,China lower,False,Age-specific prevalence-rate contrasts use GBD posterior means. A positive log2 ratio means China is higher; zero means equal rates.
Female,55-59 years,1993,508.22344473835,642.49016195533,0.7910213647344299,-0.3382114338426948,-134.26671721698,China lower,False,Age-specific prevalence-rate contrasts use GBD posterior means. A positive log2 ratio means China is higher; zero means equal rates.
Female,55-59 years,1994,508.420286876,642.93688766378,0.7907779078027878,-0.3386555282569755,-134.51660078778002,China lower,False,Age-specific prevalence-rate contrasts use GBD posterior means. A positive log2 ratio means China is higher; zero means equal rates.
Female,55-59 years,1995,508.22734081618006,643.06611039604,0.7903189619231872,-0.33949307208595925,-134.83876957985996,China lower,False,Age-specific prevalence-rate contrasts use GBD posterior means. A positive log2 ratio means China is higher; zero means equal rates.
Female,55-59 years,1996,507.64923705168,642.5634965056901,0.7900374668220584,-0.34000702144996486,-134.91425945401005,China lower,False,Age-specific prevalence-rate contrasts use GBD posterior means. A positive log2 ratio means China is higher; zero means equal rates.
Female,55-59 years,1997,506.76742709386,641.3965312686,0.7901000432470988,-0.33989275456172985,-134.62910417474,China lower,False,Age-specific prevalence-rate contrasts use GBD posterior means. A positive log2 ratio means China is higher; zero means equal rates.
Female,55-59 years,1998,505.94832001903,639.9895955554999,0.7905571020726917,-0.33905842243422496,-134.04127553646993,China lower,False,Age-specific prevalence-rate contrasts use GBD posterior means. A positive log2 ratio means China is higher; zero means equal rates.
Female,55-59 years,1999,505.43174328415,638.73619888572,0.791299669825946,-0.33770393963544465,-133.30445560157,China lower,False,Age-specific prevalence-rate contrasts use GBD posterior means. A positive log2 ratio means China is higher; zero means equal rates.
Female,55-59 years,2000,505.6000885226901,638.0540860085,0.7924094518155858,-0.3356820061716396,-132.4539974858099,China lower,False,Age-specific prevalence-rate contrasts use GBD posterior means. A positive log2 ratio means China is higher; zero means equal rates.
Female,55-59 years,2001,506.04213406472,637.8178280270699,0.7933960322652549,-0.33388691223345235,-131.77569396234992,China lower,False,Age-specific prevalence-rate contrasts use GBD posterior means. A positive log2 ratio means China is higher; zero means equal rates.
Female,55-59 years,2002,506.69059695665,637.61348692313,0.7946673138953474,-0.33157708989604673,-130.92288996648006,China lower,False,Age-specific prevalence-rate contrasts use GBD posterior means. A positive log2 ratio means China is higher; zero means equal rates.
Female,55-59 years,2003,508.01273107084,637.43527571577,0.7969636297589545,-0.32741420801623433,-129.42254464492999,China lower,False,Age-specific prevalence-rate contrasts use GBD posterior means. A positive log2 ratio means China is higher; zero means equal rates.
Female,55-59 years,2004,509.6805297561,637.28036777,0.799774409400994,-0.3223349753058787,-127.59983801390001,China lower,False,Age-specific prevalence-rate contrasts use GBD posterior means. A positive log2 ratio means China is higher; zero means equal rates.
Female,55-59 years,2005,510.62741116487,637.14393513523,0.8014318005812806,-0.31934833826230596,-126.51652397035997,China lower,False,Age-specific prevalence-rate contrasts use GBD posterior means. A positive log2 ratio means China is higher; zero means equal rates.
Female,55-59 years,2006,511.32120400434,636.95651085467,0.8027568527688771,-0.3169650192546266,-125.63530685032998,China lower,False,Age-specific prevalence-rate contrasts use GBD posterior means. A positive log2 ratio means China is higher; zero means equal rates.
Female,55-59 years,2007,512.2818237988,636.65674453603,0.8046436768248336,-0.3135780439380208,-124.37492073723001,China lower,False,Age-specific prevalence-rate contrasts use GBD posterior means. A positive log2 ratio means China is higher; zero means equal rates.
Female,55-59 years,2008,512.7864748643,636.23608799157,0.805968860526337,-0.31120399513173336,-123.44961312727003,China lower,False,Age-specific prevalence-rate contrasts use GBD posterior means. A positive log2 ratio means China is higher; zero means equal rates.
Female,55-59 years,2009,512.95739492295,635.67776784852,0.8069456269629774,-0.30945662876179164,-122.72037292557002,China lower,False,Age-specific prevalence-rate contrasts use GBD posterior means. A positive log2 ratio means China is higher; zero means equal rates.
Female,55-59 years,2010,513.26096173508,634.9752538206,0.8083164794955804,-0.3070078340832065,-121.71429208552001,China lower,False,Age-specific prevalence-rate contrasts use GBD posterior means. A positive log2 ratio means China is higher; zero means equal rates.
Female,55-59 years,2011,513.8382538697699,633.1624705289399,0.811542499416481,-0.30126144608834743,-119.32421665917002,China lower,False,Age-specific prevalence-rate contrasts use GBD posterior means. A positive log2 ratio means China is higher; zero means equal rates.
Female,55-59 years,2012,514.40844865447,629.91859146466,0.8166268715111095,-0.29225105394935164,-115.51014281019002,China lower,False,Age-specific prevalence-rate contrasts use GBD posterior means. A positive log2 ratio means China is higher; zero means equal rates.
Female,55-59 years,2013,514.83144394975,626.20880631792,0.822140217057847,-0.28254362652471526,-111.37736236817,China lower,False,Age-specific prevalence-rate contrasts use GBD posterior means. A positive log2 ratio means China is higher; zero means equal rates.
Female,55-59 years,2014,515.13718912616,623.00137744763,0.8268636439242268,-0.27427865721239586,-107.86418832147001,China lower,False,Age-specific prevalence-rate contrasts use GBD posterior means. A positive log2 ratio means China is higher; zero means equal rates.
Female,55-59 years,2015,515.19367763272,621.26046372376,0.8292716303637148,-0.27008335674777223,-106.06678609104006,China lower,False,Age-specific prevalence-rate contrasts use GBD posterior means. A positive log2 ratio means China is higher; zero means equal rates.
Female,55-59 years,2016,515.09329572278,620.73263464878,0.8298150716922232,-0.26913823418519434,-105.63933892600005,China lower,False,Age-specific prevalence-rate contrasts use GBD posterior means. A positive log2 ratio means China is higher; zero means equal rates.
Female,55-59 years,2017,515.13292709829,620.43478493702,0.8302773145618856,-0.26833481442554175,-105.30185783873003,China lower,False,Age-specific prevalence-rate contrasts use GBD posterior means. A positive log2 ratio means China is higher; zero means equal rates.
Female,55-59 years,2018,515.50904489413,620.22835900669,0.8311600677526737,-0.26680175180870674,-104.71931411255991,China lower,False,Age-specific prevalence-rate contrasts use GBD posterior means. A positive log2 ratio means China is higher; zero means equal rates.
Female,55-59 years,2019,515.93593420721,619.97673031004,0.832185965994561,-0.2650221359456553,-104.04079610282997,China lower,False,Age-specific prevalence-rate contrasts use GBD posterior means. A positive log2 ratio means China is higher; zero means equal rates.
Female,55-59 years,2020,516.2000990653801,619.54398007266,0.8331936322016077,-0.26327628146447657,-103.34388100727995,China lower,False,Age-specific prevalence-rate contrasts use GBD posterior means. A positive log2 ratio means China is higher; zero means equal rates.
Female,55-59 years,2021,515.8600013759,616.4104175218,0.8368774873238674,-0.2569116565406596,-100.55041614590004,China lower,False,Age-specific prevalence-rate contrasts use GBD posterior means. A positive log2 ratio means China is higher; zero means equal rates.
Female,55-59 years,2022,515.4297315543499,613.4968307387101,0.8401506018111328,-0.2512801324587773,-98.06709918436013,China lower,False,Age-specific prevalence-rate contrasts use GBD posterior means. A positive log2 ratio means China is higher; zero means equal rates.
Female,55-59 years,2023,516.5745396659199,618.67484055003,0.8349693664715082,-0.2602048262232411,-102.10030088411008,China lower,False,Age-specific prevalence-rate contrasts use GBD posterior means. A positive log2 ratio means China is higher; zero means equal rates.
Female,60-64 years,1990,495.39634507187,578.89403493399,0.8557634302249442,-0.2247160660315839,-83.49768986212007,China lower,False,Age-specific prevalence-rate contrasts use GBD posterior means. A positive log2 ratio means China is higher; zero means equal rates.
Female,60-64 years,1991,497.4337513831,580.29949981914,0.8572017579510813,-0.22229328618798985,-82.86574843604001,China lower,False,Age-specific prevalence-rate contrasts use GBD posterior means. A positive log2 ratio means China is higher; zero means equal rates.
Female,60-64 years,1992,499.05763732137,581.39738698418,0.8583761270584271,-0.22031814210764275,-82.33974966281,China lower,False,Age-specific prevalence-rate contrasts use GBD posterior means. A positive log2 ratio means China is higher; zero means equal rates.
Female,60-64 years,1993,500.193160469,582.1851319477399,0.8591651229490691,-0.21899266530902178,-81.99197147873991,China lower,False,Age-specific prevalence-rate contrasts use GBD posterior means. A positive log2 ratio means China is higher; zero means equal rates.
Female,60-64 years,1994,500.76683255059,582.65648499345,0.8594546623062462,-0.21850655779149245,-81.88965244286004,China lower,False,Age-specific prevalence-rate contrasts use GBD posterior means. A positive log2 ratio means China is higher; zero means equal rates.
Female,60-64 years,1995,500.71923260362,582.7975951829601,0.8591648914515976,-0.21899305403557762,-82.07836257934008,China lower,False,Age-specific prevalence-rate contrasts use GBD posterior means. A positive log2 ratio means China is higher; zero means equal rates.
Female,60-64 years,1996,500.06195661536,582.4026697487201,0.8586189291184287,-0.21991011608688435,-82.34071313336011,China lower,False,Age-specific prevalence-rate contrasts use GBD posterior means. A positive log2 ratio means China is higher; zero means equal rates.
Female,60-64 years,1997,498.84336552973,581.47733016679,0.8578896195087135,-0.22113605978680248,-82.63396463705999,China lower,False,Age-specific prevalence-rate contrasts use GBD posterior means. A positive log2 ratio means China is higher; zero means equal rates.
Female,60-64 years,1998,497.3710464623,580.32393094524,0.8570576189270273,-0.22253589668030654,-82.95288448294002,China lower,False,Age-specific prevalence-rate contrasts use GBD posterior means. A positive log2 ratio means China is higher; zero means equal rates.
Female,60-64 years,1999,496.05775778704,579.25380155563,0.8563737630289853,-0.22368749875268995,-83.19604376859007,China lower,False,Age-specific prevalence-rate contrasts use GBD posterior means. A positive log2 ratio means China is higher; zero means equal rates.
Female,60-64 years,2000,495.20874798602,578.59384154061,0.8558831989421763,-0.2245141671913185,-83.38509355459001,China lower,False,Age-specific prevalence-rate contrasts use GBD posterior means. A positive log2 ratio means China is higher; zero means equal rates.
Female,60-64 years,2001,495.03593699356,578.1300289493599,0.8562709290385634,-0.2238607490349953,-83.09409195579997,China lower,False,Age-specific prevalence-rate contrasts use GBD posterior means. A positive log2 ratio means China is higher; zero means equal rates.
Female,60-64 years,2002,495.2759161164501,577.52231550268,0.8575874954465751,-0.22164422499272318,-82.24639938622994,China lower,False,Age-specific prevalence-rate contrasts use GBD posterior means. A positive log2 ratio means China is higher; zero means equal rates.
Female,60-64 years,2003,495.83727598001,576.89883339069,0.8594873958502476,-0.21845161176072533,-81.06155741068,China lower,False,Age-specific prevalence-rate contrasts use GBD posterior means. A positive log2 ratio means China is higher; zero means equal rates.
Female,60-64 years,2004,496.52437928549,576.3557930555301,0.861489353049066,-0.21509512826677307,-79.83141377004006,China lower,False,Age-specific prevalence-rate contrasts use GBD posterior means. A positive log2 ratio means China is higher; zero means equal rates.
Female,60-64 years,2005,497.28327363976,576.00988977741,0.8633241936730068,-0.21202567595113112,-78.72661613764996,China lower,False,Age-specific prevalence-rate contrasts use GBD posterior means. A positive log2 ratio means China is higher; zero means equal rates.
Female,60-64 years,2006,497.85630309894,575.72667068996,0.8647442066602561,-0.20965465156873794,-77.87036759102,China lower,False,Age-specific prevalence-rate contrasts use GBD posterior means. A positive log2 ratio means China is higher; zero means equal rates.
Female,60-64 years,2007,498.73649927514,575.31646883255,0.8668907050187379,-0.20607798064084218,-76.57996955740998,China lower,False,Age-specific prevalence-rate contrasts use GBD posterior means. A positive log2 ratio means China is higher; zero means equal rates.
Female,60-64 years,2008,500.69812980348,574.81571415625,0.8710585279291392,-0.19915843563119834,-74.11758435277,China lower,False,Age-specific prevalence-rate contrasts use GBD posterior means. A positive log2 ratio means China is higher; zero means equal rates.
Female,60-64 years,2009,503.03073632769,574.26516500656,0.875955511461232,-0.19107049563639453,-71.23442867886996,China lower,False,Age-specific prevalence-rate contrasts use GBD posterior means. A positive log2 ratio means China is higher; zero means equal rates.
Female,60-64 years,2010,504.30168826273,573.70511205354,0.8790259624105754,-0.1860223182697137,-69.40342379081,China lower,False,Age-specific prevalence-rate contrasts use GBD posterior means. A positive log2 ratio means China is higher; zero means equal rates.
Female,60-64 years,2011,504.72148353859,572.5419020848,0.8815450567037013,-0.18189378578232276,-67.82041854620996,China lower,False,Age-specific prevalence-rate contrasts use GBD posterior means. A positive log2 ratio means China is higher; zero means equal rates.
Female,60-64 years,2012,504.99918635007,570.55767982315,0.8850975181099998,-0.1760916779482114,-65.55849347308003,China lower,False,Age-specific prevalence-rate contrasts use GBD posterior means. A positive log2 ratio means China is higher; zero means equal rates.
Female,60-64 years,2013,504.49121465701,568.3310340701399,0.8876714175611053,-0.17190235072294302,-63.83981941312993,China lower,False,Age-specific prevalence-rate contrasts use GBD posterior means. A positive log2 ratio means China is higher; zero means equal rates.
Female,60-64 years,2014,503.7595310453201,566.4339458686101,0.8893526504186104,-0.16917249796124545,-62.674414823289965,China lower,False,Age-specific prevalence-rate contrasts use GBD posterior means. A positive log2 ratio means China is higher; zero means equal rates.
Female,60-64 years,2015,503.65117586614,565.4462015033799,0.8907145799672146,-0.16696488539957968,-61.79502563723992,China lower,False,Age-specific prevalence-rate contrasts use GBD posterior means. A positive log2 ratio means China is higher; zero means equal rates.
Female,60-64 years,2016,504.57958277621,565.29004326657,0.8926029898925157,-0.1639094557904456,-60.71046049036005,China lower,False,Age-specific prevalence-rate contrasts use GBD posterior means. A positive log2 ratio means China is higher; zero means equal rates.
Female,60-64 years,2017,505.96906475228,565.3843925697801,0.8949116236699672,-0.16018287774896137,-59.41532781750004,China lower,False,Age-specific prevalence-rate contrasts use GBD posterior means. A positive log2 ratio means China is higher; zero means equal rates.
Female,60-64 years,2018,507.34777543362,565.55668895819,0.8970767835284621,-0.15669661980435842,-58.208913524569994,China lower,False,Age-specific prevalence-rate contrasts use GBD posterior means. A positive log2 ratio means China is higher; zero means equal rates.
Female,60-64 years,2019,508.4419868742201,565.63704720827,0.8988838149545915,-0.1537934423525203,-57.19506033404991,China lower,False,Age-specific prevalence-rate contrasts use GBD posterior means. A positive log2 ratio means China is higher; zero means equal rates.
Female,60-64 years,2020,508.8386971763,565.45140986081,0.8998804995491201,-0.15219466472788235,-56.61271268451003,China lower,False,Age-specific prevalence-rate contrasts use GBD posterior means. A positive log2 ratio means China is higher; zero means equal rates.
Female,60-64 years,2021,508.2159387123,562.4108113258001,0.9036382809111658,-0.14618270583976978,-54.19487261350008,China lower,False,Age-specific prevalence-rate contrasts use GBD posterior means. A positive log2 ratio means China is higher; zero means equal rates.
Female,60-64 years,2022,507.56230894273,559.4226805388901,0.9072966231075881,-0.14035380573677447,-51.860371596160064,China lower,False,Age-specific prevalence-rate contrasts use GBD posterior means. A positive log2 ratio means China is higher; zero means equal rates.
Female,60-64 years,2023,508.27819477779,563.32210231218,0.9022869734589501,-0.1483417375263307,-55.04390753439003,China lower,False,Age-specific prevalence-rate contrasts use GBD posterior means. A positive log2 ratio means China is higher; zero means equal rates.
Female,65-69 years,1990,455.68596247416,493.74392808808,0.9229196280726094,-0.1157230778177659,-38.057965613919976,China lower,False,Age-specific prevalence-rate contrasts use GBD posterior means. A positive log2 ratio means China is higher; zero means equal rates.
Female,65-69 years,1991,457.6413402461,494.88588100804,0.924741153079421,-0.11287850161378744,-37.24454076193996,China lower,False,Age-specific prevalence-rate contrasts use GBD posterior means. A positive log2 ratio means China is higher; zero means equal rates.
Female,65-69 years,1992,459.30771782816,495.78733363792,0.9264208394714626,-0.11026038833916238,-36.47961580976005,China lower,False,Age-specific prevalence-rate contrasts use GBD posterior means. A positive log2 ratio means China is higher; zero means equal rates.
Female,65-69 years,1993,460.69563150954,496.43581712314,0.9280064322902497,-0.10779328974886397,-35.74018561359998,China lower,False,Age-specific prevalence-rate contrasts use GBD posterior means. A positive log2 ratio means China is higher; zero means equal rates.
Female,65-69 years,1994,461.71526831707,496.83148805688,0.9293196575016806,-0.10575317000227867,-35.11621973980999,China lower,False,Age-specific prevalence-rate contrasts use GBD posterior means. A positive log2 ratio means China is higher; zero means equal rates.
Female,65-69 years,1995,462.3136326119,496.96757554722,0.9302692074082259,-0.10427982168732423,-34.65394293532,China lower,False,Age-specific prevalence-rate contrasts use GBD posterior means. A positive log2 ratio means China is higher; zero means equal rates.
Female,65-69 years,1996,462.15088692945,496.69962300151,0.9304434018627089,-0.1040096999338466,-34.548736072060024,China lower,False,Age-specific prevalence-rate contrasts use GBD posterior means. A positive log2 ratio means China is higher; zero means equal rates.
Female,65-69 years,1997,461.35549473787006,496.0314651907301,0.9300932039875198,-0.10455279996449687,-34.67597045286004,China lower,False,Age-specific prevalence-rate contrasts use GBD posterior means. A positive log2 ratio means China is higher; zero means equal rates.
Female,65-69 years,1998,460.25759452512,495.18447744243,0.9294669269567913,-0.10552456396995225,-34.926882917310024,China lower,False,Age-specific prevalence-rate contrasts use GBD posterior means. A positive log2 ratio means China is higher; zero means equal rates.
Female,65-69 years,1999,459.16911355939,494.38019871325,0.9287773150188745,-0.10659535945115976,-35.21108515386004,China lower,False,Age-specific prevalence-rate contrasts use GBD posterior means. A positive log2 ratio means China is higher; zero means equal rates.
Female,65-69 years,2000,458.41632022530007,493.83544625704,0.9282774731943717,-0.10737198633737782,-35.41912603173995,China lower,False,Age-specific prevalence-rate contrasts use GBD posterior means. A positive log2 ratio means China is higher; zero means equal rates.
Female,65-69 years,2001,458.2934403365,493.33857244323,0.9289633244504457,-0.10630645487569673,-35.04513210673002,China lower,False,Age-specific prevalence-rate contrasts use GBD posterior means. A positive log2 ratio means China is higher; zero means equal rates.
Female,65-69 years,2002,458.54412134679,492.63389372839,0.9308010008738962,-0.10345533283873959,-34.08977238159997,China lower,False,Age-specific prevalence-rate contrasts use GBD posterior means. A positive log2 ratio means China is higher; zero means equal rates.
Female,65-69 years,2003,458.93680021963,491.86435193149,0.9330556248230685,-0.09996500388077695,-32.92755171185996,China lower,False,Age-specific prevalence-rate contrasts use GBD posterior means. A positive log2 ratio means China is higher; zero means equal rates.
Female,65-69 years,2004,459.34032492732007,491.18278218826,0.9351718781365277,-0.09669654812619986,-31.84245726093991,China lower,False,Age-specific prevalence-rate contrasts use GBD posterior means. A positive log2 ratio means China is higher; zero means equal rates.
Female,65-69 years,2005,459.50375406394,490.7500185436001,0.9363295704554638,-0.09491167408114183,-31.246264479660113,China lower,False,Age-specific prevalence-rate contrasts use GBD posterior means. A positive log2 ratio means China is higher; zero means equal rates.
Female,65-69 years,2006,459.8999182346501,490.40369036206,0.9377986488949762,-0.09264989434635292,-30.50377212740989,China lower,False,Age-specific prevalence-rate contrasts use GBD posterior means. A positive log2 ratio means China is higher; zero means equal rates.
Female,65-69 years,2007,460.77901793755,489.93014686911,0.9404994178907957,-0.088501044074907,-29.15112893155998,China lower,False,Age-specific prevalence-rate contrasts use GBD posterior means. A positive log2 ratio means China is higher; zero means equal rates.
Female,65-69 years,2008,461.88756466152006,489.41373902589,0.943756841769181,-0.08351289670062542,-27.526174364369922,China lower,False,Age-specific prevalence-rate contrasts use GBD posterior means. A positive log2 ratio means China is higher; zero means equal rates.
Female,65-69 years,2009,462.90724323452,488.91217900389006,0.9468106198083417,-0.07885220687682731,-26.004935769370036,China lower,False,Age-specific prevalence-rate contrasts use GBD posterior means. A positive log2 ratio means China is higher; zero means equal rates.
Female,65-69 years,2010,463.66222651378,488.50129554452,0.9491525012169056,-0.07528818986059212,-24.839069030740006,China lower,False,Age-specific prevalence-rate contrasts use GBD posterior means. A positive log2 ratio means China is higher; zero means equal rates.
Female,65-69 years,2011,463.54109033585,487.84118584927,0.9501885117159253,-0.07371433098290907,-24.30009551341999,China lower,False,Age-specific prevalence-rate contrasts use GBD posterior means. A positive log2 ratio means China is higher; zero means equal rates.
Female,65-69 years,2012,463.1223916138,486.74419610535,0.9514697767727726,-0.07177026454944362,-23.621804491549995,China lower,False,Age-specific prevalence-rate contrasts use GBD posterior means. A positive log2 ratio means China is higher; zero means equal rates.
Female,65-69 years,2013,463.75797092311,485.52817111323,0.9551618186433863,-0.06618292699777578,-21.770200190119965,China lower,False,Age-specific prevalence-rate contrasts use GBD posterior means. A positive log2 ratio means China is higher; zero means equal rates.
Female,65-69 years,2014,465.04140187357,484.51285392491,0.9598123106670815,-0.059175777536059675,-19.47145205134001,China lower,False,Age-specific prevalence-rate contrasts use GBD posterior means. A positive log2 ratio means China is higher; zero means equal rates.
Female,65-69 years,2015,465.9182128972601,484.01461184388,0.9626118747165903,-0.05497387448394421,-18.0963989466199,China lower,False,Age-specific prevalence-rate contrasts use GBD posterior means. A positive log2 ratio means China is higher; zero means equal rates.
Female,65-69 years,2016,466.96202695916,484.0720238983501,0.9646540264785411,-0.051916482848961484,-17.10999693919007,China lower,False,Age-specific prevalence-rate contrasts use GBD posterior means. A positive log2 ratio means China is higher; zero means equal rates.
Female,65-69 years,2017,468.7378531225,484.39789878191,0.9676711114998857,-0.047411301966245455,-15.660045659410002,China lower,False,Age-specific prevalence-rate contrasts use GBD posterior means. A positive log2 ratio means China is higher; zero means equal rates.
Female,65-69 years,2018,469.98593833854,484.79891514198,0.9694451114868897,-0.044768877449939834,-14.812976803439994,China lower,False,Age-specific prevalence-rate contrasts use GBD posterior means. A positive log2 ratio means China is higher; zero means equal rates.
Female,65-69 years,2019,470.78150762528,485.07874269363,0.9705259500984155,-0.04316130639172362,-14.297235068349949,China lower,False,Age-specific prevalence-rate contrasts use GBD posterior means. A positive log2 ratio means China is higher; zero means equal rates.
Female,65-69 years,2020,471.49175103538,485.04904200453,0.9720496490146178,-0.04089809118194932,-13.557290969150017,China lower,False,Age-specific prevalence-rate contrasts use GBD posterior means. A positive log2 ratio means China is higher; zero means equal rates.
Female,65-69 years,2021,472.22713880556,482.41817529606,0.9788750983848282,-0.030803307005780756,-10.191036490499982,China lower,False,Age-specific prevalence-rate contrasts use GBD posterior means. A positive log2 ratio means China is higher; zero means equal rates.
Female,65-69 years,2022,472.6807179177901,479.72956617956,0.9853066211492757,-0.02135534293315423,-7.0488482617698764,China lower,False,Age-specific prevalence-rate contrasts use GBD posterior means. A positive log2 ratio means China is higher; zero means equal rates.
Female,65-69 years,2023,472.95595254527,482.30941364637,0.9806069281742074,-0.028253140313262176,-9.353461101099981,China lower,False,Age-specific prevalence-rate contrasts use GBD posterior means. A positive log2 ratio means China is higher; zero means equal rates.
Female,70-74 years,1990,391.24709101955,391.21752746064,1.0000755680838278,0.00010901758071489217,0.029563558910012944,China higher,False,Age-specific prevalence-rate contrasts use GBD posterior means. A positive log2 ratio means China is higher; zero means equal rates.
Female,70-74 years,1991,393.06067163255005,391.99826524279,1.002710232375906,0.0039047498056207727,1.0624063897600422,China higher,False,Age-specific prevalence-rate contrasts use GBD posterior means. A positive log2 ratio means China is higher; zero means equal rates.
Female,70-74 years,1992,394.6295769406,392.61925765764,1.0051202768171728,0.007368150543538888,2.0103192829599834,China higher,False,Age-specific prevalence-rate contrasts use GBD posterior means. A positive log2 ratio means China is higher; zero means equal rates.
Female,70-74 years,1993,395.73664861146005,393.07287598187,1.0067767907488812,0.009743863509184771,2.663772629590028,China higher,False,Age-specific prevalence-rate contrasts use GBD posterior means. A positive log2 ratio means China is higher; zero means equal rates.
Female,70-74 years,1994,396.4577605524,393.35691222386,1.0078830401403378,0.011328230901607783,3.100848328539996,China higher,False,Age-specific prevalence-rate contrasts use GBD posterior means. A positive log2 ratio means China is higher; zero means equal rates.
Female,70-74 years,1995,396.75960037788,393.45828741928,1.0083905030448173,0.012054436166424749,3.301312958600022,China higher,False,Age-specific prevalence-rate contrasts use GBD posterior means. A positive log2 ratio means China is higher; zero means equal rates.
Female,70-74 years,1996,396.56555833618,393.29114993698,1.008325660009702,0.011961662848153098,3.274408399200013,China higher,False,Age-specific prevalence-rate contrasts use GBD posterior means. A positive log2 ratio means China is higher; zero means equal rates.
Female,70-74 years,1997,395.99543495842,392.88187008138,1.0079249390571143,0.011388204232485148,3.1135648770400053,China higher,False,Age-specific prevalence-rate contrasts use GBD posterior means. A positive log2 ratio means China is higher; zero means equal rates.
Female,70-74 years,1998,395.36549736904,392.35641295661,1.0076692627240498,0.01102219506314206,3.0090844124300133,China higher,False,Age-specific prevalence-rate contrasts use GBD posterior means. A positive log2 ratio means China is higher; zero means equal rates.
Female,70-74 years,1999,394.91092823265,391.85151666687,1.0078075787272784,0.011220210548254908,3.0594115657800103,China higher,False,Age-specific prevalence-rate contrasts use GBD posterior means. A positive log2 ratio means China is higher; zero means equal rates.
Female,70-74 years,2000,394.87711037404,391.49813947899,1.0086308734430942,0.012398290909120759,3.3789708950499744,China higher,False,Age-specific prevalence-rate contrasts use GBD posterior means. A positive log2 ratio means China is higher; zero means equal rates.
Female,70-74 years,2001,395.24996273022,391.11664285694,1.010567997933015,0.015166399382416535,4.133319873279959,China higher,False,Age-specific prevalence-rate contrasts use GBD posterior means. A positive log2 ratio means China is higher; zero means equal rates.
Female,70-74 years,2002,395.9132954396701,390.52706229083,1.013792214852524,0.019761990289996437,5.38623314884012,China higher,False,Age-specific prevalence-rate contrasts use GBD posterior means. A positive log2 ratio means China is higher; zero means equal rates.
Female,70-74 years,2003,396.67309477791,389.86925934689,1.0174515822109644,0.024960142141504552,6.8038354310200475,China higher,False,Age-specific prevalence-rate contrasts use GBD posterior means. A positive log2 ratio means China is higher; zero means equal rates.
Female,70-74 years,2004,397.30082962304,389.28109202305,1.0206014054222678,0.029419533504051364,8.01973759998998,China higher,False,Age-specific prevalence-rate contrasts use GBD posterior means. A positive log2 ratio means China is higher; zero means equal rates.
Female,70-74 years,2005,397.5912358584,388.89319967425,1.0223661308334415,0.031911948275485144,8.698036184149998,China higher,False,Age-specific prevalence-rate contrasts use GBD posterior means. A positive log2 ratio means China is higher; zero means equal rates.
Female,70-74 years,2006,398.07042627166,388.5680674159,1.0244548115313585,0.03485634880262819,9.502358855760008,China higher,False,Age-specific prevalence-rate contrasts use GBD posterior means. A positive log2 ratio means China is higher; zero means equal rates.
Female,70-74 years,2007,398.99758802262,388.13357505483,1.027990397291075,0.03982678802862899,10.864012967790018,China higher,False,Age-specific prevalence-rate contrasts use GBD posterior means. A positive log2 ratio means China is higher; zero means equal rates.
Female,70-74 years,2008,400.00648646556,387.66132137198,1.0318452329726602,0.04522659637447605,12.345165093579965,China higher,False,Age-specific prevalence-rate contrasts use GBD posterior means. A positive log2 ratio means China is higher; zero means equal rates.
Female,70-74 years,2009,400.8334663072,387.23447361721,1.035118238732621,0.04979557225623273,13.598992689989984,China higher,False,Age-specific prevalence-rate contrasts use GBD posterior means. A positive log2 ratio means China is higher; zero means equal rates.
Female,70-74 years,2010,401.10940311366,386.94012324839,1.0366187919368968,0.051885452403098935,14.16927986526997,China higher,False,Age-specific prevalence-rate contrasts use GBD posterior means. A positive log2 ratio means China is higher; zero means equal rates.
Female,70-74 years,2011,400.9535437000701,386.58158200138,1.037177047143024,0.052662184636530295,14.371961698690086,China higher,False,Age-specific prevalence-rate contrasts use GBD posterior means. A positive log2 ratio means China is higher; zero means equal rates.
Female,70-74 years,2012,400.63706211575,386.01828093941,1.037870696539977,0.053626716257955745,14.618781176340008,China higher,False,Age-specific prevalence-rate contrasts use GBD posterior means. A positive log2 ratio means China is higher; zero means equal rates.
Female,70-74 years,2013,400.34699907259,385.41679575874,1.0387378118394088,0.05483154905145338,14.930203313849972,China higher,False,Age-specific prevalence-rate contrasts use GBD posterior means. A positive log2 ratio means China is higher; zero means equal rates.
Female,70-74 years,2014,400.21719289431,384.92549502146,1.0397263836005393,0.0562039159058071,15.291697872850023,China higher,False,Age-specific prevalence-rate contrasts use GBD posterior means. A positive log2 ratio means China is higher; zero means equal rates.
Female,70-74 years,2015,400.49398820736,384.70475089081,1.0410424807075789,0.05802894035270943,15.789237316550043,China higher,False,Age-specific prevalence-rate contrasts use GBD posterior means. A positive log2 ratio means China is higher; zero means equal rates.
Female,70-74 years,2016,401.0338081637401,384.84516629016,1.0420653376775801,0.05944573768190454,16.18864187358008,China higher,False,Age-specific prevalence-rate contrasts use GBD posterior means. A positive log2 ratio means China is higher; zero means equal rates.
Female,70-74 years,2017,402.16179302862,385.21116269395,1.0440034764728179,0.0621265160090843,16.950630334670052,China higher,False,Age-specific prevalence-rate contrasts use GBD posterior means. A positive log2 ratio means China is higher; zero means equal rates.
Female,70-74 years,2018,404.66739075391,385.63928207153,1.049341728311927,0.06948458206725946,19.028108682380036,China higher,False,Age-specific prevalence-rate contrasts use GBD posterior means. A positive log2 ratio means China is higher; zero means equal rates.
Female,70-74 years,2019,407.62698142173,385.96154499783,1.0561336659174734,0.078792435977378,21.66543642390002,China higher,False,Age-specific prevalence-rate contrasts use GBD posterior means. A positive log2 ratio means China is higher; zero means equal rates.
Female,70-74 years,2020,409.4646872728,386.00826879164,1.0607666217995484,0.08510728527479389,23.45641848116003,China higher,False,Age-specific prevalence-rate contrasts use GBD posterior means. A positive log2 ratio means China is higher; zero means equal rates.
Female,70-74 years,2021,410.36067472691,383.98893819354,1.068678375625701,0.09582773172507103,26.37173653337004,China higher,False,Age-specific prevalence-rate contrasts use GBD posterior means. A positive log2 ratio means China is higher; zero means equal rates.
Female,70-74 years,2022,411.11694229043,381.87476035071,1.0765753199108112,0.10644925760131733,29.242181939720012,China higher,False,Age-specific prevalence-rate contrasts use GBD posterior means. A positive log2 ratio means China is higher; zero means equal rates.
Female,70-74 years,2023,410.4043158245401,383.33638330241,1.0706114360680876,0.09843496844236001,27.067932522130093,China higher,False,Age-specific prevalence-rate contrasts use GBD posterior means. A positive log2 ratio means China is higher; zero means equal rates.
Female,75-79 years,1990,311.65385522288,285.30568998119,1.0923506476279077,0.12743603976612433,26.34816524168997,China higher,False,Age-specific prevalence-rate contrasts use GBD posterior means. A positive log2 ratio means China is higher; zero means equal rates.
Female,75-79 years,1991,312.57248187419003,285.70406368686,1.094042828234948,0.1296692160763122,26.868418187330008,China higher,False,Age-specific prevalence-rate contrasts use GBD posterior means. A positive log2 ratio means China is higher; zero means equal rates.
Female,75-79 years,1992,313.32574286738,286.02691577871,1.0954414622636082,0.13151239226203318,27.298827088669952,China higher,False,Age-specific prevalence-rate contrasts use GBD posterior means. A positive log2 ratio means China is higher; zero means equal rates.
Female,75-79 years,1993,314.05899678991,286.27747081587,1.0970440527327026,0.13362145954506657,27.781525974039994,China higher,False,Age-specific prevalence-rate contrasts use GBD posterior means. A positive log2 ratio means China is higher; zero means equal rates.
Female,75-79 years,1994,314.60171097177,286.43319915057,1.0983423426639614,0.13532779850001064,28.168511821200013,China higher,False,Age-specific prevalence-rate contrasts use GBD posterior means. A positive log2 ratio means China is higher; zero means equal rates.
Female,75-79 years,1995,314.91829615479,286.49224729806,1.0992210055414038,0.13648147868355257,28.426048856730006,China higher,False,Age-specific prevalence-rate contrasts use GBD posterior means. A positive log2 ratio means China is higher; zero means equal rates.
Female,75-79 years,1996,314.99224920829,286.43216177188003,1.099709778607738,0.13712283628845479,28.560087436409958,China higher,False,Age-specific prevalence-rate contrasts use GBD posterior means. A positive log2 ratio means China is higher; zero means equal rates.
Female,75-79 years,1997,314.84874861062,286.25571986273,1.099886314102654,0.13735441233502713,28.593028747890003,China higher,False,Age-specific prevalence-rate contrasts use GBD posterior means. A positive log2 ratio means China is higher; zero means equal rates.
Female,75-79 years,1998,314.48927980587,286.022310579,1.0995270934258372,0.1368831540514661,28.466969226869992,China higher,False,Age-specific prevalence-rate contrasts use GBD posterior means. A positive log2 ratio means China is higher; zero means equal rates.
Female,75-79 years,1999,314.17023349027,285.79483076049,1.0992859200926555,0.1365666745954759,28.375402729779978,China higher,False,Age-specific prevalence-rate contrasts use GBD posterior means. A positive log2 ratio means China is higher; zero means equal rates.
Female,75-79 years,2000,314.04622308982,285.62846934224,1.0994920212716255,0.13683713496721106,28.41775374757998,China higher,False,Age-specific prevalence-rate contrasts use GBD posterior means. A positive log2 ratio means China is higher; zero means equal rates.
Female,75-79 years,2001,314.27867227057,285.40046496416,1.1011848642574442,0.13905668539591748,28.87820730640999,China higher,False,Age-specific prevalence-rate contrasts use GBD posterior means. A positive log2 ratio means China is higher; zero means equal rates.
Female,75-79 years,2002,314.85165865179,285.02625092191,1.1046409151206618,0.14357746991839404,29.82540772988,China higher,False,Age-specific prevalence-rate contrasts use GBD posterior means. A positive log2 ratio means China is higher; zero means equal rates.
Female,75-79 years,2003,315.68396375196,284.59501790753,1.109239248364254,0.1495705694693866,31.088945844429986,China higher,False,Age-specific prevalence-rate contrasts use GBD posterior means. A positive log2 ratio means China is higher; zero means equal rates.
Female,75-79 years,2004,316.60553591431,284.20480194528,1.1140048786905028,0.15575555085315318,32.40073396903,China higher,False,Age-specific prevalence-rate contrasts use GBD posterior means. A positive log2 ratio means China is higher; zero means equal rates.
Female,75-79 years,2005,317.44171216323,283.94951831827,1.1179512261310465,0.16085724779309007,33.49219384496001,China higher,False,Age-specific prevalence-rate contrasts use GBD posterior means. A positive log2 ratio means China is higher; zero means equal rates.
Female,75-79 years,2006,318.406381757,283.71895713841,1.1222598058601634,0.16640670200442628,34.68742461859,China higher,False,Age-specific prevalence-rate contrasts use GBD posterior means. A positive log2 ratio means China is higher; zero means equal rates.
Female,75-79 years,2007,319.75663786463,283.38410060027,1.1283506632422742,0.17421549105402637,36.372537264360005,China higher,False,Age-specific prevalence-rate contrasts use GBD posterior means. A positive log2 ratio means China is higher; zero means equal rates.
Female,75-79 years,2008,321.14154072321,283.02090557828,1.1346919411025145,0.18230067164099129,38.12063514493002,China higher,False,Age-specific prevalence-rate contrasts use GBD posterior means. A positive log2 ratio means China is higher; zero means equal rates.
Female,75-79 years,2009,322.20587229549,282.70145408299,1.1397389990109605,0.1887034840884624,39.50441821250001,China higher,False,Age-specific prevalence-rate contrasts use GBD posterior means. A positive log2 ratio means China is higher; zero means equal rates.
Female,75-79 years,2010,322.62914643722,282.49414402444995,1.1420737500643425,0.19165581656470929,40.13500241277006,China higher,False,Age-specific prevalence-rate contrasts use GBD posterior means. A positive log2 ratio means China is higher; zero means equal rates.
Female,75-79 years,2011,322.62217434888,282.29436273729,1.1428573040586008,0.19264528143635745,40.32781161158999,China higher,False,Age-specific prevalence-rate contrasts use GBD posterior means. A positive log2 ratio means China is higher; zero means equal rates.
Female,75-79 years,2012,322.50953289628,282.00328605266003,1.143637499444088,0.1936298312857836,40.50624684361998,China higher,False,Age-specific prevalence-rate contrasts use GBD posterior means. A positive log2 ratio means China is higher; zero means equal rates.
Female,75-79 years,2013,322.3303786362,281.69285855177003,1.1442618044822088,0.1944171752071772,40.63752008442998,China higher,False,Age-specific prevalence-rate contrasts use GBD posterior means. A positive log2 ratio means China is higher; zero means equal rates.
Female,75-79 years,2014,322.20215163684003,281.44605459964,1.1448096229139755,0.195107704074426,40.75609703720005,China higher,False,Age-specific prevalence-rate contrasts use GBD posterior means. A positive log2 ratio means China is higher; zero means equal rates.
Female,75-79 years,2015,322.1454157522,281.34827515968,1.1450058315422957,0.1953549460215438,40.79714059252001,China higher,False,Age-specific prevalence-rate contrasts use GBD posterior means. A positive log2 ratio means China is higher; zero means equal rates.
Female,75-79 years,2016,322.61046794445,281.47128367602,1.146157660316717,0.19680550841633382,41.13918426843003,China higher,False,Age-specific prevalence-rate contrasts use GBD posterior means. A positive log2 ratio means China is higher; zero means equal rates.
Female,75-79 years,2017,323.6634534616,281.75665624805004,1.148734009593926,0.20004477930311812,41.906797213549964,China higher,False,Age-specific prevalence-rate contrasts use GBD posterior means. A positive log2 ratio means China is higher; zero means equal rates.
Female,75-79 years,2018,325.02524939918,282.08861243606,1.1522097492427217,0.20440337012004392,42.93663696312001,China higher,False,Age-specific prevalence-rate contrasts use GBD posterior means. A positive log2 ratio means China is higher; zero means equal rates.
Female,75-79 years,2019,326.36481116027,282.34095994442,1.15592442281317,0.20904707396571173,44.023851215850016,China higher,False,Age-specific prevalence-rate contrasts use GBD posterior means. A positive log2 ratio means China is higher; zero means equal rates.
Female,75-79 years,2020,327.44599365065,282.39397957286,1.1595360288697876,0.2135476478098998,45.05201407778998,China higher,False,Age-specific prevalence-rate contrasts use GBD posterior means. A positive log2 ratio means China is higher; zero means equal rates.
Female,75-79 years,2021,328.05560542855,281.04625714533,1.1672655197785156,0.22313277055367278,47.00934828321999,China higher,False,Age-specific prevalence-rate contrasts use GBD posterior means. A positive log2 ratio means China is higher; zero means equal rates.
Female,75-79 years,2022,328.29511558291,279.5857062138,1.1742199557650554,0.23170268048241355,48.709409369110006,China higher,False,Age-specific prevalence-rate contrasts use GBD posterior means. A positive log2 ratio means China is higher; zero means equal rates.
Female,75-79 years,2023,328.41333157779,280.22410300995,1.1719667510761163,0.22893164080279985,48.18922856784002,China higher,False,Age-specific prevalence-rate contrasts use GBD posterior means. A positive log2 ratio means China is higher; zero means equal rates.
Female,80-84 years,1990,227.56392389304,189.70492710722,1.1995678096669695,0.2625147132004674,37.85899678582001,China higher,False,Age-specific prevalence-rate contrasts use GBD posterior means. A positive log2 ratio means China is higher; zero means equal rates.
Female,80-84 years,1991,228.32233665984,189.80644676598,1.202921926784435,0.2665430103477023,38.51588989385999,China higher,False,Age-specific prevalence-rate contrasts use GBD posterior means. A positive log2 ratio means China is higher; zero means equal rates.
Female,80-84 years,1992,229.04272052331,189.89522664719,1.2061531222627986,0.2704130703443918,39.14749387612002,China higher,False,Age-specific prevalence-rate contrasts use GBD posterior means. A positive log2 ratio means China is higher; zero means equal rates.
Female,80-84 years,1993,229.56756091199,189.96212586956,1.2084912182422385,0.2732069894920722,39.60543504243,China higher,False,Age-specific prevalence-rate contrasts use GBD posterior means. A positive log2 ratio means China is higher; zero means equal rates.
Female,80-84 years,1994,229.90937588837,190.0102653526,1.2099839735591635,0.27498793888843204,39.899110535770006,China higher,False,Age-specific prevalence-rate contrasts use GBD posterior means. A positive log2 ratio means China is higher; zero means equal rates.
Female,80-84 years,1995,230.00418037168,190.03614827764,1.2103180497830723,0.2753862115915284,39.96803209404001,China higher,False,Age-specific prevalence-rate contrasts use GBD posterior means. A positive log2 ratio means China is higher; zero means equal rates.
Female,80-84 years,1996,229.92398765321,190.03976257372,1.2098730525619246,0.27485567886560275,39.884225079489994,China higher,False,Age-specific prevalence-rate contrasts use GBD posterior means. A positive log2 ratio means China is higher; zero means equal rates.
Female,80-84 years,1997,229.80520216377,190.02801736412,1.2093227375173388,0.2741993146286106,39.77718479965,China higher,False,Age-specific prevalence-rate contrasts use GBD posterior means. A positive log2 ratio means China is higher; zero means equal rates.
Female,80-84 years,1998,229.81406946288,190.01044591094,1.2094812385767275,0.2743883904652167,39.80362355194001,China higher,False,Age-specific prevalence-rate contrasts use GBD posterior means. A positive log2 ratio means China is higher; zero means equal rates.
Female,80-84 years,1999,229.86555966345003,189.97927355918,1.2099507243975494,0.2749482945123933,39.88628610427003,China higher,False,Age-specific prevalence-rate contrasts use GBD posterior means. A positive log2 ratio means China is higher; zero means equal rates.
Female,80-84 years,2000,229.97603362557,189.94226193966,1.210768110672641,0.2759225829372185,40.03377168591001,China higher,False,Age-specific prevalence-rate contrasts use GBD posterior means. A positive log2 ratio means China is higher; zero means equal rates.
Female,80-84 years,2001,230.27579310604,189.85747009282,1.2128877151552677,0.27844599704804407,40.418323013220004,China higher,False,Age-specific prevalence-rate contrasts use GBD posterior means. A positive log2 ratio means China is higher; zero means equal rates.
Female,80-84 years,2002,230.78246955901,189.69597686283,1.2165912708095534,0.2828445578471741,41.08649269617999,China higher,False,Age-specific prevalence-rate contrasts use GBD posterior means. A positive log2 ratio means China is higher; zero means equal rates.
Female,80-84 years,2003,231.32322576615,189.50359947739,1.2206798520138378,0.2876848739740931,41.81962628875999,China higher,False,Age-specific prevalence-rate contrasts use GBD posterior means. A positive log2 ratio means China is higher; zero means equal rates.
Female,80-84 years,2004,231.89750165893,189.32517358789,1.2248635364450187,0.292621025749735,42.572328071040005,China higher,False,Age-specific prevalence-rate contrasts use GBD posterior means. A positive log2 ratio means China is higher; zero means equal rates.
Female,80-84 years,2005,232.40870844161,189.20170000101,1.2283648003182284,0.2967390765489185,43.20700844059999,China higher,False,Age-specific prevalence-rate contrasts use GBD posterior means. A positive log2 ratio means China is higher; zero means equal rates.
Female,80-84 years,2006,233.19677833622,189.05650951561,1.233476588210074,0.3027303330731694,44.140268820610004,China higher,False,Age-specific prevalence-rate contrasts use GBD posterior means. A positive log2 ratio means China is higher; zero means equal rates.
Female,80-84 years,2007,234.46145856034,188.83107660201,1.2416465699367,0.3122545742330011,45.63038195832999,China higher,False,Age-specific prevalence-rate contrasts use GBD posterior means. A positive log2 ratio means China is higher; zero means equal rates.
Female,80-84 years,2008,235.94772081753,188.57674600176,1.2512026313961737,0.32331545188371685,47.37097481577001,China higher,False,Age-specific prevalence-rate contrasts use GBD posterior means. A positive log2 ratio means China is higher; zero means equal rates.
Female,80-84 years,2009,237.33784908837004,188.35281083576,1.2600706516417428,0.3335046273089755,48.985038252610025,China higher,False,Age-specific prevalence-rate contrasts use GBD posterior means. A positive log2 ratio means China is higher; zero means equal rates.
Female,80-84 years,2010,238.33540291105,188.21291243364,1.2663073953285864,0.3406276605994445,50.12249047741,China higher,False,Age-specific prevalence-rate contrasts use GBD posterior means. A positive log2 ratio means China is higher; zero means equal rates.
Female,80-84 years,2011,238.92892657027,188.09342549574,1.270267293716129,0.3451321054571471,50.83550107452999,China higher,False,Age-specific prevalence-rate contrasts use GBD posterior means. A positive log2 ratio means China is higher; zero means equal rates.
Female,80-84 years,2012,239.43531137502,187.92070836963,1.2741294637101066,0.3495118766233181,51.51460300539,China higher,False,Age-specific prevalence-rate contrasts use GBD posterior means. A positive log2 ratio means China is higher; zero means equal rates.
Female,80-84 years,2013,239.83799677262,187.74179252456,1.2774885844410209,0.3533103993868405,52.09620424805999,China higher,False,Age-specific prevalence-rate contrasts use GBD posterior means. A positive log2 ratio means China is higher; zero means equal rates.
Female,80-84 years,2014,240.12521905839003,187.60013620846,1.2799842468747706,0.35612605468191605,52.525082849930044,China higher,False,Age-specific prevalence-rate contrasts use GBD posterior means. A positive log2 ratio means China is higher; zero means equal rates.
Female,80-84 years,2015,240.3001111496,187.53762508638,1.2813434692847239,0.35765724774402047,52.762486063220024,China higher,False,Age-specific prevalence-rate contrasts use GBD posterior means. A positive log2 ratio means China is higher; zero means equal rates.
Female,80-84 years,2016,240.71347225853003,187.59265862365,1.2831710687647508,0.35971351930248274,53.12081363488002,China higher,False,Age-specific prevalence-rate contrasts use GBD posterior means. A positive log2 ratio means China is higher; zero means equal rates.
Female,80-84 years,2017,241.46637108592,187.73245001072,1.286226068386854,0.3631442344830526,53.733921075200016,China higher,False,Age-specific prevalence-rate contrasts use GBD posterior means. A positive log2 ratio means China is higher; zero means equal rates.
Female,80-84 years,2018,242.33199093804,187.88892745037,1.2897619579102173,0.3671048223679244,54.44306348767,China higher,False,Age-specific prevalence-rate contrasts use GBD posterior means. A positive log2 ratio means China is higher; zero means equal rates.
Female,80-84 years,2019,243.14478584103,188.00235922237,1.2933070991595235,0.3710648875446084,55.14242661866001,China higher,False,Age-specific prevalence-rate contrasts use GBD posterior means. A positive log2 ratio means China is higher; zero means equal rates.
Female,80-84 years,2020,243.66854229705,188.01458016444,1.296008756788619,0.3740754661645395,55.65396213261002,China higher,False,Age-specific prevalence-rate contrasts use GBD posterior means. A positive log2 ratio means China is higher; zero means equal rates.
Female,80-84 years,2021,244.38700304426,187.27027530783,1.3049962288064298,0.3840456376839543,57.11672773643002,China higher,False,Age-specific prevalence-rate contrasts use GBD posterior means. A positive log2 ratio means China is higher; zero means equal rates.
Female,80-84 years,2022,244.90765991151,186.45825911182,1.3134717715273614,0.3933851951307714,58.44940079968998,China higher,False,Age-specific prevalence-rate contrasts use GBD posterior means. A positive log2 ratio means China is higher; zero means equal rates.
Female,80-84 years,2023,244.12633922459003,186.61985412094,1.3081477336617284,0.3875254785926307,57.50648510365002,China higher,False,Age-specific prevalence-rate contrasts use GBD posterior means. A positive log2 ratio means China is higher; zero means equal rates.
Female,85-89 years,1990,162.15534355601,119.60805387334,1.355722614864429,0.43906202869845995,42.54728968267,China higher,False,Age-specific prevalence-rate contrasts use GBD posterior means. A positive log2 ratio means China is higher; zero means equal rates.
Female,85-89 years,1991,162.77869434326,119.57495844389,1.361310900389258,0.444996591622989,43.20373589937002,China higher,False,Age-specific prevalence-rate contrasts use GBD posterior means. A positive log2 ratio means China is higher; zero means equal rates.
Female,85-89 years,1992,163.22495216318998,119.55144093691,1.3653114582644594,0.4492300998905344,43.673511226279984,China higher,False,Age-specific prevalence-rate contrasts use GBD posterior means. A positive log2 ratio means China is higher; zero means equal rates.
Female,85-89 years,1993,163.59485786982,119.53694896977,1.3685714691546287,0.4526707766850899,44.05790890005001,China higher,False,Age-specific prevalence-rate contrasts use GBD posterior means. A positive log2 ratio means China is higher; zero means equal rates.
Female,85-89 years,1994,163.80396681371002,119.52879805967,1.370414238850937,0.4546120464739215,44.275168754040024,China higher,False,Age-specific prevalence-rate contrasts use GBD posterior means. A positive log2 ratio means China is higher; zero means equal rates.
Female,85-89 years,1995,163.88741229925,119.52567761457,1.3711481546896696,0.45538446498152624,44.36173468468,China higher,False,Age-specific prevalence-rate contrasts use GBD posterior means. A positive log2 ratio means China is higher; zero means equal rates.
Female,85-89 years,1996,164.08745769909,119.53369793504,1.37272970328637,0.45704758024260267,44.553759764050014,China higher,False,Age-specific prevalence-rate contrasts use GBD posterior means. A positive log2 ratio means China is higher; zero means equal rates.
Female,85-89 years,1997,164.3973066677,119.55636191458,1.3750611346400599,0.4594957616782969,44.84094475312001,China higher,False,Age-specific prevalence-rate contrasts use GBD posterior means. A positive log2 ratio means China is higher; zero means equal rates.
Female,85-89 years,1998,164.6505141159,119.58140285229,1.3768906384154107,0.4614139758262843,45.06911126361,China higher,False,Age-specific prevalence-rate contrasts use GBD posterior means. A positive log2 ratio means China is higher; zero means equal rates.
Female,85-89 years,1999,164.84414511109,119.6059818344,1.3782265952159845,0.46281310206204856,45.23816327669,China higher,False,Age-specific prevalence-rate contrasts use GBD posterior means. A positive log2 ratio means China is higher; zero means equal rates.
Female,85-89 years,2000,164.91331373559998,119.62295321529,1.3786092827753482,0.4632136347539348,45.29036052030999,China higher,False,Age-specific prevalence-rate contrasts use GBD posterior means. A positive log2 ratio means China is higher; zero means equal rates.
Female,85-89 years,2001,164.96740512638,119.63535660337,1.378918488731558,0.4635371781148512,45.33204852300999,China higher,False,Age-specific prevalence-rate contrasts use GBD posterior means. A positive log2 ratio means China is higher; zero means equal rates.
Female,85-89 years,2002,165.15120965472002,119.64998403088,1.380286098593183,0.46496733239617954,45.501225623840014,China higher,False,Age-specific prevalence-rate contrasts use GBD posterior means. A positive log2 ratio means China is higher; zero means equal rates.
Female,85-89 years,2003,165.54921622427,119.66280493953,1.38346427954725,0.4682853946632097,45.88641128473999,China higher,False,Age-specific prevalence-rate contrasts use GBD posterior means. A positive log2 ratio means China is higher; zero means equal rates.
Female,85-89 years,2004,166.02180027097,119.65835212217,1.387465206786931,0.4724515937147625,46.3634481488,China higher,False,Age-specific prevalence-rate contrasts use GBD posterior means. A positive log2 ratio means China is higher; zero means equal rates.
Female,85-89 years,2005,166.51663557845,119.63316159497,1.3918936301475395,0.4770489632539921,46.88347398348,China higher,False,Age-specific prevalence-rate contrasts use GBD posterior means. A positive log2 ratio means China is higher; zero means equal rates.
Female,85-89 years,2006,167.31132767771,119.52827096513,1.39976364023972,0.48518323871160846,47.783056712580006,China higher,False,Age-specific prevalence-rate contrasts use GBD posterior means. A positive log2 ratio means China is higher; zero means equal rates.
Female,85-89 years,2007,168.49747561365,119.32242265962,1.4121191294808615,0.4978618026753098,49.17505295403001,China higher,False,Age-specific prevalence-rate contrasts use GBD posterior means. A positive log2 ratio means China is higher; zero means equal rates.
Female,85-89 years,2008,169.75054677688,119.08330164982,1.4254773291057519,0.5114450947323429,50.667245127059985,China higher,False,Age-specific prevalence-rate contrasts use GBD posterior means. A positive log2 ratio means China is higher; zero means equal rates.
Female,85-89 years,2009,170.89521830348,118.87332689085,1.4376245939545103,0.5236869948680524,52.02189141263,China higher,False,Age-specific prevalence-rate contrasts use GBD posterior means. A positive log2 ratio means China is higher; zero means equal rates.
Female,85-89 years,2010,171.70744466427,118.75396859229,1.4459091068676755,0.5319768640506022,52.95347607198002,China higher,False,Age-specific prevalence-rate contrasts use GBD posterior means. A positive log2 ratio means China is higher; zero means equal rates.
Female,85-89 years,2011,172.33396191794,118.68950048224,1.4519730997075604,0.5380147251807712,53.644461435699995,China higher,False,Age-specific prevalence-rate contrasts use GBD posterior means. A positive log2 ratio means China is higher; zero means equal rates.
Female,85-89 years,2012,173.02335283508,118.61591857139,1.4586857726936915,0.5446691341117263,54.40743426369001,China higher,False,Age-specific prevalence-rate contrasts use GBD posterior means. A positive log2 ratio means China is higher; zero means equal rates.
Female,85-89 years,2013,173.77128272858,118.54332862725,1.4658883358589487,0.5517752102669616,55.227954101329985,China higher,False,Age-specific prevalence-rate contrasts use GBD posterior means. A positive log2 ratio means China is higher; zero means equal rates.
Female,85-89 years,2014,174.51421355143998,118.48751043656002,1.4728490193477186,0.5586095483627856,56.026703114879965,China higher,False,Age-specific prevalence-rate contrasts use GBD posterior means. A positive log2 ratio means China is higher; zero means equal rates.
Female,85-89 years,2015,175.19695170669002,118.46049082451,1.478948385974786,0.5645717045008388,56.73646088218001,China higher,False,Age-specific prevalence-rate contrasts use GBD posterior means. A positive log2 ratio means China is higher; zero means equal rates.
Female,85-89 years,2016,175.86334478731,118.46447921183,1.4845238501647682,0.5700002716593833,57.398865575480016,China higher,False,Age-specific prevalence-rate contrasts use GBD posterior means. A positive log2 ratio means China is higher; zero means equal rates.
Female,85-89 years,2017,176.65417185674,118.48276961564,1.4909692981503468,0.5762505501349169,58.1714022411,China higher,False,Age-specific prevalence-rate contrasts use GBD posterior means. A positive log2 ratio means China is higher; zero means equal rates.
Female,85-89 years,2018,177.43874705685002,118.50346493185,1.4973296110699634,0.5823918405764099,58.935282125000015,China higher,False,Age-specific prevalence-rate contrasts use GBD posterior means. A positive log2 ratio means China is higher; zero means equal rates.
Female,85-89 years,2019,178.09521824329002,118.51239182018,1.5027560874268373,0.5876108642004213,59.58282642311002,China higher,False,Age-specific prevalence-rate contrasts use GBD posterior means. A positive log2 ratio means China is higher; zero means equal rates.
Female,85-89 years,2020,178.51536688708998,118.49521590989,1.506519613609063,0.5912194557218421,60.020150977199975,China higher,False,Age-specific prevalence-rate contrasts use GBD posterior means. A positive log2 ratio means China is higher; zero means equal rates.
Female,85-89 years,2021,179.19846688636,118.23973446071,1.5155520071461768,0.5998433599840077,60.95873242565,China higher,False,Age-specific prevalence-rate contrasts use GBD posterior means. A positive log2 ratio means China is higher; zero means equal rates.
Female,85-89 years,2022,179.68176192994,117.95819259455,1.5232664894039907,0.6071683576554714,61.723569335389996,China higher,False,Age-specific prevalence-rate contrasts use GBD posterior means. A positive log2 ratio means China is higher; zero means equal rates.
Female,85-89 years,2023,178.82719695217,117.89617667392,1.5168193065901912,0.601049232577093,60.93102027825,China higher,False,Age-specific prevalence-rate contrasts use GBD posterior means. A positive log2 ratio means China is higher; zero means equal rates.
Female,90-94 years,1990,113.91832192383,72.69041489633,1.567171161236301,0.6481627547828518,41.22790702750001,China higher,False,Age-specific prevalence-rate contrasts use GBD posterior means. A positive log2 ratio means China is higher; zero means equal rates.
Female,90-94 years,1991,114.29933332475,72.62726384871,1.5737799728053525,0.6542338544849561,41.672069476039994,China higher,False,Age-specific prevalence-rate contrasts use GBD posterior means. A positive log2 ratio means China is higher; zero means equal rates.
Female,90-94 years,1992,114.80866249009,72.57646572022,1.5818993299105222,0.6616577914288568,42.23219676987,China higher,False,Age-specific prevalence-rate contrasts use GBD posterior means. A positive log2 ratio means China is higher; zero means equal rates.
Female,90-94 years,1993,115.26119348436,72.53569431938999,1.589027230880849,0.6681438481100573,42.72549916497002,China higher,False,Age-specific prevalence-rate contrasts use GBD posterior means. A positive log2 ratio means China is higher; zero means equal rates.
Female,90-94 years,1994,115.85227112648,72.49783020884,1.5980101858600673,0.6762766041626183,43.354440917640005,China higher,False,Age-specific prevalence-rate contrasts use GBD posterior means. A positive log2 ratio means China is higher; zero means equal rates.
Female,90-94 years,1995,116.45802015739,72.48493742985,1.6066513166283212,0.6840568622091923,43.97308272753999,China higher,False,Age-specific prevalence-rate contrasts use GBD posterior means. A positive log2 ratio means China is higher; zero means equal rates.
Female,90-94 years,1996,116.73818324509,72.4790054251,1.6106482499367014,0.6876414577434332,44.25917781999,China higher,False,Age-specific prevalence-rate contrasts use GBD posterior means. A positive log2 ratio means China is higher; zero means equal rates.
Female,90-94 years,1997,116.94856847742,72.47856807663,1.6135606922279817,0.6902478441586435,44.47000040079,China higher,False,Age-specific prevalence-rate contrasts use GBD posterior means. A positive log2 ratio means China is higher; zero means equal rates.
Female,90-94 years,1998,117.20943478986,72.48273619620001,1.6170669174600618,0.6933793816502961,44.72669859365999,China higher,False,Age-specific prevalence-rate contrasts use GBD posterior means. A positive log2 ratio means China is higher; zero means equal rates.
Female,90-94 years,1999,117.44911611409,72.49026650701,1.6202053292593752,0.6961766580067784,44.95884960708,China higher,False,Age-specific prevalence-rate contrasts use GBD posterior means. A positive log2 ratio means China is higher; zero means equal rates.
Female,90-94 years,2000,117.63916272429,72.50726382463999,1.622446586990267,0.6981709836464896,45.13189889965001,China higher,False,Age-specific prevalence-rate contrasts use GBD posterior means. A positive log2 ratio means China is higher; zero means equal rates.
Female,90-94 years,2001,117.93676193218,72.57319940178,1.6250732075246963,0.7005047112203917,45.3635625304,China higher,False,Age-specific prevalence-rate contrasts use GBD posterior means. A positive log2 ratio means China is higher; zero means equal rates.
Female,90-94 years,2002,118.34090789473998,72.68821125581,1.6280619078417746,0.7031555598241798,45.65269663892998,China higher,False,Age-specific prevalence-rate contrasts use GBD posterior means. A positive log2 ratio means China is higher; zero means equal rates.
Female,90-94 years,2003,118.71569909627,72.81723205512,1.6303242480626912,0.7051589243032961,45.89846704115,China higher,False,Age-specific prevalence-rate contrasts use GBD posterior means. A positive log2 ratio means China is higher; zero means equal rates.
Female,90-94 years,2004,119.08966844303,72.92846435536,1.6329655299299786,0.7074943375475287,46.16120408767,China higher,False,Age-specific prevalence-rate contrasts use GBD posterior means. A positive log2 ratio means China is higher; zero means equal rates.
Female,90-94 years,2005,119.40650322577,72.95729411763,1.6366629912733515,0.7107572840157594,46.449209108139996,China higher,False,Age-specific prevalence-rate contrasts use GBD posterior means. A positive log2 ratio means China is higher; zero means equal rates.
Female,90-94 years,2006,119.90406861194,72.86518433352,1.6455604924172382,0.7185790623214156,47.03888427842,China higher,False,Age-specific prevalence-rate contrasts use GBD posterior means. A positive log2 ratio means China is higher; zero means equal rates.
Female,90-94 years,2007,120.72067122273,72.64862388338,1.6617062343330575,0.7326653569994755,48.07204733935001,China higher,False,Age-specific prevalence-rate contrasts use GBD posterior means. A positive log2 ratio means China is higher; zero means equal rates.
Female,90-94 years,2008,121.7693664704,72.39165963768,1.6820911010999784,0.7502558432541613,49.37770683272001,China higher,False,Age-specific prevalence-rate contrasts use GBD posterior means. A positive log2 ratio means China is higher; zero means equal rates.
Female,90-94 years,2009,122.79539450786,72.17186543838,1.701430242407994,0.7667480029073349,50.62352906948,China higher,False,Age-specific prevalence-rate contrasts use GBD posterior means. A positive log2 ratio means China is higher; zero means equal rates.
Female,90-94 years,2010,123.59402059682,72.05311840032,1.715318133909817,0.7784761726952417,51.5409021965,China higher,False,Age-specific prevalence-rate contrasts use GBD posterior means. A positive log2 ratio means China is higher; zero means equal rates.
Female,90-94 years,2011,124.30990611042,72.03132329372,1.725775682386469,0.7872449541228802,52.278582816699995,China higher,False,Age-specific prevalence-rate contrasts use GBD posterior means. A positive log2 ratio means China is higher; zero means equal rates.
Female,90-94 years,2012,125.06058374771,72.02686972737,1.7363045794031966,0.7960200449319236,53.03371402034,China higher,False,Age-specific prevalence-rate contrasts use GBD posterior means. A positive log2 ratio means China is higher; zero means equal rates.
Female,90-94 years,2013,125.73309155272,72.04230250827,1.745267532756697,0.8034482046854962,53.69078904445,China higher,False,Age-specific prevalence-rate contrasts use GBD posterior means. A positive log2 ratio means China is higher; zero means equal rates.
Female,90-94 years,2014,126.31112731276,72.0552272001,1.7529766017112036,0.8098067394970528,54.25590011265999,China higher,False,Age-specific prevalence-rate contrasts use GBD posterior means. A positive log2 ratio means China is higher; zero means equal rates.
Female,90-94 years,2015,126.7599922053,72.05738682111,1.7591533331620106,0.8148812379840396,54.702605384189994,China higher,False,Age-specific prevalence-rate contrasts use GBD posterior means. A positive log2 ratio means China is higher; zero means equal rates.
Female,90-94 years,2016,127.23685586901,72.02927386466,1.7664603437219533,0.8208613617064228,55.20758200435,China higher,False,Age-specific prevalence-rate contrasts use GBD posterior means. A positive log2 ratio means China is higher; zero means equal rates.
Female,90-94 years,2017,127.86948664865,71.97544895082,1.7765708795511892,0.829095248780082,55.89403769783,China higher,False,Age-specific prevalence-rate contrasts use GBD posterior means. A positive log2 ratio means China is higher; zero means equal rates.
Female,90-94 years,2018,128.61396343601,71.90377893480999,1.7886954669324833,0.8389077832843768,56.71018450120002,China higher,False,Age-specific prevalence-rate contrasts use GBD posterior means. A positive log2 ratio means China is higher; zero means equal rates.
Female,90-94 years,2019,129.37309964408,71.84862625079,1.8006342834238602,0.848505193421961,57.52447339329001,China higher,False,Age-specific prevalence-rate contrasts use GBD posterior means. A positive log2 ratio means China is higher; zero means equal rates.
Female,90-94 years,2020,130.05582491696998,71.82145665745999,1.8108213195570335,0.8566441972507118,58.23436825950999,China higher,False,Age-specific prevalence-rate contrasts use GBD posterior means. A positive log2 ratio means China is higher; zero means equal rates.
Female,90-94 years,2021,130.93007709178002,71.88458209867001,1.8213930340731919,0.8650422716420703,59.04549499311001,China higher,False,Age-specific prevalence-rate contrasts use GBD posterior means. A positive log2 ratio means China is higher; zero means equal rates.
Female,90-94 years,2022,131.58851137824,71.95441077857,1.8287761647188792,0.8708785054793544,59.63410059967002,China higher,False,Age-specific prevalence-rate contrasts use GBD posterior means. A positive log2 ratio means China is higher; zero means equal rates.
Female,90-94 years,2023,131.03766025804,71.81523997766,1.8246497581683594,0.8676195650085592,59.22242028038001,China higher,False,Age-specific prevalence-rate contrasts use GBD posterior means. A positive log2 ratio means China is higher; zero means equal rates.
Female,95+ years,1990,82.56743229833,42.805340861000005,1.928904913208092,0.9477820264226259,39.76209143733,China higher,False,Age-specific prevalence-rate contrasts use GBD posterior means. A positive log2 ratio means China is higher; zero means equal rates.
Female,95+ years,1991,82.61571151198,42.75171668423,1.9324536631403808,0.950433821260576,39.86399482775,China higher,False,Age-specific prevalence-rate contrasts use GBD posterior means. A positive log2 ratio means China is higher; zero means equal rates.
Female,95+ years,1992,82.60960687216,42.70907237401,1.9342402510814285,0.9517670024242577,39.90053449815,China higher,False,Age-specific prevalence-rate contrasts use GBD posterior means. A positive log2 ratio means China is higher; zero means equal rates.
Female,95+ years,1993,82.60438022168,42.66761170836,1.9359972802390313,0.9530769258622915,39.936768513320004,China higher,False,Age-specific prevalence-rate contrasts use GBD posterior means. A positive log2 ratio means China is higher; zero means equal rates.
Female,95+ years,1994,82.59907136997,42.64166359501,1.9370508654272083,0.9538618384719276,39.957407774960004,China higher,False,Age-specific prevalence-rate contrasts use GBD posterior means. A positive log2 ratio means China is higher; zero means equal rates.
Female,95+ years,1995,82.51385159913,42.62053786012,1.936011503889024,0.9530875252128881,39.893313739010004,China higher,False,Age-specific prevalence-rate contrasts use GBD posterior means. A positive log2 ratio means China is higher; zero means equal rates.
Female,95+ years,1996,82.76546920948,42.60291795699,1.9427183202107499,0.9580767359749555,40.162551252490005,China higher,False,Age-specific prevalence-rate contrasts use GBD posterior means. A positive log2 ratio means China is higher; zero means equal rates.
Female,95+ years,1997,83.17267542268999,42.57490521235,1.9535610239846999,0.9661063221328156,40.597770210339995,China higher,False,Age-specific prevalence-rate contrasts use GBD posterior means. A positive log2 ratio means China is higher; zero means equal rates.
Female,95+ years,1998,83.54168546937,42.55389166712,1.9631973057336123,0.9732051741789489,40.987793802249996,China higher,False,Age-specific prevalence-rate contrasts use GBD posterior means. A positive log2 ratio means China is higher; zero means equal rates.
Female,95+ years,1999,83.99342823874,42.53924064807,1.974492890778735,0.9814821733405619,41.454187590669996,China higher,False,Age-specific prevalence-rate contrasts use GBD posterior means. A positive log2 ratio means China is higher; zero means equal rates.
Female,95+ years,2000,84.41233393504,42.54594331052,1.9840277912975082,0.9884322344376321,41.866390624519994,China higher,False,Age-specific prevalence-rate contrasts use GBD posterior means. A positive log2 ratio means China is higher; zero means equal rates.
Female,95+ years,2001,84.64895120770001,42.62770522523,1.9857731200974653,0.9897008005057326,42.021245982470006,China higher,False,Age-specific prevalence-rate contrasts use GBD posterior means. A positive log2 ratio means China is higher; zero means equal rates.
Female,95+ years,2002,84.88672804433,42.78559657624,1.9840024409399002,0.9884138006893662,42.101131468089996,China higher,False,Age-specific prevalence-rate contrasts use GBD posterior means. A positive log2 ratio means China is higher; zero means equal rates.
Female,95+ years,2003,85.19419646387,42.96408733918,1.9829164714079552,0.9876239066017635,42.23010912469,China higher,False,Age-specific prevalence-rate contrasts use GBD posterior means. A positive log2 ratio means China is higher; zero means equal rates.
Female,95+ years,2004,85.58370302488,43.11470294658,1.9850236039181333,0.9891561625587479,42.46900007829999,China higher,False,Age-specific prevalence-rate contrasts use GBD posterior means. A positive log2 ratio means China is higher; zero means equal rates.
Female,95+ years,2005,86.01127979734001,43.16940996447,1.9924126799076114,0.9945164976035734,42.84186983287001,China higher,False,Age-specific prevalence-rate contrasts use GBD posterior means. A positive log2 ratio means China is higher; zero means equal rates.
Female,95+ years,2006,86.68316413796,43.085401089600005,2.0118917764672655,1.0085527018863474,43.59776304836,China higher,False,Age-specific prevalence-rate contrasts use GBD posterior means. A positive log2 ratio means China is higher; zero means equal rates.
Female,95+ years,2007,87.59650698433,42.87260889458,2.043181164918659,1.0308171307192036,44.72389808975001,China higher,False,Age-specific prevalence-rate contrasts use GBD posterior means. A positive log2 ratio means China is higher; zero means equal rates.
Female,95+ years,2008,88.54162743774,42.62879231618,2.077038138472751,1.0545277071215806,45.91283512156001,China higher,False,Age-specific prevalence-rate contrasts use GBD posterior means. A positive log2 ratio means China is higher; zero means equal rates.
Female,95+ years,2009,89.44908675692,42.41828237931,2.1087390092096188,1.076380549176694,47.030804377609996,China higher,False,Age-specific prevalence-rate contrasts use GBD posterior means. A positive log2 ratio means China is higher; zero means equal rates.
Female,95+ years,2010,90.09829563086,42.31279900723,2.1293390592162167,1.0904056915012519,47.785496623629996,China higher,False,Age-specific prevalence-rate contrasts use GBD posterior means. A positive log2 ratio means China is higher; zero means equal rates.
Female,95+ years,2011,90.64690019555,42.31246873716,2.1423212329830648,1.099174822984653,48.33443145839,China higher,False,Age-specific prevalence-rate contrasts use GBD posterior means. A positive log2 ratio means China is higher; zero means equal rates.
Female,95+ years,2012,91.21767606883,42.3484295081,2.15398013877664,1.1070049472727657,48.869246560730005,China higher,False,Age-specific prevalence-rate contrasts use GBD posterior means. A positive log2 ratio means China is higher; zero means equal rates.
Female,95+ years,2013,91.83752832795,42.406712948,2.165636568921602,1.1147911542080011,49.43081537995,China higher,False,Age-specific prevalence-rate contrasts use GBD posterior means. A positive log2 ratio means China is higher; zero means equal rates.
Female,95+ years,2014,92.34507031026,42.45167115407,2.17529882333988,1.1212135992777261,49.89339915619,China higher,False,Age-specific prevalence-rate contrasts use GBD posterior means. A positive log2 ratio means China is higher; zero means equal rates.
Female,95+ years,2015,92.72816872598,42.46775680215,2.18349580266235,1.1266397578257326,50.26041192383,China higher,False,Age-specific prevalence-rate contrasts use GBD posterior means. A positive log2 ratio means China is higher; zero means equal rates.
Female,95+ years,2016,93.08483200434,42.42524727051,2.1940905001876967,1.1336230341637341,50.65958473383,China higher,False,Age-specific prevalence-rate contrasts use GBD posterior means. A positive log2 ratio means China is higher; zero means equal rates.
Female,95+ years,2017,93.48929908858,42.34327494842,2.207890136095117,1.1426683858596782,51.146024140159994,China higher,False,Age-specific prevalence-rate contrasts use GBD posterior means. A positive log2 ratio means China is higher; zero means equal rates.
Female,95+ years,2018,93.85417260129,42.24348964375,2.2217428861295763,1.1516918687663675,51.61068295754,China higher,False,Age-specific prevalence-rate contrasts use GBD posterior means. A positive log2 ratio means China is higher; zero means equal rates.
Female,95+ years,2019,94.20221382496,42.16534753227,2.2341144882741717,1.1597031193186156,52.03686629269,China higher,False,Age-specific prevalence-rate contrasts use GBD posterior means. A positive log2 ratio means China is higher; zero means equal rates.
Female,95+ years,2020,94.50783039602,42.1368400292,2.2428789233015083,1.1653517419279038,52.370990366819996,China higher,False,Age-specific prevalence-rate contrasts use GBD posterior means. A positive log2 ratio means China is higher; zero means equal rates.
Female,95+ years,2021,95.15250522959,42.36111423443,2.246222908656462,1.1675011037206735,52.79139099516001,China higher,False,Age-specific prevalence-rate contrasts use GBD posterior means. A positive log2 ratio means China is higher; zero means equal rates.
Female,95+ years,2022,95.74300420422,42.61103742936,2.2469062003698324,1.1679398988454248,53.13196677486,China higher,False,Age-specific prevalence-rate contrasts use GBD posterior means. A positive log2 ratio means China is higher; zero means equal rates.
Female,95+ years,2023,95.44161259149,42.46684504253,2.247438266155785,1.1682814875599186,52.97476754896,China higher,False,Age-specific prevalence-rate contrasts use GBD posterior means. A positive log2 ratio means China is higher; zero means equal rates.
Male,0-4 years,1990,0.0,0.0,,,0.0,equal or undefined,False,Age-specific prevalence-rate contrasts use GBD posterior means. A positive log2 ratio means China is higher; zero means equal rates.
Male,0-4 years,1991,0.0,0.0,,,0.0,equal or undefined,False,Age-specific prevalence-rate contrasts use GBD posterior means. A positive log2 ratio means China is higher; zero means equal rates.
Male,0-4 years,1992,0.0,0.0,,,0.0,equal or undefined,False,Age-specific prevalence-rate contrasts use GBD posterior means. A positive log2 ratio means China is higher; zero means equal rates.
Male,0-4 years,1993,0.0,0.0,,,0.0,equal or undefined,False,Age-specific prevalence-rate contrasts use GBD posterior means. A positive log2 ratio means China is higher; zero means equal rates.
Male,0-4 years,1994,0.0,0.0,,,0.0,equal or undefined,False,Age-specific prevalence-rate contrasts use GBD posterior means. A positive log2 ratio means China is higher; zero means equal rates.
Male,0-4 years,1995,0.0,0.0,,,0.0,equal or undefined,False,Age-specific prevalence-rate contrasts use GBD posterior means. A positive log2 ratio means China is higher; zero means equal rates.
Male,0-4 years,1996,0.0,0.0,,,0.0,equal or undefined,False,Age-specific prevalence-rate contrasts use GBD posterior means. A positive log2 ratio means China is higher; zero means equal rates.
Male,0-4 years,1997,0.0,0.0,,,0.0,equal or undefined,False,Age-specific prevalence-rate contrasts use GBD posterior means. A positive log2 ratio means China is higher; zero means equal rates.
Male,0-4 years,1998,0.0,0.0,,,0.0,equal or undefined,False,Age-specific prevalence-rate contrasts use GBD posterior means. A positive log2 ratio means China is higher; zero means equal rates.
Male,0-4 years,1999,0.0,0.0,,,0.0,equal or undefined,False,Age-specific prevalence-rate contrasts use GBD posterior means. A positive log2 ratio means China is higher; zero means equal rates.
Male,0-4 years,2000,0.0,0.0,,,0.0,equal or undefined,False,Age-specific prevalence-rate contrasts use GBD posterior means. A positive log2 ratio means China is higher; zero means equal rates.
Male,0-4 years,2001,0.0,0.0,,,0.0,equal or undefined,False,Age-specific prevalence-rate contrasts use GBD posterior means. A positive log2 ratio means China is higher; zero means equal rates.
Male,0-4 years,2002,0.0,0.0,,,0.0,equal or undefined,False,Age-specific prevalence-rate contrasts use GBD posterior means. A positive log2 ratio means China is higher; zero means equal rates.
Male,0-4 years,2003,0.0,0.0,,,0.0,equal or undefined,False,Age-specific prevalence-rate contrasts use GBD posterior means. A positive log2 ratio means China is higher; zero means equal rates.
Male,0-4 years,2004,0.0,0.0,,,0.0,equal or undefined,False,Age-specific prevalence-rate contrasts use GBD posterior means. A positive log2 ratio means China is higher; zero means equal rates.
Male,0-4 years,2005,0.0,0.0,,,0.0,equal or undefined,False,Age-specific prevalence-rate contrasts use GBD posterior means. A positive log2 ratio means China is higher; zero means equal rates.
Male,0-4 years,2006,0.0,0.0,,,0.0,equal or undefined,False,Age-specific prevalence-rate contrasts use GBD posterior means. A positive log2 ratio means China is higher; zero means equal rates.
Male,0-4 years,2007,0.0,0.0,,,0.0,equal or undefined,False,Age-specific prevalence-rate contrasts use GBD posterior means. A positive log2 ratio means China is higher; zero means equal rates.
Male,0-4 years,2008,0.0,0.0,,,0.0,equal or undefined,False,Age-specific prevalence-rate contrasts use GBD posterior means. A positive log2 ratio means China is higher; zero means equal rates.
Male,0-4 years,2009,0.0,0.0,,,0.0,equal or undefined,False,Age-specific prevalence-rate contrasts use GBD posterior means. A positive log2 ratio means China is higher; zero means equal rates.
Male,0-4 years,2010,0.0,0.0,,,0.0,equal or undefined,False,Age-specific prevalence-rate contrasts use GBD posterior means. A positive log2 ratio means China is higher; zero means equal rates.
Male,0-4 years,2011,0.0,0.0,,,0.0,equal or undefined,False,Age-specific prevalence-rate contrasts use GBD posterior means. A positive log2 ratio means China is higher; zero means equal rates.
Male,0-4 years,2012,0.0,0.0,,,0.0,equal or undefined,False,Age-specific prevalence-rate contrasts use GBD posterior means. A positive log2 ratio means China is higher; zero means equal rates.
Male,0-4 years,2013,0.0,0.0,,,0.0,equal or undefined,False,Age-specific prevalence-rate contrasts use GBD posterior means. A positive log2 ratio means China is higher; zero means equal rates.
Male,0-4 years,2014,0.0,0.0,,,0.0,equal or undefined,False,Age-specific prevalence-rate contrasts use GBD posterior means. A positive log2 ratio means China is higher; zero means equal rates.
Male,0-4 years,2015,0.0,0.0,,,0.0,equal or undefined,False,Age-specific prevalence-rate contrasts use GBD posterior means. A positive log2 ratio means China is higher; zero means equal rates.
Male,0-4 years,2016,0.0,0.0,,,0.0,equal or undefined,False,Age-specific prevalence-rate contrasts use GBD posterior means. A positive log2 ratio means China is higher; zero means equal rates.
Male,0-4 years,2017,0.0,0.0,,,0.0,equal or undefined,False,Age-specific prevalence-rate contrasts use GBD posterior means. A positive log2 ratio means China is higher; zero means equal rates.
Male,0-4 years,2018,0.0,0.0,,,0.0,equal or undefined,False,Age-specific prevalence-rate contrasts use GBD posterior means. A positive log2 ratio means China is higher; zero means equal rates.
Male,0-4 years,2019,0.0,0.0,,,0.0,equal or undefined,False,Age-specific prevalence-rate contrasts use GBD posterior means. A positive log2 ratio means China is higher; zero means equal rates.
Male,0-4 years,2020,0.0,0.0,,,0.0,equal or undefined,False,Age-specific prevalence-rate contrasts use GBD posterior means. A positive log2 ratio means China is higher; zero means equal rates.
Male,0-4 years,2021,0.0,0.0,,,0.0,equal or undefined,False,Age-specific prevalence-rate contrasts use GBD posterior means. A positive log2 ratio means China is higher; zero means equal rates.
Male,0-4 years,2022,0.0,0.0,,,0.0,equal or undefined,False,Age-specific prevalence-rate contrasts use GBD posterior means. A positive log2 ratio means China is higher; zero means equal rates.
Male,0-4 years,2023,0.0,0.0,,,0.0,equal or undefined,False,Age-specific prevalence-rate contrasts use GBD posterior means. A positive log2 ratio means China is higher; zero means equal rates.
Male,5-9 years,1990,0.0,0.0,,,0.0,equal or undefined,False,Age-specific prevalence-rate contrasts use GBD posterior means. A positive log2 ratio means China is higher; zero means equal rates.
Male,5-9 years,1991,0.0,0.0,,,0.0,equal or undefined,False,Age-specific prevalence-rate contrasts use GBD posterior means. A positive log2 ratio means China is higher; zero means equal rates.
Male,5-9 years,1992,0.0,0.0,,,0.0,equal or undefined,False,Age-specific prevalence-rate contrasts use GBD posterior means. A positive log2 ratio means China is higher; zero means equal rates.
Male,5-9 years,1993,0.0,0.0,,,0.0,equal or undefined,False,Age-specific prevalence-rate contrasts use GBD posterior means. A positive log2 ratio means China is higher; zero means equal rates.
Male,5-9 years,1994,0.0,0.0,,,0.0,equal or undefined,False,Age-specific prevalence-rate contrasts use GBD posterior means. A positive log2 ratio means China is higher; zero means equal rates.
Male,5-9 years,1995,0.0,0.0,,,0.0,equal or undefined,False,Age-specific prevalence-rate contrasts use GBD posterior means. A positive log2 ratio means China is higher; zero means equal rates.
Male,5-9 years,1996,0.0,0.0,,,0.0,equal or undefined,False,Age-specific prevalence-rate contrasts use GBD posterior means. A positive log2 ratio means China is higher; zero means equal rates.
Male,5-9 years,1997,0.0,0.0,,,0.0,equal or undefined,False,Age-specific prevalence-rate contrasts use GBD posterior means. A positive log2 ratio means China is higher; zero means equal rates.
Male,5-9 years,1998,0.0,0.0,,,0.0,equal or undefined,False,Age-specific prevalence-rate contrasts use GBD posterior means. A positive log2 ratio means China is higher; zero means equal rates.
Male,5-9 years,1999,0.0,0.0,,,0.0,equal or undefined,False,Age-specific prevalence-rate contrasts use GBD posterior means. A positive log2 ratio means China is higher; zero means equal rates.
Male,5-9 years,2000,0.0,0.0,,,0.0,equal or undefined,False,Age-specific prevalence-rate contrasts use GBD posterior means. A positive log2 ratio means China is higher; zero means equal rates.
Male,5-9 years,2001,0.0,0.0,,,0.0,equal or undefined,False,Age-specific prevalence-rate contrasts use GBD posterior means. A positive log2 ratio means China is higher; zero means equal rates.
Male,5-9 years,2002,0.0,0.0,,,0.0,equal or undefined,False,Age-specific prevalence-rate contrasts use GBD posterior means. A positive log2 ratio means China is higher; zero means equal rates.
Male,5-9 years,2003,0.0,0.0,,,0.0,equal or undefined,False,Age-specific prevalence-rate contrasts use GBD posterior means. A positive log2 ratio means China is higher; zero means equal rates.
Male,5-9 years,2004,0.0,0.0,,,0.0,equal or undefined,False,Age-specific prevalence-rate contrasts use GBD posterior means. A positive log2 ratio means China is higher; zero means equal rates.
Male,5-9 years,2005,0.0,0.0,,,0.0,equal or undefined,False,Age-specific prevalence-rate contrasts use GBD posterior means. A positive log2 ratio means China is higher; zero means equal rates.
Male,5-9 years,2006,0.0,0.0,,,0.0,equal or undefined,False,Age-specific prevalence-rate contrasts use GBD posterior means. A positive log2 ratio means China is higher; zero means equal rates.
Male,5-9 years,2007,0.0,0.0,,,0.0,equal or undefined,False,Age-specific prevalence-rate contrasts use GBD posterior means. A positive log2 ratio means China is higher; zero means equal rates.
Male,5-9 years,2008,0.0,0.0,,,0.0,equal or undefined,False,Age-specific prevalence-rate contrasts use GBD posterior means. A positive log2 ratio means China is higher; zero means equal rates.
Male,5-9 years,2009,0.0,0.0,,,0.0,equal or undefined,False,Age-specific prevalence-rate contrasts use GBD posterior means. A positive log2 ratio means China is higher; zero means equal rates.
Male,5-9 years,2010,0.0,0.0,,,0.0,equal or undefined,False,Age-specific prevalence-rate contrasts use GBD posterior means. A positive log2 ratio means China is higher; zero means equal rates.
Male,5-9 years,2011,0.0,0.0,,,0.0,equal or undefined,False,Age-specific prevalence-rate contrasts use GBD posterior means. A positive log2 ratio means China is higher; zero means equal rates.
Male,5-9 years,2012,0.0,0.0,,,0.0,equal or undefined,False,Age-specific prevalence-rate contrasts use GBD posterior means. A positive log2 ratio means China is higher; zero means equal rates.
Male,5-9 years,2013,0.0,0.0,,,0.0,equal or undefined,False,Age-specific prevalence-rate contrasts use GBD posterior means. A positive log2 ratio means China is higher; zero means equal rates.
Male,5-9 years,2014,0.0,0.0,,,0.0,equal or undefined,False,Age-specific prevalence-rate contrasts use GBD posterior means. A positive log2 ratio means China is higher; zero means equal rates.
Male,5-9 years,2015,0.0,0.0,,,0.0,equal or undefined,False,Age-specific prevalence-rate contrasts use GBD posterior means. A positive log2 ratio means China is higher; zero means equal rates.
Male,5-9 years,2016,0.0,0.0,,,0.0,equal or undefined,False,Age-specific prevalence-rate contrasts use GBD posterior means. A positive log2 ratio means China is higher; zero means equal rates.
Male,5-9 years,2017,0.0,0.0,,,0.0,equal or undefined,False,Age-specific prevalence-rate contrasts use GBD posterior means. A positive log2 ratio means China is higher; zero means equal rates.
Male,5-9 years,2018,0.0,0.0,,,0.0,equal or undefined,False,Age-specific prevalence-rate contrasts use GBD posterior means. A positive log2 ratio means China is higher; zero means equal rates.
Male,5-9 years,2019,0.0,0.0,,,0.0,equal or undefined,False,Age-specific prevalence-rate contrasts use GBD posterior means. A positive log2 ratio means China is higher; zero means equal rates.
Male,5-9 years,2020,0.0,0.0,,,0.0,equal or undefined,False,Age-specific prevalence-rate contrasts use GBD posterior means. A positive log2 ratio means China is higher; zero means equal rates.
Male,5-9 years,2021,0.0,0.0,,,0.0,equal or undefined,False,Age-specific prevalence-rate contrasts use GBD posterior means. A positive log2 ratio means China is higher; zero means equal rates.
Male,5-9 years,2022,0.0,0.0,,,0.0,equal or undefined,False,Age-specific prevalence-rate contrasts use GBD posterior means. A positive log2 ratio means China is higher; zero means equal rates.
Male,5-9 years,2023,0.0,0.0,,,0.0,equal or undefined,False,Age-specific prevalence-rate contrasts use GBD posterior means. A positive log2 ratio means China is higher; zero means equal rates.
Male,10-14 years,1990,11.71544914912,15.29776450053,0.7658275265457323,-0.3849085782128562,-3.582315351410001,China lower,False,Age-specific prevalence-rate contrasts use GBD posterior means. A positive log2 ratio means China is higher; zero means equal rates.
Male,10-14 years,1991,11.69862629085,15.20994740865,0.7691431124999756,-0.3786760331315303,-3.5113211178000014,China lower,False,Age-specific prevalence-rate contrasts use GBD posterior means. A positive log2 ratio means China is higher; zero means equal rates.
Male,10-14 years,1992,11.69268630305,15.1320751178,0.7727087139090253,-0.3720034274343013,-3.43938881475,China lower,False,Age-specific prevalence-rate contrasts use GBD posterior means. A positive log2 ratio means China is higher; zero means equal rates.
Male,10-14 years,1993,11.69510042372,15.06783959758,0.7761630556246639,-0.3655683305807488,-3.372739173860001,China lower,False,Age-specific prevalence-rate contrasts use GBD posterior means. A positive log2 ratio means China is higher; zero means equal rates.
Male,10-14 years,1994,11.70345255033,15.0209626565,0.7791413119095654,-0.3600430830289097,-3.3175101061699994,China lower,False,Age-specific prevalence-rate contrasts use GBD posterior means. A positive log2 ratio means China is higher; zero means equal rates.
Male,10-14 years,1995,11.71581385954,14.99511847128,0.7813085226354951,-0.35603574346831873,-3.279304611739999,China lower,False,Age-specific prevalence-rate contrasts use GBD posterior means. A positive log2 ratio means China is higher; zero means equal rates.
Male,10-14 years,1996,11.74722528207,14.98946579999,0.7836987280812794,-0.3516289393171622,-3.242240517920001,China lower,False,Age-specific prevalence-rate contrasts use GBD posterior means. A positive log2 ratio means China is higher; zero means equal rates.
Male,10-14 years,1997,11.80020084233,14.99470764402,0.786957713512741,-0.34564197903325566,-3.1945068016900002,China lower,False,Age-specific prevalence-rate contrasts use GBD posterior means. A positive log2 ratio means China is higher; zero means equal rates.
Male,10-14 years,1998,11.85480773384,15.00190277721,0.7902202747140262,-0.33967323281103384,-3.147095043370001,China lower,False,Age-specific prevalence-rate contrasts use GBD posterior means. A positive log2 ratio means China is higher; zero means equal rates.
Male,10-14 years,1999,11.89123891093,15.00216993757,0.7926345962226916,-0.3352721567138886,-3.110931026640001,China lower,False,Age-specific prevalence-rate contrasts use GBD posterior means. A positive log2 ratio means China is higher; zero means equal rates.
Male,10-14 years,2000,11.88986634427,14.9866633162,0.7933631451783879,-0.3339467146758312,-3.096796971929999,China lower,False,Age-specific prevalence-rate contrasts use GBD posterior means. A positive log2 ratio means China is higher; zero means equal rates.
Male,10-14 years,2001,11.82900368055,14.90253502373,0.793757817828586,-0.33322919874576223,-3.073531343179999,China lower,False,Age-specific prevalence-rate contrasts use GBD posterior means. A positive log2 ratio means China is higher; zero means equal rates.
Male,10-14 years,2002,11.72196233847,14.74045084691,0.7952241393571243,-0.330566543718761,-3.018488508440001,China lower,False,Age-specific prevalence-rate contrasts use GBD posterior means. A positive log2 ratio means China is higher; zero means equal rates.
Male,10-14 years,2003,11.59748017391,14.55608477145,0.7967444787527657,-0.32781097837855944,-2.958604597539999,China lower,False,Age-specific prevalence-rate contrasts use GBD posterior means. A positive log2 ratio means China is higher; zero means equal rates.
Male,10-14 years,2004,11.48491645634,14.4049261194,0.7972908962630886,-0.32682189886924595,-2.92000966306,China lower,False,Age-specific prevalence-rate contrasts use GBD posterior means. A positive log2 ratio means China is higher; zero means equal rates.
Male,10-14 years,2005,11.41461415719,14.342378504,0.7958661915111594,-0.3294022031518861,-2.927764346809999,China lower,False,Age-specific prevalence-rate contrasts use GBD posterior means. A positive log2 ratio means China is higher; zero means equal rates.
Male,10-14 years,2006,11.37925344145,14.42014909473,0.789121760579346,-0.3416801712887144,-3.0408956532799998,China lower,False,Age-specific prevalence-rate contrasts use GBD posterior means. A positive log2 ratio means China is higher; zero means equal rates.
Male,10-14 years,2007,11.34988273854,14.607935959790002,0.7769669014008439,-0.3640749533997345,-3.2580532212500017,China lower,False,Age-specific prevalence-rate contrasts use GBD posterior means. A positive log2 ratio means China is higher; zero means equal rates.
Male,10-14 years,2008,11.32930698093,14.83832114027,0.7635167667441284,-0.38926825609312454,-3.5090141593400013,China lower,False,Age-specific prevalence-rate contrasts use GBD posterior means. A positive log2 ratio means China is higher; zero means equal rates.
Male,10-14 years,2009,11.32120891191,15.04386998689,0.7525463143310785,-0.4101477217862691,-3.7226610749799995,China lower,False,Age-specific prevalence-rate contrasts use GBD posterior means. A positive log2 ratio means China is higher; zero means equal rates.
Male,10-14 years,2010,11.32967297872,15.157078462110002,0.7474839565581299,-0.4198854801818572,-3.8274054833900024,China lower,False,Age-specific prevalence-rate contrasts use GBD posterior means. A positive log2 ratio means China is higher; zero means equal rates.
Male,10-14 years,2011,11.34618671734,15.19801863581,0.7465569683278185,-0.4216757410404052,-3.8518319184699994,China lower,False,Age-specific prevalence-rate contrasts use GBD posterior means. A positive log2 ratio means China is higher; zero means equal rates.
Male,10-14 years,2012,11.35964825167,15.23069274969,0.7458392364918011,-0.4230633996755552,-3.87104449802,China lower,False,Age-specific prevalence-rate contrasts use GBD posterior means. A positive log2 ratio means China is higher; zero means equal rates.
Male,10-14 years,2013,11.36994493928,15.25353570071,0.7453973401557494,-0.4239184238632026,-3.88359076143,China lower,False,Age-specific prevalence-rate contrasts use GBD posterior means. A positive log2 ratio means China is higher; zero means equal rates.
Male,10-14 years,2014,11.37733496415,15.265013932649998,0.7453209682183959,-0.4240662471169461,-3.8876789684999977,China lower,False,Age-specific prevalence-rate contrasts use GBD posterior means. A positive log2 ratio means China is higher; zero means equal rates.
Male,10-14 years,2015,11.38284809937,15.26358710713,0.745751835363313,-0.4232324717183709,-3.880739007760001,China lower,False,Age-specific prevalence-rate contrasts use GBD posterior means. A positive log2 ratio means China is higher; zero means equal rates.
Male,10-14 years,2016,11.39403967621,15.22979886849,0.748141178658894,-0.41861755400939765,-3.835759192280001,China lower,False,Age-specific prevalence-rate contrasts use GBD posterior means. A positive log2 ratio means China is higher; zero means equal rates.
Male,10-14 years,2017,11.41435193416,15.15884719112,0.7529828482502606,-0.4093110919106268,-3.7444952569599987,China lower,False,Age-specific prevalence-rate contrasts use GBD posterior means. A positive log2 ratio means China is higher; zero means equal rates.
Male,10-14 years,2018,11.43801866207,15.07111697732,0.7589363601438882,-0.3979491799371976,-3.6330983152500007,China lower,False,Age-specific prevalence-rate contrasts use GBD posterior means. A positive log2 ratio means China is higher; zero means equal rates.
Male,10-14 years,2019,11.45885310975,14.986753921,0.764598736334319,-0.3872252790801131,-3.5279008112499994,China lower,False,Age-specific prevalence-rate contrasts use GBD posterior means. A positive log2 ratio means China is higher; zero means equal rates.
Male,10-14 years,2020,11.47040792067,14.92583042881,0.7684937850110969,-0.37989450233621624,-3.45542250814,China lower,False,Age-specific prevalence-rate contrasts use GBD posterior means. A positive log2 ratio means China is higher; zero means equal rates.
Male,10-14 years,2021,11.47991589511,14.85145779558,0.7729824272554969,-0.37149247814929753,-3.3715419004699996,China lower,False,Age-specific prevalence-rate contrasts use GBD posterior means. A positive log2 ratio means China is higher; zero means equal rates.
Male,10-14 years,2022,11.48577192191,14.76254285082,0.778034789668503,-0.3620934284161661,-3.2767709289099987,China lower,False,Age-specific prevalence-rate contrasts use GBD posterior means. A positive log2 ratio means China is higher; zero means equal rates.
Male,10-14 years,2023,11.46686218196,14.56077161798,0.7875174807219993,-0.3446161471702555,-3.0939094360200006,China lower,False,Age-specific prevalence-rate contrasts use GBD posterior means. A positive log2 ratio means China is higher; zero means equal rates.
Male,15-19 years,1990,91.42228553331,136.35224673516998,0.670486095552755,-0.5767206808561736,-44.92996120185998,China lower,False,Age-specific prevalence-rate contrasts use GBD posterior means. A positive log2 ratio means China is higher; zero means equal rates.
Male,15-19 years,1991,91.46727688319,136.18877170555,0.6716212778609155,-0.5742801573787236,-44.721494822360015,China lower,False,Age-specific prevalence-rate contrasts use GBD posterior means. A positive log2 ratio means China is higher; zero means equal rates.
Male,15-19 years,1992,91.51709452206,136.02984795038,0.6727721592061395,-0.5718100899576517,-44.512753428319996,China lower,False,Age-specific prevalence-rate contrasts use GBD posterior means. A positive log2 ratio means China is higher; zero means equal rates.
Male,15-19 years,1993,91.57115753203,135.88651162084,0.6738796694372302,-0.5694370936948047,-44.31535408881,China lower,False,Age-specific prevalence-rate contrasts use GBD posterior means. A positive log2 ratio means China is higher; zero means equal rates.
Male,15-19 years,1994,91.63529921648,135.76918476004002,0.6749344439125657,-0.5671807142575613,-44.13388554356001,China lower,False,Age-specific prevalence-rate contrasts use GBD posterior means. A positive log2 ratio means China is higher; zero means equal rates.
Male,15-19 years,1995,91.71415705915,135.6880251631,0.6759193152741928,-0.5650770531152306,-43.97386810395001,China lower,False,Age-specific prevalence-rate contrasts use GBD posterior means. A positive log2 ratio means China is higher; zero means equal rates.
Male,15-19 years,1996,91.81630053315,135.61369783377,0.6770429683710479,-0.5626806978837138,-43.797397300620005,China lower,False,Age-specific prevalence-rate contrasts use GBD posterior means. A positive log2 ratio means China is higher; zero means equal rates.
Male,15-19 years,1997,91.92670294488,135.51649617259,0.6783432684667757,-0.5599125761125092,-43.58979322770999,China lower,False,Age-specific prevalence-rate contrasts use GBD posterior means. A positive log2 ratio means China is higher; zero means equal rates.
Male,15-19 years,1998,92.02906219617,135.40565858902,0.6796544779232189,-0.5571265980455162,-43.37659639284999,China lower,False,Age-specific prevalence-rate contrasts use GBD posterior means. A positive log2 ratio means China is higher; zero means equal rates.
Male,15-19 years,1999,92.10776031612,135.2912530534,0.6808109041592267,-0.5546739508563472,-43.183492737280005,China lower,False,Age-specific prevalence-rate contrasts use GBD posterior means. A positive log2 ratio means China is higher; zero means equal rates.
Male,15-19 years,2000,92.14991630743,135.18371515817998,0.681664327686248,-0.5528666078346799,-43.033798850749974,China lower,False,Age-specific prevalence-rate contrasts use GBD posterior means. A positive log2 ratio means China is higher; zero means equal rates.
Male,15-19 years,2001,92.06077284874,134.94615535857,0.6822037471473137,-0.5517254156088683,-42.885382509829995,China lower,False,Age-specific prevalence-rate contrasts use GBD posterior means. A positive log2 ratio means China is higher; zero means equal rates.
Male,15-19 years,2002,91.78958054856,134.53163071902,0.6822899570753723,-0.5515431140922454,-42.742050170460004,China lower,False,Age-specific prevalence-rate contrasts use GBD posterior means. A positive log2 ratio means China is higher; zero means equal rates.
Male,15-19 years,2003,91.40719280567,134.07825996309,0.68174507060901,-0.5526957311859821,-42.67106715742001,China lower,False,Age-specific prevalence-rate contrasts use GBD posterior means. A positive log2 ratio means China is higher; zero means equal rates.
Male,15-19 years,2004,90.98803200633,133.72087931527,0.680432498441848,-0.5554760470353632,-42.732847308939995,China lower,False,Age-specific prevalence-rate contrasts use GBD posterior means. A positive log2 ratio means China is higher; zero means equal rates.
Male,15-19 years,2005,90.61015705688,133.59531039831,0.6782435460251472,-0.5601246805952079,-42.985153341430006,China lower,False,Age-specific prevalence-rate contrasts use GBD posterior means. A positive log2 ratio means China is higher; zero means equal rates.
Male,15-19 years,2006,90.19842223376,133.93424568039,0.6734530199916332,-0.5703507879364187,-43.73582344663001,China lower,False,Age-specific prevalence-rate contrasts use GBD posterior means. A positive log2 ratio means China is higher; zero means equal rates.
Male,15-19 years,2007,89.70668810455,134.68690340173,0.666038685565309,-0.5863221190137329,-44.98021529718001,China lower,False,Age-specific prevalence-rate contrasts use GBD posterior means. A positive log2 ratio means China is higher; zero means equal rates.
Male,15-19 years,2008,89.22756592759,135.57393635358002,0.658146899968165,-0.603518461987683,-46.34637042599002,China lower,False,Age-specific prevalence-rate contrasts use GBD posterior means. A positive log2 ratio means China is higher; zero means equal rates.
Male,15-19 years,2009,88.84954924124,136.31130501861,0.6518135031361467,-0.6174688552598447,-47.46175577737,China lower,False,Age-specific prevalence-rate contrasts use GBD posterior means. A positive log2 ratio means China is higher; zero means equal rates.
Male,15-19 years,2010,88.65754821691999,136.61613376291,0.6489537199960616,-0.6238124985009894,-47.95858554599002,China lower,False,Age-specific prevalence-rate contrasts use GBD posterior means. A positive log2 ratio means China is higher; zero means equal rates.
Male,15-19 years,2011,88.65629384568,136.29517443934,0.6504727273755218,-0.6204395251155669,-47.638880593660005,China lower,False,Age-specific prevalence-rate contrasts use GBD posterior means. A positive log2 ratio means China is higher; zero means equal rates.
Male,15-19 years,2012,88.75431235034,135.49842498267998,0.6550209890755925,-0.6103869586951141,-46.74411263233998,China lower,False,Age-specific prevalence-rate contrasts use GBD posterior means. A positive log2 ratio means China is higher; zero means equal rates.
Male,15-19 years,2013,88.92185648390999,134.46044599091002,0.6613235277378257,-0.5965718660077913,-45.538589507000026,China lower,False,Age-specific prevalence-rate contrasts use GBD posterior means. A positive log2 ratio means China is higher; zero means equal rates.
Male,15-19 years,2014,89.13383875371001,133.41669732497,0.6680860832329111,-0.5818940882182908,-44.28285857125998,China lower,False,Age-specific prevalence-rate contrasts use GBD posterior means. A positive log2 ratio means China is higher; zero means equal rates.
Male,15-19 years,2015,89.36322336933,132.60091388853,0.673926149894054,-0.5693375880781606,-43.23769051919999,China lower,False,Age-specific prevalence-rate contrasts use GBD posterior means. A positive log2 ratio means China is higher; zero means equal rates.
Male,15-19 years,2016,89.63042356894,131.84768632755,0.6798027789905285,-0.5568118353501438,-42.217262758610005,China lower,False,Age-specific prevalence-rate contrasts use GBD posterior means. A positive log2 ratio means China is higher; zero means equal rates.
Male,15-19 years,2017,89.93927456512,130.94309884499,0.6868576913059756,-0.5419168740308296,-41.00382427987,China lower,False,Age-specific prevalence-rate contrasts use GBD posterior means. A positive log2 ratio means China is higher; zero means equal rates.
Male,15-19 years,2018,90.22963501109,130.04773408168,0.6938193552408904,-0.5273680073323159,-39.81809907059001,China lower,False,Age-specific prevalence-rate contrasts use GBD posterior means. A positive log2 ratio means China is higher; zero means equal rates.
Male,15-19 years,2019,90.44724123921,129.32275667384,0.6993915345256949,-0.5158277612076273,-38.87551543462999,China lower,False,Age-specific prevalence-rate contrasts use GBD posterior means. A positive log2 ratio means China is higher; zero means equal rates.
Male,15-19 years,2020,90.54568170226,128.93037484009,0.7022835527668493,-0.5098744467297439,-38.38469313783,China lower,False,Age-specific prevalence-rate contrasts use GBD posterior means. A positive log2 ratio means China is higher; zero means equal rates.
Male,15-19 years,2021,90.43434054799,129.1271515789,0.7003510837357262,-0.5138497731324051,-38.69281103090999,China lower,False,Age-specific prevalence-rate contrasts use GBD posterior means. A positive log2 ratio means China is higher; zero means equal rates.
Male,15-19 years,2022,90.26961965671,129.41150456506,0.6975393722536322,-0.5196534434624558,-39.141884908349994,China lower,False,Age-specific prevalence-rate contrasts use GBD posterior means. A positive log2 ratio means China is higher; zero means equal rates.
Male,15-19 years,2023,90.09821563925,128.94538677031,0.698731594017719,-0.5171897198926823,-38.847171131059994,China lower,False,Age-specific prevalence-rate contrasts use GBD posterior means. A positive log2 ratio means China is higher; zero means equal rates.
Male,20-24 years,1990,292.37135729289,501.71156019782,0.5827478983693556,-0.7790561984805838,-209.34020290492998,China lower,False,Age-specific prevalence-rate contrasts use GBD posterior means. A positive log2 ratio means China is higher; zero means equal rates.
Male,20-24 years,1991,293.4720437191,502.7158216472701,0.5837732394366817,-0.7765200166557298,-209.24377792817012,China lower,False,Age-specific prevalence-rate contrasts use GBD posterior means. A positive log2 ratio means China is higher; zero means equal rates.
Male,20-24 years,1992,294.29345894168,503.49892758422,0.584496694667644,-0.7747332285565756,-209.20546864253998,China lower,False,Age-specific prevalence-rate contrasts use GBD posterior means. A positive log2 ratio means China is higher; zero means equal rates.
Male,20-24 years,1993,294.8753542506,504.05871739666,0.5850019929693094,-0.7734865552476592,-209.18336314605995,China lower,False,Age-specific prevalence-rate contrasts use GBD posterior means. A positive log2 ratio means China is higher; zero means equal rates.
Male,20-24 years,1994,295.22982469048,504.39672780698,0.585312727887991,-0.7727204438269308,-209.1669031165,China lower,False,Age-specific prevalence-rate contrasts use GBD posterior means. A positive log2 ratio means China is higher; zero means equal rates.
Male,20-24 years,1995,295.37833330705,504.5093893816,0.5854763846300435,-0.7723171145352925,-209.13105607454997,China lower,False,Age-specific prevalence-rate contrasts use GBD posterior means. A positive log2 ratio means China is higher; zero means equal rates.
Male,20-24 years,1996,294.85337753233,504.20633523916,0.5847871336096407,-0.7740165251868992,-209.35295770683,China lower,False,Age-specific prevalence-rate contrasts use GBD posterior means. A positive log2 ratio means China is higher; zero means equal rates.
Male,20-24 years,1997,293.54754986408,503.49433865768,0.5830205571857673,-0.7783813414322736,-209.94678879359998,China lower,False,Age-specific prevalence-rate contrasts use GBD posterior means. A positive log2 ratio means China is higher; zero means equal rates.
Male,20-24 years,1998,292.00600967059,502.67699649619993,0.5809018747743661,-0.7836336089377792,-210.67098682560993,China lower,False,Age-specific prevalence-rate contrasts use GBD posterior means. A positive log2 ratio means China is higher; zero means equal rates.
Male,20-24 years,1999,290.76430116969,502.05681650309,0.579146207385276,-0.7880004875327618,-211.2925153334,China lower,False,Age-specific prevalence-rate contrasts use GBD posterior means. A positive log2 ratio means China is higher; zero means equal rates.
Male,20-24 years,2000,290.33245370799,501.9339102407,0.5784276530923412,-0.7897915695251397,-211.60145653271002,China lower,False,Age-specific prevalence-rate contrasts use GBD posterior means. A positive log2 ratio means China is higher; zero means equal rates.
Male,20-24 years,2001,290.66385639801,502.97250936243,0.5778921332429414,-0.7911278640267007,-212.30865296442,China lower,False,Age-specific prevalence-rate contrasts use GBD posterior means. A positive log2 ratio means China is higher; zero means equal rates.
Male,20-24 years,2002,291.24135742827,505.13093193583,0.5765660723094824,-0.7944421500957639,-213.88957450755998,China lower,False,Age-specific prevalence-rate contrasts use GBD posterior means. A positive log2 ratio means China is higher; zero means equal rates.
Male,20-24 years,2003,291.89586692421,507.641307119,0.5750041669792338,-0.7983556837721004,-215.74544019478998,China lower,False,Age-specific prevalence-rate contrasts use GBD posterior means. A positive log2 ratio means China is higher; zero means equal rates.
Male,20-24 years,2004,292.46470627421,509.73265173441,0.5737609809359342,-0.8014782350489899,-217.2679454602,China lower,False,Age-specific prevalence-rate contrasts use GBD posterior means. A positive log2 ratio means China is higher; zero means equal rates.
Male,20-24 years,2005,292.80338881476,510.65016418948,0.5733933117979249,-0.8024030181642456,-217.84677537471998,China lower,False,Age-specific prevalence-rate contrasts use GBD posterior means. A positive log2 ratio means China is higher; zero means equal rates.
Male,20-24 years,2006,292.81227409958,510.4451827211,0.5736409785251484,-0.8017800070341936,-217.63290862152002,China lower,False,Age-specific prevalence-rate contrasts use GBD posterior means. A positive log2 ratio means China is higher; zero means equal rates.
Male,20-24 years,2007,292.52206219132,509.67671350505,0.573936486483057,-0.8010370020731508,-217.15465131372997,China lower,False,Age-specific prevalence-rate contrasts use GBD posterior means. A positive log2 ratio means China is higher; zero means equal rates.
Male,20-24 years,2008,292.03192279735003,508.50340182597,0.5742968911293438,-0.8001313429569392,-216.47147902861997,China lower,False,Age-specific prevalence-rate contrasts use GBD posterior means. A positive log2 ratio means China is higher; zero means equal rates.
Male,20-24 years,2009,291.45111095582,507.02104665768,0.5748303997971823,-0.7987917344196754,-215.56993570186,China lower,False,Age-specific prevalence-rate contrasts use GBD posterior means. A positive log2 ratio means China is higher; zero means equal rates.
Male,20-24 years,2010,290.90243177475,505.33287079923,0.575664969735021,-0.7966986705905289,-214.43043902448,China lower,False,Age-specific prevalence-rate contrasts use GBD posterior means. A positive log2 ratio means China is higher; zero means equal rates.
Male,20-24 years,2011,290.40215869795,501.5450082994,0.5790151509684507,-0.7883269954792992,-211.14284960145005,China lower,False,Age-specific prevalence-rate contrasts use GBD posterior means. A positive log2 ratio means China is higher; zero means equal rates.
Male,20-24 years,2012,289.96999579057,494.85088587707,0.5859744906319191,-0.7710902340621519,-204.88089008650002,China lower,False,Age-specific prevalence-rate contrasts use GBD posterior means. A positive log2 ratio means China is higher; zero means equal rates.
Male,20-24 years,2013,289.65281163937,487.0160228188,0.5947500658456543,-0.7496445685140544,-197.36321117943004,China lower,False,Age-specific prevalence-rate contrasts use GBD posterior means. A positive log2 ratio means China is higher; zero means equal rates.
Male,20-24 years,2014,289.48688174236,479.80631930851,0.6033411193073996,-0.7289541856551693,-190.31943756615,China lower,False,Age-specific prevalence-rate contrasts use GBD posterior means. A positive log2 ratio means China is higher; zero means equal rates.
Male,20-24 years,2015,289.49712602010004,474.96799037275,0.6095087077192416,-0.7142812628956412,-185.47086435264998,China lower,False,Age-specific prevalence-rate contrasts use GBD posterior means. A positive log2 ratio means China is higher; zero means equal rates.
Male,20-24 years,2016,289.75669134214,471.74986041653,0.614216803554113,-0.7031801132271454,-181.99316907438998,China lower,False,Age-specific prevalence-rate contrasts use GBD posterior means. A positive log2 ratio means China is higher; zero means equal rates.
Male,20-24 years,2017,290.20860498983,468.50463037226,0.619435937611201,-0.6909730090826708,-178.29602538243,China lower,False,Age-specific prevalence-rate contrasts use GBD posterior means. A positive log2 ratio means China is higher; zero means equal rates.
Male,20-24 years,2018,290.76227039087,465.6333611087901,0.6244446697257515,-0.6793543505139947,-174.87109071792008,China lower,False,Age-specific prevalence-rate contrasts use GBD posterior means. A positive log2 ratio means China is higher; zero means equal rates.
Male,20-24 years,2019,291.33648798412,463.54997548653,0.628489922102446,-0.6700384838126101,-172.21348750240998,China lower,False,Age-specific prevalence-rate contrasts use GBD posterior means. A positive log2 ratio means China is higher; zero means equal rates.
Male,20-24 years,2020,291.83688207097,462.67196744403,0.6307641322710433,-0.664827469739776,-170.83508537306,China lower,False,Age-specific prevalence-rate contrasts use GBD posterior means. A positive log2 ratio means China is higher; zero means equal rates.
Male,20-24 years,2021,291.75805084386,466.36317808072994,0.6256026731024531,-0.6766814178184817,-174.60512723686992,China lower,False,Age-specific prevalence-rate contrasts use GBD posterior means. A positive log2 ratio means China is higher; zero means equal rates.
Male,20-24 years,2022,291.400094704,470.71969846492,0.6190522632774765,-0.6918668812663394,-179.31960376091996,China lower,False,Age-specific prevalence-rate contrasts use GBD posterior means. A positive log2 ratio means China is higher; zero means equal rates.
Male,20-24 years,2023,290.53099826695,470.27115125277,0.6177946435646656,-0.6948007323973607,-179.74015298581998,China lower,False,Age-specific prevalence-rate contrasts use GBD posterior means. A positive log2 ratio means China is higher; zero means equal rates.
Male,25-29 years,1990,462.18996110069,781.35005168109,0.5915273955716509,-0.7574831088411176,-319.1600905804,China lower,False,Age-specific prevalence-rate contrasts use GBD posterior means. A positive log2 ratio means China is higher; zero means equal rates.
Male,25-29 years,1991,464.33602848251,781.26581464293,0.5943380854245239,-0.7506442624957925,-316.92978616041995,China lower,False,Age-specific prevalence-rate contrasts use GBD posterior means. A positive log2 ratio means China is higher; zero means equal rates.
Male,25-29 years,1992,466.0344745769,781.1463305867401,0.5966032948357434,-0.7451561496814483,-315.1118560098401,China lower,False,Age-specific prevalence-rate contrasts use GBD posterior means. A positive log2 ratio means China is higher; zero means equal rates.
Male,25-29 years,1993,467.19585991342,781.0158386645901,0.5981899940880185,-0.7413243161591604,-313.8199787511701,China lower,False,Age-specific prevalence-rate contrasts use GBD posterior means. A positive log2 ratio means China is higher; zero means equal rates.
Male,25-29 years,1994,467.82933163832,780.8889084940699,0.5990984460779708,-0.7391350033948578,-313.0595768557499,China lower,False,Age-specific prevalence-rate contrasts use GBD posterior means. A positive log2 ratio means China is higher; zero means equal rates.
Male,25-29 years,1995,468.00943032722,780.78541390557,0.5994085212045498,-0.7383885015060724,-312.77598357834995,China lower,False,Age-specific prevalence-rate contrasts use GBD posterior means. A positive log2 ratio means China is higher; zero means equal rates.
Male,25-29 years,1996,467.20418291053,780.5242101966701,0.5985774391198035,-0.7403901913994261,-313.3200272861401,China lower,False,Age-specific prevalence-rate contrasts use GBD posterior means. A positive log2 ratio means China is higher; zero means equal rates.
Male,25-29 years,1997,465.33540106436,780.07010055825,0.5965302358484794,-0.7453328303899175,-314.73469949389005,China lower,False,Age-specific prevalence-rate contrasts use GBD posterior means. A positive log2 ratio means China is higher; zero means equal rates.
Male,25-29 years,1998,463.12328147192,779.6344702295199,0.5940261740037984,-0.7514015943772264,-316.51118875759994,China lower,False,Age-specific prevalence-rate contrasts use GBD posterior means. A positive log2 ratio means China is higher; zero means equal rates.
Male,25-29 years,1999,461.27010472172,779.4240070115101,0.5918089519597107,-0.7567965753575526,-318.1539022897901,China lower,False,Age-specific prevalence-rate contrasts use GBD posterior means. A positive log2 ratio means China is higher; zero means equal rates.
Male,25-29 years,2000,460.49564294814,779.63516121161,0.5906553037352704,-0.7596116508955945,-319.13951826347,China lower,False,Age-specific prevalence-rate contrasts use GBD posterior means. A positive log2 ratio means China is higher; zero means equal rates.
Male,25-29 years,2001,460.89809289243,781.33307997614,0.5898868289392082,-0.7614898980216178,-320.43498708371,China lower,False,Age-specific prevalence-rate contrasts use GBD posterior means. A positive log2 ratio means China is higher; zero means equal rates.
Male,25-29 years,2002,461.8931955264,784.6382129412299,0.5886702787453919,-0.7644683053360064,-322.7450174148299,China lower,False,Age-specific prevalence-rate contrasts use GBD posterior means. A positive log2 ratio means China is higher; zero means equal rates.
Male,25-29 years,2003,463.14678465961,788.4069393570701,0.5874463573815025,-0.7674709767808011,-325.2601546974601,China lower,False,Age-specific prevalence-rate contrasts use GBD posterior means. A positive log2 ratio means China is higher; zero means equal rates.
Male,25-29 years,2004,464.31176517638,791.48181239599,0.5866360513968172,-0.7694623610355664,-327.17004721961,China lower,False,Age-specific prevalence-rate contrasts use GBD posterior means. A positive log2 ratio means China is higher; zero means equal rates.
Male,25-29 years,2005,465.0354254565,792.7229202388299,0.5866304777921585,-0.7694760680860976,-327.68749478232996,China lower,False,Age-specific prevalence-rate contrasts use GBD posterior means. A positive log2 ratio means China is higher; zero means equal rates.
Male,25-29 years,2006,465.09613267093,791.8287158348201,0.5873696209420519,-0.7676594442222574,-326.73258316389007,China lower,False,Age-specific prevalence-rate contrasts use GBD posterior means. A positive log2 ratio means China is higher; zero means equal rates.
Male,25-29 years,2007,464.68222739057,789.4421990059001,0.5886209629732463,-0.764589171978741,-324.7599716153301,China lower,False,Age-specific prevalence-rate contrasts use GBD posterior means. A positive log2 ratio means China is higher; zero means equal rates.
Male,25-29 years,2008,464.10000308735,786.10028040168,0.5903826962766189,-0.7602776572995993,-322.00027731433005,China lower,False,Age-specific prevalence-rate contrasts use GBD posterior means. A positive log2 ratio means China is higher; zero means equal rates.
Male,25-29 years,2009,463.64240447517,782.2886374325201,0.5926743433176397,-0.7546884898359865,-318.6462329573501,China lower,False,Age-specific prevalence-rate contrasts use GBD posterior means. A positive log2 ratio means China is higher; zero means equal rates.
Male,25-29 years,2010,463.61162101063,778.4816119368801,0.5955331685447954,-0.7477462328727156,-314.86999092625007,China lower,False,Age-specific prevalence-rate contrasts use GBD posterior means. A positive log2 ratio means China is higher; zero means equal rates.
Male,25-29 years,2011,464.09091323602,772.4783056319,0.6007818081782711,-0.7350869665364183,-308.38739239587994,China lower,False,Age-specific prevalence-rate contrasts use GBD posterior means. A positive log2 ratio means China is higher; zero means equal rates.
Male,25-29 years,2012,464.73210067232,763.27707999145,0.6088642157020171,-0.7158075698349922,-298.54497931913005,China lower,False,Age-specific prevalence-rate contrasts use GBD posterior means. A positive log2 ratio means China is higher; zero means equal rates.
Male,25-29 years,2013,465.2713874089,753.18754198493,0.6177364354470554,-0.6949366683751835,-287.91615457603,China lower,False,Age-specific prevalence-rate contrasts use GBD posterior means. A positive log2 ratio means China is higher; zero means equal rates.
Male,25-29 years,2014,465.47203371617,744.51037061295,0.6252055741452603,-0.6775974538564468,-279.03833689678004,China lower,False,Age-specific prevalence-rate contrasts use GBD posterior means. A positive log2 ratio means China is higher; zero means equal rates.
Male,25-29 years,2015,465.11542350486,739.5353408749,0.6289292719325756,-0.6690303111205682,-274.41991737004,China lower,False,Age-specific prevalence-rate contrasts use GBD posterior means. A positive log2 ratio means China is higher; zero means equal rates.
Male,25-29 years,2016,463.86961170668,737.23656299002,0.6292004968193085,-0.668408284975356,-273.36695128334003,China lower,False,Age-specific prevalence-rate contrasts use GBD posterior means. A positive log2 ratio means China is higher; zero means equal rates.
Male,25-29 years,2017,461.96539286885,735.17851785244,0.6283717242151144,-0.6703098319071266,-273.21312498359,China lower,False,Age-specific prevalence-rate contrasts use GBD posterior means. A positive log2 ratio means China is higher; zero means equal rates.
Male,25-29 years,2018,459.92096426887,733.53004372594,0.6269967647578791,-0.6734700960064687,-273.60907945707,China lower,False,Age-specific prevalence-rate contrasts use GBD posterior means. A positive log2 ratio means China is higher; zero means equal rates.
Male,25-29 years,2019,458.26601958216,732.4665989495301,0.6256476680839564,-0.6765776591467418,-274.20057936737004,China lower,False,Age-specific prevalence-rate contrasts use GBD posterior means. A positive log2 ratio means China is higher; zero means equal rates.
Male,25-29 years,2020,457.53706132936,732.1639767835,0.6249106427488895,-0.6782781842798918,-274.62691545414,China lower,False,Age-specific prevalence-rate contrasts use GBD posterior means. A positive log2 ratio means China is higher; zero means equal rates.
Male,25-29 years,2021,459.00052488902,737.82486477079,0.6220995615695487,-0.6847826053865983,-278.82433988176996,China lower,False,Age-specific prevalence-rate contrasts use GBD posterior means. A positive log2 ratio means China is higher; zero means equal rates.
Male,25-29 years,2022,460.84869017123,743.37989335125,0.6199369855077277,-0.689806516993867,-282.53120318002,China lower,False,Age-specific prevalence-rate contrasts use GBD posterior means. A positive log2 ratio means China is higher; zero means equal rates.
Male,25-29 years,2023,458.60621717889,731.06165134711,0.6273153793990249,-0.672737162382628,-272.45543416822,China lower,False,Age-specific prevalence-rate contrasts use GBD posterior means. A positive log2 ratio means China is higher; zero means equal rates.
Male,30-34 years,1990,547.81935739327,871.19747490663,0.6288119205717191,-0.6692995274392347,-323.37811751335994,China lower,False,Age-specific prevalence-rate contrasts use GBD posterior means. A positive log2 ratio means China is higher; zero means equal rates.
Male,30-34 years,1991,549.29747106866,870.87472895924,0.6307422328411244,-0.664877559378353,-321.57725789058,China lower,False,Age-specific prevalence-rate contrasts use GBD posterior means. A positive log2 ratio means China is higher; zero means equal rates.
Male,30-34 years,1992,550.29993943009,870.58087444281,0.6321066262595001,-0.6617601564203937,-320.28093501271997,China lower,False,Age-specific prevalence-rate contrasts use GBD posterior means. A positive log2 ratio means China is higher; zero means equal rates.
Male,30-34 years,1993,550.9943894747199,870.32731688506,0.6330886998316372,-0.6595204501431893,-319.33292741034006,China lower,False,Age-specific prevalence-rate contrasts use GBD posterior means. A positive log2 ratio means China is higher; zero means equal rates.
Male,30-34 years,1994,551.4402800714499,870.13040267859,0.6337444116122233,-0.6580269744674457,-318.6901226071401,China lower,False,Age-specific prevalence-rate contrasts use GBD posterior means. A positive log2 ratio means China is higher; zero means equal rates.
Male,30-34 years,1995,551.65362952924,870.0087593799,0.6340782475827392,-0.6572672096742047,-318.35512985066,China lower,False,Age-specific prevalence-rate contrasts use GBD posterior means. A positive log2 ratio means China is higher; zero means equal rates.
Male,30-34 years,1996,551.44190251207,869.88681568531,0.633923738777022,-0.6576188007462741,-318.44491317324,China lower,False,Age-specific prevalence-rate contrasts use GBD posterior means. A positive log2 ratio means China is higher; zero means equal rates.
Male,30-34 years,1997,550.7273542666201,869.73947732362,0.633209562892706,-0.6592450512983942,-319.01212305699994,China lower,False,Age-specific prevalence-rate contrasts use GBD posterior means. A positive log2 ratio means China is higher; zero means equal rates.
Male,30-34 years,1998,549.7408915357099,869.6492537196799,0.6321409340424866,-0.6616818558249329,-319.90836218397,China lower,False,Age-specific prevalence-rate contrasts use GBD posterior means. A positive log2 ratio means China is higher; zero means equal rates.
Male,30-34 years,1999,548.82071583937,869.69530525303,0.631049417565495,-0.6641751076112978,-320.87458941366003,China lower,False,Age-specific prevalence-rate contrasts use GBD posterior means. A positive log2 ratio means China is higher; zero means equal rates.
Male,30-34 years,2000,548.35442401653,869.9561226056999,0.6303242310360369,-0.6658339707502233,-321.6016985891699,China lower,False,Age-specific prevalence-rate contrasts use GBD posterior means. A positive log2 ratio means China is higher; zero means equal rates.
Male,30-34 years,2001,548.5253992573199,871.1962988002,0.6296231974501519,-0.6674393992932782,-322.6708995428801,China lower,False,Age-specific prevalence-rate contrasts use GBD posterior means. A positive log2 ratio means China is higher; zero means equal rates.
Male,30-34 years,2002,549.1214438596601,873.57948114779,0.6285878454221169,-0.6698137188989159,-324.45803728812996,China lower,False,Age-specific prevalence-rate contrasts use GBD posterior means. A positive log2 ratio means China is higher; zero means equal rates.
Male,30-34 years,2003,549.8882842717101,876.2709344456699,0.627532265028932,-0.6722384566995722,-326.38265017395986,China lower,False,Age-specific prevalence-rate contrasts use GBD posterior means. A positive log2 ratio means China is higher; zero means equal rates.
Male,30-34 years,2004,550.54445201089,878.43123936782,0.626735966729849,-0.6740703069089841,-327.88678735693,China lower,False,Age-specific prevalence-rate contrasts use GBD posterior means. A positive log2 ratio means China is higher; zero means equal rates.
Male,30-34 years,2005,550.81788979954,879.2336874993899,0.6264749606741179,-0.6746712466860888,-328.4157976998499,China lower,False,Age-specific prevalence-rate contrasts use GBD posterior means. A positive log2 ratio means China is higher; zero means equal rates.
Male,30-34 years,2006,550.54712208594,878.06552502695,0.6270000431562808,-0.6734625525596493,-327.51840294101,China lower,False,Age-specific prevalence-rate contrasts use GBD posterior means. A positive log2 ratio means China is higher; zero means equal rates.
Male,30-34 years,2007,549.95355492808,875.23229020219,0.6283515371685312,-0.6703561806187216,-325.27873527411,China lower,False,Age-specific prevalence-rate contrasts use GBD posterior means. A positive log2 ratio means China is higher; zero means equal rates.
Male,30-34 years,2008,549.32577355851,871.4497336636699,0.6303585305478084,-0.6657554676770349,-322.1239601051599,China lower,False,Age-specific prevalence-rate contrasts use GBD posterior means. A positive log2 ratio means China is higher; zero means equal rates.
Male,30-34 years,2009,548.9429652119,867.3910304387199,0.6328667762845653,-0.6600262625673021,-318.44806522681995,China lower,False,Age-specific prevalence-rate contrasts use GBD posterior means. A positive log2 ratio means China is higher; zero means equal rates.
Male,30-34 years,2010,549.06739988677,863.72782687501,0.635694929354436,-0.6535935141238678,-314.66042698824003,China lower,False,Age-specific prevalence-rate contrasts use GBD posterior means. A positive log2 ratio means China is higher; zero means equal rates.
Male,30-34 years,2011,549.79561008193,859.0383607263699,0.6400128739501737,-0.6438271694664905,-309.24275064443987,China lower,False,Age-specific prevalence-rate contrasts use GBD posterior means. A positive log2 ratio means China is higher; zero means equal rates.
Male,30-34 years,2012,550.857507995,852.4515293619,0.6462039060535708,-0.6299386237222092,-301.59402136690005,China lower,False,Age-specific prevalence-rate contrasts use GBD posterior means. A positive log2 ratio means China is higher; zero means equal rates.
Male,30-34 years,2013,552.01078451606,845.46493716685,0.652907956615973,-0.6150484720180809,-293.45415265079,China lower,False,Age-specific prevalence-rate contrasts use GBD posterior means. A positive log2 ratio means China is higher; zero means equal rates.
Male,30-34 years,2014,553.01072495214,839.58680744722,0.6586700982517577,-0.602372037526455,-286.5760824950801,China lower,False,Age-specific prevalence-rate contrasts use GBD posterior means. A positive log2 ratio means China is higher; zero means equal rates.
Male,30-34 years,2015,553.63761002876,836.31661723307,0.6619952283866539,-0.5951072766580733,-282.67900720431,China lower,False,Age-specific prevalence-rate contrasts use GBD posterior means. A positive log2 ratio means China is higher; zero means equal rates.
Male,30-34 years,2016,553.6242951788499,834.9198050410599,0.6630867920921143,-0.5927303763959588,-281.29550986221,China lower,False,Age-specific prevalence-rate contrasts use GBD posterior means. A positive log2 ratio means China is higher; zero means equal rates.
Male,30-34 years,2017,552.94578438609,833.72619817003,0.6632222732112376,-0.5924356367391378,-280.78041378393993,China lower,False,Age-specific prevalence-rate contrasts use GBD posterior means. A positive log2 ratio means China is higher; zero means equal rates.
Male,30-34 years,2018,551.84114045271,832.84648367203,0.6625964703838766,-0.5937975766076445,-281.00534321932,China lower,False,Age-specific prevalence-rate contrasts use GBD posterior means. A positive log2 ratio means China is higher; zero means equal rates.
Male,30-34 years,2019,550.57910675431,832.38113333513,0.661450728163775,-0.5962944015448067,-281.80202658082,China lower,False,Age-specific prevalence-rate contrasts use GBD posterior means. A positive log2 ratio means China is higher; zero means equal rates.
Male,30-34 years,2020,549.4601288761199,832.4418759478199,0.6600582512148414,-0.5993347446126491,-282.98174707169994,China lower,False,Age-specific prevalence-rate contrasts use GBD posterior means. A positive log2 ratio means China is higher; zero means equal rates.
Male,30-34 years,2021,549.55623815113,838.5553724384299,0.6553607027202972,-0.6096389274846871,-288.99913428729997,China lower,False,Age-specific prevalence-rate contrasts use GBD posterior means. A positive log2 ratio means China is higher; zero means equal rates.
Male,30-34 years,2022,549.4646640843799,844.3129888452199,0.6507831471785023,-0.6197512037368027,-294.84832476084,China lower,False,Age-specific prevalence-rate contrasts use GBD posterior means. A positive log2 ratio means China is higher; zero means equal rates.
Male,30-34 years,2023,544.42202581097,825.82696652862,0.6592446697393024,-0.6011140935252676,-281.40494071765,China lower,False,Age-specific prevalence-rate contrasts use GBD posterior means. A positive log2 ratio means China is higher; zero means equal rates.
Male,35-39 years,1990,580.9366003169899,879.83633059442,0.6602780313976208,-0.5988544491199241,-298.8997302774301,China lower,False,Age-specific prevalence-rate contrasts use GBD posterior means. A positive log2 ratio means China is higher; zero means equal rates.
Male,35-39 years,1991,581.26939341099,879.56924964072,0.6608568838080943,-0.5975902216048922,-298.29985622973004,China lower,False,Age-specific prevalence-rate contrasts use GBD posterior means. A positive log2 ratio means China is higher; zero means equal rates.
Male,35-39 years,1992,581.75157295756,879.32111552482,0.6615917242136775,-0.5959869067967981,-297.56954256726,China lower,False,Age-specific prevalence-rate contrasts use GBD posterior means. A positive log2 ratio means China is higher; zero means equal rates.
Male,35-39 years,1993,582.3061567594999,879.1101269092501,0.662381354662305,-0.5942660318249152,-296.80397014975017,China lower,False,Age-specific prevalence-rate contrasts use GBD posterior means. A positive log2 ratio means China is higher; zero means equal rates.
Male,35-39 years,1994,582.91810195832,878.95353064104,0.6631955861570806,-0.5924936897582848,-296.03542868271995,China lower,False,Age-specific prevalence-rate contrasts use GBD posterior means. A positive log2 ratio means China is higher; zero means equal rates.
Male,35-39 years,1995,583.45299902615,878.85547867825,0.6638782065779814,-0.5910095022348922,-295.40247965210006,China lower,False,Age-specific prevalence-rate contrasts use GBD posterior means. A positive log2 ratio means China is higher; zero means equal rates.
Male,35-39 years,1996,583.72450095745,878.7627339760601,0.6642572316606137,-0.5901860656994495,-295.0382330186101,China lower,False,Age-specific prevalence-rate contrasts use GBD posterior means. A positive log2 ratio means China is higher; zero means equal rates.
Male,35-39 years,1997,583.7846056869399,878.64314437334,0.6644160481139393,-0.5898411747255685,-294.85853868640004,China lower,False,Age-specific prevalence-rate contrasts use GBD posterior means. A positive log2 ratio means China is higher; zero means equal rates.
Male,35-39 years,1998,583.84017245304,878.54694039838,0.6645520524928308,-0.5895458887159775,-294.70676794533995,China lower,False,Age-specific prevalence-rate contrasts use GBD posterior means. A positive log2 ratio means China is higher; zero means equal rates.
Male,35-39 years,1999,583.90739325872,878.5266835910201,0.6646438909197049,-0.5893465278258367,-294.6192903323,China lower,False,Age-specific prevalence-rate contrasts use GBD posterior means. A positive log2 ratio means China is higher; zero means equal rates.
Male,35-39 years,2000,583.9941898875201,878.63703415981,0.6646592019035028,-0.5893132937492493,-294.64284427228995,China lower,False,Age-specific prevalence-rate contrasts use GBD posterior means. A positive log2 ratio means China is higher; zero means equal rates.
Male,35-39 years,2001,584.25680245793,879.28972557492,0.6644644938571482,-0.5897359847836539,-295.03292311699,China lower,False,Age-specific prevalence-rate contrasts use GBD posterior means. A positive log2 ratio means China is higher; zero means equal rates.
Male,35-39 years,2002,584.66726134437,880.5520297598299,0.6639780973576742,-0.5907924427046733,-295.8847684154599,China lower,False,Age-specific prevalence-rate contrasts use GBD posterior means. A positive log2 ratio means China is higher; zero means equal rates.
Male,35-39 years,2003,585.00865595499,881.9676241662701,0.6632994680592755,-0.5922677259976741,-296.9589682112801,China lower,False,Age-specific prevalence-rate contrasts use GBD posterior means. A positive log2 ratio means China is higher; zero means equal rates.
Male,35-39 years,2004,585.17785487834,883.07401927372,0.66266002861189,-0.5936591956368628,-297.89616439537997,China lower,False,Age-specific prevalence-rate contrasts use GBD posterior means. A positive log2 ratio means China is higher; zero means equal rates.
Male,35-39 years,2005,585.13325044802,883.4179213719699,0.6623515736915249,-0.5943308975166255,-298.2846709239499,China lower,False,Age-specific prevalence-rate contrasts use GBD posterior means. A positive log2 ratio means China is higher; zero means equal rates.
Male,35-39 years,2006,584.9109116168701,882.5779181232999,0.6627300543170348,-0.593506748838079,-297.66700650642986,China lower,False,Age-specific prevalence-rate contrasts use GBD posterior means. A positive log2 ratio means China is higher; zero means equal rates.
Male,35-39 years,2007,584.64862561349,880.7153717494499,0.6638337928088459,-0.5911060224509216,-296.0667461359599,China lower,False,Age-specific prevalence-rate contrasts use GBD posterior means. A positive log2 ratio means China is higher; zero means equal rates.
Male,35-39 years,2008,584.41869864422,878.32107434526,0.6653816192215039,-0.5877460817237682,-293.90237570104,China lower,False,Age-specific prevalence-rate contrasts use GBD posterior means. A positive log2 ratio means China is higher; zero means equal rates.
Male,35-39 years,2009,584.260937849,875.8598735698399,0.66707124675967,-0.5840872377390582,-291.5989357208399,China lower,False,Age-specific prevalence-rate contrasts use GBD posterior means. A positive log2 ratio means China is higher; zero means equal rates.
Male,35-39 years,2010,584.24683773977,873.7812682603799,0.6686419805072646,-0.580694157867547,-289.53443052060993,China lower,False,Age-specific prevalence-rate contrasts use GBD posterior means. A positive log2 ratio means China is higher; zero means equal rates.
Male,35-39 years,2011,584.55467068813,871.09345598818,0.6710585031602647,-0.5754895482234937,-286.53878530005,China lower,False,Age-specific prevalence-rate contrasts use GBD posterior means. A positive log2 ratio means China is higher; zero means equal rates.
Male,35-39 years,2012,585.22358053898,867.10789345803,0.6749143733487487,-0.5672236163996658,-281.8843129190501,China lower,False,Age-specific prevalence-rate contrasts use GBD posterior means. A positive log2 ratio means China is higher; zero means equal rates.
Male,35-39 years,2013,586.10722309606,862.76935481664,0.6793324540608219,-0.5578103165229928,-276.66213172057996,China lower,False,Age-specific prevalence-rate contrasts use GBD posterior means. A positive log2 ratio means China is higher; zero means equal rates.
Male,35-39 years,2014,587.01893788579,859.02292540603,0.6833565444232198,-0.5492895871530302,-272.00398752024,China lower,False,Age-specific prevalence-rate contrasts use GBD posterior means. A positive log2 ratio means China is higher; zero means equal rates.
Male,35-39 years,2015,587.73117054019,856.80673794467,0.6859553555216601,-0.5438134112931003,-269.07556740448,China lower,False,Age-specific prevalence-rate contrasts use GBD posterior means. A positive log2 ratio means China is higher; zero means equal rates.
Male,35-39 years,2016,588.07561211348,855.5998454001001,0.68732552404621,-0.5409345596016661,-267.5242332866201,China lower,False,Age-specific prevalence-rate contrasts use GBD posterior means. A positive log2 ratio means China is higher; zero means equal rates.
Male,35-39 years,2017,588.10465726262,854.39088449355,0.6883320830502841,-0.5388233395783139,-266.28622723092997,China lower,False,Age-specific prevalence-rate contrasts use GBD posterior means. A positive log2 ratio means China is higher; zero means equal rates.
Male,35-39 years,2018,587.95883177217,853.36886880735,0.6889855644650931,-0.5374543387978449,-265.41003703518004,China lower,False,Age-specific prevalence-rate contrasts use GBD posterior means. A positive log2 ratio means China is higher; zero means equal rates.
Male,35-39 years,2019,587.78539859871,852.7383918736999,0.689291586024624,-0.5368136900089732,-264.9529932749899,China lower,False,Age-specific prevalence-rate contrasts use GBD posterior means. A positive log2 ratio means China is higher; zero means equal rates.
Male,35-39 years,2020,587.7582835728,852.70480097952,0.6892869406829065,-0.5368234127941889,-264.94651740672,China lower,False,Age-specific prevalence-rate contrasts use GBD posterior means. A positive log2 ratio means China is higher; zero means equal rates.
Male,35-39 years,2021,587.73283011892,858.46467688632,0.6846325142353515,-0.5465982851393584,-270.73184676740004,China lower,False,Age-specific prevalence-rate contrasts use GBD posterior means. A positive log2 ratio means China is higher; zero means equal rates.
Male,35-39 years,2022,587.41946370326,863.9029920320199,0.6799599829161,-0.556478251682177,-276.4835283287599,China lower,False,Age-specific prevalence-rate contrasts use GBD posterior means. A positive log2 ratio means China is higher; zero means equal rates.
Male,35-39 years,2023,584.72505023477,847.1689350234599,0.6902106841518897,-0.5348912886687787,-262.44388478868984,China lower,False,Age-specific prevalence-rate contrasts use GBD posterior means. A positive log2 ratio means China is higher; zero means equal rates.
Male,40-44 years,1990,583.80505032002,846.31180939509,0.6898226443718192,-0.5357026068732861,-262.50675907507,China lower,False,Age-specific prevalence-rate contrasts use GBD posterior means. A positive log2 ratio means China is higher; zero means equal rates.
Male,40-44 years,1991,584.45379030471,845.9539560592399,0.6908813252996742,-0.5334901789272846,-261.5001657545299,China lower,False,Age-specific prevalence-rate contrasts use GBD posterior means. A positive log2 ratio means China is higher; zero means equal rates.
Male,40-44 years,1992,584.9799280916101,845.61912086268,0.6917770822102838,-0.531620875234402,-260.63919277106993,China lower,False,Age-specific prevalence-rate contrasts use GBD posterior means. A positive log2 ratio means China is higher; zero means equal rates.
Male,40-44 years,1993,585.3200494105799,845.32881515235,0.6924170085283207,-0.5302869313929762,-260.00876574177005,China lower,False,Age-specific prevalence-rate contrasts use GBD posterior means. A positive log2 ratio means China is higher; zero means equal rates.
Male,40-44 years,1994,585.53633017195,845.0975835008401,0.6928623884431778,-0.5293592522287291,-259.5612533288901,China lower,False,Age-specific prevalence-rate contrasts use GBD posterior means. A positive log2 ratio means China is higher; zero means equal rates.
Male,40-44 years,1995,585.74227304876,844.95261436573,0.6932249963963385,-0.5286044185674931,-259.21034131697,China lower,False,Age-specific prevalence-rate contrasts use GBD posterior means. A positive log2 ratio means China is higher; zero means equal rates.
Male,40-44 years,1996,586.0348922130801,844.8068630032401,0.6936909699452009,-0.5276349903256399,-258.77197079016,China lower,False,Age-specific prevalence-rate contrasts use GBD posterior means. A positive log2 ratio means China is higher; zero means equal rates.
Male,40-44 years,1997,586.56259857451,844.59331133251,0.6944911719098197,-0.5259717395185236,-258.03071275799994,China lower,False,Age-specific prevalence-rate contrasts use GBD posterior means. A positive log2 ratio means China is higher; zero means equal rates.
Male,40-44 years,1998,587.1503161124699,844.37222950231,0.6953690512282102,-0.5241492363826182,-257.2219133898401,China lower,False,Age-specific prevalence-rate contrasts use GBD posterior means. A positive log2 ratio means China is higher; zero means equal rates.
Male,40-44 years,1999,587.7226646770999,844.20296921321,0.6961864458079938,-0.5224543686682621,-256.4803045361101,China lower,False,Age-specific prevalence-rate contrasts use GBD posterior means. A positive log2 ratio means China is higher; zero means equal rates.
Male,40-44 years,2000,588.09656652685,844.1366584793,0.6966840743373205,-0.5214235101187753,-256.04009195245,China lower,False,Age-specific prevalence-rate contrasts use GBD posterior means. A positive log2 ratio means China is higher; zero means equal rates.
Male,40-44 years,2001,588.1234975428,844.22209586828,0.6966454685575562,-0.5215034572745848,-256.09859832548,China lower,False,Age-specific prevalence-rate contrasts use GBD posterior means. A positive log2 ratio means China is higher; zero means equal rates.
Male,40-44 years,2002,587.97946073223,844.4184273704599,0.6963129198437944,-0.5221923025312811,-256.4389666382299,China lower,False,Age-specific prevalence-rate contrasts use GBD posterior means. A positive log2 ratio means China is higher; zero means equal rates.
Male,40-44 years,2003,587.8992341734601,844.65403669217,0.6960237075001596,-0.5227916478501249,-256.75480251871,China lower,False,Age-specific prevalence-rate contrasts use GBD posterior means. A positive log2 ratio means China is higher; zero means equal rates.
Male,40-44 years,2004,587.8915810070799,844.8545946059901,0.6958494216170434,-0.5231529471313924,-256.96301359891015,China lower,False,Age-specific prevalence-rate contrasts use GBD posterior means. A positive log2 ratio means China is higher; zero means equal rates.
Male,40-44 years,2005,587.98491708085,844.95300278349,0.6958788419520118,-0.5230919516447339,-256.96808570264,China lower,False,Age-specific prevalence-rate contrasts use GBD posterior means. A positive log2 ratio means China is higher; zero means equal rates.
Male,40-44 years,2006,588.4113511659,845.11904129659,0.696246708940735,-0.5223294918330447,-256.70769013069,China lower,False,Age-specific prevalence-rate contrasts use GBD posterior means. A positive log2 ratio means China is higher; zero means equal rates.
Male,40-44 years,2007,589.13677657469,845.42810657888,0.6968502371641017,-0.5210794607683792,-256.29133000419006,China lower,False,Age-specific prevalence-rate contrasts use GBD posterior means. A positive log2 ratio means China is higher; zero means equal rates.
Male,40-44 years,2008,589.8609843184901,845.72607703881,0.6974610341729142,-0.5198154763337908,-255.86509272031992,China lower,False,Age-specific prevalence-rate contrasts use GBD posterior means. A positive log2 ratio means China is higher; zero means equal rates.
Male,40-44 years,2009,590.40973442392,845.8466379455799,0.6980103814775768,-0.5186796011532397,-255.43690352165993,China lower,False,Age-specific prevalence-rate contrasts use GBD posterior means. A positive log2 ratio means China is higher; zero means equal rates.
Male,40-44 years,2010,590.65830375354,845.61686562669,0.6984939962329167,-0.5176803795993986,-254.95856187314996,China lower,False,Age-specific prevalence-rate contrasts use GBD posterior means. A positive log2 ratio means China is higher; zero means equal rates.
Male,40-44 years,2011,590.8474058455901,844.3199102382999,0.6997909189170133,-0.5150041518277435,-253.47250439270988,China lower,False,Age-specific prevalence-rate contrasts use GBD posterior means. A positive log2 ratio means China is higher; zero means equal rates.
Male,40-44 years,2012,591.2463594119,841.84583276392,0.7023214184843557,-0.5097966616100874,-250.59947335202003,China lower,False,Age-specific prevalence-rate contrasts use GBD posterior means. A positive log2 ratio means China is higher; zero means equal rates.
Male,40-44 years,2013,591.73630363485,838.9077526153101,0.7053651629635098,-0.5035577701309675,-247.17144898046013,China lower,False,Age-specific prevalence-rate contrasts use GBD posterior means. A positive log2 ratio means China is higher; zero means equal rates.
Male,40-44 years,2014,592.16249165418,836.22110898251,0.7081410470188997,-0.4978913510083641,-244.05861732833,China lower,False,Age-specific prevalence-rate contrasts use GBD posterior means. A positive log2 ratio means China is higher; zero means equal rates.
Male,40-44 years,2015,592.38265050647,834.4952500899301,0.7098694096133338,-0.4943744497514045,-242.1125995834601,China lower,False,Age-specific prevalence-rate contrasts use GBD posterior means. A positive log2 ratio means China is higher; zero means equal rates.
Male,40-44 years,2016,592.38444532136,833.18641369559,0.7109866838728739,-0.4921055551417868,-240.80196837423,China lower,False,Age-specific prevalence-rate contrasts use GBD posterior means. A positive log2 ratio means China is higher; zero means equal rates.
Male,40-44 years,2017,592.30252394294,831.5228446059,0.7123105850731757,-0.48942166571289586,-239.22032066296003,China lower,False,Age-specific prevalence-rate contrasts use GBD posterior means. A positive log2 ratio means China is higher; zero means equal rates.
Male,40-44 years,2018,592.19644339659,829.8933572768501,0.7135813754911583,-0.4868501335489727,-237.69691388026013,China lower,False,Age-specific prevalence-rate contrasts use GBD posterior means. A positive log2 ratio means China is higher; zero means equal rates.
Male,40-44 years,2019,592.0999286609899,828.68484199781,0.71450556188954,-0.4849828532244562,-236.58491333682014,China lower,False,Age-specific prevalence-rate contrasts use GBD posterior means. A positive log2 ratio means China is higher; zero means equal rates.
Male,40-44 years,2020,592.0194441396,828.28942510744,0.7147494899657897,-0.48449040951554784,-236.26998096784007,China lower,False,Age-specific prevalence-rate contrasts use GBD posterior means. A positive log2 ratio means China is higher; zero means equal rates.
Male,40-44 years,2021,590.0480818611501,832.95525214082,0.7083790880057937,-0.49740647183713077,-242.9071702796699,China lower,False,Age-specific prevalence-rate contrasts use GBD posterior means. A positive log2 ratio means China is higher; zero means equal rates.
Male,40-44 years,2022,588.02457146074,837.5231199736,0.7020995091804456,-0.5102525754299916,-249.49854851286,China lower,False,Age-specific prevalence-rate contrasts use GBD posterior means. A positive log2 ratio means China is higher; zero means equal rates.
Male,40-44 years,2023,588.77116325812,827.27453401224,0.7116998518044663,-0.49065915932850207,-238.50337075411994,China lower,False,Age-specific prevalence-rate contrasts use GBD posterior means. A positive log2 ratio means China is higher; zero means equal rates.
Male,45-49 years,1990,578.86995087714,791.44548797148,0.731408492024911,-0.451250717687021,-212.57553709434,China lower,False,Age-specific prevalence-rate contrasts use GBD posterior means. A positive log2 ratio means China is higher; zero means equal rates.
Male,45-49 years,1991,579.45556481802,791.01327291683,0.7325484725196842,-0.44900386948209087,-211.55770809881005,China lower,False,Age-specific prevalence-rate contrasts use GBD posterior means. A positive log2 ratio means China is higher; zero means equal rates.
Male,45-49 years,1992,580.19087972256,790.59228205115,0.7338686360778597,-0.44640625394430355,-210.40140232859005,China lower,False,Age-specific prevalence-rate contrasts use GBD posterior means. A positive log2 ratio means China is higher; zero means equal rates.
Male,45-49 years,1993,581.05664843948,790.21322800901,0.7353162764732342,-0.4435631750677703,-209.15657956952998,China lower,False,Age-specific prevalence-rate contrasts use GBD posterior means. A positive log2 ratio means China is higher; zero means equal rates.
Male,45-49 years,1994,581.90370499217,789.91909777459,0.7366624083802327,-0.4409244705974045,-208.01539278242,China lower,False,Age-specific prevalence-rate contrasts use GBD posterior means. A positive log2 ratio means China is higher; zero means equal rates.
Male,45-49 years,1995,582.52425738203,789.7459572926001,0.7376096730890961,-0.43907051934494484,-207.22169991057012,China lower,False,Age-specific prevalence-rate contrasts use GBD posterior means. A positive log2 ratio means China is higher; zero means equal rates.
Male,45-49 years,1996,583.24845188367,789.61353623012,0.738650523480504,-0.43703614904856347,-206.36508434644998,China lower,False,Age-specific prevalence-rate contrasts use GBD posterior means. A positive log2 ratio means China is higher; zero means equal rates.
Male,45-49 years,1997,584.0469068509,789.4471373321501,0.739817625819282,-0.4347584224612017,-205.4002304812501,China lower,False,Age-specific prevalence-rate contrasts use GBD posterior means. A positive log2 ratio means China is higher; zero means equal rates.
Male,45-49 years,1998,584.67013556394,789.27083250286,0.7407725098745764,-0.4328975338209399,-204.60069693892,China lower,False,Age-specific prevalence-rate contrasts use GBD posterior means. A positive log2 ratio means China is higher; zero means equal rates.
Male,45-49 years,1999,585.0455226619699,789.0972547148101,0.7414111748157239,-0.43165423474819226,-204.05173205284018,China lower,False,Age-specific prevalence-rate contrasts use GBD posterior means. A positive log2 ratio means China is higher; zero means equal rates.
Male,45-49 years,2000,585.2006406261299,788.9498979832699,0.7417462656653254,-0.4310023364371996,-203.74925735713998,China lower,False,Age-specific prevalence-rate contrasts use GBD posterior means. A positive log2 ratio means China is higher; zero means equal rates.
Male,45-49 years,2001,585.0250913508801,788.61471251322,0.7418389259902034,-0.4308221235419586,-203.58962116233988,China lower,False,Age-specific prevalence-rate contrasts use GBD posterior means. A positive log2 ratio means China is higher; zero means equal rates.
Male,45-49 years,2002,584.64002002658,788.00653606018,0.741922805551363,-0.4306590075584777,-203.36651603359996,China lower,False,Age-specific prevalence-rate contrasts use GBD posterior means. A positive log2 ratio means China is higher; zero means equal rates.
Male,45-49 years,2003,584.18453561767,787.3547575597,0.7419584755266753,-0.43058964770178604,-203.17022194203003,China lower,False,Age-specific prevalence-rate contrasts use GBD posterior means. A positive log2 ratio means China is higher; zero means equal rates.
Male,45-49 years,2004,583.91228300707,786.8886194981301,0.742052011604239,-0.43040778371013066,-202.97633649106012,China lower,False,Age-specific prevalence-rate contrasts use GBD posterior means. A positive log2 ratio means China is higher; zero means equal rates.
Male,45-49 years,2005,583.9343492652899,786.82715003629,0.7421380276956098,-0.4302405612045076,-202.8928007710001,China lower,False,Age-specific prevalence-rate contrasts use GBD posterior means. A positive log2 ratio means China is higher; zero means equal rates.
Male,45-49 years,2006,584.4747324590801,787.75383634608,0.7419509820099508,-0.4306042184821829,-203.2791038869999,China lower,False,Age-specific prevalence-rate contrasts use GBD posterior means. A positive log2 ratio means China is higher; zero means equal rates.
Male,45-49 years,2007,585.6032520825399,789.6398816828,0.7416079983632058,-0.4312712911387165,-204.03662960026008,China lower,False,Age-specific prevalence-rate contrasts use GBD posterior means. A positive log2 ratio means China is higher; zero means equal rates.
Male,45-49 years,2008,587.09876503588,791.82305589132,0.7414519704468684,-0.4315748536469154,-204.72429085544002,China lower,False,Age-specific prevalence-rate contrasts use GBD posterior means. A positive log2 ratio means China is higher; zero means equal rates.
Male,45-49 years,2009,588.48564976391,793.63493412072,0.7415067362374894,-0.4314682959468,-205.14928435680997,China lower,False,Age-specific prevalence-rate contrasts use GBD posterior means. A positive log2 ratio means China is higher; zero means equal rates.
Male,45-49 years,2010,589.34082241179,794.4082503835199,0.7418614070627683,-0.43077840402369316,-205.0674279717299,China lower,False,Age-specific prevalence-rate contrasts use GBD posterior means. A positive log2 ratio means China is higher; zero means equal rates.
Male,45-49 years,2011,589.91289819481,793.88890735048,0.7430673142462485,-0.42843518489017973,-203.97600915567,China lower,False,Age-specific prevalence-rate contrasts use GBD posterior means. A positive log2 ratio means China is higher; zero means equal rates.
Male,45-49 years,2012,590.54062521767,792.55069167391,0.7451140115346013,-0.4244669024791246,-202.01006645624,China lower,False,Age-specific prevalence-rate contrasts use GBD posterior means. A positive log2 ratio means China is higher; zero means equal rates.
Male,45-49 years,2013,591.01645204236,790.82859099475,0.7473382459515598,-0.4201667390095846,-199.81213895239,China lower,False,Age-specific prevalence-rate contrasts use GBD posterior means. A positive log2 ratio means China is higher; zero means equal rates.
Male,45-49 years,2014,591.26217230187,789.15861581186,0.7492310930339388,-0.4165173223284811,-197.89644350999004,China lower,False,Age-specific prevalence-rate contrasts use GBD posterior means. A positive log2 ratio means China is higher; zero means equal rates.
Male,45-49 years,2015,591.2568011682,787.9741786753301,0.7503504774257536,-0.41436348069334267,-196.7173775071301,China lower,False,Age-specific prevalence-rate contrasts use GBD posterior means. A positive log2 ratio means China is higher; zero means equal rates.
Male,45-49 years,2016,591.08037033351,786.6633413005401,0.7513765283079223,-0.41239204548028796,-195.58297096703006,China lower,False,Age-specific prevalence-rate contrasts use GBD posterior means. A positive log2 ratio means China is higher; zero means equal rates.
Male,45-49 years,2017,590.8508341319999,784.6996888022101,0.7529642773707391,-0.40934667365893146,-193.84885467021013,China lower,False,Age-specific prevalence-rate contrasts use GBD posterior means. A positive log2 ratio means China is higher; zero means equal rates.
Male,45-49 years,2018,590.5693389077501,782.62184595781,0.7546036977602932,-0.40620892512978957,-192.05250705005994,China lower,False,Age-specific prevalence-rate contrasts use GBD posterior means. A positive log2 ratio means China is higher; zero means equal rates.
Male,45-49 years,2019,590.2025284647999,780.96800596938,0.7557320196903693,-0.4040533450993719,-190.76547750458008,China lower,False,Age-specific prevalence-rate contrasts use GBD posterior means. A positive log2 ratio means China is higher; zero means equal rates.
Male,45-49 years,2020,589.74280011508,780.27470029828,0.7558143303757454,-0.4038962222725178,-190.53190018320004,China lower,False,Age-specific prevalence-rate contrasts use GBD posterior means. A positive log2 ratio means China is higher; zero means equal rates.
Male,45-49 years,2021,586.54853872946,783.7940507877399,0.7483452293876925,-0.4182241218007668,-197.24551205827993,China lower,False,Age-specific prevalence-rate contrasts use GBD posterior means. A positive log2 ratio means China is higher; zero means equal rates.
Male,45-49 years,2022,583.43773708507,787.47917189705,0.7408929123541885,-0.43266306245105646,-204.04143481198003,China lower,False,Age-specific prevalence-rate contrasts use GBD posterior means. A positive log2 ratio means China is higher; zero means equal rates.
Male,45-49 years,2023,585.6052272164301,782.59534372628,0.7482861122430227,-0.4183380951075107,-196.99011650984994,China lower,False,Age-specific prevalence-rate contrasts use GBD posterior means. A positive log2 ratio means China is higher; zero means equal rates.
Male,50-54 years,1990,576.364079734,724.09848317669,0.7959747094144364,-0.32920550228679746,-147.73440344269,China lower,False,Age-specific prevalence-rate contrasts use GBD posterior means. A positive log2 ratio means China is higher; zero means equal rates.
Male,50-54 years,1991,576.27494370565,723.58485514999,0.7964165358134748,-0.32840491917244785,-147.30991144433995,China lower,False,Age-specific prevalence-rate contrasts use GBD posterior means. A positive log2 ratio means China is higher; zero means equal rates.
Male,50-54 years,1992,576.32184700093,723.1208845072999,0.7969923969124585,-0.327362133518556,-146.79903750636993,China lower,False,Age-specific prevalence-rate contrasts use GBD posterior means. A positive log2 ratio means China is higher; zero means equal rates.
Male,50-54 years,1993,576.5509308898701,722.7481302552501,0.7977204045982822,-0.32604491433020577,-146.19719936538002,China lower,False,Age-specific prevalence-rate contrasts use GBD posterior means. A positive log2 ratio means China is higher; zero means equal rates.
Male,50-54 years,1994,576.93183367073,722.47173484989,0.7985528095304667,-0.32454027644503874,-145.53990117915998,China lower,False,Age-specific prevalence-rate contrasts use GBD posterior means. A positive log2 ratio means China is higher; zero means equal rates.
Male,50-54 years,1995,577.4307627044001,722.3210014255,0.7994101812972915,-0.3229921478313101,-144.89023872109988,China lower,False,Age-specific prevalence-rate contrasts use GBD posterior means. A positive log2 ratio means China is higher; zero means equal rates.
Male,50-54 years,1996,578.02976314284,722.28260235854,0.8002819966247877,-0.3214196405809366,-144.25283921569996,China lower,False,Age-specific prevalence-rate contrasts use GBD posterior means. A positive log2 ratio means China is higher; zero means equal rates.
Male,50-54 years,1997,578.77916374772,722.2897960067501,0.8013115607441187,-0.3195648038815711,-143.5106322590301,China lower,False,Age-specific prevalence-rate contrasts use GBD posterior means. A positive log2 ratio means China is higher; zero means equal rates.
Male,50-54 years,1998,579.83183316662,722.29396466507,0.8027643335431853,-0.31695157505209776,-142.46213149845005,China lower,False,Age-specific prevalence-rate contrasts use GBD posterior means. A positive log2 ratio means China is higher; zero means equal rates.
Male,50-54 years,1999,580.8675920106899,722.25681774345,0.8042396800427539,-0.31430257647023163,-141.3892257327601,China lower,False,Age-specific prevalence-rate contrasts use GBD posterior means. A positive log2 ratio means China is higher; zero means equal rates.
Male,50-54 years,2000,581.4505531982,722.13499131094,0.8051826323256458,-0.3126120410184358,-140.68443811273994,China lower,False,Age-specific prevalence-rate contrasts use GBD posterior means. A positive log2 ratio means China is higher; zero means equal rates.
Male,50-54 years,2001,581.56249773874,721.55858845905,0.8059809792864033,-0.31118230255220275,-139.99609072031,China lower,False,Age-specific prevalence-rate contrasts use GBD posterior means. A positive log2 ratio means China is higher; zero means equal rates.
Male,50-54 years,2002,581.40149553974,720.46697033816,0.8069786950355992,-0.30939750933005683,-139.06547479841993,China lower,False,Age-specific prevalence-rate contrasts use GBD posterior means. A positive log2 ratio means China is higher; zero means equal rates.
Male,50-54 years,2003,580.86520883125,719.2568388717,0.8075908040616684,-0.30830361191753225,-138.39163004044997,China lower,False,Age-specific prevalence-rate contrasts use GBD posterior means. A positive log2 ratio means China is higher; zero means equal rates.
Male,50-54 years,2004,580.31215293631,718.3153463938,0.8078793747755558,-0.3077881959751607,-138.00319345749006,China lower,False,Age-specific prevalence-rate contrasts use GBD posterior means. A positive log2 ratio means China is higher; zero means equal rates.
Male,50-54 years,2005,580.13006733035,718.0405056966899,0.807935015821245,-0.3076888367156015,-137.91043836633992,China lower,False,Age-specific prevalence-rate contrasts use GBD posterior means. A positive log2 ratio means China is higher; zero means equal rates.
Male,50-54 years,2006,580.7583949025201,719.16945516651,0.8075404075219748,-0.3083936440305843,-138.41106026398995,China lower,False,Age-specific prevalence-rate contrasts use GBD posterior means. A positive log2 ratio means China is higher; zero means equal rates.
Male,50-54 years,2007,582.06140990669,721.59238276944,0.806634637234894,-0.3100127378739116,-139.53097286275,China lower,False,Age-specific prevalence-rate contrasts use GBD posterior means. A positive log2 ratio means China is higher; zero means equal rates.
Male,50-54 years,2008,583.57057713987,724.46028749353,0.8055245914981665,-0.3119994618948096,-140.88971035366,China lower,False,Age-specific prevalence-rate contrasts use GBD posterior means. A positive log2 ratio means China is higher; zero means equal rates.
Male,50-54 years,2009,584.9655358802099,726.92201369443,0.8047156708148708,-0.3134489672683235,-141.95647781422008,China lower,False,Age-specific prevalence-rate contrasts use GBD posterior means. A positive log2 ratio means China is higher; zero means equal rates.
Male,50-54 years,2010,585.7792295371501,728.11842708815,0.8045109253446107,-0.3138160818522953,-142.33919755099998,China lower,False,Age-specific prevalence-rate contrasts use GBD posterior means. A positive log2 ratio means China is higher; zero means equal rates.
Male,50-54 years,2011,586.02253616541,728.12379331759,0.8048391517262246,-0.3132276075528182,-142.10125715217998,China lower,False,Age-specific prevalence-rate contrasts use GBD posterior means. A positive log2 ratio means China is higher; zero means equal rates.
Male,50-54 years,2012,586.20263846796,727.70295054676,0.8055520979096159,-0.3119501987360096,-141.5003120788,China lower,False,Age-specific prevalence-rate contrasts use GBD posterior means. A positive log2 ratio means China is higher; zero means equal rates.
Male,50-54 years,2013,586.49974780854,727.03159311638,0.8067046237902011,-0.30988756983421534,-140.53184530784006,China lower,False,Age-specific prevalence-rate contrasts use GBD posterior means. A positive log2 ratio means China is higher; zero means equal rates.
Male,50-54 years,2014,586.81764288846,726.2881574511499,0.8079680728209165,-0.3076298094511144,-139.4705145626899,China lower,False,Age-specific prevalence-rate contrasts use GBD posterior means. A positive log2 ratio means China is higher; zero means equal rates.
Male,50-54 years,2015,587.1110021015301,725.65091497386,0.809081873923744,-0.3056423933110809,-138.53991287232998,China lower,False,Age-specific prevalence-rate contrasts use GBD posterior means. A positive log2 ratio means China is higher; zero means equal rates.
Male,50-54 years,2016,587.48526326603,724.52717380044,0.8108533185642032,-0.30248713694213636,-137.04191053441002,China lower,False,Age-specific prevalence-rate contrasts use GBD posterior means. A positive log2 ratio means China is higher; zero means equal rates.
Male,50-54 years,2017,587.87862326838,722.59517855151,0.8135656598855555,-0.2976693096919167,-134.71655528313,China lower,False,Age-specific prevalence-rate contrasts use GBD posterior means. A positive log2 ratio means China is higher; zero means equal rates.
Male,50-54 years,2018,588.0600217843199,720.44300100548,0.8162478099774709,-0.2929208790263101,-132.3829792211601,China lower,False,Age-specific prevalence-rate contrasts use GBD posterior means. A positive log2 ratio means China is higher; zero means equal rates.
Male,50-54 years,2019,587.94445039012,718.66107513544,0.8181108880557014,-0.28963169327809923,-130.71662474532002,China lower,False,Age-specific prevalence-rate contrasts use GBD posterior means. A positive log2 ratio means China is higher; zero means equal rates.
Male,50-54 years,2020,587.5084500250599,717.83614299554,0.8184436737517551,-0.28904496272698027,-130.32769297048003,China lower,False,Age-specific prevalence-rate contrasts use GBD posterior means. A positive log2 ratio means China is higher; zero means equal rates.
Male,50-54 years,2021,584.4121706024299,720.31121613547,0.811332876000252,-0.30163414588934373,-135.89904553304007,China lower,False,Age-specific prevalence-rate contrasts use GBD posterior means. A positive log2 ratio means China is higher; zero means equal rates.
Male,50-54 years,2022,581.37762499717,723.0994056416,0.8040078866906528,-0.3147184416999637,-141.72178064443005,China lower,False,Age-specific prevalence-rate contrasts use GBD posterior means. A positive log2 ratio means China is higher; zero means equal rates.
Male,50-54 years,2023,583.21993924189,721.29687530561,0.8085712821018148,-0.30655313033914466,-138.07693606372004,China lower,False,Age-specific prevalence-rate contrasts use GBD posterior means. A positive log2 ratio means China is higher; zero means equal rates.
Male,55-59 years,1990,574.10133880309,649.53172567795,0.8838695880541795,-0.17809457430558492,-75.43038687486,China lower,False,Age-specific prevalence-rate contrasts use GBD posterior means. A positive log2 ratio means China is higher; zero means equal rates.
Male,55-59 years,1991,574.1319563481401,648.9608923916301,0.8846942290039678,-0.17674918265670203,-74.82893604348999,China lower,False,Age-specific prevalence-rate contrasts use GBD posterior means. A positive log2 ratio means China is higher; zero means equal rates.
Male,55-59 years,1992,574.1482051140599,648.49770778555,0.8853511712086475,-0.1756782866172604,-74.34950267149009,China lower,False,Age-specific prevalence-rate contrasts use GBD posterior means. A positive log2 ratio means China is higher; zero means equal rates.
Male,55-59 years,1993,574.10973314456,648.1410793736401,0.885778962968026,-0.17498136090877492,-74.0313462290801,China lower,False,Age-specific prevalence-rate contrasts use GBD posterior means. A positive log2 ratio means China is higher; zero means equal rates.
Male,55-59 years,1994,574.0586627479399,647.9010259172301,0.8860283280694734,-0.1745752695698082,-73.84236316929014,China lower,False,Age-specific prevalence-rate contrasts use GBD posterior means. A positive log2 ratio means China is higher; zero means equal rates.
Male,55-59 years,1995,574.07343287573,647.78680795104,0.8862073537612372,-0.174283796509847,-73.71337507531007,China lower,False,Age-specific prevalence-rate contrasts use GBD posterior means. A positive log2 ratio means China is higher; zero means equal rates.
Male,55-59 years,1996,574.12660468865,647.88018550266,0.8861616970786226,-0.17435812490051128,-73.75358081400998,China lower,False,Age-specific prevalence-rate contrasts use GBD posterior means. A positive log2 ratio means China is higher; zero means equal rates.
Male,55-59 years,1997,574.27431571953,648.1574857809101,0.8860104655393056,-0.1746043549191635,-73.88317006138004,China lower,False,Age-specific prevalence-rate contrasts use GBD posterior means. A positive log2 ratio means China is higher; zero means equal rates.
Male,55-59 years,1998,574.52304598621,648.49135422905,0.885937865230638,-0.17472257518949713,-73.96830824283995,China lower,False,Age-specific prevalence-rate contrasts use GBD posterior means. A positive log2 ratio means China is higher; zero means equal rates.
Male,55-59 years,1999,574.80413079601,648.72106830924,0.8860574426758183,-0.17452786385289715,-73.91693751322998,China lower,False,Age-specific prevalence-rate contrasts use GBD posterior means. A positive log2 ratio means China is higher; zero means equal rates.
Male,55-59 years,2000,575.02071963943,648.71051270566,0.8864057362676573,-0.17396087724335135,-73.68979306622998,China lower,False,Age-specific prevalence-rate contrasts use GBD posterior means. A positive log2 ratio means China is higher; zero means equal rates.
Male,55-59 years,2001,574.95600630528,648.0352568048199,0.8872295145485417,-0.17262073594255609,-73.07925049953997,China lower,False,Age-specific prevalence-rate contrasts use GBD posterior means. A positive log2 ratio means China is higher; zero means equal rates.
Male,55-59 years,2002,574.7509252030101,646.6862584775,0.8887631640049874,-0.1701290713743647,-71.93533327448995,China lower,False,Age-specific prevalence-rate contrasts use GBD posterior means. A positive log2 ratio means China is higher; zero means equal rates.
Male,55-59 years,2003,575.15885655923,645.1474639494201,0.8915153336235122,-0.1656684831813913,-69.98860739019005,China lower,False,Age-specific prevalence-rate contrasts use GBD posterior means. A positive log2 ratio means China is higher; zero means equal rates.
Male,55-59 years,2004,575.84037990863,643.90819088711,0.8942895711814083,-0.16118604282526253,-68.06781097848,China lower,False,Age-specific prevalence-rate contrasts use GBD posterior means. A positive log2 ratio means China is higher; zero means equal rates.
Male,55-59 years,2005,576.42318959373,643.4628251052201,0.8958142834428272,-0.15872842524672148,-67.03963551149013,China lower,False,Age-specific prevalence-rate contrasts use GBD posterior means. A positive log2 ratio means China is higher; zero means equal rates.
Male,55-59 years,2006,577.33403349635,644.39280035289,0.8959349533082671,-0.1585341013835968,-67.05876685654005,China lower,False,Age-specific prevalence-rate contrasts use GBD posterior means. A positive log2 ratio means China is higher; zero means equal rates.
Male,55-59 years,2007,578.9321137496099,646.4860930798,0.8955059048395471,-0.15922514971728097,-67.55397933019003,China lower,False,Age-specific prevalence-rate contrasts use GBD posterior means. A positive log2 ratio means China is higher; zero means equal rates.
Male,55-59 years,2008,580.29860219456,649.01581816609,0.8941208918979776,-0.16145818702420522,-68.71721597152998,China lower,False,Age-specific prevalence-rate contrasts use GBD posterior means. A positive log2 ratio means China is higher; zero means equal rates.
Male,55-59 years,2009,581.31193878064,651.24999324676,0.8926095121821824,-0.16389891399226025,-69.93805446611998,China lower,False,Age-specific prevalence-rate contrasts use GBD posterior means. A positive log2 ratio means China is higher; zero means equal rates.
Male,55-59 years,2010,581.79139961896,652.4684872653401,0.8916773928153902,-0.16540625466326203,-70.67708764638007,China lower,False,Age-specific prevalence-rate contrasts use GBD posterior means. A positive log2 ratio means China is higher; zero means equal rates.
Male,55-59 years,2011,581.81738236817,652.90231248487,0.8911247076976048,-0.16630075226780958,-71.08493011669998,China lower,False,Age-specific prevalence-rate contrasts use GBD posterior means. A positive log2 ratio means China is higher; zero means equal rates.
Male,55-59 years,2012,581.50660511193,653.23712138963,0.8901922228101369,-0.1678111981886875,-71.73051627770008,China lower,False,Age-specific prevalence-rate contrasts use GBD posterior means. A positive log2 ratio means China is higher; zero means equal rates.
Male,55-59 years,2013,580.99570801238,653.44423672709,0.8891282153201268,-0.1695366192869682,-72.44852871471005,China lower,False,Age-specific prevalence-rate contrasts use GBD posterior means. A positive log2 ratio means China is higher; zero means equal rates.
Male,55-59 years,2014,580.58520131737,653.49467321497,0.8884314212709487,-0.17066767711486475,-72.90947189760004,China lower,False,Age-specific prevalence-rate contrasts use GBD posterior means. A positive log2 ratio means China is higher; zero means equal rates.
Male,55-59 years,2015,580.42265199801,653.3507157584401,0.8883783823887423,-0.17075380781067526,-72.92806376043006,China lower,False,Age-specific prevalence-rate contrasts use GBD posterior means. A positive log2 ratio means China is higher; zero means equal rates.
Male,55-59 years,2016,580.55047358031,652.49143723728,0.8897442026801519,-0.16853746731172084,-71.94096365696998,China lower,False,Age-specific prevalence-rate contrasts use GBD posterior means. A positive log2 ratio means China is higher; zero means equal rates.
Male,55-59 years,2017,580.98657724565,650.79670022136,0.8927312892767204,-0.1637021031531054,-69.81012297570999,China lower,False,Age-specific prevalence-rate contrasts use GBD posterior means. A positive log2 ratio means China is higher; zero means equal rates.
Male,55-59 years,2018,581.75391963504,648.82662071909,0.8966246159725787,-0.1574239871404418,-67.07270108404998,China lower,False,Age-specific prevalence-rate contrasts use GBD posterior means. A positive log2 ratio means China is higher; zero means equal rates.
Male,55-59 years,2019,582.51599923659,647.1471160188499,0.9001291743678614,-0.15179604250348744,-64.63111678225994,China lower,False,Age-specific prevalence-rate contrasts use GBD posterior means. A positive log2 ratio means China is higher; zero means equal rates.
Male,55-59 years,2020,582.97380233984,646.32583252741,0.901981280958806,-0.14883060170396611,-63.352030187569994,China lower,False,Age-specific prevalence-rate contrasts use GBD posterior means. A positive log2 ratio means China is higher; zero means equal rates.
Male,55-59 years,2021,581.9150264014401,647.94361384597,0.8980951644038792,-0.15505977025576975,-66.02858744452999,China lower,False,Age-specific prevalence-rate contrasts use GBD posterior means. A positive log2 ratio means China is higher; zero means equal rates.
Male,55-59 years,2022,580.61834247748,649.8885767623899,0.8934121374620865,-0.16260224036101875,-69.27023428490986,China lower,False,Age-specific prevalence-rate contrasts use GBD posterior means. A positive log2 ratio means China is higher; zero means equal rates.
Male,55-59 years,2023,580.97892215092,649.2653228691499,0.8948251226224936,-0.1603223336019829,-68.28640071822997,China lower,False,Age-specific prevalence-rate contrasts use GBD posterior means. A positive log2 ratio means China is higher; zero means equal rates.
Male,60-64 years,1990,562.0245347118,566.80267595715,0.9915700093735775,-0.01221345797495925,-4.778141245349957,China lower,False,Age-specific prevalence-rate contrasts use GBD posterior means. A positive log2 ratio means China is higher; zero means equal rates.
Male,60-64 years,1991,562.32710412345,566.28141676238,0.9930170538501191,-0.010109600402871148,-3.9543126389299914,China lower,False,Age-specific prevalence-rate contrasts use GBD posterior means. A positive log2 ratio means China is higher; zero means equal rates.
Male,60-64 years,1992,562.62152914563,565.87604039926,0.994248720530147,-0.008321294418102304,-3.254511253629971,China lower,False,Age-specific prevalence-rate contrasts use GBD posterior means. A positive log2 ratio means China is higher; zero means equal rates.
Male,60-64 years,1993,562.8758684437599,565.58450664748,0.9952109045211023,-0.006925801729608461,-2.7086382037200565,China lower,False,Age-specific prevalence-rate contrasts use GBD posterior means. A positive log2 ratio means China is higher; zero means equal rates.
Male,60-64 years,1994,563.04136750002,565.40778139317,0.9958146775282802,-0.006050815131915185,-2.3664138931500247,China lower,False,Age-specific prevalence-rate contrasts use GBD posterior means. A positive log2 ratio means China is higher; zero means equal rates.
Male,60-64 years,1995,563.03724135543,565.3476921924,0.9959132214230676,-0.0059080558840174475,-2.3104508369700625,China lower,False,Age-specific prevalence-rate contrasts use GBD posterior means. A positive log2 ratio means China is higher; zero means equal rates.
Male,60-64 years,1996,562.9766387608,565.56086526899,0.9954306836507139,-0.006607236837210088,-2.5842265081899995,China lower,False,Age-specific prevalence-rate contrasts use GBD posterior means. A positive log2 ratio means China is higher; zero means equal rates.
Male,60-64 years,1997,562.77271167751,566.07845302458,0.9941602770262544,-0.00844963522193656,-3.305741347070011,China lower,False,Age-specific prevalence-rate contrasts use GBD posterior means. A positive log2 ratio means China is higher; zero means equal rates.
Male,60-64 years,1998,562.4430285662501,566.67399124821,0.9925336917746297,-0.010812019199846755,-4.230962681959909,China lower,False,Age-specific prevalence-rate contrasts use GBD posterior means. A positive log2 ratio means China is higher; zero means equal rates.
Male,60-64 years,1999,562.1128257136199,567.13303386366,0.9911480942736851,-0.012827458351875116,-5.020208150040048,China lower,False,Age-specific prevalence-rate contrasts use GBD posterior means. A positive log2 ratio means China is higher; zero means equal rates.
Male,60-64 years,2000,561.9574602195601,567.24239250349,0.9906831147428787,-0.013504431923051318,-5.2849322839299475,China lower,False,Age-specific prevalence-rate contrasts use GBD posterior means. A positive log2 ratio means China is higher; zero means equal rates.
Male,60-64 years,2001,561.9133431003099,566.58311510181,0.9917580106483389,-0.011939949503487752,-4.669772001500064,China lower,False,Age-specific prevalence-rate contrasts use GBD posterior means. A positive log2 ratio means China is higher; zero means equal rates.
Male,60-64 years,2002,561.98287155529,565.20479264804,0.9942995510040618,-0.008247539233268668,-3.2219210927499944,China lower,False,Age-specific prevalence-rate contrasts use GBD posterior means. A positive log2 ratio means China is higher; zero means equal rates.
Male,60-64 years,2003,562.16339384845,563.61737474457,0.9974202695635865,-0.0037265731539066725,-1.4539808961200151,China lower,False,Age-specific prevalence-rate contrasts use GBD posterior means. A positive log2 ratio means China is higher; zero means equal rates.
Male,60-64 years,2004,562.40148026197,562.30383906837,1.0001736448994583,0.00025049488737369273,0.09764119359999768,China higher,False,Age-specific prevalence-rate contrasts use GBD posterior means. A positive log2 ratio means China is higher; zero means equal rates.
Male,60-64 years,2005,562.59716949626,561.76791028909,1.0014761598019069,0.002128078120229486,0.8292592071700255,China higher,False,Age-specific prevalence-rate contrasts use GBD posterior means. A positive log2 ratio means China is higher; zero means equal rates.
Male,60-64 years,2006,562.97526436959,562.3032474630199,1.0011951147527638,0.0017231566471165674,0.6720169065700929,China higher,False,Age-specific prevalence-rate contrasts use GBD posterior means. A positive log2 ratio means China is higher; zero means equal rates.
Male,60-64 years,2007,563.86972744965,563.57378454214,1.000525118299728,0.0007573867254822242,0.2959429075100388,China higher,False,Age-specific prevalence-rate contrasts use GBD posterior means. A positive log2 ratio means China is higher; zero means equal rates.
Male,60-64 years,2008,565.8735912913,565.1523082396,1.0012762631262124,0.0018400845166560982,0.7212830517000839,China higher,False,Age-specific prevalence-rate contrasts use GBD posterior means. A positive log2 ratio means China is higher; zero means equal rates.
Male,60-64 years,2009,567.95002713501,566.6089771943,1.0023667996708252,0.0034105357106752783,1.341049940710036,China higher,False,Age-specific prevalence-rate contrasts use GBD posterior means. A positive log2 ratio means China is higher; zero means equal rates.
Male,60-64 years,2010,569.1061139556899,567.51920853016,1.002796214474643,0.0040284551646573834,1.5869054255299488,China higher,False,Age-specific prevalence-rate contrasts use GBD posterior means. A positive log2 ratio means China is higher; zero means equal rates.
Male,60-64 years,2011,569.0505344364,568.19604268594,1.0015038678312869,0.002167992883262981,0.8544917504599425,China higher,False,Age-specific prevalence-rate contrasts use GBD posterior means. A positive log2 ratio means China is higher; zero means equal rates.
Male,60-64 years,2012,568.54094048176,569.10880591026,0.9990021847797773,-0.0014402617470425493,-0.5678654284999993,China lower,False,Age-specific prevalence-rate contrasts use GBD posterior means. A positive log2 ratio means China is higher; zero means equal rates.
Male,60-64 years,2013,567.2500876947399,570.0240053303299,0.9951336827753727,-0.007037749610774142,-2.77391763559001,China lower,False,Age-specific prevalence-rate contrasts use GBD posterior means. A positive log2 ratio means China is higher; zero means equal rates.
Male,60-64 years,2014,565.98063698851,570.70661383732,0.9917190781844397,-0.011996585068295021,-4.725976848809978,China lower,False,Age-specific prevalence-rate contrasts use GBD posterior means. A positive log2 ratio means China is higher; zero means equal rates.
Male,60-64 years,2015,565.4072262673,570.9320681831799,0.9903231185919174,-0.014028776227181957,-5.524841915879961,China lower,False,Age-specific prevalence-rate contrasts use GBD posterior means. A positive log2 ratio means China is higher; zero means equal rates.
Male,60-64 years,2016,565.90724165275,570.33978180876,0.992228246569172,-0.011256066698080963,-4.4325401560099635,China lower,False,Age-specific prevalence-rate contrasts use GBD posterior means. A positive log2 ratio means China is higher; zero means equal rates.
Male,60-64 years,2017,566.7580836687,569.02476001823,0.9960165593682472,-0.005758366730697233,-2.26667634953003,China lower,False,Age-specific prevalence-rate contrasts use GBD posterior means. A positive log2 ratio means China is higher; zero means equal rates.
Male,60-64 years,2018,567.6297749648301,567.44928442873,1.000318073422688,0.0004588099857868044,0.18049053610002375,China higher,False,Age-specific prevalence-rate contrasts use GBD posterior means. A positive log2 ratio means China is higher; zero means equal rates.
Male,60-64 years,2019,568.40648154101,566.07567375222,1.0041174844581118,0.005928078381384526,2.3308077887899117,China higher,False,Age-specific prevalence-rate contrasts use GBD posterior means. A positive log2 ratio means China is higher; zero means equal rates.
Male,60-64 years,2020,568.8363414104899,565.36315354198,1.006143286570323,0.008835776419924345,3.4731878685099673,China higher,False,Age-specific prevalence-rate contrasts use GBD posterior means. A positive log2 ratio means China is higher; zero means equal rates.
Male,60-64 years,2021,569.26988994529,566.26746375596,1.0053021343826032,0.0076291554020687475,3.002426189329981,China higher,False,Age-specific prevalence-rate contrasts use GBD posterior means. A positive log2 ratio means China is higher; zero means equal rates.
Male,60-64 years,2022,569.56429176445,567.39594311468,1.0038215794033827,0.0055028655192959465,2.168348649769996,China higher,False,Age-specific prevalence-rate contrasts use GBD posterior means. A positive log2 ratio means China is higher; zero means equal rates.
Male,60-64 years,2023,568.17689992061,566.67354396437,1.0026529489019775,0.003822328242728217,1.503355956240057,China higher,False,Age-specific prevalence-rate contrasts use GBD posterior means. A positive log2 ratio means China is higher; zero means equal rates.
Male,65-69 years,1990,513.8016298452,462.7341262870301,1.110360357399906,0.1510279661812769,51.06750355816985,China higher,False,Age-specific prevalence-rate contrasts use GBD posterior means. A positive log2 ratio means China is higher; zero means equal rates.
Male,65-69 years,1991,513.66852632165,462.36332281866,1.1109629613141094,0.15181071913996982,51.305203502990025,China higher,False,Age-specific prevalence-rate contrasts use GBD posterior means. A positive log2 ratio means China is higher; zero means equal rates.
Male,65-69 years,1992,513.61130293384,462.09181233376,1.1114918923576782,0.15249742483990836,51.51949060007996,China higher,False,Age-specific prevalence-rate contrasts use GBD posterior means. A positive log2 ratio means China is higher; zero means equal rates.
Male,65-69 years,1993,513.72078928838,461.91347004214,1.112158061208983,0.15336184014536858,51.80731924624007,China higher,False,Age-specific prevalence-rate contrasts use GBD posterior means. A positive log2 ratio means China is higher; zero means equal rates.
Male,65-69 years,1994,513.95767749575,461.82686259436,1.1128795640178653,0.15429747246820535,52.130814901389954,China higher,False,Age-specific prevalence-rate contrasts use GBD posterior means. A positive log2 ratio means China is higher; zero means equal rates.
Male,65-69 years,1995,514.3139672510699,461.82248395731,1.1136616018431276,0.1553109207313572,52.49148329375993,China higher,False,Age-specific prevalence-rate contrasts use GBD posterior means. A positive log2 ratio means China is higher; zero means equal rates.
Male,65-69 years,1996,514.50036641705,462.04538825121,1.1135277604747367,0.15513752525637628,52.45497816584003,China higher,False,Age-specific prevalence-rate contrasts use GBD posterior means. A positive log2 ratio means China is higher; zero means equal rates.
Male,65-69 years,1997,514.48746296377,462.5146444916901,1.1123701035006117,0.15363687587507618,51.972818472079894,China higher,False,Age-specific prevalence-rate contrasts use GBD posterior means. A positive log2 ratio means China is higher; zero means equal rates.
Male,65-69 years,1998,514.37025829931,463.04711126906,1.1108378516596078,0.15164824275842054,51.32314703024997,China higher,False,Age-specific prevalence-rate contrasts use GBD posterior means. A positive log2 ratio means China is higher; zero means equal rates.
Male,65-69 years,1999,514.21231941702,463.46132070552005,1.1095042810352382,0.14991523420134392,50.75099871149996,China higher,False,Age-specific prevalence-rate contrasts use GBD posterior means. A positive log2 ratio means China is higher; zero means equal rates.
Male,65-69 years,2000,514.04359692112,463.57214965115,1.108875063586005,0.14909682690757406,50.47144726996993,China higher,False,Age-specific prevalence-rate contrasts use GBD posterior means. A positive log2 ratio means China is higher; zero means equal rates.
Male,65-69 years,2001,514.1383747636701,463.0407673381801,1.1103522865151332,0.15101747961475137,51.09760742548997,China higher,False,Age-specific prevalence-rate contrasts use GBD posterior means. A positive log2 ratio means China is higher; zero means equal rates.
Male,65-69 years,2002,514.38721474739,461.92990562185,1.113561188585359,0.15518083432083457,52.45730912553995,China higher,False,Age-specific prevalence-rate contrasts use GBD posterior means. A positive log2 ratio means China is higher; zero means equal rates.
Male,65-69 years,2003,514.64722225122,460.62818331166005,1.1172725440966143,0.1599811554317376,54.01903893955995,China higher,False,Age-specific prevalence-rate contrasts use GBD posterior means. A positive log2 ratio means China is higher; zero means equal rates.
Male,65-69 years,2004,514.8899235176999,459.53429085991,1.1204602872055638,0.16409151590148335,55.3556326577899,China higher,False,Age-specific prevalence-rate contrasts use GBD posterior means. A positive log2 ratio means China is higher; zero means equal rates.
Male,65-69 years,2005,515.13255142995,459.05106317351,1.1221683005562337,0.16628906468925445,56.081488256440025,China higher,False,Age-specific prevalence-rate contrasts use GBD posterior means. A positive log2 ratio means China is higher; zero means equal rates.
Male,65-69 years,2006,515.64323377824,459.28538349396,1.1227076939735032,0.1669823593078033,56.35785028427995,China higher,False,Age-specific prevalence-rate contrasts use GBD posterior means. A positive log2 ratio means China is higher; zero means equal rates.
Male,65-69 years,2007,516.64721703052,459.92785226624005,1.1233223091074,0.16777193222236325,56.71936476427993,China higher,False,Age-specific prevalence-rate contrasts use GBD posterior means. A positive log2 ratio means China is higher; zero means equal rates.
Male,65-69 years,2008,517.80717737074,460.77795304638994,1.1237672591479404,0.16834327324444723,57.029224324350025,China higher,False,Age-specific prevalence-rate contrasts use GBD posterior means. A positive log2 ratio means China is higher; zero means equal rates.
Male,65-69 years,2009,518.7565610945301,461.60916889059,1.1238003836476764,0.16838579792810487,57.14739220394006,China higher,False,Age-specific prevalence-rate contrasts use GBD posterior means. A positive log2 ratio means China is higher; zero means equal rates.
Male,65-69 years,2010,519.07581797459,462.20840661734,1.1230341346957158,0.16740177921474458,56.86741135724998,China higher,False,Age-specific prevalence-rate contrasts use GBD posterior means. A positive log2 ratio means China is higher; zero means equal rates.
Male,65-69 years,2011,518.34496169074,462.92908606702,1.119707050802371,0.16312132903551227,55.415875623719955,China higher,False,Age-specific prevalence-rate contrasts use GBD posterior means. A positive log2 ratio means China is higher; zero means equal rates.
Male,65-69 years,2012,517.00605549928,464.04701492394,1.1141242996337781,0.15591019898081349,52.95904057534,China higher,False,Age-specific prevalence-rate contrasts use GBD posterior means. A positive log2 ratio means China is higher; zero means equal rates.
Male,65-69 years,2013,516.55746448667,465.24417355030994,1.1102932478332503,0.15094076785479182,51.31329093636009,China higher,False,Age-specific prevalence-rate contrasts use GBD posterior means. A positive log2 ratio means China is higher; zero means equal rates.
Male,65-69 years,2014,516.6402624687599,466.19993585601,1.108194623665347,0.1482112730292967,50.44032661274997,China higher,False,Age-specific prevalence-rate contrasts use GBD posterior means. A positive log2 ratio means China is higher; zero means equal rates.
Male,65-69 years,2015,516.9895618025799,466.59698866905006,1.108000210797058,0.1479581558598821,50.39257313352988,China higher,False,Age-specific prevalence-rate contrasts use GBD posterior means. A positive log2 ratio means China is higher; zero means equal rates.
Male,65-69 years,2016,517.60285105829,466.20088832732,1.1102571102242957,0.1508938105326633,51.401962730969956,China higher,False,Age-specific prevalence-rate contrasts use GBD posterior means. A positive log2 ratio means China is higher; zero means equal rates.
Male,65-69 years,2017,518.80707049351,465.2437085662101,1.115129685670273,0.15721150027436973,53.563361927299866,China higher,False,Age-specific prevalence-rate contrasts use GBD posterior means. A positive log2 ratio means China is higher; zero means equal rates.
Male,65-69 years,2018,519.6096287792,464.06929865613,1.1196811128939272,0.16308790875358783,55.540330123069964,China higher,False,Age-specific prevalence-rate contrasts use GBD posterior means. A positive log2 ratio means China is higher; zero means equal rates.
Male,65-69 years,2019,520.2899007941201,463.02167042353,1.1236836935044667,0.168235987486472,57.26823037059006,China higher,False,Age-specific prevalence-rate contrasts use GBD posterior means. A positive log2 ratio means China is higher; zero means equal rates.
Male,65-69 years,2020,520.9592148588,462.455031756,1.1265078312169126,0.17185734288406712,58.50418310280003,China higher,False,Age-specific prevalence-rate contrasts use GBD posterior means. A positive log2 ratio means China is higher; zero means equal rates.
Male,65-69 years,2021,523.19433138617,462.91807477867,1.1302093391715569,0.17659001566109683,60.27625660749999,China higher,False,Age-specific prevalence-rate contrasts use GBD posterior means. A positive log2 ratio means China is higher; zero means equal rates.
Male,65-69 years,2022,525.01813720553,463.49442342112,1.1327388436095833,0.17981528175980832,61.523713784410006,China higher,False,Age-specific prevalence-rate contrasts use GBD posterior means. A positive log2 ratio means China is higher; zero means equal rates.
Male,65-69 years,2023,522.2113367308,462.51701086369,1.1290640656775814,0.17512735024999437,59.69432586710997,China higher,False,Age-specific prevalence-rate contrasts use GBD posterior means. A positive log2 ratio means China is higher; zero means equal rates.
Male,70-74 years,1990,434.3390285265,348.5834437309,1.2460116403629362,0.3173175462234226,85.75558479559999,China higher,False,Age-specific prevalence-rate contrasts use GBD posterior means. A positive log2 ratio means China is higher; zero means equal rates.
Male,70-74 years,1991,434.54123230179,348.45971421157003,1.2470343473850032,0.3185012022322042,86.08151809021996,China higher,False,Age-specific prevalence-rate contrasts use GBD posterior means. A positive log2 ratio means China is higher; zero means equal rates.
Male,70-74 years,1992,434.67188725132,348.37284824331,1.2477203359652678,0.31929460476945737,86.29903900801003,China higher,False,Age-specific prevalence-rate contrasts use GBD posterior means. A positive log2 ratio means China is higher; zero means equal rates.
Male,70-74 years,1993,434.60109785232,348.31830263036,1.247712493344125,0.3192855365945922,86.28279522195999,China higher,False,Age-specific prevalence-rate contrasts use GBD posterior means. A positive log2 ratio means China is higher; zero means equal rates.
Male,70-74 years,1994,434.47248212455,348.29808407654,1.2474156533949603,0.3189422680332738,86.17439804801,China higher,False,Age-specific prevalence-rate contrasts use GBD posterior means. A positive log2 ratio means China is higher; zero means equal rates.
Male,70-74 years,1995,434.34455852599,348.30530753279,1.2470225090816343,0.31848750642449336,86.03925099320003,China higher,False,Age-specific prevalence-rate contrasts use GBD posterior means. A positive log2 ratio means China is higher; zero means equal rates.
Male,70-74 years,1996,434.12420034224,348.40965533404,1.2460165603792484,0.31732324285489133,85.71454500819999,China higher,False,Age-specific prevalence-rate contrasts use GBD posterior means. A positive log2 ratio means China is higher; zero means equal rates.
Male,70-74 years,1997,433.82510835615,348.63523031744,1.2443524653579696,0.3153951896488982,85.18987803870999,China higher,False,Age-specific prevalence-rate contrasts use GBD posterior means. A positive log2 ratio means China is higher; zero means equal rates.
Male,70-74 years,1998,433.63492320052006,348.88845627577,1.2429041872849023,0.3137150865298562,84.74646692475005,China higher,False,Age-specific prevalence-rate contrasts use GBD posterior means. A positive log2 ratio means China is higher; zero means equal rates.
Male,70-74 years,1999,433.62674363871,349.08070202323,1.2421962632865733,0.31289313305984084,84.54604161548002,China higher,False,Age-specific prevalence-rate contrasts use GBD posterior means. A positive log2 ratio means China is higher; zero means equal rates.
Male,70-74 years,2000,433.89521392623,349.11644468148,1.2428380860778379,0.31363835783221683,84.77876924474998,China higher,False,Age-specific prevalence-rate contrasts use GBD posterior means. A positive log2 ratio means China is higher; zero means equal rates.
Male,70-74 years,2001,434.40351037554,348.78283107372,1.2454842144558513,0.3167067366565656,85.62067930182002,China higher,False,Age-specific prevalence-rate contrasts use GBD posterior means. A positive log2 ratio means China is higher; zero means equal rates.
Male,70-74 years,2002,435.1293941910501,348.08686256197,1.2500598011324944,0.32199711307426054,87.04253162908009,China higher,False,Age-specific prevalence-rate contrasts use GBD posterior means. A positive log2 ratio means China is higher; zero means equal rates.
Male,70-74 years,2003,435.92071200832993,347.27145285194,1.2552736725934848,0.32800193234391084,88.64925915638992,China higher,False,Age-specific prevalence-rate contrasts use GBD posterior means. A positive log2 ratio means China is higher; zero means equal rates.
Male,70-74 years,2004,436.59214874331,346.58315361448,1.2597038955590758,0.333084655461888,90.00899512883001,China higher,False,Age-specific prevalence-rate contrasts use GBD posterior means. A positive log2 ratio means China is higher; zero means equal rates.
Male,70-74 years,2005,436.93366114102,346.26402102523,1.2618511731231339,0.33554176415674114,90.66964011579,China higher,False,Age-specific prevalence-rate contrasts use GBD posterior means. A positive log2 ratio means China is higher; zero means equal rates.
Male,70-74 years,2006,437.4611303865401,346.3511625603,1.2630566248218607,0.33691931887088383,91.10996782624011,China higher,False,Age-specific prevalence-rate contrasts use GBD posterior means. A positive log2 ratio means China is higher; zero means equal rates.
Male,70-74 years,2007,438.35540148885,346.65984033866,1.2645116349808807,0.3385803115381171,91.69556115019003,China higher,False,Age-specific prevalence-rate contrasts use GBD posterior means. A positive log2 ratio means China is higher; zero means equal rates.
Male,70-74 years,2008,439.27096837317,347.08424309839,1.265603314203599,0.339825282877543,92.18672527477997,China higher,False,Age-specific prevalence-rate contrasts use GBD posterior means. A positive log2 ratio means China is higher; zero means equal rates.
Male,70-74 years,2009,439.95499331583,347.52951559712,1.2659500087637332,0.34022043515120676,92.42547771871,China higher,False,Age-specific prevalence-rate contrasts use GBD posterior means. A positive log2 ratio means China is higher; zero means equal rates.
Male,70-74 years,2010,440.21082949163,347.90217040107,1.2653293567675774,0.33951295766997047,92.30865909056001,China higher,False,Age-specific prevalence-rate contrasts use GBD posterior means. A positive log2 ratio means China is higher; zero means equal rates.
Male,70-74 years,2011,439.85830510602,348.51493376919,1.2620931342853838,0.33581837578316287,91.34337133682999,China higher,False,Age-specific prevalence-rate contrasts use GBD posterior means. A positive log2 ratio means China is higher; zero means equal rates.
Male,70-74 years,2012,439.17935886389006,349.5382467787,1.2564558039393718,0.32935992505152345,89.64111208519006,China higher,False,Age-specific prevalence-rate contrasts use GBD posterior means. A positive log2 ratio means China is higher; zero means equal rates.
Male,70-74 years,2013,438.41991067209005,350.66969964646,1.2502360800322883,0.3222005423538776,87.75021102563005,China higher,False,Age-specific prevalence-rate contrasts use GBD posterior means. A positive log2 ratio means China is higher; zero means equal rates.
Male,70-74 years,2014,437.80045924778,351.59384934799,1.2451880488229674,0.3163636351589043,86.20660989979001,China higher,False,Age-specific prevalence-rate contrasts use GBD posterior means. A positive log2 ratio means China is higher; zero means equal rates.
Male,70-74 years,2015,437.47991428812,352.00122575806,1.2428363377030165,0.3136363283052118,85.47868853006003,China higher,False,Age-specific prevalence-rate contrasts use GBD posterior means. A positive log2 ratio means China is higher; zero means equal rates.
Male,70-74 years,2016,437.48818476819,351.74134871797,1.2437780953611248,0.314729114665628,85.74683605022,China higher,False,Age-specific prevalence-rate contrasts use GBD posterior means. A positive log2 ratio means China is higher; zero means equal rates.
Male,70-74 years,2017,437.90694268158,351.03783434501,1.2474636629942075,0.31899779233082404,86.86910833656998,China higher,False,Age-specific prevalence-rate contrasts use GBD posterior means. A positive log2 ratio means China is higher; zero means equal rates.
Male,70-74 years,2018,439.63076584616994,350.16216373246,1.255506195072715,0.32826914734986173,89.46860211370995,China higher,False,Age-specific prevalence-rate contrasts use GBD posterior means. A positive log2 ratio means China is higher; zero means equal rates.
Male,70-74 years,2019,441.75744199581,349.37819034083003,1.2644104703984553,0.3384648871514615,92.37925165497995,China higher,False,Age-specific prevalence-rate contrasts use GBD posterior means. A positive log2 ratio means China is higher; zero means equal rates.
Male,70-74 years,2020,443.45392274465,348.95294459099,1.2708129552092624,0.34575170268756167,94.50097815366001,China higher,False,Age-specific prevalence-rate contrasts use GBD posterior means. A positive log2 ratio means China is higher; zero means equal rates.
Male,70-74 years,2021,445.9953984922,349.22807099066,1.2770892019849345,0.35285929776326114,96.76732750154002,China higher,False,Age-specific prevalence-rate contrasts use GBD posterior means. A positive log2 ratio means China is higher; zero means equal rates.
Male,70-74 years,2022,448.32452107965,349.55012988462005,1.282575753090504,0.3590440386046244,98.77439119502998,China higher,False,Age-specific prevalence-rate contrasts use GBD posterior means. A positive log2 ratio means China is higher; zero means equal rates.
Male,70-74 years,2023,445.1113050313,348.45113287128,1.2773995061044239,0.3532097978184299,96.66017216002001,China higher,False,Age-specific prevalence-rate contrasts use GBD posterior means. A positive log2 ratio means China is higher; zero means equal rates.
Male,75-79 years,1990,335.60194594641,239.04073596,1.4039529480137147,0.4894945860664367,96.56120998641,China higher,False,Age-specific prevalence-rate contrasts use GBD posterior means. A positive log2 ratio means China is higher; zero means equal rates.
Male,75-79 years,1991,335.66501625401,239.1205506715,1.4037480898709591,0.48928405950169507,96.54446558251001,China higher,False,Age-specific prevalence-rate contrasts use GBD posterior means. A positive log2 ratio means China is higher; zero means equal rates.
Male,75-79 years,1992,335.71584835872,239.18159733634,1.4036023343661863,0.48913425223695783,96.53425102238,China higher,False,Age-specific prevalence-rate contrasts use GBD posterior means. A positive log2 ratio means China is higher; zero means equal rates.
Male,75-79 years,1993,335.9046821907,239.22992159297,1.4041081481530313,0.48965406014046664,96.67476059773,China higher,False,Age-specific prevalence-rate contrasts use GBD posterior means. A positive log2 ratio means China is higher; zero means equal rates.
Male,75-79 years,1994,336.0678454506,239.25375647507,1.4046502358077622,0.4902109376457612,96.81408897552998,China higher,False,Age-specific prevalence-rate contrasts use GBD posterior means. A positive log2 ratio means China is higher; zero means equal rates.
Male,75-79 years,1995,336.1393241914,239.25434358555,1.4049455452047286,0.49051421358814373,96.88498060585002,China higher,False,Age-specific prevalence-rate contrasts use GBD posterior means. A positive log2 ratio means China is higher; zero means equal rates.
Male,75-79 years,1996,336.1452111851,239.23796567097,1.4050663331898121,0.49063824169530307,96.90724551412998,China higher,False,Age-specific prevalence-rate contrasts use GBD posterior means. A positive log2 ratio means China is higher; zero means equal rates.
Male,75-79 years,1997,335.977603131,239.20114726349,1.4045819051231672,0.49014075452462363,96.77645586751004,China higher,False,Age-specific prevalence-rate contrasts use GBD posterior means. A positive log2 ratio means China is higher; zero means equal rates.
Male,75-79 years,1998,335.62713609137,239.15006441276003,1.4034164570079135,0.48894318522721086,96.47707167860997,China higher,False,Age-specific prevalence-rate contrasts use GBD posterior means. A positive log2 ratio means China is higher; zero means equal rates.
Male,75-79 years,1999,335.3119719939,239.0917050568,1.4024408413258893,0.4879399154145739,96.22026693709998,China higher,False,Age-specific prevalence-rate contrasts use GBD posterior means. A positive log2 ratio means China is higher; zero means equal rates.
Male,75-79 years,2000,335.16768130067004,239.0276770084,1.402212854576215,0.48770536570574624,96.14000429227005,China higher,False,Age-specific prevalence-rate contrasts use GBD posterior means. A positive log2 ratio means China is higher; zero means equal rates.
Male,75-79 years,2001,335.35383575335,238.86249624132,1.4039618652169903,0.4895037493109081,96.49133951202998,China higher,False,Age-specific prevalence-rate contrasts use GBD posterior means. A positive log2 ratio means China is higher; zero means equal rates.
Male,75-79 years,2002,335.88621003174,238.56793932623,1.4079268613392013,0.4935723911315562,97.31827070551,China higher,False,Age-specific prevalence-rate contrasts use GBD posterior means. A positive log2 ratio means China is higher; zero means equal rates.
Male,75-79 years,2003,336.67174340922,238.23741408894,1.41317745869896,0.4989426423948502,98.43432932028003,China higher,False,Age-specific prevalence-rate contrasts use GBD posterior means. A positive log2 ratio means China is higher; zero means equal rates.
Male,75-79 years,2004,337.52725140367,237.96732863786,1.4183764356884505,0.5042404732176745,99.55992276581,China higher,False,Age-specific prevalence-rate contrasts use GBD posterior means. A positive log2 ratio means China is higher; zero means equal rates.
Male,75-79 years,2005,338.28975161278,237.85022595699,1.4222805559745497,0.5082060759206435,100.43952565578999,China higher,False,Age-specific prevalence-rate contrasts use GBD posterior means. A positive log2 ratio means China is higher; zero means equal rates.
Male,75-79 years,2006,339.1085173195,237.91161835082,1.4253550106975312,0.5113212935823462,101.19689896867999,China higher,False,Age-specific prevalence-rate contrasts use GBD posterior means. A positive log2 ratio means China is higher; zero means equal rates.
Male,75-79 years,2007,340.21692537962,238.08307741616,1.4289840717445617,0.5149898354377866,102.13384796346003,China higher,False,Age-specific prevalence-rate contrasts use GBD posterior means. A positive log2 ratio means China is higher; zero means equal rates.
Male,75-79 years,2008,341.35718483615,238.31716337286,1.4323650886280412,0.5183992610532676,103.04002146329,China higher,False,Age-specific prevalence-rate contrasts use GBD posterior means. A positive log2 ratio means China is higher; zero means equal rates.
Male,75-79 years,2009,342.23826447011,238.57007737947,1.4345397722520967,0.5205879670159153,103.66818709063998,China higher,False,Age-specific prevalence-rate contrasts use GBD posterior means. A positive log2 ratio means China is higher; zero means equal rates.
Male,75-79 years,2010,342.55543591194,238.79356942253,1.434525379977088,0.5205734928491184,103.76186648940998,China higher,False,Age-specific prevalence-rate contrasts use GBD posterior means. A positive log2 ratio means China is higher; zero means equal rates.
Male,75-79 years,2011,342.49797226387,239.23013526477,1.431667343601204,0.5176963127915016,103.26783699909998,China higher,False,Age-specific prevalence-rate contrasts use GBD posterior means. A positive log2 ratio means China is higher; zero means equal rates.
Male,75-79 years,2012,342.28249188726,239.99550574571,1.4262037567067165,0.5121801092649001,102.28698614154999,China higher,False,Age-specific prevalence-rate contrasts use GBD posterior means. A positive log2 ratio means China is higher; zero means equal rates.
Male,75-79 years,2013,341.97215702107,240.84541890004,1.4198823402283665,0.5057713845172981,101.12673812103003,China higher,False,Age-specific prevalence-rate contrasts use GBD posterior means. A positive log2 ratio means China is higher; zero means equal rates.
Male,75-79 years,2014,341.70247006299,241.5419866926,1.414671108497008,0.5004666853594285,100.16048337039001,China higher,False,Age-specific prevalence-rate contrasts use GBD posterior means. A positive log2 ratio means China is higher; zero means equal rates.
Male,75-79 years,2015,341.64880392188,241.848120999,1.4126585003457302,0.4984127470563375,99.80068292288001,China higher,False,Age-specific prevalence-rate contrasts use GBD posterior means. A positive log2 ratio means China is higher; zero means equal rates.
Male,75-79 years,2016,341.99249882386,241.65858453127,1.4151887030506338,0.5009944366642719,100.33391429258998,China higher,False,Age-specific prevalence-rate contrasts use GBD posterior means. A positive log2 ratio means China is higher; zero means equal rates.
Male,75-79 years,2017,342.80942480617,241.15586823504,1.4215263651476,0.5074408570280724,101.65355657113,China higher,False,Age-specific prevalence-rate contrasts use GBD posterior means. A positive log2 ratio means China is higher; zero means equal rates.
Male,75-79 years,2018,343.89227823666,240.53403350344,1.4297032034418604,0.5157156845114712,103.35824473321998,China higher,False,Age-specific prevalence-rate contrasts use GBD posterior means. A positive log2 ratio means China is higher; zero means equal rates.
Male,75-79 years,2019,345.01307773378,239.98122426843,1.43766696242814,0.5237295121471536,105.03185346535,China higher,False,Age-specific prevalence-rate contrasts use GBD posterior means. A positive log2 ratio means China is higher; zero means equal rates.
Male,75-79 years,2020,345.89371079729,239.68616197786,1.4431108911045123,0.5291821632385043,106.20754881943,China higher,False,Age-specific prevalence-rate contrasts use GBD posterior means. A positive log2 ratio means China is higher; zero means equal rates.
Male,75-79 years,2021,347.65312119942,239.94330744823,1.4488969285981415,0.5349549683321692,107.70981375119001,China higher,False,Age-specific prevalence-rate contrasts use GBD posterior means. A positive log2 ratio means China is higher; zero means equal rates.
Male,75-79 years,2022,348.98176833565,240.20734034556,1.4528355704434681,0.5388714303420823,108.77442799008998,China higher,False,Age-specific prevalence-rate contrasts use GBD posterior means. A positive log2 ratio means China is higher; zero means equal rates.
Male,75-79 years,2023,347.05956927892,239.15096676216,1.451215414170067,0.5372616847308742,107.90860251675997,China higher,False,Age-specific prevalence-rate contrasts use GBD posterior means. A positive log2 ratio means China is higher; zero means equal rates.
Male,80-84 years,1990,234.10899720709,146.89534310387,1.5937128588314133,0.6723917206355878,87.21365410322,China higher,False,Age-specific prevalence-rate contrasts use GBD posterior means. A positive log2 ratio means China is higher; zero means equal rates.
Male,80-84 years,1991,234.56930806577,147.07954074330002,1.5948466175534712,0.6734176812092728,87.48976732246999,China higher,False,Age-specific prevalence-rate contrasts use GBD posterior means. A positive log2 ratio means China is higher; zero means equal rates.
Male,80-84 years,1992,234.99511090551,147.21496417122998,1.5962719023059393,0.6747064151551769,87.78014673428001,China higher,False,Age-specific prevalence-rate contrasts use GBD posterior means. A positive log2 ratio means China is higher; zero means equal rates.
Male,80-84 years,1993,235.19570136434,147.30074309625,1.5967041063102938,0.6750969840638441,87.89495826809002,China higher,False,Age-specific prevalence-rate contrasts use GBD posterior means. A positive log2 ratio means China is higher; zero means equal rates.
Male,80-84 years,1994,235.28950804448,147.3434062395,1.596878435550944,0.6752544898918107,87.94610180497997,China higher,False,Age-specific prevalence-rate contrasts use GBD posterior means. A positive log2 ratio means China is higher; zero means equal rates.
Male,80-84 years,1995,235.32950637747,147.34672175366,1.5971139607089668,0.6754672587002136,87.98278462381,China higher,False,Age-specific prevalence-rate contrasts use GBD posterior means. A positive log2 ratio means China is higher; zero means equal rates.
Male,80-84 years,1996,235.24904992181,147.25095214285,1.597606307452545,0.6759119337586595,87.99809777896002,China higher,False,Age-specific prevalence-rate contrasts use GBD posterior means. A positive log2 ratio means China is higher; zero means equal rates.
Male,80-84 years,1997,235.12732996551,147.04312258601,1.5990365671674094,0.677202931105841,88.08420737949999,China higher,False,Age-specific prevalence-rate contrasts use GBD posterior means. A positive log2 ratio means China is higher; zero means equal rates.
Male,80-84 years,1998,235.11559708859,146.79818617522,1.601624674081145,0.6795361051233986,88.31741091337,China higher,False,Age-specific prevalence-rate contrasts use GBD posterior means. A positive log2 ratio means China is higher; zero means equal rates.
Male,80-84 years,1999,235.13049155272,146.58112463258,1.6040980183642175,0.6817623003261494,88.54936692013999,China higher,False,Age-specific prevalence-rate contrasts use GBD posterior means. A positive log2 ratio means China is higher; zero means equal rates.
Male,80-84 years,2000,235.17416746314,146.4661772269,1.605655120627726,0.6831620490249848,88.70799023624002,China higher,False,Age-specific prevalence-rate contrasts use GBD posterior means. A positive log2 ratio means China is higher; zero means equal rates.
Male,80-84 years,2001,235.45199317566,146.44747338729002,1.6077572916057872,0.6850496324962139,89.00451978836998,China higher,False,Age-specific prevalence-rate contrasts use GBD posterior means. A positive log2 ratio means China is higher; zero means equal rates.
Male,80-84 years,2002,235.91880327672,146.45568424149002,1.6108545359544715,0.6878262210883862,89.46311903523,China higher,False,Age-specific prevalence-rate contrasts use GBD posterior means. A positive log2 ratio means China is higher; zero means equal rates.
Male,80-84 years,2003,236.39152180705,146.48191480109,1.6137932257920686,0.6904557389410879,89.90960700596,China higher,False,Age-specific prevalence-rate contrasts use GBD posterior means. A positive log2 ratio means China is higher; zero means equal rates.
Male,80-84 years,2004,236.84785844782,146.51577241514,1.6165348927536054,0.6929046482368396,90.33208603268,China higher,False,Age-specific prevalence-rate contrasts use GBD posterior means. A positive log2 ratio means China is higher; zero means equal rates.
Male,80-84 years,2005,237.1945033876,146.5449150025,1.6185788731294672,0.6947276695941754,90.6495883851,China higher,False,Age-specific prevalence-rate contrasts use GBD posterior means. A positive log2 ratio means China is higher; zero means equal rates.
Male,80-84 years,2006,237.68097032055,146.59614493031998,1.6213316553005157,0.6971792349121861,91.08482539023001,China higher,False,Age-specific prevalence-rate contrasts use GBD posterior means. A positive log2 ratio means China is higher; zero means equal rates.
Male,80-84 years,2007,238.50270716805,146.69424926936,1.6258490592232508,0.7011933265285273,91.80845789869,China higher,False,Age-specific prevalence-rate contrasts use GBD posterior means. A positive log2 ratio means China is higher; zero means equal rates.
Male,80-84 years,2008,239.50651739767,146.82119708597,1.6312802384891933,0.7060046446796535,92.6853203117,China higher,False,Age-specific prevalence-rate contrasts use GBD posterior means. A positive log2 ratio means China is higher; zero means equal rates.
Male,80-84 years,2009,240.45811066984,146.96031642831,1.6362111658023002,0.7103589513336642,93.49779424153002,China higher,False,Age-specific prevalence-rate contrasts use GBD posterior means. A positive log2 ratio means China is higher; zero means equal rates.
Male,80-84 years,2010,241.15172996072,147.09273721607,1.6394536842868268,0.7132151451627826,94.05899274465,China higher,False,Age-specific prevalence-rate contrasts use GBD posterior means. A positive log2 ratio means China is higher; zero means equal rates.
Male,80-84 years,2011,241.61945855439,147.36568122968998,1.6395910943321488,0.7133360589071529,94.25377732470002,China higher,False,Age-specific prevalence-rate contrasts use GBD posterior means. A positive log2 ratio means China is higher; zero means equal rates.
Male,80-84 years,2012,242.1158682505,147.8399714274,1.63768881928793,0.7116612534872646,94.2758968231,China higher,False,Age-specific prevalence-rate contrasts use GBD posterior means. A positive log2 ratio means China is higher; zero means equal rates.
Male,80-84 years,2013,242.59332499958,148.36717639955,1.63508756374982,0.7093678983563573,94.22614860003,China higher,False,Age-specific prevalence-rate contrasts use GBD posterior means. A positive log2 ratio means China is higher; zero means equal rates.
Male,80-84 years,2014,242.99012619664,148.79973738228,1.6330010420137797,0.7075257114799097,94.19038881436,China higher,False,Age-specific prevalence-rate contrasts use GBD posterior means. A positive log2 ratio means China is higher; zero means equal rates.
Male,80-84 years,2015,243.23054401418,148.98586607058,1.632574622205793,0.7071489364123121,94.24467794360001,China higher,False,Age-specific prevalence-rate contrasts use GBD posterior means. A positive log2 ratio means China is higher; zero means equal rates.
Male,80-84 years,2016,243.64820742346,148.84974186757,1.6368735636789424,0.7109428886428125,94.79846555589,China higher,False,Age-specific prevalence-rate contrasts use GBD posterior means. A positive log2 ratio means China is higher; zero means equal rates.
Male,80-84 years,2017,244.34815374335,148.50443310087002,1.6453929936043,0.7184322053645998,95.84372064247998,China higher,False,Age-specific prevalence-rate contrasts use GBD posterior means. A positive log2 ratio means China is higher; zero means equal rates.
Male,80-84 years,2018,245.15864520523,148.0783322234,1.6556010695431707,0.727355085683819,97.08031298182999,China higher,False,Age-specific prevalence-rate contrasts use GBD posterior means. A positive log2 ratio means China is higher; zero means equal rates.
Male,80-84 years,2019,245.96222397576,147.70454762358,1.6652312195734578,0.7357225113337414,98.25767635218,China higher,False,Age-specific prevalence-rate contrasts use GBD posterior means. A positive log2 ratio means China is higher; zero means equal rates.
Male,80-84 years,2020,246.67362890187,147.51689646071998,1.6721720346628424,0.7417232809040292,99.15673244115001,China higher,False,Age-specific prevalence-rate contrasts use GBD posterior means. A positive log2 ratio means China is higher; zero means equal rates.
Male,80-84 years,2021,248.14933757147,147.84645721754,1.678425998442054,0.7471089302233179,100.30288035393,China higher,False,Age-specific prevalence-rate contrasts use GBD posterior means. A positive log2 ratio means China is higher; zero means equal rates.
Male,80-84 years,2022,249.37315559004,148.18061964252,1.6828999378707084,0.7509493992291876,101.19253594751999,China higher,False,Age-specific prevalence-rate contrasts use GBD posterior means. A positive log2 ratio means China is higher; zero means equal rates.
Male,80-84 years,2023,247.88557642006,147.28154925396998,1.6830728470448801,0.7510976209910742,100.60402716609002,China higher,False,Age-specific prevalence-rate contrasts use GBD posterior means. A positive log2 ratio means China is higher; zero means equal rates.
Male,85-89 years,1990,158.24768711903,85.40259385812,1.8529611334982181,0.8898326206542001,72.84509326090999,China higher,False,Age-specific prevalence-rate contrasts use GBD posterior means. A positive log2 ratio means China is higher; zero means equal rates.
Male,85-89 years,1991,158.19446800522,85.61170681662,1.8478135045721262,0.8858191563177811,72.58276118859999,China higher,False,Age-specific prevalence-rate contrasts use GBD posterior means. A positive log2 ratio means China is higher; zero means equal rates.
Male,85-89 years,1992,158.20001144827,85.76475969623999,1.8445805947405416,0.8832928256780602,72.43525175203001,China higher,False,Age-specific prevalence-rate contrasts use GBD posterior means. A positive log2 ratio means China is higher; zero means equal rates.
Male,85-89 years,1993,158.47422774652,85.8661722784,1.8455955767156615,0.8840864514731375,72.60805546812,China higher,False,Age-specific prevalence-rate contrasts use GBD posterior means. A positive log2 ratio means China is higher; zero means equal rates.
Male,85-89 years,1994,158.89568025836,85.91950590503001,1.8493551444999374,0.8870223020861793,72.97617435332998,China higher,False,Age-specific prevalence-rate contrasts use GBD posterior means. A positive log2 ratio means China is higher; zero means equal rates.
Male,85-89 years,1995,159.30515244592002,85.92649487909999,1.8539701016556653,0.8906179782995247,73.37865756682002,China higher,False,Age-specific prevalence-rate contrasts use GBD posterior means. A positive log2 ratio means China is higher; zero means equal rates.
Male,85-89 years,1996,159.66969704161,85.82156368105,1.8604845937672676,0.8956784438968552,73.84813336056,China higher,False,Age-specific prevalence-rate contrasts use GBD posterior means. A positive log2 ratio means China is higher; zero means equal rates.
Male,85-89 years,1997,159.9417023145,85.59320406514,1.8686261843028762,0.9019779890979938,74.34849824935999,China higher,False,Age-specific prevalence-rate contrasts use GBD posterior means. A positive log2 ratio means China is higher; zero means equal rates.
Male,85-89 years,1998,160.02716049478002,85.32260366573,1.8755541160197302,0.9073168901851753,74.70455682905002,China higher,False,Age-specific prevalence-rate contrasts use GBD posterior means. A positive log2 ratio means China is higher; zero means equal rates.
Male,85-89 years,1999,160.0628066246,85.09634390027,1.8809598543057047,0.9114690574670911,74.96646272433,China higher,False,Age-specific prevalence-rate contrasts use GBD posterior means. A positive log2 ratio means China is higher; zero means equal rates.
Male,85-89 years,2000,160.11766120995,84.99922731222,1.8837543148692897,0.9136108164194613,75.11843389773,China higher,False,Age-specific prevalence-rate contrasts use GBD posterior means. A positive log2 ratio means China is higher; zero means equal rates.
Male,85-89 years,2001,160.2461598612,85.05823503518,1.8839582057507112,0.9137669601603579,75.18792482602,China higher,False,Age-specific prevalence-rate contrasts use GBD posterior means. A positive log2 ratio means China is higher; zero means equal rates.
Male,85-89 years,2002,160.53456584672,85.20927002828999,1.8840035338106,0.9138016710049672,75.32529581843,China higher,False,Age-specific prevalence-rate contrasts use GBD posterior means. A positive log2 ratio means China is higher; zero means equal rates.
Male,85-89 years,2003,160.99153792508,85.39722663562,1.885208036228297,0.9147237363714837,75.59431128946,China higher,False,Age-specific prevalence-rate contrasts use GBD posterior means. A positive log2 ratio means China is higher; zero means equal rates.
Male,85-89 years,2004,161.44550025679,85.56259615037,1.886870052108533,0.9159950686012568,75.88290410642001,China higher,False,Age-specific prevalence-rate contrasts use GBD posterior means. A positive log2 ratio means China is higher; zero means equal rates.
Male,85-89 years,2005,161.79940344054,85.65112643436,1.889051670143969,0.9176621634737542,76.14827700618001,China higher,False,Age-specific prevalence-rate contrasts use GBD posterior means. A positive log2 ratio means China is higher; zero means equal rates.
Male,85-89 years,2006,162.31755266863,85.66995208622,1.8946847607113202,0.9219578315146275,76.64760058240999,China higher,False,Age-specific prevalence-rate contrasts use GBD posterior means. A positive log2 ratio means China is higher; zero means equal rates.
Male,85-89 years,2007,163.06584447474,85.66942419783,1.9034310782594295,0.9286023319944724,77.39642027691,China higher,False,Age-specific prevalence-rate contrasts use GBD posterior means. A positive log2 ratio means China is higher; zero means equal rates.
Male,85-89 years,2008,163.83123842944,85.66681729506,1.9124235451068563,0.9354020728772006,78.16442113437999,China higher,False,Age-specific prevalence-rate contrasts use GBD posterior means. A positive log2 ratio means China is higher; zero means equal rates.
Male,85-89 years,2009,164.51302836437,85.67683959742999,1.9201575260871881,0.9412246717706324,78.83618876694001,China higher,False,Age-specific prevalence-rate contrasts use GBD posterior means. A positive log2 ratio means China is higher; zero means equal rates.
Male,85-89 years,2010,164.96973325831,85.7142340689,1.9246480476708423,0.9445946503254419,79.25549918940999,China higher,False,Age-specific prevalence-rate contrasts use GBD posterior means. A positive log2 ratio means China is higher; zero means equal rates.
Male,85-89 years,2011,165.375878595,85.87089536705,1.9258664753419736,0.9455076813538861,79.50498322794999,China higher,False,Age-specific prevalence-rate contrasts use GBD posterior means. A positive log2 ratio means China is higher; zero means equal rates.
Male,85-89 years,2012,165.92535896244,86.16454815151,1.9256801378529855,0.945368086433454,79.76081081092998,China higher,False,Age-specific prevalence-rate contrasts use GBD posterior means. A positive log2 ratio means China is higher; zero means equal rates.
Male,85-89 years,2013,166.57792931886,86.4980659199,1.925799467853033,0.9454574841802825,80.07986339895999,China higher,False,Age-specific prevalence-rate contrasts use GBD posterior means. A positive log2 ratio means China is higher; zero means equal rates.
Male,85-89 years,2014,167.24124611642,86.77572866292,1.9272813803277642,0.9465672184256727,80.4655174535,China higher,False,Age-specific prevalence-rate contrasts use GBD posterior means. A positive log2 ratio means China is higher; zero means equal rates.
Male,85-89 years,2015,167.84984242542,86.89894879967001,1.9315520468765142,0.9497605524127063,80.95089362575,China higher,False,Age-specific prevalence-rate contrasts use GBD posterior means. A positive log2 ratio means China is higher; zero means equal rates.
Male,85-89 years,2016,168.47711445209,86.8156306337,1.9406311193308403,0.9565259125450162,81.66148381839001,China higher,False,Age-specific prevalence-rate contrasts use GBD posterior means. A positive log2 ratio means China is higher; zero means equal rates.
Male,85-89 years,2017,169.27049286726998,86.59682290242,1.9546963409732623,0.9669445045155797,82.67366996484998,China higher,False,Age-specific prevalence-rate contrasts use GBD posterior means. A positive log2 ratio means China is higher; zero means equal rates.
Male,85-89 years,2018,170.11452214388,86.328886518,1.9705399780455906,0.9785910189723471,83.78563562588,China higher,False,Age-specific prevalence-rate contrasts use GBD posterior means. A positive log2 ratio means China is higher; zero means equal rates.
Male,85-89 years,2019,170.89162721916,86.0993329615,1.984819409641368,0.9890077485939032,84.79229425766,China higher,False,Age-specific prevalence-rate contrasts use GBD posterior means. A positive log2 ratio means China is higher; zero means equal rates.
Male,85-89 years,2020,171.46639796728002,85.99435430073,1.993926221803429,0.9956120288898189,85.47204366655002,China higher,False,Age-specific prevalence-rate contrasts use GBD posterior means. A positive log2 ratio means China is higher; zero means equal rates.
Male,85-89 years,2021,172.58241304213,86.33157888779999,1.999064713810286,0.99932517582541,86.25083415433002,China higher,False,Age-specific prevalence-rate contrasts use GBD posterior means. A positive log2 ratio means China is higher; zero means equal rates.
Male,85-89 years,2022,173.47707874923998,86.67287489282,2.0015152256546513,1.0010925904408705,86.80420385641997,China higher,False,Age-specific prevalence-rate contrasts use GBD posterior means. A positive log2 ratio means China is higher; zero means equal rates.
Male,85-89 years,2023,172.60453207632,85.9075135359,2.0091901740840177,1.0066141246600453,86.69701854042,China higher,False,Age-specific prevalence-rate contrasts use GBD posterior means. A positive log2 ratio means China is higher; zero means equal rates.
Male,90-94 years,1990,104.07998734276,48.096259597750006,2.1639933793859716,1.1136960853284816,55.98372774501,China higher,False,Age-specific prevalence-rate contrasts use GBD posterior means. A positive log2 ratio means China is higher; zero means equal rates.
Male,90-94 years,1991,104.91798058772,48.28732507552,2.1727851029981733,1.1195454933549218,56.63065551219999,China higher,False,Age-specific prevalence-rate contrasts use GBD posterior means. A positive log2 ratio means China is higher; zero means equal rates.
Male,90-94 years,1992,105.89470756713,48.42286164115,2.1868742155696994,1.1288702419714831,57.47184592598,China higher,False,Age-specific prevalence-rate contrasts use GBD posterior means. A positive log2 ratio means China is higher; zero means equal rates.
Male,90-94 years,1993,106.3943474618,48.52097717693,2.1927494797525786,1.1327409944264353,57.87337028486999,China higher,False,Age-specific prevalence-rate contrasts use GBD posterior means. A positive log2 ratio means China is higher; zero means equal rates.
Male,90-94 years,1994,106.53307660212,48.57009217004,2.193388396899809,1.1331613015997573,57.962984432080006,China higher,False,Age-specific prevalence-rate contrasts use GBD posterior means. A positive log2 ratio means China is higher; zero means equal rates.
Male,90-94 years,1995,106.56545969582,48.58098397903,2.1935632209882576,1.1332762870691833,57.984475716789994,China higher,False,Age-specific prevalence-rate contrasts use GBD posterior means. A positive log2 ratio means China is higher; zero means equal rates.
Male,90-94 years,1996,106.64080955075,48.51051551449,2.1983029539007184,1.136390221579188,58.130294036260004,China higher,False,Age-specific prevalence-rate contrasts use GBD posterior means. A positive log2 ratio means China is higher; zero means equal rates.
Male,90-94 years,1997,106.87677861743,48.32656011827,2.2115536126690905,1.14506021659528,58.55021849916,China higher,False,Age-specific prevalence-rate contrasts use GBD posterior means. A positive log2 ratio means China is higher; zero means equal rates.
Male,90-94 years,1998,107.33755102458998,48.11779679362,2.23072455883562,1.1575123862247179,59.21975423096998,China higher,False,Age-specific prevalence-rate contrasts use GBD posterior means. A positive log2 ratio means China is higher; zero means equal rates.
Male,90-94 years,1999,107.86995184281,47.94398334857,2.249916346302656,1.1698713618788021,59.925968494239996,China higher,False,Age-specific prevalence-rate contrasts use GBD posterior means. A positive log2 ratio means China is higher; zero means equal rates.
Male,90-94 years,2000,108.33716217755,47.86855809061,2.263221757640568,1.1783779513630925,60.46860408694,China higher,False,Age-specific prevalence-rate contrasts use GBD posterior means. A positive log2 ratio means China is higher; zero means equal rates.
Male,90-94 years,2001,108.77848086759,47.94599110694,2.2687711392797705,1.1819110854850328,60.832489760650006,China higher,False,Age-specific prevalence-rate contrasts use GBD posterior means. A positive log2 ratio means China is higher; zero means equal rates.
Male,90-94 years,2002,109.2150003162,48.12900444911,2.269213784209484,1.1821925327166851,61.085995867090006,China higher,False,Age-specific prevalence-rate contrasts use GBD posterior means. A positive log2 ratio means China is higher; zero means equal rates.
Male,90-94 years,2003,109.55213425141,48.35325819296,2.2656618880619765,1.1799325792467563,61.19887605845,China higher,False,Age-specific prevalence-rate contrasts use GBD posterior means. A positive log2 ratio means China is higher; zero means equal rates.
Male,90-94 years,2004,109.86087049918,48.53774113025,2.2634112742158865,1.1784987540089502,61.32312936893,China higher,False,Age-specific prevalence-rate contrasts use GBD posterior means. A positive log2 ratio means China is higher; zero means equal rates.
Male,90-94 years,2005,110.14977311411,48.63047392605,2.2650359789133336,1.1795339669106213,61.51929918806,China higher,False,Age-specific prevalence-rate contrasts use GBD posterior means. A positive log2 ratio means China is higher; zero means equal rates.
Male,90-94 years,2006,110.53179047416,48.60976048124,2.273860010415349,1.185143437828973,61.92202999292,China higher,False,Age-specific prevalence-rate contrasts use GBD posterior means. A positive log2 ratio means China is higher; zero means equal rates.
Male,90-94 years,2007,111.12974457221002,48.52570253608,2.290121291692427,1.195424009802205,62.60404203613002,China higher,False,Age-specific prevalence-rate contrasts use GBD posterior means. A positive log2 ratio means China is higher; zero means equal rates.
Male,90-94 years,2008,111.88417864756,48.427267548900005,2.3103549778971866,1.2081145336789052,63.45691109866,China higher,False,Age-specific prevalence-rate contrasts use GBD posterior means. A positive log2 ratio means China is higher; zero means equal rates.
Male,90-94 years,2009,112.5831344755,48.34706211287,2.3286447936105374,1.2194905907815283,64.23607236263001,China higher,False,Age-specific prevalence-rate contrasts use GBD posterior means. A positive log2 ratio means China is higher; zero means equal rates.
Male,90-94 years,2010,113.07076942586,48.3231242574,2.3398894662433753,1.2264403801210801,64.74764516846,China higher,False,Age-specific prevalence-rate contrasts use GBD posterior means. A positive log2 ratio means China is higher; zero means equal rates.
Male,90-94 years,2011,113.53478261492,48.42492391614,2.344552627723983,1.2293126633215836,65.10985869878,China higher,False,Age-specific prevalence-rate contrasts use GBD posterior means. A positive log2 ratio means China is higher; zero means equal rates.
Male,90-94 years,2012,114.05503259362,48.62358493724,2.3456730461325392,1.2300019359599992,65.43144765638,China higher,False,Age-specific prevalence-rate contrasts use GBD posterior means. A positive log2 ratio means China is higher; zero means equal rates.
Male,90-94 years,2013,114.53586704768,48.85713317053,2.344301837111609,1.2291583337829588,65.67873387715,China higher,False,Age-specific prevalence-rate contrasts use GBD posterior means. A positive log2 ratio means China is higher; zero means equal rates.
Male,90-94 years,2014,114.9650929399,49.04794215451,2.3439330559014873,1.2289313661346841,65.91715078539,China higher,False,Age-specific prevalence-rate contrasts use GBD posterior means. A positive log2 ratio means China is higher; zero means equal rates.
Male,90-94 years,2015,115.29989245927,49.13958563755,2.346374943201874,1.2304335698354407,66.16030682172,China higher,False,Age-specific prevalence-rate contrasts use GBD posterior means. A positive log2 ratio means China is higher; zero means equal rates.
Male,90-94 years,2016,115.68790086084,49.08682941602,2.356801248668223,1.2368300998478117,66.60107144482001,China higher,False,Age-specific prevalence-rate contrasts use GBD posterior means. A positive log2 ratio means China is higher; zero means equal rates.
Male,90-94 years,2017,116.23101616606,48.96030584415001,2.3739846833482923,1.247310626922218,67.27071032191,China higher,False,Age-specific prevalence-rate contrasts use GBD posterior means. A positive log2 ratio means China is higher; zero means equal rates.
Male,90-94 years,2018,116.89086892234,48.80071551694,2.395269571032501,1.2601880304526611,68.0901534054,China higher,False,Age-specific prevalence-rate contrasts use GBD posterior means. A positive log2 ratio means China is higher; zero means equal rates.
Male,90-94 years,2019,117.58752910664,48.67114722425,2.415959676579248,1.2725963756544547,68.91638188239,China higher,False,Age-specific prevalence-rate contrasts use GBD posterior means. A positive log2 ratio means China is higher; zero means equal rates.
Male,90-94 years,2020,118.25977740824,48.61698567925,2.4324786030227687,1.28242711458554,69.64279172899,China higher,False,Age-specific prevalence-rate contrasts use GBD posterior means. A positive log2 ratio means China is higher; zero means equal rates.
Male,90-94 years,2021,119.34513939258,48.90251988761,2.4404701366486723,1.2871590979834038,70.44261950497,China higher,False,Age-specific prevalence-rate contrasts use GBD posterior means. A positive log2 ratio means China is higher; zero means equal rates.
Male,90-94 years,2022,120.25411127203,49.1855816841,2.4449057458418553,1.289778848560902,71.06852958793,China higher,False,Age-specific prevalence-rate contrasts use GBD posterior means. A positive log2 ratio means China is higher; zero means equal rates.
Male,90-94 years,2023,120.00061451734,48.55985733799,2.471189601775446,1.3052057055462365,71.44075717934999,China higher,False,Age-specific prevalence-rate contrasts use GBD posterior means. A positive log2 ratio means China is higher; zero means equal rates.
Male,95+ years,1990,70.72580594549,26.42774041307,2.676195726158719,1.4201836327329191,44.29806553242,China higher,False,Age-specific prevalence-rate contrasts use GBD posterior means. A positive log2 ratio means China is higher; zero means equal rates.
Male,95+ years,1991,70.9024616395,26.57649221061,2.667863805261477,1.415685018663004,44.325969428890005,China higher,False,Age-specific prevalence-rate contrasts use GBD posterior means. A positive log2 ratio means China is higher; zero means equal rates.
Male,95+ years,1992,70.91821588426001,26.68857802524,2.657249697499471,1.40993380194141,44.22963785902001,China higher,False,Age-specific prevalence-rate contrasts use GBD posterior means. A positive log2 ratio means China is higher; zero means equal rates.
Male,95+ years,1993,70.83488585312,26.770821840760004,2.645973525746233,1.4037986268222977,44.06406401235999,China higher,False,Age-specific prevalence-rate contrasts use GBD posterior means. A positive log2 ratio means China is higher; zero means equal rates.
Male,95+ years,1994,70.73849260093,26.81619240275,2.6379021875482875,1.3993910709748976,43.92230019818,China higher,False,Age-specific prevalence-rate contrasts use GBD posterior means. A positive log2 ratio means China is higher; zero means equal rates.
Male,95+ years,1995,70.73786071965,26.83074880812,2.6364475037775335,1.3985952704542026,43.90711191153,China higher,False,Age-specific prevalence-rate contrasts use GBD posterior means. A positive log2 ratio means China is higher; zero means equal rates.
Male,95+ years,1996,71.28227548904,26.77966921512,2.661805674910783,1.4124052511612148,44.50260627392001,China higher,False,Age-specific prevalence-rate contrasts use GBD posterior means. A positive log2 ratio means China is higher; zero means equal rates.
Male,95+ years,1997,71.92888574333,26.6603145117,2.697975888910226,1.431877455363616,45.26857123163,China higher,False,Age-specific prevalence-rate contrasts use GBD posterior means. A positive log2 ratio means China is higher; zero means equal rates.
Male,95+ years,1998,72.30010033949,26.52472084221,2.725762912627361,1.446660081713228,45.77537949728,China higher,False,Age-specific prevalence-rate contrasts use GBD posterior means. A positive log2 ratio means China is higher; zero means equal rates.
Male,95+ years,1999,72.46920937939001,26.40880328146,2.744130758483335,1.4563492279104737,46.06040609793001,China higher,False,Age-specific prevalence-rate contrasts use GBD posterior means. A positive log2 ratio means China is higher; zero means equal rates.
Male,95+ years,2000,72.60388978056,26.36205081926,2.75410628248679,1.4615842349478156,46.2418389613,China higher,False,Age-specific prevalence-rate contrasts use GBD posterior means. A positive log2 ratio means China is higher; zero means equal rates.
Male,95+ years,2001,72.83516907261,26.430412979250004,2.755733295949309,1.4624362685827865,46.40475609335999,China higher,False,Age-specific prevalence-rate contrasts use GBD posterior means. A positive log2 ratio means China is higher; zero means equal rates.
Male,95+ years,2002,73.19613180354,26.5956313464,2.75218628391192,1.4605781233032418,46.60050045714,China higher,False,Age-specific prevalence-rate contrasts use GBD posterior means. A positive log2 ratio means China is higher; zero means equal rates.
Male,95+ years,2003,73.67841374844001,26.78781096992,2.7504454854923908,1.4596653086952245,46.890602778520005,China higher,False,Age-specific prevalence-rate contrasts use GBD posterior means. A positive log2 ratio means China is higher; zero means equal rates.
Male,95+ years,2004,74.19325172415999,26.95597677957,2.75238594879601,1.4606827837658771,47.23727494458999,China higher,False,Age-specific prevalence-rate contrasts use GBD posterior means. A positive log2 ratio means China is higher; zero means equal rates.
Male,95+ years,2005,74.68971986148999,27.02608742937,2.7636157122885123,1.4665570193007367,47.66363243211999,China higher,False,Age-specific prevalence-rate contrasts use GBD posterior means. A positive log2 ratio means China is higher; zero means equal rates.
Male,95+ years,2006,75.31436398516,26.98094577852,2.7913908060672608,1.4809841217186415,48.333418206640005,China higher,False,Age-specific prevalence-rate contrasts use GBD posterior means. A positive log2 ratio means China is higher; zero means equal rates.
Male,95+ years,2007,76.09771198592,26.87121079193,2.8319420578090875,1.501791747847942,49.22650119399,China higher,False,Age-specific prevalence-rate contrasts use GBD posterior means. A positive log2 ratio means China is higher; zero means equal rates.
Male,95+ years,2008,76.89551213992,26.73272542451,2.8764561382663234,1.5242924714082755,50.16278671541,China higher,False,Age-specific prevalence-rate contrasts use GBD posterior means. A positive log2 ratio means China is higher; zero means equal rates.
Male,95+ years,2009,77.63327654929999,26.62003401992,2.9163477586544913,1.5441627634824056,51.013242529379994,China higher,False,Age-specific prevalence-rate contrasts use GBD posterior means. A positive log2 ratio means China is higher; zero means equal rates.
Male,95+ years,2010,78.16209915144,26.574026499730003,2.941296801680925,1.556452371681033,51.58807265171,China higher,False,Age-specific prevalence-rate contrasts use GBD posterior means. A positive log2 ratio means China is higher; zero means equal rates.
Male,95+ years,2011,78.57764903048,26.63432499754,2.9502399267763533,1.5608322856931778,51.943324032940005,China higher,False,Age-specific prevalence-rate contrasts use GBD posterior means. A positive log2 ratio means China is higher; zero means equal rates.
Male,95+ years,2012,79.00268025158,26.77415551649,2.9507067068062276,1.561060527457595,52.228524735090005,China higher,False,Age-specific prevalence-rate contrasts use GBD posterior means. A positive log2 ratio means China is higher; zero means equal rates.
Male,95+ years,2013,79.44790528202,26.9347106537,2.9496476239705327,1.5605426149778692,52.51319462832,China higher,False,Age-specific prevalence-rate contrasts use GBD posterior means. A positive log2 ratio means China is higher; zero means equal rates.
Male,95+ years,2014,79.82621272217,27.07628512083,2.948196636500886,1.5598327513813972,52.74992760134,China higher,False,Age-specific prevalence-rate contrasts use GBD posterior means. A positive log2 ratio means China is higher; zero means equal rates.
Male,95+ years,2015,80.11334970115,27.139791752190003,2.951877834312615,1.5616330156129494,52.97355794895999,China higher,False,Age-specific prevalence-rate contrasts use GBD posterior means. A positive log2 ratio means China is higher; zero means equal rates.
Male,95+ years,2016,80.43166005756,27.117971762710003,2.9659909952469894,1.5685142177749327,53.313688294849996,China higher,False,Age-specific prevalence-rate contrasts use GBD posterior means. A positive log2 ratio means China is higher; zero means equal rates.
Male,95+ years,2017,80.80863691984,27.05288858892,2.9870613134057944,1.5787268511869121,53.75574833092,China higher,False,Age-specific prevalence-rate contrasts use GBD posterior means. A positive log2 ratio means China is higher; zero means equal rates.
Male,95+ years,2018,81.18625499284,26.96545612973,3.010750294831112,1.5901230589933306,54.220798863110005,China higher,False,Age-specific prevalence-rate contrasts use GBD posterior means. A positive log2 ratio means China is higher; zero means equal rates.
Male,95+ years,2019,81.55550195507,26.89609514224,3.0322432131416743,1.6003854752507713,54.65940681283,China higher,False,Age-specific prevalence-rate contrasts use GBD posterior means. A positive log2 ratio means China is higher; zero means equal rates.
Male,95+ years,2020,81.89574415056,26.87430537635,3.0473622668078377,1.6075610160928175,55.021438774210004,China higher,False,Age-specific prevalence-rate contrasts use GBD posterior means. A positive log2 ratio means China is higher; zero means equal rates.
Male,95+ years,2021,82.67066660505,27.08454322996,3.0523190257682664,1.6099057593022363,55.58612337509,China higher,False,Age-specific prevalence-rate contrasts use GBD posterior means. A positive log2 ratio means China is higher; zero means equal rates.
Male,95+ years,2022,83.37984871641001,27.290251219410003,3.055297954058652,1.6113130791871244,56.08959749700001,China higher,False,Age-specific prevalence-rate contrasts use GBD posterior means. A positive log2 ratio means China is higher; zero means equal rates.
Male,95+ years,2023,83.36243249291,26.81206477684,3.109138859194375,1.6365150512230349,56.55036771607,China higher,False,Age-specific prevalence-rate contrasts use GBD posterior means. A positive log2 ratio means China is higher; zero means equal rates.
