population_group_id,population_group_name,measure_id,measure_name,location_id,location_name,sex_id,sex_name,age_id,age_name,cause_id,cause_name,metric_id,metric_name,year,val,upper,lower
1,All Population,2,DALYs (Disability-Adjusted Life Years),102,United States of America,1,Male,19,70-74 years,559,Schizophrenia,1,Number,1990,6786.758196337826,8676.749394126424,5197.198728075293
1,All Population,2,DALYs (Disability-Adjusted Life Years),102,United States of America,2,Female,19,70-74 years,559,Schizophrenia,1,Number,1990,10152.196775729139,12964.956867789395,7672.608179502948
1,All Population,2,DALYs (Disability-Adjusted Life Years),102,United States of America,1,Male,19,70-74 years,559,Schizophrenia,2,Percent,1990,0.0017310607064345198,0.00219727496983692,0.001332668259796777
1,All Population,2,DALYs (Disability-Adjusted Life Years),102,United States of America,2,Female,19,70-74 years,559,Schizophrenia,2,Percent,1990,0.0028548645512942944,0.0036275135797464706,0.002198666877493813
1,All Population,2,DALYs (Disability-Adjusted Life Years),102,United States of America,1,Male,19,70-74 years,559,Schizophrenia,3,Rate,1990,196.13014735846733,250.74889778462918,150.19355676155976
1,All Population,2,DALYs (Disability-Adjusted Life Years),102,United States of America,2,Female,19,70-74 years,559,Schizophrenia,3,Rate,1990,219.44521463525814,280.2445426777664,165.84756835964055
1,All Population,2,DALYs (Disability-Adjusted Life Years),6,China,1,Male,19,70-74 years,559,Schizophrenia,1,Number,1991,22826.78650970571,29370.502978708493,16916.09324665222
1,All Population,2,DALYs (Disability-Adjusted Life Years),6,China,2,Female,19,70-74 years,559,Schizophrenia,1,Number,1991,23349.7804403414,30351.63172815873,17072.570913497962
1,All Population,2,DALYs (Disability-Adjusted Life Years),6,China,1,Male,19,70-74 years,559,Schizophrenia,2,Percent,1991,0.0015036871002881698,0.0020003066353771887,0.0011156250481340975
1,All Population,2,DALYs (Disability-Adjusted Life Years),6,China,2,Female,19,70-74 years,559,Schizophrenia,2,Percent,1991,0.0018556973910898078,0.00240919849515501,0.0013568987045350913
1,All Population,2,DALYs (Disability-Adjusted Life Years),6,China,1,Male,19,70-74 years,559,Schizophrenia,3,Rate,1991,252.66205817029967,325.09226513079915,187.2385731597643
1,All Population,2,DALYs (Disability-Adjusted Life Years),6,China,2,Female,19,70-74 years,559,Schizophrenia,3,Rate,1991,225.05686664371447,292.5442126411477,164.55398050365082
1,All Population,2,DALYs (Disability-Adjusted Life Years),6,China,1,Male,19,70-74 years,559,Schizophrenia,1,Number,1990,22040.85881429351,29042.17025248238,16267.80188280678
1,All Population,2,DALYs (Disability-Adjusted Life Years),6,China,2,Female,19,70-74 years,559,Schizophrenia,1,Number,1990,22642.31430842928,29704.028810026575,16721.56027719722
1,All Population,2,DALYs (Disability-Adjusted Life Years),6,China,1,Male,19,70-74 years,559,Schizophrenia,2,Percent,1990,0.0014849408394548194,0.002042778025543623,0.0010854444039116356
1,All Population,2,DALYs (Disability-Adjusted Life Years),6,China,2,Female,19,70-74 years,559,Schizophrenia,2,Percent,1990,0.0018198352792166668,0.002399449467863881,0.0013763708288155488
1,All Population,2,DALYs (Disability-Adjusted Life Years),6,China,1,Male,19,70-74 years,559,Schizophrenia,3,Rate,1990,251.89936476509882,331.9155709693092,185.92056665895657
1,All Population,2,DALYs (Disability-Adjusted Life Years),6,China,2,Female,19,70-74 years,559,Schizophrenia,3,Rate,1990,223.5883262835249,293.32134494038684,165.12206412732897
1,All Population,2,DALYs (Disability-Adjusted Life Years),6,China,1,Male,19,70-74 years,559,Schizophrenia,1,Number,1992,23727.815382883746,31440.078155590338,17549.83005125463
1,All Population,2,DALYs (Disability-Adjusted Life Years),6,China,2,Female,19,70-74 years,559,Schizophrenia,1,Number,1992,24133.246065068106,30839.230533154005,18053.32007385708
1,All Population,2,DALYs (Disability-Adjusted Life Years),6,China,1,Male,19,70-74 years,559,Schizophrenia,2,Percent,1992,0.0015351389528142616,0.002001516390353964,0.0011010823749882477
1,All Population,2,DALYs (Disability-Adjusted Life Years),6,China,2,Female,19,70-74 years,559,Schizophrenia,2,Percent,1992,0.0019011368647591127,0.0024652928322773677,0.001422059164534985
1,All Population,2,DALYs (Disability-Adjusted Life Years),6,China,1,Male,19,70-74 years,559,Schizophrenia,3,Rate,1992,253.93833173988568,336.4760247739216,187.82068612810005
1,All Population,2,DALYs (Disability-Adjusted Life Years),6,China,2,Female,19,70-74 years,559,Schizophrenia,3,Rate,1992,226.70042656272366,289.69441980089675,169.58743761954136
1,All Population,2,DALYs (Disability-Adjusted Life Years),102,United States of America,1,Male,19,70-74 years,559,Schizophrenia,1,Number,1991,6944.773410938804,8814.915474281008,5223.7691086385
1,All Population,2,DALYs (Disability-Adjusted Life Years),102,United States of America,2,Female,19,70-74 years,559,Schizophrenia,1,Number,1991,10329.407631247132,13288.103842949082,7863.896896639831
1,All Population,2,DALYs (Disability-Adjusted Life Years),102,United States of America,1,Male,19,70-74 years,559,Schizophrenia,2,Percent,1991,0.0017501103556118137,0.0022104320531036604,0.0013090329636255603
1,All Population,2,DALYs (Disability-Adjusted Life Years),102,United States of America,2,Female,19,70-74 years,559,Schizophrenia,2,Percent,1991,0.0028571623431697495,0.0036125584395376646,0.0021840255369892773
1,All Population,2,DALYs (Disability-Adjusted Life Years),102,United States of America,1,Male,19,70-74 years,559,Schizophrenia,3,Rate,1991,195.9843250089594,248.76049325336527,147.41688492623885
1,All Population,2,DALYs (Disability-Adjusted Life Years),102,United States of America,2,Female,19,70-74 years,559,Schizophrenia,3,Rate,1991,219.07767243616044,281.8290230116332,166.78635308981382
1,All Population,2,DALYs (Disability-Adjusted Life Years),102,United States of America,1,Male,19,70-74 years,559,Schizophrenia,1,Number,1993,7295.292694935453,9452.710557252263,5552.358931249163
1,All Population,2,DALYs (Disability-Adjusted Life Years),102,United States of America,2,Female,19,70-74 years,559,Schizophrenia,1,Number,1993,10800.644520308726,13987.187231375645,7953.254602675273
1,All Population,2,DALYs (Disability-Adjusted Life Years),102,United States of America,1,Male,19,70-74 years,559,Schizophrenia,2,Percent,1993,0.0017743368151882386,0.0022750008093343132,0.0013439929149820333
1,All Population,2,DALYs (Disability-Adjusted Life Years),102,United States of America,2,Female,19,70-74 years,559,Schizophrenia,2,Percent,1993,0.0028538538510935628,0.003625161705434435,0.002122820035553605
1,All Population,2,DALYs (Disability-Adjusted Life Years),102,United States of America,1,Male,19,70-74 years,559,Schizophrenia,3,Rate,1993,196.33821098564357,254.40079752584035,149.43063491728296
1,All Population,2,DALYs (Disability-Adjusted Life Years),102,United States of America,2,Female,19,70-74 years,559,Schizophrenia,3,Rate,1993,220.1631855507691,285.11851232251115,162.1212387398576
1,All Population,2,DALYs (Disability-Adjusted Life Years),102,United States of America,1,Male,19,70-74 years,559,Schizophrenia,1,Number,1992,7140.406570548067,9388.633134687898,5338.405903299457
1,All Population,2,DALYs (Disability-Adjusted Life Years),102,United States of America,2,Female,19,70-74 years,559,Schizophrenia,1,Number,1992,10639.538934072327,13558.039056918069,8010.922602638775
1,All Population,2,DALYs (Disability-Adjusted Life Years),102,United States of America,1,Male,19,70-74 years,559,Schizophrenia,2,Percent,1992,0.0017804190817925938,0.0023073414950294546,0.0013400759257658212
1,All Population,2,DALYs (Disability-Adjusted Life Years),102,United States of America,2,Female,19,70-74 years,559,Schizophrenia,2,Percent,1992,0.0028828030890137297,0.003603754048779755,0.0021715359806886484
1,All Population,2,DALYs (Disability-Adjusted Life Years),102,United States of America,1,Male,19,70-74 years,559,Schizophrenia,3,Rate,1992,195.85833201714252,257.52623572801787,146.43021591562484
1,All Population,2,DALYs (Disability-Adjusted Life Years),102,United States of America,2,Female,19,70-74 years,559,Schizophrenia,3,Rate,1992,220.38287477666748,280.83544242027466,165.93483643629793
1,All Population,2,DALYs (Disability-Adjusted Life Years),102,United States of America,1,Male,19,70-74 years,559,Schizophrenia,1,Number,1994,7398.337123514939,9470.368847817776,5482.184314580256
1,All Population,2,DALYs (Disability-Adjusted Life Years),102,United States of America,2,Female,19,70-74 years,559,Schizophrenia,1,Number,1994,10981.711763671814,13865.787298376037,8316.503925269328
1,All Population,2,DALYs (Disability-Adjusted Life Years),102,United States of America,1,Male,19,70-74 years,559,Schizophrenia,2,Percent,1994,0.001794434365718409,0.0022822655395912566,0.0013337143250952955
1,All Population,2,DALYs (Disability-Adjusted Life Years),102,United States of America,2,Female,19,70-74 years,559,Schizophrenia,2,Percent,1994,0.0028783236339145926,0.003592922373617382,0.002183214630398333
1,All Population,2,DALYs (Disability-Adjusted Life Years),102,United States of America,1,Male,19,70-74 years,559,Schizophrenia,3,Rate,1994,195.81806392207233,250.6602850677518,145.101622246032
1,All Population,2,DALYs (Disability-Adjusted Life Years),102,United States of America,2,Female,19,70-74 years,559,Schizophrenia,3,Rate,1994,220.81334393967248,278.8045184211729,167.2230232540833
1,All Population,2,DALYs (Disability-Adjusted Life Years),6,China,1,Male,19,70-74 years,559,Schizophrenia,1,Number,1993,24534.130192966357,31561.510987241014,17818.861115878786
1,All Population,2,DALYs (Disability-Adjusted Life Years),6,China,2,Female,19,70-74 years,559,Schizophrenia,1,Number,1993,25004.72777152957,32144.504826096163,18170.492137505964
1,All Population,2,DALYs (Disability-Adjusted Life Years),6,China,1,Male,19,70-74 years,559,Schizophrenia,2,Percent,1993,0.001564187556584688,0.0019900880352229787,0.0011329280525428137
1,All Population,2,DALYs (Disability-Adjusted Life Years),6,China,2,Female,19,70-74 years,559,Schizophrenia,2,Percent,1993,0.0019498607054109491,0.002545153454476179,0.0014749936248501295
1,All Population,2,DALYs (Disability-Adjusted Life Years),6,China,1,Male,19,70-74 years,559,Schizophrenia,3,Rate,1993,253.72032850911643,326.3941649018645,184.27420334123778
1,All Population,2,DALYs (Disability-Adjusted Life Years),6,China,2,Female,19,70-74 years,559,Schizophrenia,3,Rate,1993,228.19431833928164,293.35225858753887,165.82476342448118
1,All Population,2,DALYs (Disability-Adjusted Life Years),6,China,1,Male,19,70-74 years,559,Schizophrenia,1,Number,1994,25624.499096092626,33827.197705829254,18568.41259704609
1,All Population,2,DALYs (Disability-Adjusted Life Years),6,China,2,Female,19,70-74 years,559,Schizophrenia,1,Number,1994,25970.972629414213,34291.39609317784,19225.812987261826
1,All Population,2,DALYs (Disability-Adjusted Life Years),6,China,1,Male,19,70-74 years,559,Schizophrenia,2,Percent,1994,0.0016003980294223212,0.002031044823925799,0.0011873329380380393
1,All Population,2,DALYs (Disability-Adjusted Life Years),6,China,2,Female,19,70-74 years,559,Schizophrenia,2,Percent,1994,0.001997704027699526,0.0025771747548042345,0.001513541015849482
1,All Population,2,DALYs (Disability-Adjusted Life Years),6,China,1,Male,19,70-74 years,559,Schizophrenia,3,Rate,1994,254.22585869610674,335.60649719622234,184.22099177062412
1,All Population,2,DALYs (Disability-Adjusted Life Years),6,China,2,Female,19,70-74 years,559,Schizophrenia,3,Rate,1994,229.10896641785908,302.5095142965613,169.604974172812
1,All Population,2,DALYs (Disability-Adjusted Life Years),102,United States of America,1,Male,19,70-74 years,559,Schizophrenia,1,Number,1995,7506.842474429902,9858.081886123255,5682.75262198961
1,All Population,2,DALYs (Disability-Adjusted Life Years),102,United States of America,2,Female,19,70-74 years,559,Schizophrenia,1,Number,1995,11061.603744807635,14213.840004903253,8343.532041545004
1,All Population,2,DALYs (Disability-Adjusted Life Years),102,United States of America,1,Male,19,70-74 years,559,Schizophrenia,2,Percent,1995,0.0018118854901368459,0.0023641671185628704,0.0013592861590762157
1,All Population,2,DALYs (Disability-Adjusted Life Years),102,United States of America,2,Female,19,70-74 years,559,Schizophrenia,2,Percent,1995,0.002874948091329789,0.003634843859218647,0.002163563427177755
1,All Population,2,DALYs (Disability-Adjusted Life Years),102,United States of America,1,Male,19,70-74 years,559,Schizophrenia,3,Rate,1995,196.21273976490676,257.66908820741446,148.53494863717233
1,All Population,2,DALYs (Disability-Adjusted Life Years),102,United States of America,2,Female,19,70-74 years,559,Schizophrenia,3,Rate,1995,220.3270440698471,283.11386173384756,166.1879953599476
1,All Population,2,DALYs (Disability-Adjusted Life Years),6,China,1,Male,19,70-74 years,559,Schizophrenia,1,Number,1996,27552.81379681874,36154.7262247384,20258.651323451464
1,All Population,2,DALYs (Disability-Adjusted Life Years),6,China,2,Female,19,70-74 years,559,Schizophrenia,1,Number,1996,27507.643341701303,36303.20527833665,19958.91388562439
1,All Population,2,DALYs (Disability-Adjusted Life Years),6,China,1,Male,19,70-74 years,559,Schizophrenia,2,Percent,1996,0.0016780899398524435,0.002171567108494159,0.0012549211566460765
1,All Population,2,DALYs (Disability-Adjusted Life Years),6,China,2,Female,19,70-74 years,559,Schizophrenia,2,Percent,1996,0.002090817487169101,0.00268768044804403,0.0015745569349173158
1,All Population,2,DALYs (Disability-Adjusted Life Years),6,China,1,Male,19,70-74 years,559,Schizophrenia,3,Rate,1996,254.05892704617457,333.3754229256172,186.80092917525928
1,All Population,2,DALYs (Disability-Adjusted Life Years),6,China,2,Female,19,70-74 years,559,Schizophrenia,3,Rate,1996,229.5498819452319,302.94839810004197,166.55611930428512
1,All Population,2,DALYs (Disability-Adjusted Life Years),6,China,1,Male,19,70-74 years,559,Schizophrenia,1,Number,1997,28398.09079271938,37047.58920901418,20875.7565632708
1,All Population,2,DALYs (Disability-Adjusted Life Years),6,China,2,Female,19,70-74 years,559,Schizophrenia,1,Number,1997,28136.953643700548,36668.01704740007,20446.96173985126
1,All Population,2,DALYs (Disability-Adjusted Life Years),6,China,1,Male,19,70-74 years,559,Schizophrenia,2,Percent,1997,0.0017047784209522142,0.002184472075606474,0.001253606490581758
1,All Population,2,DALYs (Disability-Adjusted Life Years),6,China,2,Female,19,70-74 years,559,Schizophrenia,2,Percent,1997,0.0021232586937108638,0.0027785349722402753,0.0015727763296519899
1,All Population,2,DALYs (Disability-Adjusted Life Years),6,China,1,Male,19,70-74 years,559,Schizophrenia,3,Rate,1997,253.00601812739313,330.0666617135805,185.98757508106988
1,All Population,2,DALYs (Disability-Adjusted Life Years),6,China,2,Female,19,70-74 years,559,Schizophrenia,3,Rate,1997,229.28417515677575,298.8026404638873,166.61948611603026
1,All Population,2,DALYs (Disability-Adjusted Life Years),6,China,1,Male,19,70-74 years,559,Schizophrenia,1,Number,1995,26574.526692771327,34747.16189844022,19818.992886535834
1,All Population,2,DALYs (Disability-Adjusted Life Years),6,China,2,Female,19,70-74 years,559,Schizophrenia,1,Number,1995,26852.069185932414,34992.328084673696,19921.181935094643
1,All Population,2,DALYs (Disability-Adjusted Life Years),6,China,1,Male,19,70-74 years,559,Schizophrenia,2,Percent,1995,0.0016350715916689297,0.002130096351857747,0.0011845382668976556
1,All Population,2,DALYs (Disability-Adjusted Life Years),6,China,2,Female,19,70-74 years,559,Schizophrenia,2,Percent,1995,0.002048701362870258,0.0026351505892714495,0.0015688938148196354
1,All Population,2,DALYs (Disability-Adjusted Life Years),6,China,1,Male,19,70-74 years,559,Schizophrenia,3,Rate,1995,253.57385552589253,331.55705510896627,189.1126226622942
1,All Population,2,DALYs (Disability-Adjusted Life Years),6,China,2,Female,19,70-74 years,559,Schizophrenia,3,Rate,1995,229.68202156101722,299.31058936138834,170.39794241013053
1,All Population,2,DALYs (Disability-Adjusted Life Years),102,United States of America,1,Male,19,70-74 years,559,Schizophrenia,1,Number,1996,7525.252997641224,9895.03584269921,5642.522477472154
1,All Population,2,DALYs (Disability-Adjusted Life Years),102,United States of America,2,Female,19,70-74 years,559,Schizophrenia,1,Number,1996,11092.802932645094,14083.967414876417,8472.583985616771
1,All Population,2,DALYs (Disability-Adjusted Life Years),102,United States of America,1,Male,19,70-74 years,559,Schizophrenia,2,Percent,1996,0.0018300714794705023,0.0023902075722537757,0.0013768426864791156
1,All Population,2,DALYs (Disability-Adjusted Life Years),102,United States of America,2,Female,19,70-74 years,559,Schizophrenia,2,Percent,1996,0.002887965770143286,0.0036237558622246747,0.0021776968602734903
1,All Population,2,DALYs (Disability-Adjusted Life Years),102,United States of America,1,Male,19,70-74 years,559,Schizophrenia,3,Rate,1996,195.69458710350253,257.32091056850066,146.73408412943158
1,All Population,2,DALYs (Disability-Adjusted Life Years),102,United States of America,2,Female,19,70-74 years,559,Schizophrenia,3,Rate,1996,220.70207166750205,280.2141897439826,168.57027474088906
1,All Population,2,DALYs (Disability-Adjusted Life Years),6,China,1,Male,19,70-74 years,559,Schizophrenia,1,Number,1998,29493.35338986392,37576.50391609926,21464.414838829114
1,All Population,2,DALYs (Disability-Adjusted Life Years),6,China,2,Female,19,70-74 years,559,Schizophrenia,1,Number,1998,28769.747574160163,37697.12976924673,20739.816444644144
1,All Population,2,DALYs (Disability-Adjusted Life Years),6,China,1,Male,19,70-74 years,559,Schizophrenia,2,Percent,1998,0.001730037114921788,0.0021960558513346266,0.0012711970968799398
1,All Population,2,DALYs (Disability-Adjusted Life Years),6,China,2,Female,19,70-74 years,559,Schizophrenia,2,Percent,1998,0.00214245886636136,0.002803893539200718,0.0015908418881479204
1,All Population,2,DALYs (Disability-Adjusted Life Years),6,China,1,Male,19,70-74 years,559,Schizophrenia,3,Rate,1998,253.06071933371499,322.4162741128742,184.17031754205766
1,All Population,2,DALYs (Disability-Adjusted Life Years),6,China,2,Female,19,70-74 years,559,Schizophrenia,3,Rate,1998,228.4698924616838,299.3651286752856,164.70160610789557
1,All Population,2,DALYs (Disability-Adjusted Life Years),102,United States of America,1,Male,19,70-74 years,559,Schizophrenia,1,Number,1997,7500.680048887154,9650.329060921202,5463.409147656743
1,All Population,2,DALYs (Disability-Adjusted Life Years),102,United States of America,2,Female,19,70-74 years,559,Schizophrenia,1,Number,1997,11001.385249735868,14153.072278610482,8271.182258845645
1,All Population,2,DALYs (Disability-Adjusted Life Years),102,United States of America,1,Male,19,70-74 years,559,Schizophrenia,2,Percent,1997,0.0018431627471348115,0.0023290022278816148,0.0013606386491721734
1,All Population,2,DALYs (Disability-Adjusted Life Years),102,United States of America,2,Female,19,70-74 years,559,Schizophrenia,2,Percent,1997,0.0028939781083607754,0.0036679037562515546,0.002176304385115957
1,All Population,2,DALYs (Disability-Adjusted Life Years),102,United States of America,1,Male,19,70-74 years,559,Schizophrenia,3,Rate,1997,195.09356771727704,251.00619062136502,142.10391265438687
1,All Population,2,DALYs (Disability-Adjusted Life Years),102,United States of America,2,Female,19,70-74 years,559,Schizophrenia,3,Rate,1997,220.32392083986105,283.4425216068377,165.6463494261981
1,All Population,2,DALYs (Disability-Adjusted Life Years),6,China,1,Male,19,70-74 years,559,Schizophrenia,1,Number,1999,30458.325574995204,39826.412712317455,22051.009690076284
1,All Population,2,DALYs (Disability-Adjusted Life Years),6,China,2,Female,19,70-74 years,559,Schizophrenia,1,Number,1999,29517.810507801332,38587.00331467685,21760.64756464465
1,All Population,2,DALYs (Disability-Adjusted Life Years),6,China,1,Male,19,70-74 years,559,Schizophrenia,2,Percent,1999,0.0017443979833965874,0.002288324843276674,0.0012799137747492796
1,All Population,2,DALYs (Disability-Adjusted Life Years),6,China,2,Female,19,70-74 years,559,Schizophrenia,2,Percent,1999,0.0021618251023012907,0.0028534421042361985,0.0016072514057486656
1,All Population,2,DALYs (Disability-Adjusted Life Years),6,China,1,Male,19,70-74 years,559,Schizophrenia,3,Rate,1999,251.74679036071862,329.176715483606,182.25791500000017
1,All Population,2,DALYs (Disability-Adjusted Life Years),6,China,2,Female,19,70-74 years,559,Schizophrenia,3,Rate,1999,228.52337103119635,298.73598087945453,168.4683400206838
1,All Population,2,DALYs (Disability-Adjusted Life Years),102,United States of America,1,Male,19,70-74 years,559,Schizophrenia,1,Number,1998,7562.594598777958,9747.204554351028,5536.983881528832
1,All Population,2,DALYs (Disability-Adjusted Life Years),102,United States of America,2,Female,19,70-74 years,559,Schizophrenia,1,Number,1998,10966.291504445411,14058.837262211942,8281.749688166963
1,All Population,2,DALYs (Disability-Adjusted Life Years),102,United States of America,1,Male,19,70-74 years,559,Schizophrenia,2,Percent,1998,0.0018620093900925962,0.0023799424648539946,0.001371905644364356
1,All Population,2,DALYs (Disability-Adjusted Life Years),102,United States of America,2,Female,19,70-74 years,559,Schizophrenia,2,Percent,1998,0.002879608689923419,0.0035842341278227645,0.0021875463847854763
1,All Population,2,DALYs (Disability-Adjusted Life Years),102,United States of America,1,Male,19,70-74 years,559,Schizophrenia,3,Rate,1998,195.59008187723325,252.09027298220155,143.20206069437384
1,All Population,2,DALYs (Disability-Adjusted Life Years),102,United States of America,2,Female,19,70-74 years,559,Schizophrenia,3,Rate,1998,220.12558869057156,282.2020395313076,166.23897192197654
1,All Population,2,DALYs (Disability-Adjusted Life Years),6,China,1,Male,19,70-74 years,559,Schizophrenia,1,Number,2000,31676.884915093746,41671.559104561355,22954.699206645055
1,All Population,2,DALYs (Disability-Adjusted Life Years),6,China,2,Female,19,70-74 years,559,Schizophrenia,1,Number,2000,30263.014234008824,39010.37135397701,21598.16409845747
1,All Population,2,DALYs (Disability-Adjusted Life Years),6,China,1,Male,19,70-74 years,559,Schizophrenia,2,Percent,2000,0.0017666292835409282,0.0022795097248241945,0.0012910854339942255
1,All Population,2,DALYs (Disability-Adjusted Life Years),6,China,2,Female,19,70-74 years,559,Schizophrenia,2,Percent,2000,0.0021806385367860535,0.0028905023706659603,0.001578307219463589
1,All Population,2,DALYs (Disability-Adjusted Life Years),6,China,1,Male,19,70-74 years,559,Schizophrenia,3,Rate,2000,252.17962396126038,331.74720724702377,182.7423191892625
1,All Population,2,DALYs (Disability-Adjusted Life Years),6,China,2,Female,19,70-74 years,559,Schizophrenia,3,Rate,2000,228.30593535351994,294.2965050206134,162.93780316422738
1,All Population,2,DALYs (Disability-Adjusted Life Years),102,United States of America,1,Male,19,70-74 years,559,Schizophrenia,1,Number,2001,7506.980503913788,9598.890307161768,5714.890697046492
1,All Population,2,DALYs (Disability-Adjusted Life Years),102,United States of America,2,Female,19,70-74 years,559,Schizophrenia,1,Number,2001,10564.321162541499,13353.110729707878,7970.801578437643
1,All Population,2,DALYs (Disability-Adjusted Life Years),102,United States of America,1,Male,19,70-74 years,559,Schizophrenia,2,Percent,2001,0.001930819708983464,0.0024633496715361584,0.0014371756290762526
1,All Population,2,DALYs (Disability-Adjusted Life Years),102,United States of America,2,Female,19,70-74 years,559,Schizophrenia,2,Percent,2001,0.0028903372043828797,0.0036764904447239974,0.002207685846780015
1,All Population,2,DALYs (Disability-Adjusted Life Years),102,United States of America,1,Male,19,70-74 years,559,Schizophrenia,3,Rate,2001,194.36798356017798,248.53094429187223,147.96785211745666
1,All Population,2,DALYs (Disability-Adjusted Life Years),102,United States of America,2,Female,19,70-74 years,559,Schizophrenia,3,Rate,2001,218.40354735588673,276.05813063927627,164.7859160296371
1,All Population,2,DALYs (Disability-Adjusted Life Years),102,United States of America,1,Male,19,70-74 years,559,Schizophrenia,1,Number,1999,7499.392912503281,9621.954012947766,5639.304182218017
1,All Population,2,DALYs (Disability-Adjusted Life Years),102,United States of America,2,Female,19,70-74 years,559,Schizophrenia,1,Number,1999,10785.163721688306,13621.271844124502,8178.354051757281
1,All Population,2,DALYs (Disability-Adjusted Life Years),102,United States of America,1,Male,19,70-74 years,559,Schizophrenia,2,Percent,1999,0.0018592025784479557,0.0023998184502297152,0.001390061661155987
1,All Population,2,DALYs (Disability-Adjusted Life Years),102,United States of America,2,Female,19,70-74 years,559,Schizophrenia,2,Percent,1999,0.002856153011407835,0.0035990998254860733,0.0021514376352477845
1,All Population,2,DALYs (Disability-Adjusted Life Years),102,United States of America,1,Male,19,70-74 years,559,Schizophrenia,3,Rate,1999,194.41574903597424,249.4414439198271,146.1944399258914
1,All Population,2,DALYs (Disability-Adjusted Life Years),102,United States of America,2,Female,19,70-74 years,559,Schizophrenia,3,Rate,1999,218.8988908868531,276.4613849255892,165.99030644380667
1,All Population,2,DALYs (Disability-Adjusted Life Years),6,China,1,Male,19,70-74 years,559,Schizophrenia,1,Number,2001,32865.23670661662,42578.22081576516,23760.115189403714
1,All Population,2,DALYs (Disability-Adjusted Life Years),6,China,2,Female,19,70-74 years,559,Schizophrenia,1,Number,2001,30988.23820213587,40027.76542703829,22864.289450546814
1,All Population,2,DALYs (Disability-Adjusted Life Years),6,China,1,Male,19,70-74 years,559,Schizophrenia,2,Percent,2001,0.001805574911813673,0.0023396145121109342,0.00132144328972184
1,All Population,2,DALYs (Disability-Adjusted Life Years),6,China,2,Female,19,70-74 years,559,Schizophrenia,2,Percent,2001,0.002220078996317968,0.0028658653112261937,0.0016418108048841889
1,All Population,2,DALYs (Disability-Adjusted Life Years),6,China,1,Male,19,70-74 years,559,Schizophrenia,3,Rate,2001,252.87909511452824,327.61492173612004,182.82042154601962
1,All Population,2,DALYs (Disability-Adjusted Life Years),6,China,2,Female,19,70-74 years,559,Schizophrenia,3,Rate,2001,228.06841348153546,294.5978695725416,168.27746664246948
1,All Population,2,DALYs (Disability-Adjusted Life Years),102,United States of America,1,Male,19,70-74 years,559,Schizophrenia,1,Number,2002,7448.702744590893,9561.740992549228,5646.217260661606
1,All Population,2,DALYs (Disability-Adjusted Life Years),102,United States of America,2,Female,19,70-74 years,559,Schizophrenia,1,Number,2002,10373.664779953158,13414.982628107457,7693.874506660791
1,All Population,2,DALYs (Disability-Adjusted Life Years),102,United States of America,1,Male,19,70-74 years,559,Schizophrenia,2,Percent,2002,0.001952908349372449,0.0025293930952608734,0.0014819649246492193
1,All Population,2,DALYs (Disability-Adjusted Life Years),102,United States of America,2,Female,19,70-74 years,559,Schizophrenia,2,Percent,2002,0.002888294516799029,0.003628785376941027,0.002203675671243424
1,All Population,2,DALYs (Disability-Adjusted Life Years),102,United States of America,1,Male,19,70-74 years,559,Schizophrenia,3,Rate,2002,194.17829668010114,249.26254180001953,147.18977088422838
1,All Population,2,DALYs (Disability-Adjusted Life Years),102,United States of America,2,Female,19,70-74 years,559,Schizophrenia,3,Rate,2002,217.58544618864437,281.3764511063039,161.3774064384973
1,All Population,2,DALYs (Disability-Adjusted Life Years),102,United States of America,1,Male,19,70-74 years,559,Schizophrenia,1,Number,2000,7511.768300396115,9803.896515362529,5623.799067291371
1,All Population,2,DALYs (Disability-Adjusted Life Years),102,United States of America,2,Female,19,70-74 years,559,Schizophrenia,1,Number,2000,10683.20494934075,13422.163610074562,8048.490186857782
1,All Population,2,DALYs (Disability-Adjusted Life Years),102,United States of America,1,Male,19,70-74 years,559,Schizophrenia,2,Percent,2000,0.0018974840639520315,0.002442944738635603,0.0014177753029089818
1,All Population,2,DALYs (Disability-Adjusted Life Years),102,United States of America,2,Female,19,70-74 years,559,Schizophrenia,2,Percent,2000,0.00287518821169169,0.003579469727504552,0.00219480606972453
1,All Population,2,DALYs (Disability-Adjusted Life Years),102,United States of America,1,Male,19,70-74 years,559,Schizophrenia,3,Rate,2000,194.64590615134372,254.03982720634687,145.724604605854
1,All Population,2,DALYs (Disability-Adjusted Life Years),102,United States of America,2,Female,19,70-74 years,559,Schizophrenia,3,Rate,2000,218.9532505585295,275.08845574806514,164.9545334810491
1,All Population,2,DALYs (Disability-Adjusted Life Years),6,China,1,Male,19,70-74 years,559,Schizophrenia,1,Number,2002,34041.35793122284,43878.1316910309,24927.53761641525
1,All Population,2,DALYs (Disability-Adjusted Life Years),6,China,2,Female,19,70-74 years,559,Schizophrenia,1,Number,2002,31873.384113659038,41306.785523395505,23001.70406857124
1,All Population,2,DALYs (Disability-Adjusted Life Years),6,China,1,Male,19,70-74 years,559,Schizophrenia,2,Percent,2002,0.0018694654733438008,0.0024355893861511524,0.0013337637234216233
1,All Population,2,DALYs (Disability-Adjusted Life Years),6,China,2,Female,19,70-74 years,559,Schizophrenia,2,Percent,2002,0.002296393590703129,0.003054156192451999,0.001669929343322579
1,All Population,2,DALYs (Disability-Adjusted Life Years),6,China,1,Male,19,70-74 years,559,Schizophrenia,3,Rate,2002,253.8482099975451,327.20155319034984,185.8859689545344
1,All Population,2,DALYs (Disability-Adjusted Life Years),6,China,2,Female,19,70-74 years,559,Schizophrenia,3,Rate,2002,228.7085083026953,296.3981880978443,165.0494784985366
1,All Population,2,DALYs (Disability-Adjusted Life Years),6,China,1,Male,19,70-74 years,559,Schizophrenia,1,Number,2004,36466.06560778605,47385.21988065944,26787.227754050098
1,All Population,2,DALYs (Disability-Adjusted Life Years),6,China,2,Female,19,70-74 years,559,Schizophrenia,1,Number,2004,34103.980078647335,43917.402441833445,25437.81030876668
1,All Population,2,DALYs (Disability-Adjusted Life Years),6,China,1,Male,19,70-74 years,559,Schizophrenia,2,Percent,2004,0.0020103853736968915,0.0025582418059011272,0.0014714826897162022
1,All Population,2,DALYs (Disability-Adjusted Life Years),6,China,2,Female,19,70-74 years,559,Schizophrenia,2,Percent,2004,0.002480106021581216,0.00324752683117736,0.0018530272558323591
1,All Population,2,DALYs (Disability-Adjusted Life Years),6,China,1,Male,19,70-74 years,559,Schizophrenia,3,Rate,2004,254.98701792105484,331.33862152441844,187.30826069481319
1,All Population,2,DALYs (Disability-Adjusted Life Years),6,China,2,Female,19,70-74 years,559,Schizophrenia,3,Rate,2004,230.18976907309374,296.42688926813156,171.69619695990656
1,All Population,2,DALYs (Disability-Adjusted Life Years),6,China,1,Male,19,70-74 years,559,Schizophrenia,1,Number,2003,35206.67996210624,45652.82744498313,26018.95018130671
1,All Population,2,DALYs (Disability-Adjusted Life Years),6,China,2,Female,19,70-74 years,559,Schizophrenia,1,Number,2003,32832.51472166793,43214.28325764482,24554.308094983207
1,All Population,2,DALYs (Disability-Adjusted Life Years),6,China,1,Male,19,70-74 years,559,Schizophrenia,2,Percent,2003,0.0019324056210762682,0.0025114388548660082,0.0014002121974351894
1,All Population,2,DALYs (Disability-Adjusted Life Years),6,China,2,Female,19,70-74 years,559,Schizophrenia,2,Percent,2003,0.002377591900241632,0.003077697485252839,0.0017746868841676934
1,All Population,2,DALYs (Disability-Adjusted Life Years),6,China,1,Male,19,70-74 years,559,Schizophrenia,3,Rate,2003,254.89305060442507,330.52217558411905,188.37475139308933
1,All Population,2,DALYs (Disability-Adjusted Life Years),6,China,2,Female,19,70-74 years,559,Schizophrenia,3,Rate,2003,229.3630154667502,301.888490821765,171.53270759513964
1,All Population,2,DALYs (Disability-Adjusted Life Years),102,United States of America,1,Male,19,70-74 years,559,Schizophrenia,1,Number,2003,7348.079039595624,9400.43332891135,5400.643857441728
1,All Population,2,DALYs (Disability-Adjusted Life Years),102,United States of America,2,Female,19,70-74 years,559,Schizophrenia,1,Number,2003,10198.48789157001,13053.586591735333,7577.463163055783
1,All Population,2,DALYs (Disability-Adjusted Life Years),102,United States of America,1,Male,19,70-74 years,559,Schizophrenia,2,Percent,2003,0.0019817996471028724,0.002564419652139073,0.0014545177205660697
1,All Population,2,DALYs (Disability-Adjusted Life Years),102,United States of America,2,Female,19,70-74 years,559,Schizophrenia,2,Percent,2003,0.002901871610514641,0.0036276653287921233,0.002183518210908511
1,All Population,2,DALYs (Disability-Adjusted Life Years),102,United States of America,1,Male,19,70-74 years,559,Schizophrenia,3,Rate,2003,193.01130266403888,246.92030020943747,141.8582054619178
1,All Population,2,DALYs (Disability-Adjusted Life Years),102,United States of America,2,Female,19,70-74 years,559,Schizophrenia,3,Rate,2003,217.01837919508566,277.77335571116674,161.24437186576662
1,All Population,2,DALYs (Disability-Adjusted Life Years),6,China,1,Male,19,70-74 years,559,Schizophrenia,1,Number,2005,37672.68287946976,50212.90097905153,27178.962095362414
1,All Population,2,DALYs (Disability-Adjusted Life Years),6,China,2,Female,19,70-74 years,559,Schizophrenia,1,Number,2005,35193.41170243538,45404.337819221706,25428.661083727835
1,All Population,2,DALYs (Disability-Adjusted Life Years),6,China,1,Male,19,70-74 years,559,Schizophrenia,2,Percent,2005,0.002094298223371338,0.002730586560399056,0.0015669766197388875
1,All Population,2,DALYs (Disability-Adjusted Life Years),6,China,2,Female,19,70-74 years,559,Schizophrenia,2,Percent,2005,0.002575664461672958,0.003519691212113412,0.0019410195679587386
1,All Population,2,DALYs (Disability-Adjusted Life Years),6,China,1,Male,19,70-74 years,559,Schizophrenia,3,Rate,2005,255.15946212966017,340.09515188436217,184.0848280352872
1,All Population,2,DALYs (Disability-Adjusted Life Years),6,China,2,Female,19,70-74 years,559,Schizophrenia,3,Rate,2005,230.26566709247265,297.07435656519726,166.37624272465183
1,All Population,2,DALYs (Disability-Adjusted Life Years),6,China,1,Male,19,70-74 years,559,Schizophrenia,1,Number,2006,38994.20816537321,50155.83405855734,28423.431662689454
1,All Population,2,DALYs (Disability-Adjusted Life Years),6,China,2,Female,19,70-74 years,559,Schizophrenia,1,Number,2006,36328.8654082215,46964.53717527438,26615.74418617066
1,All Population,2,DALYs (Disability-Adjusted Life Years),6,China,1,Male,19,70-74 years,559,Schizophrenia,2,Percent,2006,0.0021680728803482566,0.0028880393681890034,0.001616097588227993
1,All Population,2,DALYs (Disability-Adjusted Life Years),6,China,2,Female,19,70-74 years,559,Schizophrenia,2,Percent,2006,0.002682239511873145,0.0035395898064873505,0.0020174278756089547
1,All Population,2,DALYs (Disability-Adjusted Life Years),6,China,1,Male,19,70-74 years,559,Schizophrenia,3,Rate,2006,255.39157799621825,328.4943638708409,186.15854522846817
1,All Population,2,DALYs (Disability-Adjusted Life Years),6,China,2,Female,19,70-74 years,559,Schizophrenia,3,Rate,2006,230.40194331638455,297.85462635695194,168.80018449234856
1,All Population,2,DALYs (Disability-Adjusted Life Years),102,United States of America,1,Male,19,70-74 years,559,Schizophrenia,1,Number,2004,7310.6148166588555,9408.146115273736,5354.7848905427345
1,All Population,2,DALYs (Disability-Adjusted Life Years),102,United States of America,2,Female,19,70-74 years,559,Schizophrenia,1,Number,2004,10063.329152186901,12885.696504054476,7440.475570938184
1,All Population,2,DALYs (Disability-Adjusted Life Years),102,United States of America,1,Male,19,70-74 years,559,Schizophrenia,2,Percent,2004,0.002045374612485259,0.0026415692478671668,0.0015173080419236594
1,All Population,2,DALYs (Disability-Adjusted Life Years),102,United States of America,2,Female,19,70-74 years,559,Schizophrenia,2,Percent,2004,0.002947841660596399,0.003773154548861689,0.002242695427008619
1,All Population,2,DALYs (Disability-Adjusted Life Years),102,United States of America,1,Male,19,70-74 years,559,Schizophrenia,3,Rate,2004,193.1010341844221,248.50478245382405,141.44015601022892
1,All Population,2,DALYs (Disability-Adjusted Life Years),102,United States of America,2,Female,19,70-74 years,559,Schizophrenia,3,Rate,2004,216.78162510792936,277.5803301822292,160.2807939053955
1,All Population,2,DALYs (Disability-Adjusted Life Years),6,China,1,Male,19,70-74 years,559,Schizophrenia,1,Number,2007,40175.83490463863,53356.72003260442,29396.79377068792
1,All Population,2,DALYs (Disability-Adjusted Life Years),6,China,2,Female,19,70-74 years,559,Schizophrenia,1,Number,2007,37366.941767372235,48147.84184017973,27340.394924994227
1,All Population,2,DALYs (Disability-Adjusted Life Years),6,China,1,Male,19,70-74 years,559,Schizophrenia,2,Percent,2007,0.002209874554475387,0.002863637105110333,0.0016426483999868256
1,All Population,2,DALYs (Disability-Adjusted Life Years),6,China,2,Female,19,70-74 years,559,Schizophrenia,2,Percent,2007,0.002763671573634429,0.0036128293296728447,0.002032701337156646
1,All Population,2,DALYs (Disability-Adjusted Life Years),6,China,1,Male,19,70-74 years,559,Schizophrenia,3,Rate,2007,255.3039723095014,339.06408183086836,186.8067767759893
1,All Population,2,DALYs (Disability-Adjusted Life Years),6,China,2,Female,19,70-74 years,559,Schizophrenia,3,Rate,2007,230.86832857211309,297.4771614759963,168.9202000562536
1,All Population,2,DALYs (Disability-Adjusted Life Years),102,United States of America,1,Male,19,70-74 years,559,Schizophrenia,1,Number,2005,7311.397575121331,9375.719413948018,5506.923517995297
1,All Population,2,DALYs (Disability-Adjusted Life Years),102,United States of America,2,Female,19,70-74 years,559,Schizophrenia,1,Number,2005,9979.375706524097,12877.326913821451,7488.231389351124
1,All Population,2,DALYs (Disability-Adjusted Life Years),102,United States of America,1,Male,19,70-74 years,559,Schizophrenia,2,Percent,2005,0.0020486936803956017,0.0026168300614409492,0.001561600376551791
1,All Population,2,DALYs (Disability-Adjusted Life Years),102,United States of America,2,Female,19,70-74 years,559,Schizophrenia,2,Percent,2005,0.002948828013649939,0.003764108314875704,0.0022107679345418816
1,All Population,2,DALYs (Disability-Adjusted Life Years),102,United States of America,1,Male,19,70-74 years,559,Schizophrenia,3,Rate,2005,192.61000281914843,246.9920865604284,145.07329733170857
1,All Population,2,DALYs (Disability-Adjusted Life Years),102,United States of America,2,Female,19,70-74 years,559,Schizophrenia,3,Rate,2005,216.09930241884823,278.85325143906664,162.15459034494404
1,All Population,2,DALYs (Disability-Adjusted Life Years),6,China,1,Male,19,70-74 years,559,Schizophrenia,1,Number,2008,41143.52076715687,54452.662615492125,29728.746190803187
1,All Population,2,DALYs (Disability-Adjusted Life Years),6,China,2,Female,19,70-74 years,559,Schizophrenia,1,Number,2008,38055.879660802704,50758.238339520394,28411.440363716178
1,All Population,2,DALYs (Disability-Adjusted Life Years),6,China,1,Male,19,70-74 years,559,Schizophrenia,2,Percent,2008,0.0022653913334756593,0.0029879283712435137,0.00171219483379273
1,All Population,2,DALYs (Disability-Adjusted Life Years),6,China,2,Female,19,70-74 years,559,Schizophrenia,2,Percent,2008,0.002828175421792241,0.0038234454805386384,0.0020872998333031755
1,All Population,2,DALYs (Disability-Adjusted Life Years),6,China,1,Male,19,70-74 years,559,Schizophrenia,3,Rate,2008,256.07969238392786,338.91657378996393,185.03346426244173
1,All Population,2,DALYs (Disability-Adjusted Life Years),6,China,2,Female,19,70-74 years,559,Schizophrenia,3,Rate,2008,231.360497821461,308.5844131167852,172.72718552199342
1,All Population,2,DALYs (Disability-Adjusted Life Years),102,United States of America,1,Male,19,70-74 years,559,Schizophrenia,1,Number,2006,7387.244581122284,9429.670491142399,5483.948380844442
1,All Population,2,DALYs (Disability-Adjusted Life Years),102,United States of America,2,Female,19,70-74 years,559,Schizophrenia,1,Number,2006,9990.247253480402,12695.497421879987,7547.836331555316
1,All Population,2,DALYs (Disability-Adjusted Life Years),102,United States of America,1,Male,19,70-74 years,559,Schizophrenia,2,Percent,2006,0.002112484323087992,0.002712581588058343,0.0016141457610799308
1,All Population,2,DALYs (Disability-Adjusted Life Years),102,United States of America,2,Female,19,70-74 years,559,Schizophrenia,2,Percent,2006,0.0030010537370048847,0.003820458324337304,0.002286799489049509
1,All Population,2,DALYs (Disability-Adjusted Life Years),102,United States of America,1,Male,19,70-74 years,559,Schizophrenia,3,Rate,2006,193.08479152897607,246.46888849760555,143.33721027416567
1,All Population,2,DALYs (Disability-Adjusted Life Years),102,United States of America,2,Female,19,70-74 years,559,Schizophrenia,3,Rate,2006,216.02884255899585,274.5271006985322,163.21421333817145
1,All Population,2,DALYs (Disability-Adjusted Life Years),102,United States of America,1,Male,19,70-74 years,559,Schizophrenia,1,Number,2007,7483.440669817318,9691.519261147803,5602.394201421804
1,All Population,2,DALYs (Disability-Adjusted Life Years),102,United States of America,2,Female,19,70-74 years,559,Schizophrenia,1,Number,2007,10071.745068228061,13064.832361663928,7522.7696383536095
1,All Population,2,DALYs (Disability-Adjusted Life Years),102,United States of America,1,Male,19,70-74 years,559,Schizophrenia,2,Percent,2007,0.0021481671911023088,0.00279235070856892,0.0016192725272850326
1,All Population,2,DALYs (Disability-Adjusted Life Years),102,United States of America,2,Female,19,70-74 years,559,Schizophrenia,2,Percent,2007,0.0030466277529880514,0.0038856049081822186,0.0023369102072112327
1,All Population,2,DALYs (Disability-Adjusted Life Years),102,United States of America,1,Male,19,70-74 years,559,Schizophrenia,3,Rate,2007,192.60718620722673,249.43823801417102,144.19321683295686
1,All Population,2,DALYs (Disability-Adjusted Life Years),102,United States of America,2,Female,19,70-74 years,559,Schizophrenia,3,Rate,2007,215.78590596357435,279.91243506720974,161.17441920648182
1,All Population,2,DALYs (Disability-Adjusted Life Years),6,China,1,Male,19,70-74 years,559,Schizophrenia,1,Number,2009,41675.3559212853,53940.72833680394,30854.871920689144
1,All Population,2,DALYs (Disability-Adjusted Life Years),6,China,2,Female,19,70-74 years,559,Schizophrenia,1,Number,2009,38247.67126964985,49647.50372765526,28027.816120738877
1,All Population,2,DALYs (Disability-Adjusted Life Years),6,China,1,Male,19,70-74 years,559,Schizophrenia,2,Percent,2009,0.002338609822804472,0.0031678583409730796,0.0017440915363810712
1,All Population,2,DALYs (Disability-Adjusted Life Years),6,China,2,Female,19,70-74 years,559,Schizophrenia,2,Percent,2009,0.002915290640249533,0.0039890112661959305,0.0021692014765177098
1,All Population,2,DALYs (Disability-Adjusted Life Years),6,China,1,Male,19,70-74 years,559,Schizophrenia,3,Rate,2009,255.78903621391765,331.06968396401675,189.37661782670003
1,All Population,2,DALYs (Disability-Adjusted Life Years),6,China,2,Female,19,70-74 years,559,Schizophrenia,3,Rate,2009,231.7209913348736,300.78612368233286,169.80467361427986
1,All Population,2,DALYs (Disability-Adjusted Life Years),6,China,1,Male,19,70-74 years,559,Schizophrenia,1,Number,2010,42217.235794356806,54976.26839693482,31248.175165805507
1,All Population,2,DALYs (Disability-Adjusted Life Years),6,China,2,Female,19,70-74 years,559,Schizophrenia,1,Number,2010,38652.30501012237,51795.89804080416,28894.101384691643
1,All Population,2,DALYs (Disability-Adjusted Life Years),6,China,1,Male,19,70-74 years,559,Schizophrenia,2,Percent,2010,0.0024394544707283224,0.003252210923023412,0.001834880789735376
1,All Population,2,DALYs (Disability-Adjusted Life Years),6,China,2,Female,19,70-74 years,559,Schizophrenia,2,Percent,2010,0.003009537803217802,0.004151293658479501,0.0022496581142211
1,All Population,2,DALYs (Disability-Adjusted Life Years),6,China,1,Male,19,70-74 years,559,Schizophrenia,3,Rate,2010,255.9689967918495,333.328793421475,189.46205023296167
1,All Population,2,DALYs (Disability-Adjusted Life Years),6,China,2,Female,19,70-74 years,559,Schizophrenia,3,Rate,2010,231.7343691486094,310.5349022219527,173.23045429616616
1,All Population,2,DALYs (Disability-Adjusted Life Years),6,China,1,Male,19,70-74 years,559,Schizophrenia,1,Number,2012,43286.935157763146,56728.69179992242,31615.154214568254
1,All Population,2,DALYs (Disability-Adjusted Life Years),6,China,2,Female,19,70-74 years,559,Schizophrenia,1,Number,2012,39666.65378346523,51824.75327431997,28805.010336632073
1,All Population,2,DALYs (Disability-Adjusted Life Years),6,China,1,Male,19,70-74 years,559,Schizophrenia,2,Percent,2012,0.0026604629272319433,0.003538965073432017,0.0019323434030740951
1,All Population,2,DALYs (Disability-Adjusted Life Years),6,China,2,Female,19,70-74 years,559,Schizophrenia,2,Percent,2012,0.003287434606574171,0.004288222022497002,0.0023970102373951983
1,All Population,2,DALYs (Disability-Adjusted Life Years),6,China,1,Male,19,70-74 years,559,Schizophrenia,3,Rate,2012,255.66859108979386,335.06055935799355,186.73075156894333
1,All Population,2,DALYs (Disability-Adjusted Life Years),6,China,2,Female,19,70-74 years,559,Schizophrenia,3,Rate,2012,231.10055466282992,301.9344483237472,167.81989986357462
1,All Population,2,DALYs (Disability-Adjusted Life Years),102,United States of America,1,Male,19,70-74 years,559,Schizophrenia,1,Number,2009,7926.2196892562115,10361.69552327524,5949.23859352992
1,All Population,2,DALYs (Disability-Adjusted Life Years),102,United States of America,2,Female,19,70-74 years,559,Schizophrenia,1,Number,2009,10473.527620657002,13459.380240086528,7858.602393092322
1,All Population,2,DALYs (Disability-Adjusted Life Years),102,United States of America,1,Male,19,70-74 years,559,Schizophrenia,2,Percent,2009,0.0022205512657390274,0.0028990506984125294,0.0017185519878797726
1,All Population,2,DALYs (Disability-Adjusted Life Years),102,United States of America,2,Female,19,70-74 years,559,Schizophrenia,2,Percent,2009,0.003107772551296143,0.003960159420527605,0.002322987614609994
1,All Population,2,DALYs (Disability-Adjusted Life Years),102,United States of America,1,Male,19,70-74 years,559,Schizophrenia,3,Rate,2009,193.38027908822778,252.79990344378575,145.14679944320707
1,All Population,2,DALYs (Disability-Adjusted Life Years),102,United States of America,2,Female,19,70-74 years,559,Schizophrenia,3,Rate,2009,215.44588796016777,276.866422875493,161.6555216187482
1,All Population,2,DALYs (Disability-Adjusted Life Years),102,United States of America,1,Male,19,70-74 years,559,Schizophrenia,1,Number,2010,8124.240305255875,10504.19037664407,6025.009774249057
1,All Population,2,DALYs (Disability-Adjusted Life Years),102,United States of America,2,Female,19,70-74 years,559,Schizophrenia,1,Number,2010,10695.282431595584,13832.019914546949,7963.330779376007
1,All Population,2,DALYs (Disability-Adjusted Life Years),102,United States of America,1,Male,19,70-74 years,559,Schizophrenia,2,Percent,2010,0.0022303460325617972,0.002911433859839624,0.0016728552680508155
1,All Population,2,DALYs (Disability-Adjusted Life Years),102,United States of America,2,Female,19,70-74 years,559,Schizophrenia,2,Percent,2010,0.0031272823106865714,0.003885866572475953,0.002381376950244099
1,All Population,2,DALYs (Disability-Adjusted Life Years),102,United States of America,1,Male,19,70-74 years,559,Schizophrenia,3,Rate,2010,192.52636541752486,248.92587108245687,142.7792864141159
1,All Population,2,DALYs (Disability-Adjusted Life Years),102,United States of America,2,Female,19,70-74 years,559,Schizophrenia,3,Rate,2010,214.76548430616216,277.75240858571493,159.90681896071368
1,All Population,2,DALYs (Disability-Adjusted Life Years),6,China,1,Male,19,70-74 years,559,Schizophrenia,1,Number,2013,44268.0826936696,58033.47541586803,32496.864169076427
1,All Population,2,DALYs (Disability-Adjusted Life Years),6,China,2,Female,19,70-74 years,559,Schizophrenia,1,Number,2013,40554.37252132293,52715.8970748813,29046.06248041158
1,All Population,2,DALYs (Disability-Adjusted Life Years),6,China,1,Male,19,70-74 years,559,Schizophrenia,2,Percent,2013,0.0027578022064120265,0.0035486360505687423,0.002034466480145224
1,All Population,2,DALYs (Disability-Adjusted Life Years),6,China,2,Female,19,70-74 years,559,Schizophrenia,2,Percent,2013,0.0033993116953902566,0.004456883986327044,0.0025450431658712086
1,All Population,2,DALYs (Disability-Adjusted Life Years),6,China,1,Male,19,70-74 years,559,Schizophrenia,3,Rate,2013,255.03861325970394,334.3442090122561,187.22191404407502
1,All Population,2,DALYs (Disability-Adjusted Life Years),6,China,2,Female,19,70-74 years,559,Schizophrenia,3,Rate,2013,230.4114564781439,299.5076947174795,165.02648530803808
1,All Population,2,DALYs (Disability-Adjusted Life Years),102,United States of America,1,Male,19,70-74 years,559,Schizophrenia,1,Number,2008,7655.821974148727,9948.277475934041,5735.287638710837
1,All Population,2,DALYs (Disability-Adjusted Life Years),102,United States of America,2,Female,19,70-74 years,559,Schizophrenia,1,Number,2008,10230.09732257383,13233.536140546395,7723.056024221914
1,All Population,2,DALYs (Disability-Adjusted Life Years),102,United States of America,1,Male,19,70-74 years,559,Schizophrenia,2,Percent,2008,0.0021518605642740843,0.0027775114796082375,0.0016252566863162905
1,All Population,2,DALYs (Disability-Adjusted Life Years),102,United States of America,2,Female,19,70-74 years,559,Schizophrenia,2,Percent,2008,0.0030413997570187595,0.0037770278040693593,0.0022719424513381855
1,All Population,2,DALYs (Disability-Adjusted Life Years),102,United States of America,1,Male,19,70-74 years,559,Schizophrenia,3,Rate,2008,192.26306737086026,249.83422407653296,144.03208400040342
1,All Population,2,DALYs (Disability-Adjusted Life Years),102,United States of America,2,Female,19,70-74 years,559,Schizophrenia,3,Rate,2008,215.40679213345942,278.6477468134297,162.6180740210278
1,All Population,2,DALYs (Disability-Adjusted Life Years),6,China,1,Male,19,70-74 years,559,Schizophrenia,1,Number,2014,45276.33927161335,59859.80720821189,33415.12684979656
1,All Population,2,DALYs (Disability-Adjusted Life Years),6,China,2,Female,19,70-74 years,559,Schizophrenia,1,Number,2014,42045.25567038671,54826.783544570455,31077.35644186994
1,All Population,2,DALYs (Disability-Adjusted Life Years),6,China,1,Male,19,70-74 years,559,Schizophrenia,2,Percent,2014,0.002841759706254957,0.0036942465237966592,0.002144464095213761
1,All Population,2,DALYs (Disability-Adjusted Life Years),6,China,2,Female,19,70-74 years,559,Schizophrenia,2,Percent,2014,0.0035058476409862657,0.0045414840553546654,0.0026403332667230316
1,All Population,2,DALYs (Disability-Adjusted Life Years),6,China,1,Male,19,70-74 years,559,Schizophrenia,3,Rate,2014,255.36534156378045,337.6182871580111,188.46632520808248
1,All Population,2,DALYs (Disability-Adjusted Life Years),6,China,2,Female,19,70-74 years,559,Schizophrenia,3,Rate,2014,231.16367168084452,301.43616416489846,170.86246014426789
1,All Population,2,DALYs (Disability-Adjusted Life Years),6,China,1,Male,19,70-74 years,559,Schizophrenia,1,Number,2011,42627.96820703125,55278.639243808844,31275.87775037569
1,All Population,2,DALYs (Disability-Adjusted Life Years),6,China,2,Female,19,70-74 years,559,Schizophrenia,1,Number,2011,39075.001665582065,52386.6442020913,28463.030695317193
1,All Population,2,DALYs (Disability-Adjusted Life Years),6,China,1,Male,19,70-74 years,559,Schizophrenia,2,Percent,2011,0.002551271902811389,0.0034065936515474717,0.0019040599416580263
1,All Population,2,DALYs (Disability-Adjusted Life Years),6,China,2,Female,19,70-74 years,559,Schizophrenia,2,Percent,2011,0.0031349228808015125,0.004243357901715578,0.002294691122510467
1,All Population,2,DALYs (Disability-Adjusted Life Years),6,China,1,Male,19,70-74 years,559,Schizophrenia,3,Rate,2011,255.54442335328258,331.3821555066102,187.4913696512802
1,All Population,2,DALYs (Disability-Adjusted Life Years),6,China,2,Female,19,70-74 years,559,Schizophrenia,3,Rate,2011,231.60415471485717,310.50451520416067,168.70520496019466
1,All Population,2,DALYs (Disability-Adjusted Life Years),102,United States of America,1,Male,19,70-74 years,559,Schizophrenia,1,Number,2011,8393.562219177124,10926.608147238554,6201.740007923949
1,All Population,2,DALYs (Disability-Adjusted Life Years),102,United States of America,2,Female,19,70-74 years,559,Schizophrenia,1,Number,2011,10942.819653953416,13813.655375207189,8230.45021447375
1,All Population,2,DALYs (Disability-Adjusted Life Years),102,United States of America,1,Male,19,70-74 years,559,Schizophrenia,2,Percent,2011,0.0022457807851857365,0.0029583795551191092,0.0017127988439316457
1,All Population,2,DALYs (Disability-Adjusted Life Years),102,United States of America,2,Female,19,70-74 years,559,Schizophrenia,2,Percent,2011,0.003128500260926597,0.003920005776591009,0.0023613712762581974
1,All Population,2,DALYs (Disability-Adjusted Life Years),102,United States of America,1,Male,19,70-74 years,559,Schizophrenia,3,Rate,2011,192.95231076263374,251.18230326458354,142.56641388134187
1,All Population,2,DALYs (Disability-Adjusted Life Years),102,United States of America,2,Female,19,70-74 years,559,Schizophrenia,3,Rate,2011,214.1368044015624,270.31534035038794,161.05924829683437
1,All Population,2,DALYs (Disability-Adjusted Life Years),6,China,1,Male,19,70-74 years,559,Schizophrenia,1,Number,2015,46482.65215794133,59581.97702951619,33852.16693170174
1,All Population,2,DALYs (Disability-Adjusted Life Years),6,China,2,Female,19,70-74 years,559,Schizophrenia,1,Number,2015,43422.09158760165,57499.55331214331,31989.36740104616
1,All Population,2,DALYs (Disability-Adjusted Life Years),6,China,1,Male,19,70-74 years,559,Schizophrenia,2,Percent,2015,0.002863270990927833,0.0037445296302676574,0.0021412009560566343
1,All Population,2,DALYs (Disability-Adjusted Life Years),6,China,2,Female,19,70-74 years,559,Schizophrenia,2,Percent,2015,0.003556773109909192,0.0047104561735161685,0.0027333684988536497
1,All Population,2,DALYs (Disability-Adjusted Life Years),6,China,1,Male,19,70-74 years,559,Schizophrenia,3,Rate,2015,254.9295471226524,326.77150970637626,185.65888959381962
1,All Population,2,DALYs (Disability-Adjusted Life Years),6,China,2,Female,19,70-74 years,559,Schizophrenia,3,Rate,2015,230.81571446317432,305.6462734477128,170.04359813025906
1,All Population,2,DALYs (Disability-Adjusted Life Years),102,United States of America,1,Male,19,70-74 years,559,Schizophrenia,1,Number,2012,8749.236449495915,11112.073730943393,6529.162353559095
1,All Population,2,DALYs (Disability-Adjusted Life Years),102,United States of America,2,Female,19,70-74 years,559,Schizophrenia,1,Number,2012,11317.061800455778,14311.004883635058,8624.514095915263
1,All Population,2,DALYs (Disability-Adjusted Life Years),102,United States of America,1,Male,19,70-74 years,559,Schizophrenia,2,Percent,2012,0.0022662691595670896,0.002946119439126997,0.0017020556006610477
1,All Population,2,DALYs (Disability-Adjusted Life Years),102,United States of America,2,Female,19,70-74 years,559,Schizophrenia,2,Percent,2012,0.003139377056017106,0.0039310802484627,0.0023703445666249253
1,All Population,2,DALYs (Disability-Adjusted Life Years),102,United States of America,1,Male,19,70-74 years,559,Schizophrenia,3,Rate,2012,193.35065460274723,245.5673409072953,144.28891279318427
1,All Population,2,DALYs (Disability-Adjusted Life Years),102,United States of America,2,Female,19,70-74 years,559,Schizophrenia,3,Rate,2012,213.6647191858592,270.18999221213056,162.82975342098126
1,All Population,2,DALYs (Disability-Adjusted Life Years),6,China,1,Male,19,70-74 years,559,Schizophrenia,1,Number,2016,48631.28253274908,63360.16829924021,35605.07503142739
1,All Population,2,DALYs (Disability-Adjusted Life Years),6,China,2,Female,19,70-74 years,559,Schizophrenia,1,Number,2016,45861.549375529576,60010.37378097297,33570.94940308272
1,All Population,2,DALYs (Disability-Adjusted Life Years),6,China,1,Male,19,70-74 years,559,Schizophrenia,2,Percent,2016,0.002838098580044795,0.003760173705474306,0.0021350800255120973
1,All Population,2,DALYs (Disability-Adjusted Life Years),6,China,2,Female,19,70-74 years,559,Schizophrenia,2,Percent,2016,0.0035830083543042963,0.004659818424280421,0.0026946379447493132
1,All Population,2,DALYs (Disability-Adjusted Life Years),6,China,1,Male,19,70-74 years,559,Schizophrenia,3,Rate,2016,254.9222712430443,332.1302085402927,186.63967146410744
1,All Population,2,DALYs (Disability-Adjusted Life Years),6,China,2,Female,19,70-74 years,559,Schizophrenia,3,Rate,2016,231.52206490360535,302.94932994176924,169.47564206636494
1,All Population,2,DALYs (Disability-Adjusted Life Years),102,United States of America,1,Male,19,70-74 years,559,Schizophrenia,1,Number,2013,9262.281566166437,11978.90643954981,6936.95166159885
1,All Population,2,DALYs (Disability-Adjusted Life Years),102,United States of America,2,Female,19,70-74 years,559,Schizophrenia,1,Number,2013,11889.698424962555,15204.570166328702,9158.72572485231
1,All Population,2,DALYs (Disability-Adjusted Life Years),102,United States of America,1,Male,19,70-74 years,559,Schizophrenia,2,Percent,2013,0.002258251217018936,0.002931604329201296,0.0016908389599743783
1,All Population,2,DALYs (Disability-Adjusted Life Years),102,United States of America,2,Female,19,70-74 years,559,Schizophrenia,2,Percent,2013,0.003117525137791139,0.00396235446252723,0.0023764338363597612
1,All Population,2,DALYs (Disability-Adjusted Life Years),102,United States of America,1,Male,19,70-74 years,559,Schizophrenia,3,Rate,2013,193.04853285135943,249.66961939118823,144.58298758960382
1,All Population,2,DALYs (Disability-Adjusted Life Years),102,United States of America,2,Female,19,70-74 years,559,Schizophrenia,3,Rate,2013,212.674750109996,271.9688965251482,163.8249882578575
1,All Population,2,DALYs (Disability-Adjusted Life Years),6,China,1,Male,19,70-74 years,559,Schizophrenia,1,Number,2017,51473.78073704613,67944.79303683458,37390.052006905404
1,All Population,2,DALYs (Disability-Adjusted Life Years),6,China,2,Female,19,70-74 years,559,Schizophrenia,1,Number,2017,48909.792888384756,64069.18809952443,35613.35042281149
1,All Population,2,DALYs (Disability-Adjusted Life Years),6,China,1,Male,19,70-74 years,559,Schizophrenia,2,Percent,2017,0.002858057512855853,0.0037345352268468132,0.002139687434606373
1,All Population,2,DALYs (Disability-Adjusted Life Years),6,China,2,Female,19,70-74 years,559,Schizophrenia,2,Percent,2017,0.003645980228479821,0.004730138648033453,0.0027588517992425295
1,All Population,2,DALYs (Disability-Adjusted Life Years),6,China,1,Male,19,70-74 years,559,Schizophrenia,3,Rate,2017,255.66868223985244,337.47969261338307,185.7152357686644
1,All Population,2,DALYs (Disability-Adjusted Life Years),6,China,2,Female,19,70-74 years,559,Schizophrenia,3,Rate,2017,232.67916030130357,304.7971379106758,169.42383074093416
1,All Population,2,DALYs (Disability-Adjusted Life Years),102,United States of America,1,Male,19,70-74 years,559,Schizophrenia,1,Number,2014,9726.522968575226,12509.060225370928,7212.999401616835
1,All Population,2,DALYs (Disability-Adjusted Life Years),102,United States of America,2,Female,19,70-74 years,559,Schizophrenia,1,Number,2014,12393.31543136613,15743.766284583826,9401.247374344523
1,All Population,2,DALYs (Disability-Adjusted Life Years),102,United States of America,1,Male,19,70-74 years,559,Schizophrenia,2,Percent,2014,0.0022705979642161896,0.002925610579775982,0.0016991869271234445
1,All Population,2,DALYs (Disability-Adjusted Life Years),102,United States of America,2,Female,19,70-74 years,559,Schizophrenia,2,Percent,2014,0.003119265921852558,0.00393697089039625,0.002354046976732426
1,All Population,2,DALYs (Disability-Adjusted Life Years),102,United States of America,1,Male,19,70-74 years,559,Schizophrenia,3,Rate,2014,193.42406201513793,248.75829200223095,143.43950536908636
1,All Population,2,DALYs (Disability-Adjusted Life Years),102,United States of America,2,Female,19,70-74 years,559,Schizophrenia,3,Rate,2014,212.17500873975172,269.53511895403784,160.95045388481955
1,All Population,2,DALYs (Disability-Adjusted Life Years),6,China,1,Male,19,70-74 years,559,Schizophrenia,1,Number,2020,63201.48347095795,81413.41143126818,46425.45293961935
1,All Population,2,DALYs (Disability-Adjusted Life Years),6,China,2,Female,19,70-74 years,559,Schizophrenia,1,Number,2020,61037.62438450229,79703.11686499773,44371.43805013729
1,All Population,2,DALYs (Disability-Adjusted Life Years),6,China,1,Male,19,70-74 years,559,Schizophrenia,2,Percent,2020,0.0032807080428116442,0.004175877319307187,0.002539079569633412
1,All Population,2,DALYs (Disability-Adjusted Life Years),6,China,2,Female,19,70-74 years,559,Schizophrenia,2,Percent,2020,0.004190200938059271,0.005394841884402856,0.0032373874146948154
1,All Population,2,DALYs (Disability-Adjusted Life Years),6,China,1,Male,19,70-74 years,559,Schizophrenia,3,Rate,2020,259.45026189344463,334.21258105733375,190.58248734368598
1,All Population,2,DALYs (Disability-Adjusted Life Years),6,China,2,Female,19,70-74 years,559,Schizophrenia,3,Rate,2020,238.09145917227377,310.90055660462133,173.0811206605822
1,All Population,2,DALYs (Disability-Adjusted Life Years),6,China,1,Male,19,70-74 years,559,Schizophrenia,1,Number,2018,53862.063703938205,71293.16040651359,39246.17466150375
1,All Population,2,DALYs (Disability-Adjusted Life Years),6,China,2,Female,19,70-74 years,559,Schizophrenia,1,Number,2018,51557.28230910126,66481.1529775578,37639.7112346896
1,All Population,2,DALYs (Disability-Adjusted Life Years),6,China,1,Male,19,70-74 years,559,Schizophrenia,2,Percent,2018,0.0029851290809023378,0.003927938019425524,0.0022551910019573025
1,All Population,2,DALYs (Disability-Adjusted Life Years),6,China,2,Female,19,70-74 years,559,Schizophrenia,2,Percent,2018,0.00382497779264274,0.004919624025139398,0.0028850499930439906
1,All Population,2,DALYs (Disability-Adjusted Life Years),6,China,1,Male,19,70-74 years,559,Schizophrenia,3,Rate,2018,257.1509884955878,340.3714119139665,187.37107186144192
1,All Population,2,DALYs (Disability-Adjusted Life Years),6,China,2,Female,19,70-74 years,559,Schizophrenia,3,Rate,2018,234.5586784599238,302.45448725204176,171.24100669021163
1,All Population,2,DALYs (Disability-Adjusted Life Years),102,United States of America,1,Male,19,70-74 years,559,Schizophrenia,1,Number,2015,10138.428833804885,13052.56198138491,7445.873088904846
1,All Population,2,DALYs (Disability-Adjusted Life Years),102,United States of America,2,Female,19,70-74 years,559,Schizophrenia,1,Number,2015,12811.377761933109,16352.493513636162,9635.412609570392
1,All Population,2,DALYs (Disability-Adjusted Life Years),102,United States of America,1,Male,19,70-74 years,559,Schizophrenia,2,Percent,2015,0.00227154415668003,0.002943458063179679,0.0016863069500735865
1,All Population,2,DALYs (Disability-Adjusted Life Years),102,United States of America,2,Female,19,70-74 years,559,Schizophrenia,2,Percent,2015,0.003096088543136051,0.003959272664919209,0.0024058785098251077
1,All Population,2,DALYs (Disability-Adjusted Life Years),102,United States of America,1,Male,19,70-74 years,559,Schizophrenia,3,Rate,2015,194.06022322536114,249.8398058804349,142.52186580652892
1,All Population,2,DALYs (Disability-Adjusted Life Years),102,United States of America,2,Female,19,70-74 years,559,Schizophrenia,3,Rate,2015,211.9610598289164,270.54793952721633,159.41550601075073
1,All Population,2,DALYs (Disability-Adjusted Life Years),6,China,1,Male,19,70-74 years,559,Schizophrenia,1,Number,2019,59786.03703883161,78684.20618878739,43233.857486919194
1,All Population,2,DALYs (Disability-Adjusted Life Years),6,China,2,Female,19,70-74 years,559,Schizophrenia,1,Number,2019,57228.914153073034,75640.63274842856,42216.461854480076
1,All Population,2,DALYs (Disability-Adjusted Life Years),6,China,1,Male,19,70-74 years,559,Schizophrenia,2,Percent,2019,0.0031600914420810565,0.0042556320650913885,0.002404489715008904
1,All Population,2,DALYs (Disability-Adjusted Life Years),6,China,2,Female,19,70-74 years,559,Schizophrenia,2,Percent,2019,0.00402901454038188,0.005240916893606215,0.0030633351113043255
1,All Population,2,DALYs (Disability-Adjusted Life Years),6,China,1,Male,19,70-74 years,559,Schizophrenia,3,Rate,2019,258.8044817086675,340.61172491029214,187.15266362112408
1,All Population,2,DALYs (Disability-Adjusted Life Years),6,China,2,Female,19,70-74 years,559,Schizophrenia,3,Rate,2019,236.24751484409768,312.25319879831665,174.2743916467618
1,All Population,2,DALYs (Disability-Adjusted Life Years),6,China,1,Male,19,70-74 years,559,Schizophrenia,1,Number,2021,67498.61112117357,88128.75517472078,49005.03681797728
1,All Population,2,DALYs (Disability-Adjusted Life Years),6,China,2,Female,19,70-74 years,559,Schizophrenia,1,Number,2021,65401.24325548153,85100.23873258481,48802.079746352654
1,All Population,2,DALYs (Disability-Adjusted Life Years),6,China,1,Male,19,70-74 years,559,Schizophrenia,2,Percent,2021,0.0031521318819883693,0.004193839577275624,0.0023915485400347884
1,All Population,2,DALYs (Disability-Adjusted Life Years),6,China,2,Female,19,70-74 years,559,Schizophrenia,2,Percent,2021,0.004090949410171174,0.005143096069735772,0.0032379231682488456
1,All Population,2,DALYs (Disability-Adjusted Life Years),6,China,1,Male,19,70-74 years,559,Schizophrenia,3,Rate,2021,260.9179347132095,340.6643841568042,189.4304606377375
1,All Population,2,DALYs (Disability-Adjusted Life Years),6,China,2,Female,19,70-74 years,559,Schizophrenia,3,Rate,2021,237.72613888401432,309.3297644660545,177.39005269808544
1,All Population,2,DALYs (Disability-Adjusted Life Years),102,United States of America,1,Male,19,70-74 years,559,Schizophrenia,1,Number,2017,11307.218211259364,14565.230166449994,8356.823603030516
1,All Population,2,DALYs (Disability-Adjusted Life Years),102,United States of America,2,Female,19,70-74 years,559,Schizophrenia,1,Number,2017,14164.650230457104,18251.574104450883,10626.831861393806
1,All Population,2,DALYs (Disability-Adjusted Life Years),102,United States of America,1,Male,19,70-74 years,559,Schizophrenia,2,Percent,2017,0.0022891797787726684,0.002908050620064668,0.0017040722254307208
1,All Population,2,DALYs (Disability-Adjusted Life Years),102,United States of America,2,Female,19,70-74 years,559,Schizophrenia,2,Percent,2017,0.003100892446679149,0.003911095637842024,0.00236823085372393
1,All Population,2,DALYs (Disability-Adjusted Life Years),102,United States of America,1,Male,19,70-74 years,559,Schizophrenia,3,Rate,2017,193.42270539686731,249.15467013075767,142.9528819221867
1,All Population,2,DALYs (Disability-Adjusted Life Years),102,United States of America,2,Female,19,70-74 years,559,Schizophrenia,3,Rate,2017,211.40554773552003,272.40235076827275,158.60407237734768
1,All Population,2,DALYs (Disability-Adjusted Life Years),102,United States of America,1,Male,19,70-74 years,559,Schizophrenia,1,Number,2018,11902.873191120048,15185.241848798494,8909.262219013128
1,All Population,2,DALYs (Disability-Adjusted Life Years),102,United States of America,2,Female,19,70-74 years,559,Schizophrenia,1,Number,2018,14904.483689901374,18436.535566926028,11315.813612253849
1,All Population,2,DALYs (Disability-Adjusted Life Years),102,United States of America,1,Male,19,70-74 years,559,Schizophrenia,2,Percent,2018,0.002302164967174382,0.002934308423402288,0.0017114600883151036
1,All Population,2,DALYs (Disability-Adjusted Life Years),102,United States of America,2,Female,19,70-74 years,559,Schizophrenia,2,Percent,2018,0.0031269373285987135,0.0039697501475924,0.002420624241600396
1,All Population,2,DALYs (Disability-Adjusted Life Years),102,United States of America,1,Male,19,70-74 years,559,Schizophrenia,3,Rate,2018,192.6972292188121,245.8359408099914,144.23325498153332
1,All Population,2,DALYs (Disability-Adjusted Life Years),102,United States of America,2,Female,19,70-74 years,559,Schizophrenia,3,Rate,2018,211.26132489043218,261.3258541050565,160.3942696490515
1,All Population,2,DALYs (Disability-Adjusted Life Years),102,United States of America,1,Male,19,70-74 years,559,Schizophrenia,1,Number,2016,10420.223049159371,13369.658620191753,7720.438127075867
1,All Population,2,DALYs (Disability-Adjusted Life Years),102,United States of America,2,Female,19,70-74 years,559,Schizophrenia,1,Number,2016,13117.585997676657,16683.1476584021,9764.48744162052
1,All Population,2,DALYs (Disability-Adjusted Life Years),102,United States of America,1,Male,19,70-74 years,559,Schizophrenia,2,Percent,2016,0.0022771265801751475,0.0029214579582833985,0.001690561027251614
1,All Population,2,DALYs (Disability-Adjusted Life Years),102,United States of America,2,Female,19,70-74 years,559,Schizophrenia,2,Percent,2016,0.0030973731835155973,0.003913133078586498,0.0023649940963340666
1,All Population,2,DALYs (Disability-Adjusted Life Years),102,United States of America,1,Male,19,70-74 years,559,Schizophrenia,3,Rate,2016,193.77492797279294,248.62276209696756,143.56960834089054
1,All Population,2,DALYs (Disability-Adjusted Life Years),102,United States of America,2,Female,19,70-74 years,559,Schizophrenia,3,Rate,2016,211.50150476707978,268.99086726996757,157.43779286431013
1,All Population,2,DALYs (Disability-Adjusted Life Years),6,China,1,Male,19,70-74 years,559,Schizophrenia,1,Number,2022,71541.60387669985,92693.19143978541,52949.30403741414
1,All Population,2,DALYs (Disability-Adjusted Life Years),6,China,2,Female,19,70-74 years,559,Schizophrenia,1,Number,2022,69818.08012298356,90761.4676847654,50922.3073906345
1,All Population,2,DALYs (Disability-Adjusted Life Years),6,China,1,Male,19,70-74 years,559,Schizophrenia,2,Percent,2022,0.0030560156215667057,0.004091586252467911,0.0021950324754761146
1,All Population,2,DALYs (Disability-Adjusted Life Years),6,China,2,Female,19,70-74 years,559,Schizophrenia,2,Percent,2022,0.0040160491784694925,0.005151075455786363,0.0030296508137466777
1,All Population,2,DALYs (Disability-Adjusted Life Years),6,China,1,Male,19,70-74 years,559,Schizophrenia,3,Rate,2022,262.12728047797873,339.6263554953512,194.00539432202208
1,All Population,2,DALYs (Disability-Adjusted Life Years),6,China,2,Female,19,70-74 years,559,Schizophrenia,3,Rate,2022,238.2861862589194,309.76509173223997,173.79570452588578
1,All Population,2,DALYs (Disability-Adjusted Life Years),6,China,1,Male,19,70-74 years,559,Schizophrenia,1,Number,2023,76464.66819641498,100775.71233924317,56773.367804039044
1,All Population,2,DALYs (Disability-Adjusted Life Years),6,China,2,Female,19,70-74 years,559,Schizophrenia,1,Number,2023,75249.62175897053,98303.12374759169,55569.64531894401
1,All Population,2,DALYs (Disability-Adjusted Life Years),6,China,1,Male,19,70-74 years,559,Schizophrenia,2,Percent,2023,0.0032739901479192654,0.0045578212395623405,0.002266172099178185
1,All Population,2,DALYs (Disability-Adjusted Life Years),6,China,2,Female,19,70-74 years,559,Schizophrenia,2,Percent,2023,0.004114328678634929,0.005496829042555637,0.003066113837522662
1,All Population,2,DALYs (Disability-Adjusted Life Years),6,China,1,Male,19,70-74 years,559,Schizophrenia,3,Rate,2023,260.72009686747174,343.61299280715104,193.57905163911556
1,All Population,2,DALYs (Disability-Adjusted Life Years),6,China,2,Female,19,70-74 years,559,Schizophrenia,3,Rate,2023,237.18013576968232,309.84272999695435,175.15059495762873
1,All Population,2,DALYs (Disability-Adjusted Life Years),102,United States of America,1,Male,19,70-74 years,559,Schizophrenia,1,Number,2019,12448.78069103573,15975.58791551139,9297.2605316273
1,All Population,2,DALYs (Disability-Adjusted Life Years),102,United States of America,2,Female,19,70-74 years,559,Schizophrenia,1,Number,2019,15523.952473281135,19871.834553263954,11636.002160506707
1,All Population,2,DALYs (Disability-Adjusted Life Years),102,United States of America,1,Male,19,70-74 years,559,Schizophrenia,2,Percent,2019,0.0023240665728053046,0.002921581168730018,0.0017425812259238191
1,All Population,2,DALYs (Disability-Adjusted Life Years),102,United States of America,2,Female,19,70-74 years,559,Schizophrenia,2,Percent,2019,0.0031378194773563368,0.00407082846574153,0.0023494626814618675
1,All Population,2,DALYs (Disability-Adjusted Life Years),102,United States of America,1,Male,19,70-74 years,559,Schizophrenia,3,Rate,2019,192.4105272584952,246.92147531376008,143.70008158615676
1,All Population,2,DALYs (Disability-Adjusted Life Years),102,United States of America,2,Female,19,70-74 years,559,Schizophrenia,3,Rate,2019,210.16782951904588,269.0307345251967,157.53161590527225
1,All Population,2,DALYs (Disability-Adjusted Life Years),102,United States of America,1,Male,19,70-74 years,559,Schizophrenia,1,Number,2020,12997.520029135234,16796.547520711887,9632.998667424174
1,All Population,2,DALYs (Disability-Adjusted Life Years),102,United States of America,2,Female,19,70-74 years,559,Schizophrenia,1,Number,2020,16352.713186985904,21044.853225249804,12375.676548021564
1,All Population,2,DALYs (Disability-Adjusted Life Years),102,United States of America,1,Male,19,70-74 years,559,Schizophrenia,2,Percent,2020,0.0020740125461774775,0.0026592596328025436,0.001565148793052105
1,All Population,2,DALYs (Disability-Adjusted Life Years),102,United States of America,2,Female,19,70-74 years,559,Schizophrenia,2,Percent,2020,0.0028978052356316126,0.003732895066659309,0.0022222904165018053
1,All Population,2,DALYs (Disability-Adjusted Life Years),102,United States of America,1,Male,19,70-74 years,559,Schizophrenia,3,Rate,2020,191.3124879929921,247.2309554958781,141.78958276402153
1,All Population,2,DALYs (Disability-Adjusted Life Years),102,United States of America,2,Female,19,70-74 years,559,Schizophrenia,3,Rate,2020,210.63552298248015,271.073895475511,159.40823226992637
1,All Population,2,DALYs (Disability-Adjusted Life Years),102,United States of America,1,Male,19,70-74 years,559,Schizophrenia,1,Number,2021,13615.413005235852,17566.431746246795,10119.6883521716
1,All Population,2,DALYs (Disability-Adjusted Life Years),102,United States of America,2,Female,19,70-74 years,559,Schizophrenia,1,Number,2021,17014.051049035435,21774.470021317222,12768.59082058903
1,All Population,2,DALYs (Disability-Adjusted Life Years),102,United States of America,1,Male,19,70-74 years,559,Schizophrenia,2,Percent,2021,0.0020620809332763334,0.0026773184152353185,0.0015606476604850305
1,All Population,2,DALYs (Disability-Adjusted Life Years),102,United States of America,2,Female,19,70-74 years,559,Schizophrenia,2,Percent,2021,0.0028471396345502763,0.003602128084721253,0.002154791918497139
1,All Population,2,DALYs (Disability-Adjusted Life Years),102,United States of America,1,Male,19,70-74 years,559,Schizophrenia,3,Rate,2021,191.85031941670263,247.5228287407191,142.59320977006055
1,All Population,2,DALYs (Disability-Adjusted Life Years),102,United States of America,2,Female,19,70-74 years,559,Schizophrenia,3,Rate,2021,209.16356074033993,267.6861418698223,156.9716650063908
1,All Population,2,DALYs (Disability-Adjusted Life Years),102,United States of America,1,Male,19,70-74 years,559,Schizophrenia,1,Number,2022,13722.799009968581,17602.23258115201,10083.787693842254
1,All Population,2,DALYs (Disability-Adjusted Life Years),102,United States of America,2,Female,19,70-74 years,559,Schizophrenia,1,Number,2022,17032.140107963787,21468.00187197964,12760.038108091017
1,All Population,2,DALYs (Disability-Adjusted Life Years),102,United States of America,1,Male,19,70-74 years,559,Schizophrenia,2,Percent,2022,0.0022059470919997973,0.002798559516476809,0.001643590794362487
1,All Population,2,DALYs (Disability-Adjusted Life Years),102,United States of America,2,Female,19,70-74 years,559,Schizophrenia,2,Percent,2022,0.0029763312584714977,0.003684914588535089,0.0022967187762390033
1,All Population,2,DALYs (Disability-Adjusted Life Years),102,United States of America,1,Male,19,70-74 years,559,Schizophrenia,3,Rate,2022,192.7933654059089,247.29602579711647,141.6684281480989
1,All Population,2,DALYs (Disability-Adjusted Life Years),102,United States of America,2,Female,19,70-74 years,559,Schizophrenia,3,Rate,2022,208.15883685957053,262.3718611427402,155.94720769247866
1,All Population,2,DALYs (Disability-Adjusted Life Years),102,United States of America,1,Male,19,70-74 years,559,Schizophrenia,1,Number,2023,13851.405936652192,17672.17460890585,10428.635233261346
1,All Population,2,DALYs (Disability-Adjusted Life Years),102,United States of America,2,Female,19,70-74 years,559,Schizophrenia,1,Number,2023,17305.694783092775,21953.489224535704,12966.15763102167
1,All Population,2,DALYs (Disability-Adjusted Life Years),102,United States of America,1,Male,19,70-74 years,559,Schizophrenia,2,Percent,2023,0.0023060251466047385,0.002963960257896689,0.0017533446172537579
1,All Population,2,DALYs (Disability-Adjusted Life Years),102,United States of America,2,Female,19,70-74 years,559,Schizophrenia,2,Percent,2023,0.0030958732674692398,0.004026021603009412,0.0023055492826293323
1,All Population,2,DALYs (Disability-Adjusted Life Years),102,United States of America,1,Male,19,70-74 years,559,Schizophrenia,3,Rate,2023,191.98852807475353,244.94660011847884,144.54693894750412
1,All Population,2,DALYs (Disability-Adjusted Life Years),102,United States of America,2,Female,19,70-74 years,559,Schizophrenia,3,Rate,2023,208.4628614185514,264.4497802156526,156.18918253472782
1,All Population,5,Prevalence,102,United States of America,1,Male,19,70-74 years,559,Schizophrenia,1,Number,1991,12347.792395791032,14681.679928807487,10470.90960444666
1,All Population,5,Prevalence,102,United States of America,2,Female,19,70-74 years,559,Schizophrenia,1,Number,1991,18482.531001028976,21768.79953946027,15644.993486450894
1,All Population,5,Prevalence,102,United States of America,1,Male,19,70-74 years,559,Schizophrenia,2,Percent,1991,0.0034847367802642,0.0041434261373926,0.0029550692765075
1,All Population,5,Prevalence,102,United States of America,2,Female,19,70-74 years,559,Schizophrenia,2,Percent,1991,0.0039201609626169,0.0046171488946936,0.0033182582629694
1,All Population,5,Prevalence,102,United States of America,1,Male,19,70-74 years,559,Schizophrenia,3,Rate,1991,348.45971421157003,414.32296787577,295.49331988642
1,All Population,5,Prevalence,102,United States of America,2,Female,19,70-74 years,559,Schizophrenia,3,Rate,1991,391.99826524278996,461.69713744354004,331.81658432398
1,All Population,5,Prevalence,6,China,1,Male,19,70-74 years,559,Schizophrenia,1,Number,1990,38004.08633113166,45122.41854461927,31258.75078544244
1,All Population,5,Prevalence,6,China,2,Female,19,70-74 years,559,Schizophrenia,1,Number,1990,39620.76086159359,46727.24373294206,32925.03716727026
1,All Population,5,Prevalence,6,China,1,Male,19,70-74 years,559,Schizophrenia,2,Percent,1990,0.0043436185115404,0.0051571812824152,0.0035726227480169
1,All Population,5,Prevalence,6,China,2,Female,19,70-74 years,559,Schizophrenia,2,Percent,1990,0.0039126048070712,0.0046142873740628,0.003251386883303
1,All Population,5,Prevalence,6,China,1,Male,19,70-74 years,559,Schizophrenia,3,Rate,1990,434.3390285265,515.69263538331,357.24830563757996
1,All Population,5,Prevalence,6,China,2,Female,19,70-74 years,559,Schizophrenia,3,Rate,1990,391.24709101955,461.42218837590997,325.12815840173005
1,All Population,5,Prevalence,6,China,1,Male,19,70-74 years,559,Schizophrenia,1,Number,1992,40615.42903807765,48020.89885322939,33516.33482779874
1,All Population,5,Prevalence,6,China,2,Female,19,70-74 years,559,Schizophrenia,1,Number,1992,42010.03425208061,49311.97474580796,34908.18189971322
1,All Population,5,Prevalence,6,China,1,Male,19,70-74 years,559,Schizophrenia,2,Percent,1992,0.0043469866306892,0.0051395681939886,0.0035871797688256
1,All Population,5,Prevalence,6,China,2,Female,19,70-74 years,559,Schizophrenia,2,Percent,1992,0.0039464575654452,0.0046323187437625,0.0032792823831116
1,All Population,5,Prevalence,6,China,1,Male,19,70-74 years,559,Schizophrenia,3,Rate,1992,434.67188725132,513.92624001261,358.69640819719
1,All Population,5,Prevalence,6,China,2,Female,19,70-74 years,559,Schizophrenia,3,Rate,1992,394.6295769406,463.22180113622994,327.91692032879
1,All Population,5,Prevalence,102,United States of America,1,Male,19,70-74 years,559,Schizophrenia,1,Number,1990,12062.151462745142,14357.300387852958,10243.833543146568
1,All Population,5,Prevalence,102,United States of America,2,Female,19,70-74 years,559,Schizophrenia,1,Number,1990,18098.90148434587,21367.4201672312,15309.203323993846
1,All Population,5,Prevalence,102,United States of America,1,Male,19,70-74 years,559,Schizophrenia,2,Percent,1990,0.00348596433855,0.0041492949762058,0.0029604892368045
1,All Population,5,Prevalence,102,United States of America,2,Female,19,70-74 years,559,Schizophrenia,2,Percent,1990,0.0039123479629715,0.0046188845453232,0.0033092591404653
1,All Population,5,Prevalence,102,United States of America,1,Male,19,70-74 years,559,Schizophrenia,3,Rate,1990,348.5834437309,414.91082476739,296.03597538174
1,All Population,5,Prevalence,102,United States of America,2,Female,19,70-74 years,559,Schizophrenia,3,Rate,1990,391.21752746064,461.86832351493,330.91669552350004
1,All Population,5,Prevalence,102,United States of America,1,Male,19,70-74 years,559,Schizophrenia,1,Number,1992,12700.627790393835,15083.997169931776,10764.868173031937
1,All Population,5,Prevalence,102,United States of America,2,Female,19,70-74 years,559,Schizophrenia,1,Number,1992,18954.684579499743,22299.46092844084,16033.392422067249
1,All Population,5,Prevalence,102,United States of America,1,Male,19,70-74 years,559,Schizophrenia,2,Percent,1992,0.0034838775120056,0.0041376824859846,0.0029528865720979
1,All Population,5,Prevalence,102,United States of America,2,Female,19,70-74 years,559,Schizophrenia,2,Percent,1992,0.0039263755060604,0.0046191992403573,0.0033211851634477
1,All Population,5,Prevalence,102,United States of America,1,Male,19,70-74 years,559,Schizophrenia,3,Rate,1992,348.37284824331,413.74766221853,295.27578071687
1,All Population,5,Prevalence,102,United States of America,2,Female,19,70-74 years,559,Schizophrenia,3,Rate,1992,392.61925765764,461.90152936436,332.10885699961
1,All Population,5,Prevalence,6,China,1,Male,19,70-74 years,559,Schizophrenia,1,Number,1991,39258.68415404055,46518.70712965902,32318.820184284607
1,All Population,5,Prevalence,6,China,2,Female,19,70-74 years,559,Schizophrenia,1,Number,1991,40780.27264496953,47974.31572301205,33897.205681964806
1,All Population,5,Prevalence,6,China,1,Male,19,70-74 years,559,Schizophrenia,2,Percent,1991,0.0043456607227212,0.0051492815028426,0.0035774498183282
1,All Population,5,Prevalence,6,China,2,Female,19,70-74 years,559,Schizophrenia,2,Percent,1991,0.0039307546892627,0.0046240777058978,0.0032672859349289
1,All Population,5,Prevalence,6,China,1,Male,19,70-74 years,559,Schizophrenia,3,Rate,1991,434.54123230179,514.89999618665,357.72620127345
1,All Population,5,Prevalence,6,China,2,Female,19,70-74 years,559,Schizophrenia,3,Rate,1991,393.06067163255005,462.40045826484004,326.71822838985
1,All Population,5,Prevalence,102,United States of America,1,Male,19,70-74 years,559,Schizophrenia,1,Number,1993,12942.381189759411,15359.911946671751,10965.61625315852
1,All Population,5,Prevalence,102,United States of America,2,Female,19,70-74 years,559,Schizophrenia,1,Number,1993,19283.15305501704,22659.73160938903,16302.705179685
1,All Population,5,Prevalence,102,United States of America,1,Male,19,70-74 years,559,Schizophrenia,2,Percent,1993,0.0034833395748814,0.0041340429786696,0.0029513079857929
1,All Population,5,Prevalence,102,United States of America,2,Female,19,70-74 years,559,Schizophrenia,2,Percent,1993,0.0039309146408375,0.0046192079420057,0.0033232859510127
1,All Population,5,Prevalence,102,United States of America,1,Male,19,70-74 years,559,Schizophrenia,3,Rate,1993,348.31830263036,413.38130745598005,295.11762824744
1,All Population,5,Prevalence,102,United States of America,2,Female,19,70-74 years,559,Schizophrenia,3,Rate,1993,393.07287598186997,461.90194348753,332.31864067977
1,All Population,5,Prevalence,6,China,1,Male,19,70-74 years,559,Schizophrenia,1,Number,1995,45519.28683842688,53522.223219238585,37600.488806936206
1,All Population,5,Prevalence,6,China,2,Female,19,70-74 years,559,Schizophrenia,1,Number,1995,46385.06822223989,54501.896016412014,38333.22108167167
1,All Population,5,Prevalence,6,China,1,Male,19,70-74 years,559,Schizophrenia,2,Percent,1995,0.004343751580092,0.0051072813158749,0.0035880597208818
1,All Population,5,Prevalence,6,China,2,Female,19,70-74 years,559,Schizophrenia,2,Percent,1995,0.0039677892177611,0.0046621334431147,0.0032790220141201
1,All Population,5,Prevalence,6,China,1,Male,19,70-74 years,559,Schizophrenia,3,Rate,1995,434.34455852599,510.70849369864004,358.78347060181
1,All Population,5,Prevalence,6,China,2,Female,19,70-74 years,559,Schizophrenia,3,Rate,1995,396.75960037787996,466.18774774034,327.88727192749
1,All Population,5,Prevalence,6,China,1,Male,19,70-74 years,559,Schizophrenia,1,Number,1994,43792.31830537723,51586.57848527841,36140.40700599646
1,All Population,5,Prevalence,6,China,2,Female,19,70-74 years,559,Schizophrenia,1,Number,1994,44941.03312066027,52761.2415140444,37210.17919025081
1,All Population,5,Prevalence,6,China,1,Male,19,70-74 years,559,Schizophrenia,2,Percent,1994,0.0043450230011849,0.0051182017116108,0.0035857834092737
1,All Population,5,Prevalence,6,China,2,Female,19,70-74 years,559,Schizophrenia,2,Percent,1994,0.0039647629962816,0.0046546852649535,0.003282728283935
1,All Population,5,Prevalence,6,China,1,Male,19,70-74 years,559,Schizophrenia,3,Rate,1994,434.47248212454997,511.8009200271,358.55631637019
1,All Population,5,Prevalence,6,China,2,Female,19,70-74 years,559,Schizophrenia,3,Rate,1994,396.45776055240003,465.44554502032,328.25823723083
1,All Population,5,Prevalence,6,China,1,Male,19,70-74 years,559,Schizophrenia,1,Number,1993,42024.85460810072,49592.19862019786,34651.83821215343
1,All Population,5,Prevalence,6,China,2,Female,19,70-74 years,559,Schizophrenia,1,Number,1993,43363.42482039682,50993.63527270623,35974.927673226855
1,All Population,5,Prevalence,6,China,1,Male,19,70-74 years,559,Schizophrenia,2,Percent,1993,0.00434629591718,0.0051287744616358,0.0035837404569721
1,All Population,5,Prevalence,6,China,2,Female,19,70-74 years,559,Schizophrenia,2,Percent,1993,0.0039575410987606,0.0046538750429007,0.0032832285635047
1,All Population,5,Prevalence,6,China,1,Male,19,70-74 years,559,Schizophrenia,3,Rate,1993,434.60109785232,512.85897753217,358.35286213459
1,All Population,5,Prevalence,6,China,2,Female,19,70-74 years,559,Schizophrenia,3,Rate,1993,395.73664861146005,465.37030704834996,328.30887713338
1,All Population,5,Prevalence,102,United States of America,1,Male,19,70-74 years,559,Schizophrenia,1,Number,1995,13325.704945506252,15806.17575649336,11270.912831165966
1,All Population,5,Prevalence,102,United States of America,2,Female,19,70-74 years,559,Schizophrenia,1,Number,1995,19753.72421445928,23241.12145212433,16692.573871984907
1,All Population,5,Prevalence,102,United States of America,1,Male,19,70-74 years,559,Schizophrenia,2,Percent,1995,0.0034832196111131,0.0041316255722438,0.0029461338579805
1,All Population,5,Prevalence,102,United States of America,2,Female,19,70-74 years,559,Schizophrenia,2,Percent,1995,0.0039347712663503,0.0046294318164953,0.0033249600620033
1,All Population,5,Prevalence,102,United States of America,1,Male,19,70-74 years,559,Schizophrenia,3,Rate,1995,348.30530753279,413.13948720134,294.59745476041996
1,All Population,5,Prevalence,102,United States of America,2,Female,19,70-74 years,559,Schizophrenia,3,Rate,1995,393.45828741927994,462.92090266011,332.4857357016
1,All Population,5,Prevalence,102,United States of America,1,Male,19,70-74 years,559,Schizophrenia,1,Number,1994,13159.289770621504,15613.300991578972,11136.0574656696
1,All Population,5,Prevalence,102,United States of America,2,Female,19,70-74 years,559,Schizophrenia,1,Number,1994,19562.82239659687,22988.665654783308,16533.46886996837
1,All Population,5,Prevalence,102,United States of America,1,Male,19,70-74 years,559,Schizophrenia,2,Percent,1994,0.0034831438086766,0.0041327370961091,0.0029476125877406
1,All Population,5,Prevalence,102,United States of America,2,Female,19,70-74 years,559,Schizophrenia,2,Percent,1994,0.0039337570792117,0.0046226086662933,0.0033245475265025
1,All Population,5,Prevalence,102,United States of America,1,Male,19,70-74 years,559,Schizophrenia,3,Rate,1994,348.29808407654,413.25048055542004,294.74747855452
1,All Population,5,Prevalence,102,United States of America,2,Female,19,70-74 years,559,Schizophrenia,3,Rate,1994,393.35691222386,462.24161088767,332.4445793758
1,All Population,5,Prevalence,6,China,1,Male,19,70-74 years,559,Schizophrenia,1,Number,1996,47080.97997496748,55393.96677017088,38766.779610422695
1,All Population,5,Prevalence,6,China,2,Female,19,70-74 years,559,Schizophrenia,1,Number,1996,47521.62731635437,55904.46333585699,39308.48542927516
1,All Population,5,Prevalence,6,China,1,Male,19,70-74 years,559,Schizophrenia,2,Percent,1996,0.004341546131897,0.0051081101034083,0.0035748701175707
1,All Population,5,Prevalence,6,China,2,Female,19,70-74 years,559,Schizophrenia,2,Percent,1996,0.003965849548593,0.0046654392744101,0.0032804243976001
1,All Population,5,Prevalence,6,China,1,Male,19,70-74 years,559,Schizophrenia,3,Rate,1996,434.12420034224,510.77657136005,357.46063924682
1,All Population,5,Prevalence,6,China,2,Female,19,70-74 years,559,Schizophrenia,3,Rate,1996,396.56555833618,466.51989774431,328.02730781581
1,All Population,5,Prevalence,6,China,1,Male,19,70-74 years,559,Schizophrenia,1,Number,1997,48693.72241199477,57402.53281050488,40086.65848567086
1,All Population,5,Prevalence,6,China,2,Female,19,70-74 years,559,Schizophrenia,1,Number,1997,48595.17752990895,57316.440743531086,40225.83457928297
1,All Population,5,Prevalence,6,China,1,Male,19,70-74 years,559,Schizophrenia,2,Percent,1997,0.0043385450721808,0.0051144684899028,0.0035715714584814
1,All Population,5,Prevalence,6,China,2,Female,19,70-74 years,559,Schizophrenia,2,Percent,1997,0.0039601423415243,0.0046708728037568,0.0032780953250942
1,All Population,5,Prevalence,6,China,1,Male,19,70-74 years,559,Schizophrenia,3,Rate,1997,433.82510835615,511.41417790439,357.14252473946
1,All Population,5,Prevalence,6,China,2,Female,19,70-74 years,559,Schizophrenia,3,Rate,1997,395.99543495842,467.06381242323005,327.79480743711
1,All Population,5,Prevalence,102,United States of America,1,Male,19,70-74 years,559,Schizophrenia,1,Number,1996,13397.768645603845,15904.30730458345,11351.527150424274
1,All Population,5,Prevalence,102,United States of America,2,Female,19,70-74 years,559,Schizophrenia,1,Number,1996,19767.377752470595,23263.03345065361,16708.45040684135
1,All Population,5,Prevalence,102,United States of America,1,Male,19,70-74 years,559,Schizophrenia,2,Percent,1996,0.003484264094592,0.0041361536911055,0.0029521304029885
1,All Population,5,Prevalence,102,United States of America,2,Female,19,70-74 years,559,Schizophrenia,2,Percent,1996,0.0039330987140887,0.0046286033302668,0.0033244107387846
1,All Population,5,Prevalence,102,United States of America,1,Male,19,70-74 years,559,Schizophrenia,3,Rate,1996,348.40965533404,413.59232069847997,295.19704113506
1,All Population,5,Prevalence,102,United States of America,2,Female,19,70-74 years,559,Schizophrenia,3,Rate,1996,393.29114993698,462.84060998867005,332.43082397969
1,All Population,5,Prevalence,102,United States of America,1,Male,19,70-74 years,559,Schizophrenia,1,Number,1997,13403.831540826635,15926.720507405073,11384.25171238486
1,All Population,5,Prevalence,102,United States of America,2,Female,19,70-74 years,559,Schizophrenia,1,Number,1997,19617.682882212343,23120.56518130813,16586.44844229075
1,All Population,5,Prevalence,102,United States of America,1,Male,19,70-74 years,559,Schizophrenia,2,Percent,1997,0.0034865198528186,0.0041428000678299,0.0029612144457635
1,All Population,5,Prevalence,102,United States of America,2,Female,19,70-74 years,559,Schizophrenia,2,Percent,1997,0.0039290035324626,0.0046305375432069,0.0033218562923477
1,All Population,5,Prevalence,102,United States of America,1,Male,19,70-74 years,559,Schizophrenia,3,Rate,1997,348.63523031744,414.25586821112,296.10572213251004
1,All Population,5,Prevalence,102,United States of America,2,Female,19,70-74 years,559,Schizophrenia,3,Rate,1997,392.88187008138,463.03383229868,332.17556431826
1,All Population,5,Prevalence,6,China,1,Male,19,70-74 years,559,Schizophrenia,1,Number,1998,50538.65359196281,59723.53282643764,41646.691584300745
1,All Population,5,Prevalence,6,China,2,Female,19,70-74 years,559,Schizophrenia,1,Number,1998,49785.84020976595,58765.13215428329,41172.07609150351
1,All Population,5,Prevalence,6,China,1,Male,19,70-74 years,559,Schizophrenia,2,Percent,1998,0.004336629614291,0.0051247934931504,0.0035735316786019
1,All Population,5,Prevalence,6,China,2,Female,19,70-74 years,559,Schizophrenia,2,Percent,1998,0.0039538334240932,0.0046669557138717,0.0032697216381913
1,All Population,5,Prevalence,6,China,1,Male,19,70-74 years,559,Schizophrenia,3,Rate,1998,433.63492320052006,512.44359969603,357.33955345391
1,All Population,5,Prevalence,6,China,2,Female,19,70-74 years,559,Schizophrenia,3,Rate,1998,395.36549736904,466.6729657317,326.96080397655004
1,All Population,5,Prevalence,6,China,1,Male,19,70-74 years,559,Schizophrenia,1,Number,1999,52463.60645491594,62124.7382270694,43212.15973648524
1,All Population,5,Prevalence,6,China,2,Female,19,70-74 years,559,Schizophrenia,1,Number,1999,51009.68839392836,60301.22748437365,42135.86371207381
1,All Population,5,Prevalence,6,China,1,Male,19,70-74 years,559,Schizophrenia,2,Percent,1999,0.0043365374508958,0.0051350575493001,0.003571812126033
1,All Population,5,Prevalence,6,China,2,Female,19,70-74 years,559,Schizophrenia,2,Percent,1999,0.0039492793260854,0.0046686791294072,0.0032621966159338
1,All Population,5,Prevalence,6,China,1,Male,19,70-74 years,559,Schizophrenia,3,Rate,1999,433.62674363870997,513.4787666562901,357.16088500758997
1,All Population,5,Prevalence,6,China,2,Female,19,70-74 years,559,Schizophrenia,3,Rate,1999,394.91092823265,466.84491650917,326.21083512441
1,All Population,5,Prevalence,102,United States of America,1,Male,19,70-74 years,559,Schizophrenia,1,Number,1999,13465.438657237284,16039.06023142761,11479.85750113142
1,All Population,5,Prevalence,102,United States of America,2,Female,19,70-74 years,559,Schizophrenia,1,Number,1999,19306.551735927354,22802.01347556815,16360.364278190278
1,All Population,5,Prevalence,102,United States of America,1,Male,19,70-74 years,559,Schizophrenia,2,Percent,1999,0.0034909692982441,0.0041582269978883,0.0029762059702499
1,All Population,5,Prevalence,102,United States of America,2,Female,19,70-74 years,559,Schizophrenia,2,Percent,1999,0.0039186890873551,0.0046282545905426,0.0033206421545038
1,All Population,5,Prevalence,102,United States of America,1,Male,19,70-74 years,559,Schizophrenia,3,Rate,1999,349.08070202323,415.79977807632997,297.60610238032
1,All Population,5,Prevalence,102,United States of America,2,Female,19,70-74 years,559,Schizophrenia,3,Rate,1999,391.85151666687,462.79644784172996,332.05481969634
1,All Population,5,Prevalence,102,United States of America,1,Male,19,70-74 years,559,Schizophrenia,1,Number,1998,13489.95782241785,16048.245910758573,11479.18280336447
1,All Population,5,Prevalence,102,United States of America,2,Female,19,70-74 years,559,Schizophrenia,1,Number,1998,19546.545332215304,23070.482884291912,16540.96989285489
1,All Population,5,Prevalence,102,United States of America,1,Male,19,70-74 years,559,Schizophrenia,2,Percent,1998,0.0034890500886918,0.0041507661095359,0.0029689982636492
1,All Population,5,Prevalence,102,United States of America,2,Female,19,70-74 years,559,Schizophrenia,2,Percent,1998,0.0039237442520444,0.0046311200774714,0.0033203547698887
1,All Population,5,Prevalence,102,United States of America,1,Male,19,70-74 years,559,Schizophrenia,3,Rate,1998,348.88845627577,415.05302058348997,296.88412820073
1,All Population,5,Prevalence,102,United States of America,2,Female,19,70-74 years,559,Schizophrenia,3,Rate,1998,392.35641295661003,463.09216057423,332.02571112592
1,All Population,5,Prevalence,6,China,1,Male,19,70-74 years,559,Schizophrenia,1,Number,2000,54502.61421145838,64589.575687510136,44805.231572029326
1,All Population,5,Prevalence,6,China,2,Female,19,70-74 years,559,Schizophrenia,1,Number,2000,52342.79868120717,61994.6204851121,43086.53786754135
1,All Population,5,Prevalence,6,China,1,Male,19,70-74 years,559,Schizophrenia,2,Percent,2000,0.0043392206219626,0.0051422502269643,0.0035671931641513
1,All Population,5,Prevalence,6,China,2,Female,19,70-74 years,559,Schizophrenia,2,Percent,2000,0.0039489375625096,0.0046771352297787,0.0032505604472421
1,All Population,5,Prevalence,6,China,1,Male,19,70-74 years,559,Schizophrenia,3,Rate,2000,433.89521392623,514.19749613487,356.6943681368
1,All Population,5,Prevalence,6,China,2,Female,19,70-74 years,559,Schizophrenia,3,Rate,2000,394.87711037404,467.69101409714,325.04734171321
1,All Population,5,Prevalence,6,China,1,Male,19,70-74 years,559,Schizophrenia,1,Number,2001,56456.917438002,66904.04738271033,46534.08900602722
1,All Population,5,Prevalence,6,China,2,Female,19,70-74 years,559,Schizophrenia,1,Number,2001,53703.62255561102,63506.84153449311,44343.57619790253
1,All Population,5,Prevalence,6,China,1,Male,19,70-74 years,559,Schizophrenia,2,Percent,2001,0.004344317575521,0.0051481742084984,0.0035807911481571
1,All Population,5,Prevalence,6,China,2,Female,19,70-74 years,559,Schizophrenia,2,Percent,2001,0.0039526718662341,0.0046741966942839,0.0032637051659367
1,All Population,5,Prevalence,6,China,1,Male,19,70-74 years,559,Schizophrenia,3,Rate,2001,434.40351037553995,514.78816698232,358.05305237475
1,All Population,5,Prevalence,6,China,2,Female,19,70-74 years,559,Schizophrenia,3,Rate,2001,395.24996273022,467.40006642250995,326.36153774163
1,All Population,5,Prevalence,102,United States of America,1,Male,19,70-74 years,559,Schizophrenia,1,Number,2000,13473.090157191751,16067.75573592746,11498.21449542758
1,All Population,5,Prevalence,102,United States of America,2,Female,19,70-74 years,559,Schizophrenia,1,Number,2000,19102.04507432819,22574.88481842318,16202.219227238593
1,All Population,5,Prevalence,102,United States of America,1,Male,19,70-74 years,559,Schizophrenia,2,Percent,2000,0.0034913242004007,0.0041637219322678,0.0029795797325427
1,All Population,5,Prevalence,102,United States of America,2,Female,19,70-74 years,559,Schizophrenia,2,Percent,2000,0.0039151480744384,0.0046270148919621,0.003320747843973
1,All Population,5,Prevalence,102,United States of America,1,Male,19,70-74 years,559,Schizophrenia,3,Rate,2000,349.11644468148,416.34975281028,297.94321258111
1,All Population,5,Prevalence,102,United States of America,2,Female,19,70-74 years,559,Schizophrenia,3,Rate,2000,391.49813947899,462.6743037709,332.06594677234
1,All Population,5,Prevalence,102,United States of America,1,Male,19,70-74 years,559,Schizophrenia,1,Number,2001,13470.870382105237,16054.653283854532,11499.170089066518
1,All Population,5,Prevalence,102,United States of America,2,Female,19,70-74 years,559,Schizophrenia,1,Number,2001,18918.565550691,22361.80988462765,16055.441966510083
1,All Population,5,Prevalence,102,United States of America,1,Male,19,70-74 years,559,Schizophrenia,2,Percent,2001,0.0034879875903978,0.0041570364687056,0.0029774814794853
1,All Population,5,Prevalence,102,United States of America,2,Female,19,70-74 years,559,Schizophrenia,2,Percent,2001,0.0039113236808999,0.0046232646854864,0.0033193297735147
1,All Population,5,Prevalence,102,United States of America,1,Male,19,70-74 years,559,Schizophrenia,3,Rate,2001,348.78283107372,415.68118951603,297.7322908541
1,All Population,5,Prevalence,102,United States of America,2,Female,19,70-74 years,559,Schizophrenia,3,Rate,2001,391.11664285694,462.30122399323,331.92530082158
1,All Population,5,Prevalence,102,United States of America,1,Male,19,70-74 years,559,Schizophrenia,1,Number,2002,13352.653787013864,15923.401089988649,11387.680832892564
1,All Population,5,Prevalence,102,United States of America,2,Female,19,70-74 years,559,Schizophrenia,1,Number,2002,18618.87779108485,22010.40442478848,15802.650395167351
1,All Population,5,Prevalence,102,United States of America,1,Male,19,70-74 years,559,Schizophrenia,2,Percent,2002,0.0034810296789336,0.0041512626386581,0.0029687931894521
1,All Population,5,Prevalence,102,United States of America,2,Female,19,70-74 years,559,Schizophrenia,2,Percent,2002,0.0039054149031405,0.0046168607258928,0.0033146411178185
1,All Population,5,Prevalence,102,United States of America,1,Male,19,70-74 years,559,Schizophrenia,3,Rate,2002,348.08686256197,415.10300612457,296.86249311982
1,All Population,5,Prevalence,102,United States of America,2,Female,19,70-74 years,559,Schizophrenia,3,Rate,2002,390.52706229083003,461.66362314068004,331.45728246784
1,All Population,5,Prevalence,6,China,1,Male,19,70-74 years,559,Schizophrenia,1,Number,2002,58351.38823392579,69156.49349349014,48157.389417727936
1,All Population,5,Prevalence,6,China,2,Female,19,70-74 years,559,Schizophrenia,1,Number,2002,55175.45733170547,65138.01360443136,45700.09742180428
1,All Population,5,Prevalence,6,China,1,Male,19,70-74 years,559,Schizophrenia,2,Percent,2002,0.0043516041512,0.0051573560090509,0.0035912903606892
1,All Population,5,Prevalence,6,China,2,Female,19,70-74 years,559,Schizophrenia,2,Percent,2002,0.0039593193536812,0.0046742084717891,0.0032793505788277
1,All Population,5,Prevalence,6,China,1,Male,19,70-74 years,559,Schizophrenia,3,Rate,2002,435.12939419105004,515.70363669093,359.11220482284
1,All Population,5,Prevalence,6,China,2,Female,19,70-74 years,559,Schizophrenia,3,Rate,2002,395.91329543967004,467.39994322993005,327.92254105674
1,All Population,5,Prevalence,6,China,1,Male,19,70-74 years,559,Schizophrenia,1,Number,2003,60210.82552128449,71410.61291089786,49690.12427272695
1,All Population,5,Prevalence,6,China,2,Female,19,70-74 years,559,Schizophrenia,1,Number,2003,56782.368323342365,66932.41766199737,47115.5897569477
1,All Population,5,Prevalence,6,China,1,Male,19,70-74 years,559,Schizophrenia,2,Percent,2003,0.004359550893632,0.0051703428437252,0.0035977066784269
1,All Population,5,Prevalence,6,China,2,Female,19,70-74 years,559,Schizophrenia,2,Percent,2003,0.0039669351191754,0.0046760518987765,0.0032915720448016
1,All Population,5,Prevalence,6,China,1,Male,19,70-74 years,559,Schizophrenia,3,Rate,2003,435.92071200832993,517.00611900871,359.75182477929
1,All Population,5,Prevalence,6,China,2,Female,19,70-74 years,559,Schizophrenia,3,Rate,2003,396.67309477790997,467.57981463126004,329.14243193853997
1,All Population,5,Prevalence,102,United States of America,1,Male,19,70-74 years,559,Schizophrenia,1,Number,2003,13220.873847957875,15774.80074301756,11271.50319217251
1,All Population,5,Prevalence,102,United States of America,2,Female,19,70-74 years,559,Schizophrenia,1,Number,2003,18321.383356984737,21663.22803857972,15529.06324685005
1,All Population,5,Prevalence,102,United States of America,1,Male,19,70-74 years,559,Schizophrenia,2,Percent,2003,0.0034728777264222,0.0041437926498349,0.0029607794784023
1,All Population,5,Prevalence,102,United States of America,2,Female,19,70-74 years,559,Schizophrenia,2,Percent,2003,0.0038988213467465,0.0046100110349165,0.0033045557376231
1,All Population,5,Prevalence,102,United States of America,1,Male,19,70-74 years,559,Schizophrenia,3,Rate,2003,347.27145285194,414.35521096993995,296.06751674554
1,All Population,5,Prevalence,102,United States of America,2,Female,19,70-74 years,559,Schizophrenia,3,Rate,2003,389.86925934689,460.9819305617,330.45017772046003
1,All Population,5,Prevalence,6,China,1,Male,19,70-74 years,559,Schizophrenia,1,Number,2004,62437.680434566864,74057.70400107754,51501.65311027093
1,All Population,5,Prevalence,6,China,2,Female,19,70-74 years,559,Schizophrenia,1,Number,2004,58862.47522317968,69343.69298937016,48796.29873356555
1,All Population,5,Prevalence,6,China,1,Male,19,70-74 years,559,Schizophrenia,2,Percent,2004,0.0043662930059001,0.0051788313679526,0.0036014246785006
1,All Population,5,Prevalence,6,China,2,Female,19,70-74 years,559,Schizophrenia,2,Percent,2004,0.0039732274420644,0.0046806946906712,0.0032937718291459
1,All Population,5,Prevalence,6,China,1,Male,19,70-74 years,559,Schizophrenia,3,Rate,2004,436.59214874331,517.84454348381,360.12256122823
1,All Population,5,Prevalence,6,China,2,Female,19,70-74 years,559,Schizophrenia,3,Rate,2004,397.30082962304,468.04533192571,329.35770872484
1,All Population,5,Prevalence,102,United States of America,1,Male,19,70-74 years,559,Schizophrenia,1,Number,2004,13121.296572645684,15665.22947914373,11194.793634134136
1,All Population,5,Prevalence,102,United States of America,2,Female,19,70-74 years,559,Schizophrenia,1,Number,2004,18071.01390535443,21373.941491772104,15309.67694288001
1,All Population,5,Prevalence,102,United States of America,1,Male,19,70-74 years,559,Schizophrenia,2,Percent,2004,0.0034659952829463,0.0041380270571199,0.002957126324961
1,All Population,5,Prevalence,102,United States of America,2,Female,19,70-74 years,559,Schizophrenia,2,Percent,2004,0.0038929243319046,0.0046044783633403,0.0032980252119686
1,All Population,5,Prevalence,102,United States of America,1,Male,19,70-74 years,559,Schizophrenia,3,Rate,2004,346.58315361448,413.77805957795,295.69691229066996
1,All Population,5,Prevalence,102,United States of America,2,Female,19,70-74 years,559,Schizophrenia,3,Rate,2004,389.28109202305,460.43190096204,329.79708775934
1,All Population,5,Prevalence,6,China,1,Male,19,70-74 years,559,Schizophrenia,1,Number,2005,64510.4951944403,76499.36148109645,53166.5101498811
1,All Population,5,Prevalence,6,China,2,Female,19,70-74 years,559,Schizophrenia,1,Number,2005,60767.16615866845,71742.58387679188,50268.90791341202
1,All Population,5,Prevalence,6,China,1,Male,19,70-74 years,559,Schizophrenia,2,Percent,2005,0.0043697166220594,0.0051817415833868,0.0036012066941302
1,All Population,5,Prevalence,6,China,2,Female,19,70-74 years,559,Schizophrenia,2,Percent,2005,0.0039761368960658,0.0046942645690699,0.003289176564353
1,All Population,5,Prevalence,6,China,1,Male,19,70-74 years,559,Schizophrenia,3,Rate,2005,436.93366114101997,518.13501022026,360.10013347224
1,All Population,5,Prevalence,6,China,2,Female,19,70-74 years,559,Schizophrenia,3,Rate,2005,397.5912358584,469.40188905254,328.90257166772
1,All Population,5,Prevalence,102,United States of America,1,Male,19,70-74 years,559,Schizophrenia,1,Number,2005,13144.041776754231,15704.50054048139,11222.869738115576
1,All Population,5,Prevalence,102,United States of America,2,Female,19,70-74 years,559,Schizophrenia,1,Number,2005,17958.925854094654,21248.263790720983,15228.353443766704
1,All Population,5,Prevalence,102,United States of America,1,Male,19,70-74 years,559,Schizophrenia,2,Percent,2005,0.0034628002294832,0.0041374089774988,0.0029566004848683
1,All Population,5,Prevalence,102,United States of America,2,Female,19,70-74 years,559,Schizophrenia,2,Percent,2005,0.0038890332619643,0.0046013584464079,0.0032976852041664
1,All Population,5,Prevalence,102,United States of America,1,Male,19,70-74 years,559,Schizophrenia,3,Rate,2005,346.26402102522997,413.71623718946995,295.65304713462996
1,All Population,5,Prevalence,102,United States of America,2,Female,19,70-74 years,559,Schizophrenia,3,Rate,2005,388.89319967425,460.12246836087996,329.76377009578
1,All Population,5,Prevalence,6,China,1,Male,19,70-74 years,559,Schizophrenia,1,Number,2006,66793.31603802928,79062.6931662233,55090.80875086216
1,All Population,5,Prevalence,6,China,2,Female,19,70-74 years,559,Schizophrenia,1,Number,2006,62766.16738062069,73858.38833223603,52066.33330225902
1,All Population,5,Prevalence,6,China,1,Male,19,70-74 years,559,Schizophrenia,2,Percent,2006,0.004374978061727,0.0051785926550229,0.0036083580886658
1,All Population,5,Prevalence,6,China,2,Female,19,70-74 years,559,Schizophrenia,2,Percent,2006,0.0039809251676335,0.0046843007437013,0.0033022565526013
1,All Population,5,Prevalence,6,China,1,Male,19,70-74 years,559,Schizophrenia,3,Rate,2006,437.46113038654005,517.81910489678,360.8158555317
1,All Population,5,Prevalence,6,China,2,Female,19,70-74 years,559,Schizophrenia,3,Rate,2006,398.07042627166,468.41859801413,330.21081829558
1,All Population,5,Prevalence,102,United States of America,1,Male,19,70-74 years,559,Schizophrenia,1,Number,2006,13251.07341975752,15823.407917315386,11319.772605974242
1,All Population,5,Prevalence,102,United States of America,2,Female,19,70-74 years,559,Schizophrenia,1,Number,2006,17969.31845909325,21273.47513964614,15245.8832486522
1,All Population,5,Prevalence,102,United States of America,1,Male,19,70-74 years,559,Schizophrenia,2,Percent,2006,0.0034636675164559,0.0041360939639445,0.0029587966127014
1,All Population,5,Prevalence,102,United States of America,2,Female,19,70-74 years,559,Schizophrenia,2,Percent,2006,0.0038857737946689,0.0046002751849475,0.003296808325643
1,All Population,5,Prevalence,102,United States of America,1,Male,19,70-74 years,559,Schizophrenia,3,Rate,2006,346.3511625603,413.58579446527006,295.87160811831
1,All Population,5,Prevalence,102,United States of America,2,Female,19,70-74 years,559,Schizophrenia,3,Rate,2006,388.56806741590003,460.01706414465997,329.6765764079
1,All Population,5,Prevalence,6,China,1,Male,19,70-74 years,559,Schizophrenia,1,Number,2007,68981.66949953696,81509.85545328751,56944.4936131638
1,All Population,5,Prevalence,6,China,2,Female,19,70-74 years,559,Schizophrenia,1,Number,2007,64579.31986243185,76137.98887961869,53506.43536032479
1,All Population,5,Prevalence,6,China,1,Male,19,70-74 years,559,Schizophrenia,2,Percent,2007,0.0043838978904099,0.0051800701891735,0.0036187983221404
1,All Population,5,Prevalence,6,China,2,Female,19,70-74 years,559,Schizophrenia,2,Percent,2007,0.003990190627427,0.0047042780299846,0.0033060253429632
1,All Population,5,Prevalence,6,China,1,Male,19,70-74 years,559,Schizophrenia,3,Rate,2007,438.35540148884996,517.96782640589,361.86318106646
1,All Population,5,Prevalence,6,China,2,Female,19,70-74 years,559,Schizophrenia,3,Rate,2007,398.99758802262,470.41179722199996,330.5847552736
1,All Population,5,Prevalence,102,United States of America,1,Male,19,70-74 years,559,Schizophrenia,1,Number,2007,13468.90735941508,16076.307230849192,11493.458588796802
1,All Population,5,Prevalence,102,United States of America,2,Female,19,70-74 years,559,Schizophrenia,1,Number,2007,18116.022929839444,21431.972689734568,15380.928388402235
1,All Population,5,Prevalence,102,United States of America,1,Male,19,70-74 years,559,Schizophrenia,2,Percent,2007,0.0034667505814355,0.0041379112604119,0.0029582529988222
1,All Population,5,Prevalence,102,United States of America,2,Female,19,70-74 years,559,Schizophrenia,2,Percent,2007,0.0038814224916239,0.0045918700295977,0.0032953732020355
1,All Population,5,Prevalence,102,United States of America,1,Male,19,70-74 years,559,Schizophrenia,3,Rate,2007,346.65984033866,413.76853735546996,295.81616481653
1,All Population,5,Prevalence,102,United States of America,2,Female,19,70-74 years,559,Schizophrenia,3,Rate,2007,388.13357505483,459.1773930051,329.53450910132
1,All Population,5,Prevalence,6,China,1,Male,19,70-74 years,559,Schizophrenia,1,Number,2008,70576.28834767092,83207.38359951295,58201.81178155334
1,All Population,5,Prevalence,6,China,2,Female,19,70-74 years,559,Schizophrenia,1,Number,2008,65796.01468622836,77743.380127234,54435.92031751871
1,All Population,5,Prevalence,6,China,1,Male,19,70-74 years,559,Schizophrenia,2,Percent,2008,0.0043930280592201,0.0051792448614713,0.0036227176333802
1,All Population,5,Prevalence,6,China,2,Female,19,70-74 years,559,Schizophrenia,2,Percent,2008,0.0040002729481931,0.0047265607286788,0.0033096010082804
1,All Population,5,Prevalence,6,China,1,Male,19,70-74 years,559,Schizophrenia,3,Rate,2008,439.27096837317,517.88764789531,362.25149863947996
1,All Population,5,Prevalence,6,China,2,Female,19,70-74 years,559,Schizophrenia,3,Rate,2008,400.00648646556,472.64042478792,330.94285919246
1,All Population,5,Prevalence,102,United States of America,1,Male,19,70-74 years,559,Schizophrenia,1,Number,2008,13820.726005936154,16488.42280142557,11780.17653020694
1,All Population,5,Prevalence,102,United States of America,2,Female,19,70-74 years,559,Schizophrenia,1,Number,2008,18410.807786301648,21763.807415594667,15660.559759093205
1,All Population,5,Prevalence,102,United States of America,1,Male,19,70-74 years,559,Schizophrenia,2,Percent,2008,0.0034709905586324,0.0041410050987486,0.0029584833943261
1,All Population,5,Prevalence,102,United States of America,2,Female,19,70-74 years,559,Schizophrenia,2,Percent,2008,0.0038766938068104,0.0045827149019272,0.0032975362563882
1,All Population,5,Prevalence,102,United States of America,1,Male,19,70-74 years,559,Schizophrenia,3,Rate,2008,347.08424309839,414.07895254280004,295.83928172776
1,All Population,5,Prevalence,102,United States of America,2,Female,19,70-74 years,559,Schizophrenia,3,Rate,2008,387.66132137198,458.26269215043004,329.75159808858996
1,All Population,5,Prevalence,6,China,1,Male,19,70-74 years,559,Schizophrenia,1,Number,2009,71681.26205554133,84327.01235562291,58983.32882821853
1,All Population,5,Prevalence,6,China,2,Female,19,70-74 years,559,Schizophrenia,1,Number,2009,66161.23366672691,78347.92217614061,54675.84757029676
1,All Population,5,Prevalence,6,China,1,Male,19,70-74 years,559,Schizophrenia,2,Percent,2009,0.0043998437863762,0.0051760551117238,0.0036203757024636
1,All Population,5,Prevalence,6,China,2,Female,19,70-74 years,559,Schizophrenia,2,Percent,2009,0.0040085359380932,0.0047468105504476,0.0033126727950744
1,All Population,5,Prevalence,6,China,1,Male,19,70-74 years,559,Schizophrenia,3,Rate,2009,439.95499331583,517.57027001723,362.01943571051
1,All Population,5,Prevalence,6,China,2,Female,19,70-74 years,559,Schizophrenia,3,Rate,2009,400.83346630719996,474.66571409509,331.25001288946004
1,All Population,5,Prevalence,102,United States of America,1,Male,19,70-74 years,559,Schizophrenia,1,Number,2009,14244.447790184897,16983.353221108897,12125.377327091828
1,All Population,5,Prevalence,102,United States of America,2,Female,19,70-74 years,559,Schizophrenia,1,Number,2009,18824.73132116751,22239.792785760103,16014.523990607997
1,All Population,5,Prevalence,102,United States of America,1,Male,19,70-74 years,559,Schizophrenia,2,Percent,2009,0.0034754390143602,0.0041437257896215,0.0029583837682228
1,All Population,5,Prevalence,102,United States of America,2,Female,19,70-74 years,559,Schizophrenia,2,Percent,2009,0.0038724188179899,0.0045749197141934,0.0032942870468173
1,All Population,5,Prevalence,102,United States of America,1,Male,19,70-74 years,559,Schizophrenia,3,Rate,2009,347.52951559712,414.35207633768,295.82940462039
1,All Population,5,Prevalence,102,United States of America,2,Female,19,70-74 years,559,Schizophrenia,3,Rate,2009,387.23447361721,457.48405678789004,329.42705327009
1,All Population,5,Prevalence,6,China,1,Male,19,70-74 years,559,Schizophrenia,1,Number,2010,72604.4349933145,85275.50944977654,59739.61944811781
1,All Population,5,Prevalence,6,China,2,Female,19,70-74 years,559,Schizophrenia,1,Number,2010,66903.33871724973,79367.12081158497,55204.35537672375
1,All Population,5,Prevalence,6,China,1,Male,19,70-74 years,559,Schizophrenia,2,Percent,2010,0.004402385538399,0.0051707011459091,0.0036222939996894
1,All Population,5,Prevalence,6,China,2,Female,19,70-74 years,559,Schizophrenia,2,Percent,2010,0.004011290113925,0.0047584980061841,0.0033098614158461
1,All Population,5,Prevalence,6,China,1,Male,19,70-74 years,559,Schizophrenia,3,Rate,2010,440.21082949162997,517.0373235968899,362.20965610698
1,All Population,5,Prevalence,6,China,2,Female,19,70-74 years,559,Schizophrenia,3,Rate,2010,401.10940311366,475.8342269005,330.9698209235
1,All Population,5,Prevalence,102,United States of America,1,Male,19,70-74 years,559,Schizophrenia,1,Number,2010,14680.798803471967,17488.56115848381,12477.06971442828
1,All Population,5,Prevalence,102,United States of America,2,Female,19,70-74 years,559,Schizophrenia,1,Number,2010,19269.548436183293,22759.24851004775,16388.517125306033
1,All Population,5,Prevalence,102,United States of America,1,Male,19,70-74 years,559,Schizophrenia,2,Percent,2010,0.0034791593624721,0.0041445905043786,0.0029568585647702
1,All Population,5,Prevalence,102,United States of America,2,Female,19,70-74 years,559,Schizophrenia,2,Percent,2010,0.0038694673006615,0.0045702163373097,0.0032908981593976
1,All Population,5,Prevalence,102,United States of America,1,Male,19,70-74 years,559,Schizophrenia,3,Rate,2010,347.90217040107,414.43987249450004,295.67870876811
1,All Population,5,Prevalence,102,United States of America,2,Female,19,70-74 years,559,Schizophrenia,3,Rate,2010,386.94012324838997,457.01467539230003,329.08787963172
1,All Population,5,Prevalence,6,China,1,Male,19,70-74 years,559,Schizophrenia,1,Number,2011,73373.80170388904,85907.90693995533,60224.1444143654
1,All Population,5,Prevalence,6,China,2,Female,19,70-74 years,559,Schizophrenia,1,Number,2011,67646.71560918486,80182.90436622198,55770.04845828417
1,All Population,5,Prevalence,6,China,1,Male,19,70-74 years,559,Schizophrenia,2,Percent,2011,0.0043988479360995,0.0051502637592353,0.003610454160151
1,All Population,5,Prevalence,6,China,2,Female,19,70-74 years,559,Schizophrenia,2,Percent,2011,0.0040097276917514,0.0047527268823917,0.0033057453547646
1,All Population,5,Prevalence,6,China,1,Male,19,70-74 years,559,Schizophrenia,3,Rate,2011,439.85830510601994,514.99725330181,361.0292703037
1,All Population,5,Prevalence,6,China,2,Female,19,70-74 years,559,Schizophrenia,3,Rate,2011,400.95354370007004,475.25765826591004,330.55852542585
1,All Population,5,Prevalence,102,United States of America,1,Male,19,70-74 years,559,Schizophrenia,1,Number,2011,15160.64653147781,18035.52292379293,12888.630759457576
1,All Population,5,Prevalence,102,United States of America,2,Female,19,70-74 years,559,Schizophrenia,1,Number,2011,19755.093222780237,23337.90750974159,16799.814306147437
1,All Population,5,Prevalence,102,United States of America,1,Male,19,70-74 years,559,Schizophrenia,2,Percent,2011,0.0034852769767663,0.0041462072615505,0.0029629217596619
1,All Population,5,Prevalence,102,United States of America,2,Female,19,70-74 years,559,Schizophrenia,2,Percent,2011,0.0038658705691569,0.0045669846496337,0.0032875194206609
1,All Population,5,Prevalence,102,United States of America,1,Male,19,70-74 years,559,Schizophrenia,3,Rate,2011,348.51493376919,414.60296988177,296.28553677981
1,All Population,5,Prevalence,102,United States of America,2,Female,19,70-74 years,559,Schizophrenia,3,Rate,2011,386.58158200137996,456.69261612566,328.75060211363
1,All Population,5,Prevalence,6,China,1,Male,19,70-74 years,559,Schizophrenia,1,Number,2012,74356.91787065333,87300.2731185364,60938.46552789334
1,All Population,5,Prevalence,6,China,2,Female,19,70-74 years,559,Schizophrenia,1,Number,2012,68766.3067661443,81491.72473605127,56727.254002975074
1,All Population,5,Prevalence,6,China,1,Male,19,70-74 years,559,Schizophrenia,2,Percent,2012,0.0043920458732856,0.005156517715363,0.0035993869608193
1,All Population,5,Prevalence,6,China,2,Female,19,70-74 years,559,Schizophrenia,2,Percent,2012,0.0040065587853315,0.00474785457699,0.0033051300189897
1,All Population,5,Prevalence,6,China,1,Male,19,70-74 years,559,Schizophrenia,3,Rate,2012,439.17935886389006,515.62758482723,359.92503437602
1,All Population,5,Prevalence,6,China,2,Female,19,70-74 years,559,Schizophrenia,3,Rate,2012,400.63706211575,474.77619084628003,330.49674258259
1,All Population,5,Prevalence,102,United States of America,1,Male,19,70-74 years,559,Schizophrenia,1,Number,2012,15816.821388540928,18788.574419756587,13448.41382325916
1,All Population,5,Prevalence,102,United States of America,2,Female,19,70-74 years,559,Schizophrenia,1,Number,2012,20446.01822024249,24163.228134617555,17387.419781037566
1,All Population,5,Prevalence,102,United States of America,1,Male,19,70-74 years,559,Schizophrenia,2,Percent,2012,0.003495495817953,0.0041522705867746,0.0029720433570002
1,All Population,5,Prevalence,102,United States of America,2,Female,19,70-74 years,559,Schizophrenia,2,Percent,2012,0.003860224374181,0.0045620244351321,0.0032827306688294
1,All Population,5,Prevalence,102,United States of America,1,Male,19,70-74 years,559,Schizophrenia,3,Rate,2012,349.5382467787,415.21145120287997,297.19846195785
1,All Population,5,Prevalence,102,United States of America,2,Female,19,70-74 years,559,Schizophrenia,3,Rate,2012,386.01828093941003,456.19874177933,328.27232283316
1,All Population,5,Prevalence,6,China,1,Male,19,70-74 years,559,Schizophrenia,1,Number,2013,76098.31551436652,89595.58751907996,62215.98607712784
1,All Population,5,Prevalence,6,China,2,Female,19,70-74 years,559,Schizophrenia,1,Number,2013,70464.47076178245,83482.14012599122,58177.285897211164
1,All Population,5,Prevalence,6,China,1,Male,19,70-74 years,559,Schizophrenia,2,Percent,2013,0.0043844396129606,0.005162036894704,0.00358453506929
1,All Population,5,Prevalence,6,China,2,Female,19,70-74 years,559,Schizophrenia,2,Percent,2013,0.0040036539496008,0.0047431630509128,0.0033055278468566
1,All Population,5,Prevalence,6,China,1,Male,19,70-74 years,559,Schizophrenia,3,Rate,2013,438.41991067209005,516.18080125982,358.44061558972004
1,All Population,5,Prevalence,6,China,2,Female,19,70-74 years,559,Schizophrenia,3,Rate,2013,400.34699907259,474.30746182125,330.53681623291004
1,All Population,5,Prevalence,102,United States of America,1,Male,19,70-74 years,559,Schizophrenia,1,Number,2013,16824.79243366979,19953.44369609123,14305.239685783246
1,All Population,5,Prevalence,102,United States of America,2,Female,19,70-74 years,559,Schizophrenia,1,Number,2013,21546.937128722544,25418.633264509604,18325.10383406549
1,All Population,5,Prevalence,102,United States of America,1,Male,19,70-74 years,559,Schizophrenia,2,Percent,2013,0.0035067955737728,0.0041589173519376,0.0029816116406941
1,All Population,5,Prevalence,102,United States of America,2,Female,19,70-74 years,559,Schizophrenia,2,Percent,2013,0.0038541980257748,0.0045467336075707,0.0032778691135533
1,All Population,5,Prevalence,102,United States of America,1,Male,19,70-74 years,559,Schizophrenia,3,Rate,2013,350.66969964646,415.87842081299,298.15607673978997
1,All Population,5,Prevalence,102,United States of America,2,Female,19,70-74 years,559,Schizophrenia,3,Rate,2013,385.41679575873997,454.67103407076,327.7868571054
1,All Population,5,Prevalence,6,China,1,Male,19,70-74 years,559,Schizophrenia,1,Number,2014,77622.13151082568,91655.42714521875,63333.53278136356
1,All Population,5,Prevalence,6,China,2,Female,19,70-74 years,559,Schizophrenia,1,Number,2014,72793.59285380518,86194.79234491875,60154.53424836405
1,All Population,5,Prevalence,6,China,1,Male,19,70-74 years,559,Schizophrenia,2,Percent,2014,0.0043782340840221,0.0051697197406214,0.003572239168153
1,All Population,5,Prevalence,6,China,2,Female,19,70-74 years,559,Schizophrenia,2,Percent,2014,0.0040023519667849,0.0047390506746281,0.0033074367966452
1,All Population,5,Prevalence,6,China,1,Male,19,70-74 years,559,Schizophrenia,3,Rate,2014,437.80045924778,516.9503505727799,357.21062019017
1,All Population,5,Prevalence,6,China,2,Female,19,70-74 years,559,Schizophrenia,3,Rate,2014,400.21719289431,473.89662306780997,330.72799257341
1,All Population,5,Prevalence,102,United States of America,1,Male,19,70-74 years,559,Schizophrenia,1,Number,2014,17680.249373655384,20935.520320783435,15039.54834047512
1,All Population,5,Prevalence,102,United States of America,2,Female,19,70-74 years,559,Schizophrenia,1,Number,2014,22483.812328845936,26477.780607051645,19113.22034815706
1,All Population,5,Prevalence,102,United States of America,1,Male,19,70-74 years,559,Schizophrenia,2,Percent,2014,0.003516025107646,0.0041633937162416,0.0029908618170931
1,All Population,5,Prevalence,102,United States of America,2,Female,19,70-74 years,559,Schizophrenia,2,Percent,2014,0.0038492769877382,0.0045330388742113,0.0032722063018804
1,All Population,5,Prevalence,102,United States of America,1,Male,19,70-74 years,559,Schizophrenia,3,Rate,2014,351.59384934799,416.32897942351997,299.08020988448
1,All Population,5,Prevalence,102,United States of America,2,Female,19,70-74 years,559,Schizophrenia,3,Rate,2014,384.92549502146,453.30269876711003,327.22056635074
1,All Population,5,Prevalence,6,China,1,Male,19,70-74 years,559,Schizophrenia,1,Number,2015,79768.0257602985,94500.86119326465,65027.85223694589
1,All Population,5,Prevalence,6,China,2,Female,19,70-74 years,559,Schizophrenia,1,Number,2015,75342.73252005309,89147.49212374497,62333.13127180685
1,All Population,5,Prevalence,6,China,1,Male,19,70-74 years,559,Schizophrenia,2,Percent,2015,0.004375020682584,0.0051830125483076,0.0035665151392364
1,All Population,5,Prevalence,6,China,2,Female,19,70-74 years,559,Schizophrenia,2,Percent,2015,0.0040051176488923,0.004738830760718,0.0033135525386206
1,All Population,5,Prevalence,6,China,1,Male,19,70-74 years,559,Schizophrenia,3,Rate,2015,437.47991428812,518.28070534447,356.63887819471
1,All Population,5,Prevalence,6,China,2,Female,19,70-74 years,559,Schizophrenia,3,Rate,2015,400.49398820735996,473.87496398302,331.33977897409
1,All Population,5,Prevalence,102,United States of America,1,Male,19,70-74 years,559,Schizophrenia,1,Number,2015,18389.85505347912,21779.46393168898,15661.8720567203
1,All Population,5,Prevalence,102,United States of America,2,Female,19,70-74 years,559,Schizophrenia,1,Number,2015,23252.374254264814,27342.943402838457,19750.821842236863
1,All Population,5,Prevalence,102,United States of America,1,Male,19,70-74 years,559,Schizophrenia,2,Percent,2015,0.0035200915541802,0.0041689044447004,0.0029979349257276
1,All Population,5,Prevalence,102,United States of America,2,Female,19,70-74 years,559,Schizophrenia,2,Percent,2015,0.003847065177782,0.0045238443446261,0.00326772682795
1,All Population,5,Prevalence,102,United States of America,1,Male,19,70-74 years,559,Schizophrenia,3,Rate,2015,352.00122575806,416.88191549164,299.78475336533
1,All Population,5,Prevalence,102,United States of America,2,Female,19,70-74 years,559,Schizophrenia,3,Rate,2015,384.70475089081,452.3822004319,326.77243681096
1,All Population,5,Prevalence,6,China,1,Male,19,70-74 years,559,Schizophrenia,1,Number,2016,83459.2105839097,98594.85346380807,68178.31918014251
1,All Population,5,Prevalence,6,China,2,Female,19,70-74 years,559,Schizophrenia,1,Number,2016,79439.64996172464,93932.41360267368,65591.319349469
1,All Population,5,Prevalence,6,China,1,Male,19,70-74 years,559,Schizophrenia,2,Percent,2016,0.0043751012818556,0.0051684794148014,0.0035739901452877
1,All Population,5,Prevalence,6,China,2,Female,19,70-74 years,559,Schizophrenia,2,Percent,2016,0.0040105159961647,0.0047421130936207,0.0033113527609471
1,All Population,5,Prevalence,6,China,1,Male,19,70-74 years,559,Schizophrenia,3,Rate,2016,437.48818476819,516.82831849938,357.38666697163
1,All Population,5,Prevalence,6,China,2,Female,19,70-74 years,559,Schizophrenia,3,Rate,2016,401.03380816374005,474.19737568383005,331.12352073398
1,All Population,5,Prevalence,102,United States of America,1,Male,19,70-74 years,559,Schizophrenia,1,Number,2016,18914.84800225585,22437.2875158205,16090.414386383827
1,All Population,5,Prevalence,102,United States of America,2,Female,19,70-74 years,559,Schizophrenia,1,Number,2016,23868.57516763705,28117.147388762158,20268.45386595981
1,All Population,5,Prevalence,102,United States of America,1,Male,19,70-74 years,559,Schizophrenia,2,Percent,2016,0.0035174884771698,0.0041725285774869,0.0029922653076505
1,All Population,5,Prevalence,102,United States of America,2,Female,19,70-74 years,559,Schizophrenia,2,Percent,2016,0.0038484671070079,0.0045334764809632,0.0032679861497268
1,All Population,5,Prevalence,102,United States of America,1,Male,19,70-74 years,559,Schizophrenia,3,Rate,2016,351.74134871796997,417.24478946098,299.21805647197
1,All Population,5,Prevalence,102,United States of America,2,Female,19,70-74 years,559,Schizophrenia,3,Rate,2016,384.84516629016,453.3470551315,326.79858113465997
1,All Population,5,Prevalence,6,China,1,Male,19,70-74 years,559,Schizophrenia,1,Number,2017,88163.81323417538,103956.12713326688,72170.79797701097
1,All Population,5,Prevalence,6,China,2,Female,19,70-74 years,559,Schizophrenia,1,Number,2017,84535.50364880408,100036.1434782815,69594.88687489244
1,All Population,5,Prevalence,6,China,1,Male,19,70-74 years,559,Schizophrenia,2,Percent,2017,0.0043792945642094,0.0051636485260885,0.0035848308077532
1,All Population,5,Prevalence,6,China,2,Female,19,70-74 years,559,Schizophrenia,2,Percent,2017,0.0040217990378141,0.004759177718532,0.003310951928202
1,All Population,5,Prevalence,6,China,1,Male,19,70-74 years,559,Schizophrenia,3,Rate,2017,437.90694268158,516.3468790197501,358.47012888449
1,All Population,5,Prevalence,6,China,2,Female,19,70-74 years,559,Schizophrenia,3,Rate,2017,402.16179302862,475.90317786512,331.08461277413
1,All Population,5,Prevalence,102,United States of America,1,Male,19,70-74 years,559,Schizophrenia,1,Number,2017,20521.176069804354,24383.80820841183,17467.844828754507
1,All Population,5,Prevalence,102,United States of America,2,Female,19,70-74 years,559,Schizophrenia,1,Number,2017,25810.01985460576,30474.279843455428,21902.16910929971
1,All Population,5,Prevalence,102,United States of America,1,Male,19,70-74 years,559,Schizophrenia,2,Percent,2017,0.0035104496673721,0.0041712096158721,0.0029881251873926
1,All Population,5,Prevalence,102,United States of America,2,Female,19,70-74 years,559,Schizophrenia,2,Percent,2017,0.0038521260059539,0.0045482522992433,0.0032688704205201
1,All Population,5,Prevalence,102,United States of America,1,Male,19,70-74 years,559,Schizophrenia,3,Rate,2017,351.03783434501,417.11250843756,298.80716380497
1,All Population,5,Prevalence,102,United States of America,2,Female,19,70-74 years,559,Schizophrenia,3,Rate,2017,385.21116269395,454.82463155345,326.88700263077
1,All Population,5,Prevalence,6,China,1,Male,19,70-74 years,559,Schizophrenia,1,Number,2018,92083.72269828527,108917.43576285645,75284.22038848337
1,All Population,5,Prevalence,6,China,2,Female,19,70-74 years,559,Schizophrenia,1,Number,2018,88948.10903341431,105434.2132170736,73054.18840463944
1,All Population,5,Prevalence,6,China,1,Male,19,70-74 years,559,Schizophrenia,2,Percent,2018,0.0043965458931109,0.005200176717719,0.0035943692579144
1,All Population,5,Prevalence,6,China,2,Female,19,70-74 years,559,Schizophrenia,2,Percent,2018,0.0040468605787775,0.0047968617250551,0.0033237008591507
1,All Population,5,Prevalence,6,China,1,Male,19,70-74 years,559,Schizophrenia,3,Rate,2018,439.63076584616994,519.99913008857,359.42573231932
1,All Population,5,Prevalence,6,China,2,Female,19,70-74 years,559,Schizophrenia,3,Rate,2018,404.66739075391,479.67054524697,332.3583618202
1,All Population,5,Prevalence,102,United States of America,1,Male,19,70-74 years,559,Schizophrenia,1,Number,2018,21629.453875037023,25745.20303512105,18410.02360340499
1,All Population,5,Prevalence,102,United States of America,2,Female,19,70-74 years,559,Schizophrenia,1,Number,2018,27206.846273455616,32143.529478747987,23067.364154611816
1,All Population,5,Prevalence,102,United States of America,1,Male,19,70-74 years,559,Schizophrenia,2,Percent,2018,0.0035016909753162,0.0041680083343256,0.00298045667337
1,All Population,5,Prevalence,102,United States of America,2,Female,19,70-74 years,559,Schizophrenia,2,Percent,2018,0.0038564073308011,0.0045561523138097,0.0032696487867
1,All Population,5,Prevalence,102,United States of America,1,Male,19,70-74 years,559,Schizophrenia,3,Rate,2018,350.16216373246,416.79258536037,298.04237021323996
1,All Population,5,Prevalence,102,United States of America,2,Female,19,70-74 years,559,Schizophrenia,3,Rate,2018,385.63928207153003,455.61354325450003,326.9648257816
1,All Population,5,Prevalence,6,China,1,Male,19,70-74 years,559,Schizophrenia,1,Number,2019,102049.72732687004,121047.93807710151,83546.63413808166
1,All Population,5,Prevalence,6,China,2,Female,19,70-74 years,559,Schizophrenia,1,Number,2019,98744.10548468745,117298.36785988216,80918.28072897982
1,All Population,5,Prevalence,6,China,1,Male,19,70-74 years,559,Schizophrenia,2,Percent,2019,0.0044178284281242,0.0052401920608478,0.0036167436686723
1,All Population,5,Prevalence,6,China,2,Female,19,70-74 years,559,Schizophrenia,2,Percent,2019,0.0040764609885914,0.0048423783009562,0.0033405101137477
1,All Population,5,Prevalence,6,China,1,Male,19,70-74 years,559,Schizophrenia,3,Rate,2019,441.75744199581,523.99774976888,361.660421355
1,All Population,5,Prevalence,6,China,2,Female,19,70-74 years,559,Schizophrenia,3,Rate,2019,407.62698142172997,484.22110243162,334.03993436859
1,All Population,5,Prevalence,102,United States of America,1,Male,19,70-74 years,559,Schizophrenia,1,Number,2019,22604.44130450777,26950.51312943613,19240.575157998366
1,All Population,5,Prevalence,102,United States of America,2,Female,19,70-74 years,559,Schizophrenia,1,Number,2019,28508.87642876661,33695.912798684505,24149.994419371946
1,All Population,5,Prevalence,102,United States of America,1,Male,19,70-74 years,559,Schizophrenia,2,Percent,2019,0.0034938511546834,0.0041656011165091,0.0029738801685714
1,All Population,5,Prevalence,102,United States of America,2,Female,19,70-74 years,559,Schizophrenia,2,Percent,2019,0.003859630952909,0.0045618704352228,0.0032694979293612
1,All Population,5,Prevalence,102,United States of America,1,Male,19,70-74 years,559,Schizophrenia,3,Rate,2019,349.37819034083003,416.55183506091,297.3856880275
1,All Population,5,Prevalence,102,United States of America,2,Female,19,70-74 years,559,Schizophrenia,3,Rate,2019,385.96154499783,456.18516732457,326.94971971553
1,All Population,5,Prevalence,6,China,1,Male,19,70-74 years,559,Schizophrenia,1,Number,2020,108024.3494993583,128517.82813947648,88460.8877670812
1,All Population,5,Prevalence,6,China,2,Female,19,70-74 years,559,Schizophrenia,1,Number,2020,104971.22352629909,124952.78184497842,85986.4810403142
1,All Population,5,Prevalence,6,China,1,Male,19,70-74 years,559,Schizophrenia,2,Percent,2020,0.0044348107066844,0.0052761075639659,0.0036316129693339
1,All Population,5,Prevalence,6,China,2,Female,19,70-74 years,559,Schizophrenia,2,Percent,2020,0.0040948259825592,0.0048742579013568,0.0033542247839935
1,All Population,5,Prevalence,6,China,1,Male,19,70-74 years,559,Schizophrenia,3,Rate,2020,443.45392274465,527.58230246424,363.14338268724
1,All Population,5,Prevalence,6,China,2,Female,19,70-74 years,559,Schizophrenia,3,Rate,2020,409.46468727279995,487.40740579443,335.41028089513
1,All Population,5,Prevalence,102,United States of America,1,Male,19,70-74 years,559,Schizophrenia,1,Number,2020,23707.406317946417,28315.82412047908,20142.586627222838
1,All Population,5,Prevalence,102,United States of America,2,Female,19,70-74 years,559,Schizophrenia,1,Number,2020,29967.796589940517,35436.11509223829,25369.161802934428
1,All Population,5,Prevalence,102,United States of America,1,Male,19,70-74 years,559,Schizophrenia,2,Percent,2020,0.0034895989707831,0.0041679344501985,0.0029648425061129
1,All Population,5,Prevalence,102,United States of America,2,Female,19,70-74 years,559,Schizophrenia,2,Percent,2020,0.0038600990596802,0.0045644641254687,0.0032677440012889
1,All Population,5,Prevalence,102,United States of America,1,Male,19,70-74 years,559,Schizophrenia,3,Rate,2020,348.95294459099,416.78495204606,296.48181757983
1,All Population,5,Prevalence,102,United States of America,2,Female,19,70-74 years,559,Schizophrenia,3,Rate,2020,386.00826879164,456.44441687274,326.7743158512
1,All Population,5,Prevalence,6,China,1,Male,19,70-74 years,559,Schizophrenia,1,Number,2021,115377.54197597512,137173.24707501678,94534.17606708704
1,All Population,5,Prevalence,6,China,2,Female,19,70-74 years,559,Schizophrenia,1,Number,2021,112895.02465436669,134624.86140673474,92490.3344026942
1,All Population,5,Prevalence,6,China,1,Male,19,70-74 years,559,Schizophrenia,2,Percent,2021,0.0044602284230483,0.0053027101598231,0.0036543972451348
1,All Population,5,Prevalence,6,China,2,Female,19,70-74 years,559,Schizophrenia,2,Percent,2021,0.0041037871895789,0.004893658062357,0.0033620526656747
1,All Population,5,Prevalence,6,China,1,Male,19,70-74 years,559,Schizophrenia,3,Rate,2021,445.99539849219997,530.24735961553,365.42473348020997
1,All Population,5,Prevalence,6,China,2,Female,19,70-74 years,559,Schizophrenia,3,Rate,2021,410.36067472691,489.34617916969995,336.19192827501
1,All Population,5,Prevalence,102,United States of America,1,Male,19,70-74 years,559,Schizophrenia,1,Number,2021,24784.34455577831,29620.2987389287,21123.226719038503
1,All Population,5,Prevalence,102,United States of America,2,Female,19,70-74 years,559,Schizophrenia,1,Number,2021,31234.921482333684,36955.42108302441,26511.48720996752
1,All Population,5,Prevalence,102,United States of America,1,Male,19,70-74 years,559,Schizophrenia,2,Percent,2021,0.0034923795336794,0.0041738272289099,0.0029764815700253
1,All Population,5,Prevalence,102,United States of America,2,Female,19,70-74 years,559,Schizophrenia,2,Percent,2021,0.0038399144264465,0.0045431744009852,0.0032592121750432
1,All Population,5,Prevalence,102,United States of America,1,Male,19,70-74 years,559,Schizophrenia,3,Rate,2021,349.22807099066,417.36991541103004,297.64046023433
1,All Population,5,Prevalence,102,United States of America,2,Female,19,70-74 years,559,Schizophrenia,3,Rate,2021,383.98893819354,454.31434524949003,325.92103135090997
1,All Population,5,Prevalence,6,China,1,Male,19,70-74 years,559,Schizophrenia,1,Number,2022,122359.85219396593,145733.856454172,100140.35382325044
1,All Population,5,Prevalence,6,China,2,Female,19,70-74 years,559,Schizophrenia,1,Number,2022,120457.6566832997,144025.08593331242,99147.3061126062
1,All Population,5,Prevalence,6,China,1,Male,19,70-74 years,559,Schizophrenia,2,Percent,2022,0.0044835147064084,0.0053399369364579,0.0036692922192627
1,All Population,5,Prevalence,6,China,2,Female,19,70-74 years,559,Schizophrenia,2,Percent,2022,0.0041113469519933,0.0049157305762062,0.0033839545825345
1,All Population,5,Prevalence,6,China,1,Male,19,70-74 years,559,Schizophrenia,3,Rate,2022,448.32452107965,533.96649496058,366.91263812077
1,All Population,5,Prevalence,6,China,2,Female,19,70-74 years,559,Schizophrenia,3,Rate,2022,411.11694229042996,491.55159225532003,338.38560742149
1,All Population,5,Prevalence,102,United States of America,1,Male,19,70-74 years,559,Schizophrenia,1,Number,2022,24880.556269226086,29755.73207245185,21247.4182086804
1,All Population,5,Prevalence,102,United States of America,2,Female,19,70-74 years,559,Schizophrenia,1,Number,2022,31246.06440021728,36807.407954534654,26571.13330244008
1,All Population,5,Prevalence,102,United States of America,1,Male,19,70-74 years,559,Schizophrenia,2,Percent,2022,0.0034956350632672,0.0041806044071039,0.0029851904084734
1,All Population,5,Prevalence,102,United States of America,2,Female,19,70-74 years,559,Schizophrenia,2,Percent,2022,0.003818784917317,0.0044984627825968,0.0032474029224463
1,All Population,5,Prevalence,102,United States of America,1,Male,19,70-74 years,559,Schizophrenia,3,Rate,2022,349.55012988462005,418.0421007549,298.50770674864003
1,All Population,5,Prevalence,102,United States of America,2,Female,19,70-74 years,559,Schizophrenia,3,Rate,2022,381.87476035071,449.84289578789,324.73994267404004
1,All Population,5,Prevalence,6,China,1,Male,19,70-74 years,559,Schizophrenia,1,Number,2023,130543.40136653444,154185.56198235232,106728.0045604754
1,All Population,5,Prevalence,6,China,2,Female,19,70-74 years,559,Schizophrenia,1,Number,2023,130208.07764456088,155187.71384339398,107894.5283288224
1,All Population,5,Prevalence,6,China,1,Male,19,70-74 years,559,Schizophrenia,2,Percent,2023,0.0044513837587744,0.0052573748623635,0.0036392342597683
1,All Population,5,Prevalence,6,China,2,Female,19,70-74 years,559,Schizophrenia,2,Percent,2023,0.0041042160065984,0.004891535418392,0.0034009262896329
1,All Population,5,Prevalence,6,China,1,Male,19,70-74 years,559,Schizophrenia,3,Rate,2023,445.1113050313,525.72352177537,363.90840820758996
1,All Population,5,Prevalence,6,China,2,Female,19,70-74 years,559,Schizophrenia,3,Rate,2023,410.40431582454005,489.13791430154004,340.07398681422
1,All Population,5,Prevalence,102,United States of America,1,Male,19,70-74 years,559,Schizophrenia,1,Number,2023,25139.721309844223,30047.29397753752,21441.383482900128
1,All Population,5,Prevalence,102,United States of America,2,Female,19,70-74 years,559,Schizophrenia,1,Number,2023,31822.946320240462,37489.21836284134,27189.77246327568
1,All Population,5,Prevalence,102,United States of America,1,Male,19,70-74 years,559,Schizophrenia,2,Percent,2023,0.0034846152334518,0.0041648533691387,0.0029719434885617
1,All Population,5,Prevalence,102,United States of America,2,Female,19,70-74 years,559,Schizophrenia,2,Percent,2023,0.0038333824296761,0.0045159384287271,0.0032752564526875
1,All Population,5,Prevalence,102,United States of America,1,Male,19,70-74 years,559,Schizophrenia,3,Rate,2023,348.45113287128,416.47293926403,297.19002342395004
1,All Population,5,Prevalence,102,United States of America,2,Female,19,70-74 years,559,Schizophrenia,3,Rate,2023,383.33638330241,451.59179277205,327.52558276662
1,All Population,6,Incidence,6,China,1,Male,19,70-74 years,559,Schizophrenia,1,Number,1990,1057.2602970599892,1427.3594022035368,722.9829748227799
1,All Population,6,Incidence,6,China,2,Female,19,70-74 years,559,Schizophrenia,1,Number,1990,914.44344717817,1255.733034200915,608.3920105670206
1,All Population,6,Incidence,6,China,1,Male,19,70-74 years,559,Schizophrenia,2,Percent,1990,4.38102946174e-05,5.91117521124e-05,2.92116605398e-05
1,All Population,6,Incidence,6,China,2,Female,19,70-74 years,559,Schizophrenia,2,Percent,1990,3.22042299546e-05,4.33131122887e-05,2.10546777614e-05
1,All Population,6,Incidence,6,China,1,Male,19,70-74 years,559,Schizophrenia,3,Rate,1990,12.083158803589999,16.31292726549,8.2627883799
1,All Population,6,Incidence,6,China,2,Female,19,70-74 years,559,Schizophrenia,3,Rate,1990,9.02994619059,12.40011261884,6.00774945149
1,All Population,6,Incidence,102,United States of America,1,Male,19,70-74 years,559,Schizophrenia,1,Number,1992,234.4510809629432,342.67623820752067,139.55697962552378
1,All Population,6,Incidence,102,United States of America,2,Female,19,70-74 years,559,Schizophrenia,1,Number,1992,279.4296139017356,423.8005344766818,163.129540720831
1,All Population,6,Incidence,102,United States of America,1,Male,19,70-74 years,559,Schizophrenia,2,Percent,1992,1.40078996689e-05,2.03511294908e-05,8.2445858305e-06
1,All Population,6,Incidence,102,United States of America,2,Female,19,70-74 years,559,Schizophrenia,2,Percent,1992,1.31585153661e-05,1.92710999124e-05,7.826965754e-06
1,All Population,6,Incidence,102,United States of America,1,Male,19,70-74 years,559,Schizophrenia,3,Rate,1992,6.43089398388,9.39946427057,3.82798892202
1,All Population,6,Incidence,102,United States of America,2,Female,19,70-74 years,559,Schizophrenia,3,Rate,1992,5.78798592599,8.7784236421,3.37899577865
1,All Population,6,Incidence,102,United States of America,1,Male,19,70-74 years,559,Schizophrenia,1,Number,1990,223.0222178146417,329.9545982337753,133.26805679068173
1,All Population,6,Incidence,102,United States of America,2,Female,19,70-74 years,559,Schizophrenia,1,Number,1990,266.0560579082563,402.4496638505327,155.33258053055283
1,All Population,6,Incidence,102,United States of America,1,Male,19,70-74 years,559,Schizophrenia,2,Percent,1990,1.42698332148e-05,2.07017241955e-05,8.4476189821e-06
1,All Population,6,Incidence,102,United States of America,2,Female,19,70-74 years,559,Schizophrenia,2,Percent,1990,1.28593799869e-05,1.90757937246e-05,7.7240302094e-06
1,All Population,6,Incidence,102,United States of America,1,Male,19,70-74 years,559,Schizophrenia,3,Rate,1990,6.44510665899,9.53533956877,3.8513061553699997
1,All Population,6,Incidence,102,United States of America,2,Female,19,70-74 years,559,Schizophrenia,3,Rate,1990,5.75094533946,8.69916677292,3.35759759463
1,All Population,6,Incidence,102,United States of America,1,Male,19,70-74 years,559,Schizophrenia,1,Number,1991,228.0568595382792,334.73525459924974,136.0329811650064
1,All Population,6,Incidence,102,United States of America,2,Female,19,70-74 years,559,Schizophrenia,1,Number,1991,272.1776723297653,413.3312728456221,158.94399870469127
1,All Population,6,Incidence,102,United States of America,1,Male,19,70-74 years,559,Schizophrenia,2,Percent,1991,1.41135684153e-05,2.04779756387e-05,8.327832958e-06
1,All Population,6,Incidence,102,United States of America,2,Female,19,70-74 years,559,Schizophrenia,2,Percent,1991,1.30148506829e-05,1.92947887096e-05,7.7837922381e-06
1,All Population,6,Incidence,102,United States of America,1,Male,19,70-74 years,559,Schizophrenia,3,Rate,1991,6.435857159839999,9.446364776420001,3.83890595345
1,All Population,6,Incidence,102,United States of America,2,Female,19,70-74 years,559,Schizophrenia,3,Rate,1991,5.77264961088,8.766393624180001,3.3710627488999996
1,All Population,6,Incidence,6,China,1,Male,19,70-74 years,559,Schizophrenia,1,Number,1991,1091.4861129944125,1473.0497370652658,746.868584455917
1,All Population,6,Incidence,6,China,2,Female,19,70-74 years,559,Schizophrenia,1,Number,1991,943.9885702184484,1294.3638431330412,630.6059864233928
1,All Population,6,Incidence,6,China,1,Male,19,70-74 years,559,Schizophrenia,2,Percent,1991,4.40038302057e-05,5.95620058152e-05,2.9308780114e-05
1,All Population,6,Incidence,6,China,2,Female,19,70-74 years,559,Schizophrenia,2,Percent,1991,3.26230115804e-05,4.3787203947e-05,2.13257687959e-05
1,All Population,6,Incidence,6,China,1,Male,19,70-74 years,559,Schizophrenia,3,Rate,1991,12.081294388769999,16.30469440785,8.26683833273
1,All Population,6,Incidence,6,China,2,Female,19,70-74 years,559,Schizophrenia,3,Rate,1991,9.098634152199999,12.47572633827,6.07809601267
1,All Population,6,Incidence,6,China,1,Male,19,70-74 years,559,Schizophrenia,1,Number,1992,1128.2712446724222,1521.2895285113673,771.6011889432755
1,All Population,6,Incidence,6,China,2,Female,19,70-74 years,559,Schizophrenia,1,Number,1992,974.608664175794,1331.9141688873697,653.5116514826782
1,All Population,6,Incidence,6,China,1,Male,19,70-74 years,559,Schizophrenia,2,Percent,1992,4.41776731063e-05,5.98386375608e-05,2.93503474588e-05
1,All Population,6,Incidence,6,China,2,Female,19,70-74 years,559,Schizophrenia,2,Percent,1992,3.29846057552e-05,4.42268881076e-05,2.1560348611e-05
1,All Population,6,Incidence,6,China,1,Male,19,70-74 years,559,Schizophrenia,3,Rate,1992,12.074913471750001,16.281049002179998,8.257781659499999
1,All Population,6,Incidence,6,China,2,Female,19,70-74 years,559,Schizophrenia,3,Rate,1992,9.15517951065,12.51159953441,6.138891127840001
1,All Population,6,Incidence,6,China,1,Male,19,70-74 years,559,Schizophrenia,1,Number,1993,1166.387675908231,1570.606748040419,797.2700277549818
1,All Population,6,Incidence,6,China,2,Female,19,70-74 years,559,Schizophrenia,1,Number,1993,1007.5866256442912,1371.8407707446418,677.9415151337894
1,All Population,6,Incidence,6,China,1,Male,19,70-74 years,559,Schizophrenia,2,Percent,1993,4.43309703953e-05,5.99249782159e-05,2.93867654343e-05
1,All Population,6,Incidence,6,China,2,Female,19,70-74 years,559,Schizophrenia,2,Percent,1993,3.32814147067e-05,4.48023395231e-05,2.17574600614e-05
1,All Population,6,Incidence,6,China,1,Male,19,70-74 years,559,Schizophrenia,3,Rate,1993,12.06222767927,16.24246944714,8.24498817612
1,All Population,6,Incidence,6,China,2,Female,19,70-74 years,559,Schizophrenia,3,Rate,1993,9.19528280042,12.51948321175,6.18692606188
1,All Population,6,Incidence,102,United States of America,1,Male,19,70-74 years,559,Schizophrenia,1,Number,1993,238.89451844774413,348.8756753845249,141.9218853511166
1,All Population,6,Incidence,102,United States of America,2,Female,19,70-74 years,559,Schizophrenia,1,Number,1993,284.4102717529236,431.5145974844128,165.9382862557294
1,All Population,6,Incidence,102,United States of America,1,Male,19,70-74 years,559,Schizophrenia,2,Percent,1993,1.39259016074e-05,2.02950283267e-05,8.1827522512e-06
1,All Population,6,Incidence,102,United States of America,2,Female,19,70-74 years,559,Schizophrenia,2,Percent,1993,1.32516135163e-05,1.94869569601e-05,7.8400286491e-06
1,All Population,6,Incidence,102,United States of America,1,Male,19,70-74 years,559,Schizophrenia,3,Rate,1993,6.4293681319800005,9.38929098883,3.8195436749100002
1,All Population,6,Incidence,102,United States of America,2,Female,19,70-74 years,559,Schizophrenia,3,Rate,1993,5.79749396573,8.7961073263,3.3825297775700003
1,All Population,6,Incidence,6,China,1,Male,19,70-74 years,559,Schizophrenia,1,Number,1995,1261.759161436354,1694.0014667294397,861.625880352729
1,All Population,6,Incidence,6,China,2,Female,19,70-74 years,559,Schizophrenia,1,Number,1995,1079.446144721178,1468.0634433083906,729.8561507407182
1,All Population,6,Incidence,6,China,1,Male,19,70-74 years,559,Schizophrenia,2,Percent,1995,4.45716829493e-05,6.00816201429e-05,2.9391188291e-05
1,All Population,6,Incidence,6,China,2,Female,19,70-74 years,559,Schizophrenia,2,Percent,1995,3.36268702631e-05,4.62408715592e-05,2.19602876924e-05
1,All Population,6,Incidence,6,China,1,Male,19,70-74 years,559,Schizophrenia,3,Rate,1995,12.03969271059,16.16414426308,8.221625131009999
1,All Population,6,Incidence,6,China,2,Female,19,70-74 years,559,Schizophrenia,3,Rate,1995,9.233157078849999,12.55723635687,6.24290198979
1,All Population,6,Incidence,6,China,1,Male,19,70-74 years,559,Schizophrenia,1,Number,1994,1214.4601909003452,1632.8562629007884,829.7026277119153
1,All Population,6,Incidence,6,China,2,Female,19,70-74 years,559,Schizophrenia,1,Number,1994,1045.2563531029923,1419.6508477900466,705.5603880999191
1,All Population,6,Incidence,6,China,1,Male,19,70-74 years,559,Schizophrenia,2,Percent,1994,4.44526282733e-05,6.00019142297e-05,2.93937711029e-05
1,All Population,6,Incidence,6,China,2,Female,19,70-74 years,559,Schizophrenia,2,Percent,1994,3.34879640998e-05,4.55754997197e-05,2.18862705232e-05
1,All Population,6,Incidence,6,China,1,Male,19,70-74 years,559,Schizophrenia,3,Rate,1994,12.04890615524,16.199898542659998,8.23164824419
1,All Population,6,Incidence,6,China,2,Female,19,70-74 years,559,Schizophrenia,3,Rate,1994,9.220971663950001,12.52377964632,6.2242648194
1,All Population,6,Incidence,102,United States of America,1,Male,19,70-74 years,559,Schizophrenia,1,Number,1995,246.11327171984183,360.0330655042586,145.6442487774518
1,All Population,6,Incidence,102,United States of America,2,Female,19,70-74 years,559,Schizophrenia,1,Number,1995,291.23672539362065,444.51845524854855,169.50521756559283
1,All Population,6,Incidence,102,United States of America,1,Male,19,70-74 years,559,Schizophrenia,2,Percent,1995,1.38754527025e-05,2.03599127042e-05,8.1378406978e-06
1,All Population,6,Incidence,102,United States of America,2,Female,19,70-74 years,559,Schizophrenia,2,Percent,1995,1.33223601877e-05,1.98443838124e-05,7.798348725e-06
1,All Population,6,Incidence,102,United States of America,1,Male,19,70-74 years,559,Schizophrenia,3,Rate,1995,6.4328723429500005,9.41049108586,3.80682786151
1,All Population,6,Incidence,102,United States of America,2,Female,19,70-74 years,559,Schizophrenia,3,Rate,1995,5.80090629812,8.85399979414,3.3762358878699996
1,All Population,6,Incidence,102,United States of America,1,Male,19,70-74 years,559,Schizophrenia,1,Number,1994,242.94561118461547,354.83060697898753,144.04705458222367
1,All Population,6,Incidence,102,United States of America,2,Female,19,70-74 years,559,Schizophrenia,1,Number,1994,288.52873939546805,438.642228102385,168.22177926135407
1,All Population,6,Incidence,102,United States of America,1,Male,19,70-74 years,559,Schizophrenia,2,Percent,1994,1.38852622527e-05,2.03025197218e-05,8.1501607996e-06
1,All Population,6,Incidence,102,United States of America,2,Female,19,70-74 years,559,Schizophrenia,2,Percent,1994,1.33108811857e-05,1.96488264425e-05,7.8330561593e-06
1,All Population,6,Incidence,102,United States of America,1,Male,19,70-74 years,559,Schizophrenia,3,Rate,1994,6.43024755784,9.39160264245,3.8126155744299997
1,All Population,6,Incidence,102,United States of America,2,Female,19,70-74 years,559,Schizophrenia,3,Rate,1994,5.80155417841,8.81994166892,3.3824975925
1,All Population,6,Incidence,6,China,1,Male,19,70-74 years,559,Schizophrenia,1,Number,1996,1303.5955114815551,1750.1031350389906,890.2009164997173
1,All Population,6,Incidence,6,China,2,Female,19,70-74 years,559,Schizophrenia,1,Number,1996,1104.6365666822203,1501.8590295505282,745.5185571705088
1,All Population,6,Incidence,6,China,1,Male,19,70-74 years,559,Schizophrenia,2,Percent,1996,4.46161133353e-05,6.01327055813e-05,2.94017984414e-05
1,All Population,6,Incidence,6,China,2,Female,19,70-74 years,559,Schizophrenia,2,Percent,1996,3.36041213062e-05,4.58354386239e-05,2.19965977387e-05
1,All Population,6,Incidence,6,China,1,Male,19,70-74 years,559,Schizophrenia,3,Rate,1996,12.02019072866,16.13734727737,8.20836272365
1,All Population,6,Incidence,6,China,2,Female,19,70-74 years,559,Schizophrenia,3,Rate,1996,9.21813585862,12.53293706949,6.22131436927
1,All Population,6,Incidence,102,United States of America,1,Male,19,70-74 years,559,Schizophrenia,1,Number,1996,247.85630878747,363.4004210286874,146.78950792629672
1,All Population,6,Incidence,102,United States of America,2,Female,19,70-74 years,559,Schizophrenia,1,Number,1996,290.8754690023065,442.3963347149637,169.05426255835332
1,All Population,6,Incidence,102,United States of America,1,Male,19,70-74 years,559,Schizophrenia,2,Percent,1996,1.39111970751e-05,2.03833045454e-05,8.1569618135e-06
1,All Population,6,Incidence,102,United States of America,2,Female,19,70-74 years,559,Schizophrenia,2,Percent,1996,1.32509971038e-05,1.97428066425e-05,7.7447095352e-06
1,All Population,6,Incidence,102,United States of America,1,Male,19,70-74 years,559,Schizophrenia,3,Rate,1996,6.445515921439999,9.45024643939,3.8172686225700003
1,All Population,6,Incidence,102,United States of America,2,Female,19,70-74 years,559,Schizophrenia,3,Rate,1996,5.7872495343,8.80190409607,3.36349849514
1,All Population,6,Incidence,6,China,1,Male,19,70-74 years,559,Schizophrenia,1,Number,1998,1393.2466204843906,1876.8064736985864,947.246652425083
1,All Population,6,Incidence,6,China,2,Female,19,70-74 years,559,Schizophrenia,1,Number,1998,1149.8537630573533,1570.0652996607232,771.1640846680741
1,All Population,6,Incidence,6,China,1,Male,19,70-74 years,559,Schizophrenia,2,Percent,1998,4.47543559935e-05,6.04798282634e-05,2.94464375697e-05
1,All Population,6,Incidence,6,China,2,Female,19,70-74 years,559,Schizophrenia,2,Percent,1998,3.34797406915e-05,4.51167149083e-05,2.19342942475e-05
1,All Population,6,Incidence,6,China,1,Male,19,70-74 years,559,Schizophrenia,3,Rate,1998,11.95442197868,16.103492539690002,8.127625098460001
1,All Population,6,Incidence,6,China,2,Female,19,70-74 years,559,Schizophrenia,3,Rate,1998,9.13136150796,12.46839755012,6.124064003
1,All Population,6,Incidence,6,China,1,Male,19,70-74 years,559,Schizophrenia,1,Number,1997,1345.5564688289992,1808.7318955368728,917.358755365662
1,All Population,6,Incidence,6,China,2,Female,19,70-74 years,559,Schizophrenia,1,Number,1997,1126.4061284558006,1532.6818151769992,757.7408044638258
1,All Population,6,Incidence,6,China,1,Male,19,70-74 years,559,Schizophrenia,2,Percent,1997,4.47064935914e-05,6.02934473805e-05,2.94400049932e-05
1,All Population,6,Incidence,6,China,2,Female,19,70-74 years,559,Schizophrenia,2,Percent,1997,3.3581659334e-05,4.53720315351e-05,2.19856415747e-05
1,All Population,6,Incidence,6,China,1,Male,19,70-74 years,559,Schizophrenia,3,Rate,1997,11.987914498499999,16.11446551424,8.17298907816
1,All Population,6,Incidence,6,China,2,Female,19,70-74 years,559,Schizophrenia,3,Rate,1997,9.17892901005,12.489613844500001,6.17472586173
1,All Population,6,Incidence,102,United States of America,1,Male,19,70-74 years,559,Schizophrenia,1,Number,1998,251.2911087503168,369.89904025328025,148.16716695959963
1,All Population,6,Incidence,102,United States of America,2,Female,19,70-74 years,559,Schizophrenia,1,Number,1998,285.1555415373124,432.29084115414616,164.65351367667077
1,All Population,6,Incidence,102,United States of America,1,Male,19,70-74 years,559,Schizophrenia,2,Percent,1998,1.41065535414e-05,2.06719662984e-05,8.2848270807e-06
1,All Population,6,Incidence,102,United States of America,2,Female,19,70-74 years,559,Schizophrenia,2,Percent,1998,1.29397250647e-05,1.9325075218e-05,7.5444025852e-06
1,All Population,6,Incidence,102,United States of America,1,Male,19,70-74 years,559,Schizophrenia,3,Rate,1998,6.49909867487,9.566635183799999,3.83202192563
1,All Population,6,Incidence,102,United States of America,2,Female,19,70-74 years,559,Schizophrenia,3,Rate,1998,5.72390688537,8.67734328018,3.30507825853
1,All Population,6,Incidence,102,United States of America,1,Male,19,70-74 years,559,Schizophrenia,1,Number,1997,248.77143308314623,365.6429972752844,147.0506291663356
1,All Population,6,Incidence,102,United States of America,2,Female,19,70-74 years,559,Schizophrenia,1,Number,1997,287.51826333918086,436.9116665630687,166.56987045541553
1,All Population,6,Incidence,102,United States of America,1,Male,19,70-74 years,559,Schizophrenia,2,Percent,1997,1.39999749521e-05,2.05323824847e-05,8.2063449779e-06
1,All Population,6,Incidence,102,United States of America,2,Female,19,70-74 years,559,Schizophrenia,2,Percent,1997,1.3110904614e-05,1.95314653006e-05,7.6530280474e-06
1,All Population,6,Incidence,102,United States of America,1,Male,19,70-74 years,559,Schizophrenia,3,Rate,1997,6.470574149280001,9.51041724008,3.82480411005
1,All Population,6,Incidence,102,United States of America,2,Female,19,70-74 years,559,Schizophrenia,3,Rate,1997,5.75810678873,8.74999731876,3.3358823565799995
1,All Population,6,Incidence,6,China,1,Male,19,70-74 years,559,Schizophrenia,1,Number,1999,1443.4119824076838,1949.131488425283,973.9918761107024
1,All Population,6,Incidence,6,China,2,Female,19,70-74 years,559,Schizophrenia,1,Number,1999,1174.361758952606,1602.9277235681984,785.291771326926
1,All Population,6,Incidence,6,China,1,Male,19,70-74 years,559,Schizophrenia,2,Percent,1999,4.48249788343e-05,6.07402094915e-05,2.94122439961e-05
1,All Population,6,Incidence,6,China,2,Female,19,70-74 years,559,Schizophrenia,2,Percent,1999,3.34032982025e-05,4.51835354954e-05,2.18948541086e-05
1,All Population,6,Incidence,6,China,1,Male,19,70-74 years,559,Schizophrenia,3,Rate,1999,11.9302137225,16.11013038106,8.0503220062
1,All Population,6,Incidence,6,China,2,Female,19,70-74 years,559,Schizophrenia,3,Rate,1999,9.09176877787,12.409675399610002,6.07963530287
1,All Population,6,Incidence,102,United States of America,1,Male,19,70-74 years,559,Schizophrenia,1,Number,2000,252.01908698045585,374.45485280325016,147.85656589762652
1,All Population,6,Incidence,102,United States of America,2,Female,19,70-74 years,559,Schizophrenia,1,Number,2000,277.1615762595372,418.1782070548285,159.18656123740473
1,All Population,6,Incidence,102,United States of America,1,Male,19,70-74 years,559,Schizophrenia,2,Percent,2000,1.42917508186e-05,2.09854513944e-05,8.4106147654e-06
1,All Population,6,Incidence,102,United States of America,2,Female,19,70-74 years,559,Schizophrenia,2,Percent,2000,1.27180998078e-05,1.90892706043e-05,7.399829565e-06
1,All Population,6,Incidence,102,United States of America,1,Male,19,70-74 years,559,Schizophrenia,3,Rate,2000,6.5303509894100005,9.70292229765,3.8312783486699997
1,All Population,6,Incidence,102,United States of America,2,Female,19,70-74 years,559,Schizophrenia,3,Rate,2000,5.680451544239999,8.57060013185,3.2625429534899997
1,All Population,6,Incidence,102,United States of America,1,Male,19,70-74 years,559,Schizophrenia,1,Number,1999,251.5787969760929,371.35879491047024,147.98137933304452
1,All Population,6,Incidence,102,United States of America,2,Female,19,70-74 years,559,Schizophrenia,1,Number,1999,280.57475663252285,424.2323936701754,161.5230588292596
1,All Population,6,Incidence,102,United States of America,1,Male,19,70-74 years,559,Schizophrenia,2,Percent,1999,1.42113753901e-05,2.08296091549e-05,8.3589804403e-06
1,All Population,6,Incidence,102,United States of America,2,Female,19,70-74 years,559,Schizophrenia,2,Percent,1999,1.27942710792e-05,1.91506238748e-05,7.450455653e-06
1,All Population,6,Incidence,102,United States of America,1,Male,19,70-74 years,559,Schizophrenia,3,Rate,1999,6.52197862231,9.62717904182,3.83629862338
1,All Population,6,Incidence,102,United States of America,2,Female,19,70-74 years,559,Schizophrenia,3,Rate,1999,5.69462871613,8.61034684767,3.2783200462
1,All Population,6,Incidence,6,China,1,Male,19,70-74 years,559,Schizophrenia,1,Number,2001,1551.6887924332716,2096.889993882283,1044.1278856723316
1,All Population,6,Incidence,6,China,2,Female,19,70-74 years,559,Schizophrenia,1,Number,2001,1234.0905369871798,1677.8549911290131,819.6293330114115
1,All Population,6,Incidence,6,China,1,Male,19,70-74 years,559,Schizophrenia,2,Percent,2001,4.51196736252e-05,6.11031861155e-05,2.94396174634e-05
1,All Population,6,Incidence,6,China,2,Female,19,70-74 years,559,Schizophrenia,2,Percent,2001,3.34985178965e-05,4.53445850933e-05,2.18181389815e-05
1,All Population,6,Incidence,6,China,1,Male,19,70-74 years,559,Schizophrenia,3,Rate,2001,11.9393528558,16.13436254669,8.03396358498
1,All Population,6,Incidence,6,China,2,Female,19,70-74 years,559,Schizophrenia,3,Rate,2001,9.08270644582,12.34874094431,6.03233912181
1,All Population,6,Incidence,102,United States of America,1,Male,19,70-74 years,559,Schizophrenia,1,Number,2001,251.6398456390821,375.3630349678191,148.4279981209333
1,All Population,6,Incidence,102,United States of America,2,Female,19,70-74 years,559,Schizophrenia,1,Number,2001,274.8585266701051,416.1626893480599,158.48687484782633
1,All Population,6,Incidence,102,United States of America,1,Male,19,70-74 years,559,Schizophrenia,2,Percent,2001,1.4324809056e-05,2.10351048365e-05,8.4699153238e-06
1,All Population,6,Incidence,102,United States of America,2,Female,19,70-74 years,559,Schizophrenia,2,Percent,2001,1.27200641599e-05,1.90089794756e-05,7.456757188e-06
1,All Population,6,Incidence,102,United States of America,1,Male,19,70-74 years,559,Schizophrenia,3,Rate,2001,6.51536651184,9.718761913889999,3.8430432427
1,All Population,6,Incidence,102,United States of America,2,Female,19,70-74 years,559,Schizophrenia,3,Rate,2001,5.68234118616,8.603620264129999,3.27650921849
1,All Population,6,Incidence,6,China,1,Male,19,70-74 years,559,Schizophrenia,1,Number,2000,1497.750522554608,2028.2392103900136,1000.5823643614968
1,All Population,6,Incidence,6,China,2,Female,19,70-74 years,559,Schizophrenia,1,Number,2000,1202.802162925121,1626.4843220166329,801.9755214100351
1,All Population,6,Incidence,6,China,1,Male,19,70-74 years,559,Schizophrenia,2,Percent,2000,4.49318891584e-05,6.10563870378e-05,2.93996256659e-05
1,All Population,6,Incidence,6,China,2,Female,19,70-74 years,559,Schizophrenia,2,Percent,2000,3.34039544487e-05,4.53852400764e-05,2.18462723948e-05
1,All Population,6,Incidence,6,China,1,Male,19,70-74 years,559,Schizophrenia,3,Rate,2000,11.92358922217,16.146808714,7.96563440702
1,All Population,6,Incidence,6,China,2,Female,19,70-74 years,559,Schizophrenia,3,Rate,2000,9.074009308139999,12.27029209993,6.05014986711
1,All Population,6,Incidence,102,United States of America,1,Male,19,70-74 years,559,Schizophrenia,1,Number,2003,245.2424315810269,367.1304358954309,146.37915260113553
1,All Population,6,Incidence,102,United States of America,2,Female,19,70-74 years,559,Schizophrenia,1,Number,2003,268.0259103062218,403.7753262295382,156.00657490869608
1,All Population,6,Incidence,102,United States of America,1,Male,19,70-74 years,559,Schizophrenia,2,Percent,2003,1.43321654473e-05,2.10320327671e-05,8.539761405e-06
1,All Population,6,Incidence,102,United States of America,2,Female,19,70-74 years,559,Schizophrenia,2,Percent,2003,1.28452846088e-05,1.91369073674e-05,7.6403691074e-06
1,All Population,6,Incidence,102,United States of America,1,Male,19,70-74 years,559,Schizophrenia,3,Rate,2003,6.441759939280001,9.643380711879999,3.84492746664
1,All Population,6,Incidence,102,United States of America,2,Female,19,70-74 years,559,Schizophrenia,3,Rate,2003,5.70344832051,8.59212343918,3.3197366502200003
1,All Population,6,Incidence,6,China,1,Male,19,70-74 years,559,Schizophrenia,1,Number,2002,1605.266476836091,2164.1822862691147,1088.2760868008793
1,All Population,6,Incidence,6,China,2,Female,19,70-74 years,559,Schizophrenia,1,Number,2002,1268.985319568859,1733.142271586653,839.9146320934453
1,All Population,6,Incidence,6,China,1,Male,19,70-74 years,559,Schizophrenia,2,Percent,2002,4.53770268726e-05,6.13089200175e-05,2.95252463614e-05
1,All Population,6,Incidence,6,China,2,Female,19,70-74 years,559,Schizophrenia,2,Percent,2002,3.36405951435e-05,4.53456977538e-05,2.18324362128e-05
1,All Population,6,Incidence,6,China,1,Male,19,70-74 years,559,Schizophrenia,3,Rate,2002,11.97055718333,16.13842199208,8.115332448710001
1,All Population,6,Incidence,6,China,2,Female,19,70-74 years,559,Schizophrenia,3,Rate,2002,9.10564559012,12.436218953009998,6.02683486393
1,All Population,6,Incidence,6,China,1,Male,19,70-74 years,559,Schizophrenia,1,Number,2004,1721.6188105036424,2312.857451643634,1181.494164782977
1,All Population,6,Incidence,6,China,2,Female,19,70-74 years,559,Schizophrenia,1,Number,2004,1357.2928663434227,1848.6308645077684,893.5223036153737
1,All Population,6,Incidence,6,China,1,Male,19,70-74 years,559,Schizophrenia,2,Percent,2004,4.59330516558e-05,6.18534723917e-05,2.97058706217e-05
1,All Population,6,Incidence,6,China,2,Female,19,70-74 years,559,Schizophrenia,2,Percent,2004,3.39871571714e-05,4.5878171547e-05,2.19354301489e-05
1,All Population,6,Incidence,6,China,1,Male,19,70-74 years,559,Schizophrenia,3,Rate,2004,12.03832766629,16.17253231577,8.26153490232
1,All Population,6,Incidence,6,China,2,Female,19,70-74 years,559,Schizophrenia,3,Rate,2004,9.16124542495,12.47760263819,6.03095862291
1,All Population,6,Incidence,102,United States of America,1,Male,19,70-74 years,559,Schizophrenia,1,Number,2002,248.6490973285608,371.48501814006187,147.48431081087287
1,All Population,6,Incidence,102,United States of America,2,Female,19,70-74 years,559,Schizophrenia,1,Number,2002,271.35297622732327,410.4070333640275,157.17239921938318
1,All Population,6,Incidence,102,United States of America,1,Male,19,70-74 years,559,Schizophrenia,2,Percent,2002,1.43344172059e-05,2.10442955998e-05,8.5128536816e-06
1,All Population,6,Incidence,102,United States of America,2,Female,19,70-74 years,559,Schizophrenia,2,Percent,2002,1.27733926256e-05,1.9062067923e-05,7.5462246298e-06
1,All Population,6,Incidence,102,United States of America,1,Male,19,70-74 years,559,Schizophrenia,3,Rate,2002,6.48196871937,9.6841464263,3.8447301821899997
1,All Population,6,Incidence,102,United States of America,2,Female,19,70-74 years,559,Schizophrenia,3,Rate,2002,5.69157184654,8.6082015727,3.29665815679
1,All Population,6,Incidence,102,United States of America,1,Male,19,70-74 years,559,Schizophrenia,1,Number,2004,242.5304732531425,363.77847699711134,145.70091916910974
1,All Population,6,Incidence,102,United States of America,2,Female,19,70-74 years,559,Schizophrenia,1,Number,2004,265.2272390800367,398.7103262498033,155.13942270103513
1,All Population,6,Incidence,102,United States of America,1,Male,19,70-74 years,559,Schizophrenia,2,Percent,2004,1.43428481765e-05,2.10772195766e-05,8.5662100926e-06
1,All Population,6,Incidence,102,United States of America,2,Female,19,70-74 years,559,Schizophrenia,2,Percent,2004,1.29181391647e-05,1.92086199176e-05,7.718280727e-06
1,All Population,6,Incidence,102,United States of America,1,Male,19,70-74 years,559,Schizophrenia,3,Rate,2004,6.40614864562,9.60876778272,3.8485132753899998
1,All Population,6,Incidence,102,United States of America,2,Female,19,70-74 years,559,Schizophrenia,3,Rate,2004,5.71345635636,8.58891438058,3.3419731843
1,All Population,6,Incidence,6,China,1,Male,19,70-74 years,559,Schizophrenia,1,Number,2006,1839.311262254464,2482.251084493483,1265.9387072524569
1,All Population,6,Incidence,6,China,2,Female,19,70-74 years,559,Schizophrenia,1,Number,2006,1447.326920615748,1975.600889386386,951.7341718947628
1,All Population,6,Incidence,6,China,1,Male,19,70-74 years,559,Schizophrenia,2,Percent,2006,4.60878251828e-05,6.2049612736e-05,2.97050256707e-05
1,All Population,6,Incidence,6,China,2,Female,19,70-74 years,559,Schizophrenia,2,Percent,2006,3.41272965839e-05,4.6130316634e-05,2.20259530069e-05
1,All Population,6,Incidence,6,China,1,Male,19,70-74 years,559,Schizophrenia,3,Rate,2006,12.04652249126,16.257440560480003,8.291233475510001
1,All Population,6,Incidence,6,China,2,Female,19,70-74 years,559,Schizophrenia,3,Rate,2006,9.17911780004,12.529493531309999,6.0360102156
1,All Population,6,Incidence,6,China,1,Male,19,70-74 years,559,Schizophrenia,1,Number,2003,1658.57774288187,2231.3506061083376,1132.985963685968
1,All Population,6,Incidence,6,China,2,Female,19,70-74 years,559,Schizophrenia,1,Number,2003,1307.7337952632918,1783.122180539282,863.071564220627
1,All Population,6,Incidence,6,China,1,Male,19,70-74 years,559,Schizophrenia,2,Percent,2003,4.56828921347e-05,6.1598653285e-05,2.96687313564e-05
1,All Population,6,Incidence,6,China,2,Female,19,70-74 years,559,Schizophrenia,2,Percent,2003,3.38350422419e-05,4.55620833515e-05,2.18920821698e-05
1,All Population,6,Incidence,6,China,1,Male,19,70-74 years,559,Schizophrenia,3,Rate,2003,12.00794681585,16.15476845789,8.2027117833
1,All Population,6,Incidence,6,China,2,Female,19,70-74 years,559,Schizophrenia,3,Rate,2003,9.135631834849999,12.456623677509999,6.02928828972
1,All Population,6,Incidence,102,United States of America,1,Male,19,70-74 years,559,Schizophrenia,1,Number,2006,244.0282527568368,364.6103564249457,146.7168906947023
1,All Population,6,Incidence,102,United States of America,2,Female,19,70-74 years,559,Schizophrenia,1,Number,2006,264.03593724153666,396.6061680925157,154.75458515875732
1,All Population,6,Incidence,102,United States of America,1,Male,19,70-74 years,559,Schizophrenia,2,Percent,2006,1.44177920134e-05,2.09938870091e-05,8.5589501492e-06
1,All Population,6,Incidence,102,United States of America,2,Female,19,70-74 years,559,Schizophrenia,2,Percent,2006,1.29792739671e-05,1.92557956859e-05,7.798460009e-06
1,All Population,6,Incidence,102,United States of America,1,Male,19,70-74 years,559,Schizophrenia,3,Rate,2006,6.37831112715,9.53003706409,3.83482636083
1,All Population,6,Incidence,102,United States of America,2,Female,19,70-74 years,559,Schizophrenia,3,Rate,2006,5.70950612823,8.57620129621,3.3464090591800004
1,All Population,6,Incidence,6,China,1,Male,19,70-74 years,559,Schizophrenia,1,Number,2005,1778.9541519719726,2395.76611910563,1225.8279243120692
1,All Population,6,Incidence,6,China,2,Female,19,70-74 years,559,Schizophrenia,1,Number,2005,1402.095640732047,1913.5617097901668,920.5124498510028
1,All Population,6,Incidence,6,China,1,Male,19,70-74 years,559,Schizophrenia,2,Percent,2005,4.60846017224e-05,6.22618437189e-05,2.96727602425e-05
1,All Population,6,Incidence,6,China,2,Female,19,70-74 years,559,Schizophrenia,2,Percent,2005,3.40884882706e-05,4.61940260964e-05,2.19399432229e-05
1,All Population,6,Incidence,6,China,1,Male,19,70-74 years,559,Schizophrenia,3,Rate,2005,12.04896890467,16.22667534179,8.30261000608
1,All Population,6,Incidence,6,China,2,Female,19,70-74 years,559,Schizophrenia,3,Rate,2005,9.17371952371,12.520171881969999,6.02278673986
1,All Population,6,Incidence,102,United States of America,1,Male,19,70-74 years,559,Schizophrenia,1,Number,2005,242.43301636526303,364.3144328966623,146.37523085655843
1,All Population,6,Incidence,102,United States of America,2,Female,19,70-74 years,559,Schizophrenia,1,Number,2005,264.02135184988686,396.2574075444553,155.1439438714473
1,All Population,6,Incidence,102,United States of America,1,Male,19,70-74 years,559,Schizophrenia,2,Percent,2005,1.43813677917e-05,2.11659671443e-05,8.6084951455e-06
1,All Population,6,Incidence,102,United States of America,2,Female,19,70-74 years,559,Schizophrenia,2,Percent,2005,1.29635805305e-05,1.92502055439e-05,7.7710225992e-06
1,All Population,6,Incidence,102,United States of America,1,Male,19,70-74 years,559,Schizophrenia,3,Rate,2005,6.386607141219999,9.59742692506,3.85607995438
1,All Population,6,Incidence,102,United States of America,2,Female,19,70-74 years,559,Schizophrenia,3,Rate,2005,5.7172744705,8.58079221255,3.35957869822
1,All Population,6,Incidence,6,China,1,Male,19,70-74 years,559,Schizophrenia,1,Number,2007,1894.406240452165,2562.721136840023,1301.2688978433291
1,All Population,6,Incidence,6,China,2,Female,19,70-74 years,559,Schizophrenia,1,Number,2007,1486.7811391914229,2030.645187831777,979.3196246078488
1,All Population,6,Incidence,6,China,1,Male,19,70-74 years,559,Schizophrenia,2,Percent,2007,4.59528905763e-05,6.16299424556e-05,2.98027169795e-05
1,All Population,6,Incidence,6,China,2,Female,19,70-74 years,559,Schizophrenia,2,Percent,2007,3.41040182191e-05,4.60545969752e-05,2.20654340709e-05
1,All Population,6,Incidence,6,China,1,Male,19,70-74 years,559,Schizophrenia,3,Rate,2007,12.03831705061,16.28523433824,8.26912793351
1,All Population,6,Incidence,6,China,2,Female,19,70-74 years,559,Schizophrenia,3,Rate,2007,9.18594512483,12.54616081124,6.05063925966
1,All Population,6,Incidence,102,United States of America,1,Male,19,70-74 years,559,Schizophrenia,1,Number,2007,247.49260892139228,368.0573142850801,147.83759571712957
1,All Population,6,Incidence,102,United States of America,2,Female,19,70-74 years,559,Schizophrenia,1,Number,2007,265.67771874631904,399.89947077071633,155.40344312464077
1,All Population,6,Incidence,102,United States of America,1,Male,19,70-74 years,559,Schizophrenia,2,Percent,2007,1.44107922706e-05,2.08018960399e-05,8.471766551e-06
1,All Population,6,Incidence,102,United States of America,2,Female,19,70-74 years,559,Schizophrenia,2,Percent,2007,1.29811869787e-05,1.93381589692e-05,7.7945833785e-06
1,All Population,6,Incidence,102,United States of America,1,Male,19,70-74 years,559,Schizophrenia,3,Rate,2007,6.3699115306300005,9.47297998277,3.80501223743
1,All Population,6,Incidence,102,United States of America,2,Female,19,70-74 years,559,Schizophrenia,3,Rate,2007,5.69211262255,8.56779723971,3.3294997577200003
1,All Population,6,Incidence,6,China,1,Male,19,70-74 years,559,Schizophrenia,1,Number,2009,1955.523034517672,2657.976601398904,1338.3046933179376
1,All Population,6,Incidence,6,China,2,Female,19,70-74 years,559,Schizophrenia,1,Number,2009,1517.1715822286278,2074.512580756468,1003.8476230367132
1,All Population,6,Incidence,6,China,1,Male,19,70-74 years,559,Schizophrenia,2,Percent,2009,4.57063381963e-05,6.10868895726e-05,3.0014338609e-05
1,All Population,6,Incidence,6,China,2,Female,19,70-74 years,559,Schizophrenia,2,Percent,2009,3.41628579928e-05,4.61132888029e-05,2.21443881469e-05
1,All Population,6,Incidence,6,China,1,Male,19,70-74 years,559,Schizophrenia,3,Rate,2009,12.00232946391,16.31374845208,8.21405504757
1,All Population,6,Incidence,6,China,2,Female,19,70-74 years,559,Schizophrenia,3,Rate,2009,9.1916838696,12.568297514389998,6.0817445517
1,All Population,6,Incidence,102,United States of America,1,Male,19,70-74 years,559,Schizophrenia,1,Number,2008,253.39111383495137,374.70599075346286,150.2158260985583
1,All Population,6,Incidence,102,United States of America,2,Female,19,70-74 years,559,Schizophrenia,1,Number,2008,269.36714836745284,405.42405494750005,157.41731531863311
1,All Population,6,Incidence,102,United States of America,1,Male,19,70-74 years,559,Schizophrenia,2,Percent,2008,1.43850510991e-05,2.06680130332e-05,8.419300134e-06
1,All Population,6,Incidence,102,United States of America,2,Female,19,70-74 years,559,Schizophrenia,2,Percent,2008,1.29778552018e-05,1.94805802457e-05,7.7662559366e-06
1,All Population,6,Incidence,102,United States of America,1,Male,19,70-74 years,559,Schizophrenia,3,Rate,2008,6.36349081195,9.41010950722,3.77241733035
1,All Population,6,Incidence,102,United States of America,2,Female,19,70-74 years,559,Schizophrenia,3,Rate,2008,5.671843728010001,8.53668272904,3.3146076571700003
1,All Population,6,Incidence,102,United States of America,1,Male,19,70-74 years,559,Schizophrenia,1,Number,2009,260.7173109150621,383.8857113152104,152.93135722230105
1,All Population,6,Incidence,102,United States of America,2,Female,19,70-74 years,559,Schizophrenia,1,Number,2009,274.9141672287225,413.76932919472574,160.67802459768723
1,All Population,6,Incidence,102,United States of America,1,Male,19,70-74 years,559,Schizophrenia,2,Percent,2009,1.43647394594e-05,2.06498733896e-05,8.3802195902e-06
1,All Population,6,Incidence,102,United States of America,2,Female,19,70-74 years,559,Schizophrenia,2,Percent,2009,1.29756108976e-05,1.96370510266e-05,7.7388720579e-06
1,All Population,6,Incidence,102,United States of America,1,Male,19,70-74 years,559,Schizophrenia,3,Rate,2009,6.36086158654,9.36586782886,3.73114923639
1,All Population,6,Incidence,102,United States of America,2,Female,19,70-74 years,559,Schizophrenia,3,Rate,2009,5.65512681273,8.511449414920001,3.3052301897700005
1,All Population,6,Incidence,6,China,1,Male,19,70-74 years,559,Schizophrenia,1,Number,2008,1931.6390042507896,2619.9440936048345,1324.2032783177
1,All Population,6,Incidence,6,China,2,Female,19,70-74 years,559,Schizophrenia,1,Number,2008,1511.693341216924,2065.9631510707754,997.7842864795012
1,All Population,6,Incidence,6,China,1,Male,19,70-74 years,559,Schizophrenia,2,Percent,2008,4.5835314262e-05,6.13208883748e-05,2.99127586811e-05
1,All Population,6,Incidence,6,China,2,Female,19,70-74 years,559,Schizophrenia,2,Percent,2008,3.41317339741e-05,4.60955971039e-05,2.20985785877e-05
1,All Population,6,Incidence,6,China,1,Male,19,70-74 years,559,Schizophrenia,3,Rate,2008,12.02263473767,16.306686084309998,8.24191906387
1,All Population,6,Incidence,6,China,2,Female,19,70-74 years,559,Schizophrenia,3,Rate,2008,9.19033082653,12.56001089379,6.06602373394
1,All Population,6,Incidence,102,United States of America,1,Male,19,70-74 years,559,Schizophrenia,1,Number,2011,277.7804876860294,410.9086999902128,162.2410904987046
1,All Population,6,Incidence,102,United States of America,2,Female,19,70-74 years,559,Schizophrenia,1,Number,2011,288.9021550002827,436.071150397615,168.7765797017857
1,All Population,6,Incidence,102,United States of America,1,Male,19,70-74 years,559,Schizophrenia,2,Percent,2011,1.44289130879e-05,2.07164128923e-05,8.4126811904e-06
1,All Population,6,Incidence,102,United States of America,2,Female,19,70-74 years,559,Schizophrenia,2,Percent,2011,1.29953483279e-05,1.97194217994e-05,7.7460369354e-06
1,All Population,6,Incidence,102,United States of America,1,Male,19,70-74 years,559,Schizophrenia,3,Rate,2011,6.38565433653,9.44602316695,3.72961949824
1,All Population,6,Incidence,102,United States of America,2,Female,19,70-74 years,559,Schizophrenia,3,Rate,2011,5.6534409058,8.53334749094,3.30273901774
1,All Population,6,Incidence,6,China,1,Male,19,70-74 years,559,Schizophrenia,1,Number,2010,1976.4326854361689,2687.417129933945,1350.5652662414832
1,All Population,6,Incidence,6,China,2,Female,19,70-74 years,559,Schizophrenia,1,Number,2010,1532.2580977931937,2094.508668007853,1016.2669894728951
1,All Population,6,Incidence,6,China,1,Male,19,70-74 years,559,Schizophrenia,2,Percent,2010,4.56161654473e-05,6.09633401242e-05,3.01273972918e-05
1,All Population,6,Incidence,6,China,2,Female,19,70-74 years,559,Schizophrenia,2,Percent,2010,3.41422029245e-05,4.60997685325e-05,2.20451989862e-05
1,All Population,6,Incidence,6,China,1,Male,19,70-74 years,559,Schizophrenia,3,Rate,2010,11.9833874056,16.29418539056,8.18866583273
1,All Population,6,Incidence,6,China,2,Female,19,70-74 years,559,Schizophrenia,3,Rate,2010,9.18643438139,12.55732729859,6.09288345496
1,All Population,6,Incidence,102,United States of America,1,Male,19,70-74 years,559,Schizophrenia,1,Number,2010,268.5383177897171,397.84398169552384,155.8787895685299
1,All Population,6,Incidence,102,United States of America,2,Female,19,70-74 years,559,Schizophrenia,1,Number,2010,281.2813330891464,423.3327999884958,164.42709892460292
1,All Population,6,Incidence,102,United States of America,1,Male,19,70-74 years,559,Schizophrenia,2,Percent,2010,1.43698257708e-05,2.06737778131e-05,8.3444478508e-06
1,All Population,6,Incidence,102,United States of America,2,Female,19,70-74 years,559,Schizophrenia,2,Percent,2010,1.29801544251e-05,1.97044786769e-05,7.715050524e-06
1,All Population,6,Incidence,102,United States of America,1,Male,19,70-74 years,559,Schizophrenia,3,Rate,2010,6.36375886936,9.42801454919,3.6939794582300003
1,All Population,6,Incidence,102,United States of America,2,Female,19,70-74 years,559,Schizophrenia,3,Rate,2010,5.648239970620001,8.50068938279,3.30176091744
1,All Population,6,Incidence,6,China,1,Male,19,70-74 years,559,Schizophrenia,1,Number,2012,2004.7762428128517,2723.01011238293,1360.72268802017
1,All Population,6,Incidence,6,China,2,Female,19,70-74 years,559,Schizophrenia,1,Number,2012,1561.2446545436394,2126.7195885560195,1032.2612968446554
1,All Population,6,Incidence,6,China,1,Male,19,70-74 years,559,Schizophrenia,2,Percent,2012,4.49821478275e-05,6.00029893442e-05,2.95972871544e-05
1,All Population,6,Incidence,6,China,2,Female,19,70-74 years,559,Schizophrenia,2,Percent,2012,3.36993669041e-05,4.57911256778e-05,2.17679008596e-05
1,All Population,6,Incidence,6,China,1,Male,19,70-74 years,559,Schizophrenia,3,Rate,2012,11.84094728772,16.08310120406,8.036929647300001
1,All Population,6,Incidence,6,China,2,Female,19,70-74 years,559,Schizophrenia,3,Rate,2012,9.09591486086,12.390409314849999,6.01402274969
1,All Population,6,Incidence,102,United States of America,1,Male,19,70-74 years,559,Schizophrenia,1,Number,2012,290.9293252138252,433.34550147847807,171.15689044636298
1,All Population,6,Incidence,102,United States of America,2,Female,19,70-74 years,559,Schizophrenia,1,Number,2012,300.1222952685299,454.3655753107616,175.10931331567627
1,All Population,6,Incidence,102,United States of America,1,Male,19,70-74 years,559,Schizophrenia,2,Percent,2012,1.45326151877e-05,2.10213762944e-05,8.4969870773e-06
1,All Population,6,Incidence,102,United States of America,2,Female,19,70-74 years,559,Schizophrenia,2,Percent,2012,1.30197028063e-05,1.96489355855e-05,7.7784866812e-06
1,All Population,6,Incidence,102,United States of America,1,Male,19,70-74 years,559,Schizophrenia,3,Rate,2012,6.429289664070001,9.57656555103,3.78242112882
1,All Population,6,Incidence,102,United States of America,2,Female,19,70-74 years,559,Schizophrenia,3,Rate,2012,5.66627160571,8.57836554825,3.3060420554500003
1,All Population,6,Incidence,6,China,1,Male,19,70-74 years,559,Schizophrenia,1,Number,2011,1990.5979214703857,2708.969397466401,1359.8190864507476
1,All Population,6,Incidence,6,China,2,Female,19,70-74 years,559,Schizophrenia,1,Number,2011,1544.9200988649773,2110.009776863048,1023.7674987825592
1,All Population,6,Incidence,6,China,1,Male,19,70-74 years,559,Schizophrenia,2,Percent,2011,4.53868811437e-05,6.0561445968e-05,2.99208924212e-05
1,All Population,6,Incidence,6,China,2,Female,19,70-74 years,559,Schizophrenia,2,Percent,2011,3.39816595969e-05,4.5847479998e-05,2.19494979407e-05
1,All Population,6,Incidence,6,China,1,Male,19,70-74 years,559,Schizophrenia,3,Rate,2011,11.93315607959,16.23962041059,8.15178857749
1,All Population,6,Incidence,6,China,2,Female,19,70-74 years,559,Schizophrenia,3,Rate,2011,9.1570031567,12.50638541215,6.06804340559
1,All Population,6,Incidence,102,United States of America,1,Male,19,70-74 years,559,Schizophrenia,1,Number,2014,328.0949074444169,493.81129840953616,194.54814047577744
1,All Population,6,Incidence,102,United States of America,2,Female,19,70-74 years,559,Schizophrenia,1,Number,2014,333.0048774158199,506.0767604611588,193.56096110613464
1,All Population,6,Incidence,102,United States of America,1,Male,19,70-74 years,559,Schizophrenia,2,Percent,2014,1.47358145261e-05,2.16510149343e-05,8.6724697238e-06
1,All Population,6,Incidence,102,United States of America,2,Female,19,70-74 years,559,Schizophrenia,2,Percent,2014,1.30648248709e-05,1.9744495701e-05,7.8402614639e-06
1,All Population,6,Incidence,102,United States of America,1,Male,19,70-74 years,559,Schizophrenia,3,Rate,2014,6.52457717207,9.820054660430001,3.8688328511499996
1,All Population,6,Incidence,102,United States of America,2,Female,19,70-74 years,559,Schizophrenia,3,Rate,2014,5.70108242362,8.664093290330001,3.31378627792
1,All Population,6,Incidence,102,United States of America,1,Male,19,70-74 years,559,Schizophrenia,1,Number,2013,310.9164030636989,468.4929069446521,183.99680114869145
1,All Population,6,Incidence,102,United States of America,2,Female,19,70-74 years,559,Schizophrenia,1,Number,2013,317.7228323752212,482.0134575304788,185.04687109539063
1,All Population,6,Incidence,102,United States of America,1,Male,19,70-74 years,559,Schizophrenia,2,Percent,2013,1.46460220783e-05,2.1409759102e-05,8.5897680472e-06
1,All Population,6,Incidence,102,United States of America,2,Female,19,70-74 years,559,Schizophrenia,2,Percent,2013,1.30447739326e-05,1.96903349568e-05,7.8103564935e-06
1,All Population,6,Incidence,102,United States of America,1,Male,19,70-74 years,559,Schizophrenia,3,Rate,2013,6.480255973879999,9.76453454701,3.83494199106
1,All Population,6,Incidence,102,United States of America,2,Female,19,70-74 years,559,Schizophrenia,3,Rate,2013,5.6832075604,8.62192529751,3.3099911925599996
1,All Population,6,Incidence,6,China,1,Male,19,70-74 years,559,Schizophrenia,1,Number,2013,2036.591587616766,2761.926355879881,1367.8342974270909
1,All Population,6,Incidence,6,China,2,Female,19,70-74 years,559,Schizophrenia,1,Number,2013,1587.9028925624918,2155.987815689119,1046.6368915550029
1,All Population,6,Incidence,6,China,1,Male,19,70-74 years,559,Schizophrenia,2,Percent,2013,4.45346970091e-05,5.94164503325e-05,2.91877753046e-05
1,All Population,6,Incidence,6,China,2,Female,19,70-74 years,559,Schizophrenia,2,Percent,2013,3.33821904257e-05,4.56104470794e-05,2.15564075414e-05
1,All Population,6,Incidence,6,China,1,Male,19,70-74 years,559,Schizophrenia,3,Rate,2013,11.73327288368,15.912093428650001,7.88040821191
1,All Population,6,Incidence,6,China,2,Female,19,70-74 years,559,Schizophrenia,3,Rate,2013,9.02174033216,12.249339883160001,5.94651367026
1,All Population,6,Incidence,102,United States of America,1,Male,19,70-74 years,559,Schizophrenia,1,Number,2015,342.09353587888734,515.343336367133,202.68446841990144
1,All Population,6,Incidence,102,United States of America,2,Female,19,70-74 years,559,Schizophrenia,1,Number,2015,345.51885645827593,524.1805777582902,200.50587282447387
1,All Population,6,Incidence,102,United States of America,1,Male,19,70-74 years,559,Schizophrenia,2,Percent,2015,1.47675199151e-05,2.180669798e-05,8.7214323781e-06
1,All Population,6,Incidence,102,United States of America,2,Female,19,70-74 years,559,Schizophrenia,2,Percent,2015,1.30725206714e-05,1.98759944327e-05,7.8665057368e-06
1,All Population,6,Incidence,102,United States of America,1,Male,19,70-74 years,559,Schizophrenia,3,Rate,2015,6.548031161909999,9.8642151099,3.8795945437599997
1,All Population,6,Incidence,102,United States of America,2,Female,19,70-74 years,559,Schizophrenia,3,Rate,2015,5.71652357511,8.67243733406,3.3173198149
1,All Population,6,Incidence,6,China,1,Male,19,70-74 years,559,Schizophrenia,1,Number,2014,2063.715375497801,2785.7107830913783,1369.1366965706366
1,All Population,6,Incidence,6,China,2,Female,19,70-74 years,559,Schizophrenia,1,Number,2014,1629.0030845140036,2202.730976471382,1070.4279883989134
1,All Population,6,Incidence,6,China,1,Male,19,70-74 years,559,Schizophrenia,2,Percent,2014,4.41569992175e-05,5.9124633455e-05,2.87915200539e-05
1,All Population,6,Incidence,6,China,2,Female,19,70-74 years,559,Schizophrenia,2,Percent,2014,3.31060433018e-05,4.51045393785e-05,2.13759381598e-05
1,All Population,6,Incidence,6,China,1,Male,19,70-74 years,559,Schizophrenia,3,Rate,2014,11.63966412109,15.71182646535,7.72213623698
1,All Population,6,Incidence,6,China,2,Female,19,70-74 years,559,Schizophrenia,3,Rate,2014,8.95621463567,12.110554975280001,5.88518395531
1,All Population,6,Incidence,6,China,1,Male,19,70-74 years,559,Schizophrenia,1,Number,2015,2112.166869990772,2840.209678864565,1384.8840231100512
1,All Population,6,Incidence,6,China,2,Female,19,70-74 years,559,Schizophrenia,1,Number,2015,1678.3916790397916,2258.6410833560803,1100.7343483612362
1,All Population,6,Incidence,6,China,1,Male,19,70-74 years,559,Schizophrenia,2,Percent,2015,4.39776609968e-05,5.91123849341e-05,2.85453101374e-05
1,All Population,6,Incidence,6,China,2,Female,19,70-74 years,559,Schizophrenia,2,Percent,2015,3.29859895246e-05,4.48087638273e-05,2.13056772466e-05
1,All Population,6,Incidence,6,China,1,Male,19,70-74 years,559,Schizophrenia,3,Rate,2015,11.58397205444,15.576851439239999,7.595260606669999
1,All Population,6,Incidence,6,China,2,Female,19,70-74 years,559,Schizophrenia,3,Rate,2015,8.92170690961,12.006097272369999,5.8510950477499994
1,All Population,6,Incidence,102,United States of America,1,Male,19,70-74 years,559,Schizophrenia,1,Number,2017,383.526258450672,571.0030058850436,226.9049116865571
1,All Population,6,Incidence,102,United States of America,2,Female,19,70-74 years,559,Schizophrenia,1,Number,2017,387.4412983718454,585.3092003590145,225.17930357173591
1,All Population,6,Incidence,102,United States of America,1,Male,19,70-74 years,559,Schizophrenia,2,Percent,2017,1.46621172386e-05,2.14336291443e-05,8.732205375e-06
1,All Population,6,Incidence,102,United States of America,2,Female,19,70-74 years,559,Schizophrenia,2,Percent,2017,1.30604131766e-05,1.96898769171e-05,7.846058661e-06
1,All Population,6,Incidence,102,United States of America,1,Male,19,70-74 years,559,Schizophrenia,3,Rate,2017,6.56064870371,9.7676496663,3.88146412904
1,All Population,6,Incidence,102,United States of America,2,Female,19,70-74 years,559,Schizophrenia,3,Rate,2017,5.78251058551,8.735663082630001,3.3607715852999998
1,All Population,6,Incidence,6,China,1,Male,19,70-74 years,559,Schizophrenia,1,Number,2016,2204.315157038803,2985.194489970332,1447.8299680114628
1,All Population,6,Incidence,6,China,2,Female,19,70-74 years,559,Schizophrenia,1,Number,2016,1765.6011309962837,2390.0727090253345,1160.1968260443923
1,All Population,6,Incidence,6,China,1,Male,19,70-74 years,559,Schizophrenia,2,Percent,2016,4.39645299954e-05,5.89946346258e-05,2.86200127854e-05
1,All Population,6,Incidence,6,China,2,Female,19,70-74 years,559,Schizophrenia,2,Percent,2016,3.29731975671e-05,4.48444769498e-05,2.13541118534e-05
1,All Population,6,Incidence,6,China,1,Male,19,70-74 years,559,Schizophrenia,3,Rate,2016,11.554888070019999,15.648210778170002,7.58943800363
1,All Population,6,Incidence,6,China,2,Female,19,70-74 years,559,Schizophrenia,3,Rate,2016,8.913253590650001,12.065762635539999,5.85700152999
1,All Population,6,Incidence,102,United States of America,1,Male,19,70-74 years,559,Schizophrenia,1,Number,2018,405.3637680137757,603.7613119988913,239.4007848248172
1,All Population,6,Incidence,102,United States of America,2,Female,19,70-74 years,559,Schizophrenia,1,Number,2018,411.1536936561008,620.9549630455757,239.2983256999158
1,All Population,6,Incidence,102,United States of America,1,Male,19,70-74 years,559,Schizophrenia,2,Percent,2018,1.45840238685e-05,2.11484862129e-05,8.7024264911e-06
1,All Population,6,Incidence,102,United States of America,2,Female,19,70-74 years,559,Schizophrenia,2,Percent,2018,1.3046023451e-05,1.96794581276e-05,7.8312403529e-06
1,All Population,6,Incidence,102,United States of America,1,Male,19,70-74 years,559,Schizophrenia,3,Rate,2018,6.5624890450999995,9.774373805689999,3.87569179036
1,All Population,6,Incidence,102,United States of America,2,Female,19,70-74 years,559,Schizophrenia,3,Rate,2018,5.8278351577,8.80163116816,3.39189752448
1,All Population,6,Incidence,102,United States of America,1,Male,19,70-74 years,559,Schizophrenia,1,Number,2016,352.5195586345867,526.8925345485292,208.72442396374788
1,All Population,6,Incidence,102,United States of America,2,Female,19,70-74 years,559,Schizophrenia,1,Number,2016,356.0907765677745,541.1064466129701,206.67881079575312
1,All Population,6,Incidence,102,United States of America,1,Male,19,70-74 years,559,Schizophrenia,2,Percent,2016,1.47307081847e-05,2.16916812269e-05,8.7399269091e-06
1,All Population,6,Incidence,102,United States of America,2,Female,19,70-74 years,559,Schizophrenia,2,Percent,2016,1.30677745488e-05,1.9742929169e-05,7.855740686e-06
1,All Population,6,Incidence,102,United States of America,1,Male,19,70-74 years,559,Schizophrenia,3,Rate,2016,6.55546927942,9.79811683971,3.8814486051699997
1,All Population,6,Incidence,102,United States of America,2,Female,19,70-74 years,559,Schizophrenia,3,Rate,2016,5.74143253881,8.724534203020001,3.33238749069
1,All Population,6,Incidence,6,China,1,Male,19,70-74 years,559,Schizophrenia,1,Number,2018,2430.5473873474125,3337.5658489303523,1605.012551189247
1,All Population,6,Incidence,6,China,2,Female,19,70-74 years,559,Schizophrenia,1,Number,2018,1985.9520406525276,2734.6571825799256,1311.986960726356
1,All Population,6,Incidence,6,China,1,Male,19,70-74 years,559,Schizophrenia,2,Percent,2018,4.4623872749e-05,5.98836543877e-05,2.91451373128e-05
1,All Population,6,Incidence,6,China,2,Female,19,70-74 years,559,Schizophrenia,2,Percent,2018,3.36090613025e-05,4.53317445149e-05,2.1930342145e-05
1,All Population,6,Incidence,6,China,1,Male,19,70-74 years,559,Schizophrenia,3,Rate,2018,11.60404225648,15.93437566631,7.66273209201
1,All Population,6,Incidence,6,China,2,Female,19,70-74 years,559,Schizophrenia,3,Rate,2018,9.03504345608,12.44126040122,5.96885471619
1,All Population,6,Incidence,102,United States of America,1,Male,19,70-74 years,559,Schizophrenia,1,Number,2020,445.11797946907353,663.2350210248838,259.88934721799745
1,All Population,6,Incidence,102,United States of America,2,Female,19,70-74 years,559,Schizophrenia,1,Number,2020,456.8308531409583,681.7427359987283,266.0161681722936
1,All Population,6,Incidence,102,United States of America,1,Male,19,70-74 years,559,Schizophrenia,2,Percent,2020,1.40922496251e-05,2.05940989186e-05,8.4382522956e-06
1,All Population,6,Incidence,102,United States of America,2,Female,19,70-74 years,559,Schizophrenia,2,Percent,2020,1.25521476657e-05,1.88246812906e-05,7.4983410399e-06
1,All Population,6,Incidence,102,United States of America,1,Male,19,70-74 years,559,Schizophrenia,3,Rate,2020,6.55175971353,9.76225785472,3.82535110603
1,All Population,6,Incidence,102,United States of America,2,Female,19,70-74 years,559,Schizophrenia,3,Rate,2020,5.88433274439,8.78137077894,3.42649284336
1,All Population,6,Incidence,6,China,1,Male,19,70-74 years,559,Schizophrenia,1,Number,2019,2702.3738505889723,3706.798272586122,1789.218179856469
1,All Population,6,Incidence,6,China,2,Female,19,70-74 years,559,Schizophrenia,1,Number,2019,2218.212847130006,3016.219060625056,1468.090161321741
1,All Population,6,Incidence,6,China,1,Male,19,70-74 years,559,Schizophrenia,2,Percent,2019,4.5183192553e-05,6.05979906367e-05,2.95220015638e-05
1,All Population,6,Incidence,6,China,2,Female,19,70-74 years,559,Schizophrenia,2,Percent,2019,3.41473001344e-05,4.63739094591e-05,2.2377948853e-05
1,All Population,6,Incidence,6,China,1,Male,19,70-74 years,559,Schizophrenia,3,Rate,2019,11.69815726923,16.04615480889,7.7452479983
1,All Population,6,Incidence,6,China,2,Female,19,70-74 years,559,Schizophrenia,3,Rate,2019,9.15703679312,12.451297877010001,6.0604443979400004
1,All Population,6,Incidence,6,China,1,Male,19,70-74 years,559,Schizophrenia,1,Number,2017,2323.192086018288,3172.2877728661992,1529.808565324201
1,All Population,6,Incidence,6,China,2,Female,19,70-74 years,559,Schizophrenia,1,Number,2017,1878.2532289279948,2562.487195244312,1237.9835151419518
1,All Population,6,Incidence,6,China,1,Male,19,70-74 years,559,Schizophrenia,2,Percent,2017,4.4122437928e-05,5.9181905504e-05,2.87898686323e-05
1,All Population,6,Incidence,6,China,2,Female,19,70-74 years,559,Schizophrenia,2,Percent,2017,3.3132682246e-05,4.51694784612e-05,2.15187782082e-05
1,All Population,6,Incidence,6,China,1,Male,19,70-74 years,559,Schizophrenia,3,Rate,2017,11.539223478770001,15.756655581939999,7.59851198756
1,All Population,6,Incidence,6,China,2,Female,19,70-74 years,559,Schizophrenia,3,Rate,2017,8.93543722701,12.19055190507,5.88947422917
1,All Population,6,Incidence,6,China,1,Male,19,70-74 years,559,Schizophrenia,1,Number,2020,2869.4167863130897,3931.796230522951,1904.3517016681292
1,All Population,6,Incidence,6,China,2,Female,19,70-74 years,559,Schizophrenia,1,Number,2020,2366.897008679979,3228.292844952805,1566.3024275072316
1,All Population,6,Incidence,6,China,1,Male,19,70-74 years,559,Schizophrenia,2,Percent,2020,4.53117050323e-05,6.07521606524e-05,2.96633117736e-05
1,All Population,6,Incidence,6,China,2,Female,19,70-74 years,559,Schizophrenia,2,Percent,2020,3.42531828471e-05,4.68889815904e-05,2.25167303659e-05
1,All Population,6,Incidence,6,China,1,Male,19,70-74 years,559,Schizophrenia,3,Rate,2020,11.77932693672,16.14053192579,7.81760997686
1,All Population,6,Incidence,6,China,2,Female,19,70-74 years,559,Schizophrenia,3,Rate,2020,9.2326326293,12.592707560960001,6.109727143390001
1,All Population,6,Incidence,102,United States of America,1,Male,19,70-74 years,559,Schizophrenia,1,Number,2019,424.4186308140183,630.8546899684565,249.2107729862759
1,All Population,6,Incidence,102,United States of America,2,Female,19,70-74 years,559,Schizophrenia,1,Number,2019,433.2636287609637,652.813430927423,252.37017849402545
1,All Population,6,Incidence,102,United States of America,1,Male,19,70-74 years,559,Schizophrenia,2,Percent,2019,1.45157151358e-05,2.10982838244e-05,8.6786251678e-06
1,All Population,6,Incidence,102,United States of America,2,Female,19,70-74 years,559,Schizophrenia,2,Percent,2019,1.3016585178e-05,1.96072310127e-05,7.8023382815e-06
1,All Population,6,Incidence,102,United States of America,1,Male,19,70-74 years,559,Schizophrenia,3,Rate,2019,6.559888438880001,9.75060020197,3.85184520628
1,All Population,6,Incidence,102,United States of America,2,Female,19,70-74 years,559,Schizophrenia,3,Rate,2019,5.86565029898,8.83798002442,3.41666162279
1,All Population,6,Incidence,102,United States of America,1,Male,19,70-74 years,559,Schizophrenia,1,Number,2021,458.7954202358145,680.4861885372976,271.50471257725206
1,All Population,6,Incidence,102,United States of America,2,Female,19,70-74 years,559,Schizophrenia,1,Number,2021,476.491412136677,722.0898853364671,277.0212164505401
1,All Population,6,Incidence,102,United States of America,1,Male,19,70-74 years,559,Schizophrenia,2,Percent,2021,1.33023078127e-05,1.94026924739e-05,7.8858038758e-06
1,All Population,6,Incidence,102,United States of America,2,Female,19,70-74 years,559,Schizophrenia,2,Percent,2021,1.18026588019e-05,1.77705637591e-05,7.0660853037e-06
1,All Population,6,Incidence,102,United States of America,1,Male,19,70-74 years,559,Schizophrenia,3,Rate,2021,6.46473580238,9.588507713970001,3.82568386365
1,All Population,6,Incidence,102,United States of America,2,Female,19,70-74 years,559,Schizophrenia,3,Rate,2021,5.85778425946,8.877068204170001,3.40558188443
1,All Population,6,Incidence,6,China,1,Male,19,70-74 years,559,Schizophrenia,1,Number,2021,3084.4669162793502,4180.681719782206,2044.0558010039967
1,All Population,6,Incidence,6,China,2,Female,19,70-74 years,559,Schizophrenia,1,Number,2021,2543.416953321466,3468.5255607262043,1687.3115470507755
1,All Population,6,Incidence,6,China,1,Male,19,70-74 years,559,Schizophrenia,2,Percent,2021,4.5767156754e-05,6.1047209928e-05,3.01731469129e-05
1,All Population,6,Incidence,6,China,2,Female,19,70-74 years,559,Schizophrenia,2,Percent,2021,3.43145260531e-05,4.67623975491e-05,2.25665889012e-05
1,All Population,6,Incidence,6,China,1,Male,19,70-74 years,559,Schizophrenia,3,Rate,2021,11.92310069968,16.160552371370002,7.9013598824899995
1,All Population,6,Incidence,6,China,2,Female,19,70-74 years,559,Schizophrenia,3,Rate,2021,9.24503360775,12.607698999710001,6.13318706508
1,All Population,6,Incidence,6,China,1,Male,19,70-74 years,559,Schizophrenia,1,Number,2023,3476.5929542237727,4708.579108025315,2326.9283182388
1,All Population,6,Incidence,6,China,2,Female,19,70-74 years,559,Schizophrenia,1,Number,2023,2925.573763996153,3981.094741340419,1928.9479537441416
1,All Population,6,Incidence,6,China,1,Male,19,70-74 years,559,Schizophrenia,2,Percent,2023,4.05892018913e-05,5.32741561479e-05,2.6444221697e-05
1,All Population,6,Incidence,6,China,2,Female,19,70-74 years,559,Schizophrenia,2,Percent,2023,3.04470770862e-05,4.05390686598e-05,1.9014805594e-05
1,All Population,6,Incidence,6,China,1,Male,19,70-74 years,559,Schizophrenia,3,Rate,2023,11.85407160161,16.054750907949998,7.934082378759999
1,All Population,6,Incidence,6,China,2,Female,19,70-74 years,559,Schizophrenia,3,Rate,2023,9.22114910785,12.548057640569999,6.07987291985
1,All Population,6,Incidence,6,China,1,Male,19,70-74 years,559,Schizophrenia,1,Number,2022,3291.4828251788085,4405.319091589413,2172.4252145199366
1,All Population,6,Incidence,6,China,2,Female,19,70-74 years,559,Schizophrenia,1,Number,2022,2711.515246481114,3715.4087753246,1800.3939908394766
1,All Population,6,Incidence,6,China,1,Male,19,70-74 years,559,Schizophrenia,2,Percent,2022,4.50007728165e-05,6.02773776572e-05,2.89526253667e-05
1,All Population,6,Incidence,6,China,2,Female,19,70-74 years,559,Schizophrenia,2,Percent,2022,3.35094092021e-05,4.55727472996e-05,2.1302689305e-05
1,All Population,6,Incidence,6,China,1,Male,19,70-74 years,559,Schizophrenia,3,Rate,2022,12.05993988045,16.14101796076,7.95973087919
1,All Population,6,Incidence,6,China,2,Female,19,70-74 years,559,Schizophrenia,3,Rate,2022,9.25428808596,12.68053469682,6.14466936193
1,All Population,6,Incidence,102,United States of America,1,Male,19,70-74 years,559,Schizophrenia,1,Number,2023,457.2105814696751,679.7948458028957,270.5928473480712
1,All Population,6,Incidence,102,United States of America,2,Female,19,70-74 years,559,Schizophrenia,1,Number,2023,482.0098992328177,726.7220072283058,285.566285793335
1,All Population,6,Incidence,102,United States of America,1,Male,19,70-74 years,559,Schizophrenia,2,Percent,2023,1.18113950394e-05,1.74743590778e-05,7.0806385991e-06
1,All Population,6,Incidence,102,United States of America,2,Female,19,70-74 years,559,Schizophrenia,2,Percent,2023,1.07634641e-05,1.63269416906e-05,6.3646038491e-06
1,All Population,6,Incidence,102,United States of America,1,Male,19,70-74 years,559,Schizophrenia,3,Rate,2023,6.33720410462,9.42235123535,3.75057396394
1,All Population,6,Incidence,102,United States of America,2,Female,19,70-74 years,559,Schizophrenia,3,Rate,2023,5.806248410449999,8.75402871606,3.4399061007000005
1,All Population,6,Incidence,102,United States of America,1,Male,19,70-74 years,559,Schizophrenia,1,Number,2022,453.0464184604694,671.344287459286,269.9949791978175
1,All Population,6,Incidence,102,United States of America,2,Female,19,70-74 years,559,Schizophrenia,1,Number,2022,476.452702744864,718.024469752533,275.4667214530358
1,All Population,6,Incidence,102,United States of America,1,Male,19,70-74 years,559,Schizophrenia,2,Percent,2022,1.15862670041e-05,1.70371501905e-05,6.7131723087e-06
1,All Population,6,Incidence,102,United States of America,2,Female,19,70-74 years,559,Schizophrenia,2,Percent,2022,1.03283574027e-05,1.58324001861e-05,6.0345655354e-06
1,All Population,6,Incidence,102,United States of America,1,Male,19,70-74 years,559,Schizophrenia,3,Rate,2022,6.36490730766,9.43180210038,3.7931941322199996
1,All Population,6,Incidence,102,United States of America,2,Female,19,70-74 years,559,Schizophrenia,3,Rate,2022,5.82298171535,8.7753586756,3.36662521373
