location_name,sex_name,age_name,year,population,gbd_release
China,Female,0-4 years,1990,52461127.55254273,GBD 2023
China,Female,0-4 years,1991,52200344.06133984,GBD 2023
China,Female,0-4 years,1992,51183616.21082702,GBD 2023
China,Female,0-4 years,1993,49478593.32621365,GBD 2023
China,Female,0-4 years,1994,47221554.37669416,GBD 2023
China,Female,0-4 years,1995,44711044.29671888,GBD 2023
China,Female,0-4 years,1996,42354267.769897126,GBD 2023
China,Female,0-4 years,1997,40222452.49646425,GBD 2023
China,Female,0-4 years,1998,38279976.11310377,GBD 2023
China,Female,0-4 years,1999,36527056.85831928,GBD 2023
China,Female,0-4 years,2000,35014083.839477785,GBD 2023
China,Female,0-4 years,2001,33804428.30705339,GBD 2023
China,Female,0-4 years,2002,32932552.621482216,GBD 2023
China,Female,0-4 years,2003,32372714.849269062,GBD 2023
China,Female,0-4 years,2004,32114876.051067848,GBD 2023
China,Female,0-4 years,2005,32146531.870909102,GBD 2023
China,Female,0-4 years,2006,32433025.71269765,GBD 2023
China,Female,0-4 years,2007,32955617.97461657,GBD 2023
China,Female,0-4 years,2008,33644828.338959865,GBD 2023
China,Female,0-4 years,2009,34297408.930364646,GBD 2023
China,Female,0-4 years,2010,34533036.87799521,GBD 2023
China,Female,0-4 years,2011,34305659.96387167,GBD 2023
China,Female,0-4 years,2012,34184168.41189848,GBD 2023
China,Female,0-4 years,2013,34383277.2276166,GBD 2023
China,Female,0-4 years,2014,34837825.24922483,GBD 2023
China,Female,0-4 years,2015,36089868.844988,GBD 2023
China,Female,0-4 years,2016,38271314.67562626,GBD 2023
China,Female,0-4 years,2017,40184793.08609793,GBD 2023
China,Female,0-4 years,2018,41024920.41189677,GBD 2023
China,Female,0-4 years,2019,40825259.80430589,GBD 2023
China,Female,0-4 years,2020,39243979.28573937,GBD 2023
China,Female,0-4 years,2021,36189723.53312266,GBD 2023
China,Female,0-4 years,2022,32480397.21186644,GBD 2023
China,Female,0-4 years,2023,28964938.721970893,GBD 2023
China,Female,10-14 years,1990,49615252.54402213,GBD 2023
China,Female,10-14 years,1991,48812228.04131706,GBD 2023
China,Female,10-14 years,1992,48422613.18582109,GBD 2023
China,Female,10-14 years,1993,48632883.1117711,GBD 2023
China,Female,10-14 years,1994,49596146.64730512,GBD 2023
China,Female,10-14 years,1995,51319000.32992108,GBD 2023
China,Female,10-14 years,1996,53716658.63093126,GBD 2023
China,Female,10-14 years,1997,56356878.33658736,GBD 2023
China,Female,10-14 years,1998,58636256.34024044,GBD 2023
China,Female,10-14 years,1999,60023933.99402695,GBD 2023
China,Female,10-14 years,2000,60128276.96905329,GBD 2023
China,Female,10-14 years,2001,58654990.40836264,GBD 2023
China,Female,10-14 years,2002,56043156.56011753,GBD 2023
China,Female,10-14 years,2003,52697546.0661912,GBD 2023
China,Female,10-14 years,2004,49008994.46800115,GBD 2023
China,Female,10-14 years,2005,45459039.46805554,GBD 2023
China,Female,10-14 years,2006,42531581.68093956,GBD 2023
China,Female,10-14 years,2007,40129147.395937055,GBD 2023
China,Female,10-14 years,2008,38084366.32031177,GBD 2023
China,Female,10-14 years,2009,36325267.86560389,GBD 2023
China,Female,10-14 years,2010,34873986.385123186,GBD 2023
China,Female,10-14 years,2011,33798593.39609835,GBD 2023
China,Female,10-14 years,2012,33131290.27916713,GBD 2023
China,Female,10-14 years,2013,32850115.839517124,GBD 2023
China,Female,10-14 years,2014,32957535.03611697,GBD 2023
China,Female,10-14 years,2015,33465306.83141481,GBD 2023
China,Female,10-14 years,2016,34373235.65754344,GBD 2023
China,Female,10-14 years,2017,35648291.9288734,GBD 2023
China,Female,10-14 years,2018,37192852.832206696,GBD 2023
China,Female,10-14 years,2019,38739002.13431386,GBD 2023
China,Female,10-14 years,2020,39784409.17280064,GBD 2023
China,Female,10-14 years,2021,40233513.16264083,GBD 2023
China,Female,10-14 years,2022,40764631.80850288,GBD 2023
China,Female,10-14 years,2023,41596846.72882047,GBD 2023
China,Female,15-19 years,1990,61796263.46389763,GBD 2023
China,Female,15-19 years,1991,59125902.55618452,GBD 2023
China,Female,15-19 years,1992,56107741.03579132,GBD 2023
China,Female,15-19 years,1993,53152124.367117,GBD 2023
China,Female,15-19 years,1994,50737055.656792365,GBD 2023
China,Female,15-19 years,1995,49044530.444281206,GBD 2023
China,Female,15-19 years,1996,47944575.83325842,GBD 2023
China,Female,15-19 years,1997,47341073.7378678,GBD 2023
China,Female,15-19 years,1998,47460112.42585307,GBD 2023
China,Female,15-19 years,1999,48512200.55639835,GBD 2023
China,Female,15-19 years,2000,50578077.71018504,GBD 2023
China,Female,15-19 years,2001,53648147.67386405,GBD 2023
China,Female,15-19 years,2002,57115473.84062361,GBD 2023
China,Female,15-19 years,2003,60235739.03710267,GBD 2023
China,Female,15-19 years,2004,62357017.0636348,GBD 2023
China,Female,15-19 years,2005,62996041.29626277,GBD 2023
China,Female,15-19 years,2006,61835224.16756448,GBD 2023
China,Female,15-19 years,2007,59316291.059122935,GBD 2023
China,Female,15-19 years,2008,55877808.87527084,GBD 2023
China,Female,15-19 years,2009,51957905.84768889,GBD 2023
China,Female,15-19 years,2010,48088420.78582845,GBD 2023
China,Female,15-19 years,2011,44792437.21222485,GBD 2023
China,Female,15-19 years,2012,42050174.39648879,GBD 2023
China,Female,15-19 years,2013,39723738.87166687,GBD 2023
China,Female,15-19 years,2014,37737124.48957519,GBD 2023
China,Female,15-19 years,2015,36086983.05741903,GBD 2023
China,Female,15-19 years,2016,34802584.958787285,GBD 2023
China,Female,15-19 years,2017,33930977.1881182,GBD 2023
China,Female,15-19 years,2018,33463613.97965532,GBD 2023
China,Female,15-19 years,2019,33415818.95523676,GBD 2023
China,Female,15-19 years,2020,33812915.869695,GBD 2023
China,Female,15-19 years,2021,34669430.31894208,GBD 2023
China,Female,15-19 years,2022,35927424.813267976,GBD 2023
China,Female,15-19 years,2023,37469550.0653185,GBD 2023
China,Female,20-24 years,1990,64663632.69488488,GBD 2023
China,Female,20-24 years,1991,63880680.52762535,GBD 2023
China,Female,20-24 years,1992,62701919.482300095,GBD 2023
China,Female,20-24 years,1993,61437341.124604926,GBD 2023
China,Female,20-24 years,1994,59946444.18608745,GBD 2023
China,Female,20-24 years,1995,58053509.869393125,GBD 2023
China,Female,20-24 years,1996,55698481.760468975,GBD 2023
China,Female,20-24 years,1997,53041790.2261743,GBD 2023
China,Female,20-24 years,1998,50439997.308288366,GBD 2023
China,Female,20-24 years,1999,48336616.62858994,GBD 2023
China,Female,20-24 years,2000,46914858.73918246,GBD 2023
China,Female,20-24 years,2001,46070421.8661352,GBD 2023
China,Female,20-24 years,2002,45749129.95248079,GBD 2023
China,Female,20-24 years,2003,46194080.7323988,GBD 2023
China,Female,20-24 years,2004,47623767.30351996,GBD 2023
China,Female,20-24 years,2005,50110163.70838622,GBD 2023
China,Female,20-24 years,2006,53596369.39210381,GBD 2023
China,Female,20-24 years,2007,57439156.500631765,GBD 2023
China,Female,20-24 years,2008,60847078.617345065,GBD 2023
China,Female,20-24 years,2009,63122668.68878199,GBD 2023
China,Female,20-24 years,2010,63750070.81096262,GBD 2023
China,Female,20-24 years,2011,62406184.103576615,GBD 2023
China,Female,20-24 years,2012,59549375.538554974,GBD 2023
China,Female,20-24 years,2013,55695793.59057623,GBD 2023
China,Female,20-24 years,2014,51381084.380895525,GBD 2023
China,Female,20-24 years,2015,47230493.27191102,GBD 2023
China,Female,20-24 years,2016,43836190.79419833,GBD 2023
China,Female,20-24 years,2017,41113514.33254403,GBD 2023
China,Female,20-24 years,2018,38874362.758463785,GBD 2023
China,Female,20-24 years,2019,37000427.2752604,GBD 2023
China,Female,20-24 years,2020,35451003.18540883,GBD 2023
China,Female,20-24 years,2021,34224560.90659681,GBD 2023
China,Female,20-24 years,2022,33387627.220825877,GBD 2023
China,Female,20-24 years,2023,32946413.46019108,GBD 2023
China,Female,25-29 years,1990,53595033.36545199,GBD 2023
China,Female,25-29 years,1991,57955566.76128512,GBD 2023
China,Female,25-29 years,1992,61187479.08531326,GBD 2023
China,Female,25-29 years,1993,62771621.02135831,GBD 2023
China,Female,25-29 years,1994,63172481.60802408,GBD 2023
China,Female,25-29 years,1995,62800091.56900154,GBD 2023
China,Female,25-29 years,1996,61922645.6789158,GBD 2023
China,Female,25-29 years,1997,60972040.95658138,GBD 2023
China,Female,25-29 years,1998,60111470.56840804,GBD 2023
China,Female,25-29 years,1999,59083653.7303177,GBD 2023
China,Female,25-29 years,2000,57613619.09880542,GBD 2023
China,Female,25-29 years,2001,55562570.695671454,GBD 2023
China,Female,25-29 years,2002,53117323.579879045,GBD 2023
China,Female,25-29 years,2003,50661917.838994734,GBD 2023
China,Female,25-29 years,2004,48668201.34711057,GBD 2023
China,Female,25-29 years,2005,47336706.61193898,GBD 2023
China,Female,25-29 years,2006,46558493.99877244,GBD 2023
China,Female,25-29 years,2007,46274721.104574,GBD 2023
China,Female,25-29 years,2008,46722952.64972331,GBD 2023
China,Female,25-29 years,2009,48126586.27388559,GBD 2023
China,Female,25-29 years,2010,50562088.737520695,GBD 2023
China,Female,25-29 years,2011,53963867.0656132,GBD 2023
China,Female,25-29 years,2012,57626222.25170095,GBD 2023
China,Female,25-29 years,2013,60706767.59796779,GBD 2023
China,Female,25-29 years,2014,62486393.52459196,GBD 2023
China,Female,25-29 years,2015,62476429.67089198,GBD 2023
China,Female,25-29 years,2016,60437996.97267774,GBD 2023
China,Female,25-29 years,2017,56979362.76986209,GBD 2023
China,Female,25-29 years,2018,52712314.37482986,GBD 2023
China,Female,25-29 years,2019,48210372.48594154,GBD 2023
China,Female,25-29 years,2020,44085147.16580513,GBD 2023
China,Female,25-29 years,2021,40883258.12197836,GBD 2023
China,Female,25-29 years,2022,38411810.15398013,GBD 2023
China,Female,25-29 years,2023,36427218.196314655,GBD 2023
China,Female,30-34 years,1990,42338691.99452968,GBD 2023
China,Female,30-34 years,1991,41427170.00215993,GBD 2023
China,Female,30-34 years,1992,42292965.597810976,GBD 2023
China,Female,30-34 years,1993,45367493.24272523,GBD 2023
China,Female,30-34 years,1994,49638863.690028206,GBD 2023
China,Female,30-34 years,1995,54156956.48150437,GBD 2023
China,Female,30-34 years,1996,58185270.54355341,GBD 2023
China,Female,30-34 years,1997,61121250.86068615,GBD 2023
China,Female,30-34 years,1998,62485074.54062116,GBD 2023
China,Female,30-34 years,1999,62768411.3591821,GBD 2023
China,Female,30-34 years,2000,62403849.50833257,GBD 2023
China,Female,30-34 years,2001,61684283.048167534,GBD 2023
China,Female,30-34 years,2002,60961206.00839295,GBD 2023
China,Female,30-34 years,2003,60335390.16301983,GBD 2023
China,Female,30-34 years,2004,59507782.06283043,GBD 2023
China,Female,30-34 years,2005,58184344.31977634,GBD 2023
China,Female,30-34 years,2006,56231549.91548672,GBD 2023
China,Female,30-34 years,2007,53836893.43708326,GBD 2023
China,Female,30-34 years,2008,51386285.36530628,GBD 2023
China,Female,30-34 years,2009,49357613.94706977,GBD 2023
China,Female,30-34 years,2010,47951620.65350256,GBD 2023
China,Female,30-34 years,2011,47052272.57158702,GBD 2023
China,Female,30-34 years,2012,46612727.60973903,GBD 2023
China,Female,30-34 years,2013,46880006.620920576,GBD 2023
China,Female,30-34 years,2014,48073688.7710492,GBD 2023
China,Female,30-34 years,2015,50257112.15690687,GBD 2023
China,Female,30-34 years,2016,53352155.19878414,GBD 2023
China,Female,30-34 years,2017,56665929.26134058,GBD 2023
China,Female,30-34 years,2018,59394534.58820212,GBD 2023
China,Female,30-34 years,2019,60870948.98587,GBD 2023
China,Female,30-34 years,2020,60654564.70128921,GBD 2023
China,Female,30-34 years,2021,58534842.42888198,GBD 2023
China,Female,30-34 years,2022,55121181.58569907,GBD 2023
China,Female,30-34 years,2023,50991728.29390306,GBD 2023
China,Female,35-39 years,1990,44223891.49821104,GBD 2023
China,Female,35-39 years,1991,45779072.15871346,GBD 2023
China,Female,35-39 years,1992,46232752.05157811,GBD 2023
China,Female,35-39 years,1993,45125553.110161096,GBD 2023
China,Female,35-39 years,1994,43092175.68284717,GBD 2023
China,Female,35-39 years,1995,41110939.53246413,GBD 2023
China,Female,35-39 years,1996,40263706.30509436,GBD 2023
China,Female,35-39 years,1997,41244398.50420824,GBD 2023
China,Female,35-39 years,1998,44430543.51514617,GBD 2023
China,Female,35-39 years,1999,48801431.45460813,GBD 2023
China,Female,35-39 years,2000,53405574.76601229,GBD 2023
China,Female,35-39 years,2001,57498962.3996653,GBD 2023
China,Female,35-39 years,2002,60513128.7362955,GBD 2023
China,Female,35-39 years,2003,61985326.89593688,GBD 2023
China,Female,35-39 years,2004,62392911.30263374,GBD 2023
China,Female,35-39 years,2005,62149244.22741645,GBD 2023
China,Female,35-39 years,2006,61521519.08099456,GBD 2023
China,Female,35-39 years,2007,60856364.57345105,GBD 2023
China,Female,35-39 years,2008,60246557.28878892,GBD 2023
China,Female,35-39 years,2009,59387397.08466391,GBD 2023
China,Female,35-39 years,2010,57983764.987345256,GBD 2023
China,Female,35-39 years,2011,55906995.29995212,GBD 2023
China,Female,35-39 years,2012,53363328.05105548,GBD 2023
China,Female,35-39 years,2013,50753278.301536985,GBD 2023
China,Female,35-39 years,2014,48556913.54746235,GBD 2023
China,Female,35-39 years,2015,46976109.70396678,GBD 2023
China,Female,35-39 years,2016,45906857.56850865,GBD 2023
China,Female,35-39 years,2017,45308325.53119096,GBD 2023
China,Female,35-39 years,2018,45425704.19898406,GBD 2023
China,Female,35-39 years,2019,46473650.28885172,GBD 2023
China,Female,35-39 years,2020,48516962.35283031,GBD 2023
China,Female,35-39 years,2021,51489841.34539145,GBD 2023
China,Female,35-39 years,2022,54714848.68512505,GBD 2023
China,Female,35-39 years,2023,57409404.70681107,GBD 2023
China,Female,40-44 years,1990,32004837.54023612,GBD 2023
China,Female,40-44 years,1991,34160267.86593939,GBD 2023
China,Female,40-44 years,1992,36210655.676330976,GBD 2023
China,Female,40-44 years,1993,39039038.5996353,GBD 2023
China,Female,40-44 years,1994,40686061.31358655,GBD 2023
China,Female,40-44 years,1995,43228604.61730891,GBD 2023
China,Female,40-44 years,1996,44383187.47535616,GBD 2023
China,Female,40-44 years,1997,44553115.13537394,GBD 2023
China,Female,40-44 years,1998,43317768.07985795,GBD 2023
China,Female,40-44 years,1999,41296974.17766103,GBD 2023
China,Female,40-44 years,2000,39430204.25475972,GBD 2023
China,Female,40-44 years,2001,38757745.6074568,GBD 2023
China,Female,40-44 years,2002,39906467.78048724,GBD 2023
China,Female,40-44 years,2003,43222514.90655787,GBD 2023
China,Female,40-44 years,2004,47704052.11307461,GBD 2023
China,Female,40-44 years,2005,52411791.07496949,GBD 2023
China,Female,40-44 years,2006,56605241.132428095,GBD 2023
China,Female,40-44 years,2007,59713272.63182162,GBD 2023
China,Female,40-44 years,2008,61263864.16269055,GBD 2023
China,Female,40-44 years,2009,61718599.34423364,GBD 2023
China,Female,40-44 years,2010,61485557.29078957,GBD 2023
China,Female,40-44 years,2011,60832068.348953314,GBD 2023
China,Female,40-44 years,2012,60111476.5545085,GBD 2023
China,Female,40-44 years,2013,59424092.83862354,GBD 2023
China,Female,40-44 years,2014,58475124.79303696,GBD 2023
China,Female,40-44 years,2015,56980778.091632105,GBD 2023
China,Female,40-44 years,2016,54822855.25429985,GBD 2023
China,Female,40-44 years,2017,52214304.19675446,GBD 2023
China,Female,40-44 years,2018,49555880.35145758,GBD 2023
China,Female,40-44 years,2019,47324860.414628,GBD 2023
China,Female,40-44 years,2020,45726257.519194216,GBD 2023
China,Female,40-44 years,2021,44665118.263804905,GBD 2023
China,Female,40-44 years,2022,44090053.54374548,GBD 2023
China,Female,40-44 years,2023,44229497.46264204,GBD 2023
China,Female,45-49 years,1990,24444640.92084195,GBD 2023
China,Female,45-49 years,1991,25437732.529112257,GBD 2023
China,Female,45-49 years,1992,26687141.398563582,GBD 2023
China,Female,45-49 years,1993,27629556.303498343,GBD 2023
China,Female,45-49 years,1994,30088310.971730866,GBD 2023
China,Female,45-49 years,1995,31538340.57262905,GBD 2023
China,Female,45-49 years,1996,33492846.72135854,GBD 2023
China,Female,45-49 years,1997,35343382.10297705,GBD 2023
China,Female,45-49 years,1998,37968931.1558571,GBD 2023
China,Female,45-49 years,1999,39468136.8692454,GBD 2023
China,Female,45-49 years,2000,41901021.63403114,GBD 2023
China,Female,45-49 years,2001,43063400.45182395,GBD 2023
China,Female,45-49 years,2002,43345107.09171787,GBD 2023
China,Female,45-49 years,2003,42305099.85286216,GBD 2023
China,Female,45-49 years,2004,40503897.30607412,GBD 2023
China,Female,45-49 years,2005,38829624.72946028,GBD 2023
China,Female,45-49 years,2006,38292172.66394588,GBD 2023
China,Female,45-49 years,2007,39533699.13478445,GBD 2023
China,Female,45-49 years,2008,42915865.51029567,GBD 2023
China,Female,45-49 years,2009,47450759.59653136,GBD 2023
China,Female,45-49 years,2010,52193760.38083431,GBD 2023
China,Female,45-49 years,2011,56387189.91081268,GBD 2023
China,Female,45-49 years,2012,59459853.88409191,GBD 2023
China,Female,45-49 years,2013,60948242.94050746,GBD 2023
China,Female,45-49 years,2014,61327537.33541258,GBD 2023
China,Female,45-49 years,2015,61022254.59390877,GBD 2023
China,Female,45-49 years,2016,60317284.109697655,GBD 2023
China,Female,45-49 years,2017,59560812.79597857,GBD 2023
China,Female,45-49 years,2018,58851242.176645495,GBD 2023
China,Female,45-49 years,2019,57895641.06755574,GBD 2023
China,Female,45-49 years,2020,56409349.19307348,GBD 2023
China,Female,45-49 years,2021,54268721.94846206,GBD 2023
China,Female,45-49 years,2022,51683935.01442212,GBD 2023
China,Female,45-49 years,2023,49050894.90580981,GBD 2023
China,Female,5-9 years,1990,50174805.52702639,GBD 2023
China,Female,5-9 years,1991,51956455.05302961,GBD 2023
China,Female,5-9 years,1992,53795006.7000105,GBD 2023
China,Female,5-9 years,1993,55229673.19290267,GBD 2023
China,Female,5-9 years,1994,55892142.88115495,GBD 2023
China,Female,5-9 years,1995,55568245.12916047,GBD 2023
China,Female,5-9 years,1996,54109257.3151094,GBD 2023
China,Female,5-9 years,1997,51756785.83665705,GBD 2023
China,Female,5-9 years,1998,48781250.26556366,GBD 2023
China,Female,5-9 years,1999,45496996.81866865,GBD 2023
China,Female,5-9 years,2000,42352628.31075632,GBD 2023
China,Female,5-9 years,2001,39850323.49749202,GBD 2023
China,Female,5-9 years,2002,37848732.47941596,GBD 2023
China,Female,5-9 years,2003,36168516.81556741,GBD 2023
China,Female,5-9 years,2004,34725872.193649344,GBD 2023
China,Female,5-9 years,2005,33531393.442466248,GBD 2023
China,Female,5-9 years,2006,32645973.07334913,GBD 2023
China,Female,5-9 years,2007,32112962.046153218,GBD 2023
China,Female,5-9 years,2008,31916690.88359524,GBD 2023
China,Female,5-9 years,2009,32060646.93316056,GBD 2023
China,Female,5-9 years,2010,32549377.0704072,GBD 2023
China,Female,5-9 years,2011,33365604.82924767,GBD 2023
China,Female,5-9 years,2012,34489005.1111343,GBD 2023
China,Female,5-9 years,2013,35840928.3866201,GBD 2023
China,Female,5-9 years,2014,37185071.55211868,GBD 2023
China,Female,5-9 years,2015,38069113.74112862,GBD 2023
China,Female,5-9 years,2016,38414774.7760708,GBD 2023
China,Female,5-9 years,2017,38857478.759887375,GBD 2023
China,Female,5-9 years,2018,39620422.465912215,GBD 2023
China,Female,5-9 years,2019,40563350.78317258,GBD 2023
China,Female,5-9 years,2020,42242401.12745892,GBD 2023
China,Female,5-9 years,2021,44746280.81973754,GBD 2023
China,Female,5-9 years,2022,46760451.90139989,GBD 2023
China,Female,5-9 years,2023,47419567.407920666,GBD 2023
China,Female,50-54 years,1990,22514565.14298387,GBD 2023
China,Female,50-54 years,1991,22513799.46563334,GBD 2023
China,Female,50-54 years,1992,22600325.06328338,GBD 2023
China,Female,50-54 years,1993,22845280.649072982,GBD 2023
China,Female,50-54 years,1994,23273120.002557557,GBD 2023
China,Female,50-54 years,1995,23732237.49110121,GBD 2023
China,Female,50-54 years,1996,24662030.57790919,GBD 2023
China,Female,50-54 years,1997,25874144.06251486,GBD 2023
China,Female,50-54 years,1998,26810271.227557857,GBD 2023
China,Female,50-54 years,1999,29250965.411997404,GBD 2023
China,Female,50-54 years,2000,30721527.408449847,GBD 2023
China,Female,50-54 years,2001,32704709.430364992,GBD 2023
China,Female,50-54 years,2002,34608732.82927312,GBD 2023
China,Female,50-54 years,2003,37288457.60904653,GBD 2023
China,Female,50-54 years,2004,38899707.41385272,GBD 2023
China,Female,50-54 years,2005,41427748.76110363,GBD 2023
China,Female,50-54 years,2006,42695317.57540205,GBD 2023
China,Female,50-54 years,2007,43066606.42105442,GBD 2023
China,Female,50-54 years,2008,42098948.572445735,GBD 2023
China,Female,50-54 years,2009,40350241.5591772,GBD 2023
China,Female,50-54 years,2010,38709790.48280417,GBD 2023
China,Female,50-54 years,2011,38187899.75859446,GBD 2023
China,Female,50-54 years,2012,39431161.31720931,GBD 2023
China,Female,50-54 years,2013,42795903.69014816,GBD 2023
China,Female,50-54 years,2014,47288549.76072033,GBD 2023
China,Female,50-54 years,2015,51963397.4147462,GBD 2023
China,Female,50-54 years,2016,56068991.23346053,GBD 2023
China,Female,50-54 years,2017,59047571.87763488,GBD 2023
China,Female,50-54 years,2018,60455697.58094282,GBD 2023
China,Female,50-54 years,2019,60778274.49904395,GBD 2023
China,Female,50-54 years,2020,60444471.30611511,GBD 2023
China,Female,50-54 years,2021,59740158.77048802,GBD 2023
China,Female,50-54 years,2022,58995761.50951007,GBD 2023
China,Female,50-54 years,2023,58299142.27256193,GBD 2023
China,Female,55-59 years,1990,20700566.22271888,GBD 2023
China,Female,55-59 years,1991,21193797.354772616,GBD 2023
China,Female,55-59 years,1992,21548684.258013025,GBD 2023
China,Female,55-59 years,1993,21671278.948601022,GBD 2023
China,Female,55-59 years,1994,21494746.92362282,GBD 2023
China,Female,55-59 years,1995,21437802.95821004,GBD 2023
China,Female,55-59 years,1996,21373741.320772663,GBD 2023
China,Female,55-59 years,1997,21409108.751390457,GBD 2023
China,Female,55-59 years,1998,21614851.116370272,GBD 2023
China,Female,55-59 years,1999,22019778.624288533,GBD 2023
China,Female,55-59 years,2000,22487074.511615835,GBD 2023
China,Female,55-59 years,2001,23442426.386920266,GBD 2023
China,Female,55-59 years,2002,24694264.28697379,GBD 2023
China,Female,55-59 years,2003,25693940.618149877,GBD 2023
China,Female,55-59 years,2004,28156750.70782056,GBD 2023
China,Female,55-59 years,2005,29678727.87579011,GBD 2023
China,Female,55-59 years,2006,31700028.626181006,GBD 2023
China,Female,55-59 years,2007,33637946.170937374,GBD 2023
China,Female,55-59 years,2008,36324608.115979925,GBD 2023
China,Female,55-59 years,2009,37960209.12196331,GBD 2023
China,Female,55-59 years,2010,40474611.58058079,GBD 2023
China,Female,55-59 years,2011,41738180.09423093,GBD 2023
China,Female,55-59 years,2012,42107558.03878608,GBD 2023
China,Female,55-59 years,2013,41157559.02978872,GBD 2023
China,Female,55-59 years,2014,39442292.21427799,GBD 2023
China,Female,55-59 years,2015,37839899.01571328,GBD 2023
China,Female,55-59 years,2016,37348187.45030793,GBD 2023
China,Female,55-59 years,2017,38591486.06778362,GBD 2023
China,Female,55-59 years,2018,41916046.38763158,GBD 2023
China,Female,55-59 years,2019,46347185.32230164,GBD 2023
China,Female,55-59 years,2020,50957804.47667685,GBD 2023
China,Female,55-59 years,2021,55003987.90919528,GBD 2023
China,Female,55-59 years,2022,57935067.44673485,GBD 2023
China,Female,55-59 years,2023,59332827.45972149,GBD 2023
China,Female,60-64 years,1990,17185942.560488433,GBD 2023
China,Female,60-64 years,1991,17598689.495014925,GBD 2023
China,Female,60-64 years,1992,18008503.720324762,GBD 2023
China,Female,60-64 years,1993,18417562.034305014,GBD 2023
China,Female,60-64 years,1994,18940915.20455784,GBD 2023
China,Female,60-64 years,1995,19384447.04529191,GBD 2023
China,Female,60-64 years,1996,19815743.686834004,GBD 2023
China,Female,60-64 years,1997,20145851.338838264,GBD 2023
China,Female,60-64 years,1998,20282261.74695515,GBD 2023
China,Female,60-64 years,1999,20160349.45625936,GBD 2023
China,Female,60-64 years,2000,20166787.443566214,GBD 2023
China,Female,60-64 years,2001,20179193.87668518,GBD 2023
China,Female,60-64 years,2002,20301947.637739472,GBD 2023
China,Female,60-64 years,2003,20601104.74867732,GBD 2023
China,Female,60-64 years,2004,21099780.544301856,GBD 2023
China,Female,60-64 years,2005,21663684.95075998,GBD 2023
China,Female,60-64 years,2006,22688093.58324442,GBD 2023
China,Female,60-64 years,2007,23989607.730847534,GBD 2023
China,Female,60-64 years,2008,25029905.1975582,GBD 2023
China,Female,60-64 years,2009,27482242.39109902,GBD 2023
China,Female,60-64 years,2010,29000902.353569828,GBD 2023
China,Female,60-64 years,2011,30994148.76759888,GBD 2023
China,Female,60-64 years,2012,32897592.05163577,GBD 2023
China,Female,60-64 years,2013,35519902.11990826,GBD 2023
China,Female,60-64 years,2014,37118949.03189188,GBD 2023
China,Female,60-64 years,2015,39554188.75752474,GBD 2023
China,Female,60-64 years,2016,40755586.332409866,GBD 2023
China,Female,60-64 years,2017,41073994.27596882,GBD 2023
China,Female,60-64 years,2018,40113114.9111032,GBD 2023
China,Female,60-64 years,2019,38426403.3199208,GBD 2023
China,Female,60-64 years,2020,36871461.44413928,GBD 2023
China,Female,60-64 years,2021,36414608.04728746,GBD 2023
China,Female,60-64 years,2022,37646721.151486784,GBD 2023
China,Female,60-64 years,2023,40899032.51594304,GBD 2023
China,Female,65-69 years,1990,13936442.110095777,GBD 2023
China,Female,65-69 years,1991,14259855.983652985,GBD 2023
China,Female,65-69 years,1992,14561192.222697437,GBD 2023
China,Female,65-69 years,1993,14888251.86975045,GBD 2023
China,Female,65-69 years,1994,15213269.521131149,GBD 2023
China,Female,65-69 years,1995,15551729.941637645,GBD 2023
China,Female,65-69 years,1996,15882226.46437868,GBD 2023
China,Female,65-69 years,1997,16215994.435633317,GBD 2023
China,Female,65-69 years,1998,16559640.326645032,GBD 2023
China,Female,65-69 years,1999,17022409.301067684,GBD 2023
China,Female,65-69 years,2000,17433901.411321476,GBD 2023
China,Female,65-69 years,2001,17863771.480864525,GBD 2023
China,Female,65-69 years,2002,18226370.98317555,GBD 2023
China,Female,65-69 years,2003,18430852.26569084,GBD 2023
China,Female,65-69 years,2004,18413802.673357382,GBD 2023
China,Female,65-69 years,2005,18527544.089294277,GBD 2023
China,Female,65-69 years,2006,18657442.88178309,GBD 2023
China,Female,65-69 years,2007,18891881.818485443,GBD 2023
China,Female,65-69 years,2008,19281200.372620925,GBD 2023
China,Female,65-69 years,2009,19844200.109927457,GBD 2023
China,Female,65-69 years,2010,20457512.60179803,GBD 2023
China,Female,65-69 years,2011,21489463.37720713,GBD 2023
China,Female,65-69 years,2012,22770003.82374596,GBD 2023
China,Female,65-69 years,2013,23783903.6401532,GBD 2023
China,Female,65-69 years,2014,26146564.05637247,GBD 2023
China,Female,65-69 years,2015,27595319.45857621,GBD 2023
China,Female,65-69 years,2016,29513774.9619001,GBD 2023
China,Female,65-69 years,2017,31352894.80476907,GBD 2023
China,Female,65-69 years,2018,33891098.869150735,GBD 2023
China,Female,65-69 years,2019,35503618.17762946,GBD 2023
China,Female,65-69 years,2020,37920794.80430374,GBD 2023
China,Female,65-69 years,2021,39157039.45973823,GBD 2023
China,Female,65-69 years,2022,39516569.96402463,GBD 2023
China,Female,65-69 years,2023,38613502.53348365,GBD 2023
China,Female,70-74 years,1990,10126787.334915388,GBD 2023
China,Female,70-74 years,1991,10375057.996922286,GBD 2023
China,Female,70-74 years,1992,10645434.784125084,GBD 2023
China,Female,70-74 years,1993,10957646.953484751,GBD 2023
China,Female,70-74 years,1994,11335642.177376516,GBD 2023
China,Female,70-74 years,1995,11690975.63816022,GBD 2023
China,Female,70-74 years,1996,11983296.662406622,GBD 2023
China,Female,70-74 years,1997,12271650.94340312,GBD 2023
China,Female,70-74 years,1998,12592358.347166054,GBD 2023
China,Female,70-74 years,1999,12916757.86796081,GBD 2023
China,Female,70-74 years,2000,13255465.385579286,GBD 2023
China,Female,70-74 years,2001,13587255.564718831,GBD 2023
China,Female,70-74 years,2002,13936247.6499889,GBD 2023
China,Female,70-74 years,2003,14314650.797058225,GBD 2023
China,Female,70-74 years,2004,14815593.332394404,GBD 2023
China,Female,70-74 years,2005,15283829.390120069,GBD 2023
China,Female,70-74 years,2006,15767603.729945632,GBD 2023
China,Female,70-74 years,2007,16185391.040200854,GBD 2023
China,Female,70-74 years,2008,16448736.936142884,GBD 2023
China,Female,70-74 years,2009,16505915.605365206,GBD 2023
China,Female,70-74 years,2010,16679573.751675552,GBD 2023
China,Female,70-74 years,2011,16871459.716985572,GBD 2023
China,Female,70-74 years,2012,17164239.9739533,GBD 2023
China,Female,70-74 years,2013,17600848.994750302,GBD 2023
China,Female,70-74 years,2014,18188522.16901813,GBD 2023
China,Female,70-74 years,2015,18812450.30850337,GBD 2023
China,Female,70-74 years,2016,19808716.458461136,GBD 2023
China,Female,70-74 years,2017,21020272.217352845,GBD 2023
China,Female,70-74 years,2018,21980547.745075326,GBD 2023
China,Female,70-74 years,2019,24224133.824577603,GBD 2023
China,Female,70-74 years,2020,25636209.12598038,GBD 2023
China,Female,70-74 years,2021,27511170.442805428,GBD 2023
China,Female,70-74 years,2022,29300095.494045965,GBD 2023
China,Female,70-74 years,2023,31726780.7924872,GBD 2023
China,Female,75-79 years,1990,6513421.936608911,GBD 2023
China,Female,75-79 years,1991,6736260.524596151,GBD 2023
China,Female,75-79 years,1992,6955967.15718335,GBD 2023
China,Female,75-79 years,1993,7174683.506220678,GBD 2023
China,Female,75-79 years,1994,7328060.311648042,GBD 2023
China,Female,75-79 years,1995,7519966.408225613,GBD 2023
China,Female,75-79 years,1996,7734825.918421058,GBD 2023
China,Female,75-79 years,1997,7971399.276620213,GBD 2023
China,Female,75-79 years,1998,8238277.770783466,GBD 2023
China,Female,75-79 years,1999,8551868.736532306,GBD 2023
China,Female,75-79 years,2000,8852147.864946885,GBD 2023
China,Female,75-79 years,2001,9113029.124826036,GBD 2023
China,Female,75-79 years,2002,9388328.761237808,GBD 2023
China,Female,75-79 years,2003,9711432.414799346,GBD 2023
China,Female,75-79 years,2004,10059654.366303593,GBD 2023
China,Female,75-79 years,2005,10441967.976801671,GBD 2023
China,Female,75-79 years,2006,10832636.148129286,GBD 2023
China,Female,75-79 years,2007,11241918.227459049,GBD 2023
China,Female,75-79 years,2008,11670612.669727089,GBD 2023
China,Female,75-79 years,2009,12194746.248216102,GBD 2023
China,Female,75-79 years,2010,12684758.870003393,GBD 2023
China,Female,75-79 years,2011,13182124.705066351,GBD 2023
China,Female,75-79 years,2012,13630090.401018392,GBD 2023
China,Female,75-79 years,2013,13959670.015918808,GBD 2023
China,Female,75-79 years,2014,14121225.38488108,GBD 2023
China,Female,75-79 years,2015,14379819.3289383,GBD 2023
China,Female,75-79 years,2016,14636738.53428695,GBD 2023
China,Female,75-79 years,2017,14954107.596776703,GBD 2023
China,Female,75-79 years,2018,15383715.0862182,GBD 2023
China,Female,75-79 years,2019,15955120.363838209,GBD 2023
China,Female,75-79 years,2020,16580437.265226256,GBD 2023
China,Female,75-79 years,2021,17538366.110376086,GBD 2023
China,Female,75-79 years,2022,18674983.92616719,GBD 2023
China,Female,75-79 years,2023,19557285.48817922,GBD 2023
China,Female,80-84 years,1990,3497089.854284448,GBD 2023
China,Female,80-84 years,1991,3588188.196452807,GBD 2023
China,Female,80-84 years,1992,3695114.7738820543,GBD 2023
China,Female,80-84 years,1993,3799829.455705475,GBD 2023
China,Female,80-84 years,1994,3938653.020792753,GBD 2023
China,Female,80-84 years,1995,4091992.89992897,GBD 2023
China,Female,80-84 years,1996,4258121.907793557,GBD 2023
China,Female,80-84 years,1997,4426491.938583814,GBD 2023
China,Female,80-84 years,1998,4588757.338582045,GBD 2023
China,Female,80-84 years,1999,4703926.365803196,GBD 2023
China,Female,80-84 years,2000,4844185.513290263,GBD 2023
China,Female,80-84 years,2001,5005024.686128595,GBD 2023
China,Female,80-84 years,2002,5191185.36500442,GBD 2023
China,Female,80-84 years,2003,5411981.372280177,GBD 2023
China,Female,80-84 years,2004,5678738.226645422,GBD 2023
China,Female,80-84 years,2005,5960002.92684262,GBD 2023
China,Female,80-84 years,2006,6234467.666747534,GBD 2023
China,Female,80-84 years,2007,6528302.3855519015,GBD 2023
China,Female,80-84 years,2008,6855579.372177283,GBD 2023
China,Female,80-84 years,2009,7197910.799817657,GBD 2023
China,Female,80-84 years,2010,7566355.576499723,GBD 2023
China,Female,80-84 years,2011,7942368.261959707,GBD 2023
China,Female,80-84 years,2012,8343582.747542003,GBD 2023
China,Female,80-84 years,2013,8778479.478449058,GBD 2023
China,Female,80-84 years,2014,9297594.458083715,GBD 2023
China,Female,80-84 years,2015,9780262.160782134,GBD 2023
China,Female,80-84 years,2016,10231719.922483608,GBD 2023
China,Female,80-84 years,2017,10599652.368728474,GBD 2023
China,Female,80-84 years,2018,10865542.810148155,GBD 2023
China,Female,80-84 years,2019,11039790.609193966,GBD 2023
China,Female,80-84 years,2020,11338501.656901076,GBD 2023
China,Female,80-84 years,2021,11653320.159124576,GBD 2023
China,Female,80-84 years,2022,12014213.38922431,GBD 2023
China,Female,80-84 years,2023,12402090.248088244,GBD 2023
China,Female,85-89 years,1990,1361515.4358736435,GBD 2023
China,Female,85-89 years,1991,1444795.9816726244,GBD 2023
China,Female,85-89 years,1992,1512033.5813940524,GBD 2023
China,Female,85-89 years,1993,1569597.3379657157,GBD 2023
China,Female,85-89 years,1994,1607912.2649295535,GBD 2023
China,Female,85-89 years,1995,1642192.3118537671,GBD 2023
China,Female,85-89 years,1996,1699563.8292099948,GBD 2023
China,Female,85-89 years,1997,1767687.6724364625,GBD 2023
China,Female,85-89 years,1998,1833595.1671435344,GBD 2023
China,Female,85-89 years,1999,1915775.410130093,GBD 2023
China,Female,85-89 years,2000,2004255.0271503455,GBD 2023
China,Female,85-89 years,2001,2102613.053963246,GBD 2023
China,Female,85-89 years,2002,2206975.5959026506,GBD 2023
China,Female,85-89 years,2003,2315090.248030531,GBD 2023
China,Female,85-89 years,2004,2409504.7911451524,GBD 2023
China,Female,85-89 years,2005,2532179.79708992,GBD 2023
China,Female,85-89 years,2006,2681504.0029772134,GBD 2023
China,Female,85-89 years,2007,2852723.7547370307,GBD 2023
China,Female,85-89 years,2008,3043835.492354215,GBD 2023
China,Female,85-89 years,2009,3259206.841180064,GBD 2023
China,Female,85-89 years,2010,3485769.6304116216,GBD 2023
China,Female,85-89 years,2011,3710504.500139454,GBD 2023
China,Female,85-89 years,2012,3953543.025545728,GBD 2023
China,Female,85-89 years,2013,4228482.429534772,GBD 2023
China,Female,85-89 years,2014,4518556.88971776,GBD 2023
China,Female,85-89 years,2015,4819350.816579952,GBD 2023
China,Female,85-89 years,2016,5096863.85035876,GBD 2023
China,Female,85-89 years,2017,5362050.157046395,GBD 2023
China,Female,85-89 years,2018,5653998.340610641,GBD 2023
China,Female,85-89 years,2019,6045589.568901221,GBD 2023
China,Female,85-89 years,2020,6458897.374915201,GBD 2023
China,Female,85-89 years,2021,6850610.546031993,GBD 2023
China,Female,85-89 years,2022,7147149.533156418,GBD 2023
China,Female,85-89 years,2023,7366027.24407102,GBD 2023
China,Female,90-94 years,1990,275944.1769123385,GBD 2023
China,Female,90-94 years,1991,310869.209702083,GBD 2023
China,Female,90-94 years,1992,350842.1840366079,GBD 2023
China,Female,90-94 years,1993,384123.18621492136,GBD 2023
China,Female,90-94 years,1994,422134.7009452976,GBD 2023
China,Female,90-94 years,1995,459177.3277543463,GBD 2023
China,Female,90-94 years,1996,491314.4929290451,GBD 2023
China,Female,90-94 years,1997,518449.0506101782,GBD 2023
China,Female,90-94 years,1998,540235.596417052,GBD 2023
China,Female,90-94 years,1999,555078.6730884165,GBD 2023
China,Female,90-94 years,2000,569339.0245459378,GBD 2023
China,Female,90-94 years,2001,593218.8800719768,GBD 2023
China,Female,90-94 years,2002,623071.6881961952,GBD 2023
China,Female,90-94 years,2003,654998.9478631483,GBD 2023
China,Female,90-94 years,2004,695610.3845261382,GBD 2023
China,Female,90-94 years,2005,743635.5301883229,GBD 2023
China,Female,90-94 years,2006,800445.0305317213,GBD 2023
China,Female,90-94 years,2007,865966.5964195596,GBD 2023
China,Female,90-94 years,2008,935326.733908487,GBD 2023
China,Female,90-94 years,2009,996051.7641402372,GBD 2023
China,Female,90-94 years,2010,1072827.7490437578,GBD 2023
China,Female,90-94 years,2011,1159567.86062892,GBD 2023
China,Female,90-94 years,2012,1257665.4506468235,GBD 2023
China,Female,90-94 years,2013,1363507.150053884,GBD 2023
China,Female,90-94 years,2014,1481802.818743219,GBD 2023
China,Female,90-94 years,2015,1601728.8170869276,GBD 2023
China,Female,90-94 years,2016,1712218.4318757087,GBD 2023
China,Female,90-94 years,2017,1822925.8889758345,GBD 2023
China,Female,90-94 years,2018,1956488.8400712968,GBD 2023
China,Female,90-94 years,2019,2119683.2335565384,GBD 2023
China,Female,90-94 years,2020,2314641.931015689,GBD 2023
China,Female,90-94 years,2021,2488119.485346372,GBD 2023
China,Female,90-94 years,2022,2651399.3228240083,GBD 2023
China,Female,90-94 years,2023,2826046.0136049944,GBD 2023
China,Female,95+ years,1990,49491.12965818086,GBD 2023
China,Female,95+ years,1991,55071.14897218899,GBD 2023
China,Female,95+ years,1992,60737.21068499105,GBD 2023
China,Female,95+ years,1993,65675.69663295911,GBD 2023
China,Female,95+ years,1994,70197.95512970249,GBD 2023
China,Female,95+ years,1995,76391.58778882124,GBD 2023
China,Female,95+ years,1996,87048.51638239526,GBD 2023
China,Female,95+ years,1997,99292.6447337544,GBD 2023
China,Female,95+ years,1998,109574.28771072756,GBD 2023
China,Female,95+ years,1999,121073.35205148396,GBD 2023
China,Female,95+ years,2000,132728.74653312992,GBD 2023
China,Female,95+ years,2001,143738.17119519235,GBD 2023
China,Female,95+ years,2002,153813.842105822,GBD 2023
China,Female,95+ years,2003,162886.11131621528,GBD 2023
China,Female,95+ years,2004,170755.60421884677,GBD 2023
China,Female,95+ years,2005,179576.29153564738,GBD 2023
China,Female,95+ years,2006,191918.5797733979,GBD 2023
China,Female,95+ years,2007,207299.97869725607,GBD 2023
China,Female,95+ years,2008,223712.7489817499,GBD 2023
China,Female,95+ years,2009,242446.212974652,GBD 2023
China,Female,95+ years,2010,264791.5341721057,GBD 2023
China,Female,95+ years,2011,290683.0285579477,GBD 2023
China,Female,95+ years,2012,319292.73837337905,GBD 2023
China,Female,95+ years,2013,347618.6553701523,GBD 2023
China,Female,95+ years,2014,375423.61786509736,GBD 2023
China,Female,95+ years,2015,406998.42305259866,GBD 2023
China,Female,95+ years,2016,441948.4010988618,GBD 2023
China,Female,95+ years,2017,478860.31906713534,GBD 2023
China,Female,95+ years,2018,520733.7224462656,GBD 2023
China,Female,95+ years,2019,570190.0018680498,GBD 2023
China,Female,95+ years,2020,629042.7915714495,GBD 2023
China,Female,95+ years,2021,687934.0338941858,GBD 2023
China,Female,95+ years,2022,749076.793625368,GBD 2023
China,Female,95+ years,2023,817888.0316857118,GBD 2023
China,Male,0-4 years,1990,58382714.24007236,GBD 2023
China,Male,0-4 years,1991,58409752.471515656,GBD 2023
China,Male,0-4 years,1992,57602814.0835942,GBD 2023
China,Male,0-4 years,1993,56022221.4862126,GBD 2023
China,Male,0-4 years,1994,53800677.60805015,GBD 2023
China,Male,0-4 years,1995,51256159.69092035,GBD 2023
China,Male,0-4 years,1996,48844006.4307394,GBD 2023
China,Male,0-4 years,1997,46639116.39730868,GBD 2023
China,Male,0-4 years,1998,44601334.7490204,GBD 2023
China,Male,0-4 years,1999,42736518.51996394,GBD 2023
China,Male,0-4 years,2000,41112676.03268424,GBD 2023
China,Male,0-4 years,2001,39817692.34345641,GBD 2023
China,Male,0-4 years,2002,38889210.73203819,GBD 2023
China,Male,0-4 years,2003,38294704.23640124,GBD 2023
China,Male,0-4 years,2004,38023233.41487426,GBD 2023
China,Male,0-4 years,2005,38062150.53982901,GBD 2023
China,Male,0-4 years,2006,38370664.47023438,GBD 2023
China,Male,0-4 years,2007,38930967.85328312,GBD 2023
China,Male,0-4 years,2008,39665388.86514803,GBD 2023
China,Male,0-4 years,2009,40339309.84854568,GBD 2023
China,Male,0-4 years,2010,40511561.84091172,GBD 2023
China,Male,0-4 years,2011,40137339.89143678,GBD 2023
China,Male,0-4 years,2012,39887213.0814118,GBD 2023
China,Male,0-4 years,2013,40013697.65506523,GBD 2023
China,Male,0-4 years,2014,40440918.84408595,GBD 2023
China,Male,0-4 years,2015,41799574.01636314,GBD 2023
China,Male,0-4 years,2016,44241445.39605936,GBD 2023
China,Male,0-4 years,2017,46378425.013710864,GBD 2023
China,Male,0-4 years,2018,47281795.81469405,GBD 2023
China,Male,0-4 years,2019,46990448.67485229,GBD 2023
China,Male,0-4 years,2020,45115918.090208754,GBD 2023
China,Male,0-4 years,2021,41558929.958508044,GBD 2023
China,Male,0-4 years,2022,37262478.09908184,GBD 2023
China,Male,0-4 years,2023,33198825.288135,GBD 2023
China,Male,10-14 years,1990,52939930.76247201,GBD 2023
China,Male,10-14 years,1991,52232065.88682595,GBD 2023
China,Male,10-14 years,1992,51937978.6491527,GBD 2023
China,Male,10-14 years,1993,52273777.88981119,GBD 2023
China,Male,10-14 years,1994,53410370.66290055,GBD 2023
China,Male,10-14 years,1995,55341891.07638076,GBD 2023
China,Male,10-14 years,1996,57951058.69606762,GBD 2023
China,Male,10-14 years,1997,60825948.84016048,GBD 2023
China,Male,10-14 years,1998,63366418.73105659,GBD 2023
China,Male,10-14 years,1999,65035781.08336239,GBD 2023
China,Male,10-14 years,2000,65413781.56451757,GBD 2023
China,Male,10-14 years,2001,64139684.92613306,GBD 2023
China,Male,10-14 years,2002,61661443.59856119,GBD 2023
China,Male,10-14 years,2003,58390757.11074113,GBD 2023
China,Male,10-14 years,2004,54722922.38380704,GBD 2023
China,Male,10-14 years,2005,51164074.80789448,GBD 2023
China,Male,10-14 years,2006,48248388.34611892,GBD 2023
China,Male,10-14 years,2007,45851737.81205484,GBD 2023
China,Male,10-14 years,2008,43791349.3682753,GBD 2023
China,Male,10-14 years,2009,41998600.63462629,GBD 2023
China,Male,10-14 years,2010,40518302.25460393,GBD 2023
China,Male,10-14 years,2011,39454666.41873664,GBD 2023
China,Male,10-14 years,2012,38829848.23176552,GBD 2023
China,Male,10-14 years,2013,38605927.05083066,GBD 2023
China,Male,10-14 years,2014,38777979.91524663,GBD 2023
China,Male,10-14 years,2015,39352260.44821308,GBD 2023
China,Male,10-14 years,2016,40317681.3106524,GBD 2023
China,Male,10-14 years,2017,41646214.21253925,GBD 2023
China,Male,10-14 years,2018,43235880.87273994,GBD 2023
China,Male,10-14 years,2019,44791350.907874525,GBD 2023
China,Male,10-14 years,2020,45753784.9053508,GBD 2023
China,Male,10-14 years,2021,46036499.78133913,GBD 2023
China,Male,10-14 years,2022,46423259.21735058,GBD 2023
China,Male,10-14 years,2023,47171270.18552175,GBD 2023
China,Male,15-19 years,1990,65205213.72819397,GBD 2023
China,Male,15-19 years,1991,62118545.03305101,GBD 2023
China,Male,15-19 years,1992,58766833.23881751,GBD 2023
China,Male,15-19 years,1993,55621943.1298213,GBD 2023
China,Male,15-19 years,1994,53160226.54413485,GBD 2023
China,Male,15-19 years,1995,51498659.2802912,GBD 2023
China,Male,15-19 years,1996,50430443.82387326,GBD 2023
China,Male,15-19 years,1997,49864405.38145459,GBD 2023
China,Male,15-19 years,1998,50039925.87379284,GBD 2023
China,Male,15-19 years,1999,51164037.2549182,GBD 2023
China,Male,15-19 years,2000,53280309.98540681,GBD 2023
China,Male,15-19 years,2001,56325469.72512192,GBD 2023
China,Male,15-19 years,2002,59750187.19246057,GBD 2023
China,Male,15-19 years,2003,62864212.34558252,GBD 2023
China,Male,15-19 years,2004,65057619.25168632,GBD 2023
China,Male,15-19 years,2005,65849493.90950658,GBD 2023
China,Male,15-19 years,2006,64865544.00205135,GBD 2023
China,Male,15-19 years,2007,62558214.46999851,GBD 2023
China,Male,15-19 years,2008,59358980.78935212,GBD 2023
China,Male,15-19 years,2009,55682273.480205126,GBD 2023
China,Male,15-19 years,2010,52050711.09239889,GBD 2023
China,Male,15-19 years,2011,49010340.2998508,GBD 2023
China,Male,15-19 years,2012,46488432.93320766,GBD 2023
China,Male,15-19 years,2013,44326903.72686586,GBD 2023
China,Male,15-19 years,2014,42456998.308649816,GBD 2023
China,Male,15-19 years,2015,40904271.50050877,GBD 2023
China,Male,15-19 years,2016,39740219.51442549,GBD 2023
China,Male,15-19 years,2017,39000499.76218243,GBD 2023
China,Male,15-19 years,2018,38661639.08817282,GBD 2023
China,Male,15-19 years,2019,38732910.15875944,GBD 2023
China,Male,15-19 years,2020,39235262.88197871,GBD 2023
China,Male,15-19 years,2021,40172887.60089935,GBD 2023
China,Male,15-19 years,2022,41497456.02754232,GBD 2023
China,Male,15-19 years,2023,43091173.37301931,GBD 2023
China,Male,20-24 years,1990,67707110.41351098,GBD 2023
China,Male,20-24 years,1991,67778008.86958688,GBD 2023
China,Male,20-24 years,1992,67098076.42308301,GBD 2023
China,Male,20-24 years,1993,65859614.36492348,GBD 2023
China,Male,20-24 years,1994,63944468.0649641,GBD 2023
China,Male,20-24 years,1995,61368700.34301637,GBD 2023
China,Male,20-24 years,1996,58305019.72748424,GBD 2023
China,Male,20-24 years,1997,55063953.30501914,GBD 2023
China,Male,20-24 years,1998,52072581.25378887,GBD 2023
China,Male,20-24 years,1999,49768823.79478455,GBD 2023
China,Male,20-24 years,2000,48264375.13394125,GBD 2023
China,Male,20-24 years,2001,47374586.29050184,GBD 2023
China,Male,20-24 years,2002,47009864.08463402,GBD 2023
China,Male,20-24 years,2003,47389301.68948067,GBD 2023
China,Male,20-24 years,2004,48707874.01107007,GBD 2023
China,Male,20-24 years,2005,51009849.16522046,GBD 2023
China,Male,20-24 years,2006,54224238.41170581,GBD 2023
China,Male,20-24 years,2007,57810517.63249793,GBD 2023
China,Male,20-24 years,2008,61071259.93317326,GBD 2023
China,Male,20-24 years,2009,63377974.05743532,GBD 2023
China,Male,20-24 years,2010,64225784.03419074,GBD 2023
China,Male,20-24 years,2011,63221714.30957765,GBD 2023
China,Male,20-24 years,2012,60842258.421028905,GBD 2023
China,Male,20-24 years,2013,57561125.5134673,GBD 2023
China,Male,20-24 years,2014,53836572.40307479,GBD 2023
China,Male,20-24 years,2015,50227383.01721816,GBD 2023
China,Male,20-24 years,2016,47304485.899898246,GBD 2023
China,Male,20-24 years,2017,44947246.3141554,GBD 2023
China,Male,20-24 years,2018,42967520.15877505,GBD 2023
China,Male,20-24 years,2019,41271448.029008925,GBD 2023
China,Male,20-24 years,2020,39860940.32584561,GBD 2023
China,Male,20-24 years,2021,38786900.94026139,GBD 2023
China,Male,20-24 years,2022,38105523.38092611,GBD 2023
China,Male,20-24 years,2023,37809781.14926104,GBD 2023
China,Male,25-29 years,1990,56578756.17042778,GBD 2023
China,Male,25-29 years,1991,61306319.60945392,GBD 2023
China,Male,25-29 years,1992,65003222.19991686,GBD 2023
China,Male,25-29 years,1993,67099333.99387164,GBD 2023
China,Male,25-29 years,1994,67940231.28420015,GBD 2023
China,Male,25-29 years,1995,67864021.03218742,GBD 2023
China,Male,25-29 years,1996,67211767.80542432,GBD 2023
China,Male,25-29 years,1997,66134480.80279506,GBD 2023
China,Male,25-29 years,1998,64769326.62756689,GBD 2023
China,Male,25-29 years,1999,62933948.192865215,GBD 2023
China,Male,25-29 years,2000,60568637.90839069,GBD 2023
China,Male,25-29 years,2001,57768323.969023,GBD 2023
China,Male,25-29 years,2002,54799422.580518566,GBD 2023
China,Male,25-29 years,2003,52054969.06979422,GBD 2023
China,Male,25-29 years,2004,49951132.16305118,GBD 2023
China,Male,25-29 years,2005,48585070.716089845,GBD 2023
China,Male,25-29 years,2006,47751739.69239024,GBD 2023
China,Male,25-29 years,2007,47379586.38511964,GBD 2023
China,Male,25-29 years,2008,47695936.294425726,GBD 2023
China,Male,25-29 years,2009,48909182.87642833,GBD 2023
China,Male,25-29 years,2010,51083055.93156855,GBD 2023
China,Male,25-29 years,2011,54162222.66009306,GBD 2023
China,Male,25-29 years,2012,57592649.57677828,GBD 2023
China,Male,25-29 years,2013,60659159.62974082,GBD 2023
China,Male,25-29 years,2014,62726563.22256144,GBD 2023
China,Male,25-29 years,2015,63300964.162493296,GBD 2023
China,Male,25-29 years,2016,62017458.08236649,GBD 2023
China,Male,25-29 years,2017,59394074.10198269,GBD 2023
China,Male,25-29 years,2018,55930143.42659249,GBD 2023
China,Male,25-29 years,2019,52102071.91539423,GBD 2023
China,Male,25-29 years,2020,48481224.65408513,GBD 2023
China,Male,25-29 years,2021,45643401.39954061,GBD 2023
China,Male,25-29 years,2022,43411376.01037632,GBD 2023
China,Male,25-29 years,2023,41562547.03585324,GBD 2023
China,Male,30-34 years,1990,46161516.857446335,GBD 2023
China,Male,30-34 years,1991,45050141.85099285,GBD 2023
China,Male,30-34 years,1992,45767545.97253076,GBD 2023
China,Male,30-34 years,1993,48773688.62760311,GBD 2023
China,Male,30-34 years,1994,53099271.6504411,GBD 2023
China,Male,30-34 years,1995,57705282.62304925,GBD 2023
China,Male,30-34 years,1996,61667380.4706653,GBD 2023
China,Male,30-34 years,1997,64541167.66744957,GBD 2023
China,Male,30-34 years,1998,65889046.36130644,GBD 2023
China,Male,30-34 years,1999,66182344.92747709,GBD 2023
China,Male,30-34 years,2000,65863155.848605104,GBD 2023
China,Male,30-34 years,2001,65350463.10146773,GBD 2023
China,Male,30-34 years,2002,64661701.08899279,GBD 2023
China,Male,30-34 years,2003,63810578.46196383,GBD 2023
China,Male,30-34 years,2004,62516361.9889072,GBD 2023
China,Male,30-34 years,2005,60642444.4916021,GBD 2023
China,Male,30-34 years,2006,58234916.87969371,GBD 2023
China,Male,30-34 years,2007,55558700.87778638,GBD 2023
China,Male,30-34 years,2008,53013375.49887148,GBD 2023
China,Male,30-34 years,2009,51027230.86693123,GBD 2023
China,Male,30-34 years,2010,49703834.54907832,GBD 2023
China,Male,30-34 years,2011,48834990.65631909,GBD 2023
China,Male,30-34 years,2012,48387629.40828967,GBD 2023
China,Male,30-34 years,2013,48621986.51597048,GBD 2023
China,Male,30-34 years,2014,49769703.631367214,GBD 2023
China,Male,30-34 years,2015,51909323.96926642,GBD 2023
China,Male,30-34 years,2016,54992999.96968884,GBD 2023
China,Male,30-34 years,2017,58446240.44334499,GBD 2023
China,Male,30-34 years,2018,61530956.636488855,GBD 2023
China,Male,30-34 years,2019,63591556.98295951,GBD 2023
China,Male,30-34 years,2020,64117703.69830079,GBD 2023
China,Male,30-34 years,2021,62734338.39546941,GBD 2023
China,Male,30-34 years,2022,59997047.84313331,GBD 2023
China,Male,30-34 years,2023,56426224.68887825,GBD 2023
China,Male,35-39 years,1990,47340672.996194296,GBD 2023
China,Male,35-39 years,1991,49330684.56039584,GBD 2023
China,Male,35-39 years,1992,50103624.48518901,GBD 2023
China,Male,35-39 years,1993,49122594.46026366,GBD 2023
China,Male,35-39 years,1994,47027302.51004421,GBD 2023
China,Male,35-39 years,1995,44854794.98267743,GBD 2023
China,Male,35-39 years,1996,43759392.52256759,GBD 2023
China,Male,35-39 years,1997,44540650.67932487,GBD 2023
China,Male,35-39 years,1998,47587788.29867246,GBD 2023
China,Male,35-39 years,1999,51918503.19563775,GBD 2023
China,Male,35-39 years,2000,56501170.19880946,GBD 2023
China,Male,35-39 years,2001,60418929.65200911,GBD 2023
China,Male,35-39 years,2002,63303568.75174474,GBD 2023
China,Male,35-39 years,2003,64760238.70864987,GBD 2023
China,Male,35-39 years,2004,65245690.95758511,GBD 2023
China,Male,35-39 years,2005,65163576.31261872,GBD 2023
China,Male,35-39 years,2006,64870224.380736165,GBD 2023
China,Male,35-39 years,2007,64373178.66132106,GBD 2023
China,Male,35-39 years,2008,63670728.43340621,GBD 2023
China,Male,35-39 years,2009,62469578.00334341,GBD 2023
China,Male,35-39 years,2010,60624676.002251714,GBD 2023
China,Male,35-39 years,2011,58181043.6958833,GBD 2023
China,Male,35-39 years,2012,55423066.06514603,GBD 2023
China,Male,35-39 years,2013,52771632.649582975,GBD 2023
China,Male,35-39 years,2014,50669366.18122334,GBD 2023
China,Male,35-39 years,2015,49233145.29013449,GBD 2023
China,Male,35-39 years,2016,48277060.71698429,GBD 2023
China,Male,35-39 years,2017,47765659.37940603,GBD 2023
China,Male,35-39 years,2018,47960293.02882768,GBD 2023
China,Male,35-39 years,2019,49088885.1174783,GBD 2023
China,Male,35-39 years,2020,51221336.878505975,GBD 2023
China,Male,35-39 years,2021,54301514.401388064,GBD 2023
China,Male,35-39 years,2022,57741229.57738858,GBD 2023
China,Male,35-39 years,2023,60809652.51521962,GBD 2023
China,Male,40-44 years,1990,35283594.32994521,GBD 2023
China,Male,40-44 years,1991,37269040.36682386,GBD 2023
China,Male,40-44 years,1992,39155248.77843801,GBD 2023
China,Male,40-44 years,1993,41884295.41568928,GBD 2023
China,Male,40-44 years,1994,43386783.93954855,GBD 2023
China,Male,40-44 years,1995,46069144.19926336,GBD 2023
China,Male,40-44 years,1996,47580726.49798563,GBD 2023
China,Male,40-44 years,1997,47999852.81463902,GBD 2023
China,Male,40-44 years,1998,46842706.66921788,GBD 2023
China,Male,40-44 years,1999,44737985.21458654,GBD 2023
China,Male,40-44 years,2000,42677995.99237372,GBD 2023
China,Male,40-44 years,2001,41763568.92938162,GBD 2023
China,Male,40-44 years,2002,42709041.08920493,GBD 2023
China,Male,40-44 years,2003,45862075.83531525,GBD 2023
China,Male,40-44 years,2004,50262293.07508313,GBD 2023
China,Male,40-44 years,2005,54899864.820560776,GBD 2023
China,Male,40-44 years,2006,58872395.28443166,GBD 2023
China,Male,40-44 years,2007,61817767.47816309,GBD 2023
China,Male,40-44 years,2008,63342424.87066109,GBD 2023
China,Male,40-44 years,2009,63889048.44903378,GBD 2023
China,Male,40-44 years,2010,63855492.25522139,GBD 2023
China,Male,40-44 years,2011,63595369.31239073,GBD 2023
China,Male,40-44 years,2012,63113784.70078723,GBD 2023
China,Male,40-44 years,2013,62408556.44320168,GBD 2023
China,Male,40-44 years,2014,61193437.570047714,GBD 2023
China,Male,40-44 years,2015,59330757.72396071,GBD 2023
China,Male,40-44 years,2016,56871606.781493865,GBD 2023
China,Male,40-44 years,2017,54103708.23081007,GBD 2023
China,Male,40-44 years,2018,51447559.02461677,GBD 2023
China,Male,40-44 years,2019,49343244.90823092,GBD 2023
China,Male,40-44 years,2020,47912094.21853122,GBD 2023
China,Male,40-44 years,2021,46978231.53754471,GBD 2023
China,Male,40-44 years,2022,46496122.99411569,GBD 2023
China,Male,40-44 years,2023,46716567.11843333,GBD 2023
China,Male,45-49 years,1990,27312208.791170254,GBD 2023
China,Male,45-49 years,1991,28248737.507113744,GBD 2023
China,Male,45-49 years,1992,29487554.291225053,GBD 2023
China,Male,45-49 years,1993,30381518.809570204,GBD 2023
China,Male,45-49 years,1994,33079896.44374556,GBD 2023
China,Male,45-49 years,1995,34537228.672067724,GBD 2023
China,Male,45-49 years,1996,36283684.171230815,GBD 2023
China,Male,45-49 years,1997,37936867.62014285,GBD 2023
China,Male,45-49 years,1998,40420117.79648425,GBD 2023
China,Male,45-49 years,1999,41748582.47326908,GBD 2023
China,Male,45-49 years,2000,44271248.60459757,GBD 2023
China,Male,45-49 years,2001,45745447.94295166,GBD 2023
China,Male,45-49 years,2002,46245113.26296904,GBD 2023
China,Male,45-49 years,2003,45275477.84235734,GBD 2023
China,Male,45-49 years,2004,43401164.17995776,GBD 2023
China,Male,45-49 years,2005,41552867.38270698,GBD 2023
China,Male,45-49 years,2006,40789158.93055015,GBD 2023
China,Male,45-49 years,2007,41828445.888857074,GBD 2023
China,Male,45-49 years,2008,45027633.264239535,GBD 2023
China,Male,45-49 years,2009,49450835.25869302,GBD 2023
China,Male,45-49 years,2010,54095446.52422387,GBD 2023
China,Male,45-49 years,2011,58051959.4762625,GBD 2023
China,Male,45-49 years,2012,60960822.64444351,GBD 2023
China,Male,45-49 years,2013,62441274.861473456,GBD 2023
China,Male,45-49 years,2014,62944386.05404285,GBD 2023
China,Male,45-49 years,2015,62879309.275281206,GBD 2023
China,Male,45-49 years,2016,62610935.73725833,GBD 2023
China,Male,45-49 years,2017,62137818.11579682,GBD 2023
China,Male,45-49 years,2018,61454701.315559976,GBD 2023
China,Male,45-49 years,2019,60276051.05904639,GBD 2023
China,Male,45-49 years,2020,58459387.7545253,GBD 2023
China,Male,45-49 years,2021,56043831.81229632,GBD 2023
China,Male,45-49 years,2022,53315480.2787586,GBD 2023
China,Male,45-49 years,2023,50693937.38286563,GBD 2023
China,Male,5-9 years,1990,54382227.14583449,GBD 2023
China,Male,5-9 years,1991,56471382.4044351,GBD 2023
China,Male,5-9 years,1992,58662100.451736085,GBD 2023
China,Male,5-9 years,1993,60475872.52354072,GBD 2023
China,Male,5-9 years,1994,61522764.48450756,GBD 2023
China,Male,5-9 years,1995,61557270.34501819,GBD 2023
China,Male,5-9 years,1996,60374514.49096254,GBD 2023
China,Male,5-9 years,1997,58206168.12840305,GBD 2023
China,Male,5-9 years,1998,55318834.12888783,GBD 2023
China,Male,5-9 years,1999,52029473.0216607,GBD 2023
China,Male,5-9 years,2000,48817858.4461301,GBD 2023
China,Male,5-9 years,2001,46248506.48859686,GBD 2023
China,Male,5-9 years,2002,44175389.5115686,GBD 2023
China,Male,5-9 years,2003,42409106.391553804,GBD 2023
China,Male,5-9 years,2004,40869278.31700856,GBD 2023
China,Male,5-9 years,2005,39585524.88533802,GBD 2023
China,Male,5-9 years,2006,38648153.83376092,GBD 2023
China,Male,5-9 years,2007,38098247.25884418,GBD 2023
China,Male,5-9 years,2008,37908681.03621423,GBD 2023
China,Male,5-9 years,2009,38077556.41327169,GBD 2023
China,Male,5-9 years,2010,38604805.03391643,GBD 2023
China,Male,5-9 years,2011,39462875.330910034,GBD 2023
China,Male,5-9 years,2012,40634159.087931976,GBD 2023
China,Male,5-9 years,2013,42033663.90623799,GBD 2023
China,Male,5-9 years,2014,43394774.11917243,GBD 2023
China,Male,5-9 years,2015,44204414.24591612,GBD 2023
China,Male,5-9 years,2016,44388300.49606532,GBD 2023
China,Male,5-9 years,2017,44687724.65954505,GBD 2023
China,Male,5-9 years,2018,45365628.356425725,GBD 2023
China,Male,5-9 years,2019,46270165.678984456,GBD 2023
China,Male,5-9 years,2020,48046810.71861608,GBD 2023
China,Male,5-9 years,2021,50804395.68386745,GBD 2023
China,Male,5-9 years,2022,53035485.2735115,GBD 2023
China,Male,5-9 years,2023,53748923.7990593,GBD 2023
China,Male,50-54 years,1990,25323742.121751267,GBD 2023
China,Male,50-54 years,1991,25277986.946769472,GBD 2023
China,Male,50-54 years,1992,25285312.284492563,GBD 2023
China,Male,50-54 years,1993,25532490.330820456,GBD 2023
China,Male,50-54 years,1994,25694056.52810465,GBD 2023
China,Male,50-54 years,1995,26045319.989217464,GBD 2023
China,Male,50-54 years,1996,26892236.79857096,GBD 2023
China,Male,50-54 years,1997,28071377.129503638,GBD 2023
China,Male,50-54 years,1998,28950703.01526007,GBD 2023
China,Male,50-54 years,1999,31591222.584930785,GBD 2023
China,Male,50-54 years,2000,33051787.690851506,GBD 2023
China,Male,50-54 years,2001,34812478.57999559,GBD 2023
China,Male,50-54 years,2002,36504917.24501711,GBD 2023
China,Male,50-54 years,2003,39011348.61938679,GBD 2023
China,Male,50-54 years,2004,40438353.31737556,GBD 2023
China,Male,50-54 years,2005,43010658.73437748,GBD 2023
China,Male,50-54 years,2006,44553335.22359065,GBD 2023
China,Male,50-54 years,2007,45122375.63760903,GBD 2023
China,Male,50-54 years,2008,44234753.664134,GBD 2023
China,Male,50-54 years,2009,42446438.239954464,GBD 2023
China,Male,50-54 years,2010,40674270.34274252,GBD 2023
China,Male,50-54 years,2011,39958724.01106622,GBD 2023
China,Male,50-54 years,2012,41005321.14430369,GBD 2023
China,Male,50-54 years,2013,44157699.04940014,GBD 2023
China,Male,50-54 years,2014,48488306.51233528,GBD 2023
China,Male,50-54 years,2015,53007353.53287392,GBD 2023
China,Male,50-54 years,2016,56823324.76748235,GBD 2023
China,Male,50-54 years,2017,59599923.10313448,GBD 2023
China,Male,50-54 years,2018,60990823.2523687,GBD 2023
China,Male,50-54 years,2019,61454971.01297346,GBD 2023
China,Male,50-54 years,2020,61397950.61210289,GBD 2023
China,Male,50-54 years,2021,61168812.847266495,GBD 2023
China,Male,50-54 years,2022,60740014.29139725,GBD 2023
China,Male,50-54 years,2023,60097790.08189067,GBD 2023
China,Male,55-59 years,1990,22797742.113009475,GBD 2023
China,Male,55-59 years,1991,23298987.480685703,GBD 2023
China,Male,55-59 years,1992,23693018.48485277,GBD 2023
China,Male,55-59 years,1993,23865167.43319268,GBD 2023
China,Male,55-59 years,1994,23848607.96002729,GBD 2023
China,Male,55-59 years,1995,23772416.223912213,GBD 2023
China,Male,55-59 years,1996,23650437.844847277,GBD 2023
China,Male,55-59 years,1997,23594898.839785226,GBD 2023
China,Male,55-59 years,1998,23784527.89893657,GBD 2023
China,Male,55-59 years,1999,23922707.758159958,GBD 2023
China,Male,55-59 years,2000,24275038.67246124,GBD 2023
China,Male,55-59 years,2001,25138594.942456767,GBD 2023
China,Male,55-59 years,2002,26345055.159398463,GBD 2023
China,Male,55-59 years,2003,27282815.93967206,GBD 2023
China,Male,55-59 years,2004,29900614.50526997,GBD 2023
China,Male,55-59 years,2005,31393939.22176868,GBD 2023
China,Male,55-59 years,2006,33173607.03499581,GBD 2023
China,Male,55-59 years,2007,34881330.302047774,GBD 2023
China,Male,55-59 years,2008,37361151.46162396,GBD 2023
China,Male,55-59 years,2009,38799919.64253727,GBD 2023
China,Male,55-59 years,2010,41322132.34392801,GBD 2023
China,Male,55-59 years,2011,42836537.33311008,GBD 2023
China,Male,55-59 years,2012,43397286.48649186,GBD 2023
China,Male,55-59 years,2013,42547638.737254284,GBD 2023
China,Male,55-59 years,2014,40829480.92666938,GBD 2023
China,Male,55-59 years,2015,39130134.34423864,GBD 2023
China,Male,55-59 years,2016,38457747.21159356,GBD 2023
China,Male,55-59 years,2017,39483257.828477606,GBD 2023
China,Male,55-59 years,2018,42539855.68233773,GBD 2023
China,Male,55-59 years,2019,46739519.7316141,GBD 2023
China,Male,55-59 years,2020,51131995.4594526,GBD 2023
China,Male,55-59 years,2021,54838655.90673254,GBD 2023
China,Male,55-59 years,2022,57519976.2494992,GBD 2023
China,Male,55-59 years,2023,58889923.94569967,GBD 2023
China,Male,60-64 years,1990,18266060.67802397,GBD 2023
China,Male,60-64 years,1991,18814642.858832054,GBD 2023
China,Male,60-64 years,1992,19312564.33095112,GBD 2023
China,Male,60-64 years,1993,19759559.15986129,GBD 2023
China,Male,60-64 years,1994,20278578.77288184,GBD 2023
China,Male,60-64 years,1995,20708350.831191447,GBD 2023
China,Male,60-64 years,1996,21155569.57025915,GBD 2023
China,Male,60-64 years,1997,21541306.341792237,GBD 2023
China,Male,60-64 years,1998,21749299.506622285,GBD 2023
China,Male,60-64 years,1999,21807136.732547395,GBD 2023
China,Male,60-64 years,2000,21820330.911798745,GBD 2023
China,Male,60-64 years,2001,21796878.31487546,GBD 2023
China,Male,60-64 years,2002,21847039.879831742,GBD 2023
China,Male,60-64 years,2003,22137065.679141905,GBD 2023
China,Male,60-64 years,2004,22390310.23161058,GBD 2023
China,Male,60-64 years,2005,22848654.007037945,GBD 2023
China,Male,60-64 years,2006,23779042.166331027,GBD 2023
China,Male,60-64 years,2007,25020907.66048352,GBD 2023
China,Male,60-64 years,2008,25988574.26429269,GBD 2023
China,Male,60-64 years,2009,28545447.40573929,GBD 2023
China,Male,60-64 years,2010,30008106.877348907,GBD 2023
China,Male,60-64 years,2011,31734698.30897916,GBD 2023
China,Male,60-64 years,2012,33383503.27022863,GBD 2023
China,Male,60-64 years,2013,35754729.111897044,GBD 2023
China,Male,60-64 years,2014,37139908.13165384,GBD 2023
China,Male,60-64 years,2015,39523937.59906516,GBD 2023
China,Male,60-64 years,2016,40915548.39041827,GBD 2023
China,Male,60-64 years,2017,41371121.11987882,GBD 2023
China,Male,60-64 years,2018,40493149.64473756,GBD 2023
China,Male,60-64 years,2019,38828570.39026842,GBD 2023
China,Male,60-64 years,2020,37225842.231805176,GBD 2023
China,Male,60-64 years,2021,36621902.259231925,GBD 2023
China,Male,60-64 years,2022,37618505.6116377,GBD 2023
China,Male,60-64 years,2023,40529237.205997206,GBD 2023
China,Male,65-69 years,1990,13474959.733641988,GBD 2023
China,Male,65-69 years,1991,13874865.75525071,GBD 2023
China,Male,65-69 years,1992,14268332.46014767,GBD 2023
China,Male,65-69 years,1993,14714158.167485656,GBD 2023
China,Male,65-69 years,1994,15170903.175962228,GBD 2023
China,Male,65-69 years,1995,15648011.114396464,GBD 2023
China,Male,65-69 years,1996,16098174.687841456,GBD 2023
China,Male,65-69 years,1997,16514280.215371396,GBD 2023
China,Male,65-69 years,1998,16898248.494942173,GBD 2023
China,Male,65-69 years,1999,17361102.320724707,GBD 2023
China,Male,65-69 years,2000,17770110.77899265,GBD 2023
China,Male,65-69 years,2001,18226513.712800004,GBD 2023
China,Male,65-69 years,2002,18654128.603168234,GBD 2023
China,Male,65-69 years,2003,18943448.855129667,GBD 2023
China,Male,65-69 years,2004,19119652.81720712,GBD 2023
China,Male,65-69 years,2005,19269779.7145722,GBD 2023
China,Male,65-69 years,2006,19399705.098488458,GBD 2023
China,Male,65-69 years,2007,19593174.104492597,GBD 2023
China,Male,65-69 years,2008,19988032.771899905,GBD 2023
China,Male,65-69 years,2009,20330592.692753464,GBD 2023
China,Male,65-69 years,2010,20842027.17881365,GBD 2023
China,Male,65-69 years,2011,21766596.930983014,GBD 2023
China,Male,65-69 years,2012,22959160.57350173,GBD 2023
China,Male,65-69 years,2013,23876431.75205789,GBD 2023
China,Male,65-69 years,2014,26259532.519643,GBD 2023
China,Male,65-69 years,2015,27592730.78438451,GBD 2023
China,Male,65-69 years,2016,29173872.2052336,GBD 2023
China,Male,65-69 years,2017,30683573.453153912,GBD 2023
China,Male,65-69 years,2018,32880637.941507824,GBD 2023
China,Male,65-69 years,2019,34256135.683620885,GBD 2023
China,Male,65-69 years,2020,36576834.490204245,GBD 2023
China,Male,65-69 years,2021,37987233.34013385,GBD 2023
China,Male,65-69 years,2022,38482612.79962201,GBD 2023
China,Male,65-69 years,2023,37699359.74912036,GBD 2023
China,Male,70-74 years,1990,8749866.771139756,GBD 2023
China,Male,70-74 years,1991,9034513.007220097,GBD 2023
China,Male,70-74 years,1992,9343928.197176885,GBD 2023
China,Male,70-74 years,1993,9669753.439596716,GBD 2023
China,Male,70-74 years,1994,10079422.772930162,GBD 2023
China,Male,70-74 years,1995,10479994.728816904,GBD 2023
China,Male,70-74 years,1996,10845048.476415506,GBD 2023
China,Male,70-74 years,1997,11224274.822751625,GBD 2023
China,Male,70-74 years,1998,11654654.846282404,GBD 2023
China,Male,70-74 years,1999,12098794.0030348,GBD 2023
China,Male,70-74 years,2000,12561238.857251965,GBD 2023
China,Male,70-74 years,2001,12996422.931572122,GBD 2023
China,Male,70-74 years,2002,13410123.290430944,GBD 2023
China,Male,70-74 years,2003,13812334.184325956,GBD 2023
China,Male,70-74 years,2004,14301145.95837036,GBD 2023
China,Male,70-74 years,2005,14764368.354220092,GBD 2023
China,Male,70-74 years,2006,15268400.184265524,GBD 2023
China,Male,70-74 years,2007,15736470.741604462,GBD 2023
China,Male,70-74 years,2008,16066686.266348826,GBD 2023
China,Male,70-74 years,2009,16292862.484704776,GBD 2023
China,Male,70-74 years,2010,16493105.150811411,GBD 2023
China,Male,70-74 years,2011,16681235.9462446,GBD 2023
China,Male,70-74 years,2012,16930877.1848945,GBD 2023
China,Male,70-74 years,2013,17357404.091823433,GBD 2023
China,Male,70-74 years,2014,17730025.145289738,GBD 2023
China,Male,70-74 years,2015,18233528.7072775,GBD 2023
China,Male,70-74 years,2016,19076906.18619342,GBD 2023
China,Male,70-74 years,2017,20133001.93285176,GBD 2023
China,Male,70-74 years,2018,20945695.763818707,GBD 2023
China,Male,70-74 years,2019,23100850.74420461,GBD 2023
China,Male,70-74 years,2020,24359768.616041955,GBD 2023
China,Male,70-74 years,2021,25869670.935179427,GBD 2023
China,Male,70-74 years,2022,27292696.794567287,GBD 2023
China,Male,70-74 years,2023,29328260.120769765,GBD 2023
China,Male,75-79 years,1990,4913435.862652998,GBD 2023
China,Male,75-79 years,1991,5099274.269516367,GBD 2023
China,Male,75-79 years,1992,5283455.549940814,GBD 2023
China,Male,75-79 years,1993,5473995.223618078,GBD 2023
China,Male,75-79 years,1994,5615450.059636985,GBD 2023
China,Male,75-79 years,1995,5816761.426970876,GBD 2023
China,Male,75-79 years,1996,6051940.525487869,GBD 2023
China,Male,75-79 years,1997,6314926.5457601845,GBD 2023
China,Male,75-79 years,1998,6592549.835599028,GBD 2023
China,Male,75-79 years,1999,6928507.14065667,GBD 2023
China,Male,75-79 years,2000,7266661.958777105,GBD 2023
China,Male,75-79 years,2001,7587144.022635868,GBD 2023
China,Male,75-79 years,2002,7928776.818357495,GBD 2023
China,Male,75-79 years,2003,8320067.500205833,GBD 2023
China,Male,75-79 years,2004,8739734.710359368,GBD 2023
China,Male,75-79 years,2005,9194465.538118536,GBD 2023
China,Male,75-79 years,2006,9635948.490193533,GBD 2023
China,Male,75-79 years,2007,10056445.38639095,GBD 2023
China,Male,75-79 years,2008,10455198.64782616,GBD 2023
China,Male,75-79 years,2009,10912516.394944012,GBD 2023
China,Male,75-79 years,2010,11346699.835597714,GBD 2023
China,Male,75-79 years,2011,11813638.114562778,GBD 2023
China,Male,75-79 years,2012,12264975.801717348,GBD 2023
China,Male,75-79 years,2013,12624682.951007051,GBD 2023
China,Male,75-79 years,2014,12919324.606474202,GBD 2023
China,Male,75-79 years,2015,13187486.482531188,GBD 2023
China,Male,75-79 years,2016,13420624.608617043,GBD 2023
China,Male,75-79 years,2017,13666241.2729835,GBD 2023
China,Male,75-79 years,2018,14039088.985946884,GBD 2023
China,Male,75-79 years,2019,14381626.563055046,GBD 2023
China,Male,75-79 years,2020,14858193.85709148,GBD 2023
China,Male,75-79 years,2021,15617963.07936285,GBD 2023
China,Male,75-79 years,2022,16528421.450708147,GBD 2023
China,Male,75-79 years,2023,17230285.422408316,GBD 2023
China,Male,80-84 years,1990,2087071.153906084,GBD 2023
China,Male,80-84 years,1991,2185019.9962466,GBD 2023
China,Male,80-84 years,1992,2294807.996623276,GBD 2023
China,Male,80-84 years,1993,2393979.8691144823,GBD 2023
China,Male,80-84 years,1994,2505038.0899506896,GBD 2023
China,Male,80-84 years,1995,2620646.710402919,GBD 2023
China,Male,80-84 years,1996,2743146.148677472,GBD 2023
China,Male,80-84 years,1997,2871652.882339437,GBD 2023
China,Male,80-84 years,1998,3003503.4901472474,GBD 2023
China,Male,80-84 years,1999,3108665.868615587,GBD 2023
China,Male,80-84 years,2000,3255001.703502126,GBD 2023
China,Male,80-84 years,2001,3429007.143166266,GBD 2023
China,Male,80-84 years,2002,3627638.817108584,GBD 2023
China,Male,80-84 years,2003,3841828.3728797166,GBD 2023
China,Male,80-84 years,2004,4099537.114527913,GBD 2023
China,Male,80-84 years,2005,4377018.474132441,GBD 2023
China,Male,80-84 years,2006,4654849.130892397,GBD 2023
China,Male,80-84 years,2007,4947948.393926523,GBD 2023
China,Male,80-84 years,2008,5267340.332371286,GBD 2023
China,Male,80-84 years,2009,5602206.249243584,GBD 2023
China,Male,80-84 years,2010,5962365.799503811,GBD 2023
China,Male,80-84 years,2011,6316146.205590899,GBD 2023
China,Male,80-84 years,2012,6668819.521086053,GBD 2023
China,Male,80-84 years,2013,7026869.212715705,GBD 2023
China,Male,80-84 years,2014,7442550.568253428,GBD 2023
China,Male,80-84 years,2015,7837329.156063559,GBD 2023
China,Male,80-84 years,2016,8217920.923157437,GBD 2023
China,Male,80-84 years,2017,8538690.855201997,GBD 2023
China,Male,80-84 years,2018,8780235.836967021,GBD 2023
China,Male,80-84 years,2019,9015404.026690312,GBD 2023
China,Male,80-84 years,2020,9274791.61240096,GBD 2023
China,Male,80-84 years,2021,9521560.624135196,GBD 2023
China,Male,80-84 years,2022,9762097.831512982,GBD 2023
China,Male,80-84 years,2023,10062361.62057277,GBD 2023
China,Male,85-89 years,1990,634544.0718677341,GBD 2023
China,Male,85-89 years,1991,676901.4588837153,GBD 2023
China,Male,85-89 years,1992,713626.1103562651,GBD 2023
China,Male,85-89 years,1993,745934.2914546238,GBD 2023
China,Male,85-89 years,1994,772109.4615124317,GBD 2023
China,Male,85-89 years,1995,803179.2875451839,GBD 2023
China,Male,85-89 years,1996,852090.0906347836,GBD 2023
China,Male,85-89 years,1997,907327.7412008368,GBD 2023
China,Male,85-89 years,1998,957547.8900170326,GBD 2023
China,Male,85-89 years,1999,1013499.52510544,GBD 2023
China,Male,85-89 years,2000,1073574.1911107055,GBD 2023
China,Male,85-89 years,2001,1141343.2922395037,GBD 2023
China,Male,85-89 years,2002,1216637.3890510148,GBD 2023
China,Male,85-89 years,2003,1297840.5222027604,GBD 2023
China,Male,85-89 years,2004,1372857.2776833596,GBD 2023
China,Male,85-89 years,2005,1475930.7355583636,GBD 2023
China,Male,85-89 years,2006,1598724.2770348503,GBD 2023
China,Male,85-89 years,2007,1735583.779526387,GBD 2023
China,Male,85-89 years,2008,1878923.4113902904,GBD 2023
China,Male,85-89 years,2009,2043397.7258059315,GBD 2023
China,Male,85-89 years,2010,2222205.613968339,GBD 2023
China,Male,85-89 years,2011,2404902.5004436867,GBD 2023
China,Male,85-89 years,2012,2601638.157875322,GBD 2023
China,Male,85-89 years,2013,2820556.077141473,GBD 2023
China,Male,85-89 years,2014,3053951.6390621746,GBD 2023
China,Male,85-89 years,2015,3298297.794420563,GBD 2023
China,Male,85-89 years,2016,3517993.4954889105,GBD 2023
China,Male,85-89 years,2017,3713836.4974435545,GBD 2023
China,Male,85-89 years,2018,3915206.046380798,GBD 2023
China,Male,85-89 years,2019,4184421.207143129,GBD 2023
China,Male,85-89 years,2020,4478449.056679675,GBD 2023
China,Male,85-89 years,2021,4757131.262724991,GBD 2023
China,Male,85-89 years,2022,4952095.969193392,GBD 2023
China,Male,85-89 years,2023,5106160.790892115,GBD 2023
China,Male,90-94 years,1990,100627.70670671496,GBD 2023
China,Male,90-94 years,1991,115209.47453724184,GBD 2023
China,Male,90-94 years,1992,132440.16016914076,GBD 2023
China,Male,90-94 years,1993,145638.14093329135,GBD 2023
China,Male,90-94 years,1994,160012.9848477433,GBD 2023
China,Male,90-94 years,1995,175244.32461061137,GBD 2023
China,Male,90-94 years,1996,189731.49171413583,GBD 2023
China,Male,90-94 years,1997,202919.3094295337,GBD 2023
China,Male,90-94 years,1998,214280.50763879484,GBD 2023
China,Male,90-94 years,1999,223620.77719016495,GBD 2023
China,Male,90-94 years,2000,234879.34378750363,GBD 2023
China,Male,90-94 years,2001,252262.8001862263,GBD 2023
China,Male,90-94 years,2002,272446.8595372445,GBD 2023
China,Male,90-94 years,2003,291921.6432854312,GBD 2023
China,Male,90-94 years,2004,314997.2410821736,GBD 2023
China,Male,90-94 years,2005,341223.18653323874,GBD 2023
China,Male,90-94 years,2006,372850.1776198247,GBD 2023
China,Male,90-94 years,2007,409917.5184947246,GBD 2023
China,Male,90-94 years,2008,449423.13521496265,GBD 2023
China,Male,90-94 years,2009,486937.3553642741,GBD 2023
China,Male,90-94 years,2010,538102.5509073152,GBD 2023
China,Male,90-94 years,2011,596711.5711009802,GBD 2023
China,Male,90-94 years,2012,661762.3984646803,GBD 2023
China,Male,90-94 years,2013,729262.3788750865,GBD 2023
China,Male,90-94 years,2014,805867.6328317964,GBD 2023
China,Male,90-94 years,2015,888021.7359959987,GBD 2023
China,Male,90-94 years,2016,967319.5563363744,GBD 2023
China,Male,90-94 years,2017,1048569.6108021544,GBD 2023
China,Male,90-94 years,2018,1141953.6432905125,GBD 2023
China,Male,90-94 years,2019,1254457.4450541346,GBD 2023
China,Male,90-94 years,2020,1386870.5627411494,GBD 2023
China,Male,90-94 years,2021,1501308.435941837,GBD 2023
China,Male,90-94 years,2022,1603579.132874262,GBD 2023
China,Male,90-94 years,2023,1702415.291695552,GBD 2023
China,Male,95+ years,1990,15987.981477958643,GBD 2023
China,Male,95+ years,1991,17846.5990368418,GBD 2023
China,Male,95+ years,1992,19685.74721351352,GBD 2023
China,Male,95+ years,1993,20979.983617780937,GBD 2023
China,Male,95+ years,1994,22080.19487633185,GBD 2023
China,Male,95+ years,1995,24006.19551442268,GBD 2023
China,Male,95+ years,1996,27857.757395666813,GBD 2023
China,Male,95+ years,1997,32379.95166807691,GBD 2023
China,Male,95+ years,1998,35901.57784705875,GBD 2023
China,Male,95+ years,1999,39640.46475446617,GBD 2023
China,Male,95+ years,2000,43771.75371634135,GBD 2023
China,Male,95+ years,2001,48107.587994795926,GBD 2023
China,Male,95+ years,2002,52279.78865323301,GBD 2023
China,Male,95+ years,2003,55878.51519998472,GBD 2023
China,Male,95+ years,2004,59255.29198703228,GBD 2023
China,Male,95+ years,2005,63301.87599888703,GBD 2023
China,Male,95+ years,2006,69291.81724538888,GBD 2023
China,Male,95+ years,2007,76473.93883061236,GBD 2023
China,Male,95+ years,2008,83509.01435259017,GBD 2023
China,Male,95+ years,2009,91623.96301768652,GBD 2023
China,Male,95+ years,2010,101559.9161169906,GBD 2023
China,Male,95+ years,2011,113427.85440589816,GBD 2023
China,Male,95+ years,2012,127021.7100480962,GBD 2023
China,Male,95+ years,2013,141431.84290537777,GBD 2023
China,Male,95+ years,2014,155914.6330833101,GBD 2023
China,Male,95+ years,2015,174462.91496182824,GBD 2023
China,Male,95+ years,2016,195921.22504709475,GBD 2023
China,Male,95+ years,2017,219568.8257652902,GBD 2023
China,Male,95+ years,2018,245027.04491776577,GBD 2023
China,Male,95+ years,2019,275177.9732140865,GBD 2023
China,Male,95+ years,2020,310693.3709293287,GBD 2023
China,Male,95+ years,2021,346335.8279435403,GBD 2023
China,Male,95+ years,2022,383573.8274542064,GBD 2023
China,Male,95+ years,2023,423704.33358751726,GBD 2023
United States of America,Female,0-4 years,1990,9640840.251823545,GBD 2023
United States of America,Female,0-4 years,1991,9804770.28333203,GBD 2023
United States of America,Female,0-4 years,1992,9917296.118473012,GBD 2023
United States of America,Female,0-4 years,1993,9954803.300520778,GBD 2023
United States of America,Female,0-4 years,1994,9914668.389819812,GBD 2023
United States of America,Female,0-4 years,1995,9809643.492872825,GBD 2023
United States of America,Female,0-4 years,1996,9689615.403089607,GBD 2023
United States of America,Female,0-4 years,1997,9592118.416773558,GBD 2023
United States of America,Female,0-4 years,1998,9535647.64969165,GBD 2023
United States of America,Female,0-4 years,1999,9521423.772193246,GBD 2023
United States of America,Female,0-4 years,2000,9543313.406473342,GBD 2023
United States of America,Female,0-4 years,2001,9624738.747971475,GBD 2023
United States of America,Female,0-4 years,2002,9697785.87325997,GBD 2023
United States of America,Female,0-4 years,2003,9754696.640126085,GBD 2023
United States of America,Female,0-4 years,2004,9811670.5953071,GBD 2023
United States of America,Female,0-4 years,2005,9864384.006276974,GBD 2023
United States of America,Female,0-4 years,2006,9944511.52935851,GBD 2023
United States of America,Female,0-4 years,2007,10037964.315216647,GBD 2023
United States of America,Female,0-4 years,2008,10101036.067223657,GBD 2023
United States of America,Female,0-4 years,2009,10097455.696584042,GBD 2023
United States of America,Female,0-4 years,2010,10039366.591735637,GBD 2023
United States of America,Female,0-4 years,2011,9936275.349256989,GBD 2023
United States of America,Female,0-4 years,2012,9811950.231971404,GBD 2023
United States of America,Female,0-4 years,2013,9706044.242736189,GBD 2023
United States of America,Female,0-4 years,2014,9663640.873533253,GBD 2023
United States of America,Female,0-4 years,2015,9675672.674083734,GBD 2023
United States of America,Female,0-4 years,2016,9696573.609180149,GBD 2023
United States of America,Female,0-4 years,2017,9685973.432363704,GBD 2023
United States of America,Female,0-4 years,2018,9626588.046974804,GBD 2023
United States of America,Female,0-4 years,2019,9511610.103194004,GBD 2023
United States of America,Female,0-4 years,2020,9357938.154967103,GBD 2023
United States of America,Female,0-4 years,2021,9210149.704093045,GBD 2023
United States of America,Female,0-4 years,2022,9122374.75932534,GBD 2023
United States of America,Female,0-4 years,2023,9059595.402899249,GBD 2023
United States of America,Female,10-14 years,1990,8585544.576935284,GBD 2023
United States of America,Female,10-14 years,1991,8819658.507943947,GBD 2023
United States of America,Female,10-14 years,1992,9009445.319267452,GBD 2023
United States of America,Female,10-14 years,1993,9167576.482856609,GBD 2023
United States of America,Female,10-14 years,1994,9284723.992681583,GBD 2023
United States of America,Female,10-14 years,1995,9361961.319707189,GBD 2023
United States of America,Female,10-14 years,1996,9445343.408650208,GBD 2023
United States of America,Female,10-14 years,1997,9548551.247483466,GBD 2023
United States of America,Female,10-14 years,1998,9681141.837968083,GBD 2023
United States of America,Female,10-14 years,1999,9867092.330200473,GBD 2023
United States of America,Female,10-14 years,2000,10067172.204569448,GBD 2023
United States of America,Female,10-14 years,2001,10256131.021993984,GBD 2023
United States of America,Female,10-14 years,2002,10410852.899034347,GBD 2023
United States of America,Female,10-14 years,2003,10485323.923186958,GBD 2023
United States of America,Female,10-14 years,2004,10485128.260194285,GBD 2023
United States of America,Female,10-14 years,2005,10400237.276166417,GBD 2023
United States of America,Female,10-14 years,2006,10291533.007422198,GBD 2023
United States of America,Female,10-14 years,2007,10195123.994434882,GBD 2023
United States of America,Female,10-14 years,2008,10140852.53665764,GBD 2023
United States of America,Female,10-14 years,2009,10129194.95144867,GBD 2023
United States of America,Female,10-14 years,2010,10162737.494910438,GBD 2023
United States of America,Female,10-14 years,2011,10213808.68681897,GBD 2023
United States of America,Female,10-14 years,2012,10253947.391012616,GBD 2023
United States of America,Female,10-14 years,2013,10292028.38209944,GBD 2023
United States of America,Female,10-14 years,2014,10330077.880426874,GBD 2023
United States of America,Female,10-14 years,2015,10359838.056300554,GBD 2023
United States of America,Female,10-14 years,2016,10420203.87626401,GBD 2023
United States of America,Female,10-14 years,2017,10522638.33671257,GBD 2023
United States of America,Female,10-14 years,2018,10605228.122924607,GBD 2023
United States of America,Female,10-14 years,2019,10619466.319021195,GBD 2023
United States of America,Female,10-14 years,2020,10578681.000346417,GBD 2023
United States of America,Female,10-14 years,2021,10478037.010310914,GBD 2023
United States of America,Female,10-14 years,2022,10358325.754573211,GBD 2023
United States of America,Female,10-14 years,2023,10253410.615577685,GBD 2023
United States of America,Female,15-19 years,1990,8841756.767729817,GBD 2023
United States of America,Female,15-19 years,1991,8600194.695424458,GBD 2023
United States of America,Female,15-19 years,1992,8542572.100206964,GBD 2023
United States of America,Female,15-19 years,1993,8628830.546040405,GBD 2023
United States of America,Female,15-19 years,1994,8806269.913854895,GBD 2023
United States of America,Female,15-19 years,1995,9035284.152722264,GBD 2023
United States of America,Female,15-19 years,1996,9281633.245218497,GBD 2023
United States of America,Female,15-19 years,1997,9482137.65807334,GBD 2023
United States of America,Female,15-19 years,1998,9646953.869880786,GBD 2023
United States of America,Female,15-19 years,1999,9762247.222965054,GBD 2023
United States of America,Female,15-19 years,2000,9825806.437611897,GBD 2023
United States of America,Female,15-19 years,2001,9909400.08719578,GBD 2023
United States of America,Female,15-19 years,2002,9993714.292972576,GBD 2023
United States of America,Female,15-19 years,2003,10098399.189945232,GBD 2023
United States of America,Female,15-19 years,2004,10272456.501386669,GBD 2023
United States of America,Female,15-19 years,2005,10466715.062676528,GBD 2023
United States of America,Female,15-19 years,2006,10649765.161776507,GBD 2023
United States of America,Female,15-19 years,2007,10799294.050554894,GBD 2023
United States of America,Female,15-19 years,2008,10871224.867914757,GBD 2023
United States of America,Female,15-19 years,2009,10856838.862942452,GBD 2023
United States of America,Female,15-19 years,2010,10750370.191605013,GBD 2023
United States of America,Female,15-19 years,2011,10614530.0424988,GBD 2023
United States of America,Female,15-19 years,2012,10496258.979102915,GBD 2023
United States of America,Female,15-19 years,2013,10421806.15898848,GBD 2023
United States of America,Female,15-19 years,2014,10395175.722590894,GBD 2023
United States of America,Female,15-19 years,2015,10421112.390470289,GBD 2023
United States of America,Female,15-19 years,2016,10464491.318252845,GBD 2023
United States of America,Female,15-19 years,2017,10490401.014119895,GBD 2023
United States of America,Female,15-19 years,2018,10511412.863487016,GBD 2023
United States of America,Female,15-19 years,2019,10530910.802205062,GBD 2023
United States of America,Female,15-19 years,2020,10535568.738823129,GBD 2023
United States of America,Female,15-19 years,2021,10569761.611031927,GBD 2023
United States of America,Female,15-19 years,2022,10675848.899941145,GBD 2023
United States of America,Female,15-19 years,2023,10770622.48237986,GBD 2023
United States of America,Female,20-24 years,1990,9626327.28798917,GBD 2023
United States of America,Female,20-24 years,1991,9693045.57529778,GBD 2023
United States of America,Female,20-24 years,1992,9679661.861633966,GBD 2023
United States of America,Female,20-24 years,1993,9600441.120783042,GBD 2023
United States of America,Female,20-24 years,1994,9429171.282955823,GBD 2023
United States of America,Female,20-24 years,1995,9195695.16299514,GBD 2023
United States of America,Female,20-24 years,1996,8961067.379225306,GBD 2023
United States of America,Female,20-24 years,1997,8896399.602303741,GBD 2023
United States of America,Female,20-24 years,1998,8966293.560049647,GBD 2023
United States of America,Female,20-24 years,1999,9120212.74617315,GBD 2023
United States of America,Female,20-24 years,2000,9319475.497229248,GBD 2023
United States of America,Female,20-24 years,2001,9625245.526884517,GBD 2023
United States of America,Female,20-24 years,2002,9862385.492694575,GBD 2023
United States of America,Female,20-24 years,2003,10023612.583854765,GBD 2023
United States of America,Female,20-24 years,2004,10140111.118948473,GBD 2023
United States of America,Female,20-24 years,2005,10191289.048537243,GBD 2023
United States of America,Female,20-24 years,2006,10247822.761520963,GBD 2023
United States of America,Female,20-24 years,2007,10298533.29058864,GBD 2023
United States of America,Female,20-24 years,2008,10381200.964910368,GBD 2023
United States of America,Female,20-24 years,2009,10525419.722971402,GBD 2023
United States of America,Female,20-24 years,2010,10698450.98926763,GBD 2023
United States of America,Female,20-24 years,2011,10870612.379765002,GBD 2023
United States of America,Female,20-24 years,2012,11022223.479386702,GBD 2023
United States of America,Female,20-24 years,2013,11090614.4963456,GBD 2023
United States of America,Female,20-24 years,2014,11082747.35508817,GBD 2023
United States of America,Female,20-24 years,2015,10987375.490815246,GBD 2023
United States of America,Female,20-24 years,2016,10856621.97789546,GBD 2023
United States of America,Female,20-24 years,2017,10729349.614686804,GBD 2023
United States of America,Female,20-24 years,2018,10625456.044811752,GBD 2023
United States of America,Female,20-24 years,2019,10553519.543223778,GBD 2023
United States of America,Female,20-24 years,2020,10531563.085704751,GBD 2023
United States of America,Female,20-24 years,2021,10526968.342225714,GBD 2023
United States of America,Female,20-24 years,2022,10581618.44686162,GBD 2023
United States of America,Female,20-24 years,2023,10658557.79209308,GBD 2023
United States of America,Female,25-29 years,1990,10823316.08923823,GBD 2023
United States of America,Female,25-29 years,1991,10575847.863401089,GBD 2023
United States of America,Female,25-29 years,1992,10339393.493749715,GBD 2023
United States of America,Female,25-29 years,1993,10097112.956200331,GBD 2023
United States of America,Female,25-29 years,1994,9921249.712868206,GBD 2023
United States of America,Female,25-29 years,1995,9867310.621267024,GBD 2023
United States of America,Female,25-29 years,1996,9945688.875243329,GBD 2023
United States of America,Female,25-29 years,1997,9946554.500787329,GBD 2023
United States of America,Female,25-29 years,1998,9877602.432369657,GBD 2023
United States of America,Female,25-29 years,1999,9710707.654224226,GBD 2023
United States of America,Female,25-29 years,2000,9476164.094009295,GBD 2023
United States of America,Female,25-29 years,2001,9275175.002596367,GBD 2023
United States of America,Female,25-29 years,2002,9236574.651836496,GBD 2023
United States of America,Female,25-29 years,2003,9322806.637971146,GBD 2023
United States of America,Female,25-29 years,2004,9508126.557644976,GBD 2023
United States of America,Female,25-29 years,2005,9747723.02079065,GBD 2023
United States of America,Female,25-29 years,2006,10011705.37014016,GBD 2023
United States of America,Female,25-29 years,2007,10220341.741776934,GBD 2023
United States of America,Female,25-29 years,2008,10386537.687258324,GBD 2023
United States of America,Female,25-29 years,2009,10487243.209838929,GBD 2023
United States of America,Female,25-29 years,2010,10526958.29462042,GBD 2023
United States of America,Female,25-29 years,2011,10570670.2720429,GBD 2023
United States of America,Female,25-29 years,2012,10620470.834217949,GBD 2023
United States of America,Female,25-29 years,2013,10701941.025249597,GBD 2023
United States of America,Female,25-29 years,2014,10864727.183630234,GBD 2023
United States of America,Female,25-29 years,2015,11062862.019547852,GBD 2023
United States of America,Female,25-29 years,2016,11253231.786648322,GBD 2023
United States of America,Female,25-29 years,2017,11404868.937685136,GBD 2023
United States of America,Female,25-29 years,2018,11453351.871475656,GBD 2023
United States of America,Female,25-29 years,2019,11400182.74013058,GBD 2023
United States of America,Female,25-29 years,2020,11236018.983513294,GBD 2023
United States of America,Female,25-29 years,2021,11029377.41527768,GBD 2023
United States of America,Female,25-29 years,2022,10883572.163203975,GBD 2023
United States of America,Female,25-29 years,2023,10802911.300255986,GBD 2023
United States of America,Female,30-34 years,1990,11197307.248750389,GBD 2023
United States of America,Female,30-34 years,1991,11306801.330627086,GBD 2023
United States of America,Female,30-34 years,1992,11324116.707425475,GBD 2023
United States of America,Female,30-34 years,1993,11284897.892607337,GBD 2023
United States of America,Female,30-34 years,1994,11268095.20776147,GBD 2023
United States of America,Female,30-34 years,1995,11116074.339144709,GBD 2023
United States of America,Female,30-34 years,1996,10881145.038367536,GBD 2023
United States of America,Female,30-34 years,1997,10646503.769506082,GBD 2023
United States of America,Female,30-34 years,1998,10401241.871073993,GBD 2023
United States of America,Female,30-34 years,1999,10214053.04639333,GBD 2023
United States of America,Female,30-34 years,2000,10148470.267977322,GBD 2023
United States of America,Female,30-34 years,2001,10244464.321856104,GBD 2023
United States of America,Female,30-34 years,2002,10261526.93416615,GBD 2023
United States of America,Female,30-34 years,2003,10199209.45696934,GBD 2023
United States of America,Female,30-34 years,2004,10048018.93785148,GBD 2023
United States of America,Female,30-34 years,2005,9833900.184231926,GBD 2023
United States of America,Female,30-34 years,2006,9609143.708002271,GBD 2023
United States of America,Female,30-34 years,2007,9553336.11394983,GBD 2023
United States of America,Female,30-34 years,2008,9637900.877177157,GBD 2023
United States of America,Female,30-34 years,2009,9808395.708240235,GBD 2023
United States of America,Female,30-34 years,2010,10036140.752273569,GBD 2023
United States of America,Female,30-34 years,2011,10287001.766644793,GBD 2023
United States of America,Female,30-34 years,2012,10496596.497932764,GBD 2023
United States of America,Female,30-34 years,2013,10667937.890546812,GBD 2023
United States of America,Female,30-34 years,2014,10781602.246817175,GBD 2023
United States of America,Female,30-34 years,2015,10838399.854051009,GBD 2023
United States of America,Female,30-34 years,2016,10893132.446539693,GBD 2023
United States of America,Female,30-34 years,2017,10939827.671170983,GBD 2023
United States of America,Female,30-34 years,2018,11008535.570332356,GBD 2023
United States of America,Female,30-34 years,2019,11148581.446373671,GBD 2023
United States of America,Female,30-34 years,2020,11310291.857373254,GBD 2023
United States of America,Female,30-34 years,2021,11455913.126870155,GBD 2023
United States of America,Female,30-34 years,2022,11594755.734400872,GBD 2023
United States of America,Female,30-34 years,2023,11652228.391856482,GBD 2023
United States of America,Female,35-39 years,1990,10260424.04486615,GBD 2023
United States of America,Female,35-39 years,1991,10500313.845799156,GBD 2023
United States of America,Female,35-39 years,1992,10752185.205117218,GBD 2023
United States of America,Female,35-39 years,1993,10981297.227182446,GBD 2023
United States of America,Female,35-39 years,1994,11135157.880969789,GBD 2023
United States of America,Female,35-39 years,1995,11303058.802530749,GBD 2023
United States of America,Female,35-39 years,1996,11426614.057375818,GBD 2023
United States of America,Female,35-39 years,1997,11461626.222808858,GBD 2023
United States of America,Female,35-39 years,1998,11440085.94543897,GBD 2023
United States of America,Female,35-39 years,1999,11441196.897721384,GBD 2023
United States of America,Female,35-39 years,2000,11315047.608947083,GBD 2023
United States of America,Female,35-39 years,2001,11109286.79418386,GBD 2023
United States of America,Female,35-39 years,2002,10890442.729428336,GBD 2023
United States of America,Female,35-39 years,2003,10652569.466002818,GBD 2023
United States of America,Female,35-39 years,2004,10475392.359921305,GBD 2023
United States of America,Female,35-39 years,2005,10425909.971991846,GBD 2023
United States of America,Female,35-39 years,2006,10518078.67691788,GBD 2023
United States of America,Female,35-39 years,2007,10530404.387686178,GBD 2023
United States of America,Female,35-39 years,2008,10470975.669361884,GBD 2023
United States of America,Female,35-39 years,2009,10314962.88432634,GBD 2023
United States of America,Female,35-39 years,2010,10100290.073706413,GBD 2023
United States of America,Female,35-39 years,2011,9867830.705661312,GBD 2023
United States of America,Female,35-39 years,2012,9808885.002794417,GBD 2023
United States of America,Female,35-39 years,2013,9887847.734946966,GBD 2023
United States of America,Female,35-39 years,2014,10055783.278936828,GBD 2023
United States of America,Female,35-39 years,2015,10283314.207312165,GBD 2023
United States of America,Female,35-39 years,2016,10532836.847611085,GBD 2023
United States of America,Female,35-39 years,2017,10735265.171880923,GBD 2023
United States of America,Female,35-39 years,2018,10894499.342209648,GBD 2023
United States of America,Female,35-39 years,2019,10983973.416305725,GBD 2023
United States of America,Female,35-39 years,2020,11011221.992861483,GBD 2023
United States of America,Female,35-39 years,2021,11031655.57342084,GBD 2023
United States of America,Female,35-39 years,2022,11064661.60969558,GBD 2023
United States of America,Female,35-39 years,2023,11137561.801007625,GBD 2023
United States of America,Female,40-44 years,1990,9140013.4804169,GBD 2023
United States of America,Female,40-44 years,1991,9610110.047366535,GBD 2023
United States of America,Female,40-44 years,1992,9670899.35885906,GBD 2023
United States of America,Female,40-44 years,1993,9786455.86421067,GBD 2023
United States of America,Female,40-44 years,1994,10013827.407074831,GBD 2023
United States of America,Female,40-44 years,1995,10238544.6828834,GBD 2023
United States of America,Female,40-44 years,1996,10482840.52804614,GBD 2023
United States of America,Female,40-44 years,1997,10735885.350034377,GBD 2023
United States of America,Female,40-44 years,1998,10970372.981698396,GBD 2023
United States of America,Female,40-44 years,1999,11135738.094045889,GBD 2023
United States of America,Female,40-44 years,2000,11312287.631390044,GBD 2023
United States of America,Female,40-44 years,2001,11448326.012582334,GBD 2023
United States of America,Female,40-44 years,2002,11500507.78439088,GBD 2023
United States of America,Female,40-44 years,2003,11491998.194028718,GBD 2023
United States of America,Female,40-44 years,2004,11506752.556704106,GBD 2023
United States of America,Female,40-44 years,2005,11398201.344942885,GBD 2023
United States of America,Female,40-44 years,2006,11195400.081195738,GBD 2023
United States of America,Female,40-44 years,2007,10976948.722153578,GBD 2023
United States of America,Female,40-44 years,2008,10743661.680863786,GBD 2023
United States of America,Female,40-44 years,2009,10560794.84000528,GBD 2023
United States of America,Female,40-44 years,2010,10506855.882013597,GBD 2023
United States of America,Female,40-44 years,2011,10591827.604635984,GBD 2023
United States of America,Female,40-44 years,2012,10600177.211793073,GBD 2023
United States of America,Female,40-44 years,2013,10536173.665413013,GBD 2023
United States of America,Female,40-44 years,2014,10381818.938542057,GBD 2023
United States of America,Female,40-44 years,2015,10172183.114023982,GBD 2023
United States of America,Female,40-44 years,2016,9939830.654095387,GBD 2023
United States of America,Female,40-44 years,2017,9878964.989366015,GBD 2023
United States of America,Female,40-44 years,2018,9950007.728048824,GBD 2023
United States of America,Female,40-44 years,2019,10103049.31882256,GBD 2023
United States of America,Female,40-44 years,2020,10306765.857038803,GBD 2023
United States of America,Female,40-44 years,2021,10528090.920576014,GBD 2023
United States of America,Female,40-44 years,2022,10717678.544260198,GBD 2023
United States of America,Female,40-44 years,2023,10878576.740753336,GBD 2023
United States of America,Female,45-49 years,1990,7126274.376763971,GBD 2023
United States of America,Female,45-49 years,1991,7285731.235409555,GBD 2023
United States of America,Female,45-49 years,1992,7836689.601408428,GBD 2023
United States of America,Female,45-49 years,1993,8226844.698429115,GBD 2023
United States of America,Female,45-49 years,1994,8586957.027312368,GBD 2023
United States of America,Female,45-49 years,1995,9032395.300523672,GBD 2023
United States of America,Female,45-49 years,1996,9504962.45112248,GBD 2023
United States of America,Female,45-49 years,1997,9580246.480218615,GBD 2023
United States of America,Female,45-49 years,1998,9712902.35554132,GBD 2023
United States of America,Female,45-49 years,1999,9954182.4432455,GBD 2023
United States of America,Female,45-49 years,2000,10200801.045285547,GBD 2023
United States of America,Female,45-49 years,2001,10459859.596722135,GBD 2023
United States of America,Female,45-49 years,2002,10721991.939639242,GBD 2023
United States of America,Female,45-49 years,2003,10963604.23915608,GBD 2023
United States of America,Female,45-49 years,2004,11139652.524569971,GBD 2023
United States of America,Female,45-49 years,2005,11320080.527275955,GBD 2023
United States of America,Female,45-49 years,2006,11463748.307220142,GBD 2023
United States of America,Female,45-49 years,2007,11522277.902371028,GBD 2023
United States of America,Female,45-49 years,2008,11522703.567641098,GBD 2023
United States of America,Female,45-49 years,2009,11536927.896708412,GBD 2023
United States of America,Female,45-49 years,2010,11428779.599290406,GBD 2023
United States of America,Female,45-49 years,2011,11220309.570179025,GBD 2023
United States of America,Female,45-49 years,2012,10995128.364124078,GBD 2023
United States of America,Female,45-49 years,2013,10755190.921116104,GBD 2023
United States of America,Female,45-49 years,2014,10568552.260991972,GBD 2023
United States of America,Female,45-49 years,2015,10512913.454998534,GBD 2023
United States of America,Female,45-49 years,2016,10595635.897326348,GBD 2023
United States of America,Female,45-49 years,2017,10598208.057231992,GBD 2023
United States of America,Female,45-49 years,2018,10526680.405840283,GBD 2023
United States of America,Female,45-49 years,2019,10367642.644180303,GBD 2023
United States of America,Female,45-49 years,2020,10153509.765864553,GBD 2023
United States of America,Female,45-49 years,2021,9908899.143350665,GBD 2023
United States of America,Female,45-49 years,2022,9843515.391949989,GBD 2023
United States of America,Female,45-49 years,2023,9915213.010162964,GBD 2023
United States of America,Female,5-9 years,1990,9053458.264282811,GBD 2023
United States of America,Female,5-9 years,1991,9133152.122570962,GBD 2023
United States of America,Female,5-9 years,1992,9242425.115017517,GBD 2023
United States of America,Female,5-9 years,1993,9383397.081239387,GBD 2023
United States of America,Female,5-9 years,1994,9573163.85068502,GBD 2023
United States of America,Female,5-9 years,1995,9770407.988030476,GBD 2023
United States of America,Female,5-9 years,1996,9940988.59322386,GBD 2023
United States of America,Female,5-9 years,1997,10070105.562602168,GBD 2023
United States of America,Female,5-9 years,1998,10125862.249475138,GBD 2023
United States of America,Female,5-9 years,1999,10105149.386010736,GBD 2023
United States of America,Female,5-9 years,2000,10008926.720047446,GBD 2023
United States of America,Female,5-9 years,2001,9909754.164060254,GBD 2023
United States of America,Female,5-9 years,2002,9824352.43811966,GBD 2023
United States of America,Female,5-9 years,2003,9772867.750541668,GBD 2023
United States of America,Female,5-9 years,2004,9773934.810370326,GBD 2023
United States of America,Female,5-9 years,2005,9816171.286201697,GBD 2023
United States of America,Female,5-9 years,2006,9877360.987448078,GBD 2023
United States of America,Female,5-9 years,2007,9926424.859953403,GBD 2023
United States of America,Female,5-9 years,2008,9971661.145517783,GBD 2023
United States of America,Female,5-9 years,2009,10007575.346444288,GBD 2023
United States of America,Female,5-9 years,2010,10034561.623904165,GBD 2023
United States of America,Female,5-9 years,2011,10090707.050980847,GBD 2023
United States of America,Female,5-9 years,2012,10186965.974053252,GBD 2023
United States of America,Female,5-9 years,2013,10266923.748115271,GBD 2023
United States of America,Female,5-9 years,2014,10290999.301565368,GBD 2023
United States of America,Female,5-9 years,2015,10267648.610919137,GBD 2023
United States of America,Female,5-9 years,2016,10192081.482916191,GBD 2023
United States of America,Female,5-9 years,2017,10082480.150981298,GBD 2023
United States of America,Female,5-9 years,2018,9979432.108598923,GBD 2023
United States of America,Female,5-9 years,2019,9932303.006020524,GBD 2023
United States of America,Female,5-9 years,2020,9932181.932557285,GBD 2023
United States of America,Female,5-9 years,2021,9934399.826312602,GBD 2023
United States of America,Female,5-9 years,2022,9922359.202568976,GBD 2023
United States of America,Female,5-9 years,2023,9871665.7558542,GBD 2023
United States of America,Female,50-54 years,1990,5894241.5306111,GBD 2023
United States of America,Female,50-54 years,1991,6021721.463898013,GBD 2023
United States of America,Female,50-54 years,1992,6211125.660600008,GBD 2023
United States of America,Female,50-54 years,1993,6530436.559690658,GBD 2023
United States of America,Female,50-54 years,1994,6810453.230793206,GBD 2023
United States of America,Female,50-54 years,1995,7032055.265877051,GBD 2023
United States of America,Female,50-54 years,1996,7197514.004091594,GBD 2023
United States of America,Female,50-54 years,1997,7749042.120453269,GBD 2023
United States of America,Female,50-54 years,1998,8145395.689926428,GBD 2023
United States of America,Female,50-54 years,1999,8519941.14050714,GBD 2023
United States of America,Female,50-54 years,2000,8977328.521345695,GBD 2023
United States of America,Female,50-54 years,2001,9448897.613417208,GBD 2023
United States of America,Female,50-54 years,2002,9533594.808747316,GBD 2023
United States of America,Female,50-54 years,2003,9675350.16495071,GBD 2023
United States of America,Female,50-54 years,2004,9923024.921168037,GBD 2023
United States of America,Female,50-54 years,2005,10178321.065794734,GBD 2023
United States of America,Female,50-54 years,2006,10449847.593859876,GBD 2023
United States of America,Female,50-54 years,2007,10719253.386568,GBD 2023
United States of America,Female,50-54 years,2008,10965737.367014792,GBD 2023
United States of America,Female,50-54 years,2009,11139424.8302368,GBD 2023
United States of America,Female,50-54 years,2010,11309543.766959231,GBD 2023
United States of America,Female,50-54 years,2011,11441939.248165432,GBD 2023
United States of America,Female,50-54 years,2012,11490362.299086193,GBD 2023
United States of America,Female,50-54 years,2013,11480641.15131638,GBD 2023
United States of America,Female,50-54 years,2014,11483773.582369627,GBD 2023
United States of America,Female,50-54 years,2015,11367384.653332151,GBD 2023
United States of America,Female,50-54 years,2016,11150596.84887072,GBD 2023
United States of America,Female,50-54 years,2017,10916850.77348332,GBD 2023
United States of America,Female,50-54 years,2018,10670141.302204767,GBD 2023
United States of America,Female,50-54 years,2019,10476994.456209108,GBD 2023
United States of America,Female,50-54 years,2020,10410044.038424604,GBD 2023
United States of America,Female,50-54 years,2021,10474613.878307564,GBD 2023
United States of America,Female,50-54 years,2022,10467265.563830849,GBD 2023
United States of America,Female,50-54 years,2023,10395078.534997191,GBD 2023
United States of America,Female,55-59 years,1990,5483499.590274368,GBD 2023
United States of America,Female,55-59 years,1991,5458178.619263195,GBD 2023
United States of America,Female,55-59 years,1992,5478883.338266483,GBD 2023
United States of America,Female,55-59 years,1993,5538471.126017272,GBD 2023
United States of America,Female,55-59 years,1994,5635287.37138869,GBD 2023
United States of America,Female,55-59 years,1995,5749772.208435166,GBD 2023
United States of America,Female,55-59 years,1996,5878771.817018128,GBD 2023
United States of America,Female,55-59 years,1997,6072011.761049541,GBD 2023
United States of America,Female,55-59 years,1998,6392866.440611796,GBD 2023
United States of America,Female,55-59 years,1999,6677977.45519184,GBD 2023
United States of America,Female,55-59 years,2000,6909860.569142254,GBD 2023
United States of America,Female,55-59 years,2001,7080751.495027388,GBD 2023
United States of America,Female,55-59 years,2002,7627994.933271213,GBD 2023
United States of America,Female,55-59 years,2003,8025220.293148952,GBD 2023
United States of America,Female,55-59 years,2004,8402450.695854064,GBD 2023
United States of America,Female,55-59 years,2005,8856545.342821585,GBD 2023
United States of America,Female,55-59 years,2006,9330562.054023722,GBD 2023
United States of America,Female,55-59 years,2007,9422550.288221745,GBD 2023
United States of America,Female,55-59 years,2008,9573634.639999012,GBD 2023
United States of America,Female,55-59 years,2009,9822464.839694915,GBD 2023
United States of America,Female,55-59 years,2010,10078655.950850137,GBD 2023
United States of America,Female,55-59 years,2011,10344103.93388972,GBD 2023
United States of America,Female,55-59 years,2012,10602218.330174755,GBD 2023
United States of America,Female,55-59 years,2013,10833555.564526612,GBD 2023
United States of America,Female,55-59 years,2014,10992490.886900872,GBD 2023
United States of America,Female,55-59 years,2015,11146793.9329967,GBD 2023
United States of America,Female,55-59 years,2016,11267712.180800255,GBD 2023
United States of America,Female,55-59 years,2017,11307651.21579697,GBD 2023
United States of America,Female,55-59 years,2018,11293203.57717377,GBD 2023
United States of America,Female,55-59 years,2019,11289927.79979536,GBD 2023
United States of America,Female,55-59 years,2020,11166619.403044464,GBD 2023
United States of America,Female,55-59 years,2021,10936283.636272475,GBD 2023
United States of America,Female,55-59 years,2022,10694965.813570363,GBD 2023
United States of America,Female,55-59 years,2023,10450785.511949006,GBD 2023
United States of America,Female,60-64 years,1990,5683144.679081577,GBD 2023
United States of America,Female,60-64 years,1991,5618823.677872499,GBD 2023
United States of America,Female,60-64 years,1992,5522332.314738695,GBD 2023
United States of America,Female,60-64 years,1993,5425675.608009251,GBD 2023
United States of America,Female,60-64 years,1994,5343953.010316025,GBD 2023
United States of America,Female,60-64 years,1995,5292703.311468954,GBD 2023
United States of America,Female,60-64 years,1996,5276403.592061634,GBD 2023
United States of America,Female,60-64 years,1997,5304645.699728564,GBD 2023
United States of America,Female,60-64 years,1998,5374008.604637087,GBD 2023
United States of America,Female,60-64 years,1999,5481974.665678604,GBD 2023
United States of America,Female,60-64 years,2000,5603151.101113752,GBD 2023
United States of America,Female,60-64 years,2001,5730114.569327004,GBD 2023
United States of America,Female,60-64 years,2002,5923159.15239139,GBD 2023
United States of America,Female,60-64 years,2003,6238981.063238169,GBD 2023
United States of America,Female,60-64 years,2004,6518936.300066174,GBD 2023
United States of America,Female,60-64 years,2005,6748314.713978096,GBD 2023
United States of America,Female,60-64 years,2006,6928149.183668278,GBD 2023
United States of America,Female,60-64 years,2007,7476461.363078494,GBD 2023
United States of America,Female,60-64 years,2008,7874376.432892719,GBD 2023
United States of America,Female,60-64 years,2009,8250423.188629445,GBD 2023
United States of America,Female,60-64 years,2010,8692672.735318013,GBD 2023
United States of America,Female,60-64 years,2011,9150783.467568155,GBD 2023
United States of America,Female,60-64 years,2012,9231761.055458756,GBD 2023
United States of America,Female,60-64 years,2013,9370932.25508492,GBD 2023
United States of America,Female,60-64 years,2014,9603294.068146786,GBD 2023
United States of America,Female,60-64 years,2015,9841253.89838224,GBD 2023
United States of America,Female,60-64 years,2016,10085861.151645385,GBD 2023
United States of America,Female,60-64 years,2017,10323771.862352062,GBD 2023
United States of America,Female,60-64 years,2018,10535984.559963584,GBD 2023
United States of America,Female,60-64 years,2019,10680147.661467217,GBD 2023
United States of America,Female,60-64 years,2020,10813811.597993972,GBD 2023
United States of America,Female,60-64 years,2021,10909323.42253151,GBD 2023
United States of America,Female,60-64 years,2022,10932281.285923472,GBD 2023
United States of America,Female,60-64 years,2023,10913940.57074121,GBD 2023
United States of America,Female,65-69 years,1990,5556010.306697911,GBD 2023
United States of America,Female,65-69 years,1991,5561048.717906188,GBD 2023
United States of America,Female,65-69 years,1992,5521392.929633202,GBD 2023
United States of America,Female,65-69 years,1993,5503251.841019175,GBD 2023
United States of America,Female,65-69 years,1994,5436591.152715359,GBD 2023
United States of America,Female,65-69 years,1995,5374749.780753242,GBD 2023
United States of America,Female,65-69 years,1996,5318657.914875805,GBD 2023
United States of America,Female,65-69 years,1997,5233645.620979887,GBD 2023
United States of America,Female,65-69 years,1998,5150748.739759648,GBD 2023
United States of America,Female,65-69 years,1999,5081142.317329041,GBD 2023
United States of America,Female,65-69 years,2000,5045468.213976692,GBD 2023
United States of America,Female,65-69 years,2001,5035375.010814728,GBD 2023
United States of America,Female,65-69 years,2002,5066787.094007698,GBD 2023
United States of America,Female,65-69 years,2003,5140055.961461279,GBD 2023
United States of America,Female,65-69 years,2004,5249995.638416271,GBD 2023
United States of America,Female,65-69 years,2005,5370019.983017737,GBD 2023
United States of America,Female,65-69 years,2006,5505316.075275162,GBD 2023
United States of America,Female,65-69 years,2007,5703568.573004827,GBD 2023
United States of America,Female,65-69 years,2008,6018796.755049871,GBD 2023
United States of America,Female,65-69 years,2009,6292626.981626157,GBD 2023
United States of America,Female,65-69 years,2010,6516833.868967326,GBD 2023
United States of America,Female,65-69 years,2011,6690831.7762813615,GBD 2023
United States of America,Female,65-69 years,2012,7223464.024089312,GBD 2023
United States of America,Female,65-69 years,2013,7603873.034775722,GBD 2023
United States of America,Female,65-69 years,2014,7959828.721625411,GBD 2023
United States of America,Female,65-69 years,2015,8376541.783224263,GBD 2023
United States of America,Female,65-69 years,2016,8803571.95696305,GBD 2023
United States of America,Female,65-69 years,2017,8871042.5606963,GBD 2023
United States of America,Female,65-69 years,2018,9000032.66399303,GBD 2023
United States of America,Female,65-69 years,2019,9218161.058228508,GBD 2023
United States of America,Female,65-69 years,2020,9434789.268158628,GBD 2023
United States of America,Female,65-69 years,2021,9643037.504819844,GBD 2023
United States of America,Female,65-69 years,2022,9850035.77045214,GBD 2023
United States of America,Female,65-69 years,2023,10044624.944072591,GBD 2023
United States of America,Female,70-74 years,1990,4626301.280984049,GBD 2023
United States of America,Female,70-74 years,1991,4714952.243367988,GBD 2023
United States of America,Female,70-74 years,1992,4827752.131309783,GBD 2023
United States of America,Female,70-74 years,1993,4905745.024214377,GBD 2023
United States of America,Female,70-74 years,1994,4973300.783249805,GBD 2023
United States of America,Female,70-74 years,1995,5020538.350843994,GBD 2023
United States of America,Female,70-74 years,1996,5026143.546743374,GBD 2023
United States of America,Female,70-74 years,1997,4993277.719368503,GBD 2023
United States of America,Female,70-74 years,1998,4981834.038322833,GBD 2023
United States of America,Female,70-74 years,1999,4927007.020452686,GBD 2023
United States of America,Female,70-74 years,2000,4879217.3315942455,GBD 2023
United States of America,Female,70-74 years,2001,4837064.82355208,GBD 2023
United States of America,Female,70-74 years,2002,4767628.056776963,GBD 2023
United States of America,Female,70-74 years,2003,4699365.984298604,GBD 2023
United States of America,Female,70-74 years,2004,4642150.434648999,GBD 2023
United States of America,Female,70-74 years,2005,4617958.315840305,GBD 2023
United States of America,Female,70-74 years,2006,4624496.958433754,GBD 2023
United States of America,Female,70-74 years,2007,4667471.224894648,GBD 2023
United States of America,Female,70-74 years,2008,4749199.048577626,GBD 2023
United States of America,Female,70-74 years,2009,4861326.30324018,GBD 2023
United States of America,Female,70-74 years,2010,4979981.986467044,GBD 2023
United States of America,Female,70-74 years,2011,5110200.315417417,GBD 2023
United States of America,Female,70-74 years,2012,5296645.063152174,GBD 2023
United States of America,Female,70-74 years,2013,5590554.787915896,GBD 2023
United States of America,Female,70-74 years,2014,5841081.617000164,GBD 2023
United States of America,Female,70-74 years,2015,6044212.919237979,GBD 2023
United States of America,Female,70-74 years,2016,6202124.193926025,GBD 2023
United States of America,Female,70-74 years,2017,6700226.35743593,GBD 2023
United States of America,Female,70-74 years,2018,7054998.683564731,GBD 2023
United States of America,Female,70-74 years,2019,7386455.152915925,GBD 2023
United States of America,Female,70-74 years,2020,7763511.56511528,GBD 2023
United States of America,Female,70-74 years,2021,8134328.459897004,GBD 2023
United States of America,Female,70-74 years,2022,8182280.591553314,GBD 2023
United States of America,Female,70-74 years,2023,8301572.119528006,GBD 2023
United States of America,Female,75-79 years,1990,3721038.488968548,GBD 2023
United States of America,Female,75-79 years,1991,3767765.195842656,GBD 2023
United States of America,Female,75-79 years,1992,3809281.1021834738,GBD 2023
United States of America,Female,75-79 years,1993,3847703.636596645,GBD 2023
United States of America,Female,75-79 years,1994,3885397.4489307487,GBD 2023
United States of America,Female,75-79 years,1995,3951544.195820427,GBD 2023
United States of America,Female,75-79 years,1996,4030683.25782488,GBD 2023
United States of America,Female,75-79 years,1997,4131001.388807609,GBD 2023
United States of America,Female,75-79 years,1998,4201495.09939237,GBD 2023
United States of America,Female,75-79 years,1999,4262422.1287316345,GBD 2023
United States of America,Female,75-79 years,2000,4305916.206976974,GBD 2023
United States of America,Female,75-79 years,2001,4313886.698351976,GBD 2023
United States of America,Female,75-79 years,2002,4291405.697209038,GBD 2023
United States of America,Female,75-79 years,2003,4289574.78476438,GBD 2023
United States of America,Female,75-79 years,2004,4253753.734638162,GBD 2023
United States of America,Female,75-79 years,2005,4226884.592355089,GBD 2023
United States of America,Female,75-79 years,2006,4203281.1343063,GBD 2023
United States of America,Female,75-79 years,2007,4155453.987198776,GBD 2023
United States of America,Female,75-79 years,2008,4107222.682069439,GBD 2023
United States of America,Female,75-79 years,2009,4065383.995540192,GBD 2023
United States of America,Female,75-79 years,2010,4055547.222160373,GBD 2023
United States of America,Female,75-79 years,2011,4069221.860542809,GBD 2023
United States of America,Female,75-79 years,2012,4110734.9294359023,GBD 2023
United States of America,Female,75-79 years,2013,4186950.1124182655,GBD 2023
United States of America,Female,75-79 years,2014,4286745.475953726,GBD 2023
United States of America,Female,75-79 years,2015,4390807.096474895,GBD 2023
United States of America,Female,75-79 years,2016,4504731.834480314,GBD 2023
United States of America,Female,75-79 years,2017,4668583.342453091,GBD 2023
United States of America,Female,75-79 years,2018,4929660.667442578,GBD 2023
United States of America,Female,75-79 years,2019,5150556.894685011,GBD 2023
United States of America,Female,75-79 years,2020,5321394.344941378,GBD 2023
United States of America,Female,75-79 years,2021,5440975.882372453,GBD 2023
United States of America,Female,75-79 years,2022,5876162.931914183,GBD 2023
United States of America,Female,75-79 years,2023,6197324.822933981,GBD 2023
United States of America,Female,80-84 years,1990,2565998.8135738294,GBD 2023
United States of America,Female,80-84 years,1991,2637232.75508484,GBD 2023
United States of America,Female,80-84 years,1992,2704576.68548976,GBD 2023
United States of America,Female,80-84 years,1993,2767348.5745596,GBD 2023
United States of America,Female,80-84 years,1994,2827306.812575521,GBD 2023
United States of America,Female,80-84 years,1995,2881193.782356148,GBD 2023
United States of America,Female,80-84 years,1996,2917006.15094563,GBD 2023
United States of America,Female,80-84 years,1997,2948878.758634537,GBD 2023
United States of America,Female,80-84 years,1998,2980802.793449283,GBD 2023
United States of America,Female,80-84 years,1999,3011752.666651878,GBD 2023
United States of America,Female,80-84 years,2000,3066827.563876156,GBD 2023
United States of America,Female,80-84 years,2001,3133287.3271214347,GBD 2023
United States of America,Female,80-84 years,2002,3216238.2184018185,GBD 2023
United States of America,Female,80-84 years,2003,3275591.470778929,GBD 2023
United States of America,Female,80-84 years,2004,3332771.784054624,GBD 2023
United States of America,Female,80-84 years,2005,3381384.118382025,GBD 2023
United States of America,Female,80-84 years,2006,3400973.5406363937,GBD 2023
United States of America,Female,80-84 years,2007,3400028.126866545,GBD 2023
United States of America,Female,80-84 years,2008,3413124.675554231,GBD 2023
United States of America,Female,80-84 years,2009,3395896.6332882056,GBD 2023
United States of America,Female,80-84 years,2010,3387476.6911293194,GBD 2023
United States of America,Female,80-84 years,2011,3376483.522824574,GBD 2023
United States of America,Female,80-84 years,2012,3341413.924363612,GBD 2023
United States of America,Female,80-84 years,2013,3306309.414437907,GBD 2023
United States of America,Female,80-84 years,2014,3273399.725632897,GBD 2023
United States of America,Female,80-84 years,2015,3268315.856168472,GBD 2023
United States of America,Female,80-84 years,2016,3282310.4483007104,GBD 2023
United States of America,Female,80-84 years,2017,3317749.375157285,GBD 2023
United States of America,Female,80-84 years,2018,3382531.747027639,GBD 2023
United States of America,Female,80-84 years,2019,3465639.5743178152,GBD 2023
United States of America,Female,80-84 years,2020,3542910.3505154974,GBD 2023
United States of America,Female,80-84 years,2021,3618423.989894366,GBD 2023
United States of America,Female,80-84 years,2022,3741183.881291463,GBD 2023
United States of America,Female,80-84 years,2023,3960210.439179496,GBD 2023
United States of America,Female,85-89 years,1990,1428294.6241120456,GBD 2023
United States of America,Female,85-89 years,1991,1475338.7691918288,GBD 2023
United States of America,Female,85-89 years,1992,1534876.7336338705,GBD 2023
United States of America,Female,85-89 years,1993,1589384.5848289586,GBD 2023
United States of America,Female,85-89 years,1994,1630722.221935675,GBD 2023
United States of America,Female,85-89 years,1995,1678037.7873107172,GBD 2023
United States of America,Female,85-89 years,1996,1722787.5131083643,GBD 2023
United States of America,Female,85-89 years,1997,1763448.2053768337,GBD 2023
United States of America,Female,85-89 years,1998,1802704.0479840287,GBD 2023
United States of America,Female,85-89 years,1999,1837471.7973066664,GBD 2023
United States of America,Female,85-89 years,2000,1867712.0497592196,GBD 2023
United States of America,Female,85-89 years,2001,1887150.6859590276,GBD 2023
United States of America,Female,85-89 years,2002,1905368.080308356,GBD 2023
United States of America,Female,85-89 years,2003,1927803.917170982,GBD 2023
United States of America,Female,85-89 years,2004,1957660.119416072,GBD 2023
United States of America,Female,85-89 years,2005,2010020.152254128,GBD 2023
United States of America,Female,85-89 years,2006,2069728.1060807556,GBD 2023
United States of America,Female,85-89 years,2007,2144153.4564799783,GBD 2023
United States of America,Female,85-89 years,2008,2199419.319812713,GBD 2023
United States of America,Female,85-89 years,2009,2250976.3836606164,GBD 2023
United States of America,Female,85-89 years,2010,2299545.3645057096,GBD 2023
United States of America,Female,85-89 years,2011,2321961.471967921,GBD 2023
United States of America,Female,85-89 years,2012,2327413.4833230325,GBD 2023
United States of America,Female,85-89 years,2013,2341477.1482197577,GBD 2023
United States of America,Female,85-89 years,2014,2333164.280599738,GBD 2023
United States of America,Female,85-89 years,2015,2331031.2909692843,GBD 2023
United States of America,Female,85-89 years,2016,2324776.006372809,GBD 2023
United States of America,Female,85-89 years,2017,2301427.854369549,GBD 2023
United States of America,Female,85-89 years,2018,2278579.340985188,GBD 2023
United States of America,Female,85-89 years,2019,2256583.3776727244,GBD 2023
United States of America,Female,85-89 years,2020,2245252.1026552664,GBD 2023
United States of America,Female,85-89 years,2021,2239166.354676713,GBD 2023
United States of America,Female,85-89 years,2022,2255383.916698872,GBD 2023
United States of America,Female,85-89 years,2023,2304366.0144215743,GBD 2023
United States of America,Female,90-94 years,1990,542956.0027893834,GBD 2023
United States of America,Female,90-94 years,1991,563284.8514915037,GBD 2023
United States of America,Female,90-94 years,1992,568930.4774799158,GBD 2023
United States of America,Female,90-94 years,1993,625892.0969612135,GBD 2023
United States of America,Female,90-94 years,1994,646992.1539039093,GBD 2023
United States of America,Female,90-94 years,1995,680309.350970322,GBD 2023
United States of America,Female,90-94 years,1996,705577.5554099808,GBD 2023
United States of America,Female,90-94 years,1997,738385.1952942238,GBD 2023
United States of America,Female,90-94 years,1998,767318.224473875,GBD 2023
United States of America,Female,90-94 years,1999,810085.1272450741,GBD 2023
United States of America,Female,90-94 years,2000,833053.7505078436,GBD 2023
United States of America,Female,90-94 years,2001,843951.3618924124,GBD 2023
United States of America,Female,90-94 years,2002,871543.1635239233,GBD 2023
United States of America,Female,90-94 years,2003,888032.9598248457,GBD 2023
United States of America,Female,90-94 years,2004,877393.8156409661,GBD 2023
United States of America,Female,90-94 years,2005,924988.0769126412,GBD 2023
United States of America,Female,90-94 years,2006,923037.7110977976,GBD 2023
United States of America,Female,90-94 years,2007,931317.5534488108,GBD 2023
United States of America,Female,90-94 years,2008,974861.6398488064,GBD 2023
United States of America,Female,90-94 years,2009,948163.5406644996,GBD 2023
United States of America,Female,90-94 years,2010,1003136.5853907638,GBD 2023
United States of America,Female,90-94 years,2011,1060371.7441358366,GBD 2023
United States of America,Female,90-94 years,2012,1097530.8047316645,GBD 2023
United States of America,Female,90-94 years,2013,1130650.269709176,GBD 2023
United States of America,Female,90-94 years,2014,1151932.806035994,GBD 2023
United States of America,Female,90-94 years,2015,1204824.934281926,GBD 2023
United States of America,Female,90-94 years,2016,1186254.9568170928,GBD 2023
United States of America,Female,90-94 years,2017,1218211.7728399914,GBD 2023
United States of America,Female,90-94 years,2018,1214801.5382877877,GBD 2023
United States of America,Female,90-94 years,2019,1199827.6212815174,GBD 2023
United States of America,Female,90-94 years,2020,1208355.7307434566,GBD 2023
United States of America,Female,90-94 years,2021,1156320.3567247065,GBD 2023
United States of America,Female,90-94 years,2022,1172557.6219594053,GBD 2023
United States of America,Female,90-94 years,2023,1135240.8062442073,GBD 2023
United States of America,Female,95+ years,1990,174847.76422094982,GBD 2023
United States of America,Female,95+ years,1991,183205.6504790286,GBD 2023
United States of America,Female,95+ years,1992,188160.22682788383,GBD 2023
United States of America,Female,95+ years,1993,205542.4510788346,GBD 2023
United States of America,Female,95+ years,1994,208028.7845852113,GBD 2023
United States of America,Female,95+ years,1995,218171.35319960816,GBD 2023
United States of America,Female,95+ years,1996,226388.2674155636,GBD 2023
United States of America,Female,95+ years,1997,233365.65885989665,GBD 2023
United States of America,Female,95+ years,1998,245314.3992494955,GBD 2023
United States of America,Female,95+ years,1999,264846.150801803,GBD 2023
United States of America,Female,95+ years,2000,270336.3745321892,GBD 2023
United States of America,Female,95+ years,2001,275479.44996388286,GBD 2023
United States of America,Female,95+ years,2002,282687.440174926,GBD 2023
United States of America,Female,95+ years,2003,291113.85950171854,GBD 2023
United States of America,Female,95+ years,2004,280735.12940556346,GBD 2023
United States of America,Female,95+ years,2005,298671.1005064888,GBD 2023
United States of America,Female,95+ years,2006,297168.9998834094,GBD 2023
United States of America,Female,95+ years,2007,304584.25271947286,GBD 2023
United States of America,Female,95+ years,2008,323564.3281581509,GBD 2023
United States of America,Female,95+ years,2009,314609.4887644315,GBD 2023
United States of America,Female,95+ years,2010,337000.2060004651,GBD 2023
United States of America,Female,95+ years,2011,353157.89865912264,GBD 2023
United States of America,Female,95+ years,2012,361571.85619925614,GBD 2023
United States of America,Female,95+ years,2013,374297.1587362004,GBD 2023
United States of America,Female,95+ years,2014,378564.813442001,GBD 2023
United States of America,Female,95+ years,2015,406226.6909839952,GBD 2023
United States of America,Female,95+ years,2016,415054.108762348,GBD 2023
United States of America,Female,95+ years,2017,442996.6221194267,GBD 2023
United States of America,Female,95+ years,2018,453693.7992973176,GBD 2023
United States of America,Female,95+ years,2019,457553.3618050915,GBD 2023
United States of America,Female,95+ years,2020,475007.5833979864,GBD 2023
United States of America,Female,95+ years,2021,449171.2161939906,GBD 2023
United States of America,Female,95+ years,2022,468726.3068579863,GBD 2023
United States of America,Female,95+ years,2023,457417.135176894,GBD 2023
United States of America,Male,0-4 years,1990,10109316.80415038,GBD 2023
United States of America,Male,0-4 years,1991,10275966.65194782,GBD 2023
United States of America,Male,0-4 years,1992,10393500.255868556,GBD 2023
United States of America,Male,0-4 years,1993,10434550.70845187,GBD 2023
United States of America,Male,0-4 years,1994,10392655.850116292,GBD 2023
United States of America,Male,0-4 years,1995,10284823.764359023,GBD 2023
United States of America,Male,0-4 years,1996,10162106.116833435,GBD 2023
United States of America,Male,0-4 years,1997,10058685.2111668,GBD 2023
United States of America,Male,0-4 years,1998,9994462.834933735,GBD 2023
United States of America,Male,0-4 years,1999,9975970.362001576,GBD 2023
United States of America,Male,0-4 years,2000,9993093.331070624,GBD 2023
United States of America,Male,0-4 years,2001,10073434.734290132,GBD 2023
United States of America,Male,0-4 years,2002,10148385.96850119,GBD 2023
United States of America,Male,0-4 years,2003,10205852.545803089,GBD 2023
United States of America,Male,0-4 years,2004,10262871.57833935,GBD 2023
United States of America,Male,0-4 years,2005,10317343.273277463,GBD 2023
United States of America,Male,0-4 years,2006,10403100.837091174,GBD 2023
United States of America,Male,0-4 years,2007,10500825.739221996,GBD 2023
United States of America,Male,0-4 years,2008,10566876.285323624,GBD 2023
United States of America,Male,0-4 years,2009,10564474.54632317,GBD 2023
United States of America,Male,0-4 years,2010,10505160.7633631,GBD 2023
United States of America,Male,0-4 years,2011,10398273.987740882,GBD 2023
United States of America,Male,0-4 years,2012,10269040.860420948,GBD 2023
United States of America,Male,0-4 years,2013,10160139.654620998,GBD 2023
United States of America,Male,0-4 years,2014,10117567.957103075,GBD 2023
United States of America,Male,0-4 years,2015,10129446.298406,GBD 2023
United States of America,Male,0-4 years,2016,10148827.785350844,GBD 2023
United States of America,Male,0-4 years,2017,10136037.62107877,GBD 2023
United States of America,Male,0-4 years,2018,10071156.609268038,GBD 2023
United States of America,Male,0-4 years,2019,9947338.757767197,GBD 2023
United States of America,Male,0-4 years,2020,9785162.845431004,GBD 2023
United States of America,Male,0-4 years,2021,9628694.050833138,GBD 2023
United States of America,Male,0-4 years,2022,9535182.829538418,GBD 2023
United States of America,Male,0-4 years,2023,9468452.22792156,GBD 2023
United States of America,Male,10-14 years,1990,9027043.781580169,GBD 2023
United States of America,Male,10-14 years,1991,9277818.003615707,GBD 2023
United States of America,Male,10-14 years,1992,9483546.385699255,GBD 2023
United States of America,Male,10-14 years,1993,9656691.174944503,GBD 2023
United States of America,Male,10-14 years,1994,9783809.7760179,GBD 2023
United States of America,Male,10-14 years,1995,9865779.404382346,GBD 2023
United States of America,Male,10-14 years,1996,9958172.084465012,GBD 2023
United States of America,Male,10-14 years,1997,10066794.295382254,GBD 2023
United States of America,Male,10-14 years,1998,10198377.979886854,GBD 2023
United States of America,Male,10-14 years,1999,10386601.912086371,GBD 2023
United States of America,Male,10-14 years,2000,10587343.409075374,GBD 2023
United States of America,Male,10-14 years,2001,10779121.520714443,GBD 2023
United States of America,Male,10-14 years,2002,10939499.215032011,GBD 2023
United States of America,Male,10-14 years,2003,11021392.10838866,GBD 2023
United States of America,Male,10-14 years,2004,11024818.397918582,GBD 2023
United States of America,Male,10-14 years,2005,10941325.471964672,GBD 2023
United States of America,Male,10-14 years,2006,10830933.183314908,GBD 2023
United States of America,Male,10-14 years,2007,10722766.071248498,GBD 2023
United States of America,Male,10-14 years,2008,10650787.624011736,GBD 2023
United States of America,Male,10-14 years,2009,10624950.142661557,GBD 2023
United States of America,Male,10-14 years,2010,10647061.222141692,GBD 2023
United States of America,Male,10-14 years,2011,10688845.377207702,GBD 2023
United States of America,Male,10-14 years,2012,10726140.161504228,GBD 2023
United States of America,Male,10-14 years,2013,10761306.213924242,GBD 2023
United States of America,Male,10-14 years,2014,10797823.892983709,GBD 2023
United States of America,Male,10-14 years,2015,10829514.852977276,GBD 2023
United States of America,Male,10-14 years,2016,10899186.19896898,GBD 2023
United States of America,Male,10-14 years,2017,11015414.782489665,GBD 2023
United States of America,Male,10-14 years,2018,11112211.269745132,GBD 2023
United States of America,Male,10-14 years,2019,11136781.90002368,GBD 2023
United States of America,Male,10-14 years,2020,11101637.561335225,GBD 2023
United States of America,Male,10-14 years,2021,11002065.39551311,GBD 2023
United States of America,Male,10-14 years,2022,10880163.03403149,GBD 2023
United States of America,Male,10-14 years,2023,10772793.968548024,GBD 2023
United States of America,Male,15-19 years,1990,9320231.166150352,GBD 2023
United States of America,Male,15-19 years,1991,9077968.713091968,GBD 2023
United States of America,Male,15-19 years,1992,9027238.098561289,GBD 2023
United States of America,Male,15-19 years,1993,9126583.44644318,GBD 2023
United States of America,Male,15-19 years,1994,9323745.808706287,GBD 2023
United States of America,Male,15-19 years,1995,9573096.622225624,GBD 2023
United States of America,Male,15-19 years,1996,9837843.10398154,GBD 2023
United States of America,Male,15-19 years,1997,10054746.056428673,GBD 2023
United States of America,Male,15-19 years,1998,10233457.127751833,GBD 2023
United States of America,Male,15-19 years,1999,10353259.967528457,GBD 2023
United States of America,Male,15-19 years,2000,10412244.679626033,GBD 2023
United States of America,Male,15-19 years,2001,10530041.868870284,GBD 2023
United States of America,Male,15-19 years,2002,10630269.432661168,GBD 2023
United States of America,Male,15-19 years,2003,10728897.085618572,GBD 2023
United States of America,Male,15-19 years,2004,10899967.55953098,GBD 2023
United States of America,Male,15-19 years,2005,11085511.386752246,GBD 2023
United States of America,Male,15-19 years,2006,11258658.63975186,GBD 2023
United States of America,Male,15-19 years,2007,11399456.49243497,GBD 2023
United States of America,Male,15-19 years,2008,11470051.178187927,GBD 2023
United States of America,Male,15-19 years,2009,11449001.529237676,GBD 2023
United States of America,Male,15-19 years,2010,11337177.0063733,GBD 2023
United States of America,Male,15-19 years,2011,11194798.836883403,GBD 2023
United States of America,Male,15-19 years,2012,11060862.344164995,GBD 2023
United States of America,Male,15-19 years,2013,10963283.329848984,GBD 2023
United States of America,Male,15-19 years,2014,10921166.212654367,GBD 2023
United States of America,Male,15-19 years,2015,10939040.331865603,GBD 2023
United States of America,Male,15-19 years,2016,10976509.908103105,GBD 2023
United States of America,Male,15-19 years,2017,10998716.088430246,GBD 2023
United States of America,Male,15-19 years,2018,11008823.186295949,GBD 2023
United States of America,Male,15-19 years,2019,11016053.396963578,GBD 2023
United States of America,Male,15-19 years,2020,11011460.975553596,GBD 2023
United States of America,Male,15-19 years,2021,11044510.697008094,GBD 2023
United States of America,Male,15-19 years,2022,11177787.606142534,GBD 2023
United States of America,Male,15-19 years,2023,11304046.503212946,GBD 2023
United States of America,Male,20-24 years,1990,9990986.732238846,GBD 2023
United States of America,Male,20-24 years,1991,10084249.246967535,GBD 2023
United States of America,Male,20-24 years,1992,10089205.93346997,GBD 2023
United States of America,Male,20-24 years,1993,10015839.127870977,GBD 2023
United States of America,Male,20-24 years,1994,9841332.72913499,GBD 2023
United States of America,Male,20-24 years,1995,9599928.037778905,GBD 2023
United States of America,Male,20-24 years,1996,9365580.361302666,GBD 2023
United States of America,Male,20-24 years,1997,9304651.062535316,GBD 2023
United States of America,Male,20-24 years,1998,9381593.005800514,GBD 2023
United States of America,Male,20-24 years,1999,9543608.31386443,GBD 2023
United States of America,Male,20-24 years,2000,9745877.62419588,GBD 2023
United States of America,Male,20-24 years,2001,10079755.403079543,GBD 2023
United States of America,Male,20-24 years,2002,10340967.8841839,GBD 2023
United States of America,Male,20-24 years,2003,10518414.557537688,GBD 2023
United States of America,Male,20-24 years,2004,10649475.929958845,GBD 2023
United States of America,Male,20-24 years,2005,10704019.328940174,GBD 2023
United States of America,Male,20-24 years,2006,10768197.633000553,GBD 2023
United States of America,Male,20-24 years,2007,10812296.180101637,GBD 2023
United States of America,Male,20-24 years,2008,10879380.863079593,GBD 2023
United States of America,Male,20-24 years,2009,11006093.755488666,GBD 2023
United States of America,Male,20-24 years,2010,11159827.514094109,GBD 2023
United States of America,Male,20-24 years,2011,11313955.260756252,GBD 2023
United States of America,Male,20-24 years,2012,11459404.470178118,GBD 2023
United States of America,Male,20-24 years,2013,11534476.581311302,GBD 2023
United States of America,Male,20-24 years,2014,11537026.579862531,GBD 2023
United States of America,Male,20-24 years,2015,11457805.673775071,GBD 2023
United States of America,Male,20-24 years,2016,11338618.207948085,GBD 2023
United States of America,Male,20-24 years,2017,11206884.609080603,GBD 2023
United States of America,Male,20-24 years,2018,11084692.710126843,GBD 2023
United States of America,Male,20-24 years,2019,10994463.693554897,GBD 2023
United States of America,Male,20-24 years,2020,10954342.614190854,GBD 2023
United States of America,Male,20-24 years,2021,10928986.712554106,GBD 2023
United States of America,Male,20-24 years,2022,10986271.340190845,GBD 2023
United States of America,Male,20-24 years,2023,11070684.901490845,GBD 2023
United States of America,Male,25-29 years,1990,10923338.006422304,GBD 2023
United States of America,Male,25-29 years,1991,10713439.708403287,GBD 2023
United States of America,Male,25-29 years,1992,10506438.02163818,GBD 2023
United States of America,Male,25-29 years,1993,10299048.784302128,GBD 2023
United States of America,Male,25-29 years,1994,10162856.47497443,GBD 2023
United States of America,Male,25-29 years,1995,10140933.085380515,GBD 2023
United States of America,Male,25-29 years,1996,10232862.066912772,GBD 2023
United States of America,Male,25-29 years,1997,10238930.353109654,GBD 2023
United States of America,Male,25-29 years,1998,10159433.234085985,GBD 2023
United States of America,Male,25-29 years,1999,9972436.981752314,GBD 2023
United States of America,Male,25-29 years,2000,9711374.43019322,GBD 2023
United States of America,Male,25-29 years,2001,9532835.217883248,GBD 2023
United States of America,Male,25-29 years,2002,9509634.207350967,GBD 2023
United States of America,Male,25-29 years,2003,9600480.53612611,GBD 2023
United States of America,Male,25-29 years,2004,9792161.87329103,GBD 2023
United States of America,Male,25-29 years,2005,10029398.514912669,GBD 2023
United States of America,Male,25-29 years,2006,10285388.636720462,GBD 2023
United States of America,Male,25-29 years,2007,10481909.24955492,GBD 2023
United States of America,Male,25-29 years,2008,10638125.351841582,GBD 2023
United States of America,Male,25-29 years,2009,10726507.767258136,GBD 2023
United States of America,Male,25-29 years,2010,10754626.653171904,GBD 2023
United States of America,Male,25-29 years,2011,10806234.385354431,GBD 2023
United States of America,Male,25-29 years,2012,10865289.5152472,GBD 2023
United States of America,Male,25-29 years,2013,10950894.015615655,GBD 2023
United States of America,Male,25-29 years,2014,11122251.28945386,GBD 2023
United States of America,Male,25-29 years,2015,11330053.409369305,GBD 2023
United States of America,Male,25-29 years,2016,11529531.863043245,GBD 2023
United States of America,Male,25-29 years,2017,11696675.430450056,GBD 2023
United States of America,Male,25-29 years,2018,11766814.45402984,GBD 2023
United States of America,Male,25-29 years,2019,11730345.488798652,GBD 2023
United States of America,Male,25-29 years,2020,11579709.090034278,GBD 2023
United States of America,Male,25-29 years,2021,11373821.573523007,GBD 2023
United States of America,Male,25-29 years,2022,11240233.351421531,GBD 2023
United States of America,Male,25-29 years,2023,11169651.166496215,GBD 2023
United States of America,Male,30-34 years,1990,11134309.472872326,GBD 2023
United States of America,Male,30-34 years,1991,11248892.413917122,GBD 2023
United States of America,Male,30-34 years,1992,11285387.62705472,GBD 2023
United States of America,Male,30-34 years,1993,11266151.440240815,GBD 2023
United States of America,Male,30-34 years,1994,11275331.402326932,GBD 2023
United States of America,Male,30-34 years,1995,11145440.726630256,GBD 2023
United States of America,Male,30-34 years,1996,10945221.885846833,GBD 2023
United States of America,Male,30-34 years,1997,10734460.638021398,GBD 2023
United States of America,Male,30-34 years,1998,10515984.623298625,GBD 2023
United States of America,Male,30-34 years,1999,10354426.212635614,GBD 2023
United States of America,Male,30-34 years,2000,10301551.786756044,GBD 2023
United States of America,Male,30-34 years,2001,10408277.23407939,GBD 2023
United States of America,Male,30-34 years,2002,10428943.396229824,GBD 2023
United States of America,Male,30-34 years,2003,10352242.119216816,GBD 2023
United States of America,Male,30-34 years,2004,10186028.340412697,GBD 2023
United States of America,Male,30-34 years,2005,9954724.05418972,GBD 2023
United States of America,Male,30-34 years,2006,9722481.00542248,GBD 2023
United States of America,Male,30-34 years,2007,9655373.413184632,GBD 2023
United States of America,Male,30-34 years,2008,9731970.49035616,GBD 2023
United States of America,Male,30-34 years,2009,9893516.524094531,GBD 2023
United States of America,Male,30-34 years,2010,10113615.0750427,GBD 2023
United States of America,Male,30-34 years,2011,10359162.479162058,GBD 2023
United States of America,Male,30-34 years,2012,10574852.5708011,GBD 2023
United States of America,Male,30-34 years,2013,10760354.635306695,GBD 2023
United States of America,Male,30-34 years,2014,10895685.331454104,GBD 2023
United States of America,Male,30-34 years,2015,10977462.226066582,GBD 2023
United States of America,Male,30-34 years,2016,11071989.68338704,GBD 2023
United States of America,Male,30-34 years,2017,11153324.583020482,GBD 2023
United States of America,Male,30-34 years,2018,11244620.099751674,GBD 2023
United States of America,Male,30-34 years,2019,11401691.03248668,GBD 2023
United States of America,Male,30-34 years,2020,11567467.412742916,GBD 2023
United States of America,Male,30-34 years,2021,11706103.035111764,GBD 2023
United States of America,Male,30-34 years,2022,11858406.31973044,GBD 2023
United States of America,Male,30-34 years,2023,11948148.121294456,GBD 2023
United States of America,Male,35-39 years,1990,10114807.254022611,GBD 2023
United States of America,Male,35-39 years,1991,10356835.808294935,GBD 2023
United States of America,Male,35-39 years,1992,10610624.956899228,GBD 2023
United States of America,Male,35-39 years,1993,10847660.041541448,GBD 2023
United States of America,Male,35-39 years,1994,11007562.292682927,GBD 2023
United States of America,Male,35-39 years,1995,11182250.917044863,GBD 2023
United States of America,Male,35-39 years,1996,11314163.753831128,GBD 2023
United States of America,Male,35-39 years,1997,11371166.745871898,GBD 2023
United States of America,Male,35-39 years,1998,11369304.299400307,GBD 2023
United States of America,Male,35-39 years,1999,11391159.210789444,GBD 2023
United States of America,Male,35-39 years,2000,11276067.618916564,GBD 2023
United States of America,Male,35-39 years,2001,11103049.70580981,GBD 2023
United States of America,Male,35-39 years,2002,10899887.02599585,GBD 2023
United States of America,Male,35-39 years,2003,10677629.98208621,GBD 2023
United States of America,Male,35-39 years,2004,10518189.67527971,GBD 2023
United States of America,Male,35-39 years,2005,10477647.816234533,GBD 2023
United States of America,Male,35-39 years,2006,10556749.138482938,GBD 2023
United States of America,Male,35-39 years,2007,10553176.986737888,GBD 2023
United States of America,Male,35-39 years,2008,10468627.211110188,GBD 2023
United States of America,Male,35-39 years,2009,10290372.5725744,GBD 2023
United States of America,Male,35-39 years,2010,10059995.01587112,GBD 2023
United States of America,Male,35-39 years,2011,9829479.316113733,GBD 2023
United States of America,Male,35-39 years,2012,9777091.663972909,GBD 2023
United States of America,Male,35-39 years,2013,9872197.143140197,GBD 2023
United States of America,Male,35-39 years,2014,10061055.276201496,GBD 2023
United States of America,Male,35-39 years,2015,10314696.32615339,GBD 2023
United States of America,Male,35-39 years,2016,10591712.112730674,GBD 2023
United States of America,Male,35-39 years,2017,10829528.086504793,GBD 2023
United States of America,Male,35-39 years,2018,11027668.277793609,GBD 2023
United States of America,Male,35-39 years,2019,11156298.394584533,GBD 2023
United States of America,Male,35-39 years,2020,11214974.047238745,GBD 2023
United States of America,Male,35-39 years,2021,11269957.53071882,GBD 2023
United States of America,Male,35-39 years,2022,11335073.003787706,GBD 2023
United States of America,Male,35-39 years,2023,11430970.237131564,GBD 2023
United States of America,Male,40-44 years,1990,8927684.514486292,GBD 2023
United States of America,Male,40-44 years,1991,9398982.21346694,GBD 2023
United States of America,Male,40-44 years,1992,9460885.276952136,GBD 2023
United States of America,Male,40-44 years,1993,9578814.378473708,GBD 2023
United States of America,Male,40-44 years,1994,9816162.99563077,GBD 2023
United States of America,Male,40-44 years,1995,10055346.210195364,GBD 2023
United States of America,Male,40-44 years,1996,10299044.121611582,GBD 2023
United States of America,Male,40-44 years,1997,10553158.912692852,GBD 2023
United States of America,Male,40-44 years,1998,10796704.463218162,GBD 2023
United States of America,Male,40-44 years,1999,10968176.365553608,GBD 2023
United States of America,Male,40-44 years,2000,11149830.606841592,GBD 2023
United States of America,Male,40-44 years,2001,11290093.365310196,GBD 2023
United States of America,Male,40-44 years,2002,11354299.13623265,GBD 2023
United States of America,Male,40-44 years,2003,11350942.104181267,GBD 2023
United States of America,Male,40-44 years,2004,11373497.90243545,GBD 2023
United States of America,Male,40-44 years,2005,11268051.912069054,GBD 2023
United States of America,Male,40-44 years,2006,11083674.76720906,GBD 2023
United States of America,Male,40-44 years,2007,10871921.181094036,GBD 2023
United States of America,Male,40-44 years,2008,10653092.19537535,GBD 2023
United States of America,Male,40-44 years,2009,10488530.27701848,GBD 2023
United States of America,Male,40-44 years,2010,10449338.6556082,GBD 2023
United States of America,Male,40-44 years,2011,10532465.2683159,GBD 2023
United States of America,Male,40-44 years,2012,10543849.359398628,GBD 2023
United States of America,Male,40-44 years,2013,10475489.66272606,GBD 2023
United States of America,Male,40-44 years,2014,10321756.521089682,GBD 2023
United States of America,Male,40-44 years,2015,10116840.824382352,GBD 2023
United States of America,Male,40-44 years,2016,9900702.22396946,GBD 2023
United States of America,Male,40-44 years,2017,9857740.026171727,GBD 2023
United States of America,Male,40-44 years,2018,9955052.280475888,GBD 2023
United States of America,Male,40-44 years,2019,10136147.61429228,GBD 2023
United States of America,Male,40-44 years,2020,10368847.82156886,GBD 2023
United States of America,Male,40-44 years,2021,10614627.111028586,GBD 2023
United States of America,Male,40-44 years,2022,10836675.991685396,GBD 2023
United States of America,Male,40-44 years,2023,11034382.594724791,GBD 2023
United States of America,Male,45-49 years,1990,6871799.877347567,GBD 2023
United States of America,Male,45-49 years,1991,7031726.290817848,GBD 2023
United States of America,Male,45-49 years,1992,7590294.390480765,GBD 2023
United States of America,Male,45-49 years,1993,7980335.4966875315,GBD 2023
United States of America,Male,45-49 years,1994,8325501.509652107,GBD 2023
United States of America,Male,45-49 years,1995,8758359.317048322,GBD 2023
United States of America,Male,45-49 years,1996,9221786.222268552,GBD 2023
United States of America,Male,45-49 years,1997,9291101.973606238,GBD 2023
United States of America,Male,45-49 years,1998,9418741.808972169,GBD 2023
United States of America,Male,45-49 years,1999,9661061.847543566,GBD 2023
United States of America,Male,45-49 years,2000,9914337.311707163,GBD 2023
United States of America,Male,45-49 years,2001,10169531.485354723,GBD 2023
United States of America,Male,45-49 years,2002,10426550.244561229,GBD 2023
United States of America,Male,45-49 years,2003,10670274.72988286,GBD 2023
United States of America,Male,45-49 years,2004,10848260.640767455,GBD 2023
United States of America,Male,45-49 years,2005,11032274.10050486,GBD 2023
United States of America,Male,45-49 years,2006,11175159.088897908,GBD 2023
United States of America,Male,45-49 years,2007,11243598.5307574,GBD 2023
United States of America,Male,45-49 years,2008,11252817.290480502,GBD 2023
United States of America,Male,45-49 years,2009,11281344.6229488,GBD 2023
United States of America,Male,45-49 years,2010,11188022.492189258,GBD 2023
United States of America,Male,45-49 years,2011,11015918.03024112,GBD 2023
United States of America,Male,45-49 years,2012,10819692.252639798,GBD 2023
United States of America,Male,45-49 years,2013,10618282.521475192,GBD 2023
United States of America,Male,45-49 years,2014,10473957.16872797,GBD 2023
United States of America,Male,45-49 years,2015,10456594.534680808,GBD 2023
United States of America,Male,45-49 years,2016,10558664.046632567,GBD 2023
United States of America,Male,45-49 years,2017,10579602.5332086,GBD 2023
United States of America,Male,45-49 years,2018,10513160.20256668,GBD 2023
United States of America,Male,45-49 years,2019,10358268.205323784,GBD 2023
United States of America,Male,45-49 years,2020,10143710.679675566,GBD 2023
United States of America,Male,45-49 years,2021,9902197.194467532,GBD 2023
United States of America,Male,45-49 years,2022,9843724.67633064,GBD 2023
United States of America,Male,45-49 years,2023,9934667.077374171,GBD 2023
United States of America,Male,5-9 years,1990,9506043.619177004,GBD 2023
United States of America,Male,5-9 years,1991,9593964.901455987,GBD 2023
United States of America,Male,5-9 years,1992,9711458.17007986,GBD 2023
United States of America,Male,5-9 years,1993,9857811.299008384,GBD 2023
United States of America,Male,5-9 years,1994,10055727.197012512,GBD 2023
United States of America,Male,5-9 years,1995,10258505.537931526,GBD 2023
United States of America,Male,5-9 years,1996,10431393.883800276,GBD 2023
United States of America,Male,5-9 years,1997,10565957.780305944,GBD 2023
United States of America,Male,5-9 years,1998,10628122.665706713,GBD 2023
United States of America,Male,5-9 years,1999,10608275.709684735,GBD 2023
United States of America,Male,5-9 years,2000,10510464.212656064,GBD 2023
United States of America,Male,5-9 years,2001,10410915.379165506,GBD 2023
United States of America,Male,5-9 years,2002,10317831.714454832,GBD 2023
United States of America,Male,5-9 years,2003,10253420.90629382,GBD 2023
United States of America,Male,5-9 years,2004,10245566.659358729,GBD 2023
United States of America,Male,5-9 years,2005,10279352.177533893,GBD 2023
United States of America,Male,5-9 years,2006,10333158.78192424,GBD 2023
United States of America,Male,5-9 years,2007,10379158.822709445,GBD 2023
United States of America,Male,5-9 years,2008,10421215.058250932,GBD 2023
United States of America,Male,5-9 years,2009,10453657.765074965,GBD 2023
United States of America,Male,5-9 years,2010,10479660.29763556,GBD 2023
United States of America,Male,5-9 years,2011,10541542.089190103,GBD 2023
United States of America,Male,5-9 years,2012,10646708.931690125,GBD 2023
United States of America,Male,5-9 years,2013,10736357.16792017,GBD 2023
United States of America,Male,5-9 years,2014,10768777.83484424,GBD 2023
United States of America,Male,5-9 years,2015,10751136.838435054,GBD 2023
United States of America,Male,5-9 years,2016,10677804.707691312,GBD 2023
United States of America,Male,5-9 years,2017,10565594.660093237,GBD 2023
United States of America,Male,5-9 years,2018,10459280.839298222,GBD 2023
United States of America,Male,5-9 years,2019,10411494.02041319,GBD 2023
United States of America,Male,5-9 years,2020,10408539.95704616,GBD 2023
United States of America,Male,5-9 years,2021,10405380.84164307,GBD 2023
United States of America,Male,5-9 years,2022,10390809.112125857,GBD 2023
United States of America,Male,5-9 years,2023,10335694.932773435,GBD 2023
United States of America,Male,50-54 years,1990,5577492.794117357,GBD 2023
United States of America,Male,50-54 years,1991,5711780.012931085,GBD 2023
United States of America,Male,50-54 years,1992,5896994.30447537,GBD 2023
United States of America,Male,50-54 years,1993,6209773.493067948,GBD 2023
United States of America,Male,50-54 years,1994,6481521.007341507,GBD 2023
United States of America,Male,50-54 years,1995,6706094.214473621,GBD 2023
United States of America,Male,50-54 years,1996,6871049.020452468,GBD 2023
United States of America,Male,50-54 years,1997,7425919.136636623,GBD 2023
United States of America,Male,50-54 years,1998,7821262.342531226,GBD 2023
United States of America,Male,50-54 years,1999,8179457.753478864,GBD 2023
United States of America,Male,50-54 years,2000,8619263.393694757,GBD 2023
United States of America,Male,50-54 years,2001,9070329.334209813,GBD 2023
United States of America,Male,50-54 years,2002,9141027.719998924,GBD 2023
United States of America,Male,50-54 years,2003,9268126.593613112,GBD 2023
United States of America,Male,50-54 years,2004,9505711.52101719,GBD 2023
United States of America,Male,50-54 years,2005,9760281.523745492,GBD 2023
United States of America,Male,50-54 years,2006,10023569.515286418,GBD 2023
United States of America,Male,50-54 years,2007,10287398.409089591,GBD 2023
United States of America,Male,50-54 years,2008,10540201.337201027,GBD 2023
United States of America,Male,50-54 years,2009,10724505.48818685,GBD 2023
United States of America,Male,50-54 years,2010,10911292.764012126,GBD 2023
United States of America,Male,50-54 years,2011,11058332.87541082,GBD 2023
United States of America,Male,50-54 years,2012,11133315.930118635,GBD 2023
United States of America,Male,50-54 years,2013,11149901.070920058,GBD 2023
United States of America,Male,50-54 years,2014,11184525.885480348,GBD 2023
United States of America,Male,50-54 years,2015,11099211.939286027,GBD 2023
United States of America,Male,50-54 years,2016,10932074.012305344,GBD 2023
United States of America,Male,50-54 years,2017,10738199.96660158,GBD 2023
United States of America,Male,50-54 years,2018,10538640.07368215,GBD 2023
United States of America,Male,50-54 years,2019,10393779.406839266,GBD 2023
United States of America,Male,50-54 years,2020,10366414.08008299,GBD 2023
United States of America,Male,50-54 years,2021,10444628.247363606,GBD 2023
United States of America,Male,50-54 years,2022,10446768.313842203,GBD 2023
United States of America,Male,50-54 years,2023,10372046.102569127,GBD 2023
United States of America,Male,55-59 years,1990,5026758.607129159,GBD 2023
United States of America,Male,55-59 years,1991,5014117.513977162,GBD 2023
United States of America,Male,55-59 years,1992,5045625.739476344,GBD 2023
United States of America,Male,55-59 years,1993,5119770.475478764,GBD 2023
United States of America,Male,55-59 years,1994,5222238.815633192,GBD 2023
United States of America,Male,55-59 years,1995,5340068.079563568,GBD 2023
United States of America,Male,55-59 years,1996,5472943.660143876,GBD 2023
United States of America,Male,55-59 years,1997,5659615.444965736,GBD 2023
United States of America,Male,55-59 years,1998,5969954.946131333,GBD 2023
United States of America,Male,55-59 years,1999,6243729.971806765,GBD 2023
United States of America,Male,55-59 years,2000,6475299.344200434,GBD 2023
United States of America,Male,55-59 years,2001,6644472.474655704,GBD 2023
United States of America,Male,55-59 years,2002,7185059.223086804,GBD 2023
United States of America,Male,55-59 years,2003,7572615.920192218,GBD 2023
United States of America,Male,55-59 years,2004,7925518.589207701,GBD 2023
United States of America,Male,55-59 years,2005,8351631.287115554,GBD 2023
United States of America,Male,55-59 years,2006,8793395.35138537,GBD 2023
United States of America,Male,55-59 years,2007,8867227.119585725,GBD 2023
United States of America,Male,55-59 years,2008,9001353.431336189,GBD 2023
United States of America,Male,55-59 years,2009,9239086.807972835,GBD 2023
United States of America,Male,55-59 years,2010,9497877.500963176,GBD 2023
United States of America,Male,55-59 years,2011,9765015.234001296,GBD 2023
United States of America,Male,55-59 years,2012,10030818.78063233,GBD 2023
United States of America,Male,55-59 years,2013,10283963.077871386,GBD 2023
United States of America,Male,55-59 years,2014,10470476.398303786,GBD 2023
United States of America,Male,55-59 years,2015,10657596.488414224,GBD 2023
United States of America,Male,55-59 years,2016,10807338.8243479,GBD 2023
United States of America,Male,55-59 years,2017,10884574.19134522,GBD 2023
United States of America,Male,55-59 years,2018,10904007.812246852,GBD 2023
United States of America,Male,55-59 years,2019,10936008.302729934,GBD 2023
United States of America,Male,55-59 years,2020,10840562.071629949,GBD 2023
United States of America,Male,55-59 years,2021,10648967.55915405,GBD 2023
United States of America,Male,55-59 years,2022,10438347.146284431,GBD 2023
United States of America,Male,55-59 years,2023,10236011.983589318,GBD 2023
United States of America,Male,60-64 years,1990,4972326.508417857,GBD 2023
United States of America,Male,60-64 years,1991,4944327.528969923,GBD 2023
United States of America,Male,60-64 years,1992,4878823.8343562335,GBD 2023
United States of America,Male,60-64 years,1993,4808152.076681589,GBD 2023
United States of America,Male,60-64 years,1994,4749778.311579384,GBD 2023
United States of America,Male,60-64 years,1995,4723738.975792913,GBD 2023
United States of America,Male,60-64 years,1996,4723336.66380189,GBD 2023
United States of America,Male,60-64 years,1997,4763918.344163627,GBD 2023
United States of America,Male,60-64 years,1998,4848804.189283692,GBD 2023
United States of America,Male,60-64 years,1999,4963002.658013121,GBD 2023
United States of America,Male,60-64 years,2000,5088045.915255939,GBD 2023
United States of America,Male,60-64 years,2001,5219539.118598423,GBD 2023
United States of America,Male,60-64 years,2002,5404658.443303918,GBD 2023
United States of America,Male,60-64 years,2003,5705882.650752655,GBD 2023
United States of America,Male,60-64 years,2004,5971164.45872829,GBD 2023
United States of America,Male,60-64 years,2005,6197170.944361096,GBD 2023
United States of America,Male,60-64 years,2006,6373315.825239938,GBD 2023
United States of America,Male,60-64 years,2007,6907988.549071042,GBD 2023
United States of America,Male,60-64 years,2008,7292393.859564494,GBD 2023
United States of America,Male,60-64 years,2009,7640802.224584359,GBD 2023
United States of America,Male,60-64 years,2010,8051253.012748424,GBD 2023
United States of America,Male,60-64 years,2011,8473323.305975223,GBD 2023
United States of America,Male,60-64 years,2012,8540698.547641769,GBD 2023
United States of America,Male,60-64 years,2013,8668307.593577756,GBD 2023
United States of America,Male,60-64 years,2014,8894882.014554521,GBD 2023
United States of America,Male,60-64 years,2015,9141808.357488204,GBD 2023
United States of America,Male,60-64 years,2016,9394972.968255669,GBD 2023
United States of America,Male,60-64 years,2017,9647784.886204269,GBD 2023
United States of America,Male,60-64 years,2018,9887522.3964259,GBD 2023
United States of America,Male,60-64 years,2019,10063278.283988768,GBD 2023
United States of America,Male,60-64 years,2020,10227141.148720758,GBD 2023
United States of America,Male,60-64 years,2021,10339248.613292968,GBD 2023
United States of America,Male,60-64 years,2022,10388434.815685147,GBD 2023
United States of America,Male,60-64 years,2023,10397769.436163358,GBD 2023
United States of America,Male,65-69 years,1990,4521819.515788734,GBD 2023
United States of America,Male,65-69 years,1991,4535388.026217975,GBD 2023
United States of America,Male,65-69 years,1992,4522784.010999204,GBD 2023
United States of America,Male,65-69 years,1993,4534501.528475934,GBD 2023
United States of America,Male,65-69 years,1994,4509200.964361883,GBD 2023
United States of America,Male,65-69 years,1995,4494189.296761304,GBD 2023
United States of America,Male,65-69 years,1996,4480098.928315601,GBD 2023
United States of America,Male,65-69 years,1997,4432363.264961307,GBD 2023
United States of America,Male,65-69 years,1998,4381667.107726593,GBD 2023
United States of America,Male,65-69 years,1999,4341215.240868172,GBD 2023
United States of America,Male,65-69 years,2000,4335376.088459189,GBD 2023
United States of America,Male,65-69 years,2001,4348522.245063059,GBD 2023
United States of America,Male,65-69 years,2002,4396449.316875932,GBD 2023
United States of America,Male,65-69 years,2003,4485741.833986408,GBD 2023
United States of America,Male,65-69 years,2004,4601832.414570266,GBD 2023
United States of America,Male,65-69 years,2005,4725466.762063252,GBD 2023
United States of America,Male,65-69 years,2006,4862393.318163539,GBD 2023
United States of America,Male,65-69 years,2007,5050071.380949693,GBD 2023
United States of America,Male,65-69 years,2008,5346686.420264933,GBD 2023
United States of America,Male,65-69 years,2009,5601971.7607486285,GBD 2023
United States of America,Male,65-69 years,2010,5820340.719426114,GBD 2023
United States of America,Male,65-69 years,2011,5991149.375682949,GBD 2023
United States of America,Male,65-69 years,2012,6504102.42055802,GBD 2023
United States of America,Male,65-69 years,2013,6868133.529518031,GBD 2023
United States of America,Male,65-69 years,2014,7193642.518471589,GBD 2023
United States of America,Male,65-69 years,2015,7572983.128660904,GBD 2023
United States of America,Male,65-69 years,2016,7955639.360842082,GBD 2023
United States of America,Male,65-69 years,2017,8008659.506058176,GBD 2023
United States of America,Male,65-69 years,2018,8123326.868954757,GBD 2023
United States of America,Male,65-69 years,2019,8329522.070348602,GBD 2023
United States of America,Male,65-69 years,2020,8543772.238162555,GBD 2023
United States of America,Male,65-69 years,2021,8743158.203312367,GBD 2023
United States of America,Male,65-69 years,2022,8952514.174778633,GBD 2023
United States of America,Male,65-69 years,2023,9168492.525340216,GBD 2023
United States of America,Male,70-74 years,1990,3460334.011748668,GBD 2023
United States of America,Male,70-74 years,1991,3543535.132527221,GBD 2023
United States of America,Male,70-74 years,1992,3645699.673334856,GBD 2023
United States of America,Male,70-74 years,1993,3715676.4637469817,GBD 2023
United States of America,Male,70-74 years,1994,3778168.865186601,GBD 2023
United States of America,Male,70-74 years,1995,3825869.045722648,GBD 2023
United States of America,Male,70-74 years,1996,3845406.819382866,GBD 2023
United States of America,Male,70-74 years,1997,3844657.7899261536,GBD 2023
United States of America,Male,70-74 years,1998,3866553.2148633194,GBD 2023
United States of America,Male,70-74 years,1999,3857399.901854463,GBD 2023
United States of America,Male,70-74 years,2000,3859196.655569758,GBD 2023
United States of America,Male,70-74 years,2001,3862251.573747263,GBD 2023
United States of America,Male,70-74 years,2002,3836011.9910116703,GBD 2023
United States of America,Male,70-74 years,2003,3807071.8855184894,GBD 2023
United States of America,Male,70-74 years,2004,3785901.4311009934,GBD 2023
United States of America,Male,70-74 years,2005,3795959.43518384,GBD 2023
United States of America,Male,70-74 years,2006,3825907.013506903,GBD 2023
United States of America,Male,70-74 years,2007,3885338.2457733736,GBD 2023
United States of America,Male,70-74 years,2008,3981951.437080348,GBD 2023
United States of America,Male,70-74 years,2009,4098773.52883536,GBD 2023
United States of America,Male,70-74 years,2010,4219806.615907975,GBD 2023
United States of America,Male,70-74 years,2011,4350070.847040917,GBD 2023
United States of America,Male,70-74 years,2012,4525061.716223224,GBD 2023
United States of America,Male,70-74 years,2013,4797903.112425135,GBD 2023
United States of America,Male,70-74 years,2014,5028600.303003665,GBD 2023
United States of America,Male,70-74 years,2015,5224372.447532013,GBD 2023
United States of America,Male,70-74 years,2016,5377487.767985352,GBD 2023
United States of America,Male,70-74 years,2017,5845858.782741695,GBD 2023
United States of America,Male,70-74 years,2018,6176982.014413951,GBD 2023
United States of America,Male,70-74 years,2019,6469906.230396286,GBD 2023
United States of America,Male,70-74 years,2020,6793869.111989871,GBD 2023
United States of America,Male,70-74 years,2021,7096893.581742186,GBD 2023
United States of America,Male,70-74 years,2022,7117879.280273195,GBD 2023
United States of America,Male,70-74 years,2023,7214705.001154518,GBD 2023
United States of America,Male,75-79 years,1990,2411238.023098269,GBD 2023
United States of America,Male,75-79 years,1991,2462992.305178294,GBD 2023
United States of America,Male,75-79 years,1992,2509632.8174802857,GBD 2023
United States of America,Male,75-79 years,1993,2559706.592950481,GBD 2023
United States of America,Male,75-79 years,1994,2606438.9971978017,GBD 2023
United States of America,Male,75-79 years,1995,2674953.6345206,GBD 2023
United States of America,Male,75-79 years,1996,2750554.916640162,GBD 2023
United States of America,Male,75-79 years,1997,2839738.254218584,GBD 2023
United States of America,Male,75-79 years,1998,2903266.731893535,GBD 2023
United States of America,Male,75-79 years,1999,2960836.560854521,GBD 2023
United States of America,Male,75-79 years,2000,3008188.031455875,GBD 2023
United States of America,Male,75-79 years,2001,3034266.4586640885,GBD 2023
United States of America,Male,75-79 years,2002,3046184.037153733,GBD 2023
United States of America,Male,75-79 years,2003,3077434.578046231,GBD 2023
United States of America,Male,75-79 years,2004,3087405.819499053,GBD 2023
United States of America,Male,75-79 years,2005,3109658.56947618,GBD 2023
United States of America,Male,75-79 years,2006,3131448.2110985834,GBD 2023
United States of America,Male,75-79 years,2007,3129635.025926643,GBD 2023
United States of America,Male,75-79 years,2008,3124058.8026264613,GBD 2023
United States of America,Male,75-79 years,2009,3119968.1015108107,GBD 2023
United States of America,Male,75-79 years,2010,3143830.2684710147,GBD 2023
United States of America,Male,75-79 years,2011,3181068.63756,GBD 2023
United States of America,Male,75-79 years,2012,3238544.4642216284,GBD 2023
United States of America,Male,75-79 years,2013,3326916.68448435,GBD 2023
United States of America,Male,75-79 years,2014,3428152.9215514646,GBD 2023
United States of America,Male,75-79 years,2015,3531708.6012532013,GBD 2023
United States of America,Male,75-79 years,2016,3642562.199373237,GBD 2023
United States of America,Male,75-79 years,2017,3791290.480364912,GBD 2023
United States of America,Male,75-79 years,2018,4025157.180125136,GBD 2023
United States of America,Male,75-79 years,2019,4220813.153379707,GBD 2023
United States of America,Male,75-79 years,2020,4374112.489064523,GBD 2023
United States of America,Male,75-79 years,2021,4476110.928420305,GBD 2023
United States of America,Male,75-79 years,2022,4862072.42407364,GBD 2023
United States of America,Male,75-79 years,2023,5147543.7528601,GBD 2023
United States of America,Male,80-84 years,1990,1371427.8878920374,GBD 2023
United States of America,Male,80-84 years,1991,1417661.766779085,GBD 2023
United States of America,Male,80-84 years,1992,1465530.6279842746,GBD 2023
United States of America,Male,80-84 years,1993,1511079.6813085007,GBD 2023
United States of America,Male,80-84 years,1994,1557093.4879019198,GBD 2023
United States of America,Male,80-84 years,1995,1603063.1790514144,GBD 2023
United States of America,Male,80-84 years,1996,1643737.167455654,GBD 2023
United States of America,Male,80-84 years,1997,1681347.2520864832,GBD 2023
United States of America,Male,80-84 years,1998,1723913.7962331194,GBD 2023
United States of America,Male,80-84 years,1999,1764120.6507786105,GBD 2023
United States of America,Male,80-84 years,2000,1821034.1985323664,GBD 2023
United States of America,Male,80-84 years,2001,1885251.5621740243,GBD 2023
United States of America,Male,80-84 years,2002,1958930.8528746148,GBD 2023
United States of America,Male,80-84 years,2003,2013794.929844759,GBD 2023
United States of America,Male,80-84 years,2004,2067284.367006348,GBD 2023
United States of America,Male,80-84 years,2005,2116526.817242727,GBD 2023
United States of America,Male,80-84 years,2006,2150167.0875132964,GBD 2023
United States of America,Male,80-84 years,2007,2177332.831477318,GBD 2023
United States of America,Male,80-84 years,2008,2217959.0183090973,GBD 2023
United States of America,Male,80-84 years,2009,2241227.978017368,GBD 2023
United States of America,Male,80-84 years,2010,2274596.120758761,GBD 2023
United States of America,Male,80-84 years,2011,2303365.310025735,GBD 2023
United States of America,Male,80-84 years,2012,2310929.601993386,GBD 2023
United States of America,Male,80-84 years,2013,2315348.413587568,GBD 2023
United States of America,Male,80-84 years,2014,2317240.464025743,GBD 2023
United States of America,Male,80-84 years,2015,2341170.808633108,GBD 2023
United States of America,Male,80-84 years,2016,2374731.158389712,GBD 2023
United States of America,Male,80-84 years,2017,2421044.164955822,GBD 2023
United States of America,Male,80-84 years,2018,2490932.650632338,GBD 2023
United States of America,Male,80-84 years,2019,2570133.612490992,GBD 2023
United States of America,Male,80-84 years,2020,2639543.061358107,GBD 2023
United States of America,Male,80-84 years,2021,2702123.5296564493,GBD 2023
United States of America,Male,80-84 years,2022,2800378.8015472246,GBD 2023
United States of America,Male,80-84 years,2023,2981568.8211011426,GBD 2023
United States of America,Male,85-89 years,1990,607207.7230711443,GBD 2023
United States of America,Male,85-89 years,1991,629667.8813281792,GBD 2023
United States of America,Male,85-89 years,1992,655828.0435953221,GBD 2023
United States of America,Male,85-89 years,1993,682279.421005231,GBD 2023
United States of America,Male,85-89 years,1994,703343.4678866777,GBD 2023
United States of America,Male,85-89 years,1995,729575.3705895839,GBD 2023
United States of America,Male,85-89 years,1996,755637.8439805498,GBD 2023
United States of America,Male,85-89 years,1997,782090.0687979598,GBD 2023
United States of America,Male,85-89 years,1998,808766.2204228545,GBD 2023
United States of America,Male,85-89 years,1999,834975.0727730271,GBD 2023
United States of America,Male,85-89 years,2000,861193.0605562341,GBD 2023
United States of America,Male,85-89 years,2001,886799.6364784989,GBD 2023
United States of America,Male,85-89 years,2002,912207.0013574574,GBD 2023
United States of America,Male,85-89 years,2003,943104.4722249488,GBD 2023
United States of America,Male,85-89 years,2004,977328.3575115228,GBD 2023
United States of America,Male,85-89 years,2005,1024011.3128183356,GBD 2023
United States of America,Male,85-89 years,2006,1074069.4940691283,GBD 2023
United States of America,Male,85-89 years,2007,1130963.892872669,GBD 2023
United States of America,Male,85-89 years,2008,1174845.1574157225,GBD 2023
United States of America,Male,85-89 years,2009,1216289.467124234,GBD 2023
United States of America,Male,85-89 years,2010,1256971.7411229743,GBD 2023
United States of America,Male,85-89 years,2011,1286199.246910671,GBD 2023
United States of America,Male,85-89 years,2012,1311081.4469039952,GBD 2023
United States of America,Male,85-89 years,2013,1343065.939306567,GBD 2023
United States of America,Male,85-89 years,2014,1362164.5934928,GBD 2023
United States of America,Male,85-89 years,2015,1387691.2367997246,GBD 2023
United States of America,Male,85-89 years,2016,1409426.603198479,GBD 2023
United States of America,Male,85-89 years,2017,1416450.6763901042,GBD 2023
United States of America,Male,85-89 years,2018,1421654.7069271212,GBD 2023
United States of America,Male,85-89 years,2019,1425008.6387794337,GBD 2023
United States of America,Male,85-89 years,2020,1433729.973344582,GBD 2023
United States of America,Male,85-89 years,2021,1439264.5670594766,GBD 2023
United States of America,Male,85-89 years,2022,1459818.5604543628,GBD 2023
United States of America,Male,85-89 years,2023,1508618.448736243,GBD 2023
United States of America,Male,90-94 years,1990,181112.39500292388,GBD 2023
United States of America,Male,90-94 years,1991,187633.05331989285,GBD 2023
United States of America,Male,90-94 years,1992,193248.38464568715,GBD 2023
United States of America,Male,90-94 years,1993,209023.231714726,GBD 2023
United States of America,Male,90-94 years,1994,218228.56230095035,GBD 2023
United States of America,Male,90-94 years,1995,229358.8091446489,GBD 2023
United States of America,Male,90-94 years,1996,238116.45838075143,GBD 2023
United States of America,Male,90-94 years,1997,249601.209238254,GBD 2023
United States of America,Male,90-94 years,1998,257620.4864623492,GBD 2023
United States of America,Male,90-94 years,1999,270705.95629771287,GBD 2023
United States of America,Male,90-94 years,2000,281019.917372292,GBD 2023
United States of America,Male,90-94 years,2001,288095.79806419,GBD 2023
United States of America,Male,90-94 years,2002,304574.3696727058,GBD 2023
United States of America,Male,90-94 years,2003,313009.1058616643,GBD 2023
United States of America,Male,90-94 years,2004,316010.91832098697,GBD 2023
United States of America,Male,90-94 years,2005,340161.71880628413,GBD 2023
United States of America,Male,90-94 years,2006,344984.0418247051,GBD 2023
United States of America,Male,90-94 years,2007,357191.0654687423,GBD 2023
United States of America,Male,90-94 years,2008,381331.8667691829,GBD 2023
United States of America,Male,90-94 years,2009,386525.2646828021,GBD 2023
United States of America,Male,90-94 years,2010,417181.2149939095,GBD 2023
United States of America,Male,90-94 years,2011,446914.8837459122,GBD 2023
United States of America,Male,90-94 years,2012,472809.3841667248,GBD 2023
United States of America,Male,90-94 years,2013,497745.86848557845,GBD 2023
United States of America,Male,90-94 years,2014,516477.4902439343,GBD 2023
United States of America,Male,90-94 years,2015,545009.502039535,GBD 2023
United States of America,Male,90-94 years,2016,550376.8253178211,GBD 2023
United States of America,Male,90-94 years,2017,571571.9446004177,GBD 2023
United States of America,Male,90-94 years,2018,580934.4892117783,GBD 2023
United States of America,Male,90-94 years,2019,586042.7633988303,GBD 2023
United States of America,Male,90-94 years,2020,600820.4186617715,GBD 2023
United States of America,Male,90-94 years,2021,582701.6419046943,GBD 2023
United States of America,Male,90-94 years,2022,593633.6800952969,GBD 2023
United States of America,Male,90-94 years,2023,585876.794021818,GBD 2023
United States of America,Male,95+ years,1990,48242.58098146848,GBD 2023
United States of America,Male,95+ years,1991,50085.80831670378,GBD 2023
United States of America,Male,95+ years,1992,51468.16986220612,GBD 2023
United States of America,Male,95+ years,1993,53222.49870330101,GBD 2023
United States of America,Male,95+ years,1994,53047.52686016936,GBD 2023
United States of America,Male,95+ years,1995,54514.96821835343,GBD 2023
United States of America,Male,95+ years,1996,56220.5455727438,GBD 2023
United States of America,Male,95+ years,1997,57861.60018836711,GBD 2023
United States of America,Male,95+ years,1998,60071.37671578426,GBD 2023
United States of America,Male,95+ years,1999,64150.44701228918,GBD 2023
United States of America,Male,95+ years,2000,65915.59859873055,GBD 2023
United States of America,Male,95+ years,2001,66776.41911264393,GBD 2023
United States of America,Male,95+ years,2002,69717.4562291769,GBD 2023
United States of America,Male,95+ years,2003,71334.08328827679,GBD 2023
United States of America,Male,95+ years,2004,71460.81522196175,GBD 2023
United States of America,Male,95+ years,2005,75289.0859507656,GBD 2023
United States of America,Male,95+ years,2006,76519.89313594127,GBD 2023
United States of America,Male,95+ years,2007,80108.01797637723,GBD 2023
United States of America,Male,95+ years,2008,84891.46418860707,GBD 2023
United States of America,Male,95+ years,2009,88262.15861007321,GBD 2023
United States of America,Male,95+ years,2010,95185.35160875198,GBD 2023
United States of America,Male,95+ years,2011,100796.65304555371,GBD 2023
United States of America,Male,95+ years,2012,108849.82559285771,GBD 2023
United States of America,Male,95+ years,2013,114500.96746236086,GBD 2023
United States of America,Male,95+ years,2014,120427.0367496904,GBD 2023
United States of America,Male,95+ years,2015,131821.8599307305,GBD 2023
United States of America,Male,95+ years,2016,138517.17468633168,GBD 2023
United States of America,Male,95+ years,2017,151295.66115956954,GBD 2023
United States of America,Male,95+ years,2018,158133.9499262146,GBD 2023
United States of America,Male,95+ years,2019,163796.4945044901,GBD 2023
United States of America,Male,95+ years,2020,171448.31925097972,GBD 2023
United States of America,Male,95+ years,2021,165648.9910232881,GBD 2023
United States of America,Male,95+ years,2022,171131.20260256744,GBD 2023
United States of America,Male,95+ years,2023,171169.6566494538,GBD 2023
