population_group_id,population_group_name,measure_id,measure_name,location_id,location_name,sex_id,sex_name,age_id,age_name,metric_id,metric_name,year,val,upper,lower
1,All Population,44,Population,102,United States of America,1,Male,235,95+ years,1,Number,1990,48242.58098146848,51608.85277063151,44839.76371400734
1,All Population,44,Population,102,United States of America,2,Female,235,95+ years,1,Number,1990,174847.76422094982,187048.29504083496,162514.77997417885
1,All Population,44,Population,102,United States of America,1,Male,235,95+ years,1,Number,1991,50085.80831670378,53964.085051352515,46413.36819429948
1,All Population,44,Population,102,United States of America,2,Female,235,95+ years,1,Number,1991,183205.6504790286,197391.74901249367,169772.46842442296
1,All Population,44,Population,102,United States of America,1,Male,235,95+ years,1,Number,1992,51468.169862206116,55429.500578800915,47271.00229604499
1,All Population,44,Population,102,United States of America,2,Female,235,95+ years,1,Number,1992,188160.22682788383,202642.28220638825,172815.98584558628
1,All Population,44,Population,102,United States of America,1,Male,235,95+ years,1,Number,1993,53222.498703301004,57641.59179397208,48430.816980655014
1,All Population,44,Population,102,United States of America,2,Female,235,95+ years,1,Number,1993,205542.4510788346,222608.75287848574,187037.23185655058
1,All Population,44,Population,102,United States of America,1,Male,235,95+ years,1,Number,1994,53047.52686016936,57942.79241091834,48317.472148155124
1,All Population,44,Population,102,United States of America,2,Female,235,95+ years,1,Number,1994,208028.78458521134,227225.83679517583,189479.61573600912
1,All Population,44,Population,102,United States of America,1,Male,235,95+ years,1,Number,1995,54514.96821835343,59966.22393163206,48707.4046018449
1,All Population,44,Population,102,United States of America,2,Female,235,95+ years,1,Number,1995,218171.35319960816,239987.52359228744,194929.22256254204
1,All Population,44,Population,102,United States of America,1,Male,235,95+ years,1,Number,1996,56220.5455727438,61678.63317162634,50904.53473494612
1,All Population,44,Population,102,United States of America,2,Female,235,95+ years,1,Number,1996,226388.2674155636,248366.8338333261,204981.81411862452
1,All Population,44,Population,102,United States of America,1,Male,235,95+ years,1,Number,1997,57861.60018836711,62759.2434263206,53036.54235203896
1,All Population,44,Population,102,United States of America,2,Female,235,95+ years,1,Number,1997,233365.65885989662,253118.68569228478,213905.38127776704
1,All Population,44,Population,102,United States of America,1,Male,235,95+ years,1,Number,1998,60071.37671578426,64878.209928206204,55252.90042679452
1,All Population,44,Population,102,United States of America,2,Female,235,95+ years,1,Number,1998,245314.3992494955,264944.13750864833,225637.1139806053
1,All Population,44,Population,102,United States of America,1,Male,235,95+ years,1,Number,1999,64150.44701228918,68821.73044578296,59506.01838464316
1,All Population,44,Population,102,United States of America,2,Female,235,95+ years,1,Number,1999,264846.150801803,284131.61948182725,245671.55261903262
1,All Population,44,Population,102,United States of America,1,Male,235,95+ years,1,Number,2000,65915.59859873055,70535.14144843057,61253.5316472238
1,All Population,44,Population,102,United States of America,2,Female,235,95+ years,1,Number,2000,270336.37453218916,289282.2764511933,251216.0706240192
1,All Population,44,Population,102,United States of America,1,Male,235,95+ years,1,Number,2001,66776.41911264393,71792.22511947197,62095.84134962098
1,All Population,44,Population,102,United States of America,2,Female,235,95+ years,1,Number,2001,275479.44996388286,296171.65685739234,256170.19372036264
1,All Population,44,Population,102,United States of America,1,Male,235,95+ years,1,Number,2002,69717.4562291769,75900.6712126503,64155.594269095134
1,All Population,44,Population,102,United States of America,2,Female,235,95+ years,1,Number,2002,282687.440174926,307758.8829708816,260135.43376015656
1,All Population,44,Population,102,United States of America,1,Male,235,95+ years,1,Number,2003,71334.08328827679,77836.865166498,65153.878416517524
1,All Population,44,Population,102,United States of America,2,Female,235,95+ years,1,Number,2003,291113.85950171854,317651.6636312898,265892.4897189399
1,All Population,44,Population,102,United States of America,1,Male,235,95+ years,1,Number,2004,71460.81522196175,77906.4058386736,64780.66185146889
1,All Population,44,Population,102,United States of America,2,Female,235,95+ years,1,Number,2004,280735.12940556346,306056.7509160018,254492.02379461628
1,All Population,44,Population,102,United States of America,1,Male,235,95+ years,1,Number,2005,75289.0859507656,83277.01200182641,67933.88174969832
1,All Population,44,Population,102,United States of America,2,Female,235,95+ years,1,Number,2005,298671.1005064888,330359.1285162183,269493.0741638755
1,All Population,44,Population,102,United States of America,1,Male,235,95+ years,1,Number,2006,76519.89313594127,84105.36530324465,69125.71897284756
1,All Population,44,Population,102,United States of America,2,Female,235,95+ years,1,Number,2006,297168.9998834094,326627.57706145564,268453.338491846
1,All Population,44,Population,102,United States of America,1,Male,235,95+ years,1,Number,2007,80108.01797637723,87018.6755382943,73192.18760740315
1,All Population,44,Population,102,United States of America,2,Female,235,95+ years,1,Number,2007,304584.25271947286,330859.74326921254,278289.094281153
1,All Population,44,Population,102,United States of America,1,Male,235,95+ years,1,Number,2008,84891.46418860707,91464.0299126223,78083.6228278565
1,All Population,44,Population,102,United States of America,2,Female,235,95+ years,1,Number,2008,323564.3281581509,348615.7020871175,297616.1997196481
1,All Population,44,Population,102,United States of America,1,Male,235,95+ years,1,Number,2009,88262.15861007321,95161.09470693332,81225.09935745996
1,All Population,44,Population,102,United States of America,2,Female,235,95+ years,1,Number,2009,314609.4887644315,339200.6702246584,289525.9688422596
1,All Population,44,Population,102,United States of America,1,Male,235,95+ years,1,Number,2010,95185.35160875198,101818.94188894413,88551.65143260044
1,All Population,44,Population,102,United States of America,2,Female,235,95+ years,1,Number,2010,337000.2060004651,360486.18628171977,313513.8366366434
1,All Population,44,Population,102,United States of America,1,Male,235,95+ years,1,Number,2011,100796.65304555373,108275.85354298081,93581.80902974062
1,All Population,44,Population,102,United States of America,2,Female,235,95+ years,1,Number,2011,353157.89865912264,379362.52601046825,327879.48836680484
1,All Population,44,Population,102,United States of America,1,Male,235,95+ years,1,Number,2012,108849.82559285771,118031.08378988055,99775.0386941186
1,All Population,44,Population,102,United States of America,2,Female,235,95+ years,1,Number,2012,361571.85619925614,392069.6962321758,331427.68715058203
1,All Population,44,Population,102,United States of America,1,Male,235,95+ years,1,Number,2013,114500.96746236086,124952.94539716298,104391.64330790946
1,All Population,44,Population,102,United States of America,2,Female,235,95+ years,1,Number,2013,374297.15873620036,408464.0809105122,341250.3523063922
1,All Population,44,Population,102,United States of America,1,Male,235,95+ years,1,Number,2014,120427.03674969041,131969.391573584,108430.64791013754
1,All Population,44,Population,102,United States of America,2,Female,235,95+ years,1,Number,2014,378564.813442001,414848.4381040509,340853.92371495045
1,All Population,44,Population,102,United States of America,1,Male,235,95+ years,1,Number,2015,131821.8599307305,144541.68197221085,118386.16603344581
1,All Population,44,Population,102,United States of America,2,Female,235,95+ years,1,Number,2015,406226.6909839952,445424.52372987714,364822.8033750975
1,All Population,44,Population,102,United States of America,1,Male,235,95+ years,1,Number,2016,138517.17468633168,150961.02774171767,126079.38173709497
1,All Population,44,Population,102,United States of America,2,Female,235,95+ years,1,Number,2016,415054.10876234795,452340.9820411927,377785.3940401045
1,All Population,44,Population,102,United States of America,1,Male,235,95+ years,1,Number,2017,151295.66115956954,164969.5350782756,138109.36899539485
1,All Population,44,Population,102,United States of America,2,Female,235,95+ years,1,Number,2017,442996.6221194267,483033.989422941,404386.9036236114
1,All Population,44,Population,102,United States of America,1,Male,235,95+ years,1,Number,2018,158133.9499262146,172132.6140509097,145438.61467598708
1,All Population,44,Population,102,United States of America,2,Female,235,95+ years,1,Number,2018,453693.7992973176,493856.6303325469,417270.2805923436
1,All Population,44,Population,102,United States of America,1,Male,235,95+ years,1,Number,2019,163796.4945044901,176340.91815096783,151047.57935355915
1,All Population,44,Population,102,United States of America,2,Female,235,95+ years,1,Number,2019,457553.3618050915,492595.27908614674,421940.2126694949
1,All Population,44,Population,102,United States of America,1,Male,235,95+ years,1,Number,2020,171448.31925097972,183554.05614360236,159027.20371130228
1,All Population,44,Population,102,United States of America,2,Female,235,95+ years,1,Number,2020,475007.58339798637,508547.23459864204,440594.157233264
1,All Population,44,Population,102,United States of America,1,Male,235,95+ years,1,Number,2021,165648.9910232881,177817.96050444045,153424.52798283345
1,All Population,44,Population,102,United States of America,2,Female,235,95+ years,1,Number,2021,449171.2161939906,482168.4037283735,416023.55319115607
1,All Population,44,Population,102,United States of America,1,Male,235,95+ years,1,Number,2022,171131.20260256744,185797.25976555722,157288.95329967863
1,All Population,44,Population,102,United States of America,2,Female,235,95+ years,1,Number,2022,468726.3068579863,508896.4611351186,430812.5524071469
1,All Population,44,Population,102,United States of America,1,Male,235,95+ years,1,Number,2023,171169.6566494538,185059.77413238294,156055.6040002592
1,All Population,44,Population,102,United States of America,2,Female,235,95+ years,1,Number,2023,457417.13517689396,494535.73359369,417027.8115138473
1,All Population,44,Population,6,China,1,Male,1,<5 years,1,Number,1990,58382714.240072355,62739673.53166754,54385457.436091274
1,All Population,44,Population,6,China,2,Female,1,<5 years,1,Number,1990,52461127.55254273,56375360.97169398,48869392.90071316
1,All Population,44,Population,6,China,1,Male,1,<5 years,1,Number,1991,58409752.471515656,62772370.81532601,53551812.63775197
1,All Population,44,Population,6,China,2,Female,1,<5 years,1,Number,1991,52200344.06133984,56098284.17973282,47859050.80585351
1,All Population,44,Population,6,China,1,Male,1,<5 years,1,Number,1992,57602814.083594196,62182575.4022482,53031165.843065694
1,All Population,44,Population,6,China,2,Female,1,<5 years,1,Number,1992,51183616.21082702,55251936.038266905,47121504.16929855
1,All Population,44,Population,6,China,1,Male,1,<5 years,1,Number,1993,56022221.4862126,60939302.28358597,51220837.54475439
1,All Population,44,Population,6,China,2,Female,1,<5 years,1,Number,1993,49478593.32621365,53820053.8517178,45238134.380424015
1,All Population,44,Population,6,China,1,Male,1,<5 years,1,Number,1994,53800677.60805015,58881488.7656082,48867354.37774857
1,All Population,44,Population,6,China,2,Female,1,<5 years,1,Number,1994,47221554.37669416,51679550.43778132,42892292.49015452
1,All Population,44,Population,6,China,1,Male,1,<5 years,1,Number,1995,51256159.69092035,56298123.842558295,46096457.94407365
1,All Population,44,Population,6,China,2,Female,1,<5 years,1,Number,1995,44711044.29671888,49107520.00895543,40210620.822880924
1,All Population,44,Population,6,China,1,Male,1,<5 years,1,Number,1996,48844006.4307394,53736640.04951392,44366707.021427944
1,All Population,44,Population,6,China,2,Female,1,<5 years,1,Number,1996,42354267.769897126,46595068.14985088,38472277.43894257
1,All Population,44,Population,6,China,1,Male,1,<5 years,1,Number,1997,46639116.39730868,50822929.27555602,42194021.04575658
1,All Population,44,Population,6,China,2,Female,1,<5 years,1,Number,1997,40222452.49646425,43828916.68731774,36389220.683365375
1,All Population,44,Population,6,China,1,Male,1,<5 years,1,Number,1998,44601334.7490204,48227639.323021725,40915086.192371994
1,All Population,44,Population,6,China,2,Female,1,<5 years,1,Number,1998,38279976.11310377,41390637.52380719,35116154.41995203
1,All Population,44,Population,6,China,1,Male,1,<5 years,1,Number,1999,42736518.51996394,45863989.341826916,39546886.76039597
1,All Population,44,Population,6,China,2,Female,1,<5 years,1,Number,1999,36527056.858319275,39198507.0983625,33800889.33827007
1,All Population,44,Population,6,China,1,Male,1,<5 years,1,Number,2000,41112676.03268424,43983750.816392325,38241348.55165861
1,All Population,44,Population,6,China,2,Female,1,<5 years,1,Number,2000,35014083.839477785,37457798.351312585,32568641.09578675
1,All Population,44,Population,6,China,1,Male,1,<5 years,1,Number,2001,39817692.34345641,42701349.26692636,36924922.34188103
1,All Population,44,Population,6,China,2,Female,1,<5 years,1,Number,2001,33804428.30705339,36251206.22147094,31349240.280342773
1,All Population,44,Population,6,China,1,Male,1,<5 years,1,Number,2002,38889210.73203819,41879336.1104407,35825784.858940154
1,All Population,44,Population,6,China,2,Female,1,<5 years,1,Number,2002,32932552.621482216,35463196.84138805,30338446.341816112
1,All Population,44,Population,6,China,1,Male,1,<5 years,1,Number,2003,38294704.23640124,41552909.63157558,35144131.062144734
1,All Population,44,Population,6,China,2,Female,1,<5 years,1,Number,2003,32372714.849269066,35125408.692526884,29710034.168841787
1,All Population,44,Population,6,China,1,Male,1,<5 years,1,Number,2004,38023233.41487426,41377873.28368526,34688235.155596375
1,All Population,44,Population,6,China,2,Female,1,<5 years,1,Number,2004,32114876.051067848,34946615.52035457,29298247.67778543
1,All Population,44,Population,6,China,1,Male,1,<5 years,1,Number,2005,38062150.53982901,41705415.463743605,34495497.7234199
1,All Population,44,Population,6,China,2,Female,1,<5 years,1,Number,2005,32146531.870909106,35221970.067589946,29134423.647089474
1,All Population,44,Population,6,China,1,Male,1,<5 years,1,Number,2006,38370664.47023438,42035213.640207395,34726579.80851349
1,All Population,44,Population,6,China,2,Female,1,<5 years,1,Number,2006,32433025.71269765,35529040.60558826,29353145.456653297
1,All Population,44,Population,6,China,1,Male,1,<5 years,1,Number,2007,38930967.853283115,42422602.35914395,35432074.12369138
1,All Population,44,Population,6,China,2,Female,1,<5 years,1,Number,2007,32955617.974616572,35910023.02157375,29993937.87723005
1,All Population,44,Population,6,China,1,Male,1,<5 years,1,Number,2008,39665388.86514803,42808014.63396207,36580037.44989852
1,All Population,44,Population,6,China,2,Female,1,<5 years,1,Number,2008,33644828.338959865,36309335.71613416,31027784.62677762
1,All Population,44,Population,6,China,1,Male,1,<5 years,1,Number,2009,40339309.84854568,43249812.28822999,37354142.3008681
1,All Population,44,Population,6,China,2,Female,1,<5 years,1,Number,2009,34297408.930364646,36771031.81239531,31759301.033538353
1,All Population,44,Population,6,China,1,Male,1,<5 years,1,Number,2010,40511561.840911716,43197206.83173801,37912192.23699708
1,All Population,44,Population,6,China,2,Female,1,<5 years,1,Number,2010,34533036.87799521,36821575.78954665,32317235.65901414
1,All Population,44,Population,6,China,1,Male,1,<5 years,1,Number,2011,40137339.89143678,43288349.78186319,37190716.91315919
1,All Population,44,Population,6,China,2,Female,1,<5 years,1,Number,2011,34305659.96387167,36998056.61221037,31787556.566635106
1,All Population,44,Population,6,China,1,Male,1,<5 years,1,Number,2012,39887213.0814118,43062997.93761144,36716251.895407744
1,All Population,44,Population,6,China,2,Female,1,<5 years,1,Number,2012,34184168.41189848,36905084.87705358,31467004.20598934
1,All Population,44,Population,6,China,1,Male,1,<5 years,1,Number,2013,40013697.65506523,43572997.154676355,36629718.9845478
1,All Population,44,Population,6,China,2,Female,1,<5 years,1,Number,2013,34383277.2276166,37440788.98815345,31475573.156836364
1,All Population,44,Population,6,China,1,Male,1,<5 years,1,Number,2014,40440918.84408595,44105250.05748161,36692120.83587959
1,All Population,44,Population,6,China,2,Female,1,<5 years,1,Number,2014,34837825.24922483,37993347.83645214,31608569.881761007
1,All Population,44,Population,6,China,1,Male,1,<5 years,1,Number,2015,41799574.01636314,45970661.99553972,37795940.45947903
1,All Population,44,Population,6,China,2,Female,1,<5 years,1,Number,2015,36089868.844987996,39689901.434246235,32633337.248603694
1,All Population,44,Population,6,China,1,Male,1,<5 years,1,Number,2016,44241445.39605936,48372613.11584099,40308290.639668636
1,All Population,44,Population,6,China,2,Female,1,<5 years,1,Number,2016,38271314.67562626,41843692.20344051,34869133.683041625
1,All Population,44,Population,6,China,1,Male,1,<5 years,1,Number,2017,46378425.013710864,50383867.80611439,42075345.944447085
1,All Population,44,Population,6,China,2,Female,1,<5 years,1,Number,2017,40184793.08609793,43653994.75669874,36456571.74227628
1,All Population,44,Population,6,China,1,Male,1,<5 years,1,Number,2018,47281795.81469405,50999241.94268728,43712772.222480014
1,All Population,44,Population,6,China,2,Female,1,<5 years,1,Number,2018,41024920.41189677,44249179.95313942,37928174.65708886
1,All Population,44,Population,6,China,1,Male,1,<5 years,1,Number,2019,46990448.67485229,50478359.492829144,43329894.816289075
1,All Population,44,Population,6,China,2,Female,1,<5 years,1,Number,2019,40825259.80430589,43854438.39409886,37645041.60911969
1,All Population,44,Population,6,China,1,Male,1,<5 years,1,Number,2020,45115918.090208754,48082788.575513914,41866917.76798782
1,All Population,44,Population,6,China,2,Female,1,<5 years,1,Number,2020,39243979.28573937,41824449.346244566,36417832.31016849
1,All Population,44,Population,6,China,1,Male,1,<5 years,1,Number,2021,41558929.958508044,44724323.39060969,38481952.52327948
1,All Population,44,Population,6,China,2,Female,1,<5 years,1,Number,2021,36189723.53312266,38945241.97295629,33510337.531870175
1,All Population,44,Population,6,China,1,Male,1,<5 years,1,Number,2022,37262478.09908184,40191601.61786972,34249575.15450075
1,All Population,44,Population,6,China,2,Female,1,<5 years,1,Number,2022,32480397.21186644,35032742.283624515,29854184.089012444
1,All Population,44,Population,6,China,1,Male,1,<5 years,1,Number,2023,33198825.288134996,35872049.54488332,30244230.9226499
1,All Population,44,Population,6,China,2,Female,1,<5 years,1,Number,2023,28964938.721970893,31296415.11340587,26387227.003136694
1,All Population,44,Population,6,China,1,Male,6,5-9 years,1,Number,1990,54382227.14583449,58436085.9670044,50658392.64174789
1,All Population,44,Population,6,China,2,Female,6,5-9 years,1,Number,1990,50174805.527026385,53914923.222663395,46739121.90143412
1,All Population,44,Population,6,China,1,Male,6,5-9 years,1,Number,1991,56471382.4044351,60685900.75347295,51774809.571094036
1,All Population,44,Population,6,China,2,Female,6,5-9 years,1,Number,1991,51956455.05302961,55833831.581150085,47635481.13003022
1,All Population,44,Population,6,China,1,Male,6,5-9 years,1,Number,1992,58662100.451736085,63324451.34005502,54006165.672909394
1,All Population,44,Population,6,China,2,Female,6,5-9 years,1,Number,1992,53795006.7000105,58070211.669347614,49525485.41014449
1,All Population,44,Population,6,China,1,Male,6,5-9 years,1,Number,1993,60475872.52354072,65784593.98532948,55292649.56625158
1,All Population,44,Population,6,China,2,Female,6,5-9 years,1,Number,1993,55229673.19290267,60077377.553624995,50496247.40654185
1,All Population,44,Population,6,China,1,Male,6,5-9 years,1,Number,1994,61522764.48450756,67336258.61079206,55879565.795615725
1,All Population,44,Population,6,China,2,Female,6,5-9 years,1,Number,1994,55892142.88115495,61172878.24930493,50765776.69771753
1,All Population,44,Population,6,China,1,Male,6,5-9 years,1,Number,1995,61557270.34501819,67618054.6325821,55359524.31637553
1,All Population,44,Population,6,China,2,Female,6,5-9 years,1,Number,1995,55568245.12916047,61038462.813201375,49973820.146262616
1,All Population,44,Population,6,China,1,Male,6,5-9 years,1,Number,1996,60374514.49096254,66428266.359834746,54839213.53853599
1,All Population,44,Population,6,China,2,Female,6,5-9 years,1,Number,1996,54109257.3151094,59533715.99464238,49148702.183865435
1,All Population,44,Population,6,China,1,Male,6,5-9 years,1,Number,1997,58206168.12840305,63432670.87466008,52657960.980701886
1,All Population,44,Population,6,China,2,Female,6,5-9 years,1,Number,1997,51756785.83665705,56402987.19518252,46823556.03077683
1,All Population,44,Population,6,China,1,Male,6,5-9 years,1,Number,1998,55318834.12888783,59819689.89190324,50747058.334584735
1,All Population,44,Population,6,China,2,Female,6,5-9 years,1,Number,1998,48781250.26556366,52748872.29280913,44749752.07365469
1,All Population,44,Population,6,China,1,Male,6,5-9 years,1,Number,1999,52029473.0216607,55838007.85708612,48146665.70769369
1,All Population,44,Population,6,China,2,Female,6,5-9 years,1,Number,1999,45496996.81866865,48825907.70865171,42101715.98758022
1,All Population,44,Population,6,China,1,Male,6,5-9 years,1,Number,2000,48817858.4461301,52226121.05344016,45408757.44500199
1,All Population,44,Population,6,China,2,Female,6,5-9 years,1,Number,2000,42352628.31075632,45307981.15727171,39394984.144386716
1,All Population,44,Population,6,China,1,Male,6,5-9 years,1,Number,2001,46248506.48859686,49595749.67371777,42889627.55708517
1,All Population,44,Population,6,China,2,Female,6,5-9 years,1,Number,2001,39850323.49749202,42732857.306908585,36956968.09057353
1,All Population,44,Population,6,China,1,Male,6,5-9 years,1,Number,2002,44175389.5115686,47568829.252158344,40696199.333607554
1,All Population,44,Population,6,China,2,Female,6,5-9 years,1,Number,2002,37848732.47941596,40754286.7770028,34867984.93384411
1,All Population,44,Population,6,China,1,Male,6,5-9 years,1,Number,2003,42409106.391553804,46013386.10614135,38921135.448735595
1,All Population,44,Population,6,China,2,Female,6,5-9 years,1,Number,2003,36168516.815567404,39240221.33062026,33193781.475786902
1,All Population,44,Population,6,China,1,Male,6,5-9 years,1,Number,2004,40869278.317008555,44470866.334568806,37285547.034378454
1,All Population,44,Population,6,China,2,Female,6,5-9 years,1,Number,2004,34725872.193649344,37783848.52857405,31681090.688972708
1,All Population,44,Population,6,China,1,Male,6,5-9 years,1,Number,2005,39585524.88533802,43370549.94938247,35877083.962249964
1,All Population,44,Population,6,China,2,Female,6,5-9 years,1,Number,2005,33531393.442466248,36735329.25926963,30390432.95381491
1,All Population,44,Population,6,China,1,Male,6,5-9 years,1,Number,2006,38648153.83376092,42335833.07435116,34978661.096412785
1,All Population,44,Population,6,China,2,Female,6,5-9 years,1,Number,2006,32645973.073349126,35758849.91661088,29546786.310543846
1,All Population,44,Population,6,China,1,Male,6,5-9 years,1,Number,2007,38098247.25884418,41513004.034380406,34674611.7452107
1,All Population,44,Population,6,China,2,Female,6,5-9 years,1,Number,2007,32112962.046153218,34989323.35087331,29227413.15072741
1,All Population,44,Population,6,China,1,Male,6,5-9 years,1,Number,2008,37908681.036214225,40911322.86280487,34959981.31723864
1,All Population,44,Population,6,China,2,Female,6,5-9 years,1,Number,2008,31916690.88359524,34443002.03318468,29434005.60538739
1,All Population,44,Population,6,China,1,Male,6,5-9 years,1,Number,2009,38077556.41327169,40825429.31923039,35259769.13446523
1,All Population,44,Population,6,China,2,Female,6,5-9 years,1,Number,2009,32060646.933160562,34372763.96380792,29687944.8751387
1,All Population,44,Population,6,China,1,Male,6,5-9 years,1,Number,2010,38604805.03391643,41165853.48109365,36127891.710903965
1,All Population,44,Population,6,China,2,Female,6,5-9 years,1,Number,2010,32549377.070407197,34707394.61600116,30460830.706162978
1,All Population,44,Population,6,China,1,Male,6,5-9 years,1,Number,2011,39462875.330910034,42564400.83824102,36564036.0580492
1,All Population,44,Population,6,China,2,Female,6,5-9 years,1,Number,2011,33365604.82924767,35986532.17686101,30915352.555954352
1,All Population,44,Population,6,China,1,Male,6,5-9 years,1,Number,2012,40634159.087931976,43873960.23354273,37401447.00719933
1,All Population,44,Population,6,China,2,Female,6,5-9 years,1,Number,2012,34489005.1111343,37237448.2883117,31745910.936561696
1,All Population,44,Population,6,China,1,Male,6,5-9 years,1,Number,2013,42033663.90623799,45778114.55808225,38478128.41604952
1,All Population,44,Population,6,China,2,Female,6,5-9 years,1,Number,2013,35840928.3866201,39032192.45667341,32809332.48457595
1,All Population,44,Population,6,China,1,Male,6,5-9 years,1,Number,2014,43394774.11917243,47332160.10256327,39371047.580592625
1,All Population,44,Population,6,China,2,Female,6,5-9 years,1,Number,2014,37185071.55211868,40557482.13251743,33737313.815202326
1,All Population,44,Population,6,China,1,Male,6,5-9 years,1,Number,2015,44204414.24591612,48619498.60204793,39969115.6368019
1,All Population,44,Population,6,China,2,Female,6,5-9 years,1,Number,2015,38069113.74112862,41869882.07176751,34421918.04323477
1,All Population,44,Population,6,China,1,Male,6,5-9 years,1,Number,2016,44388300.49606532,48534365.797304705,40441302.353575185
1,All Population,44,Population,6,China,2,Female,6,5-9 years,1,Number,2016,38414774.776070796,42001560.03150611,34999191.40895705
1,All Population,44,Population,6,China,1,Male,6,5-9 years,1,Number,2017,44687724.65954505,48546206.71249852,40541130.68259953
1,All Population,44,Population,6,China,2,Female,6,5-9 years,1,Number,2017,38857478.759887375,42211369.60925062,35252093.27867368
1,All Population,44,Population,6,China,1,Male,6,5-9 years,1,Number,2018,45365628.356425725,48930349.160394,41940893.66124369
1,All Population,44,Population,6,China,2,Female,6,5-9 years,1,Number,2018,39620422.465912215,42732605.62548218,36629413.76368733
1,All Population,44,Population,6,China,1,Male,6,5-9 years,1,Number,2019,46270165.678984456,49702172.74056221,42665771.64433557
1,All Population,44,Population,6,China,2,Female,6,5-9 years,1,Number,2019,40563350.78317258,43571013.27986557,37403575.547681496
1,All Population,44,Population,6,China,1,Male,6,5-9 years,1,Number,2020,48046810.71861608,51205861.041297436,44586786.87591519
1,All Population,44,Population,6,China,2,Female,6,5-9 years,1,Number,2020,42242401.12745892,45019563.17032095,39200338.05450337
1,All Population,44,Population,6,China,1,Male,6,5-9 years,1,Number,2021,50804395.68386745,54673381.83029398,47043050.343425944
1,All Population,44,Population,6,China,2,Female,6,5-9 years,1,Number,2021,44746280.81973754,48152791.634233564,41433486.74249999
1,All Population,44,Population,6,China,1,Male,6,5-9 years,1,Number,2022,53035485.2735115,57205631.73710096,48747302.772882216
1,All Population,44,Population,6,China,2,Female,6,5-9 years,1,Number,2022,46760451.90139989,50435996.33332078,42979622.55407178
1,All Population,44,Population,6,China,1,Male,6,5-9 years,1,Number,2023,53748923.7990593,58079588.82443751,48965249.333042845
1,All Population,44,Population,6,China,2,Female,6,5-9 years,1,Number,2023,47419567.407920666,51239037.71801023,43199266.03477304
1,All Population,44,Population,6,China,1,Male,7,10-14 years,1,Number,1990,52939930.76247201,56885719.160472065,49314155.81433407
1,All Population,44,Population,6,China,2,Female,7,10-14 years,1,Number,1990,49615252.54402213,53313713.62716137,46217250.947817355
1,All Population,44,Population,6,China,1,Male,7,10-14 years,1,Number,1991,52232065.88682595,56128102.82334921,47887701.37493435
1,All Population,44,Population,6,China,2,Female,7,10-14 years,1,Number,1991,48812228.04131706,52453489.006573714,44752291.47405022
1,All Population,44,Population,6,China,1,Male,7,10-14 years,1,Number,1992,51937978.6491527,56061785.14972529,47815106.709379375
1,All Population,44,Population,6,China,2,Female,7,10-14 years,1,Number,1992,48422613.18582109,52267504.73386895,44578780.37407706
1,All Population,44,Population,6,China,1,Male,7,10-14 years,1,Number,1993,52273777.88981119,56856534.90980751,47793183.01985014
1,All Population,44,Population,6,China,2,Female,7,10-14 years,1,Number,1993,48632883.1117711,52896527.22702033,44464313.416299395
1,All Population,44,Population,6,China,1,Male,7,10-14 years,1,Number,1994,53410370.66290055,58450306.03147977,48514948.87734996
1,All Population,44,Population,6,China,2,Female,7,10-14 years,1,Number,1994,49596146.64730512,54276092.34461897,45050362.926355146
1,All Population,44,Population,6,China,1,Male,7,10-14 years,1,Number,1995,55341891.07638076,60784234.072636425,49770916.79742443
1,All Population,44,Population,6,China,2,Female,7,10-14 years,1,Number,1995,51319000.32992108,56365514.954085216,46152986.3616789
1,All Population,44,Population,6,China,1,Male,7,10-14 years,1,Number,1996,57951058.69606762,63757346.386336945,52638488.80067563
1,All Population,44,Population,6,China,2,Female,7,10-14 years,1,Number,1996,53716658.63093126,59098376.61658115,48792327.189015634
1,All Population,44,Population,6,China,1,Male,7,10-14 years,1,Number,1997,60825948.84016048,66286340.07524249,55028081.89458123
1,All Population,44,Population,6,China,2,Female,7,10-14 years,1,Number,1997,56356878.336587355,61415722.52559728,50985073.206630476
1,All Population,44,Population,6,China,1,Male,7,10-14 years,1,Number,1998,63366418.73105659,68524019.04116975,58129471.83556321
1,All Population,44,Population,6,China,2,Female,7,10-14 years,1,Number,1998,58636256.34024044,63408450.426115185,53790257.952873304
1,All Population,44,Population,6,China,1,Male,7,10-14 years,1,Number,1999,65035781.083362386,69801369.00339407,60182203.05507985
1,All Population,44,Population,6,China,2,Female,7,10-14 years,1,Number,1999,60023933.99402695,64421794.10751688,55544458.448797494
1,All Population,44,Population,6,China,1,Male,7,10-14 years,1,Number,2000,65413781.56451757,69987544.14753827,60846017.69990779
1,All Population,44,Population,6,China,2,Female,7,10-14 years,1,Number,2000,60128276.96905329,64331902.72697108,55929624.89844094
1,All Population,44,Population,6,China,1,Male,7,10-14 years,1,Number,2001,64139684.92613306,68788932.5460248,59477747.77157476
1,All Population,44,Population,6,China,2,Female,7,10-14 years,1,Number,2001,58654990.40836264,62905975.979440965,54392061.87633394
1,All Population,44,Population,6,China,1,Male,7,10-14 years,1,Number,2002,61661443.59856119,66404915.132861994,56804905.81742519
1,All Population,44,Population,6,China,2,Female,7,10-14 years,1,Number,2002,56043156.56011753,60353494.30494278,51629190.94021434
1,All Population,44,Population,6,China,1,Male,7,10-14 years,1,Number,2003,58390757.11074113,63358836.889611244,53586786.09780526
1,All Population,44,Population,6,China,2,Female,7,10-14 years,1,Number,2003,52697546.066191204,57179958.18471881,48362584.886930294
1,All Population,44,Population,6,China,1,Male,7,10-14 years,1,Number,2004,54722922.38380704,59548313.151182376,49924449.582262106
1,All Population,44,Population,6,China,2,Female,7,10-14 years,1,Number,2004,49008994.46800115,53329026.3393696,44711726.24127506
1,All Population,44,Population,6,China,1,Male,7,10-14 years,1,Number,2005,51164074.807894476,56056566.25587263,46371202.72458894
1,All Population,44,Population,6,China,2,Female,7,10-14 years,1,Number,2005,45459039.46805554,49804203.62400287,41200892.61991309
1,All Population,44,Population,6,China,1,Male,7,10-14 years,1,Number,2006,48248388.34611892,52850287.686457604,43668041.41460862
1,All Population,44,Population,6,China,2,Female,7,10-14 years,1,Number,2006,42531581.68093956,46586235.387288295,38494416.99989516
1,All Population,44,Population,6,China,1,Male,7,10-14 years,1,Number,2007,45851737.81205484,49957857.21367322,41732120.13574826
1,All Population,44,Population,6,China,2,Female,7,10-14 years,1,Number,2007,40129147.395937055,43720747.87395817,36524016.82819688
1,All Population,44,Population,6,China,1,Male,7,10-14 years,1,Number,2008,43791349.3682753,47255232.700142,40385273.889543295
1,All Population,44,Population,6,China,2,Female,7,10-14 years,1,Number,2008,38084366.32031177,41094866.21833893,35122186.51229192
1,All Population,44,Population,6,China,1,Male,7,10-14 years,1,Number,2009,41998600.634626284,45024094.66239037,38890396.38379375
1,All Population,44,Population,6,China,2,Female,7,10-14 years,1,Number,2009,36325267.86560389,38940227.32697795,33636786.754561365
1,All Population,44,Population,6,China,1,Male,7,10-14 years,1,Number,2010,40518302.25460393,43201154.14253347,37918213.46169691
1,All Population,44,Population,6,China,2,Female,7,10-14 years,1,Number,2010,34873986.385123186,37181521.694828786,32635938.540113103
1,All Population,44,Population,6,China,1,Male,7,10-14 years,1,Number,2011,39454666.418736644,42550079.21641512,36559167.11002612
1,All Population,44,Population,6,China,2,Female,7,10-14 years,1,Number,2011,33798593.39609835,36448558.30699283,31319034.07749175
1,All Population,44,Population,6,China,1,Male,7,10-14 years,1,Number,2012,38829848.231765516,41921125.38536162,35743119.259836406
1,All Population,44,Population,6,China,2,Female,7,10-14 years,1,Number,2012,33131290.279167134,35767182.45293832,30498458.672946144
1,All Population,44,Population,6,China,1,Male,7,10-14 years,1,Number,2013,38605927.05083066,42041253.17190323,35340468.333875306
1,All Population,44,Population,6,China,2,Female,7,10-14 years,1,Number,2013,32850115.839517124,35771354.02267838,30071624.434161477
1,All Population,44,Population,6,China,1,Male,7,10-14 years,1,Number,2014,38777979.91524663,42294106.70494674,35182460.41736065
1,All Population,44,Population,6,China,2,Female,7,10-14 years,1,Number,2014,32957535.03611697,35943890.722875655,29901896.392020892
1,All Population,44,Population,6,China,1,Male,7,10-14 years,1,Number,2015,39352260.44821308,43281979.54620697,35581836.37697418
1,All Population,44,Population,6,China,2,Female,7,10-14 years,1,Number,2015,33465306.83141481,36805048.50498311,30259255.89968956
1,All Population,44,Population,6,China,1,Male,7,10-14 years,1,Number,2016,40317681.3106524,44084307.16596189,36732364.10134827
1,All Population,44,Population,6,China,2,Female,7,10-14 years,1,Number,2016,34373235.657543436,37582564.63208303,31316871.197083056
1,All Population,44,Population,6,China,1,Male,7,10-14 years,1,Number,2017,41646214.21253925,45243673.11016563,37781318.78764207
1,All Population,44,Population,6,China,2,Female,7,10-14 years,1,Number,2017,35648291.9288734,38725798.79677174,32340333.6315662
1,All Population,44,Population,6,China,1,Male,7,10-14 years,1,Number,2018,43235880.87273994,46634985.94666958,39971489.933183804
1,All Population,44,Population,6,China,2,Female,7,10-14 years,1,Number,2018,37192852.832206696,40115198.296868674,34384744.15523425
1,All Population,44,Population,6,China,1,Male,7,10-14 years,1,Number,2019,44791350.907874525,48115064.033120506,41301436.47093529
1,All Population,44,Population,6,China,2,Female,7,10-14 years,1,Number,2019,38739002.13431386,41612145.23528227,35720792.23697215
1,All Population,44,Population,6,China,1,Male,7,10-14 years,1,Number,2020,45753784.9053508,48762744.94599565,42458174.9292019
1,All Population,44,Population,6,China,2,Female,7,10-14 years,1,Number,2020,39784409.17280064,42400436.52389053,36918802.785134025
1,All Population,44,Population,6,China,1,Male,7,10-14 years,1,Number,2021,46036499.78133913,49540928.91661835,42627597.999989465
1,All Population,44,Population,6,China,2,Female,7,10-14 years,1,Number,2021,40233513.16264083,43295113.144524276,37254427.947218895
1,All Population,44,Population,6,China,1,Male,7,10-14 years,1,Number,2022,46423259.21735058,50070448.01990048,42669272.220650636
1,All Population,44,Population,6,China,2,Female,7,10-14 years,1,Number,2022,40764631.808502875,43966276.93646016,37468297.72278458
1,All Population,44,Population,6,China,1,Male,7,10-14 years,1,Number,2023,47171270.18552175,50967898.27567755,42973039.81584905
1,All Population,44,Population,6,China,2,Female,7,10-14 years,1,Number,2023,41596846.72882047,44943865.145788185,37894851.23120394
1,All Population,44,Population,6,China,1,Male,8,15-19 years,1,Number,1990,65205213.72819397,70070864.07829869,60739765.00369067
1,All Population,44,Population,6,China,2,Female,8,15-19 years,1,Number,1990,61796263.46389763,66408328.12112845,57564527.97614923
1,All Population,44,Population,6,China,1,Male,8,15-19 years,1,Number,1991,62118545.03305101,66756775.91649642,56951257.13769873
1,All Population,44,Population,6,China,2,Female,8,15-19 years,1,Number,1991,59125902.556184515,63541480.61040353,54207737.531856164
1,All Population,44,Population,6,China,1,Male,8,15-19 years,1,Number,1992,58766833.238817506,63436988.18907454,54101597.685716145
1,All Population,44,Population,6,China,2,Female,8,15-19 years,1,Number,1992,56107741.035791315,60567428.4251113,51653973.07306386
1,All Population,44,Population,6,China,1,Male,8,15-19 years,1,Number,1993,55621943.1298213,60501377.164861366,50853684.969768725
1,All Population,44,Population,6,China,2,Female,8,15-19 years,1,Number,1993,53152124.367117,57815709.262033135,48595993.62646088
1,All Population,44,Population,6,China,1,Male,8,15-19 years,1,Number,1994,53160226.54413485,58178161.556558676,48286920.77761598
1,All Population,44,Population,6,China,2,Female,8,15-19 years,1,Number,1994,50737055.656792365,55526958.44140567,46085508.49271494
1,All Population,44,Population,6,China,1,Male,8,15-19 years,1,Number,1995,51498659.2802912,56562609.78776995,46313822.717989944
1,All Population,44,Population,6,China,2,Female,8,15-19 years,1,Number,1995,49044530.444281206,53867646.804847464,44107070.88917221
1,All Population,44,Population,6,China,1,Male,8,15-19 years,1,Number,1996,50430443.82387326,55480398.63178253,45807177.2259191
1,All Population,44,Population,6,China,2,Female,8,15-19 years,1,Number,1996,47944575.83325842,52745877.274138585,43549470.75473871
1,All Population,44,Population,6,China,1,Male,8,15-19 years,1,Number,1997,49864405.38145459,54335755.68806505,45111940.25857156
1,All Population,44,Population,6,China,2,Female,8,15-19 years,1,Number,1997,47341073.7378678,51586281.50391238,42829184.0226223
1,All Population,44,Population,6,China,1,Male,8,15-19 years,1,Number,1998,50039925.873792835,54106391.68554502,45903971.877237715
1,All Population,44,Population,6,China,2,Female,8,15-19 years,1,Number,1998,47460112.42585307,51316960.88825887,43537464.53530049
1,All Population,44,Population,6,China,1,Male,8,15-19 years,1,Number,1999,51164037.2549182,54906322.30605822,47345299.0122309
1,All Population,44,Population,6,China,2,Female,8,15-19 years,1,Number,1999,48512200.55639835,52060512.997806504,44891507.87990582
1,All Population,44,Population,6,China,1,Male,8,15-19 years,1,Number,2000,53280309.98540681,56999855.535810255,49559225.06605361
1,All Population,44,Population,6,China,2,Female,8,15-19 years,1,Number,2000,50578077.710185036,54108970.73462112,47045826.531241074
1,All Population,44,Population,6,China,1,Male,8,15-19 years,1,Number,2001,56325469.725121915,60404391.207187906,52233525.04841172
1,All Population,44,Population,6,China,2,Female,8,15-19 years,1,Number,2001,53648147.673864044,57533218.2898776,49750684.67256946
1,All Population,44,Population,6,China,1,Male,8,15-19 years,1,Number,2002,59750187.19246057,64345143.991720214,55043971.77985883
1,All Population,44,Population,6,China,2,Female,8,15-19 years,1,Number,2002,57115473.84062361,61507857.32448579,52616943.215036266
1,All Population,44,Population,6,China,1,Male,8,15-19 years,1,Number,2003,62864212.345582515,68214749.76701112,57691315.518582106
1,All Population,44,Population,6,China,2,Female,8,15-19 years,1,Number,2003,60235739.03710267,65362559.84754052,55279124.490405366
1,All Population,44,Population,6,China,1,Male,8,15-19 years,1,Number,2004,65057619.25168632,70799602.66229205,59352393.318192184
1,All Population,44,Population,6,China,2,Female,8,15-19 years,1,Number,2004,62357017.0636348,67860543.41089505,56888824.16320558
1,All Population,44,Population,6,China,1,Male,8,15-19 years,1,Number,2005,65849493.90950658,72154271.65992555,59680065.88639579
1,All Population,44,Population,6,China,2,Female,8,15-19 years,1,Number,2005,62996041.29626277,69027373.4132557,57094136.8634384
1,All Population,44,Population,6,China,1,Male,8,15-19 years,1,Number,2006,64865544.00205135,71061080.58459365,58706343.607125506
1,All Population,44,Population,6,China,2,Female,8,15-19 years,1,Number,2006,61835224.167564474,67740981.20152798,55963924.09066444
1,All Population,44,Population,6,China,1,Male,8,15-19 years,1,Number,2007,62558214.46999851,68168318.69360332,56937156.595356636
1,All Population,44,Population,6,China,2,Female,8,15-19 years,1,Number,2007,59316291.059122935,64635249.146410376,53986635.47074467
1,All Population,44,Population,6,China,1,Male,8,15-19 years,1,Number,2008,59358980.78935212,64060138.822200164,54742844.57319698
1,All Population,44,Population,6,China,2,Female,8,15-19 years,1,Number,2008,55877808.875270836,60302770.3826464,51532409.892169364
1,All Population,44,Population,6,China,1,Male,8,15-19 years,1,Number,2009,55682273.480205126,59697009.234782025,51562294.69965685
1,All Population,44,Population,6,China,2,Female,8,15-19 years,1,Number,2009,51957905.84768889,55703504.78511452,48113478.617842704
1,All Population,44,Population,6,China,1,Male,8,15-19 years,1,Number,2010,52050711.09239889,55498269.6904574,48711122.240389556
1,All Population,44,Population,6,China,2,Female,8,15-19 years,1,Number,2010,48088420.78582845,51272816.47045657,45003043.37003666
1,All Population,44,Population,6,China,1,Male,8,15-19 years,1,Number,2011,49010340.2998508,52854552.938535765,45414002.359918416
1,All Population,44,Population,6,China,2,Female,8,15-19 years,1,Number,2011,44792437.21222485,48304779.63240647,41506118.39452177
1,All Population,44,Population,6,China,1,Male,8,15-19 years,1,Number,2012,46488432.93320766,50186493.233964466,42794413.70400217
1,All Population,44,Population,6,China,2,Female,8,15-19 years,1,Number,2012,42050174.39648879,45393954.6068853,38709460.296184756
1,All Population,44,Population,6,China,1,Male,8,15-19 years,1,Number,2013,44326903.72686586,48266289.58876876,40578254.3539309
1,All Population,44,Population,6,China,2,Female,8,15-19 years,1,Number,2013,39723738.87166687,43252567.212402984,36364718.99983701
1,All Population,44,Population,6,China,1,Male,8,15-19 years,1,Number,2014,42456998.308649816,46300257.79528513,38521394.49313316
1,All Population,44,Population,6,China,2,Female,8,15-19 years,1,Number,2014,37737124.489575185,41151566.7148105,34239503.62627445
1,All Population,44,Population,6,China,1,Male,8,15-19 years,1,Number,2015,40904271.50050877,44981698.150856905,36986612.10184584
1,All Population,44,Population,6,China,2,Female,8,15-19 years,1,Number,2015,36086983.05741903,39682562.40511611,32632445.936546553
1,All Population,44,Population,6,China,1,Male,8,15-19 years,1,Number,2016,39740219.51442549,43446383.53336068,36207565.719735235
1,All Population,44,Population,6,China,2,Female,8,15-19 years,1,Number,2016,34802584.958787285,38046705.50637035,31709420.504750565
1,All Population,44,Population,6,China,1,Male,8,15-19 years,1,Number,2017,39000499.76218243,42364012.82718729,35382191.77283161
1,All Population,44,Population,6,China,2,Female,8,15-19 years,1,Number,2017,33930977.1881182,36855688.57265031,30783563.443825863
1,All Population,44,Population,6,China,1,Male,8,15-19 years,1,Number,2018,38661639.08817282,41697085.556961745,35742766.960243516
1,All Population,44,Population,6,China,2,Female,8,15-19 years,1,Number,2018,33463613.979655318,36089330.73637035,30937446.704878822
1,All Population,44,Population,6,China,1,Male,8,15-19 years,1,Number,2019,38732910.15875944,41604314.23778553,35715392.5320165
1,All Population,44,Population,6,China,2,Female,8,15-19 years,1,Number,2019,33415818.95523676,35891406.11167051,30812870.724843938
1,All Population,44,Population,6,China,1,Male,8,15-19 years,1,Number,2020,39235262.88197871,41814991.51649482,36409333.67491839
1,All Population,44,Population,6,China,2,Female,8,15-19 years,1,Number,2020,33812915.869695,36035533.61626729,31377709.348889537
1,All Population,44,Population,6,China,1,Male,8,15-19 years,1,Number,2021,40172887.60089935,43230429.87766139,37198345.247550435
1,All Population,44,Population,6,China,2,Female,8,15-19 years,1,Number,2021,34669430.31894208,37306409.11957856,32102664.754316412
1,All Population,44,Population,6,China,1,Male,8,15-19 years,1,Number,2022,41497456.02754232,44757764.7872158,38141834.79964903
1,All Population,44,Population,6,China,2,Female,8,15-19 years,1,Number,2022,35927424.813267976,38748398.83258873,33022443.120304722
1,All Population,44,Population,6,China,1,Male,8,15-19 years,1,Number,2023,43091173.37301931,46559717.429359004,39255922.45795666
1,All Population,44,Population,6,China,2,Female,8,15-19 years,1,Number,2023,37469550.0653185,40483912.58934225,34134990.12138511
1,All Population,44,Population,6,China,1,Male,9,20-24 years,1,Number,1990,67707110.41351098,72759327.8319387,63070166.21915941
1,All Population,44,Population,6,China,2,Female,9,20-24 years,1,Number,1990,64663632.694884874,69487408.00523168,60236164.168642566
1,All Population,44,Population,6,China,1,Male,9,20-24 years,1,Number,1991,67778008.86958688,72840569.47905943,62139722.6001596
1,All Population,44,Population,6,China,2,Female,9,20-24 years,1,Number,1991,63880680.52762535,68650438.61930339,58567810.46474682
1,All Population,44,Population,6,China,1,Male,9,20-24 years,1,Number,1992,67098076.42308301,72433599.5100509,61771711.738893576
1,All Population,44,Population,6,China,2,Female,9,20-24 years,1,Number,1992,62701919.482300095,67685810.71114907,57725474.54580237
1,All Population,44,Population,6,China,1,Male,9,20-24 years,1,Number,1993,65859614.36492348,71641603.35944515,60214019.89465384
1,All Population,44,Population,6,China,2,Female,9,20-24 years,1,Number,1993,61437341.124604926,66828758.31724655,56171791.559250444
1,All Population,44,Population,6,China,1,Male,9,20-24 years,1,Number,1994,63944468.0649641,69985280.3564756,58079962.74594143
1,All Population,44,Population,6,China,2,Female,9,20-24 years,1,Number,1994,59946444.18608745,65607125.79904274,54449851.585386656
1,All Population,44,Population,6,China,1,Male,9,20-24 years,1,Number,1995,61368700.34301637,67407659.43491635,55189507.951756604
1,All Population,44,Population,6,China,2,Female,9,20-24 years,1,Number,1995,58053509.869393125,63763876.90323755,52209542.795360476
1,All Population,44,Population,6,China,1,Male,9,20-24 years,1,Number,1996,58305019.72748424,64147123.698305875,52959068.905188024
1,All Population,44,Population,6,China,2,Female,9,20-24 years,1,Number,1996,55698481.760468975,61277113.92810078,50592935.70418395
1,All Population,44,Population,6,China,1,Male,9,20-24 years,1,Number,1997,55063953.30501914,60004177.09457979,49815348.476332866
1,All Population,44,Population,6,China,2,Female,9,20-24 years,1,Number,1997,53041790.2261743,57798353.81724523,47986695.253401786
1,All Population,44,Population,6,China,1,Male,9,20-24 years,1,Number,1998,52072581.253788866,56305733.61226399,47768375.293868706
1,All Population,44,Population,6,China,2,Female,9,20-24 years,1,Number,1998,50439997.308288366,54538058.54018744,46271070.19683405
1,All Population,44,Population,6,China,1,Male,9,20-24 years,1,Number,1999,49768823.794784546,53409148.32798368,46053492.88972152
1,All Population,44,Population,6,China,2,Female,9,20-24 years,1,Number,1999,48336616.62858994,51869625.39377141,44728934.26291209
1,All Population,44,Population,6,China,1,Male,9,20-24 years,1,Number,2000,48264375.13394125,51632307.20321548,44892839.51506929
1,All Population,44,Population,6,China,2,Female,9,20-24 years,1,Number,2000,46914858.73918246,50187321.59530392,43638090.97379305
1,All Population,44,Population,6,China,1,Male,9,20-24 years,1,Number,2001,47374586.29050184,50802144.612395845,43934558.75431681
1,All Population,44,Population,6,China,2,Female,9,20-24 years,1,Number,2001,46070421.866135195,49400702.2831016,42726585.437256984
1,All Population,44,Population,6,China,1,Male,9,20-24 years,1,Number,2002,47009864.08463402,50619669.287685305,43307034.04914924
1,All Population,44,Population,6,China,2,Female,9,20-24 years,1,Number,2002,45749129.952480786,49258891.631010175,42146139.02722937
1,All Population,44,Population,6,China,1,Male,9,20-24 years,1,Number,2003,47389301.68948067,51415108.5376275,43491585.37486324
1,All Population,44,Population,6,China,2,Female,9,20-24 years,1,Number,2003,46194080.7323988,50115739.86384017,42394690.68805486
1,All Population,44,Population,6,China,1,Male,9,20-24 years,1,Number,2004,48707874.011070065,52998622.84707368,44437032.12402269
1,All Population,44,Population,6,China,2,Female,9,20-24 years,1,Number,2004,47623767.30351996,51815441.102729745,43448428.21348881
1,All Population,44,Population,6,China,1,Male,9,20-24 years,1,Number,2005,51009849.16522046,55886190.48759113,46231647.468663156
1,All Population,44,Population,6,China,2,Female,9,20-24 years,1,Number,2005,50110163.70838622,54896985.5554303,45416781.13535683
1,All Population,44,Population,6,China,1,Male,9,20-24 years,1,Number,2006,54224238.411705814,59398015.10614255,49076427.92914355
1,All Population,44,Population,6,China,2,Female,9,20-24 years,1,Number,2006,53596369.39210381,58706981.10616476,48508928.407358535
1,All Population,44,Population,6,China,1,Male,9,20-24 years,1,Number,2007,57810517.63249793,62992573.33053156,52616254.578664616
1,All Population,44,Population,6,China,2,Female,9,20-24 years,1,Number,2007,57439156.500631765,62585016.90403402,52278846.711376786
1,All Population,44,Population,6,China,1,Male,9,20-24 years,1,Number,2008,61071259.93317326,65909039.918419376,56322040.74778703
1,All Population,44,Population,6,China,2,Female,9,20-24 years,1,Number,2008,60847078.617345065,65664673.38707906,56115567.84436222
1,All Population,44,Population,6,China,1,Male,9,20-24 years,1,Number,2009,63377974.05743532,67951496.16348444,58689268.771965414
1,All Population,44,Population,6,China,2,Female,9,20-24 years,1,Number,2009,63122668.68878199,67675759.64400493,58453036.3737285
1,All Population,44,Population,6,China,1,Male,9,20-24 years,1,Number,2010,64225784.03419074,68485314.3951167,60106172.95252366
1,All Population,44,Population,6,China,2,Female,9,20-24 years,1,Number,2010,63750070.81096262,67976483.90234081,59661106.9128056
1,All Population,44,Population,6,China,1,Male,9,20-24 years,1,Number,2011,63221714.309577644,68187516.97415513,58579076.547503896
1,All Population,44,Population,6,China,2,Female,9,20-24 years,1,Number,2011,62406184.103576615,67306358.84570697,57824213.69177366
1,All Population,44,Population,6,China,1,Male,9,20-24 years,1,Number,2012,60842258.421028905,65688677.66758989,56004228.290551305
1,All Population,44,Population,6,China,2,Female,9,20-24 years,1,Number,2012,59549375.538554974,64291196.56251767,54814992.237052746
1,All Population,44,Population,6,China,1,Male,9,20-24 years,1,Number,2013,57561125.5134673,62682108.52656308,52694085.388158895
1,All Population,44,Population,6,China,2,Female,9,20-24 years,1,Number,2013,55695793.59057623,60648857.02972475,50986671.89499779
1,All Population,44,Population,6,China,1,Male,9,20-24 years,1,Number,2014,53836572.403074786,58713029.174259216,48846894.90799633
1,All Population,44,Population,6,China,2,Female,9,20-24 years,1,Number,2014,51381084.380895525,56032762.39042541,46619306.980118014
1,All Population,44,Population,6,China,1,Male,9,20-24 years,1,Number,2015,50227383.01721816,55234493.370585494,45417757.30012179
1,All Population,44,Population,6,China,2,Female,9,20-24 years,1,Number,2015,47230493.27191102,51935999.70449622,42710028.10543238
1,All Population,44,Population,6,China,1,Male,9,20-24 years,1,Number,2016,47304485.899898246,51714219.8056217,43100516.27999714
1,All Population,44,Population,6,China,2,Female,9,20-24 years,1,Number,2016,43836190.79419833,47919672.54848778,39941183.24146895
1,All Population,44,Population,6,China,1,Male,9,20-24 years,1,Number,2017,44947246.3141554,48820125.32753163,40778605.12043107
1,All Population,44,Population,6,China,2,Female,9,20-24 years,1,Number,2017,41113514.33254403,44653133.64665982,37301296.688136525
1,All Population,44,Population,6,China,1,Male,9,20-24 years,1,Number,2018,42967520.15877505,46336631.09183317,39724343.07506841
1,All Population,44,Population,6,China,2,Female,9,20-24 years,1,Number,2018,38874362.758463785,41919822.14661308,35940618.60656273
1,All Population,44,Population,6,China,1,Male,9,20-24 years,1,Number,2019,41271448.029008925,44326270.73542297,38057219.60678931
1,All Population,44,Population,6,China,2,Female,9,20-24 years,1,Number,2019,37000427.2752604,39736680.13412808,34119513.559641264
1,All Population,44,Population,6,China,1,Male,9,20-24 years,1,Number,2020,39860940.32584561,42480045.51524248,36990544.38423167
1,All Population,44,Population,6,China,2,Female,9,20-24 years,1,Number,2020,35451003.18540883,37779361.50196386,32898645.66698421
1,All Population,44,Population,6,China,1,Male,9,20-24 years,1,Number,2021,38786900.94026139,41734500.14731578,35915800.7260334
1,All Population,44,Population,6,China,2,Female,9,20-24 years,1,Number,2021,34224560.90659681,36823309.846356295,31691755.446692143
1,All Population,44,Population,6,China,1,Male,9,20-24 years,1,Number,2022,38105523.38092611,41095509.179454125,35024761.429789916
1,All Population,44,Population,6,China,2,Female,9,20-24 years,1,Number,2022,33387627.220825873,36005227.76655435,30688777.50358889
1,All Population,44,Population,6,China,1,Male,9,20-24 years,1,Number,2023,37809781.149261035,40850223.25271104,34445286.030168355
1,All Population,44,Population,6,China,2,Female,9,20-24 years,1,Number,2023,32946413.46019108,35594181.32295351,30015285.564189963
1,All Population,44,Population,6,China,1,Male,10,25-29 years,1,Number,1990,56578756.17042778,60787243.43648647,52704158.82108718
1,All Population,44,Population,6,China,2,Female,10,25-29 years,1,Number,1990,53595033.36545199,57579095.48643959,49925146.52618089
1,All Population,44,Population,6,China,1,Male,10,25-29 years,1,Number,1991,61306319.60945392,65874683.15156008,56208087.78807942
1,All Population,44,Population,6,China,2,Female,10,25-29 years,1,Number,1991,57955566.76128512,62270966.58784737,53137066.157219045
1,All Population,44,Population,6,China,1,Male,10,25-29 years,1,Number,1992,65003222.19991686,70163556.66568126,59843118.49137038
1,All Population,44,Population,6,China,2,Female,10,25-29 years,1,Number,1992,61187479.08531326,66040308.43916205,56331210.97614895
1,All Population,44,Population,6,China,1,Male,10,25-29 years,1,Number,1993,67099333.99387164,72984132.1991957,61347390.25277038
1,All Population,44,Population,6,China,2,Female,10,25-29 years,1,Number,1993,62771621.02135831,68270745.24163647,57391986.631650254
1,All Population,44,Population,6,China,1,Male,10,25-29 years,1,Number,1994,67940231.28420015,74355346.54903522,61710934.65254534
1,All Population,44,Population,6,China,2,Female,10,25-29 years,1,Number,1994,63172481.608024076,69129876.24626952,57384223.634227574
1,All Population,44,Population,6,China,1,Male,10,25-29 years,1,Number,1995,67864021.03218742,74541767.15021653,61030595.70652636
1,All Population,44,Population,6,China,2,Female,10,25-29 years,1,Number,1995,62800091.56900154,68971194.2076184,56479510.62182503
1,All Population,44,Population,6,China,1,Male,10,25-29 years,1,Number,1996,67211767.80542432,73948244.78252704,61048707.43683703
1,All Population,44,Population,6,China,2,Female,10,25-29 years,1,Number,1996,61922645.6789158,68120279.87655798,56247327.42128016
1,All Population,44,Population,6,China,1,Male,10,25-29 years,1,Number,1997,66134480.80279506,72071406.05178499,59830208.608805664
1,All Population,44,Population,6,China,2,Female,10,25-29 years,1,Number,1997,60972040.95658138,66437307.27492684,55161495.77837992
1,All Population,44,Population,6,China,1,Male,10,25-29 years,1,Number,1998,64769326.62756689,70039092.93920691,59415992.71165815
1,All Population,44,Population,6,China,2,Female,10,25-29 years,1,Number,1998,60111470.568408035,64994625.962699406,55143124.88592554
1,All Population,44,Population,6,China,1,Male,10,25-29 years,1,Number,1999,62933948.192865215,67541987.71385637,58236394.23521528
1,All Population,44,Population,6,China,2,Female,10,25-29 years,1,Number,1999,59083653.730317704,63402797.91694458,54673791.5119244
1,All Population,44,Population,6,China,1,Male,10,25-29 years,1,Number,2000,60568637.90839069,64799443.22282486,56338146.41278013
1,All Population,44,Population,6,China,2,Female,10,25-29 years,1,Number,2000,57613619.09880542,61632781.05983191,53589546.6467496
1,All Population,44,Population,6,China,1,Male,10,25-29 years,1,Number,2001,57768323.969023,61951522.63366799,53571687.383921705
1,All Population,44,Population,6,China,2,Female,10,25-29 years,1,Number,2001,55562570.695671454,59580199.62544095,51529177.00340866
1,All Population,44,Population,6,China,1,Male,10,25-29 years,1,Number,2002,54799422.580518566,59010680.50544962,50482506.40898695
1,All Population,44,Population,6,China,2,Female,10,25-29 years,1,Number,2002,53117323.579879045,57193021.907000005,48933629.19728647
1,All Population,44,Population,6,China,1,Male,10,25-29 years,1,Number,2003,52054969.06979422,56479767.09897201,47773229.204695016
1,All Population,44,Population,6,China,2,Female,10,25-29 years,1,Number,2003,50661917.838994734,54963187.966916926,46494749.674190104
1,All Population,44,Population,6,China,1,Male,10,25-29 years,1,Number,2004,49951132.16305118,54352511.43639361,45570304.19486146
1,All Population,44,Population,6,China,2,Female,10,25-29 years,1,Number,2004,48668201.34711057,52948928.751466274,44400814.41733302
1,All Population,44,Population,6,China,1,Male,10,25-29 years,1,Number,2005,48585070.716089845,53228765.40880273,44033336.54882103
1,All Population,44,Population,6,China,2,Female,10,25-29 years,1,Number,2005,47336706.61193898,51852922.382363744,42903033.431062646
1,All Population,44,Population,6,China,1,Male,10,25-29 years,1,Number,2006,47751739.69239024,52304651.20252563,43218585.483838715
1,All Population,44,Population,6,China,2,Female,10,25-29 years,1,Number,2006,46558493.99877244,50989143.091857575,42140099.46887024
1,All Population,44,Population,6,China,1,Male,10,25-29 years,1,Number,2007,47379586.38511964,51620970.998187065,43123034.680264845
1,All Population,44,Population,6,China,2,Female,10,25-29 years,1,Number,2007,46274721.104573995,50408379.83481237,42118053.700499505
1,All Population,44,Population,6,China,1,Male,10,25-29 years,1,Number,2008,47695936.294425726,51467169.420914575,43986700.652901925
1,All Population,44,Population,6,China,2,Female,10,25-29 years,1,Number,2008,46722952.64972331,50413843.93370598,43088459.281117365
1,All Population,44,Population,6,China,1,Male,10,25-29 years,1,Number,2009,48909182.87642833,52431297.08860013,45290351.92157423
1,All Population,44,Population,6,China,2,Female,10,25-29 years,1,Number,2009,48126586.27388559,51583461.900463,44564083.62421994
1,All Population,44,Population,6,China,1,Male,10,25-29 years,1,Number,2010,51083055.93156855,54464879.829210036,47805988.41808135
1,All Population,44,Population,6,China,2,Female,10,25-29 years,1,Number,2010,50562088.737520695,53901221.28563663,47316995.46286841
1,All Population,44,Population,6,China,1,Male,10,25-29 years,1,Number,2011,54162222.66009306,58411561.5310054,50187300.706539
1,All Population,44,Population,6,China,2,Female,10,25-29 years,1,Number,2011,53963867.065613195,58188602.24439599,50008045.03938404
1,All Population,44,Population,6,China,1,Male,10,25-29 years,1,Number,2012,57592649.57677828,62178080.11491495,53014135.9077413
1,All Population,44,Population,6,China,2,Female,10,25-29 years,1,Number,2012,57626222.251700945,62205386.91676851,53049717.302779
1,All Population,44,Population,6,China,1,Male,10,25-29 years,1,Number,2013,60659159.62974082,66057047.5189447,55530292.020797975
1,All Population,44,Population,6,China,2,Female,10,25-29 years,1,Number,2013,60706767.59796779,66099523.74444896,55574219.816565216
1,All Population,44,Population,6,China,1,Male,10,25-29 years,1,Number,2014,62726563.22256144,68413305.23330721,56912828.08170545
1,All Population,44,Population,6,China,2,Female,10,25-29 years,1,Number,2014,62486393.52459196,68142168.93658255,56695592.138197124
1,All Population,44,Population,6,China,1,Male,10,25-29 years,1,Number,2015,63300964.162493296,69619316.02666855,57238918.72874367
1,All Population,44,Population,6,China,2,Female,10,25-29 years,1,Number,2015,62476429.67089198,68703481.21670881,56494454.038817994
1,All Population,44,Population,6,China,1,Male,10,25-29 years,1,Number,2016,62017458.08236649,67806642.69535781,56505464.26241038
1,All Population,44,Population,6,China,2,Female,10,25-29 years,1,Number,2016,60437996.97267774,66071767.36952845,55067278.993434824
1,All Population,44,Population,6,China,1,Male,10,25-29 years,1,Number,2017,59394074.10198269,64518352.2845525,53885500.561585054
1,All Population,44,Population,6,China,2,Female,10,25-29 years,1,Number,2017,56979362.76986209,61887769.803736396,51695448.070670836
1,All Population,44,Population,6,China,1,Male,10,25-29 years,1,Number,2018,55930143.42659249,60319890.05127693,51709428.145766675
1,All Population,44,Population,6,China,2,Female,10,25-29 years,1,Number,2018,52712314.37482986,56842385.85971587,48733995.45863825
1,All Population,44,Population,6,China,1,Male,10,25-29 years,1,Number,2019,52102071.91539423,55960104.93829091,48044854.576435305
1,All Population,44,Population,6,China,2,Female,10,25-29 years,1,Number,2019,48210372.485941544,51773528.781234115,44456428.417207755
1,All Population,44,Population,6,China,1,Male,10,25-29 years,1,Number,2020,48481224.65408513,51666244.74983356,44990422.84056158
1,All Population,44,Population,6,China,2,Female,10,25-29 years,1,Number,2020,44085147.16580513,46979720.57791872,40912578.71363441
1,All Population,44,Population,6,China,1,Male,10,25-29 years,1,Number,2021,45643401.39954061,49109551.66946001,42265115.71415018
1,All Population,44,Population,6,China,2,Female,10,25-29 years,1,Number,2021,40883258.12197836,43981654.115121186,37857870.22408649
1,All Population,44,Population,6,China,1,Male,10,25-29 years,1,Number,2022,43411376.01037632,46813753.40383264,39901942.27068842
1,All Population,44,Population,6,China,2,Female,10,25-29 years,1,Number,2022,38411810.15398013,41416216.39117683,35309216.00375647
1,All Population,44,Population,6,China,1,Male,10,25-29 years,1,Number,2023,41562547.03585324,44902287.60317758,37864797.56370207
1,All Population,44,Population,6,China,2,Female,10,25-29 years,1,Number,2023,36427218.196314655,39351935.15904182,33187355.08877588
1,All Population,44,Population,6,China,1,Male,11,30-34 years,1,Number,1990,46161516.857446335,49587547.57826035,43000542.214016765
1,All Population,44,Population,6,China,2,Female,11,30-34 years,1,Number,1990,42338691.99452968,45479542.36367853,39439634.70088885
1,All Population,44,Population,6,China,1,Male,11,30-34 years,1,Number,1991,45050141.85099285,48395202.62851125,41305938.35463239
1,All Population,44,Population,6,China,2,Female,11,30-34 years,1,Number,1991,41427170.00215993,44501325.47211056,37984529.353287004
1,All Population,44,Population,6,China,1,Male,11,30-34 years,1,Number,1992,45767545.97253076,49392824.78397579,42135217.07264737
1,All Population,44,Population,6,China,2,Female,11,30-34 years,1,Number,1992,42292965.597810976,45641930.35934527,38936605.681108646
1,All Population,44,Population,6,China,1,Male,11,30-34 years,1,Number,1993,48773688.62760311,53033549.79312693,44594212.00993633
1,All Population,44,Population,6,China,2,Female,11,30-34 years,1,Number,1993,45367493.24272523,49326106.889717095,41480224.47517337
1,All Population,44,Population,6,China,1,Male,11,30-34 years,1,Number,1994,53099271.6504411,58095211.945936695,48239993.52827011
1,All Population,44,Population,6,China,2,Female,11,30-34 years,1,Number,1994,49638863.690028206,54304026.67207019,45098961.73517445
1,All Population,44,Population,6,China,1,Male,11,30-34 years,1,Number,1995,57705282.62304925,63367650.496166185,51900140.44530065
1,All Population,44,Population,6,China,2,Female,11,30-34 years,1,Number,1995,54156956.48150437,59464499.37586499,48710429.44809185
1,All Population,44,Population,6,China,1,Male,11,30-34 years,1,Number,1996,61667380.4706653,67835687.8332226,56015887.26106278
1,All Population,44,Population,6,China,2,Female,11,30-34 years,1,Number,1996,58185270.54355341,63997387.90386974,52855264.20131408
1,All Population,44,Population,6,China,1,Male,11,30-34 years,1,Number,1997,64541167.667449564,70326722.34385096,58390159.22351826
1,All Population,44,Population,6,China,2,Female,11,30-34 years,1,Number,1997,61121250.860686146,66591559.47091965,55297964.39754083
1,All Population,44,Population,6,China,1,Male,11,30-34 years,1,Number,1998,65889046.36130644,71244999.98774733,60442901.8913821
1,All Population,44,Population,6,China,2,Female,11,30-34 years,1,Number,1998,62485074.54062116,67554983.66764098,57320475.218485065
1,All Population,44,Population,6,China,1,Male,11,30-34 years,1,Number,1999,66182344.92747709,71026122.30961911,61241900.20361917
1,All Population,44,Population,6,China,2,Female,11,30-34 years,1,Number,1999,62768411.359182104,67352714.52478138,58083600.351017706
1,All Population,44,Population,6,China,1,Male,11,30-34 years,1,Number,2000,65863155.848605104,70463902.74215576,61262552.52240457
1,All Population,44,Population,6,China,2,Female,11,30-34 years,1,Number,2000,62403849.50833257,66756466.054536864,58045107.28979851
1,All Population,44,Population,6,China,1,Male,11,30-34 years,1,Number,2001,65350463.10146773,70084513.7790243,60602085.82277477
1,All Population,44,Population,6,China,2,Female,11,30-34 years,1,Number,2001,61684283.048167534,66143522.89294382,57207038.29300398
1,All Population,44,Population,6,China,1,Male,11,30-34 years,1,Number,2002,64661701.08899279,69634199.72430237,59567981.50942628
1,All Population,44,Population,6,China,2,Female,11,30-34 years,1,Number,2002,60961206.008392945,65639275.38574675,56159737.32842298
1,All Population,44,Population,6,China,1,Male,11,30-34 years,1,Number,2003,63810578.461963825,69239497.237453,58560874.16086545
1,All Population,44,Population,6,China,2,Female,11,30-34 years,1,Number,2003,60335390.16301983,65458534.31117098,55372683.01093544
1,All Population,44,Population,6,China,1,Male,11,30-34 years,1,Number,2004,62516361.9889072,68030274.33050759,57033794.627828665
1,All Population,44,Population,6,China,2,Female,11,30-34 years,1,Number,2004,59507782.06283043,64745535.54971484,54289884.89176273
1,All Population,44,Population,6,China,1,Male,11,30-34 years,1,Number,2005,60642444.4916021,66443863.83854489,54960896.01855865
1,All Population,44,Population,6,China,2,Female,11,30-34 years,1,Number,2005,58184344.31977634,63739617.60311055,52734355.24353887
1,All Population,44,Population,6,China,1,Male,11,30-34 years,1,Number,2006,58234916.87969371,63792203.756979026,52705583.89625347
1,All Population,44,Population,6,China,2,Female,11,30-34 years,1,Number,2006,56231549.91548672,61586571.01653499,50894507.473165356
1,All Population,44,Population,6,China,1,Male,11,30-34 years,1,Number,2007,55558700.87778638,60536588.062076114,50566201.341684386
1,All Population,44,Population,6,China,2,Female,11,30-34 years,1,Number,2007,53836893.43708326,58649227.822512984,49000404.5538766
1,All Population,44,Population,6,China,1,Male,11,30-34 years,1,Number,2008,53013375.49887148,57208307.3474259,48889587.51472341
1,All Population,44,Population,6,China,2,Female,11,30-34 years,1,Number,2008,51386285.36530628,55446529.58392937,47388595.73640926
1,All Population,44,Population,6,China,1,Male,11,30-34 years,1,Number,2009,51027230.86693123,54703739.809479065,47250572.96575515
1,All Population,44,Population,6,China,2,Female,11,30-34 years,1,Number,2009,49357613.94706977,52902467.79425739,45703117.21887245
1,All Population,44,Population,6,China,1,Male,11,30-34 years,1,Number,2010,49703834.549078315,52994488.38044348,46514266.70863285
1,All Population,44,Population,6,China,2,Female,11,30-34 years,1,Number,2010,47951620.65350256,51115437.76264685,44872835.48587604
1,All Population,44,Population,6,China,1,Male,11,30-34 years,1,Number,2011,48834990.65631909,52664379.85704604,45252053.37085386
1,All Population,44,Population,6,China,2,Female,11,30-34 years,1,Number,2011,47052272.57158702,50729212.11681129,43604024.2204006
1,All Population,44,Population,6,China,1,Male,11,30-34 years,1,Number,2012,48387629.40828967,52235776.03472586,44543203.71673021
1,All Population,44,Population,6,China,2,Female,11,30-34 years,1,Number,2012,46612727.60973903,50306073.502096236,42916475.22059489
1,All Population,44,Population,6,China,1,Male,11,30-34 years,1,Number,2013,48621986.51597048,52941968.30264707,44511210.78177913
1,All Population,44,Population,6,China,2,Female,11,30-34 years,1,Number,2013,46880006.620920576,51029513.33388831,42916064.32711875
1,All Population,44,Population,6,China,1,Male,11,30-34 years,1,Number,2014,49769703.631367214,54274051.48324469,45157682.643916056
1,All Population,44,Population,6,China,2,Female,11,30-34 years,1,Number,2014,48073688.7710492,52407788.042837456,43619049.553786695
1,All Population,44,Population,6,China,1,Male,11,30-34 years,1,Number,2015,51909323.96926642,57083484.520721875,46939265.30729232
1,All Population,44,Population,6,China,2,Female,11,30-34 years,1,Number,2015,50257112.15690687,55249304.184889995,45458434.51044462
1,All Population,44,Population,6,China,1,Male,11,30-34 years,1,Number,2016,54992999.96968884,60122285.429824665,50105779.719745584
1,All Population,44,Population,6,China,2,Female,11,30-34 years,1,Number,2016,53352155.19878414,58312740.92292538,48612325.94022623
1,All Population,44,Population,6,China,1,Male,11,30-34 years,1,Number,2017,58446240.44334499,63487986.88978579,53025286.24252094
1,All Population,44,Population,6,China,2,Female,11,30-34 years,1,Number,2017,56665929.26134058,61539559.92589298,51411581.57131272
1,All Population,44,Population,6,China,1,Male,11,30-34 years,1,Number,2018,61530956.636488855,66363035.675833225,56887205.299752094
1,All Population,44,Population,6,China,2,Female,11,30-34 years,1,Number,2018,59394534.58820212,64045696.2264592,54911429.1374102
1,All Population,44,Population,6,China,1,Male,11,30-34 years,1,Number,2019,63591556.98295951,68306082.84613444,58639079.9456836
1,All Population,44,Population,6,China,2,Female,11,30-34 years,1,Number,2019,60870948.985869996,65372020.14300259,56130822.449940935
1,All Population,44,Population,6,China,1,Male,11,30-34 years,1,Number,2020,64117703.69830079,68331855.92730595,59501199.15068965
1,All Population,44,Population,6,China,2,Female,11,30-34 years,1,Number,2020,60654564.70128921,64638475.50298612,56287134.67156666
1,All Population,44,Population,6,China,1,Male,11,30-34 years,1,Number,2021,62734338.39546941,67506265.25717843,58090884.751532145
1,All Population,44,Population,6,China,2,Female,11,30-34 years,1,Number,2021,58534842.42888198,62977089.18228092,54202818.29374486
1,All Population,44,Population,6,China,1,Male,11,30-34 years,1,Number,2022,59997047.84313331,64706256.88238988,55146997.66852251
1,All Population,44,Population,6,China,2,Female,11,30-34 years,1,Number,2022,55121181.58569907,59437524.16309015,50666193.83233431
1,All Population,44,Population,6,China,1,Male,11,30-34 years,1,Number,2023,56426224.68887825,60961814.02143507,51405963.5864757
1,All Population,44,Population,6,China,2,Female,11,30-34 years,1,Number,2023,50991728.29390306,55086873.94506696,46455994.29416166
1,All Population,44,Population,6,China,1,Male,12,35-39 years,1,Number,1990,47340672.996194296,50863057.51250653,44099114.566453144
1,All Population,44,Population,6,China,2,Female,12,35-39 years,1,Number,1990,44223891.49821104,47514558.39762093,41195550.845952086
1,All Population,44,Population,6,China,1,Male,12,35-39 years,1,Number,1991,49330684.560395844,53003431.7052382,45229288.66434268
1,All Population,44,Population,6,China,2,Female,12,35-39 years,1,Number,1991,45779072.15871346,49187099.80578758,41972869.734008744
1,All Population,44,Population,6,China,1,Male,12,35-39 years,1,Number,1992,50103624.48518901,54075638.543443784,46126998.12514079
1,All Population,44,Population,6,China,2,Female,12,35-39 years,1,Number,1992,46232752.05157811,49897624.28728014,42563307.33109888
1,All Population,44,Population,6,China,1,Male,12,35-39 years,1,Number,1993,49122594.46026366,53416978.24296343,44913003.06977747
1,All Population,44,Population,6,China,2,Female,12,35-39 years,1,Number,1993,45125553.110161096,49068859.20371831,41258609.67635701
1,All Population,44,Population,6,China,1,Male,12,35-39 years,1,Number,1994,47027302.51004421,51448415.63558432,42725529.537616104
1,All Population,44,Population,6,China,2,Female,12,35-39 years,1,Number,1994,43092175.68284717,47140832.93063475,39151668.32402207
1,All Population,44,Population,6,China,1,Male,12,35-39 years,1,Number,1995,44854794.98267743,49245370.79959183,40344973.119276114
1,All Population,44,Population,6,China,2,Female,12,35-39 years,1,Number,1995,41110939.532464124,45131744.125829324,36978340.28808956
1,All Population,44,Population,6,China,1,Male,12,35-39 years,1,Number,1996,43759392.522567585,48120513.41713405,39753242.37196108
1,All Population,44,Population,6,China,2,Female,12,35-39 years,1,Number,1996,40263706.30509436,44272408.67287793,36578607.420250416
1,All Population,44,Population,6,China,1,Male,12,35-39 years,1,Number,1997,44540650.67932487,48515597.15120545,40299094.509912156
1,All Population,44,Population,6,China,2,Female,12,35-39 years,1,Number,1997,41244398.504208244,44920528.37022566,37317528.488805816
1,All Population,44,Population,6,China,1,Male,12,35-39 years,1,Number,1998,47587788.29867246,51438888.64299405,43654418.20654179
1,All Population,44,Population,6,China,2,Female,12,35-39 years,1,Number,1998,44430543.51514617,48020725.449864134,40758003.29701099
1,All Population,44,Population,6,China,1,Male,12,35-39 years,1,Number,1999,51918503.19563775,55703256.21383541,48043769.550136015
1,All Population,44,Population,6,China,2,Female,12,35-39 years,1,Number,1999,48801431.45460813,52352626.478628054,45159367.5518681
1,All Population,44,Population,6,China,1,Male,12,35-39 years,1,Number,2000,56501170.19880946,60440975.73474118,52554743.76186843
1,All Population,44,Population,6,China,2,Female,12,35-39 years,1,Number,2000,53405574.76601229,57127391.00444657,49676740.03402058
1,All Population,44,Population,6,China,1,Male,12,35-39 years,1,Number,2001,60418929.65200911,64786857.88790584,56033444.58515606
1,All Population,44,Population,6,China,2,Female,12,35-39 years,1,Number,2001,57498962.3996653,61647987.57610352,53329435.573277414
1,All Population,44,Population,6,China,1,Male,12,35-39 years,1,Number,2002,63303568.75174474,68165161.22388159,58317146.69083378
1,All Population,44,Population,6,China,2,Female,12,35-39 years,1,Number,2002,60513128.7362955,65150965.307309344,55747674.68101254
1,All Population,44,Population,6,China,1,Male,12,35-39 years,1,Number,2003,64760238.70864987,70265825.90418723,59433536.79645561
1,All Population,44,Population,6,China,2,Female,12,35-39 years,1,Number,2003,61985326.895936884,67246857.86567824,56886961.74752158
1,All Population,44,Population,6,China,1,Male,12,35-39 years,1,Number,2004,65245690.95758511,70998924.33584201,59523185.94730788
1,All Population,44,Population,6,China,2,Female,12,35-39 years,1,Number,2004,62392911.30263374,67882132.36182192,56922485.503986105
1,All Population,44,Population,6,China,1,Male,12,35-39 years,1,Number,2005,65163576.31261872,71398413.5831324,59057751.458796464
1,All Population,44,Population,6,China,2,Female,12,35-39 years,1,Number,2005,62149244.22741645,68082476.1142521,56328084.75995255
1,All Population,44,Population,6,China,1,Male,12,35-39 years,1,Number,2006,64870224.380736165,71063405.82743084,58710196.92711799
1,All Population,44,Population,6,China,2,Female,12,35-39 years,1,Number,2006,61521519.08099456,67381681.05166364,55682236.35169037
1,All Population,44,Population,6,China,1,Male,12,35-39 years,1,Number,2007,64373178.66132106,70144725.00701569,58588520.94815963
1,All Population,44,Population,6,China,2,Female,12,35-39 years,1,Number,2007,60856364.57345105,66299543.64622367,55389089.31702447
1,All Population,44,Population,6,China,1,Male,12,35-39 years,1,Number,2008,63670728.433406204,68713573.24426349,58718899.73209283
1,All Population,44,Population,6,China,2,Female,12,35-39 years,1,Number,2008,60246557.28878892,65008226.772268735,55560143.048266426
1,All Population,44,Population,6,China,1,Male,12,35-39 years,1,Number,2009,62469578.00334341,66975267.89507595,57847396.68864576
1,All Population,44,Population,6,China,2,Female,12,35-39 years,1,Number,2009,59387397.08466391,63658875.2035027,54991446.7339964
1,All Population,44,Population,6,China,1,Male,12,35-39 years,1,Number,2010,60624676.002251714,64642542.37342206,56735170.30473662
1,All Population,44,Population,6,China,2,Female,12,35-39 years,1,Number,2010,57983764.987345256,61815722.26762378,54262008.4852891
1,All Population,44,Population,6,China,1,Male,12,35-39 years,1,Number,2011,58181043.695883304,62747656.77077431,53910228.43170916
1,All Population,44,Population,6,China,2,Female,12,35-39 years,1,Number,2011,55906995.29995212,60282710.79043723,51809336.53053466
1,All Population,44,Population,6,China,1,Male,12,35-39 years,1,Number,2012,55423066.06514603,59834784.648143165,51017567.890321225
1,All Population,44,Population,6,China,2,Female,12,35-39 years,1,Number,2012,53363328.051055476,57597888.91557615,49128461.333776034
1,All Population,44,Population,6,China,1,Male,12,35-39 years,1,Number,2013,52771632.649582975,57463898.248388916,48308354.27611306
1,All Population,44,Population,6,China,2,Female,12,35-39 years,1,Number,2013,50753278.301536985,55250869.57776346,46461277.798835605
1,All Population,44,Population,6,China,1,Male,12,35-39 years,1,Number,2014,50669366.18122334,55257229.94546573,45972185.57402827
1,All Population,44,Population,6,China,2,Female,12,35-39 years,1,Number,2014,48556913.54746235,52937040.01220468,44056725.66105441
1,All Population,44,Population,6,China,1,Male,12,35-39 years,1,Number,2015,49233145.29013449,54140451.00306955,44518195.86350938
1,All Population,44,Population,6,China,2,Female,12,35-39 years,1,Number,2015,46976109.70396678,51640824.91523402,42490650.11665018
1,All Population,44,Population,6,China,1,Male,12,35-39 years,1,Number,2016,48277060.716984294,52777067.456590354,43986478.3639909
1,All Population,44,Population,6,China,2,Female,12,35-39 years,1,Number,2016,45906857.56850865,50169088.92488005,41828867.74432535
1,All Population,44,Population,6,China,1,Male,12,35-39 years,1,Number,2017,47765659.37940603,51880624.42520842,43335913.47462432
1,All Population,44,Population,6,China,2,Female,12,35-39 years,1,Number,2017,45308325.53119096,49194692.54458008,41107850.338564195
1,All Population,44,Population,6,China,1,Male,12,35-39 years,1,Number,2018,47960293.028827675,51719685.50662943,44340699.86822161
1,All Population,44,Population,6,China,2,Female,12,35-39 years,1,Number,2018,45425704.19898406,48969749.12519012,42000458.30984736
1,All Population,44,Population,6,China,1,Male,12,35-39 years,1,Number,2019,49088885.1174783,52720987.62694988,45266435.27477438
1,All Population,44,Population,6,China,2,Female,12,35-39 years,1,Number,2019,46473650.28885172,49896118.48948109,42854741.78415021
1,All Population,44,Population,6,China,1,Male,12,35-39 years,1,Number,2020,51221336.878505975,54586259.99346945,47533287.122502305
1,All Population,44,Population,6,China,2,Female,12,35-39 years,1,Number,2020,48516962.35283031,51700268.85528537,45029730.84478656
1,All Population,44,Population,6,China,1,Male,12,35-39 years,1,Number,2021,54301514.401388064,58427628.36433353,50282301.60450555
1,All Population,44,Population,6,China,2,Female,12,35-39 years,1,Number,2021,51489841.34539145,55386933.68413249,47679343.37529009
1,All Population,44,Population,6,China,1,Male,12,35-39 years,1,Number,2022,57741229.57738858,62271827.91115502,53073229.0490778
1,All Population,44,Population,6,China,2,Female,12,35-39 years,1,Number,2022,54714848.68512505,58992751.285197906,50296346.997665934
1,All Population,44,Population,6,China,1,Male,12,35-39 years,1,Number,2023,60809652.51521962,65699423.341343515,55398871.3576819
1,All Population,44,Population,6,China,2,Female,12,35-39 years,1,Number,2023,57409404.70681107,62019471.273982756,52302852.10420933
1,All Population,44,Population,6,China,1,Male,13,40-44 years,1,Number,1990,35283594.32994521,37906175.61729372,32867269.317068223
1,All Population,44,Population,6,China,2,Female,13,40-44 years,1,Number,1990,32004837.54023612,34384672.575623624,29812898.57499258
1,All Population,44,Population,6,China,1,Male,13,40-44 years,1,Number,1991,37269040.36682386,40041250.260365546,34170571.672621205
1,All Population,44,Population,6,China,2,Female,13,40-44 years,1,Number,1991,34160267.86593939,36702254.21067674,31319947.967864044
1,All Population,44,Population,6,China,1,Male,13,40-44 years,1,Number,1992,39155248.77843801,42258752.34736622,36047408.205445334
1,All Population,44,Population,6,China,2,Female,13,40-44 years,1,Number,1992,36210655.676330976,39081409.493690364,33336360.52162424
1,All Population,44,Population,6,China,1,Male,13,40-44 years,1,Number,1993,41884295.41568928,45546274.86989671,38294839.482936434
1,All Population,44,Population,6,China,2,Female,13,40-44 years,1,Number,1993,39039038.5996353,42454105.29627294,35693197.199275725
1,All Population,44,Population,6,China,1,Male,13,40-44 years,1,Number,1994,43386783.93954855,47469923.98276226,39415794.926588535
1,All Population,44,Population,6,China,2,Female,13,40-44 years,1,Number,1994,40686061.31358655,44516573.722792625,36961459.31727768
1,All Population,44,Population,6,China,1,Male,13,40-44 years,1,Number,1995,46069144.19926336,50590632.04386693,41434116.81019007
1,All Population,44,Population,6,China,2,Female,13,40-44 years,1,Number,1995,43228604.61730891,47470757.723011695,38879692.42437432
1,All Population,44,Population,6,China,1,Male,13,40-44 years,1,Number,1996,47580726.49798563,52335949.14339283,43221603.86636776
1,All Population,44,Population,6,China,2,Female,13,40-44 years,1,Number,1996,44383187.47535616,48817485.11437063,40317187.75543706
1,All Population,44,Population,6,China,1,Male,13,40-44 years,1,Number,1997,47999852.81463902,52293840.68273582,43427037.74291846
1,All Population,44,Population,6,China,2,Female,13,40-44 years,1,Number,1997,44553115.13537394,48536826.2565898,40308970.31393541
1,All Population,44,Population,6,China,1,Male,13,40-44 years,1,Number,1998,46842706.66921788,50637254.08851872,42970899.48217039
1,All Population,44,Population,6,China,2,Female,13,40-44 years,1,Number,1998,43317768.07985795,46824393.828186356,39737288.881873325
1,All Population,44,Population,6,China,1,Male,13,40-44 years,1,Number,1999,44737985.21458654,47995584.627997786,41399087.570822485
1,All Population,44,Population,6,China,2,Female,13,40-44 years,1,Number,1999,41296974.17766103,44301284.11262616,38214992.0240464
1,All Population,44,Population,6,China,1,Male,13,40-44 years,1,Number,2000,42677995.99237372,45651087.63256528,39700002.06917147
1,All Population,44,Population,6,China,2,Female,13,40-44 years,1,Number,2000,39430204.25475972,42176130.95844665,36680234.37080556
1,All Population,44,Population,6,China,1,Male,13,40-44 years,1,Number,2001,41763568.92938162,44769513.61835848,38739025.902669206
1,All Population,44,Population,6,China,2,Female,13,40-44 years,1,Number,2001,38757745.6074568,41544006.83013911,35952606.934967875
1,All Population,44,Population,6,China,1,Male,13,40-44 years,1,Number,2002,42709041.08920493,45974261.74516838,39346621.17177221
1,All Population,44,Population,6,China,2,Female,13,40-44 years,1,Number,2002,39906467.78048724,42956000.00394908,36766395.54589106
1,All Population,44,Population,6,China,1,Male,13,40-44 years,1,Number,2003,45862075.83531525,49751302.88111594,42089868.6348306
1,All Population,44,Population,6,China,2,Female,13,40-44 years,1,Number,2003,43222514.90655787,46886204.79766229,39667305.0076432
1,All Population,44,Population,6,China,1,Male,13,40-44 years,1,Number,2004,50262293.07508313,54676961.37008819,45856590.14476477
1,All Population,44,Population,6,China,2,Female,13,40-44 years,1,Number,2004,47704052.11307461,51886718.02657163,43523472.68422466
1,All Population,44,Population,6,China,1,Male,13,40-44 years,1,Number,2005,54899864.820560776,60137680.022287525,49758499.53370344
1,All Population,44,Population,6,China,2,Female,13,40-44 years,1,Number,2005,52411791.07496949,57403339.19318591,47506828.15016442
1,All Population,44,Population,6,China,1,Male,13,40-44 years,1,Number,2006,58872395.28443166,64481515.83336889,53284396.48023666
1,All Population,44,Population,6,China,2,Female,13,40-44 years,1,Number,2006,56605241.132428095,61988293.773091145,51234579.4334651
1,All Population,44,Population,6,China,1,Male,13,40-44 years,1,Number,2007,61817767.47816309,67352590.84289438,56263224.71139545
1,All Population,44,Population,6,China,2,Female,13,40-44 years,1,Number,2007,59713272.63182162,65048669.117601305,54349614.799938485
1,All Population,44,Population,6,China,1,Male,13,40-44 years,1,Number,2008,63342424.87066109,68355003.33568148,58414992.92839706
1,All Population,44,Population,6,China,2,Female,13,40-44 years,1,Number,2008,61263864.16269055,66104831.76583449,56498445.344533026
1,All Population,44,Population,6,China,1,Male,13,40-44 years,1,Number,2009,63889048.44903378,68495430.5564669,59160500.97368966
1,All Population,44,Population,6,China,2,Female,13,40-44 years,1,Number,2009,61718599.34423364,66157160.34276599,57150193.713674985
1,All Population,44,Population,6,China,1,Male,13,40-44 years,1,Number,2010,63855492.25522139,68087707.12797505,59757935.65221659
1,All Population,44,Population,6,China,2,Female,13,40-44 years,1,Number,2010,61485557.29078957,65550166.53273509,57539297.45043743
1,All Population,44,Population,6,China,1,Male,13,40-44 years,1,Number,2011,63595369.31239073,68588846.08193909,58926173.418523945
1,All Population,44,Population,6,China,2,Female,13,40-44 years,1,Number,2011,60832068.348953314,65596556.886482626,56371771.70030827
1,All Population,44,Population,6,China,1,Male,13,40-44 years,1,Number,2012,63113784.70078723,68140893.79533687,58095281.950951755
1,All Population,44,Population,6,China,2,Female,13,40-44 years,1,Number,2012,60111476.5545085,64886985.978627734,55338221.514894724
1,All Population,44,Population,6,China,1,Male,13,40-44 years,1,Number,2013,62408556.443201676,67962311.94065316,57130739.37211158
1,All Population,44,Population,6,China,2,Female,13,40-44 years,1,Number,2013,59424092.83862354,64698337.34687093,54398903.97017563
1,All Population,44,Population,6,China,1,Male,13,40-44 years,1,Number,2014,61193437.570047714,66739600.49502173,55520971.68497016
1,All Population,44,Population,6,China,2,Female,13,40-44 years,1,Number,2014,58475124.79303696,63760230.84495759,53055377.41119156
1,All Population,44,Population,6,China,1,Male,13,40-44 years,1,Number,2015,59330757.723960705,65250134.38260985,53648104.48251557
1,All Population,44,Population,6,China,2,Female,13,40-44 years,1,Number,2015,56980778.091632105,62650255.2398904,51532789.80872614
1,All Population,44,Population,6,China,1,Male,13,40-44 years,1,Number,2016,56871606.781493865,62177672.99431132,51816031.5376187
1,All Population,44,Population,6,China,2,Female,13,40-44 years,1,Number,2016,54822855.25429985,59923059.85755926,49951389.866858825
1,All Population,44,Population,6,China,1,Male,13,40-44 years,1,Number,2017,54103708.23081007,58768946.83611222,49084336.64223724
1,All Population,44,Population,6,China,2,Female,13,40-44 years,1,Number,2017,52214304.19675446,56701872.999106064,47372292.305293635
1,All Population,44,Population,6,China,1,Male,13,40-44 years,1,Number,2018,51447559.02461677,55483220.65189279,47563119.86574348
1,All Population,44,Population,6,China,2,Female,13,40-44 years,1,Number,2018,49555880.35145758,53428565.239528455,45816228.8415071
1,All Population,44,Population,6,China,1,Male,13,40-44 years,1,Number,2019,49343244.908230916,52995345.872404754,45499198.317501724
1,All Population,44,Population,6,China,2,Female,13,40-44 years,1,Number,2019,47324860.414628,50813189.31965973,43638906.79837077
1,All Population,44,Population,6,China,1,Male,13,40-44 years,1,Number,2020,47912094.21853122,51060518.86500555,44461371.52246246
1,All Population,44,Population,6,China,2,Female,13,40-44 years,1,Number,2020,45726257.519194216,48725963.211965375,42439921.18026236
1,All Population,44,Population,6,China,1,Male,13,40-44 years,1,Number,2021,46978231.537544705,50544505.73954314,43500456.18313006
1,All Population,44,Population,6,China,2,Female,13,40-44 years,1,Number,2021,44665118.263804905,48040727.597348444,41359255.72182033
1,All Population,44,Population,6,China,1,Male,13,40-44 years,1,Number,2022,46496122.99411569,50138413.57944897,42737501.62990361
1,All Population,44,Population,6,China,2,Female,13,40-44 years,1,Number,2022,44090053.54374548,47527686.62247731,40534830.880248964
1,All Population,44,Population,6,China,1,Male,13,40-44 years,1,Number,2023,46716567.11843333,50469754.45644861,42560324.38249337
1,All Population,44,Population,6,China,2,Female,13,40-44 years,1,Number,2023,44229497.46264204,47777480.09935024,40295610.35568196
1,All Population,44,Population,6,China,1,Male,14,45-49 years,1,Number,1990,27312208.791170258,29345034.94854874,25441585.740618356
1,All Population,44,Population,6,China,2,Female,14,45-49 years,1,Number,1990,24444640.92084195,26265514.817628007,22770446.666476075
1,All Population,44,Population,6,China,1,Male,14,45-49 years,1,Number,1991,28248737.507113744,30353635.73304047,25899508.691526048
1,All Population,44,Population,6,China,2,Female,14,45-49 years,1,Number,1991,25437732.529112257,27334606.381646425,23322061.853131253
1,All Population,44,Population,6,China,1,Male,14,45-49 years,1,Number,1992,29487554.291225053,31826781.912564572,27146860.75290103
1,All Population,44,Population,6,China,2,Female,14,45-49 years,1,Number,1992,26687141.398563586,28805179.542835146,24568678.99824035
1,All Population,44,Population,6,China,1,Male,14,45-49 years,1,Number,1993,30381518.809570204,33042217.20014162,27777521.869111195
1,All Population,44,Population,6,China,2,Female,14,45-49 years,1,Number,1993,27629556.303498343,30049551.128800787,25261303.14129396
1,All Population,44,Population,6,China,1,Male,14,45-49 years,1,Number,1994,33079896.44374556,36196811.37624325,30050295.46684316
1,All Population,44,Population,6,China,2,Female,14,45-49 years,1,Number,1994,30088310.971730866,32923351.852563363,27332695.079035863
1,All Population,44,Population,6,China,1,Male,14,45-49 years,1,Number,1995,34537228.672067724,37923368.43685768,31063349.17854911
1,All Population,44,Population,6,China,2,Female,14,45-49 years,1,Number,1995,31538340.57262905,34631561.670001924,28365797.535241537
1,All Population,44,Population,6,China,1,Male,14,45-49 years,1,Number,1996,36283684.171230815,39906696.769245066,32959917.759429857
1,All Population,44,Population,6,China,2,Female,14,45-49 years,1,Number,1996,33492846.72135854,36838185.697491415,30424369.526025154
1,All Population,44,Population,6,China,1,Male,14,45-49 years,1,Number,1997,37936867.62014285,41328675.80155845,34322962.94168525
1,All Population,44,Population,6,China,2,Female,14,45-49 years,1,Number,1997,35343382.10297705,38504466.433985725,31976285.85706299
1,All Population,44,Population,6,China,1,Male,14,45-49 years,1,Number,1998,40420117.79648425,43695413.14813572,37079140.671751805
1,All Population,44,Population,6,China,2,Female,14,45-49 years,1,Number,1998,37968931.1558571,41046908.19353719,34830533.4366822
1,All Population,44,Population,6,China,1,Male,14,45-49 years,1,Number,1999,41748582.473269075,44793150.74277393,38632749.777367465
1,All Population,44,Population,6,China,2,Female,14,45-49 years,1,Number,1999,39468136.8692454,42347241.46744294,36522371.96503552
1,All Population,44,Population,6,China,1,Male,14,45-49 years,1,Number,2000,44271248.60459757,47358306.34461401,41179282.32825959
1,All Population,44,Population,6,China,2,Female,14,45-49 years,1,Number,2000,41901021.63403114,44822714.95085162,38974392.66756577
1,All Population,44,Population,6,China,1,Male,14,45-49 years,1,Number,2001,45745447.94295166,49049268.42327535,42426722.79720603
1,All Population,44,Population,6,China,2,Female,14,45-49 years,1,Number,2001,43063400.45182395,46172146.73296993,39939963.562218286
1,All Population,44,Population,6,China,1,Male,14,45-49 years,1,Number,2002,46245113.26296904,49788551.01193036,42603439.583036475
1,All Population,44,Population,6,China,2,Female,14,45-49 years,1,Number,2002,43345107.09171787,46664341.46559569,39931825.44760721
1,All Population,44,Population,6,China,1,Male,14,45-49 years,1,Number,2003,45275477.84235734,49116647.2371975,41551470.03111716
1,All Population,44,Population,6,China,2,Female,14,45-49 years,1,Number,2003,42305099.85286216,45893419.22502172,38825324.97057449
1,All Population,44,Population,6,China,1,Male,14,45-49 years,1,Number,2004,43401164.179957755,47209521.74939326,39597088.84446629
1,All Population,44,Population,6,China,2,Female,14,45-49 years,1,Number,2004,40503897.30607412,44054773.09836412,36954556.33097778
1,All Population,44,Population,6,China,1,Male,14,45-49 years,1,Number,2005,41552867.38270698,45506281.62066979,37666354.841594666
1,All Population,44,Population,6,China,2,Female,14,45-49 years,1,Number,2005,38829624.72946028,42520139.76952575,35199956.53415895
1,All Population,44,Population,6,China,1,Male,14,45-49 years,1,Number,2006,40789158.93055015,44659591.1193217,36921156.27617716
1,All Population,44,Population,6,China,2,Female,14,45-49 years,1,Number,2006,38292172.663945876,41921377.19132842,34661674.15111154
1,All Population,44,Population,6,China,1,Male,14,45-49 years,1,Number,2007,41828445.888857074,45555742.80618475,38072978.12741548
1,All Population,44,Population,6,China,2,Female,14,45-49 years,1,Number,2007,39533699.13478445,43051581.82086282,35984735.93666712
1,All Population,44,Population,6,China,1,Male,14,45-49 years,1,Number,2008,45027633.264239535,48582457.31470438,41525404.6189368
1,All Population,44,Population,6,China,2,Female,14,45-49 years,1,Number,2008,42915865.51029567,46302478.63942178,39577314.5818817
1,All Population,44,Population,6,China,1,Male,14,45-49 years,1,Number,2009,49450835.25869302,53001950.83344064,45790396.9829754
1,All Population,44,Population,6,China,2,Female,14,45-49 years,1,Number,2009,47450759.596531354,50851854.2881432,43940474.3398783
1,All Population,44,Population,6,China,1,Male,14,45-49 years,1,Number,2010,54095446.52422387,57670129.39290679,50623505.703567095
1,All Population,44,Population,6,China,2,Female,14,45-49 years,1,Number,2010,52193760.38083431,55636005.837159574,48843050.971419394
1,All Population,44,Population,6,China,1,Male,14,45-49 years,1,Number,2011,58051959.4762625,62601154.72825684,53794279.019181676
1,All Population,44,Population,6,China,2,Female,14,45-49 years,1,Number,2011,56387189.91081268,60797380.956646614,52255130.82748343
1,All Population,44,Population,6,China,1,Male,14,45-49 years,1,Number,2012,60960822.64444351,65810321.1689816,56116727.20795031
1,All Population,44,Population,6,China,2,Female,14,45-49 years,1,Number,2012,59459853.88409191,64180178.90050581,54740123.42801469
1,All Population,44,Population,6,China,1,Male,14,45-49 years,1,Number,2013,62441274.861473456,67994245.68796815,57159726.5587657
1,All Population,44,Population,6,China,2,Female,14,45-49 years,1,Number,2013,60948242.94050746,66356665.389296226,55794431.35812773
1,All Population,44,Population,6,China,1,Male,14,45-49 years,1,Number,2014,62944386.05404285,68648114.5450792,57108375.381727315
1,All Population,44,Population,6,China,2,Female,14,45-49 years,1,Number,2014,61327537.335412584,66871833.66396021,55643439.29293218
1,All Population,44,Population,6,China,1,Male,14,45-49 years,1,Number,2015,62879309.275281206,69153940.98225187,56855481.36499028
1,All Population,44,Population,6,China,2,Female,14,45-49 years,1,Number,2015,61022254.59390877,67097728.95552992,55184435.21597843
1,All Population,44,Population,6,China,1,Male,14,45-49 years,1,Number,2016,62610935.73725833,68455323.96947488,57044333.348988086
1,All Population,44,Population,6,China,2,Female,14,45-49 years,1,Number,2016,60317284.109697655,65934468.62675039,54956788.09664418
1,All Population,44,Population,6,China,1,Male,14,45-49 years,1,Number,2017,62137818.11579682,67499880.56021336,56372827.09427801
1,All Population,44,Population,6,China,2,Female,14,45-49 years,1,Number,2017,59560812.79597857,64687644.34399274,54036605.13490828
1,All Population,44,Population,6,China,1,Male,14,45-49 years,1,Number,2018,61454701.315559976,66280285.97075767,56815597.490252696
1,All Population,44,Population,6,China,2,Female,14,45-49 years,1,Number,2018,58851242.176645495,63459910.00710677,54408115.909761444
1,All Population,44,Population,6,China,1,Male,14,45-49 years,1,Number,2019,60276051.05904639,64742588.3787301,55580807.75426662
1,All Population,44,Population,6,China,2,Female,14,45-49 years,1,Number,2019,57895641.06755574,62173637.19081443,53386217.51392822
1,All Population,44,Population,6,China,1,Male,14,45-49 years,1,Number,2020,58459387.7545253,62301918.70312484,54248933.59850288
1,All Population,44,Population,6,China,2,Female,14,45-49 years,1,Number,2020,56409349.19307348,60114145.62335555,52350078.998896115
1,All Population,44,Population,6,China,1,Male,14,45-49 years,1,Number,2021,56043831.81229632,60303141.7151714,51894280.46543541
1,All Population,44,Population,6,China,2,Female,14,45-49 years,1,Number,2021,54268721.94846206,58380491.718418084,50251543.79167398
1,All Population,44,Population,6,China,1,Male,14,45-49 years,1,Number,2022,53315480.2787586,57496332.74322655,49003807.3376
1,All Population,44,Population,6,China,2,Female,14,45-49 years,1,Number,2022,51683935.01442212,55723288.6927824,47511082.49137797
1,All Population,44,Population,6,China,1,Male,14,45-49 years,1,Number,2023,50693937.38286563,54769109.22278933,46181984.29905106
1,All Population,44,Population,6,China,2,Female,14,45-49 years,1,Number,2023,49050894.90580981,52988695.4590941,44686958.51429555
1,All Population,44,Population,6,China,1,Male,15,50-54 years,1,Number,1990,25323742.121751267,27206884.350169543,23589098.63698749
1,All Population,44,Population,6,China,2,Female,15,50-54 years,1,Number,1990,22514565.14298387,24189711.202579394,20972407.256254088
1,All Population,44,Population,6,China,1,Male,15,50-54 years,1,Number,1991,25277986.946769472,27159527.552705128,23175814.892726496
1,All Population,44,Population,6,China,2,Female,15,50-54 years,1,Number,1991,22513799.46563334,24190654.6315233,20641383.78696736
1,All Population,44,Population,6,China,1,Male,15,50-54 years,1,Number,1992,25285312.284492563,27290515.829686075,23277837.318130184
1,All Population,44,Population,6,China,2,Female,15,50-54 years,1,Number,1992,22600325.06328338,24393088.66756126,20806039.204691183
1,All Population,44,Population,6,China,1,Male,15,50-54 years,1,Number,1993,25532490.330820456,27766815.88345433,23343753.43500735
1,All Population,44,Population,6,China,2,Female,15,50-54 years,1,Number,1993,22845280.649072982,24846241.321343083,20886862.811129875
1,All Population,44,Population,6,China,1,Male,15,50-54 years,1,Number,1994,25694056.528104655,28114297.403256297,23341287.759276625
1,All Population,44,Population,6,China,2,Female,15,50-54 years,1,Number,1994,23273120.002557553,25467508.70462255,21140890.89139052
1,All Population,44,Population,6,China,1,Male,15,50-54 years,1,Number,1995,26045319.989217464,28601970.18653319,23424676.902709965
1,All Population,44,Population,6,China,2,Female,15,50-54 years,1,Number,1995,23732237.49110121,26064064.248233885,21343328.88356401
1,All Population,44,Population,6,China,1,Male,15,50-54 years,1,Number,1996,26892236.798570957,29581795.849462412,24427639.33443277
1,All Population,44,Population,6,China,2,Female,15,50-54 years,1,Number,1996,24662030.57790919,27130607.864998635,22401380.25243412
1,All Population,44,Population,6,China,1,Male,15,50-54 years,1,Number,1997,28071377.129503634,30586097.923662554,25396376.105146352
1,All Population,44,Population,6,China,2,Female,15,50-54 years,1,Number,1997,25874144.06251486,28193221.705324456,23408310.9039627
1,All Population,44,Population,6,China,1,Male,15,50-54 years,1,Number,1998,28950703.01526007,31300831.62742294,26557780.37422275
1,All Population,44,Population,6,China,2,Female,15,50-54 years,1,Number,1998,26810271.227557857,28986947.853926096,24594233.245230976
1,All Population,44,Population,6,China,1,Male,15,50-54 years,1,Number,1999,31591222.584930785,33898431.44115183,29233255.528557803
1,All Population,44,Population,6,China,2,Female,15,50-54 years,1,Number,1999,29250965.411997404,31387149.138529852,27067559.920210466
1,All Population,44,Population,6,China,1,Male,15,50-54 years,1,Number,2000,33051787.690851502,35356135.23984347,30742934.27161009
1,All Population,44,Population,6,China,2,Female,15,50-54 years,1,Number,2000,30721527.408449847,32863688.525051087,28575379.396705117
1,All Population,44,Population,6,China,1,Male,15,50-54 years,1,Number,2001,34812478.57999559,37324716.21769347,32287946.989129093
1,All Population,44,Population,6,China,2,Female,15,50-54 years,1,Number,2001,32704709.430364992,35065337.596020535,30332776.801945835
1,All Population,44,Population,6,China,1,Male,15,50-54 years,1,Number,2002,36504917.24501711,39300788.13836803,33630131.70825234
1,All Population,44,Population,6,China,2,Female,15,50-54 years,1,Number,2002,34608732.82927312,37260059.062896475,31883060.325960778
1,All Population,44,Population,6,China,1,Male,15,50-54 years,1,Number,2003,39011348.619386785,42321654.52148401,35802536.566178724
1,All Population,44,Population,6,China,2,Female,15,50-54 years,1,Number,2003,37288457.60904653,40453092.82218443,34221268.227656335
1,All Population,44,Population,6,China,1,Male,15,50-54 years,1,Number,2004,40438353.31737556,43991751.02561898,36893398.379139714
1,All Population,44,Population,6,China,2,Female,15,50-54 years,1,Number,2004,38899707.41385272,42318475.56272691,35489283.89195292
1,All Population,44,Population,6,China,1,Male,15,50-54 years,1,Number,2005,43010658.73437748,47114911.142190546,38982691.20045811
1,All Population,44,Population,6,China,2,Female,15,50-54 years,1,Number,2005,41427748.76110363,45379708.74170315,37547818.87826526
1,All Population,44,Population,6,China,1,Male,15,50-54 years,1,Number,2006,44553335.22359065,48793755.74245158,40325575.184850685
1,All Population,44,Population,6,China,2,Female,15,50-54 years,1,Number,2006,42695317.575402044,46757053.85529528,38643912.58019762
1,All Population,44,Population,6,China,1,Male,15,50-54 years,1,Number,2007,45122375.63760903,49153109.07393501,41069498.80935827
1,All Population,44,Population,6,China,2,Female,15,50-54 years,1,Number,2007,43066606.42105442,46911456.2301971,39198403.54102843
1,All Population,44,Population,6,China,1,Male,15,50-54 years,1,Number,2008,44234753.664134,47728496.82489701,40793769.85956302
1,All Population,44,Population,6,China,2,Female,15,50-54 years,1,Number,2008,42098948.572445735,45423311.895969965,38823905.91402151
1,All Population,44,Population,6,China,1,Male,15,50-54 years,1,Number,2009,42446438.239954464,45490849.65075998,39304459.45485065
1,All Population,44,Population,6,China,2,Female,15,50-54 years,1,Number,2009,40350241.5591772,43241771.35416368,37365680.82358659
1,All Population,44,Population,6,China,1,Male,15,50-54 years,1,Number,2010,40674270.34274252,43353532.330287695,38062592.22610703
1,All Population,44,Population,6,China,2,Female,15,50-54 years,1,Number,2010,38709790.48280417,41257415.592585094,36224015.00906265
1,All Population,44,Population,6,China,1,Male,15,50-54 years,1,Number,2011,39958724.01106622,43076663.62095529,37030473.945991635
1,All Population,44,Population,6,China,2,Female,15,50-54 years,1,Number,2011,38187899.75859446,41164585.68003493,35389399.6607703
1,All Population,44,Population,6,China,1,Male,15,50-54 years,1,Number,2012,41005321.14430369,44251544.78856433,37755185.340205595
1,All Population,44,Population,6,China,2,Female,15,50-54 years,1,Number,2012,39431161.31720931,42549054.076407395,36307738.390712254
1,All Population,44,Population,6,China,1,Male,15,50-54 years,1,Number,2013,44157699.04940014,48067245.413885884,40424259.4472206
1,All Population,44,Population,6,China,2,Female,15,50-54 years,1,Number,2013,42795903.69014816,46579910.06205143,39177639.953195594
1,All Population,44,Population,6,China,1,Male,15,50-54 years,1,Number,2014,48488306.51233528,52865647.926131375,43994839.183728315
1,All Population,44,Population,6,China,2,Female,15,50-54 years,1,Number,2014,47288549.76072033,51551206.18907963,42906691.19587854
1,All Population,44,Population,6,China,1,Male,15,50-54 years,1,Number,2015,53007353.53287392,58282685.60597504,47938185.44928409
1,All Population,44,Population,6,China,2,Female,15,50-54 years,1,Number,2015,51963397.414746195,57126856.37812151,47001352.47532697
1,All Population,44,Population,6,China,1,Male,15,50-54 years,1,Number,2016,56823324.76748235,62117554.852529965,51772641.03066746
1,All Population,44,Population,6,China,2,Female,15,50-54 years,1,Number,2016,56068991.23346053,61284341.10644169,51087055.49567212
1,All Population,44,Population,6,China,1,Male,15,50-54 years,1,Number,2017,59599923.103134476,64736721.870959304,54070377.14916063
1,All Population,44,Population,6,China,2,Female,15,50-54 years,1,Number,2017,59047571.87763488,64127274.30413186,53571457.054043025
1,All Population,44,Population,6,China,1,Male,15,50-54 years,1,Number,2018,60990823.2523687,65776740.83701759,56385261.16955559
1,All Population,44,Population,6,China,2,Female,15,50-54 years,1,Number,2018,60455697.580942824,65189635.3787018,55891442.92269786
1,All Population,44,Population,6,China,1,Male,15,50-54 years,1,Number,2019,61454971.01297346,66008057.149423905,56666488.46665033
1,All Population,44,Population,6,China,2,Female,15,50-54 years,1,Number,2019,60778274.49904395,65271006.375479385,56044164.33743461
1,All Population,44,Population,6,China,1,Male,15,50-54 years,1,Number,2020,61397950.61210289,65434784.43399099,56974805.213895775
1,All Population,44,Population,6,China,2,Female,15,50-54 years,1,Number,2020,60444471.30611511,64415280.7775158,56093103.55298333
1,All Population,44,Population,6,China,1,Male,15,50-54 years,1,Number,2021,61168812.847266495,65820268.422158435,56639183.652334586
1,All Population,44,Population,6,China,2,Female,15,50-54 years,1,Number,2021,59740158.77048802,64272036.57987728,55317534.63017536
1,All Population,44,Population,6,China,1,Male,15,50-54 years,1,Number,2022,60740014.29139725,65507177.9827774,55827923.77019197
1,All Population,44,Population,6,China,2,Female,15,50-54 years,1,Number,2022,58995761.50951007,63614400.71793789,54228263.587444134
1,All Population,44,Population,6,China,1,Male,15,50-54 years,1,Number,2023,60097790.08189067,64930256.3216245,54748919.03755598
1,All Population,44,Population,6,China,2,Female,15,50-54 years,1,Number,2023,58299142.27256193,62982673.19978768,53111661.36237017
1,All Population,44,Population,6,China,1,Male,16,55-59 years,1,Number,1990,22797742.113009475,24491739.038244776,21236035.08763431
1,All Population,44,Population,6,China,2,Female,16,55-59 years,1,Number,1990,20700566.22271888,22239003.42275726,19282671.971652992
1,All Population,44,Population,6,China,1,Male,16,55-59 years,1,Number,1991,23298987.480685703,25032152.52050461,21361463.500269603
1,All Population,44,Population,6,China,2,Female,16,55-59 years,1,Number,1991,21193797.354772616,22770712.902785365,19431422.06645453
1,All Population,44,Population,6,China,1,Male,16,55-59 years,1,Number,1992,23693018.48485277,25571709.791502178,21811879.80862738
1,All Population,44,Population,6,China,2,Female,16,55-59 years,1,Number,1992,21548684.258013025,23257392.665097203,19837915.76566404
1,All Population,44,Population,6,China,1,Male,16,55-59 years,1,Number,1993,23865167.433192678,25952573.255000573,21819292.311558645
1,All Population,44,Population,6,China,2,Female,16,55-59 years,1,Number,1993,21671278.948601022,23567329.929793123,19813554.74484115
1,All Population,44,Population,6,China,1,Male,16,55-59 years,1,Number,1994,23848607.96002729,26093768.916446365,21665480.899529766
1,All Population,44,Population,6,China,2,Female,16,55-59 years,1,Number,1994,21494746.92362282,23518897.133365326,19526786.23646307
1,All Population,44,Population,6,China,1,Male,16,55-59 years,1,Number,1995,23772416.223912213,26104496.36425709,21380809.093575355
1,All Population,44,Population,6,China,2,Female,16,55-59 years,1,Number,1995,21437802.958210036,23541617.815377537,19280918.276422687
1,All Population,44,Population,6,China,1,Male,16,55-59 years,1,Number,1996,23650437.844847273,26013806.044437163,21483045.543067086
1,All Population,44,Population,6,China,2,Female,16,55-59 years,1,Number,1996,21373741.320772666,23510547.45446324,19414808.727025185
1,All Population,44,Population,6,China,1,Male,16,55-59 years,1,Number,1997,23594898.839785222,25706467.464516368,21346661.736961056
1,All Population,44,Population,6,China,2,Female,16,55-59 years,1,Number,1997,21409108.751390457,23326291.38850504,19368951.264895394
1,All Population,44,Population,6,China,1,Male,16,55-59 years,1,Number,1998,23784527.898936566,25713825.64476747,21818397.160484273
1,All Population,44,Population,6,China,2,Female,16,55-59 years,1,Number,1998,21614851.116370272,23369519.469426632,19828119.84844016
1,All Population,44,Population,6,China,1,Male,16,55-59 years,1,Number,1999,23922707.758159954,25669243.425136905,22136790.691823166
1,All Population,44,Population,6,China,2,Female,16,55-59 years,1,Number,1999,22019778.624288533,23628917.142427694,20375955.10381579
1,All Population,44,Population,6,China,1,Male,16,55-59 years,1,Number,2000,24275038.67246124,25968300.511462428,22579187.475256402
1,All Population,44,Population,6,China,2,Female,16,55-59 years,1,Number,2000,22487074.511615835,24055987.821802765,20916218.762234975
1,All Population,44,Population,6,China,1,Male,16,55-59 years,1,Number,2001,25138594.942456767,26955883.13636261,23313966.85535277
1,All Population,44,Population,6,China,2,Female,16,55-59 years,1,Number,2001,23442426.386920262,25138303.190868232,21740288.576705348
1,All Population,44,Population,6,China,1,Male,16,55-59 years,1,Number,2002,26345055.159398463,28367022.751972493,24269949.777869377
1,All Population,44,Population,6,China,2,Female,16,55-59 years,1,Number,2002,24694264.28697379,26590107.049247578,22749124.262655787
1,All Population,44,Population,6,China,1,Male,16,55-59 years,1,Number,2003,27282815.93967206,29599447.472918358,25038733.830055017
1,All Population,44,Population,6,China,2,Female,16,55-59 years,1,Number,2003,25693940.618149873,27875644.49291076,23580497.085331656
1,All Population,44,Population,6,China,1,Male,16,55-59 years,1,Number,2004,29900614.505269974,32531823.436923567,27278803.216282573
1,All Population,44,Population,6,China,2,Female,16,55-59 years,1,Number,2004,28156750.707820557,30633701.020520862,25687781.866011776
1,All Population,44,Population,6,China,1,Male,16,55-59 years,1,Number,2005,31393939.221768677,34387089.253648445,28454100.72997646
1,All Population,44,Population,6,China,2,Female,16,55-59 years,1,Number,2005,29678727.87579011,32508387.951761737,26899487.668439414
1,All Population,44,Population,6,China,1,Male,16,55-59 years,1,Number,2006,33173607.03499581,36328828.07809932,30025762.795528617
1,All Population,44,Population,6,China,2,Female,16,55-59 years,1,Number,2006,31700028.626181006,34714968.42838238,28691859.69937234
1,All Population,44,Population,6,China,1,Male,16,55-59 years,1,Number,2007,34881330.302047774,37996017.11557768,31748202.701601423
1,All Population,44,Population,6,China,2,Female,16,55-59 years,1,Number,2007,33637946.170937374,36641751.1366494,30616268.59353994
1,All Population,44,Population,6,China,1,Male,16,55-59 years,1,Number,2008,37361151.46162396,40312511.81675896,34454755.56768881
1,All Population,44,Population,6,China,2,Female,16,55-59 years,1,Number,2008,36324608.115979925,39194443.66279587,33498625.864349052
1,All Population,44,Population,6,China,1,Male,16,55-59 years,1,Number,2009,38799919.64253727,41586810.774681285,35927548.93515438
1,All Population,44,Population,6,China,2,Female,16,55-59 years,1,Number,2009,37960209.12196331,40687095.27905663,35149790.43159382
1,All Population,44,Population,6,China,1,Male,16,55-59 years,1,Number,2010,41322132.34392801,44052739.938525654,38669945.329964235
1,All Population,44,Population,6,China,2,Female,16,55-59 years,1,Number,2010,40474611.58058079,43148307.981024384,37876498.2745218
1,All Population,44,Population,6,China,1,Male,16,55-59 years,1,Number,2011,42836537.33311008,46189248.26007392,39696868.15375148
1,All Population,44,Population,6,China,2,Female,16,55-59 years,1,Number,2011,41738180.09423093,45003611.24154546,38679476.14673107
1,All Population,44,Population,6,China,1,Male,16,55-59 years,1,Number,2012,43397286.48649186,46841141.12040566,39953244.33024977
1,All Population,44,Population,6,China,2,Female,16,55-59 years,1,Number,2012,42107558.03878608,45447516.05435035,38766679.839251414
1,All Population,44,Population,6,China,1,Male,16,55-59 years,1,Number,2013,42547638.737254284,46317654.48982505,38949697.2433764
1,All Population,44,Population,6,China,2,Female,16,55-59 years,1,Number,2013,41157559.02978872,44802548.30150021,37677361.54708722
1,All Population,44,Population,6,China,1,Male,16,55-59 years,1,Number,2014,40829480.92666938,44510963.919440396,37045756.65219555
1,All Population,44,Population,6,China,2,Female,16,55-59 years,1,Number,2014,39442292.21427799,42996635.106011346,35787481.917736396
1,All Population,44,Population,6,China,1,Male,16,55-59 years,1,Number,2015,39130134.34423864,43013049.19911991,35394360.96941393
1,All Population,44,Population,6,China,2,Female,16,55-59 years,1,Number,2015,37839899.015713274,41592438.85182846,34227756.53575679
1,All Population,44,Population,6,China,1,Male,16,55-59 years,1,Number,2016,38457747.21159356,42026081.81427494,35042746.06877567
1,All Population,44,Population,6,China,2,Female,16,55-59 years,1,Number,2016,37348187.45030793,40811072.47484487,34033106.17522276
1,All Population,44,Population,6,China,1,Male,16,55-59 years,1,Number,2017,39483257.828477606,42869896.940288834,35823081.18160308
1,All Population,44,Population,6,China,2,Female,16,55-59 years,1,Number,2017,38591486.067783624,41898573.45079951,35014317.69391132
1,All Population,44,Population,6,China,1,Male,16,55-59 years,1,Number,2018,42539855.68233773,45862572.119778164,39330414.59055134
1,All Population,44,Population,6,China,2,Female,16,55-59 years,1,Number,2018,41916046.38763158,45186185.78039641,38755485.95649687
1,All Population,44,Population,6,China,1,Male,16,55-59 years,1,Number,2019,46739519.7316141,50189305.879132524,43099249.721720494
1,All Population,44,Population,6,China,2,Female,16,55-59 years,1,Number,2019,46347185.32230164,49763166.98374011,42737655.99653098
1,All Population,44,Population,6,China,1,Male,16,55-59 years,1,Number,2020,51131995.4594526,54490765.15212695,47451763.53236858
1,All Population,44,Population,6,China,2,Female,16,55-59 years,1,Number,2020,50957804.476676844,54303501.49374716,47292982.47935219
1,All Population,44,Population,6,China,1,Male,16,55-59 years,1,Number,2021,54838655.90673254,59001089.839259505,50778377.08545397
1,All Population,44,Population,6,China,2,Female,16,55-59 years,1,Number,2021,55003987.909195274,59171754.38748235,50932355.6151115
1,All Population,44,Population,6,China,1,Male,16,55-59 years,1,Number,2022,57519976.249499194,62029476.384676985,52868235.811061725
1,All Population,44,Population,6,China,2,Female,16,55-59 years,1,Number,2022,57935067.44673485,62468480.23578559,53254485.51501628
1,All Population,44,Population,6,China,1,Male,16,55-59 years,1,Number,2023,58889923.94569967,63625198.28217152,53647918.22119324
1,All Population,44,Population,6,China,2,Female,16,55-59 years,1,Number,2023,59332827.45972149,64099413.75315148,54053404.81018302
1,All Population,44,Population,6,China,1,Male,17,60-64 years,1,Number,1990,18266060.678023975,19622446.452944975,17014811.648704425
1,All Population,44,Population,6,China,2,Female,17,60-64 years,1,Number,1990,17185942.560488433,18461676.87940028,16008836.54110014
1,All Population,44,Population,6,China,1,Male,17,60-64 years,1,Number,1991,18814642.858832054,20212917.94038566,17250234.805529002
1,All Population,44,Population,6,China,2,Female,17,60-64 years,1,Number,1991,17598689.495014925,18906308.009979837,16135591.352703499
1,All Population,44,Population,6,China,1,Male,17,60-64 years,1,Number,1992,19312564.33095112,20843303.09825934,17779212.607415717
1,All Population,44,Population,6,China,2,Female,17,60-64 years,1,Number,1992,18008503.720324762,19435667.610998128,16578881.511799807
1,All Population,44,Population,6,China,1,Male,17,60-64 years,1,Number,1993,19759559.15986129,21485735.85226385,18065673.396841392
1,All Population,44,Population,6,China,2,Female,17,60-64 years,1,Number,1993,18417562.034305014,20026500.06475705,16838926.980094388
1,All Population,44,Population,6,China,1,Male,17,60-64 years,1,Number,1994,20278578.77288184,22185514.952015247,18423372.051708568
1,All Population,44,Population,6,China,2,Female,17,60-64 years,1,Number,1994,18940915.20455784,20722179.137755398,17208017.47675023
1,All Population,44,Population,6,China,1,Male,17,60-64 years,1,Number,1995,20708350.831191447,22737821.80840922,18625413.188444678
1,All Population,44,Population,6,China,2,Female,17,60-64 years,1,Number,1995,19384447.04529191,21284394.01220574,17434712.87253116
1,All Population,44,Population,6,China,1,Male,17,60-64 years,1,Number,1996,21155569.57025915,23267928.81035804,19217096.03389373
1,All Population,44,Population,6,China,2,Female,17,60-64 years,1,Number,1996,19815743.686834004,21794618.1824277,18000172.11112724
1,All Population,44,Population,6,China,1,Male,17,60-64 years,1,Number,1997,21541306.341792233,23467782.744565077,19488924.415872693
1,All Population,44,Population,6,China,2,Female,17,60-64 years,1,Number,1997,20145851.338838264,21947875.22014326,18226439.790373396
1,All Population,44,Population,6,China,1,Male,17,60-64 years,1,Number,1998,21749299.506622285,23512201.52204933,19951330.51552246
1,All Population,44,Population,6,China,2,Female,17,60-64 years,1,Number,1998,20282261.74695515,21926667.522898313,18605641.28603902
1,All Population,44,Population,6,China,1,Male,17,60-64 years,1,Number,1999,21807136.732547395,23397794.7692805,20179011.93184659
1,All Population,44,Population,6,China,2,Female,17,60-64 years,1,Number,1999,20160349.45625936,21631320.289548017,18655272.114615586
1,All Population,44,Population,6,China,1,Male,17,60-64 years,1,Number,2000,21820330.911798745,23342119.271727633,20295788.272982605
1,All Population,44,Population,6,China,2,Female,17,60-64 years,1,Number,2000,20166787.443566218,21573344.01441862,18757788.66466271
1,All Population,44,Population,6,China,1,Male,17,60-64 years,1,Number,2001,21796878.31487546,23370725.03868941,20215772.402178533
1,All Population,44,Population,6,China,2,Female,17,60-64 years,1,Number,2001,20179193.87668518,21636872.23432976,18715102.005119156
1,All Population,44,Population,6,China,1,Male,17,60-64 years,1,Number,2002,21847039.879831742,23521568.413323063,20126024.922578163
1,All Population,44,Population,6,China,2,Female,17,60-64 years,1,Number,2002,20301947.637739472,21858946.36953365,18702635.677985568
1,All Population,44,Population,6,China,1,Male,17,60-64 years,1,Number,2003,22137065.679141905,24016531.780052796,20315996.614507187
1,All Population,44,Population,6,China,2,Female,17,60-64 years,1,Number,2003,20601104.74867732,22350471.74189549,18906437.473501317
1,All Population,44,Population,6,China,1,Male,17,60-64 years,1,Number,2004,22390310.23161058,24359686.55457189,20426769.297274377
1,All Population,44,Population,6,China,2,Female,17,60-64 years,1,Number,2004,21099780.544301856,22956845.76709274,19249354.693705086
1,All Population,44,Population,6,China,1,Male,17,60-64 years,1,Number,2005,22848654.007037945,25029585.933780704,20708236.736404862
1,All Population,44,Population,6,China,2,Female,17,60-64 years,1,Number,2005,21663684.95075998,23732589.48854885,19634181.169308793
1,All Population,44,Population,6,China,1,Male,17,60-64 years,1,Number,2006,23779042.166331027,26044359.578137375,21521782.476360057
1,All Population,44,Population,6,China,2,Female,17,60-64 years,1,Number,2006,22688093.58324442,24850293.471608475,20534262.994667772
1,All Population,44,Population,6,China,1,Male,17,60-64 years,1,Number,2007,25020907.66048352,27259587.649818767,22772787.23375585
1,All Population,44,Population,6,China,2,Female,17,60-64 years,1,Number,2007,23989607.730847534,26135992.27907945,21834131.513851333
1,All Population,44,Population,6,China,1,Male,17,60-64 years,1,Number,2008,25988574.26429269,28042911.726477485,23966877.97691195
1,All Population,44,Population,6,China,2,Female,17,60-64 years,1,Number,2008,25029905.1975582,27008267.207952913,23082657.538162198
1,All Population,44,Population,6,China,1,Male,17,60-64 years,1,Number,2009,28545447.40573929,30598920.957218267,26432340.934122294
1,All Population,44,Population,6,China,2,Female,17,60-64 years,1,Number,2009,27482242.39109902,29458040.969762564,25447552.307931397
1,All Population,44,Population,6,China,1,Male,17,60-64 years,1,Number,2010,30008106.877348907,31989063.049572386,28081512.00825678
1,All Population,44,Population,6,China,2,Female,17,60-64 years,1,Number,2010,29000902.353569828,30915027.11108854,27138793.43810283
1,All Population,44,Population,6,China,1,Male,17,60-64 years,1,Number,2011,31734698.308979157,34216617.69999528,29409009.586115766
1,All Population,44,Population,6,China,2,Female,17,60-64 years,1,Number,2011,30994148.76759888,33417774.730478685,28722654.359935936
1,All Population,44,Population,6,China,1,Male,17,60-64 years,1,Number,2012,33383503.27022863,36031534.50218434,30734774.861279808
1,All Population,44,Population,6,China,2,Female,17,60-64 years,1,Number,2012,32897592.051635772,35507073.47301717,30287423.805308834
1,All Population,44,Population,6,China,1,Male,17,60-64 years,1,Number,2013,35754729.111897044,38924030.71523536,32731100.705967624
1,All Population,44,Population,6,China,2,Female,17,60-64 years,1,Number,2013,35519902.11990826,38668896.22161355,32515997.325802933
1,All Population,44,Population,6,China,1,Male,17,60-64 years,1,Number,2014,37139908.13165384,40493348.27770023,33697682.37915683
1,All Population,44,Population,6,China,2,Female,17,60-64 years,1,Number,2014,37118949.03189188,40470992.316814594,33678565.25140681
1,All Population,44,Population,6,China,1,Male,17,60-64 years,1,Number,2015,39523937.599065155,43457419.99484607,35744058.53229516
1,All Population,44,Population,6,China,2,Female,17,60-64 years,1,Number,2015,39554188.75752474,43489749.55356889,35772231.63870428
1,All Population,44,Population,6,China,1,Male,17,60-64 years,1,Number,2016,40915548.39041827,44723246.30093903,37279444.31156279
1,All Population,44,Population,6,China,2,Female,17,60-64 years,1,Number,2016,40755586.332409866,44547278.997186124,37133926.80974612
1,All Population,44,Population,6,China,1,Male,17,60-64 years,1,Number,2017,41371121.11987882,44928200.14414502,37534161.892121665
1,All Population,44,Population,6,China,2,Female,17,60-64 years,1,Number,2017,41073994.27596882,44604323.86078684,37264941.91848565
1,All Population,44,Population,6,China,1,Male,17,60-64 years,1,Number,2018,40493149.64473756,43658408.04780809,37437041.11264333
1,All Population,44,Population,6,China,2,Female,17,60-64 years,1,Number,2018,40113114.911103204,43247463.747846924,37086232.218364306
1,All Population,44,Population,6,China,1,Male,17,60-64 years,1,Number,2019,38828570.39026842,41690401.312382944,35804210.60986839
1,All Population,44,Population,6,China,2,Female,17,60-64 years,1,Number,2019,38426403.3199208,41257350.57621739,35433728.991286166
1,All Population,44,Population,6,China,1,Male,17,60-64 years,1,Number,2020,37225842.231805176,39666982.987695664,34550963.21359302
1,All Population,44,Population,6,China,2,Female,17,60-64 years,1,Number,2020,36871461.44413928,39288166.73722209,34222741.9678566
1,All Population,44,Population,6,China,1,Male,17,60-64 years,1,Number,2021,36621902.259231925,39388707.484979406,33911338.667595185
1,All Population,44,Population,6,China,2,Female,17,60-64 years,1,Number,2021,36414608.047287464,39164000.02416345,33719607.1746676
1,All Population,44,Population,6,China,1,Male,17,60-64 years,1,Number,2022,37618505.611637704,40552547.74053504,34584578.947837375
1,All Population,44,Population,6,China,2,Female,17,60-64 years,1,Number,2022,37646721.151486784,40580489.291179866,34611879.66805522
1,All Population,44,Population,6,China,1,Male,17,60-64 years,1,Number,2023,40529237.205997206,43782230.073955975,36923794.98051048
1,All Population,44,Population,6,China,2,Female,17,60-64 years,1,Number,2023,40899032.51594304,44180623.98863333,37260887.38501955
1,All Population,44,Population,6,China,1,Male,18,65-69 years,1,Number,1990,13474959.733641988,14475363.967325414,12551914.957307395
1,All Population,44,Population,6,China,2,Female,18,65-69 years,1,Number,1990,13936442.110095775,14970780.477972418,12981922.252374588
1,All Population,44,Population,6,China,1,Male,18,65-69 years,1,Number,1991,13874865.75525071,14905917.956383627,12721212.347267924
1,All Population,44,Population,6,China,2,Female,18,65-69 years,1,Number,1991,14259855.983652983,15319063.576867996,13074393.745063195
1,All Population,44,Population,6,China,1,Male,18,65-69 years,1,Number,1992,14268332.46014767,15399205.138194986,13135497.333795784
1,All Population,44,Population,6,China,2,Female,18,65-69 years,1,Number,1992,14561192.222697437,15714939.025285946,13405248.094722508
1,All Population,44,Population,6,China,1,Male,18,65-69 years,1,Number,1993,14714158.167485656,15999382.149765512,13452839.871817846
1,All Population,44,Population,6,China,2,Female,18,65-69 years,1,Number,1993,14888251.86975045,16187934.42055623,13612171.234670375
1,All Population,44,Population,6,China,1,Male,18,65-69 years,1,Number,1994,15170903.175962228,16596984.922169195,13783259.356771601
1,All Population,44,Population,6,China,2,Female,18,65-69 years,1,Number,1994,15213269.521131147,16642555.308311699,13822152.34497218
1,All Population,44,Population,6,China,1,Male,18,65-69 years,1,Number,1995,15648011.114396464,17180598.916732866,14074302.391897721
1,All Population,44,Population,6,China,2,Female,18,65-69 years,1,Number,1995,15551729.941637645,17074202.029042363,13987913.781390037
1,All Population,44,Population,6,China,1,Male,18,65-69 years,1,Number,1996,16098174.687841455,17704004.932552356,14623492.510437166
1,All Population,44,Population,6,China,2,Female,18,65-69 years,1,Number,1996,15882226.46437868,17466019.749158524,14427583.629571972
1,All Population,44,Population,6,China,1,Male,18,65-69 years,1,Number,1997,16514280.215371396,17989254.952044755,14941178.521187365
1,All Population,44,Population,6,China,2,Female,18,65-69 years,1,Number,1997,16215994.435633317,17664091.34146925,14671415.615470577
1,All Population,44,Population,6,China,1,Male,18,65-69 years,1,Number,1998,16898248.494942173,18265851.96941275,15501243.762330228
1,All Population,44,Population,6,China,2,Female,18,65-69 years,1,Number,1998,16559640.326645032,17899818.555564348,15190707.018099967
1,All Population,44,Population,6,China,1,Male,18,65-69 years,1,Number,1999,17361102.320724707,18625469.5818274,16064869.117120165
1,All Population,44,Population,6,China,2,Female,18,65-69 years,1,Number,1999,17022409.301067684,18262264.417751536,15751632.343828121
1,All Population,44,Population,6,China,1,Male,18,65-69 years,1,Number,2000,17770110.77899265,19008973.312627383,16529409.951043505
1,All Population,44,Population,6,China,2,Female,18,65-69 years,1,Number,2000,17433901.411321476,18649260.37937873,16216545.602117024
1,All Population,44,Population,6,China,1,Male,18,65-69 years,1,Number,2001,18226513.712800004,19540968.91490873,16905218.923114996
1,All Population,44,Population,6,China,2,Female,18,65-69 years,1,Number,2001,17863771.480864525,19152382.864317387,16568605.262053605
1,All Population,44,Population,6,China,1,Male,18,65-69 years,1,Number,2002,18654128.603168234,20082401.987983637,17184661.133026574
1,All Population,44,Population,6,China,2,Female,18,65-69 years,1,Number,2002,18226370.98317555,19622263.701398566,16790698.901307985
1,All Population,44,Population,6,China,1,Male,18,65-69 years,1,Number,2003,18943448.855129667,20551282.102330502,17385005.335329197
1,All Population,44,Population,6,China,2,Female,18,65-69 years,1,Number,2003,18430852.265690837,19995236.12972595,16914637.776199754
1,All Population,44,Population,6,China,1,Male,18,65-69 years,1,Number,2004,19119652.817207117,20799324.468391422,17442970.24280319
1,All Population,44,Population,6,China,2,Female,18,65-69 years,1,Number,2004,18413802.673357382,20031903.450688787,16799040.797208644
1,All Population,44,Population,6,China,1,Male,18,65-69 years,1,Number,2005,19269779.714572202,21106826.489365954,17465391.001463644
1,All Population,44,Population,6,China,2,Female,18,65-69 years,1,Number,2005,18527544.089294273,20294391.053614102,16792342.524171267
1,All Population,44,Population,6,China,1,Male,18,65-69 years,1,Number,2006,19399705.098488458,21245115.465873435,17558395.754865136
1,All Population,44,Population,6,China,2,Female,18,65-69 years,1,Number,2006,18657442.88178309,20432924.89076978,16886457.61140831
1,All Population,44,Population,6,China,1,Male,18,65-69 years,1,Number,2007,19593174.104492594,21343375.63260721,17832686.959301114
1,All Population,44,Population,6,China,2,Female,18,65-69 years,1,Number,2007,18891881.818485443,20580345.33840759,17194304.958786942
1,All Population,44,Population,6,China,1,Male,18,65-69 years,1,Number,2008,19988032.771899905,21567725.80498512,18432603.051115423
1,All Population,44,Population,6,China,2,Female,18,65-69 years,1,Number,2008,19281200.372620925,20805333.02065747,17780822.19997424
1,All Population,44,Population,6,China,1,Male,18,65-69 years,1,Number,2009,20330592.692753464,21791821.126059346,18825053.35576139
1,All Population,44,Population,6,China,2,Female,18,65-69 years,1,Number,2009,19844200.109927457,21271534.77988641,18374819.772950757
1,All Population,44,Population,6,China,1,Male,18,65-69 years,1,Number,2010,20842027.17881365,22219187.08324552,19503840.830471687
1,All Population,44,Population,6,China,2,Female,18,65-69 years,1,Number,2010,20457512.60179803,21810174.127129447,19144145.33332363
1,All Population,44,Population,6,China,1,Male,18,65-69 years,1,Number,2011,21766596.930983018,23471330.234966315,20170684.566369247
1,All Population,44,Population,6,China,2,Female,18,65-69 years,1,Number,2011,21489463.37720713,23173343.85130578,19913442.99269876
1,All Population,44,Population,6,China,1,Male,18,65-69 years,1,Number,2012,22959160.57350173,24783549.08466503,21135838.35915338
1,All Population,44,Population,6,China,2,Female,18,65-69 years,1,Number,2012,22770003.823745962,24579548.629763167,20961606.839750823
1,All Population,44,Population,6,China,1,Male,18,65-69 years,1,Number,2013,23876431.75205789,25996012.82650665,21857023.712155387
1,All Population,44,Population,6,China,2,Female,18,65-69 years,1,Number,2013,23783903.640153196,25894654.715621907,21772232.38167157
1,All Population,44,Population,6,China,1,Male,18,65-69 years,1,Number,2014,26259532.519642998,28633193.742920842,23825337.26673205
1,All Population,44,Population,6,China,2,Female,18,65-69 years,1,Number,2014,26146564.05637247,28509006.8324252,23722767.442304928
1,All Population,44,Population,6,China,1,Male,18,65-69 years,1,Number,2015,27592730.78438451,30335312.420998584,24956835.785662085
1,All Population,44,Population,6,China,2,Female,18,65-69 years,1,Number,2015,27595319.458576206,30338214.90503832,24959021.38651672
1,All Population,44,Population,6,China,1,Male,18,65-69 years,1,Number,2016,29173872.205233596,31885932.44104043,26581533.806488186
1,All Population,44,Population,6,China,2,Female,18,65-69 years,1,Number,2016,29513774.9619001,32257554.198082794,26891077.637780227
1,All Population,44,Population,6,China,1,Male,18,65-69 years,1,Number,2017,30683573.453153912,33319662.531534705,27838098.939169034
1,All Population,44,Population,6,China,2,Female,18,65-69 years,1,Number,2017,31352894.80476907,34047058.34587389,28445129.796237897
1,All Population,44,Population,6,China,1,Male,18,65-69 years,1,Number,2018,32880637.941507824,35451017.11147836,30398978.10654354
1,All Population,44,Population,6,China,2,Female,18,65-69 years,1,Number,2018,33891098.869150735,36541503.46667199,31332698.4060038
1,All Population,44,Population,6,China,1,Male,18,65-69 years,1,Number,2019,34256135.683620885,36783891.96081361,31587842.057960015
1,All Population,44,Population,6,China,2,Female,18,65-69 years,1,Number,2019,35503618.17762946,38124359.42645314,32738006.5742873
1,All Population,44,Population,6,China,1,Male,18,65-69 years,1,Number,2020,36576834.490204245,38979268.44093329,33944780.55465861
1,All Population,44,Population,6,China,2,Female,18,65-69 years,1,Number,2020,37920794.80430374,40411529.398653656,35192171.358471096
1,All Population,44,Population,6,China,1,Male,18,65-69 years,1,Number,2021,37987233.34013385,40865688.15656483,35174981.914991334
1,All Population,44,Population,6,China,2,Female,18,65-69 years,1,Number,2021,39157039.45973823,42123600.10780699,36258145.995151505
1,All Population,44,Population,6,China,1,Male,18,65-69 years,1,Number,2022,38482612.79962201,41490668.29705176,35375365.57325138
1,All Population,44,Population,6,China,2,Female,18,65-69 years,1,Number,2022,39516569.964024626,42604759.418605685,36326214.39049196
1,All Population,44,Population,6,China,1,Male,18,65-69 years,1,Number,2023,37699359.749120355,40726072.95863404,34345072.13270165
1,All Population,44,Population,6,China,2,Female,18,65-69 years,1,Number,2023,38613502.53348365,41713286.38551507,35178015.300723635
1,All Population,44,Population,6,China,1,Male,19,70-74 years,1,Number,1990,8749866.771139756,9398988.683007155,8150495.816485329
1,All Population,44,Population,6,China,2,Female,19,70-74 years,1,Number,1990,10126787.334915388,10877775.115749525,9433161.035057671
1,All Population,44,Population,6,China,1,Male,19,70-74 years,1,Number,1991,9034513.007220097,9705320.153753066,8283415.846554777
1,All Population,44,Population,6,China,2,Female,19,70-74 years,1,Number,1991,10375057.996922286,11145182.120136416,9512620.280308602
1,All Population,44,Population,6,China,1,Male,19,70-74 years,1,Number,1992,9343928.197176883,10084250.139898593,8602078.85223434
1,All Population,44,Population,6,China,2,Female,19,70-74 years,1,Number,1992,10645434.784125084,11488719.20938629,9800357.390553335
1,All Population,44,Population,6,China,1,Male,19,70-74 years,1,Number,1993,9669753.439596716,10513527.288342398,8840871.958703855
1,All Population,44,Population,6,China,2,Female,19,70-74 years,1,Number,1993,10957646.953484753,11913601.10428572,10018503.326216247
1,All Population,44,Population,6,China,1,Male,19,70-74 years,1,Number,1994,10079422.772930162,11026085.898769502,9157909.056654649
1,All Population,44,Population,6,China,2,Female,19,70-74 years,1,Number,1994,11335642.177376516,12399990.791536069,10299429.408303345
1,All Population,44,Population,6,China,1,Male,19,70-74 years,1,Number,1995,10479994.728816904,11505739.018649003,9426167.781795043
1,All Population,44,Population,6,China,2,Female,19,70-74 years,1,Number,1995,11690975.638160221,12834796.777660048,10515544.716069244
1,All Population,44,Population,6,China,1,Male,19,70-74 years,1,Number,1996,10845048.476415506,11926381.694179542,9851657.512499515
1,All Population,44,Population,6,China,2,Female,19,70-74 years,1,Number,1996,11983296.662406622,13177502.52799117,10885943.83336021
1,All Population,44,Population,6,China,1,Male,19,70-74 years,1,Number,1997,11224274.822751623,12226404.745623613,10155139.995051218
1,All Population,44,Population,6,China,2,Female,19,70-74 years,1,Number,1997,12271650.943403121,13366585.058667282,11102933.360680418
1,All Population,44,Population,6,China,1,Male,19,70-74 years,1,Number,1998,11654654.846282404,12597527.718495047,10691144.315617649
1,All Population,44,Population,6,China,2,Female,19,70-74 years,1,Number,1998,12592358.347166054,13610383.985160926,11551370.948054496
1,All Population,44,Population,6,China,1,Male,19,70-74 years,1,Number,1999,12098794.0030348,12979360.55094785,11195487.725747218
1,All Population,44,Population,6,China,2,Female,19,70-74 years,1,Number,1999,12916757.86796081,13856257.518388227,11952504.251371121
1,All Population,44,Population,6,China,1,Male,19,70-74 years,1,Number,2000,12561238.857251965,13436713.495073339,11684592.417138664
1,All Population,44,Population,6,China,2,Female,19,70-74 years,1,Number,2000,13255465.385579286,14179096.83998652,12330567.454942567
1,All Population,44,Population,6,China,1,Male,19,70-74 years,1,Number,2001,12996422.931572122,13932495.605881384,12054891.591817494
1,All Population,44,Population,6,China,2,Female,19,70-74 years,1,Number,2001,13587255.564718833,14565627.12091981,12603048.892277272
1,All Population,44,Population,6,China,1,Male,19,70-74 years,1,Number,2002,13410123.290430944,14435970.238394663,12353928.817099342
1,All Population,44,Population,6,China,2,Female,19,70-74 years,1,Number,2002,13936247.649988899,15002163.952655843,12838677.849024849
1,All Population,44,Population,6,China,1,Male,19,70-74 years,1,Number,2003,13812334.184325956,14984023.804561488,12675965.91013278
1,All Population,44,Population,6,China,2,Female,19,70-74 years,1,Number,2003,14314650.797058223,15528779.807125323,13137042.724087663
1,All Population,44,Population,6,China,1,Male,19,70-74 years,1,Number,2004,14301145.958370361,15555378.617655175,13047703.417909922
1,All Population,44,Population,6,China,2,Female,19,70-74 years,1,Number,2004,14815593.332394404,16114963.528100824,13517047.515972344
1,All Population,44,Population,6,China,1,Male,19,70-74 years,1,Number,2005,14764368.354220092,16169772.003383072,13383054.087675402
1,All Population,44,Population,6,China,2,Female,19,70-74 years,1,Number,2005,15283829.390120069,16738684.580658931,13853909.677373575
1,All Population,44,Population,6,China,1,Male,19,70-74 years,1,Number,2006,15268400.184265524,16718873.627896963,13819495.229286358
1,All Population,44,Population,6,China,2,Female,19,70-74 years,1,Number,2006,15767603.729945632,17265483.40711921,14271481.521338737
1,All Population,44,Population,6,China,1,Male,19,70-74 years,1,Number,2007,15736470.741604462,17140395.006266724,14322613.80509995
1,All Population,44,Population,6,China,2,Female,19,70-74 years,1,Number,2007,16185391.040200854,17629367.6795414,14731336.963689452
1,All Population,44,Population,6,China,1,Male,19,70-74 years,1,Number,2008,16066686.266348826,17335991.32739958,14816195.829626167
1,All Population,44,Population,6,China,2,Female,19,70-74 years,1,Number,2008,16448736.936142884,17748159.402844325,15168628.00428601
1,All Population,44,Population,6,China,1,Male,19,70-74 years,1,Number,2009,16292862.484704776,17461866.61344506,15085928.315031266
1,All Population,44,Population,6,China,2,Female,19,70-74 years,1,Number,2009,16505915.605365206,17690362.71691729,15283293.181565596
1,All Population,44,Population,6,China,1,Male,19,70-74 years,1,Number,2010,16493105.150811413,17580858.6211769,15433673.21858699
1,All Population,44,Population,6,China,2,Female,19,70-74 years,1,Number,2010,16679573.751675552,17779940.422455512,15608254.80772596
1,All Population,44,Population,6,China,1,Male,19,70-74 years,1,Number,2011,16681235.9462446,17985026.53122114,15458529.813690769
1,All Population,44,Population,6,China,2,Female,19,70-74 years,1,Number,2011,16871459.716985572,18190661.898772214,15634832.983966464
1,All Population,44,Population,6,China,1,Male,19,70-74 years,1,Number,2012,16930877.1848945,18273367.88274816,15587809.216971006
1,All Population,44,Population,6,China,2,Female,19,70-74 years,1,Number,2012,17164239.9739533,18526075.62956318,15802219.370786855
1,All Population,44,Population,6,China,1,Male,19,70-74 years,1,Number,2013,17357404.091823433,18895712.48970791,15889021.435848886
1,All Population,44,Population,6,China,2,Female,19,70-74 years,1,Number,2013,17600848.994750302,19161823.70078751,16111874.199004754
1,All Population,44,Population,6,China,1,Male,19,70-74 years,1,Number,2014,17730025.145289738,19330931.78431758,16086225.39924657
1,All Population,44,Population,6,China,2,Female,19,70-74 years,1,Number,2014,18188522.169018134,19832159.025453135,16502159.26275115
1,All Population,44,Population,6,China,1,Male,19,70-74 years,1,Number,2015,18233528.7072775,20047232.023491472,16490223.822334483
1,All Population,44,Population,6,China,2,Female,19,70-74 years,1,Number,2015,18812450.308503374,20685062.858780548,17012638.004550163
1,All Population,44,Population,6,China,1,Male,19,70-74 years,1,Number,2016,19076906.18619342,20852697.873487547,17381170.86431259
1,All Population,44,Population,6,China,2,Female,19,70-74 years,1,Number,2016,19808716.458461136,21653701.023200914,18047802.55042998
1,All Population,44,Population,6,China,1,Male,19,70-74 years,1,Number,2017,20133001.93285176,21865770.409960374,18265262.81003131
1,All Population,44,Population,6,China,2,Female,19,70-74 years,1,Number,2017,21020272.217352845,22829794.998663962,19070149.188523673
1,All Population,44,Population,6,China,1,Male,19,70-74 years,1,Number,2018,20945695.763818707,22585734.67401209,19363933.17106271
1,All Population,44,Population,6,China,2,Female,19,70-74 years,1,Number,2018,21980547.745075326,23701336.18645231,20320547.27299431
1,All Population,44,Population,6,China,1,Male,19,70-74 years,1,Number,2019,23100850.74420461,24807509.247227795,21301137.8567956
1,All Population,44,Population,6,China,2,Female,19,70-74 years,1,Number,2019,24224133.824577603,26013326.18935186,22336807.257432472
1,All Population,44,Population,6,China,1,Male,19,70-74 years,1,Number,2020,24359768.616041955,25959420.142524894,22608069.785379328
1,All Population,44,Population,6,China,2,Female,19,70-74 years,1,Number,2020,25636209.12598038,27319908.9160097,23792464.903611254
1,All Population,44,Population,6,China,1,Male,19,70-74 years,1,Number,2021,25869670.935179427,27827751.82220699,23954404.383687533
1,All Population,44,Population,6,China,2,Female,19,70-74 years,1,Number,2021,27511170.442805428,29594135.948332965,25474210.768950917
1,All Population,44,Population,6,China,1,Male,19,70-74 years,1,Number,2022,27292696.794567287,29424583.193382088,25089792.41278505
1,All Population,44,Population,6,China,2,Female,19,70-74 years,1,Number,2022,29300095.494045965,31589837.969611842,26934589.02015482
1,All Population,44,Population,6,China,1,Male,19,70-74 years,1,Number,2023,29328260.120769765,31683167.548561487,26718650.62867704
1,All Population,44,Population,6,China,2,Female,19,70-74 years,1,Number,2023,31726780.7924872,34274898.75778183,28903481.007527407
1,All Population,44,Population,6,China,1,Male,20,75-79 years,1,Number,1990,4913435.862652998,5277838.739751636,4576882.660590057
1,All Population,44,Population,6,China,2,Female,20,75-79 years,1,Number,1990,6513421.936608911,6996512.0099202385,6067303.6989518115
1,All Population,44,Population,6,China,1,Male,20,75-79 years,1,Number,1991,5099274.269516367,5477708.901738694,4675368.213398078
1,All Population,44,Population,6,China,2,Female,20,75-79 years,1,Number,1991,6736260.524596151,7236222.244431008,6176303.96492599
1,All Population,44,Population,6,China,1,Male,20,75-79 years,1,Number,1992,5283455.549940814,5701980.414940673,4863982.418924209
1,All Population,44,Population,6,China,2,Female,20,75-79 years,1,Number,1992,6955967.15718335,7506941.51778435,6403752.340919282
1,All Population,44,Population,6,China,1,Male,20,75-79 years,1,Number,1993,5473995.223618078,5951312.012356805,5004782.021651159
1,All Population,44,Population,6,China,2,Female,20,75-79 years,1,Number,1993,7174683.506220678,7800247.73500854,6559741.156387569
1,All Population,44,Population,6,China,1,Male,20,75-79 years,1,Number,1994,5615450.059636985,6142271.214395852,5102360.775402382
1,All Population,44,Population,6,China,2,Female,20,75-79 years,1,Number,1994,7328060.311648042,8015485.949705946,6658521.165133053
1,All Population,44,Population,6,China,1,Male,20,75-79 years,1,Number,1995,5816761.426970876,6385293.866294129,5232029.828864857
1,All Population,44,Population,6,China,2,Female,20,75-79 years,1,Number,1995,7519966.408225613,8254906.7604301805,6764055.621070858
1,All Population,44,Population,6,China,1,Male,20,75-79 years,1,Number,1996,6051940.525487869,6654422.655989063,5497815.032059531
1,All Population,44,Population,6,China,2,Female,20,75-79 years,1,Number,1996,7734825.918421058,8504807.656839922,7026679.954868522
1,All Population,44,Population,6,China,1,Male,20,75-79 years,1,Number,1997,6314926.5457601845,6877746.420702635,5713585.604763891
1,All Population,44,Population,6,China,2,Female,20,75-79 years,1,Number,1997,7971399.276620213,8681816.501099639,7212357.276297994
1,All Population,44,Population,6,China,1,Male,20,75-79 years,1,Number,1998,6592549.835599028,7124915.240244668,6047509.517355371
1,All Population,44,Population,6,China,2,Female,20,75-79 years,1,Number,1998,8238277.770783466,8903467.206369031,7557213.2566780355
1,All Population,44,Population,6,China,1,Male,20,75-79 years,1,Number,1999,6928507.14065667,7432309.214110866,6411214.210807057
1,All Population,44,Population,6,China,2,Female,20,75-79 years,1,Number,1999,8551868.736532306,9173587.597913183,7913462.2452065805
1,All Population,44,Population,6,China,1,Male,20,75-79 years,1,Number,2000,7266661.958777105,7772943.949598203,6759828.633873629
1,All Population,44,Population,6,China,2,Female,20,75-79 years,1,Number,2000,8852147.864946885,9468725.035882117,8234878.860572879
1,All Population,44,Population,6,China,1,Male,20,75-79 years,1,Number,2001,7587144.022635868,8133128.944619175,7037738.730462148
1,All Population,44,Population,6,China,2,Female,20,75-79 years,1,Number,2001,9113029.124826035,9768343.366412831,8453373.21187036
1,All Population,44,Population,6,China,1,Male,20,75-79 years,1,Number,2002,7928776.818357495,8535128.401827132,7304548.492534945
1,All Population,44,Population,6,China,2,Female,20,75-79 years,1,Number,2002,9388328.761237808,10106003.9121681,8649533.723556079
1,All Population,44,Population,6,China,1,Male,20,75-79 years,1,Number,2003,8320067.500205833,9025625.36638673,7635581.651206125
1,All Population,44,Population,6,China,2,Female,20,75-79 years,1,Number,2003,9711432.414799346,10534669.093054565,8912514.208790066
1,All Population,44,Population,6,China,1,Male,20,75-79 years,1,Number,2004,8739734.710359368,9505396.47524186,7974152.810513939
1,All Population,44,Population,6,China,2,Female,20,75-79 years,1,Number,2004,10059654.366303593,10940229.958402554,9178819.256059576
1,All Population,44,Population,6,China,1,Male,20,75-79 years,1,Number,2005,9194465.538118536,10068514.474166907,8334906.669974633
1,All Population,44,Population,6,China,2,Female,20,75-79 years,1,Number,2005,10441967.976801673,11433986.539268859,9466131.39645151
1,All Population,44,Population,6,China,1,Male,20,75-79 years,1,Number,2006,9635948.490193533,10549740.315638797,8721893.096380414
1,All Population,44,Population,6,China,2,Female,20,75-79 years,1,Number,2006,10832636.148129286,11859457.694817055,9805225.927564107
1,All Population,44,Population,6,China,1,Male,20,75-79 years,1,Number,2007,10056445.38639095,10951722.732002052,9153443.81930984
1,All Population,44,Population,6,China,2,Female,20,75-79 years,1,Number,2007,11241918.227459049,12242433.019935621,10232638.701114306
1,All Population,44,Population,6,China,1,Male,20,75-79 years,1,Number,2008,10455198.647826161,11280582.294836834,9641688.035158655
1,All Population,44,Population,6,China,2,Female,20,75-79 years,1,Number,2008,11670612.669727089,12591787.136125237,10762611.108174827
1,All Population,44,Population,6,China,1,Male,20,75-79 years,1,Number,2009,10912516.394944012,11693656.495581387,10105731.468404327
1,All Population,44,Population,6,China,2,Female,20,75-79 years,1,Number,2009,12194746.248216102,13067562.056791604,11293362.865611872
1,All Population,44,Population,6,China,1,Male,20,75-79 years,1,Number,2010,11346699.835597714,12093904.45471737,10617571.053215954
1,All Population,44,Population,6,China,2,Female,20,75-79 years,1,Number,2010,12684758.870003393,13519963.743646415,11869749.372485446
1,All Population,44,Population,6,China,1,Male,20,75-79 years,1,Number,2011,11813638.114562778,12735310.432691863,10947665.68658591
1,All Population,44,Population,6,China,2,Female,20,75-79 years,1,Number,2011,13182124.705066351,14210518.969355952,12215885.80684606
1,All Population,44,Population,6,China,1,Male,20,75-79 years,1,Number,2012,12264975.801717348,13235853.44937478,11292898.408592913
1,All Population,44,Population,6,China,2,Female,20,75-79 years,1,Number,2012,13630090.401018392,14709048.598029466,12549806.493750412
1,All Population,44,Population,6,China,1,Male,20,75-79 years,1,Number,2013,12624682.951007051,13741541.442770315,11556660.897149026
1,All Population,44,Population,6,China,2,Female,20,75-79 years,1,Number,2013,13959670.015918808,15194803.700189237,12778777.253247432
1,All Population,44,Population,6,China,1,Male,20,75-79 years,1,Number,2014,12919324.606474202,14083492.511530729,11721608.003094101
1,All Population,44,Population,6,China,2,Female,20,75-79 years,1,Number,2014,14121225.384881081,15394011.782065006,12812109.692701062
1,All Population,44,Population,6,China,1,Male,20,75-79 years,1,Number,2015,13187486.482531188,14496567.346069666,11928142.83152937
1,All Population,44,Population,6,China,2,Female,20,75-79 years,1,Number,2015,14379819.3289383,15807863.719326397,13006534.4590884
1,All Population,44,Population,6,China,1,Male,20,75-79 years,1,Number,2016,13420624.608617045,14667041.208270855,12228241.050100757
1,All Population,44,Population,6,China,2,Female,20,75-79 years,1,Number,2016,14636738.53428695,15996912.789469736,13335853.081883999
1,All Population,44,Population,6,China,1,Male,20,75-79 years,1,Number,2017,13666241.2729835,14839570.510916155,12398529.832179138
1,All Population,44,Population,6,China,2,Female,20,75-79 years,1,Number,2017,14954107.596776703,16239106.105674878,13566807.510100542
1,All Population,44,Population,6,China,1,Male,20,75-79 years,1,Number,2018,14039088.985946883,15136100.148656327,12979743.837081391
1,All Population,44,Population,6,China,2,Female,20,75-79 years,1,Number,2018,15383715.086218199,16586986.911253102,14222347.923450254
1,All Population,44,Population,6,China,1,Male,20,75-79 years,1,Number,2019,14381626.563055046,15442677.28554522,13260993.164311416
1,All Population,44,Population,6,China,2,Female,20,75-79 years,1,Number,2019,15955120.363838209,17133529.60147416,14711841.482057411
1,All Population,44,Population,6,China,1,Male,20,75-79 years,1,Number,2020,14858193.85709148,15834234.246229848,13789375.10088516
1,All Population,44,Population,6,China,2,Female,20,75-79 years,1,Number,2020,16580437.265226256,17669892.16498879,15387165.245964305
1,All Population,44,Population,6,China,1,Male,20,75-79 years,1,Number,2021,15617963.07936285,16801688.655444346,14461482.598904148
1,All Population,44,Population,6,China,2,Female,20,75-79 years,1,Number,2021,17538366.110376086,18868684.723987337,16239605.08088481
1,All Population,44,Population,6,China,1,Male,20,75-79 years,1,Number,2022,16528421.450708149,17821793.31668901,15193080.51475662
1,All Population,44,Population,6,China,2,Female,20,75-79 years,1,Number,2022,18674983.92616719,20136833.52640397,17165944.160447903
1,All Population,44,Population,6,China,1,Male,20,75-79 years,1,Number,2023,17230285.422408316,18614540.036746442,15696908.11962516
1,All Population,44,Population,6,China,2,Female,20,75-79 years,1,Number,2023,19557285.48817922,21128581.33352004,17816676.93456728
1,All Population,44,Population,6,China,1,Male,30,80-84 years,1,Number,1990,2087071.153906084,2241853.8324663453,1944135.0462498139
1,All Population,44,Population,6,China,2,Female,30,80-84 years,1,Number,1990,3497089.8542844476,3756024.0835109344,3257590.7323075105
1,All Population,44,Population,6,China,1,Male,30,80-84 years,1,Number,1991,2185019.9962466,2347153.285133798,2003407.9135944422
1,All Population,44,Population,6,China,2,Female,30,80-84 years,1,Number,1991,3588188.196452807,3854184.027321548,3289983.5097292606
1,All Population,44,Population,6,China,1,Male,30,80-84 years,1,Number,1992,2294807.9966232753,2476538.956237673,2112644.6383268926
1,All Population,44,Population,6,China,2,Female,30,80-84 years,1,Number,1992,3695114.7738820543,3987700.7741855313,3401794.305232034
1,All Population,44,Population,6,China,1,Male,30,80-84 years,1,Number,1993,2393979.8691144823,2602576.3550375635,2188807.314372922
1,All Population,44,Population,6,China,2,Female,30,80-84 years,1,Number,1993,3799829.455705475,4130929.8346991776,3474172.9475842435
1,All Population,44,Population,6,China,1,Male,30,80-84 years,1,Number,1994,2505038.0899506896,2739860.0136218998,2276249.5920925885
1,All Population,44,Population,6,China,2,Female,30,80-84 years,1,Number,1994,3938653.020792753,4307932.503487807,3578893.388196714
1,All Population,44,Population,6,China,1,Male,30,80-84 years,1,Number,1995,2620646.710402919,2876563.7342268955,2357261.6541415295
1,All Population,44,Population,6,China,2,Female,30,80-84 years,1,Number,1995,4091992.8999289703,4491635.744291245,3680726.8436281667
1,All Population,44,Population,6,China,1,Male,30,80-84 years,1,Number,1996,2743146.148677472,3015986.430277346,2492034.255880156
1,All Population,44,Population,6,China,2,Female,30,80-84 years,1,Number,1996,4258121.907793557,4681584.179576115,3868355.9778019353
1,All Population,44,Population,6,China,1,Male,30,80-84 years,1,Number,1997,2871652.8823394366,3127335.523079775,2598240.3947319104
1,All Population,44,Population,6,China,2,Female,30,80-84 years,1,Number,1997,4426491.938583814,4820443.42533225,4005075.3068067124
1,All Population,44,Population,6,China,1,Male,30,80-84 years,1,Number,1998,3003503.4901472474,3245742.6221925803,2755180.993429389
1,All Population,44,Population,6,China,2,Female,30,80-84 years,1,Number,1998,4588757.338582045,4958609.059914146,4209368.042391441
1,All Population,44,Population,6,China,1,Male,30,80-84 years,1,Number,1999,3108665.868615587,3334584.1619601375,2876569.6457116003
1,All Population,44,Population,6,China,2,Female,30,80-84 years,1,Number,1999,4703926.365803196,5045548.461765828,4352733.104956095
1,All Population,44,Population,6,China,1,Male,30,80-84 years,1,Number,2000,3255001.703502126,3481633.443221574,3028218.534174164
1,All Population,44,Population,6,China,2,Female,30,80-84 years,1,Number,2000,4844185.513290263,5181387.299647774,4506800.587699788
1,All Population,44,Population,6,China,1,Male,30,80-84 years,1,Number,2001,3429007.143166266,3675167.7137912367,3181013.1892119064
1,All Population,44,Population,6,China,2,Female,30,80-84 years,1,Number,2001,5005024.686128595,5364080.390602008,4643179.415881632
1,All Population,44,Population,6,China,1,Male,30,80-84 years,1,Number,2002,3627638.817108584,3904805.027619534,3342425.484410362
1,All Population,44,Population,6,China,2,Female,30,80-84 years,1,Number,2002,5191185.36500442,5587678.2132554175,4783207.304185563
1,All Population,44,Population,6,China,1,Male,30,80-84 years,1,Number,2003,3841828.3728797166,4167353.719548795,3525926.8042487153
1,All Population,44,Population,6,China,2,Female,30,80-84 years,1,Number,2003,5411981.372280177,5870365.898740512,4967391.178967381
1,All Population,44,Population,6,China,1,Male,30,80-84 years,1,Number,2004,4099537.1145279133,4457871.4131060075,3740844.9762992803
1,All Population,44,Population,6,China,2,Female,30,80-84 years,1,Number,2004,5678738.226645422,6174499.826750353,5182184.098472888
1,All Population,44,Population,6,China,1,Male,30,80-84 years,1,Number,2005,4377018.474132441,4792534.34098804,3968091.8841374014
1,All Population,44,Population,6,China,2,Female,30,80-84 years,1,Number,2005,5960002.92684262,6525362.0264298795,5403352.205706144
1,All Population,44,Population,6,China,1,Male,30,80-84 years,1,Number,2006,4654849.130892397,5095662.882868614,4213457.677992979
1,All Population,44,Population,6,China,2,Female,30,80-84 years,1,Number,2006,6234467.666747534,6823823.770363766,5644304.046836198
1,All Population,44,Population,6,China,1,Male,30,80-84 years,1,Number,2007,4947948.393926523,5387878.596773752,4503976.109997176
1,All Population,44,Population,6,China,2,Female,30,80-84 years,1,Number,2007,6528302.3855519015,7107596.630793924,5943180.992237472
1,All Population,44,Population,6,China,1,Male,30,80-84 years,1,Number,2008,5267340.332371286,5682969.533486615,4857758.8389230855
1,All Population,44,Population,6,China,2,Female,30,80-84 years,1,Number,2008,6855579.372177283,7396137.753217257,6323005.038220273
1,All Population,44,Population,6,China,1,Male,30,80-84 years,1,Number,2009,5602206.249243584,6002508.036466706,5188295.510332556
1,All Population,44,Population,6,China,2,Female,30,80-84 years,1,Number,2009,7197910.799817657,7711281.456041319,6666044.069756869
1,All Population,44,Population,6,China,1,Male,30,80-84 years,1,Number,2010,5962365.799503811,6354755.656795127,5579141.777865631
1,All Population,44,Population,6,China,2,Female,30,80-84 years,1,Number,2010,7566355.576499723,8064050.723207514,7080099.557089588
1,All Population,44,Population,6,China,1,Male,30,80-84 years,1,Number,2011,6316146.205590899,6807693.873539242,5853140.656701695
1,All Population,44,Population,6,China,2,Female,30,80-84 years,1,Number,2011,7942368.261959707,8559832.232011996,7360181.21693132
1,All Population,44,Population,6,China,1,Male,30,80-84 years,1,Number,2012,6668819.521086053,7195994.548389696,6141048.120109098
1,All Population,44,Population,6,China,2,Female,30,80-84 years,1,Number,2012,8343582.747542003,9002890.842525559,7683528.177565935
1,All Population,44,Population,6,China,1,Male,30,80-84 years,1,Number,2013,7026869.212715705,7646754.271646674,6432416.804638939
1,All Population,44,Population,6,China,2,Female,30,80-84 years,1,Number,2013,8778479.478449058,9552486.190728849,8035970.199785782
1,All Population,44,Population,6,China,1,Male,30,80-84 years,1,Number,2014,7442550.568253428,8111424.08290938,6752638.850042241
1,All Population,44,Population,6,China,2,Female,30,80-84 years,1,Number,2014,9297594.458083715,10132894.108599475,8435857.280033581
1,All Population,44,Population,6,China,1,Male,30,80-84 years,1,Number,2015,7837329.156063559,8613521.226855945,7089148.472213737
1,All Population,44,Population,6,China,2,Female,30,80-84 years,1,Number,2015,9780262.160782134,10748695.561185965,8846678.089578278
1,All Population,44,Population,6,China,1,Male,30,80-84 years,1,Number,2016,8217920.923157437,8979529.039124075,7488684.615729249
1,All Population,44,Population,6,China,2,Female,30,80-84 years,1,Number,2016,10231719.922483608,11179945.178746853,9323791.807904566
1,All Population,44,Population,6,China,1,Male,30,80-84 years,1,Number,2017,8538690.855201997,9270412.830694597,7746764.9873383315
1,All Population,44,Population,6,China,2,Female,30,80-84 years,1,Number,2017,10599652.368728474,11507991.248578755,9616645.282070832
1,All Population,44,Population,6,China,1,Male,30,80-84 years,1,Number,2018,8780235.836967021,9464560.08223517,8118547.0347175365
1,All Population,44,Population,6,China,2,Female,30,80-84 years,1,Number,2018,10865542.810148157,11712904.388815176,10046447.975915724
1,All Population,44,Population,6,China,1,Male,30,80-84 years,1,Number,2019,9015404.026690312,9678633.422974762,8312876.448168793
1,All Population,44,Population,6,China,2,Female,30,80-84 years,1,Number,2019,11039790.609193966,11852681.909555888,10179565.247418143
1,All Population,44,Population,6,China,1,Male,30,80-84 years,1,Number,2020,9274791.61240096,9882574.550525201,8608617.720277898
1,All Population,44,Population,6,China,2,Female,30,80-84 years,1,Number,2020,11338501.656901075,12082403.790038275,10523578.231869597
1,All Population,44,Population,6,China,1,Male,30,80-84 years,1,Number,2021,9521560.624135196,10240923.07547048,8816408.65504211
1,All Population,44,Population,6,China,2,Female,30,80-84 years,1,Number,2021,11653320.159124576,12535057.73855348,10790312.204773387
1,All Population,44,Population,6,China,1,Male,30,80-84 years,1,Number,2022,9762097.831512982,10523593.304123342,8974737.990941608
1,All Population,44,Population,6,China,2,Female,30,80-84 years,1,Number,2022,12014213.38922431,12952999.483042615,11044320.641850805
1,All Population,44,Population,6,China,1,Male,30,80-84 years,1,Number,2023,10062361.62057277,10870363.910054523,9166728.182718528
1,All Population,44,Population,6,China,2,Female,30,80-84 years,1,Number,2023,12402090.248088244,13398433.075920684,11298173.943809569
1,All Population,44,Population,6,China,1,Male,31,85-89 years,1,Number,1990,634544.0718677341,681515.0565606821,591094.1040391753
1,All Population,44,Population,6,China,2,Female,31,85-89 years,1,Number,1990,1361515.4358736435,1461772.0946775922,1268292.3508462352
1,All Population,44,Population,6,China,1,Male,31,85-89 years,1,Number,1991,676901.4588837153,727042.6028637288,620659.4539836121
1,All Population,44,Population,6,China,2,Female,31,85-89 years,1,Number,1991,1444795.9816726244,1551335.055672802,1324840.9066445243
1,All Population,44,Population,6,China,1,Male,31,85-89 years,1,Number,1992,713626.1103562651,770098.2559595266,656989.1811526353
1,All Population,44,Population,6,China,2,Female,31,85-89 years,1,Number,1992,1512033.5813940524,1631498.8687510313,1392065.3393861665
1,All Population,44,Population,6,China,1,Male,31,85-89 years,1,Number,1993,745934.2914546238,810822.7607368685,682023.7637181558
1,All Population,44,Population,6,China,2,Female,31,85-89 years,1,Number,1993,1569597.3379657157,1705717.8022925213,1435329.6488638695
1,All Population,44,Population,6,China,1,Male,31,85-89 years,1,Number,1994,772109.4615124317,844348.8295175006,701663.2006699829
1,All Population,44,Population,6,China,2,Female,31,85-89 years,1,Number,1994,1607912.2649295535,1758034.4370494066,1461374.7531021235
1,All Population,44,Population,6,China,1,Male,31,85-89 years,1,Number,1995,803179.2875451839,881441.5884531692,722619.2184544667
1,All Population,44,Population,6,China,2,Female,31,85-89 years,1,Number,1995,1642192.3118537671,1802008.6456854113,1477679.0789881092
1,All Population,44,Population,6,China,1,Male,31,85-89 years,1,Number,1996,852090.0906347836,936645.01116375,774153.339173728
1,All Population,44,Population,6,China,2,Female,31,85-89 years,1,Number,1996,1699563.8292099948,1868115.7699635797,1544141.9135122222
1,All Population,44,Population,6,China,1,Male,31,85-89 years,1,Number,1997,907327.7412008368,987893.3862153522,820985.1474002688
1,All Population,44,Population,6,China,2,Female,31,85-89 years,1,Number,1997,1767687.6724364625,1924626.2136491553,1599477.01163677
1,All Population,44,Population,6,China,1,Male,31,85-89 years,1,Number,1998,957547.8900170326,1034523.0282519483,878381.5375587472
1,All Population,44,Population,6,China,2,Female,31,85-89 years,1,Number,1998,1833595.1671435342,1981000.228471841,1682001.5202726587
1,All Population,44,Population,6,China,1,Male,31,85-89 years,1,Number,1999,1013499.5251054399,1086919.1519228788,937843.7695790944
1,All Population,44,Population,6,China,2,Female,31,85-89 years,1,Number,1999,1915775.410130093,2054539.2335349,1772767.1568222998
1,All Population,44,Population,6,China,1,Male,31,85-89 years,1,Number,2000,1073574.1911107057,1148241.9117912357,998839.9971467111
1,All Population,44,Population,6,China,2,Female,31,85-89 years,1,Number,2000,2004255.0271503457,2143625.3198588504,1864729.5659807385
1,All Population,44,Population,6,China,1,Male,31,85-89 years,1,Number,2001,1141343.2922395037,1223011.6997924435,1058886.4038486625
1,All Population,44,Population,6,China,2,Female,31,85-89 years,1,Number,2001,2102613.053963246,2252996.5934961294,1950731.5716188992
1,All Population,44,Population,6,China,1,Male,31,85-89 years,1,Number,2002,1216637.3890510148,1309480.187789359,1121155.8182130295
1,All Population,44,Population,6,China,2,Female,31,85-89 years,1,Number,2002,2206975.5959026506,2375276.3598680114,2033882.1090114308
1,All Population,44,Population,6,China,1,Male,31,85-89 years,1,Number,2003,1297840.5222027604,1407497.8277633614,1191488.2346158847
1,All Population,44,Population,6,China,2,Female,31,85-89 years,1,Number,2003,2315090.248030531,2510258.261987199,2125792.15493268
1,All Population,44,Population,6,China,1,Male,31,85-89 years,1,Number,2004,1372857.2776833596,1492330.2855165496,1253008.6159169604
1,All Population,44,Population,6,China,2,Female,31,85-89 years,1,Number,2004,2409504.7911451524,2618681.87247802,2199420.4995960896
1,All Population,44,Population,6,China,1,Male,31,85-89 years,1,Number,2005,1475930.7355583636,1615760.0029320272,1338143.8463757727
1,All Population,44,Population,6,China,2,Female,31,85-89 years,1,Number,2005,2532179.79708992,2771840.5691487165,2295872.616373916
1,All Population,44,Population,6,China,1,Male,31,85-89 years,1,Number,2006,1598724.2770348503,1749411.791991502,1447787.1869623335
1,All Population,44,Population,6,China,2,Female,31,85-89 years,1,Number,2006,2681504.0029772134,2933719.5290172943,2428838.532633748
1,All Population,44,Population,6,China,1,Male,31,85-89 years,1,Number,2007,1735583.7795263873,1889154.606219084,1580275.9404960521
1,All Population,44,Population,6,China,2,Female,31,85-89 years,1,Number,2007,2852723.7547370307,3104581.433363282,2597769.2619749987
1,All Population,44,Population,6,China,1,Male,31,85-89 years,1,Number,2008,1878923.4113902906,2026963.672309792,1732997.872113107
1,All Population,44,Population,6,China,2,Female,31,85-89 years,1,Number,2008,3043835.492354215,3283436.3390451954,2807434.6661946108
1,All Population,44,Population,6,China,1,Male,31,85-89 years,1,Number,2009,2043397.7258059315,2188767.543436932,1892569.132436614
1,All Population,44,Population,6,China,2,Female,31,85-89 years,1,Number,2009,3259206.8411800642,3490389.252744627,3018949.8292584694
1,All Population,44,Population,6,China,1,Male,31,85-89 years,1,Number,2010,2222205.613968339,2368312.109477867,2079639.773612036
1,All Population,44,Population,6,China,2,Female,31,85-89 years,1,Number,2010,3485769.6304116216,3714704.4817169025,3262833.199171422
1,All Population,44,Population,6,China,1,Male,31,85-89 years,1,Number,2011,2404902.5004436867,2591557.6097026635,2228605.2398933447
1,All Population,44,Population,6,China,2,Female,31,85-89 years,1,Number,2011,3710504.500139454,3997528.1066302806,3438512.7561346176
1,All Population,44,Population,6,China,1,Male,31,85-89 years,1,Number,2012,2601638.157875322,2807121.013482408,2396003.714234428
1,All Population,44,Population,6,China,2,Female,31,85-89 years,1,Number,2012,3953543.025545728,4265095.650683979,3641618.2882787674
1,All Population,44,Population,6,China,1,Male,31,85-89 years,1,Number,2013,2820556.0771414735,3068989.6481848382,2581968.820324798
1,All Population,44,Population,6,China,2,Female,31,85-89 years,1,Number,2013,4228482.4295347715,4600421.682848284,3870896.2440141723
1,All Population,44,Population,6,China,1,Male,31,85-89 years,1,Number,2014,3053951.6390621746,3327660.6489090705,2770911.1048393706
1,All Population,44,Population,6,China,2,Female,31,85-89 years,1,Number,2014,4518556.88971776,4922344.515129804,4099970.297817187
1,All Population,44,Population,6,China,1,Male,31,85-89 years,1,Number,2015,3298297.794420563,3624452.5730861984,2983811.73063779
1,All Population,44,Population,6,China,2,Female,31,85-89 years,1,Number,2015,4819350.816579952,5295376.6042801235,4360445.619589763
1,All Population,44,Population,6,China,1,Male,31,85-89 years,1,Number,2016,3517993.4954889105,3842897.055027917,3206447.5392765733
1,All Population,44,Population,6,China,2,Female,31,85-89 years,1,Number,2016,5096863.85035876,5566731.568101576,4645971.067894996
1,All Population,44,Population,6,China,1,Male,31,85-89 years,1,Number,2017,3713836.4974435545,4031645.351848506,3369521.1310689193
1,All Population,44,Population,6,China,2,Female,31,85-89 years,1,Number,2017,5362050.157046395,5820590.565665832,4865093.623331938
1,All Population,44,Population,6,China,1,Male,31,85-89 years,1,Number,2018,3915206.046380798,4219005.383186633,3620820.152993872
1,All Population,44,Population,6,China,2,Female,31,85-89 years,1,Number,2018,5653998.340610641,6092263.577421414,5229089.135087703
1,All Population,44,Population,6,China,1,Male,31,85-89 years,1,Number,2019,4184421.2071431293,4490959.114952019,3858346.151463046
1,All Population,44,Population,6,China,2,Female,31,85-89 years,1,Number,2019,6045589.568901221,6488185.200770697,5574582.851254753
1,All Population,44,Population,6,China,1,Male,31,85-89 years,1,Number,2020,4478449.056679675,4770840.666860397,4157422.2505994816
1,All Population,44,Population,6,China,2,Female,31,85-89 years,1,Number,2020,6458897.374915201,6880485.752257569,5995964.180804014
1,All Population,44,Population,6,China,1,Male,31,85-89 years,1,Number,2021,4757131.262724991,5115239.905379324,4404836.865411375
1,All Population,44,Population,6,China,2,Female,31,85-89 years,1,Number,2021,6850610.546031993,7366397.699248208,6343365.286183353
1,All Population,44,Population,6,China,1,Male,31,85-89 years,1,Number,2022,4952095.969193392,5336993.781577725,4553452.238414698
1,All Population,44,Population,6,China,2,Female,31,85-89 years,1,Number,2022,7147149.533156418,7702985.81826367,6571620.875379266
1,All Population,44,Population,6,China,1,Male,31,85-89 years,1,Number,2023,5106160.790892115,5515737.881339724,4651714.187644866
1,All Population,44,Population,6,China,2,Female,31,85-89 years,1,Number,2023,7366027.24407102,7956973.05707535,6710518.161830615
1,All Population,44,Population,6,China,1,Male,32,90-94 years,1,Number,1990,100627.70670671495,108043.36119030132,93741.53504916659
1,All Population,44,Population,6,China,2,Female,32,90-94 years,1,Number,1990,275944.1769123385,295873.7445188538,257034.09004975413
1,All Population,44,Population,6,China,1,Male,32,90-94 years,1,Number,1991,115209.47453724184,123710.21469576759,105649.9373868157
1,All Population,44,Population,6,China,2,Female,32,90-94 years,1,Number,1991,310869.209702083,333410.38107020594,285265.94169810874
1,All Population,44,Population,6,China,1,Male,32,90-94 years,1,Number,1992,132440.16016914076,142901.47500039334,121938.4090533548
1,All Population,44,Population,6,China,2,Female,32,90-94 years,1,Number,1992,350842.1840366079,378414.2336775017,323224.8131689421
1,All Population,44,Population,6,China,1,Male,32,90-94 years,1,Number,1993,145638.14093329135,158270.1923102285,133178.67323419257
1,All Population,44,Population,6,China,2,Female,32,90-94 years,1,Number,1993,384123.18621492136,417198.3405620517,351460.4607421834
1,All Population,44,Population,6,China,1,Male,32,90-94 years,1,Number,1994,160012.9848477433,174948.85471949668,145431.65844317636
1,All Population,44,Population,6,China,2,Female,32,90-94 years,1,Number,1994,422134.7009452976,461177.320977891,383951.43134422344
1,All Population,44,Population,6,China,1,Male,32,90-94 years,1,Number,1995,175244.32461061137,192290.83690774816,157701.23292790778
1,All Population,44,Population,6,China,2,Female,32,90-94 years,1,Number,1995,459177.3277543463,503304.6795407001,413527.46243195696
1,All Population,44,Population,6,China,1,Male,32,90-94 years,1,Number,1996,189731.49171413586,208530.62848143931,172391.74630533045
1,All Population,44,Population,6,China,2,Female,32,90-94 years,1,Number,1996,491314.4929290451,539575.5596438097,446719.7551200968
1,All Population,44,Population,6,China,1,Male,32,90-94 years,1,Number,1997,202919.30942953366,220893.48677219925,183619.4938446173
1,All Population,44,Population,6,China,2,Female,32,90-94 years,1,Number,1997,518449.0506101782,563891.8147458953,469221.79503978905
1,All Population,44,Population,6,China,1,Male,32,90-94 years,1,Number,1998,214280.50763879484,231444.64522888587,196577.46613141772
1,All Population,44,Population,6,China,2,Female,32,90-94 years,1,Number,1998,540235.596417052,583125.2277013005,495957.0149730065
1,All Population,44,Population,6,China,1,Male,32,90-94 years,1,Number,1999,223620.77719016498,239754.87734064367,206935.23048324592
1,All Population,44,Population,6,China,2,Female,32,90-94 years,1,Number,1999,555078.6730884165,594840.8506643919,513798.2148408483
1,All Population,44,Population,6,China,1,Male,32,90-94 years,1,Number,2000,234879.34378750363,251148.59965954162,218589.3532853945
1,All Population,44,Population,6,China,2,Female,32,90-94 years,1,Number,2000,569339.0245459378,608541.5329407483,529974.5638355188
1,All Population,44,Population,6,China,1,Male,32,90-94 years,1,Number,2001,252262.8001862263,270273.04066687875,234079.89260015846
1,All Population,44,Population,6,China,2,Female,32,90-94 years,1,Number,2001,593218.8800719768,635494.5444328381,550612.1884266224
1,All Population,44,Population,6,China,1,Male,32,90-94 years,1,Number,2002,272446.8595372445,293185.1568644355,251087.83775776904
1,All Population,44,Population,6,China,2,Female,32,90-94 years,1,Number,2002,623071.6881961952,670400.9906497933,574231.2394966182
1,All Population,44,Population,6,China,1,Male,32,90-94 years,1,Number,2003,291921.6432854312,316418.69017233467,268155.6581931315
1,All Population,44,Population,6,China,2,Female,32,90-94 years,1,Number,2003,654998.9478631483,709650.7873257793,601845.4288414344
1,All Population,44,Population,6,China,1,Male,32,90-94 years,1,Number,2004,314997.2410821736,342182.3926763159,287615.242208392
1,All Population,44,Population,6,China,2,Female,32,90-94 years,1,Number,2004,695610.3845261382,755310.7647326465,635307.5847821183
1,All Population,44,Population,6,China,1,Male,32,90-94 years,1,Number,2005,341223.18653323874,373452.94976120285,309404.107348062
1,All Population,44,Population,6,China,2,Female,32,90-94 years,1,Number,2005,743635.5301883229,813398.7201390591,674368.2279771762
1,All Population,44,Population,6,China,1,Male,32,90-94 years,1,Number,2006,372850.1776198247,407804.85217264254,337825.02593407774
1,All Population,44,Population,6,China,2,Female,32,90-94 years,1,Number,2006,800445.0305317213,874947.477051965,725491.3696710516
1,All Population,44,Population,6,China,1,Male,32,90-94 years,1,Number,2007,409917.5184947246,445899.3411772637,373328.22119736864
1,All Population,44,Population,6,China,2,Female,32,90-94 years,1,Number,2007,865966.5964195596,941773.602032887,789096.269038554
1,All Population,44,Population,6,China,1,Male,32,90-94 years,1,Number,2008,449423.13521496265,484740.3403249356,414506.29483403236
1,All Population,44,Population,6,China,2,Female,32,90-94 years,1,Number,2008,935326.733908487,1008507.6947361346,862625.0309798039
1,All Population,44,Population,6,China,1,Male,32,90-94 years,1,Number,2009,486937.3553642741,521315.01352558227,451117.79827575607
1,All Population,44,Population,6,China,2,Female,32,90-94 years,1,Number,2009,996051.7641402372,1065694.0576654617,923097.8990031604
1,All Population,44,Population,6,China,1,Male,32,90-94 years,1,Number,2010,538102.5509073152,573333.1400808817,503875.31437715655
1,All Population,44,Population,6,China,2,Female,32,90-94 years,1,Number,2010,1072827.7490437578,1142537.966009707,1005087.004494383
1,All Population,44,Population,6,China,1,Male,32,90-94 years,1,Number,2011,596711.5711009802,642647.6127185926,552962.5968594261
1,All Population,44,Population,6,China,2,Female,32,90-94 years,1,Number,2011,1159567.86062892,1248258.858202,1074546.500675313
1,All Population,44,Population,6,China,1,Male,32,90-94 years,1,Number,2012,661762.3984646803,713660.7011140884,609596.3734926763
1,All Population,44,Population,6,China,2,Female,32,90-94 years,1,Number,2012,1257665.4506468235,1355732.1908093889,1158556.4795605408
1,All Population,44,Population,6,China,1,Male,32,90-94 years,1,Number,2013,729262.3788750865,793318.5160466871,667579.383453905
1,All Population,44,Population,6,China,2,Female,32,90-94 years,1,Number,2013,1363507.150053884,1483030.4510427415,1248224.0276875903
1,All Population,44,Population,6,China,1,Male,32,90-94 years,1,Number,2014,805867.6328317964,877575.43558168,731375.1568902773
1,All Population,44,Population,6,China,2,Female,32,90-94 years,1,Number,2014,1481802.8187432187,1613297.507514163,1345004.6124092063
1,All Population,44,Population,6,China,1,Male,32,90-94 years,1,Number,2015,888021.7359959987,975621.9465441424,803632.9208675866
1,All Population,44,Population,6,China,2,Female,32,90-94 years,1,Number,2015,1601728.8170869276,1758925.2609593044,1450067.6158379638
1,All Population,44,Population,6,China,1,Male,32,90-94 years,1,Number,2016,967319.5563363743,1056277.0222914799,881867.3275324958
1,All Population,44,Population,6,China,2,Female,32,90-94 years,1,Number,2016,1712218.4318757087,1869145.3587370408,1561528.6189855896
1,All Population,44,Population,6,China,1,Male,32,90-94 years,1,Number,2017,1048569.6108021543,1138178.421401139,951392.3404373834
1,All Population,44,Population,6,China,2,Female,32,90-94 years,1,Number,2017,1822925.8889758345,1978344.7891458704,1654135.1951011466
1,All Population,44,Population,6,China,1,Male,32,90-94 years,1,Number,2018,1141953.6432905123,1230208.2603772886,1056345.0633747212
1,All Population,44,Population,6,China,2,Female,32,90-94 years,1,Number,2018,1956488.8400712968,2106787.5758659793,1810635.4363261205
1,All Population,44,Population,6,China,1,Male,32,90-94 years,1,Number,2019,1254457.4450541346,1345935.359594007,1156751.5970772696
1,All Population,44,Population,6,China,2,Female,32,90-94 years,1,Number,2019,2119683.2335565384,2273459.5825852165,1954665.7894237365
1,All Population,44,Population,6,China,1,Male,32,90-94 years,1,Number,2020,1386870.5627411494,1477145.1708731165,1287749.455647672
1,All Population,44,Population,6,China,2,Female,32,90-94 years,1,Number,2020,2314641.931015689,2464942.203267968,2149625.9025241383
1,All Population,44,Population,6,China,1,Male,32,90-94 years,1,Number,2021,1501308.435941837,1613932.304820956,1390132.1185958218
1,All Population,44,Population,6,China,2,Female,32,90-94 years,1,Number,2021,2488119.4853463722,2674474.1846480006,2303935.194007589
1,All Population,44,Population,6,China,1,Male,32,90-94 years,1,Number,2022,1603579.132874262,1727502.499418424,1474541.6365638718
1,All Population,44,Population,6,China,2,Female,32,90-94 years,1,Number,2022,2651399.3228240083,2855981.6092830203,2438090.6605622754
1,All Population,44,Population,6,China,1,Male,32,90-94 years,1,Number,2023,1702415.291695552,1838608.586468036,1550916.0755280405
1,All Population,44,Population,6,China,2,Female,32,90-94 years,1,Number,2023,2826046.0136049944,3051073.5467096576,2574656.40788084
1,All Population,44,Population,6,China,1,Male,235,95+ years,1,Number,1990,15987.981477958643,17168.38624282239,14894.377768766262
1,All Population,44,Population,6,China,2,Female,235,95+ years,1,Number,1990,49491.12965818086,53048.13978408941,46096.54541617328
1,All Population,44,Population,6,China,1,Male,235,95+ years,1,Number,1991,17846.5990368418,19165.148258954745,16366.829787110755
1,All Population,44,Population,6,China,2,Female,235,95+ years,1,Number,1991,55071.14897218899,59055.110884572154,50552.86353204557
1,All Population,44,Population,6,China,1,Male,235,95+ years,1,Number,1992,19685.747213513518,21239.373399390086,18126.52084191473
1,All Population,44,Population,6,China,2,Female,235,95+ years,1,Number,1992,60737.21068499105,65497.64409674913,55958.10361080978
1,All Population,44,Population,6,China,1,Male,235,95+ years,1,Number,1993,20979.983617780937,22798.005376306763,19186.00391331525
1,All Population,44,Population,6,China,2,Female,235,95+ years,1,Number,1993,65675.69663295911,71310.44246792028,60137.18184556327
1,All Population,44,Population,6,China,1,Male,235,95+ years,1,Number,1994,22080.19487633185,24136.382093056516,20070.802288358802
1,All Population,44,Population,6,China,2,Female,235,95+ years,1,Number,1994,70197.95512970249,76601.89386044278,63867.210840777094
1,All Population,44,Population,6,China,1,Male,235,95+ years,1,Number,1995,24006.19551442268,26333.111167869843,21607.81321082384
1,All Population,44,Population,6,China,2,Female,235,95+ years,1,Number,1995,76391.58778882124,83647.47395658614,68868.38960750627
1,All Population,44,Population,6,China,1,Male,235,95+ years,1,Number,1996,27857.757395666813,30610.063185582178,25316.69317013976
1,All Population,44,Population,6,China,2,Female,235,95+ years,1,Number,1996,87048.51638239526,95536.75629740887,79253.13111563718
1,All Population,44,Population,6,China,1,Male,235,95+ years,1,Number,1997,32379.95166807691,35241.17420237423,29303.896544295636
1,All Population,44,Population,6,China,2,Female,235,95+ years,1,Number,1997,99292.64473375441,107852.03809774014,90001.12141969206
1,All Population,44,Population,6,China,1,Male,235,95+ years,1,Number,1998,35901.57784705875,38769.79147370965,32944.48020455155
1,All Population,44,Population,6,China,2,Female,235,95+ years,1,Number,1998,109574.28771072757,118166.07564293325,100731.39541315562
1,All Population,44,Population,6,China,1,Male,235,95+ years,1,Number,1999,39640.46475446617,42494.427726376176,36685.186617772764
1,All Population,44,Population,6,China,2,Female,235,95+ years,1,Number,1999,121073.35205148396,129634.97846528585,112153.3252333667
1,All Population,44,Population,6,China,1,Male,235,95+ years,1,Number,2000,43771.75371634135,46798.39374912631,40738.58159778859
1,All Population,44,Population,6,China,2,Female,235,95+ years,1,Number,2000,132728.74653312992,141705.1631413166,123638.84358994658
1,All Population,44,Population,6,China,1,Male,235,95+ years,1,Number,2001,48107.587994795926,51538.79661962353,44646.761761119466
1,All Population,44,Population,6,China,2,Female,235,95+ years,1,Number,2001,143738.17119519235,153818.1483276833,133506.55482159252
1,All Population,44,Population,6,China,1,Male,235,95+ years,1,Number,2002,52279.78865323301,56254.563912167,48182.509583422434
1,All Population,44,Population,6,China,2,Female,235,95+ years,1,Number,2002,153813.842105822,165325.30917990126,141863.71358097525
1,All Population,44,Population,6,China,1,Male,235,95+ years,1,Number,2003,55878.515199984715,60554.325298703836,51336.40682089719
1,All Population,44,Population,6,China,2,Female,235,95+ years,1,Number,2003,162886.11131621528,176285.83228536494,149785.51045467806
1,All Population,44,Population,6,China,1,Male,235,95+ years,1,Number,2004,59255.29198703228,64346.54961387074,54115.95129235126
1,All Population,44,Population,6,China,2,Female,235,95+ years,1,Number,2004,170755.60421884677,185243.936897635,156033.68944508542
1,All Population,44,Population,6,China,1,Male,235,95+ years,1,Number,2005,63301.87599888703,69254.2618619974,57405.30677883104
1,All Population,44,Population,6,China,2,Female,235,95+ years,1,Number,2005,179576.29153564738,196214.09109217994,162988.1827902723
1,All Population,44,Population,6,China,1,Male,235,95+ years,1,Number,2006,69291.81724538888,75750.2939623289,62803.396807247096
1,All Population,44,Population,6,China,2,Female,235,95+ years,1,Number,2006,191918.5797733979,209586.47172386473,174027.56516354537
1,All Population,44,Population,6,China,1,Male,235,95+ years,1,Number,2007,76473.93883061236,83163.19012474404,69690.4605160259
1,All Population,44,Population,6,China,2,Female,235,95+ years,1,Number,2007,207299.97869725607,225360.32848826228,189018.90104122763
1,All Population,44,Population,6,China,1,Male,235,95+ years,1,Number,2008,83509.01435259017,90050.70422124595,77020.12383246899
1,All Population,44,Population,6,China,2,Female,235,95+ years,1,Number,2008,223712.7489817499,241007.78411886515,206492.0231638853
1,All Population,44,Population,6,China,1,Male,235,95+ years,1,Number,2009,91623.96301768653,98037.81339609789,84909.35678781768
1,All Population,44,Population,6,China,2,Female,235,95+ years,1,Number,2009,242446.212974652,259171.91303727022,224793.38217611503
1,All Population,44,Population,6,China,1,Male,235,95+ years,1,Number,2010,101559.91611699059,108155.32417477647,95152.17824486538
1,All Population,44,Population,6,China,2,Female,235,95+ years,1,Number,2010,264791.5341721057,281765.79840956867,248175.02248405365
1,All Population,44,Population,6,China,1,Male,235,95+ years,1,Number,2011,113427.85440589815,122090.5563384082,105110.97604723816
1,All Population,44,Population,6,China,2,Female,235,95+ years,1,Number,2011,290683.0285579477,312599.83490313584,269580.7462646806
1,All Population,44,Population,6,China,1,Male,235,95+ years,1,Number,2012,127021.7100480962,136906.20253807036,117011.9987494619
1,All Population,44,Population,6,China,2,Female,235,95+ years,1,Number,2012,319292.73837337905,343805.57615210535,294146.65613105166
1,All Population,44,Population,6,China,1,Male,235,95+ years,1,Number,2013,141431.84290537777,153816.40699571115,129486.60386768314
1,All Population,44,Population,6,China,2,Female,235,95+ years,1,Number,2013,347618.6553701523,377935.4167627649,318427.57995579124
1,All Population,44,Population,6,China,1,Male,235,95+ years,1,Number,2014,155914.6330833101,169739.1324303496,141522.2016683163
1,All Population,44,Population,6,China,2,Female,235,95+ years,1,Number,2014,375423.61786509736,408444.212529876,340906.0478817046
1,All Population,44,Population,6,China,1,Male,235,95+ years,1,Number,2015,174462.91496182824,191532.90047879002,157975.81971169534
1,All Population,44,Population,6,China,2,Female,235,95+ years,1,Number,2015,406998.42305259866,446381.1490848184,368802.4567600019
1,All Population,44,Population,6,China,1,Male,235,95+ years,1,Number,2016,195921.22504709475,213861.79435197666,178705.9806299804
1,All Population,44,Population,6,China,2,Female,235,95+ years,1,Number,2016,441948.4010988618,482020.8300770499,403243.3502775129
1,All Population,44,Population,6,China,1,Male,235,95+ years,1,Number,2017,219568.8257652902,238273.46662896237,199268.76253075796
1,All Population,44,Population,6,China,2,Female,235,95+ years,1,Number,2017,478860.31906713534,519488.78975529433,434976.3461290663
1,All Population,44,Population,6,China,1,Male,235,95+ years,1,Number,2018,245027.04491776577,263795.4786517612,226781.72998116747
1,All Population,44,Population,6,China,2,Female,235,95+ years,1,Number,2018,520733.7224462656,560156.2151603968,482052.7812926452
1,All Population,44,Population,6,China,1,Male,235,95+ years,1,Number,2019,275177.9732140865,295133.6755253455,253751.7836978402
1,All Population,44,Population,6,China,2,Female,235,95+ years,1,Number,2019,570190.0018680498,611132.2180500667,525806.7995951568
1,All Population,44,Population,6,China,1,Male,235,95+ years,1,Number,2020,310693.3709293287,330856.16937846696,288543.12902662397
1,All Population,44,Population,6,China,2,Female,235,95+ years,1,Number,2020,629042.7915714495,669472.5075767798,584466.4867332999
1,All Population,44,Population,6,China,1,Male,235,95+ years,1,Number,2021,346335.8279435403,372274.0916995376,320689.5635724117
1,All Population,44,Population,6,China,2,Female,235,95+ years,1,Number,2021,687934.0338941858,739212.0451978048,637153.2369394124
1,All Population,44,Population,6,China,1,Male,235,95+ years,1,Number,2022,383573.8274542064,413183.7285227234,352710.1325040521
1,All Population,44,Population,6,China,2,Female,235,95+ years,1,Number,2022,749076.793625368,806353.693300821,689197.1798731621
1,All Population,44,Population,6,China,1,Male,235,95+ years,1,Number,2023,423704.33358751726,457537.05500402267,386002.28348212317
1,All Population,44,Population,6,China,2,Female,235,95+ years,1,Number,2023,817888.0316857118,882423.4186498948,745174.133493622
1,All Population,44,Population,102,United States of America,1,Male,1,<5 years,1,Number,1990,10109316.80415038,10814724.916096035,9396250.523625042
1,All Population,44,Population,102,United States of America,2,Female,1,<5 years,1,Number,1990,9640840.251823543,10313558.997448023,8960818.225341553
1,All Population,44,Population,102,United States of America,1,Male,1,<5 years,1,Number,1991,10275966.651947819,11071661.954303246,9522502.277559033
1,All Population,44,Population,102,United States of America,2,Female,1,<5 years,1,Number,1991,9804770.28333203,10563979.603424806,9085855.425219268
1,All Population,44,Population,102,United States of America,1,Male,1,<5 years,1,Number,1992,10393500.255868556,11193452.768785505,9545922.766915485
1,All Population,44,Population,102,United States of America,2,Female,1,<5 years,1,Number,1992,9917296.118473012,10680596.811791848,9108552.506180007
1,All Population,44,Population,102,United States of America,1,Male,1,<5 years,1,Number,1993,10434550.70845187,11300937.143952254,9495116.312625382
1,All Population,44,Population,102,United States of America,2,Female,1,<5 years,1,Number,1993,9954803.300520778,10781356.047124397,9058561.106151897
1,All Population,44,Population,102,United States of America,1,Male,1,<5 years,1,Number,1994,10392655.850116292,11351697.923801793,9465980.589575637
1,All Population,44,Population,102,United States of America,2,Female,1,<5 years,1,Number,1994,9914668.389819812,10829601.422300676,9030613.529751712
1,All Population,44,Population,102,United States of America,1,Male,1,<5 years,1,Number,1995,10284823.764359025,11313260.653122552,9189165.631406382
1,All Population,44,Population,102,United States of America,2,Female,1,<5 years,1,Number,1995,9809643.492872825,10790564.456112904,8764607.04688352
1,All Population,44,Population,102,United States of America,1,Male,1,<5 years,1,Number,1996,10162106.116833437,11148678.993524037,9201214.227550048
1,All Population,44,Population,102,United States of America,2,Female,1,<5 years,1,Number,1996,9689615.403089607,10630317.22536407,8773400.521640856
1,All Population,44,Population,102,United States of America,1,Male,1,<5 years,1,Number,1997,10058685.211166799,10910093.596811103,9219895.102644082
1,All Population,44,Population,102,United States of America,2,Female,1,<5 years,1,Number,1997,9592118.416773558,10404034.674682459,8792235.14387462
1,All Population,44,Population,102,United States of America,1,Male,1,<5 years,1,Number,1998,9994462.834933735,10794206.71499455,9192781.821043082
1,All Population,44,Population,102,United States of America,2,Female,1,<5 years,1,Number,1998,9535647.64969165,10298677.737071807,8770769.35636419
1,All Population,44,Population,102,United States of America,1,Male,1,<5 years,1,Number,1999,9975970.362001577,10702396.868057191,9253720.019319594
1,All Population,44,Population,102,United States of America,2,Female,1,<5 years,1,Number,1999,9521423.772193246,10214751.273431072,8832082.151003104
1,All Population,44,Population,102,United States of America,1,Male,1,<5 years,1,Number,2000,9993093.331070624,10693436.251795027,9286303.570338571
1,All Population,44,Population,102,United States of America,2,Female,1,<5 years,1,Number,2000,9543313.406473342,10212134.537533648,8868335.601734914
1,All Population,44,Population,102,United States of America,1,Male,1,<5 years,1,Number,2001,10073434.734290132,10830084.987793703,9367354.725192223
1,All Population,44,Population,102,United States of America,2,Female,1,<5 years,1,Number,2001,9624738.747971475,10347685.906081146,8950109.3090573
1,All Population,44,Population,102,United States of America,1,Male,1,<5 years,1,Number,2002,10148385.96850119,11048442.504876176,9338776.368161062
1,All Population,44,Population,102,United States of America,2,Female,1,<5 years,1,Number,2002,9697785.87325997,10557878.856586048,8924123.87721414
1,All Population,44,Population,102,United States of America,1,Male,1,<5 years,1,Number,2003,10205852.545803089,11136213.320447724,9321643.248977449
1,All Population,44,Population,102,United States of America,2,Female,1,<5 years,1,Number,2003,9754696.640126083,10643930.25209544,8909574.351889592
1,All Population,44,Population,102,United States of America,1,Male,1,<5 years,1,Number,2004,10262871.57833935,11188557.474034717,9303498.865447186
1,All Population,44,Population,102,United States of America,2,Female,1,<5 years,1,Number,2004,9811670.5953071,10696659.26674816,8894476.12734834
1,All Population,44,Population,102,United States of America,1,Male,1,<5 years,1,Number,2005,10317343.273277465,11411979.687966365,9309412.7660976
1,All Population,44,Population,102,United States of America,2,Female,1,<5 years,1,Number,2005,9864384.006276974,10910962.922548255,8900704.373728964
1,All Population,44,Population,102,United States of America,1,Male,1,<5 years,1,Number,2006,10403100.837091174,11434367.72233386,9397841.468928937
1,All Population,44,Population,102,United States of America,2,Female,1,<5 years,1,Number,2006,9944511.52935851,10930318.125943327,8983565.986944616
1,All Population,44,Population,102,United States of America,1,Male,1,<5 years,1,Number,2007,10500825.739221996,11406697.743476637,9594275.666193955
1,All Population,44,Population,102,United States of America,2,Female,1,<5 years,1,Number,2007,10037964.315216647,10903906.773331907,9171373.676632568
1,All Population,44,Population,102,United States of America,1,Male,1,<5 years,1,Number,2008,10566876.285323625,11384997.277188297,9719469.327312704
1,All Population,44,Population,102,United States of America,2,Female,1,<5 years,1,Number,2008,10101036.067223655,10883090.235649524,9290987.003019772
1,All Population,44,Population,102,United States of America,1,Male,1,<5 years,1,Number,2009,10564474.54632317,11390237.658621112,9722178.883879265
1,All Population,44,Population,102,United States of America,2,Female,1,<5 years,1,Number,2009,10097455.696584042,10886714.68014644,9292395.00968861
1,All Population,44,Population,102,United States of America,1,Male,1,<5 years,1,Number,2010,10505160.763363099,11237279.005864752,9773030.392159907
1,All Population,44,Population,102,United States of America,2,Female,1,<5 years,1,Number,2010,10039366.591735635,10739023.03589064,9339698.556660341
1,All Population,44,Population,102,United States of America,1,Male,1,<5 years,1,Number,2011,10398273.987740882,11169835.082595361,9653984.146873523
1,All Population,44,Population,102,United States of America,2,Female,1,<5 years,1,Number,2011,9936275.349256989,10673555.737933677,9225054.544031844
1,All Population,44,Population,102,United States of America,1,Male,1,<5 years,1,Number,2012,10269040.860420948,11135213.26870718,9412913.099487912
1,All Population,44,Population,102,United States of America,2,Female,1,<5 years,1,Number,2012,9811950.231971404,10639567.988870949,8993930.01989293
1,All Population,44,Population,102,United States of America,1,Male,1,<5 years,1,Number,2013,10160139.654620998,11087586.451256275,9263097.930874659
1,All Population,44,Population,102,United States of America,2,Female,1,<5 years,1,Number,2013,9706044.242736189,10592039.902926918,8849094.736702349
1,All Population,44,Population,102,United States of America,1,Male,1,<5 years,1,Number,2014,10117567.957103077,11087288.399186777,9109702.260164212
1,All Population,44,Population,102,United States of America,2,Female,1,<5 years,1,Number,2014,9663640.873533253,10589854.578225179,8700993.309883064
1,All Population,44,Population,102,United States of America,1,Male,1,<5 years,1,Number,2015,10129446.298406001,11106861.989264568,9097021.631617941
1,All Population,44,Population,102,United States of America,2,Female,1,<5 years,1,Number,2015,9675672.674083734,10609302.609290473,8689498.026209528
1,All Population,44,Population,102,United States of America,1,Male,1,<5 years,1,Number,2016,10148827.785350844,11060559.647708748,9237539.932725372
1,All Population,44,Population,102,United States of America,2,Female,1,<5 years,1,Number,2016,9696573.609180149,10567676.686517736,8825894.755520884
1,All Population,44,Population,102,United States of America,1,Male,1,<5 years,1,Number,2017,10136037.62107877,11052117.430662433,9252623.302160233
1,All Population,44,Population,102,United States of America,2,Female,1,<5 years,1,Number,2017,9685973.432363704,10561377.118622692,8841784.81125794
1,All Population,44,Population,102,United States of America,1,Male,1,<5 years,1,Number,2018,10071156.609268038,10962696.590316566,9262622.391461803
1,All Population,44,Population,102,United States of America,2,Female,1,<5 years,1,Number,2018,9626588.046974804,10478773.000296237,8853744.754125908
1,All Population,44,Population,102,United States of America,1,Male,1,<5 years,1,Number,2019,9947338.757767197,10709159.893866288,9173098.880509842
1,All Population,44,Population,102,United States of America,2,Female,1,<5 years,1,Number,2019,9511610.103194004,10240060.77642445,8771284.673634619
1,All Population,44,Population,102,United States of America,1,Male,1,<5 years,1,Number,2020,9785162.845431004,10476080.128118668,9076245.786292424
1,All Population,44,Population,102,United States of America,2,Female,1,<5 years,1,Number,2020,9357938.154967105,10018689.672721159,8679972.739244094
1,All Population,44,Population,102,United States of America,1,Male,1,<5 years,1,Number,2021,9628694.050833138,10336040.852791434,8918121.569678046
1,All Population,44,Population,102,United States of America,2,Female,1,<5 years,1,Number,2021,9210149.704093045,9886749.24130481,8530464.702939544
1,All Population,44,Population,102,United States of America,1,Male,1,<5 years,1,Number,2022,9535182.829538418,10352354.299795305,8763912.740461659
1,All Population,44,Population,102,United States of America,2,Female,1,<5 years,1,Number,2022,9122374.759325339,9904168.305141708,8384495.379454337
1,All Population,44,Population,102,United States of America,1,Male,1,<5 years,1,Number,2023,9468452.22792156,10236800.522833869,8632400.510108834
1,All Population,44,Population,102,United States of America,2,Female,1,<5 years,1,Number,2023,9059595.402899247,9794765.683410974,8259645.198055171
1,All Population,44,Population,102,United States of America,1,Male,6,5-9 years,1,Number,1990,9506043.619177004,10169356.522648752,8835529.54811186
1,All Population,44,Population,102,United States of America,2,Female,6,5-9 years,1,Number,1990,9053458.264282813,9685190.657728491,8414867.552816227
1,All Population,44,Population,102,United States of America,1,Male,6,5-9 years,1,Number,1991,9593964.901455987,10336851.002745967,8890506.919620935
1,All Population,44,Population,102,United States of America,2,Female,6,5-9 years,1,Number,1991,9133152.122570962,9840356.270440564,8463482.30139398
1,All Population,44,Population,102,United States of America,1,Male,6,5-9 years,1,Number,1992,9711458.17007986,10458916.213664044,8919500.395775538
1,All Population,44,Population,102,United States of America,2,Female,6,5-9 years,1,Number,1992,9242425.115017517,9953783.272923013,8488716.424203739
1,All Population,44,Population,102,United States of America,1,Male,6,5-9 years,1,Number,1993,9857811.299008384,10676310.746834671,8970301.404178474
1,All Population,44,Population,102,United States of America,2,Female,6,5-9 years,1,Number,1993,9383397.081239387,10162505.657856373,8538599.234727984
1,All Population,44,Population,102,United States of America,1,Male,6,5-9 years,1,Number,1994,10055727.197012512,10983677.241979184,9159094.637000142
1,All Population,44,Population,102,United States of America,2,Female,6,5-9 years,1,Number,1994,9573163.85068502,10456582.588253368,8719559.706232123
1,All Population,44,Population,102,United States of America,1,Male,6,5-9 years,1,Number,1995,10258505.537931526,11284310.720452437,9165651.126218142
1,All Population,44,Population,102,United States of America,2,Female,6,5-9 years,1,Number,1995,9770407.988030475,10747405.574316934,8729551.36086607
1,All Population,44,Population,102,United States of America,1,Male,6,5-9 years,1,Number,1996,10431393.883800276,11444110.160673836,9445039.120169114
1,All Population,44,Population,102,United States of America,2,Female,6,5-9 years,1,Number,1996,9940988.593223859,10906094.605777623,9001004.77482382
1,All Population,44,Population,102,United States of America,1,Male,6,5-9 years,1,Number,1997,10565957.780305944,11460303.797470212,9684866.396379314
1,All Population,44,Population,102,United States of America,2,Female,6,5-9 years,1,Number,1997,10070105.562602168,10922480.613648057,9230363.115118766
1,All Population,44,Population,102,United States of America,1,Male,6,5-9 years,1,Number,1998,10628122.665706713,11478571.178929979,9775614.202258661
1,All Population,44,Population,102,United States of America,2,Female,6,5-9 years,1,Number,1998,10125862.249475138,10936120.539300505,9313641.35789281
1,All Population,44,Population,102,United States of America,1,Male,6,5-9 years,1,Number,1999,10608275.709684737,11380745.191792818,9840247.088051232
1,All Population,44,Population,102,United States of America,2,Female,6,5-9 years,1,Number,1999,10105149.386010736,10840982.40227653,9373546.610335032
1,All Population,44,Population,102,United States of America,1,Male,6,5-9 years,1,Number,2000,10510464.212656064,11247065.879526738,9767081.93452316
1,All Population,44,Population,102,United States of America,2,Female,6,5-9 years,1,Number,2000,10008926.720047446,10710379.287356105,9301017.098143704
1,All Population,44,Population,102,United States of America,1,Male,6,5-9 years,1,Number,2001,10410915.379165506,11192914.962091768,9681180.24715378
1,All Population,44,Population,102,United States of America,2,Female,6,5-9 years,1,Number,2001,9909754.164060254,10654109.808205163,9215147.061827336
1,All Population,44,Population,102,United States of America,1,Male,6,5-9 years,1,Number,2002,10317831.714454833,11232916.330337232,9494704.210569585
1,All Population,44,Population,102,United States of America,2,Female,6,5-9 years,1,Number,2002,9824352.438119661,10695670.562501868,9040593.318618875
1,All Population,44,Population,102,United States of America,1,Male,6,5-9 years,1,Number,2003,10253420.906293819,11188117.990572179,9365090.406815888
1,All Population,44,Population,102,United States of America,2,Female,6,5-9 years,1,Number,2003,9772867.750541668,10663757.832491022,8926171.163177202
1,All Population,44,Population,102,United States of America,1,Male,6,5-9 years,1,Number,2004,10245566.659358729,11169691.6937197,9287811.609412272
1,All Population,44,Population,102,United States of America,2,Female,6,5-9 years,1,Number,2004,9773934.810370326,10655519.806376854,8860267.88166718
1,All Population,44,Population,102,United States of America,1,Male,6,5-9 years,1,Number,2005,10279352.177533893,11369957.86108074,9275133.12817673
1,All Population,44,Population,102,United States of America,2,Female,6,5-9 years,1,Number,2005,9816171.286201695,10857634.990383223,8857201.690928869
1,All Population,44,Population,102,United States of America,1,Male,6,5-9 years,1,Number,2006,10333158.78192424,11357492.260819245,9334657.966551803
1,All Population,44,Population,102,United States of America,2,Female,6,5-9 years,1,Number,2006,9877360.987448078,10856510.902406644,8922904.251822632
1,All Population,44,Population,102,United States of America,1,Male,6,5-9 years,1,Number,2007,10379158.822709443,11274535.018705783,9483112.414325371
1,All Population,44,Population,102,United States of America,2,Female,6,5-9 years,1,Number,2007,9926424.859953403,10782745.17287722,9069463.568986883
1,All Population,44,Population,102,United States of America,1,Male,6,5-9 years,1,Number,2008,10421215.058250932,11228058.497095088,9585489.351538962
1,All Population,44,Population,102,United States of America,2,Female,6,5-9 years,1,Number,2008,9971661.145517783,10743698.698208744,9171987.258034568
1,All Population,44,Population,102,United States of America,1,Male,6,5-9 years,1,Number,2009,10453657.765074963,11270758.978498794,9620197.420825263
1,All Population,44,Population,102,United States of America,2,Female,6,5-9 years,1,Number,2009,10007575.346444288,10789808.909353683,9209680.73569677
1,All Population,44,Population,102,United States of America,1,Male,6,5-9 years,1,Number,2010,10479660.29763556,11210001.379694652,9749307.11631642
1,All Population,44,Population,102,United States of America,2,Female,6,5-9 years,1,Number,2010,10034561.623904165,10733883.20363555,9335228.458800051
1,All Population,44,Population,102,United States of America,1,Male,6,5-9 years,1,Number,2011,10541542.089190105,11323733.803447595,9786997.374047004
1,All Population,44,Population,102,United States of America,2,Female,6,5-9 years,1,Number,2011,10090707.050980847,10839446.40804044,9368432.300953282
1,All Population,44,Population,102,United States of America,1,Male,6,5-9 years,1,Number,2012,10646708.931690123,11544736.862538826,9759095.06366818
1,All Population,44,Population,102,United States of America,2,Female,6,5-9 years,1,Number,2012,10186965.974053252,11046215.53502091,9337680.779008297
1,All Population,44,Population,102,United States of America,1,Male,6,5-9 years,1,Number,2013,10736357.16792017,11716402.75798162,9788441.030144725
1,All Population,44,Population,102,United States of America,2,Female,6,5-9 years,1,Number,2013,10266923.748115273,11204118.104214247,9360454.025290867
1,All Population,44,Population,102,United States of America,1,Male,6,5-9 years,1,Number,2014,10768777.83484424,11800913.62547908,9696041.597863952
1,All Population,44,Population,102,United States of America,2,Female,6,5-9 years,1,Number,2014,10290999.301565368,11277342.30756326,9265857.169854961
1,All Population,44,Population,102,United States of America,1,Male,6,5-9 years,1,Number,2015,10751136.838435054,11788541.00949104,9655347.538504533
1,All Population,44,Population,102,United States of America,2,Female,6,5-9 years,1,Number,2015,10267648.610919137,11258399.789699145,9221137.934664976
1,All Population,44,Population,102,United States of America,1,Male,6,5-9 years,1,Number,2016,10677804.707691312,11637057.83307094,9719018.734707166
1,All Population,44,Population,102,United States of America,2,Female,6,5-9 years,1,Number,2016,10192081.482916191,11107699.091989795,9276909.77591797
1,All Population,44,Population,102,United States of America,1,Male,6,5-9 years,1,Number,2017,10565594.660093237,11520497.187707003,9644741.960098797
1,All Population,44,Population,102,United States of America,2,Female,6,5-9 years,1,Number,2017,10082480.150981298,10993719.517105412,9203733.675428964
1,All Population,44,Population,102,United States of America,1,Male,6,5-9 years,1,Number,2018,10459280.839298222,11385179.164885566,9619587.169513023
1,All Population,44,Population,102,United States of America,2,Female,6,5-9 years,1,Number,2018,9979432.108598923,10862852.261631576,9178261.731936207
1,All Population,44,Population,102,United States of America,1,Male,6,5-9 years,1,Number,2019,10411494.02041319,11208862.683154946,9601127.14252476
1,All Population,44,Population,102,United States of America,2,Female,6,5-9 years,1,Number,2019,9932303.006020524,10692972.622727675,9159233.419518346
1,All Population,44,Population,102,United States of America,1,Male,6,5-9 years,1,Number,2020,10408539.957046159,11143473.065208608,9654460.372185603
1,All Population,44,Population,102,United States of America,2,Female,6,5-9 years,1,Number,2020,9932181.932557285,10633480.036676854,9212613.610835839
1,All Population,44,Population,102,United States of America,1,Male,6,5-9 years,1,Number,2021,10405380.84164307,11169784.905437943,9637490.903197035
1,All Population,44,Population,102,United States of America,2,Female,6,5-9 years,1,Number,2021,9934399.826312602,10664204.502774334,9201267.057101924
1,All Population,44,Population,102,United States of America,1,Male,6,5-9 years,1,Number,2022,10390809.112125855,11281308.320280584,9550330.181332571
1,All Population,44,Population,102,United States of America,2,Female,6,5-9 years,1,Number,2022,9922359.202568976,10772711.94387795,9119771.669343099
1,All Population,44,Population,102,United States of America,1,Male,6,5-9 years,1,Number,2023,10335694.932773435,11174418.452432938,9423066.839466747
1,All Population,44,Population,102,United States of America,2,Female,6,5-9 years,1,Number,2023,9871665.755854199,10672734.121504044,9000010.820687814
1,All Population,44,Population,102,United States of America,1,Male,7,10-14 years,1,Number,1990,9027043.781580169,9656933.024718832,8390316.230334759
1,All Population,44,Population,102,United States of America,2,Female,7,10-14 years,1,Number,1990,8585544.576935284,9184626.879663672,7979958.417517834
1,All Population,44,Population,102,United States of America,1,Male,7,10-14 years,1,Number,1991,9277818.003615709,9996224.013641665,8597540.850666575
1,All Population,44,Population,102,United States of America,2,Female,7,10-14 years,1,Number,1991,8819658.507943947,9502588.015293004,8172974.969052635
1,All Population,44,Population,102,United States of America,1,Male,7,10-14 years,1,Number,1992,9483546.385699255,10213462.831154767,8710174.544252254
1,All Population,44,Population,102,United States of America,2,Female,7,10-14 years,1,Number,1992,9009445.319267452,9702871.811374038,8274735.851564017
1,All Population,44,Population,102,United States of America,1,Male,7,10-14 years,1,Number,1993,9656691.174944505,10458491.509194784,8787288.352236588
1,All Population,44,Population,102,United States of America,2,Female,7,10-14 years,1,Number,1993,9167576.482856607,9928765.357498404,8342209.208788005
1,All Population,44,Population,102,United States of America,1,Male,7,10-14 years,1,Number,1994,9783809.776017899,10686667.077506592,8911423.101809867
1,All Population,44,Population,102,United States of America,2,Female,7,10-14 years,1,Number,1994,9284723.992681583,10141525.28389717,8456838.979548005
1,All Population,44,Population,102,United States of America,1,Male,7,10-14 years,1,Number,1995,9865779.404382346,10852313.710495718,8814762.713188525
1,All Population,44,Population,102,United States of America,2,Female,7,10-14 years,1,Number,1995,9361961.319707189,10298116.04563741,8364617.145870048
1,All Population,44,Population,102,United States of America,1,Male,7,10-14 years,1,Number,1996,9958172.084465012,10924946.330571001,9016563.457469849
1,All Population,44,Population,102,United States of America,2,Female,7,10-14 years,1,Number,1996,9445343.408650208,10362330.449610805,8552226.000848882
1,All Population,44,Population,102,United States of America,1,Male,7,10-14 years,1,Number,1997,10066794.295382254,10918889.067184983,9227327.973270355
1,All Population,44,Population,102,United States of America,2,Female,7,10-14 years,1,Number,1997,9548551.247483466,10356779.801433682,8752301.025017034
1,All Population,44,Population,102,United States of America,1,Male,7,10-14 years,1,Number,1998,10198377.979886854,11014438.883875955,9380340.419090819
1,All Population,44,Population,102,United States of America,2,Female,7,10-14 years,1,Number,1998,9681141.837968083,10455814.180522952,8904593.089679807
1,All Population,44,Population,102,United States of America,1,Male,7,10-14 years,1,Number,1999,10386601.912086371,11142929.633901456,9634622.253157172
1,All Population,44,Population,102,United States of America,2,Female,7,10-14 years,1,Number,1999,9867092.330200471,10585590.596159384,9152724.64884619
1,All Population,44,Population,102,United States of America,1,Male,7,10-14 years,1,Number,2000,10587343.409075374,11329332.977287453,9838523.632558111
1,All Population,44,Population,102,United States of America,2,Female,7,10-14 years,1,Number,2000,10067172.204569448,10772706.77245568,9355143.00620373
1,All Population,44,Population,102,United States of America,1,Male,7,10-14 years,1,Number,2001,10779121.520714443,11588778.330564128,10023577.615167925
1,All Population,44,Population,102,United States of America,2,Female,7,10-14 years,1,Number,2001,10256131.021993984,11026504.220654953,9537245.232158253
1,All Population,44,Population,102,United States of America,1,Male,7,10-14 years,1,Number,2002,10939499.215032013,11909719.287831705,10066776.831897106
1,All Population,44,Population,102,United States of America,2,Female,7,10-14 years,1,Number,2002,10410852.899034347,11334187.528806837,9580304.427489381
1,All Population,44,Population,102,United States of America,1,Male,7,10-14 years,1,Number,2003,11021392.10838866,12026097.090515744,10066526.522935392
1,All Population,44,Population,102,United States of America,2,Female,7,10-14 years,1,Number,2003,10485323.923186958,11441161.178702442,9576901.931834284
1,All Population,44,Population,102,United States of America,1,Male,7,10-14 years,1,Number,2004,11024818.397918582,12019230.03170494,9994218.935105653
1,All Population,44,Population,102,United States of America,2,Female,7,10-14 years,1,Number,2004,10485128.260194285,11430861.164570086,9504979.00399239
1,All Population,44,Population,102,United States of America,1,Male,7,10-14 years,1,Number,2005,10941325.471964672,12102164.35939379,9872436.37522009
1,All Population,44,Population,102,United States of America,2,Female,7,10-14 years,1,Number,2005,10400237.276166417,11503668.47374837,9384208.618894907
1,All Population,44,Population,102,United States of America,1,Male,7,10-14 years,1,Number,2006,10830933.183314908,11904611.397449374,9784332.057461465
1,All Population,44,Population,102,United States of America,2,Female,7,10-14 years,1,Number,2006,10291533.007422198,11311740.093284128,9297054.521586929
1,All Population,44,Population,102,United States of America,1,Male,7,10-14 years,1,Number,2007,10722766.071248498,11647784.14443054,9797055.597962122
1,All Population,44,Population,102,United States of America,2,Female,7,10-14 years,1,Number,2007,10195123.994434882,11074624.105742088,9314965.554402562
1,All Population,44,Population,102,United States of America,1,Male,7,10-14 years,1,Number,2008,10650787.624011736,11475405.297183402,9796651.42546271
1,All Population,44,Population,102,United States of America,2,Female,7,10-14 years,1,Number,2008,10140852.536657639,10925989.4221123,9327610.404575348
1,All Population,44,Population,102,United States of America,1,Male,7,10-14 years,1,Number,2009,10624950.142661557,11455440.278194917,9777832.817554148
1,All Population,44,Population,102,United States of America,2,Female,7,10-14 years,1,Number,2009,10129194.95144867,10920934.806706492,9321603.723485203
1,All Population,44,Population,102,United States of America,1,Male,7,10-14 years,1,Number,2010,10647061.222141692,11389068.691170318,9905041.460580783
1,All Population,44,Population,102,United States of America,2,Female,7,10-14 years,1,Number,2010,10162737.494910438,10870991.816893566,9454471.43956952
1,All Population,44,Population,102,United States of America,1,Male,7,10-14 years,1,Number,2011,10688845.377207702,11481967.125268158,9923756.956356604
1,All Population,44,Population,102,United States of America,2,Female,7,10-14 years,1,Number,2011,10213808.68681897,10971682.293758651,9482722.542029498
1,All Population,44,Population,102,United States of America,1,Male,7,10-14 years,1,Number,2012,10726140.161504228,11630867.952695915,9831904.128680991
1,All Population,44,Population,102,United States of America,2,Female,7,10-14 years,1,Number,2012,10253947.391012616,11118846.696296874,9399077.96942645
1,All Population,44,Population,102,United States of America,1,Male,7,10-14 years,1,Number,2013,10761306.213924242,11743629.22472814,9811187.317525972
1,All Population,44,Population,102,United States of America,2,Female,7,10-14 years,1,Number,2013,10292028.38209944,11231514.361459587,9383342.163743606
1,All Population,44,Population,102,United States of America,1,Male,7,10-14 years,1,Number,2014,10797823.892983707,11832743.609208098,9722194.220965061
1,All Population,44,Population,102,United States of America,2,Female,7,10-14 years,1,Number,2014,10330077.880426874,11320166.38108616,9301042.9199965
1,All Population,44,Population,102,United States of America,1,Male,7,10-14 years,1,Number,2015,10829514.852977276,11874481.915328113,9725737.02206851
1,All Population,44,Population,102,United States of America,2,Female,7,10-14 years,1,Number,2015,10359838.056300554,11359484.825993711,9303931.14508691
1,All Population,44,Population,102,United States of America,1,Male,7,10-14 years,1,Number,2016,10899186.19896898,11878327.390596565,9920521.845144767
1,All Population,44,Population,102,United States of America,2,Female,7,10-14 years,1,Number,2016,10420203.87626401,11356315.12843921,9484548.50648556
1,All Population,44,Population,102,United States of America,1,Male,7,10-14 years,1,Number,2017,11015414.782489665,12010971.375081927,10055357.65647412
1,All Population,44,Population,102,United States of America,2,Female,7,10-14 years,1,Number,2017,10522638.33671257,11473658.53653573,9605529.52881692
1,All Population,44,Population,102,United States of America,1,Male,7,10-14 years,1,Number,2018,11112211.269745132,12095909.667972688,10220098.933927327
1,All Population,44,Population,102,United States of America,2,Female,7,10-14 years,1,Number,2018,10605228.122924607,11544046.29908389,9753817.489796868
1,All Population,44,Population,102,United States of America,1,Male,7,10-14 years,1,Number,2019,11136781.90002368,11989697.041064704,10269963.059197184
1,All Population,44,Population,102,United States of America,2,Female,7,10-14 years,1,Number,2019,10619466.319021197,11432762.628006928,9792912.152163496
1,All Population,44,Population,102,United States of America,1,Male,7,10-14 years,1,Number,2020,11101637.561335223,11885509.365864523,10297344.3292324
1,All Population,44,Population,102,United States of America,2,Female,7,10-14 years,1,Number,2020,10578681.000346417,11325627.540392172,9812275.00968552
1,All Population,44,Population,102,United States of America,1,Male,7,10-14 years,1,Number,2021,11002065.39551311,11810303.3280268,10190141.694889983
1,All Population,44,Population,102,United States of America,2,Female,7,10-14 years,1,Number,2021,10478037.010310914,11247778.569333946,9704785.236316985
1,All Population,44,Population,102,United States of America,1,Male,7,10-14 years,1,Number,2022,10880163.03403149,11812600.196705643,10000101.847744476
1,All Population,44,Population,102,United States of America,2,Female,7,10-14 years,1,Number,2022,10358325.754573213,11246041.117517553,9520474.297476137
1,All Population,44,Population,102,United States of America,1,Male,7,10-14 years,1,Number,2023,10772793.968548024,11646987.308486583,9821570.61268765
1,All Population,44,Population,102,United States of America,2,Female,7,10-14 years,1,Number,2023,10253410.615577683,11085456.907186236,9348048.117859859
1,All Population,44,Population,102,United States of America,1,Male,8,15-19 years,1,Number,1990,9320231.166150352,9970578.444525484,8662823.47975213
1,All Population,44,Population,102,United States of America,2,Female,8,15-19 years,1,Number,1990,8841756.767729817,9458717.049877308,8218098.53900694
1,All Population,44,Population,102,United States of America,1,Male,8,15-19 years,1,Number,1991,9077968.713091968,9780899.863473583,8412345.103284488
1,All Population,44,Population,102,United States of America,2,Female,8,15-19 years,1,Number,1991,8600194.695424458,9266130.538763747,7969602.8946441915
1,All Population,44,Population,102,United States of America,1,Male,8,15-19 years,1,Number,1992,9027238.098561289,9722034.040627703,8291077.651031604
1,All Population,44,Population,102,United States of America,2,Female,8,15-19 years,1,Number,1992,8542572.100206964,9200064.941896774,7845935.58395675
1,All Population,44,Population,102,United States of America,1,Male,8,15-19 years,1,Number,1993,9126583.44644318,9884368.646917215,8304906.821782697
1,All Population,44,Population,102,United States of America,2,Female,8,15-19 years,1,Number,1993,8628830.546040405,9345287.051758984,7851967.17767873
1,All Population,44,Population,102,United States of America,1,Male,8,15-19 years,1,Number,1994,9323745.808706287,10184148.062361028,8492381.362398652
1,All Population,44,Population,102,United States of America,2,Female,8,15-19 years,1,Number,1994,8806269.913854895,9618919.103958031,8021046.907868269
1,All Population,44,Population,102,United States of America,1,Male,8,15-19 years,1,Number,1995,9573096.622225625,10530363.944599422,8553259.8790788
1,All Population,44,Population,102,United States of America,2,Female,8,15-19 years,1,Number,1995,9035284.152722264,9938772.6067803,8072741.401161053
1,All Population,44,Population,102,United States of America,1,Male,8,15-19 years,1,Number,1996,9837843.103981541,10792935.390948353,8907612.348862836
1,All Population,44,Population,102,United States of America,2,Female,8,15-19 years,1,Number,1996,9281633.245218495,10182726.729762398,8403995.676579071
1,All Population,44,Population,102,United States of America,1,Male,8,15-19 years,1,Number,1997,10054746.056428673,10905821.015854143,9216284.432589682
1,All Population,44,Population,102,United States of America,2,Female,8,15-19 years,1,Number,1997,9482137.658073341,10284744.693330267,8691425.640720123
1,All Population,44,Population,102,United States of America,1,Male,8,15-19 years,1,Number,1998,10233457.127751831,11052325.01939861,9412605.78023296
1,All Population,44,Population,102,United States of America,2,Female,8,15-19 years,1,Number,1998,9646953.869880786,10418890.535821402,8873147.424542828
1,All Population,44,Population,102,United States of America,1,Male,8,15-19 years,1,Number,1999,10353259.967528457,11107159.80800354,9603694.23225869
1,All Population,44,Population,102,United States of America,2,Female,8,15-19 years,1,Number,1999,9762247.222965054,10473110.916830996,9055470.223206798
1,All Population,44,Population,102,United States of America,1,Male,8,15-19 years,1,Number,2000,10412244.679626033,11141962.856834847,9675809.25548014
1,All Population,44,Population,102,United States of America,2,Female,8,15-19 years,1,Number,2000,9825806.437611895,10514425.441858951,9130848.515078899
1,All Population,44,Population,102,United States of America,1,Male,8,15-19 years,1,Number,2001,10530041.868870284,11320989.451263629,9791956.771315202
1,All Population,44,Population,102,United States of America,2,Female,8,15-19 years,1,Number,2001,9909400.08719578,10653729.135412259,9214817.803369123
1,All Population,44,Population,102,United States of America,1,Male,8,15-19 years,1,Number,2002,10630269.432661168,11573064.032313846,9782216.52911598
1,All Population,44,Population,102,United States of America,2,Female,8,15-19 years,1,Number,2002,9993714.292972576,10880053.056592004,9196443.962522
1,All Population,44,Population,102,United States of America,1,Male,8,15-19 years,1,Number,2003,10728897.085618572,11706938.357414471,9799372.530446492
1,All Population,44,Population,102,United States of America,2,Female,8,15-19 years,1,Number,2003,10098399.189945232,11018964.56661156,9223499.380572818
1,All Population,44,Population,102,United States of America,1,Male,8,15-19 years,1,Number,2004,10899967.55953098,11883117.953295097,9881039.14673719
1,All Population,44,Population,102,United States of America,2,Female,8,15-19 years,1,Number,2004,10272456.501386667,11199006.933679659,9312187.790375791
1,All Population,44,Population,102,United States of America,1,Male,8,15-19 years,1,Number,2005,11085511.386752246,12261647.928687103,10002536.359320793
1,All Population,44,Population,102,United States of America,2,Female,8,15-19 years,1,Number,2005,10466715.062676527,11577199.33622527,9444192.002020486
1,All Population,44,Population,102,United States of America,1,Male,8,15-19 years,1,Number,2006,11258658.63975186,12374737.58671649,10170726.085046772
1,All Population,44,Population,102,United States of America,2,Female,8,15-19 years,1,Number,2006,10649765.161776507,11705484.059337655,9620670.43653523
1,All Population,44,Population,102,United States of America,1,Male,8,15-19 years,1,Number,2007,11399456.49243497,12382850.442269312,10415326.446633203
1,All Population,44,Population,102,United States of America,2,Female,8,15-19 years,1,Number,2007,10799294.050554894,11730913.943033576,9866976.816338303
1,All Population,44,Population,102,United States of America,1,Male,8,15-19 years,1,Number,2008,11470051.178187927,12358098.827583704,10550214.424668089
1,All Population,44,Population,102,United States of America,2,Female,8,15-19 years,1,Number,2008,10871224.867914757,11712909.48989478,9999410.781478692
1,All Population,44,Population,102,United States of America,1,Male,8,15-19 years,1,Number,2009,11449001.529237675,12343902.936215611,10536183.35876399
1,All Population,44,Population,102,United States of America,2,Female,8,15-19 years,1,Number,2009,10856838.862942452,11705454.38185634,9991233.267319947
1,All Population,44,Population,102,United States of America,1,Male,8,15-19 years,1,Number,2010,11337177.0063733,12127279.537101159,10547061.38634207
1,All Population,44,Population,102,United States of America,2,Female,8,15-19 years,1,Number,2010,10750370.191605013,11499577.396350387,10001150.575052299
1,All Population,44,Population,102,United States of America,1,Male,8,15-19 years,1,Number,2011,11194798.836883405,12025462.77759555,10393495.172960976
1,All Population,44,Population,102,United States of America,2,Female,8,15-19 years,1,Number,2011,10614530.0424988,11402137.527222855,9854760.980294118
1,All Population,44,Population,102,United States of America,1,Male,8,15-19 years,1,Number,2012,11060862.344164995,11993823.260826029,10138720.593887616
1,All Population,44,Population,102,United States of America,2,Female,8,15-19 years,1,Number,2012,10496258.979102915,11381596.766876884,9621188.091753824
1,All Population,44,Population,102,United States of America,1,Male,8,15-19 years,1,Number,2013,10963283.329848984,11964043.393245246,9995331.814374063
1,All Population,44,Population,102,United States of America,2,Female,8,15-19 years,1,Number,2013,10421806.158988481,11373138.627426706,9501661.822472671
1,All Population,44,Population,102,United States of America,1,Male,8,15-19 years,1,Number,2014,10921166.212654369,11967907.699611189,9833249.744687922
1,All Population,44,Population,102,United States of America,2,Female,8,15-19 years,1,Number,2014,10395175.722590894,11391503.539709393,9359656.013815856
1,All Population,44,Population,102,United States of America,1,Male,8,15-19 years,1,Number,2015,10939040.331865605,11994575.78250348,9824099.323551588
1,All Population,44,Population,102,United States of America,2,Female,8,15-19 years,1,Number,2015,10421112.390470289,11426671.674421392,9358960.208570153
1,All Population,44,Population,102,United States of America,1,Male,8,15-19 years,1,Number,2016,10976509.908103103,11962597.565945733,9990902.470964817
1,All Population,44,Population,102,United States of America,2,Female,8,15-19 years,1,Number,2016,10464491.318252845,11404581.184788004,9524859.271683553
1,All Population,44,Population,102,United States of America,1,Male,8,15-19 years,1,Number,2017,10998716.088430246,11992763.478211105,10040114.350209305
1,All Population,44,Population,102,United States of America,2,Female,8,15-19 years,1,Number,2017,10490401.014119895,11438507.653294785,9576101.875391487
1,All Population,44,Population,102,United States of America,1,Male,8,15-19 years,1,Number,2018,11008823.186295947,11983369.248447813,10125011.069253922
1,All Population,44,Population,102,United States of America,2,Female,8,15-19 years,1,Number,2018,10511412.863487015,11441926.129111586,9667533.922135156
1,All Population,44,Population,102,United States of America,1,Male,8,15-19 years,1,Number,2019,11016053.396963578,11859722.494655672,10158631.322816785
1,All Population,44,Population,102,United States of America,2,Female,8,15-19 years,1,Number,2019,10530910.802205062,11337425.04956893,9711249.253980324
1,All Population,44,Population,102,United States of America,1,Male,8,15-19 years,1,Number,2020,11011460.975553596,11788965.531770887,10213700.871310297
1,All Population,44,Population,102,United States of America,2,Female,8,15-19 years,1,Number,2020,10535568.738823129,11279471.179649211,9772286.152252147
1,All Population,44,Population,102,United States of America,1,Male,8,15-19 years,1,Number,2021,11044510.697008094,11855866.762480639,10229454.643956129
1,All Population,44,Population,102,United States of America,2,Female,8,15-19 years,1,Number,2021,10569761.611031929,11346241.477725593,9789740.800990827
1,All Population,44,Population,102,United States of America,1,Male,8,15-19 years,1,Number,2022,11177787.606142534,12135731.391345534,10273652.531148067
1,All Population,44,Population,102,United States of America,2,Female,8,15-19 years,1,Number,2022,10675848.899941145,11590776.20629334,9812314.022925448
1,All Population,44,Population,102,United States of America,1,Male,8,15-19 years,1,Number,2023,11304046.503212946,12221350.054762853,10305914.25627857
1,All Population,44,Population,102,United States of America,2,Female,8,15-19 years,1,Number,2023,10770622.48237986,11644639.610023677,9819590.865855275
1,All Population,44,Population,102,United States of America,1,Male,9,20-24 years,1,Number,1990,9990986.732238846,10688138.006038997,9286266.929115187
1,All Population,44,Population,102,United States of America,2,Female,9,20-24 years,1,Number,1990,9626327.28798917,10298033.347730376,8947328.94147896
1,All Population,44,Population,102,United States of America,1,Male,9,20-24 years,1,Number,1991,10084249.246967535,10865099.363104526,9344842.161736608
1,All Population,44,Population,102,United States of America,2,Female,9,20-24 years,1,Number,1991,9693045.57529778,10443603.755468551,8982322.704381363
1,All Population,44,Population,102,United States of America,1,Male,9,20-24 years,1,Number,1992,10089205.93346997,10865737.943007253,9266443.281802887
1,All Population,44,Population,102,United States of America,2,Female,9,20-24 years,1,Number,1992,9679661.861633966,10424672.65104808,8890297.038174603
1,All Population,44,Population,102,United States of America,1,Male,9,20-24 years,1,Number,1993,10015839.127870977,10847459.712503588,9114101.808968935
1,All Population,44,Population,102,United States of America,2,Female,9,20-24 years,1,Number,1993,9600441.120783042,10397570.982361969,8736102.554038111
1,All Population,44,Population,102,United States of America,1,Male,9,20-24 years,1,Number,1994,9841332.72913499,10749498.29186485,8963816.942760097
1,All Population,44,Population,102,United States of America,2,Female,9,20-24 years,1,Number,1994,9429171.282955823,10299302.278416483,8588406.431186218
1,All Population,44,Population,102,United States of America,1,Male,9,20-24 years,1,Number,1995,9599928.037778903,10559878.383038161,8577232.902564004
1,All Population,44,Population,102,United States of America,2,Female,9,20-24 years,1,Number,1995,9195695.162995141,10115224.008615367,8216063.579184834
1,All Population,44,Population,102,United States of America,1,Male,9,20-24 years,1,Number,1996,9365580.361302666,10274823.72608329,8480005.057901707
1,All Population,44,Population,102,United States of America,2,Female,9,20-24 years,1,Number,1996,8961067.379225306,9831039.206019754,8113741.355955765
1,All Population,44,Population,102,United States of America,1,Male,9,20-24 years,1,Number,1997,9304651.062535316,10092234.904143358,8528739.587957548
1,All Population,44,Population,102,United States of America,2,Female,9,20-24 years,1,Number,1997,8896399.602303741,9649427.365319444,8154532.068802094
1,All Population,44,Population,102,United States of America,1,Male,9,20-24 years,1,Number,1998,9381593.005800514,10132295.841513252,8629071.823120113
1,All Population,44,Population,102,United States of America,2,Female,9,20-24 years,1,Number,1998,8966293.560049647,9683764.675797308,8247084.590965568
1,All Population,44,Population,102,United States of America,1,Male,9,20-24 years,1,Number,1999,9543608.31386443,10238551.240821248,8852660.553898528
1,All Population,44,Population,102,United States of America,2,Female,9,20-24 years,1,Number,1999,9120212.74617315,9784325.011875307,8459918.40464761
1,All Population,44,Population,102,United States of America,1,Male,9,20-24 years,1,Number,2000,9745877.624195881,10428895.001721032,9056572.89282585
1,All Population,44,Population,102,United States of America,2,Female,9,20-24 years,1,Number,2000,9319475.497229248,9972609.464171771,8660329.261062833
1,All Population,44,Population,102,United States of America,1,Male,9,20-24 years,1,Number,2001,10079755.403079545,10836880.423707535,9373232.357619755
1,All Population,44,Population,102,United States of America,2,Female,9,20-24 years,1,Number,2001,9625245.526884515,10348230.750897534,8950580.56617773
1,All Population,44,Population,102,United States of America,1,Male,9,20-24 years,1,Number,2002,10340967.884183899,11258104.438261785,9515994.641953075
1,All Population,44,Population,102,United States of America,2,Female,9,20-24 years,1,Number,2002,9862385.492694577,10737076.754388934,9075592.203404656
1,All Population,44,Population,102,United States of America,1,Male,9,20-24 years,1,Number,2003,10518414.557537688,11477268.339900866,9607125.677172119
1,All Population,44,Population,102,United States of America,2,Female,9,20-24 years,1,Number,2003,10023612.583854765,10937360.448268872,9155192.09721276
1,All Population,44,Population,102,United States of America,1,Male,9,20-24 years,1,Number,2004,10649475.929958845,11610032.591869775,9653963.461950589
1,All Population,44,Population,102,United States of America,2,Female,9,20-24 years,1,Number,2004,10140111.118948473,11054724.32169043,9192214.047553204
1,All Population,44,Population,102,United States of America,1,Male,9,20-24 years,1,Number,2005,10704019.328940174,11839680.809870007,9658313.341912907
1,All Population,44,Population,102,United States of America,2,Female,9,20-24 years,1,Number,2005,10191289.048537245,11272551.52179847,9195673.13585223
1,All Population,44,Population,102,United States of America,1,Male,9,20-24 years,1,Number,2006,10768197.633000553,11835656.826808311,9727658.690015262
1,All Population,44,Population,102,United States of America,2,Female,9,20-24 years,1,Number,2006,10247822.761520963,11263696.819197388,9257568.029243886
1,All Population,44,Population,102,United States of America,1,Male,9,20-24 years,1,Number,2007,10812296.180101637,11745037.723909898,9878856.454970252
1,All Population,44,Population,102,United States of America,2,Female,9,20-24 years,1,Number,2007,10298533.29058864,11186954.1847649,9409447.390249096
1,All Population,44,Population,102,United States of America,1,Male,9,20-24 years,1,Number,2008,10879380.863079593,11721696.948007956,10006912.709456066
1,All Population,44,Population,102,United States of America,2,Female,9,20-24 years,1,Number,2008,10381200.964910368,11184946.386057675,9548684.174457064
1,All Population,44,Population,102,United States of America,1,Male,9,20-24 years,1,Number,2009,11006093.755488666,11866375.655352619,10128588.207053652
1,All Population,44,Population,102,United States of America,2,Female,9,20-24 years,1,Number,2009,10525419.722971402,11348130.148423461,9686237.865020325
1,All Population,44,Population,102,United States of America,1,Male,9,20-24 years,1,Number,2010,11159827.514094107,11937570.3292954,10382071.814347763
1,All Population,44,Population,102,United States of America,2,Female,9,20-24 years,1,Number,2010,10698450.98926763,11444039.877642263,9952849.749028817
1,All Population,44,Population,102,United States of America,1,Male,9,20-24 years,1,Number,2011,11313955.260756252,12153460.713143378,10504122.59328312
1,All Population,44,Population,102,United States of America,2,Female,9,20-24 years,1,Number,2011,10870612.379765002,11677221.399623344,10092513.402203454
1,All Population,44,Population,102,United States of America,1,Male,9,20-24 years,1,Number,2012,11459404.470178118,12425981.59284947,10504036.347290209
1,All Population,44,Population,102,United States of America,2,Female,9,20-24 years,1,Number,2012,11022223.479386702,11951925.287527924,10103303.043079853
1,All Population,44,Population,102,United States of America,1,Male,9,20-24 years,1,Number,2013,11534476.581311302,12587376.809049444,10516094.245365227
1,All Population,44,Population,102,United States of America,2,Female,9,20-24 years,1,Number,2013,11090614.4963456,12102997.71518003,10111420.874663133
1,All Population,44,Population,102,United States of America,1,Male,9,20-24 years,1,Number,2014,11537026.579862533,12642795.334052252,10387760.927898018
1,All Population,44,Population,102,United States of America,2,Female,9,20-24 years,1,Number,2014,11082747.35508817,12144975.620837843,9978734.91510338
1,All Population,44,Population,102,United States of America,1,Male,9,20-24 years,1,Number,2015,11457805.673775073,12563398.0939766,10289990.488582663
1,All Population,44,Population,102,United States of America,2,Female,9,20-24 years,1,Number,2015,10987375.490815246,12047574.922226183,9867508.012790777
1,All Population,44,Population,102,United States of America,1,Male,9,20-24 years,1,Number,2016,11338618.207948083,12357236.290148636,10320496.188637076
1,All Population,44,Population,102,United States of America,2,Female,9,20-24 years,1,Number,2016,10856621.977895461,11831939.362737676,9881779.568678167
1,All Population,44,Population,102,United States of America,1,Male,9,20-24 years,1,Number,2017,11206884.609080605,12219745.956138233,10230139.779963061
1,All Population,44,Population,102,United States of America,2,Female,9,20-24 years,1,Number,2017,10729349.614686804,11699052.068389095,9794224.723024393
1,All Population,44,Population,102,United States of America,1,Male,9,20-24 years,1,Number,2018,11084692.710126845,12065955.05288705,10194789.623746753
1,All Population,44,Population,102,United States of America,2,Female,9,20-24 years,1,Number,2018,10625456.044811752,11566064.879362674,9772421.470399465
1,All Population,44,Population,102,United States of America,1,Male,9,20-24 years,1,Number,2019,10994463.693554897,11836479.33470154,10138722.029588576
1,All Population,44,Population,102,United States of America,2,Female,9,20-24 years,1,Number,2019,10553519.543223778,11361765.29055845,9732098.269177137
1,All Population,44,Population,102,United States of America,1,Male,9,20-24 years,1,Number,2020,10954342.614190854,11727814.11918072,10160720.630222065
1,All Population,44,Population,102,United States of America,2,Female,9,20-24 years,1,Number,2020,10531563.085704753,11275182.692712769,9768570.701338217
1,All Population,44,Population,102,United States of America,1,Male,9,20-24 years,1,Number,2021,10928986.712554106,11731856.110933313,10122456.027930403
1,All Population,44,Population,102,United States of America,2,Female,9,20-24 years,1,Number,2021,10526968.342225714,11300304.513452929,9750105.5636925
1,All Population,44,Population,102,United States of America,1,Male,9,20-24 years,1,Number,2022,10986271.340190843,11927802.054829424,10097627.396320011
1,All Population,44,Population,102,United States of America,2,Female,9,20-24 years,1,Number,2022,10581618.44686162,11488470.141108356,9725705.566323563
1,All Population,44,Population,102,United States of America,1,Male,9,20-24 years,1,Number,2023,11070684.901490843,11969051.568271725,10093158.173103202
1,All Population,44,Population,102,United States of America,2,Female,9,20-24 years,1,Number,2023,10658557.79209308,11523481.066630915,9717421.338427754
1,All Population,44,Population,102,United States of America,1,Male,10,25-29 years,1,Number,1990,10923338.006422305,11685546.9062454,10152854.287882313
1,All Population,44,Population,102,United States of America,2,Female,10,25-29 years,1,Number,1990,10823316.08923823,11578545.657705817,10059887.47222876
1,All Population,44,Population,102,United States of America,1,Male,10,25-29 years,1,Number,1991,10713439.708403287,11543009.707682014,9927898.511078171
1,All Population,44,Population,102,United States of America,2,Female,10,25-29 years,1,Number,1991,10575847.863401089,11394763.761861973,9800395.30852947
1,All Population,44,Population,102,United States of America,1,Male,10,25-29 years,1,Number,1992,10506438.021638181,11315082.971877156,9649650.5932458
1,All Population,44,Population,102,United States of America,2,Female,10,25-29 years,1,Number,1992,10339393.493749715,11135181.59244073,9496228.346398903
1,All Population,44,Population,102,United States of America,1,Male,10,25-29 years,1,Number,1993,10299048.784302127,11154184.421148337,9371813.77988248
1,All Population,44,Population,102,United States of America,2,Female,10,25-29 years,1,Number,1993,10097112.956200333,10935481.751119444,9188058.462659307
1,All Population,44,Population,102,United States of America,1,Male,10,25-29 years,1,Number,1994,10162856.47497443,11100692.490031017,9256671.587530203
1,All Population,44,Population,102,United States of America,2,Female,10,25-29 years,1,Number,1994,9921249.712868206,10836790.074774288,9036608.020200383
1,All Population,44,Population,102,United States of America,1,Male,10,25-29 years,1,Number,1995,10140933.085380515,11154981.542645242,9060603.84831282
1,All Population,44,Population,102,United States of America,2,Female,10,25-29 years,1,Number,1995,9867310.621267023,10853998.042296603,8816130.807177618
1,All Population,44,Population,102,United States of America,1,Male,10,25-29 years,1,Number,1996,10232862.066912772,11226304.17921361,9265279.751671605
1,All Population,44,Population,102,United States of America,2,Female,10,25-29 years,1,Number,1996,9945688.875243327,10911251.207648493,9005260.615226762
1,All Population,44,Population,102,United States of America,1,Male,10,25-29 years,1,Number,1997,10238930.353109654,11105595.427088475,9385109.667628122
1,All Population,44,Population,102,United States of America,2,Female,10,25-29 years,1,Number,1997,9946554.500787329,10788471.683048576,9117114.931500446
1,All Population,44,Population,102,United States of America,1,Male,10,25-29 years,1,Number,1998,10159433.234085983,10972377.83031256,9344519.52935055
1,All Population,44,Population,102,United States of America,2,Female,10,25-29 years,1,Number,1998,9877602.432369655,10667995.295440804,9085295.085434247
1,All Population,44,Population,102,United States of America,1,Male,10,25-29 years,1,Number,1999,9972436.981752314,10698606.195436768,9250442.452289822
1,All Population,44,Population,102,United States of America,2,Female,10,25-29 years,1,Number,1999,9710707.654224226,10417818.358908623,9007662.068036174
1,All Population,44,Population,102,United States of America,1,Male,10,25-29 years,1,Number,2000,9711374.43019322,10391973.73086653,9024510.03470575
1,All Population,44,Population,102,United States of America,2,Female,10,25-29 years,1,Number,2000,9476164.094009295,10140279.22022629,8805935.614121282
1,All Population,44,Population,102,United States of America,1,Male,10,25-29 years,1,Number,2001,9532835.217883248,10248879.186448,8864647.598176971
1,All Population,44,Population,102,United States of America,2,Female,10,25-29 years,1,Number,2001,9275175.002596367,9971865.228137305,8625047.63065589
1,All Population,44,Population,102,United States of America,1,Male,10,25-29 years,1,Number,2002,9509634.207350967,10353040.090161072,8750982.420368206
1,All Population,44,Population,102,United States of America,2,Female,10,25-29 years,1,Number,2002,9236574.651836496,10055762.985321686,8499706.785793997
1,All Population,44,Population,102,United States of America,1,Male,10,25-29 years,1,Number,2003,9600480.53612611,10475655.879730705,8768719.141775263
1,All Population,44,Population,102,United States of America,2,Female,10,25-29 years,1,Number,2003,9322806.637971146,10172669.358075975,8515102.209085219
1,All Population,44,Population,102,United States of America,1,Male,10,25-29 years,1,Number,2004,9792161.87329103,10675390.905758195,8876791.079673585
1,All Population,44,Population,102,United States of America,2,Female,10,25-29 years,1,Number,2004,9508126.557644976,10365736.299880754,8619307.3708803
1,All Population,44,Population,102,United States of America,1,Male,10,25-29 years,1,Number,2005,10029398.514912669,11093484.931450274,9049598.147309542
1,All Population,44,Population,102,United States of America,2,Female,10,25-29 years,1,Number,2005,9747723.02079065,10781924.587631525,8795440.330571184
1,All Population,44,Population,102,United States of America,1,Male,10,25-29 years,1,Number,2006,10285388.636720462,11304986.626685448,9291503.88599419
1,All Population,44,Population,102,United States of America,2,Female,10,25-29 years,1,Number,2006,10011705.37014016,11004172.940599551,9044266.836935699
1,All Population,44,Population,102,United States of America,1,Male,10,25-29 years,1,Number,2007,10481909.249554921,11386149.389912976,9576992.261916067
1,All Population,44,Population,102,United States of America,2,Female,10,25-29 years,1,Number,2007,10220341.741776934,11102017.305938499,9338006.220507167
1,All Population,44,Population,102,United States of America,1,Male,10,25-29 years,1,Number,2008,10638125.351841582,11461762.67184289,9785004.599792683
1,All Population,44,Population,102,United States of America,2,Female,10,25-29 years,1,Number,2008,10386537.687258324,11190696.29433331,9553592.920217756
1,All Population,44,Population,102,United States of America,1,Male,10,25-29 years,1,Number,2009,10726507.767258136,11564936.067609511,9871293.347845592
1,All Population,44,Population,102,United States of America,2,Female,10,25-29 years,1,Number,2009,10487243.209838927,11306969.600811778,9651105.129529389
1,All Population,44,Population,102,United States of America,1,Male,10,25-29 years,1,Number,2010,10754626.653171904,11504130.4962298,10005110.393392384
1,All Population,44,Population,102,United States of America,2,Female,10,25-29 years,1,Number,2010,10526958.294620419,11260595.635271491,9793308.800101534
1,All Population,44,Population,102,United States of America,1,Male,10,25-29 years,1,Number,2011,10806234.385354431,11608066.501285205,10032743.469406923
1,All Population,44,Population,102,United States of America,2,Female,10,25-29 years,1,Number,2011,10570670.2720429,11355023.323141439,9814040.61370578
1,All Population,44,Population,102,United States of America,1,Male,10,25-29 years,1,Number,2012,10865289.5152472,11781754.267317828,9959452.630282614
1,All Population,44,Population,102,United States of America,2,Female,10,25-29 years,1,Number,2012,10620470.834217947,11516285.635682395,9735044.430823453
1,All Population,44,Population,102,United States of America,1,Male,10,25-29 years,1,Number,2013,10950894.015615657,11950523.146742404,9984036.356344853
1,All Population,44,Population,102,United States of America,2,Female,10,25-29 years,1,Number,2013,10701941.025249595,11678845.010731047,9757063.498851098
1,All Population,44,Population,102,United States of America,1,Male,10,25-29 years,1,Number,2014,11122251.289453859,12188265.81815324,10014303.648785453
1,All Population,44,Population,102,United States of America,2,Female,10,25-29 years,1,Number,2014,10864727.183630234,11906059.259905742,9782432.912773125
1,All Population,44,Population,102,United States of America,1,Male,10,25-29 years,1,Number,2015,11330053.409369303,12423318.69301327,10175259.132242847
1,All Population,44,Population,102,United States of America,2,Female,10,25-29 years,1,Number,2015,11062862.019547852,12130345.33553235,9935300.719770657
1,All Population,44,Population,102,United States of America,1,Male,10,25-29 years,1,Number,2016,11529531.863043245,12565300.897648439,10494267.243772104
1,All Population,44,Population,102,United States of America,2,Female,10,25-29 years,1,Number,2016,11253231.786648322,12264179.079417992,10242776.821124744
1,All Population,44,Population,102,United States of America,1,Male,10,25-29 years,1,Number,2017,11696675.430450056,12753803.334040863,10677242.497652542
1,All Population,44,Population,102,United States of America,2,Female,10,25-29 years,1,Number,2017,11404868.937685136,12435623.810085583,10410868.628926612
1,All Population,44,Population,102,United States of America,1,Male,10,25-29 years,1,Number,2018,11766814.45402984,12808461.00391005,10822149.15988627
1,All Population,44,Population,102,United States of America,2,Female,10,25-29 years,1,Number,2018,11453351.871475657,12467249.431269407,10533852.030897146
1,All Population,44,Population,102,United States of America,1,Male,10,25-29 years,1,Number,2019,11730345.488798652,12628718.947743494,10817327.296436176
1,All Population,44,Population,102,United States of America,2,Female,10,25-29 years,1,Number,2019,11400182.740130581,12273270.545654655,10512862.39241063
1,All Population,44,Population,102,United States of America,1,Male,10,25-29 years,1,Number,2020,11579709.090034278,12397336.886850748,10740780.454562416
1,All Population,44,Population,102,United States of America,2,Female,10,25-29 years,1,Number,2020,11236018.983513294,12029379.28082719,10421990.064420056
1,All Population,44,Population,102,United States of America,1,Male,10,25-29 years,1,Number,2021,11373821.573523007,12209369.60045192,10534463.237590186
1,All Population,44,Population,102,United States of America,2,Female,10,25-29 years,1,Number,2021,11029377.415277679,11839621.753824573,10215438.158905556
1,All Population,44,Population,102,United States of America,1,Male,10,25-29 years,1,Number,2022,11240233.351421533,12203528.778265098,10331047.242127588
1,All Population,44,Population,102,United States of America,2,Female,10,25-29 years,1,Number,2022,10883572.163203975,11816301.490501294,10003235.223488051
1,All Population,44,Population,102,United States of America,1,Male,10,25-29 years,1,Number,2023,11169651.166496215,12076048.772140207,10183385.848751882
1,All Population,44,Population,102,United States of America,2,Female,10,25-29 years,1,Number,2023,10802911.300255986,11679548.608850468,9849028.62412824
1,All Population,44,Population,102,United States of America,1,Male,11,30-34 years,1,Number,1990,11134309.472872326,11911239.54393835,10348944.764667759
1,All Population,44,Population,102,United States of America,2,Female,11,30-34 years,1,Number,1990,11197307.248750389,11978633.1798928,10407498.957403952
1,All Population,44,Population,102,United States of America,1,Male,11,30-34 years,1,Number,1991,11248892.413917122,12119923.93373612,10424090.234979315
1,All Population,44,Population,102,United States of America,2,Female,11,30-34 years,1,Number,1991,11306801.330627086,12182316.891174445,10477753.098040188
1,All Population,44,Population,102,United States of America,1,Male,11,30-34 years,1,Number,1992,11285387.62705472,12153985.690195847,10365077.791934427
1,All Population,44,Population,102,United States of America,2,Female,11,30-34 years,1,Number,1992,11324116.707425475,12195695.616711102,10400648.56221888
1,All Population,44,Population,102,United States of America,1,Male,11,30-34 years,1,Number,1993,11266151.440240815,12201586.137990816,10251847.090463722
1,All Population,44,Population,102,United States of America,2,Female,11,30-34 years,1,Number,1993,11284897.892607337,12221889.11852016,10268905.778532108
1,All Population,44,Population,102,United States of America,1,Male,11,30-34 years,1,Number,1994,11275331.402326932,12315827.43775159,10269951.178481974
1,All Population,44,Population,102,United States of America,2,Female,11,30-34 years,1,Number,1994,11268095.20776147,12307923.48172633,10263360.209023643
1,All Population,44,Population,102,United States of America,1,Male,11,30-34 years,1,Number,1995,11145440.726630257,12259935.505288068,9958099.741771378
1,All Population,44,Population,102,United States of America,2,Female,11,30-34 years,1,Number,1995,11116074.339144709,12227632.608935492,9931861.800822314
1,All Population,44,Population,102,United States of America,1,Male,11,30-34 years,1,Number,1996,10945221.885846833,12007822.38595868,9910281.410358623
1,All Population,44,Population,102,United States of America,2,Female,11,30-34 years,1,Number,1996,10881145.038367536,11937524.733557634,9852263.437125059
1,All Population,44,Population,102,United States of America,1,Male,11,30-34 years,1,Number,1997,10734460.638021398,11643069.428406235,9839317.861955306
1,All Population,44,Population,102,United States of America,2,Female,11,30-34 years,1,Number,1997,10646503.769506082,11547667.52966512,9758695.684777716
1,All Population,44,Population,102,United States of America,1,Male,11,30-34 years,1,Number,1998,10515984.623298625,11357459.996632434,9672471.034414439
1,All Population,44,Population,102,United States of America,2,Female,11,30-34 years,1,Number,1998,10401241.871073991,11233535.679036196,9566932.0870825
1,All Population,44,Population,102,United States of America,1,Male,11,30-34 years,1,Number,1999,10354426.212635614,11108410.97631392,9604776.042378802
1,All Population,44,Population,102,United States of America,2,Female,11,30-34 years,1,Number,1999,10214053.04639333,10957816.168968352,9474565.753906082
1,All Population,44,Population,102,United States of America,1,Male,11,30-34 years,1,Number,2000,10301551.786756044,11023512.307618855,9572945.430214582
1,All Population,44,Population,102,United States of America,2,Female,11,30-34 years,1,Number,2000,10148470.267977322,10859702.423316205,9430691.034374228
1,All Population,44,Population,102,United States of America,1,Male,11,30-34 years,1,Number,2001,10408277.23407939,11190078.65687449,9678727.018290931
1,All Population,44,Population,102,United States of America,2,Female,11,30-34 years,1,Number,2001,10244464.321856104,11013961.194631243,9526396.289216084
1,All Population,44,Population,102,United States of America,1,Male,11,30-34 years,1,Number,2002,10428943.396229824,11353882.465397662,9596951.715858366
1,All Population,44,Population,102,United States of America,2,Female,11,30-34 years,1,Number,2002,10261526.93416615,11171617.900251891,9442891.266796408
1,All Population,44,Population,102,United States of America,1,Male,11,30-34 years,1,Number,2003,10352242.119216816,11295947.699335549,9455349.999355095
1,All Population,44,Population,102,United States of America,2,Female,11,30-34 years,1,Number,2003,10199209.456969341,11128964.650723437,9315575.700587781
1,All Population,44,Population,102,United States of America,1,Male,11,30-34 years,1,Number,2004,10186028.340412697,11104783.164138071,9233838.929491565
1,All Population,44,Population,102,United States of America,2,Female,11,30-34 years,1,Number,2004,10048018.93785148,10954325.651274676,9108730.638858827
1,All Population,44,Population,102,United States of America,1,Male,11,30-34 years,1,Number,2005,9954724.05418972,11010887.754404962,8982218.8463071
1,All Population,44,Population,102,United States of America,2,Female,11,30-34 years,1,Number,2005,9833900.184231926,10877244.866574418,8873198.602660878
1,All Population,44,Population,102,United States of America,1,Male,11,30-34 years,1,Number,2006,9722481.00542248,10686277.556114834,8782990.437607013
1,All Population,44,Population,102,United States of America,2,Female,11,30-34 years,1,Number,2006,9609143.708002273,10561705.050700141,8680605.007498104
1,All Population,44,Population,102,United States of America,1,Male,11,30-34 years,1,Number,2007,9655373.413184632,10488311.001412487,8821812.349492127
1,All Population,44,Population,102,United States of America,2,Female,11,30-34 years,1,Number,2007,9553336.11394983,10377471.277010173,8728584.064269181
1,All Population,44,Population,102,United States of America,1,Male,11,30-34 years,1,Number,2008,9731970.49035616,10485450.434228146,8951518.511360344
1,All Population,44,Population,102,United States of America,2,Female,11,30-34 years,1,Number,2008,9637900.877177155,10384097.653993877,8864992.777999066
1,All Population,44,Population,102,United States of America,1,Male,11,30-34 years,1,Number,2009,9893516.524094533,10666834.776761511,9104715.71644223
1,All Population,44,Population,102,United States of America,2,Female,11,30-34 years,1,Number,2009,9808395.708240237,10575060.565178636,9026381.503524348
1,All Population,44,Population,102,United States of America,1,Male,11,30-34 years,1,Number,2010,10113615.0750427,10818445.992043165,9408772.481398586
1,All Population,44,Population,102,United States of America,2,Female,11,30-34 years,1,Number,2010,10036140.752273567,10735572.38350369,9336697.533847539
1,All Population,44,Population,102,United States of America,1,Male,11,30-34 years,1,Number,2011,10359162.479162058,11127821.465607386,9617672.170075698
1,All Population,44,Population,102,United States of America,2,Female,11,30-34 years,1,Number,2011,10287001.766644793,11050306.364619406,9550676.592204785
1,All Population,44,Population,102,United States of America,1,Male,11,30-34 years,1,Number,2012,10574852.5708011,11466819.565871287,9693229.352362977
1,All Population,44,Population,102,United States of America,2,Female,11,30-34 years,1,Number,2012,10496596.497932764,11381962.754723625,9621497.471710334
1,All Population,44,Population,102,United States of America,1,Male,11,30-34 years,1,Number,2013,10760354.635306697,11742590.783274984,9810319.754064951
1,All Population,44,Population,102,United States of America,2,Female,11,30-34 years,1,Number,2013,10667937.890546812,11641737.972004533,9726062.510930097
1,All Population,44,Population,102,United States of America,1,Male,11,30-34 years,1,Number,2014,10895685.331454104,11939984.59795963,9810307.151957614
1,All Population,44,Population,102,United States of America,2,Female,11,30-34 years,1,Number,2014,10781602.246817177,11814967.195931662,9707588.500759043
1,All Population,44,Population,102,United States of America,1,Male,11,30-34 years,1,Number,2015,10977462.226066582,12036705.101686854,9858605.138813082
1,All Population,44,Population,102,United States of America,2,Female,11,30-34 years,1,Number,2015,10838399.854051009,11884224.252450326,9733716.436202668
1,All Population,44,Population,102,United States of America,1,Male,11,30-34 years,1,Number,2016,11071989.68338704,12066654.878968835,10077808.885735804
1,All Population,44,Population,102,United States of America,2,Female,11,30-34 years,1,Number,2016,10893132.446539693,11871729.792208577,9915011.673823396
1,All Population,44,Population,102,United States of America,1,Male,11,30-34 years,1,Number,2017,11153324.583020482,12161345.25561451,10181247.820036076
1,All Population,44,Population,102,United States of America,2,Female,11,30-34 years,1,Number,2017,10939827.671170983,11928552.814519236,9986358.399202643
1,All Population,44,Population,102,United States of America,1,Male,11,30-34 years,1,Number,2018,11244620.099751674,12240039.869255105,10341877.69690647
1,All Population,44,Population,102,United States of America,2,Female,11,30-34 years,1,Number,2018,11008535.570332356,11983056.171542577,10124746.54372147
1,All Population,44,Population,102,United States of America,1,Male,11,30-34 years,1,Number,2019,11401691.03248668,12274894.35121728,10514253.288534727
1,All Population,44,Population,102,United States of America,2,Female,11,30-34 years,1,Number,2019,11148581.446373671,12002400.260650795,10280844.20118394
1,All Population,44,Population,102,United States of America,1,Male,11,30-34 years,1,Number,2020,11567467.412742915,12384230.841071777,10729425.664285751
1,All Population,44,Population,102,United States of America,2,Female,11,30-34 years,1,Number,2020,11310291.857373254,12108896.463136109,10490882.005111882
1,All Population,44,Population,102,United States of America,1,Male,11,30-34 years,1,Number,2021,11706103.035111764,12566061.249752944,10842223.194875611
1,All Population,44,Population,102,United States of America,2,Female,11,30-34 years,1,Number,2021,11455913.126870155,12297491.794862263,10610496.648635188
1,All Population,44,Population,102,United States of America,1,Male,11,30-34 years,1,Number,2022,11858406.31973044,12874679.578506202,10899218.199058646
1,All Population,44,Population,102,United States of America,2,Female,11,30-34 years,1,Number,2022,11594755.734400872,12588433.963768236,10656893.456564765
1,All Population,44,Population,102,United States of America,1,Male,11,30-34 years,1,Number,2023,11948148.121294457,12917719.389688708,10893142.55955843
1,All Population,44,Population,102,United States of America,2,Female,11,30-34 years,1,Number,2023,11652228.391856482,12597786.293116229,10623352.148004293
1,All Population,44,Population,102,United States of America,1,Male,12,35-39 years,1,Number,1990,10114807.254022611,10820598.478690239,9401353.701563407
1,All Population,44,Population,102,United States of America,2,Female,12,35-39 years,1,Number,1990,10260424.04486615,10976376.12090351,9536699.33111678
1,All Population,44,Population,102,United States of America,1,Male,12,35-39 years,1,Number,1991,10356835.808294935,11158793.023518544,9597441.867339984
1,All Population,44,Population,102,United States of America,2,Female,12,35-39 years,1,Number,1991,10500313.845799156,11313380.94530909,9730399.669286009
1,All Population,44,Population,102,United States of America,1,Male,12,35-39 years,1,Number,1992,10610624.956899228,11427288.822674202,9745341.208807388
1,All Population,44,Population,102,United States of America,2,Female,12,35-39 years,1,Number,1992,10752185.205117218,11579744.4837467,9875357.388447285
1,All Population,44,Population,102,United States of America,1,Male,12,35-39 years,1,Number,1993,10847660.041541448,11748347.170245375,9871032.94546511
1,All Population,44,Population,102,United States of America,2,Female,12,35-39 years,1,Number,1993,10981297.227182446,11893080.32428528,9992638.624215169
1,All Population,44,Population,102,United States of America,1,Male,12,35-39 years,1,Number,1994,11007562.292682929,12023348.393911216,10026058.064831942
1,All Population,44,Population,102,United States of America,2,Female,12,35-39 years,1,Number,1994,11135157.880969787,12162718.598749278,10142276.41935634
1,All Population,44,Population,102,United States of America,1,Male,12,35-39 years,1,Number,1995,11182250.917044863,12300426.551940193,9990988.485846465
1,All Population,44,Population,102,United States of America,2,Female,12,35-39 years,1,Number,1995,11303058.802530749,12433314.691666093,10098926.521027664
1,All Population,44,Population,102,United States of America,1,Male,12,35-39 years,1,Number,1996,11314163.753831128,12412582.423507834,10244337.473718625
1,All Population,44,Population,102,United States of America,2,Female,12,35-39 years,1,Number,1996,11426614.057375818,12535949.796622293,10346154.884496672
1,All Population,44,Population,102,United States of America,1,Male,12,35-39 years,1,Number,1997,11371166.745871898,12333668.953540837,10422929.278592274
1,All Population,44,Population,102,United States of America,2,Female,12,35-39 years,1,Number,1997,11461626.222808858,12431785.29174826,10505845.37258366
1,All Population,44,Population,102,United States of America,1,Male,12,35-39 years,1,Number,1998,11369304.299400307,12279061.200212754,10457343.792016516
1,All Population,44,Population,102,United States of America,2,Female,12,35-39 years,1,Number,1998,11440085.94543897,12355506.701245425,10522447.864112655
1,All Population,44,Population,102,United States of America,1,Male,12,35-39 years,1,Number,1999,11391159.210789444,12220636.413020898,10566450.601502137
1,All Population,44,Population,102,United States of America,2,Female,12,35-39 years,1,Number,1999,11441196.897721384,12274317.725662425,10612865.609614652
1,All Population,44,Population,102,United States of America,1,Male,12,35-39 years,1,Number,2000,11276067.618916564,12066324.836465418,10478535.876708904
1,All Population,44,Population,102,United States of America,2,Female,12,35-39 years,1,Number,2000,11315047.608947085,12108036.649282273,10514758.896808868
1,All Population,44,Population,102,United States of America,1,Male,12,35-39 years,1,Number,2001,11103049.70580981,11937037.873317977,10324800.613610258
1,All Population,44,Population,102,United States of America,2,Female,12,35-39 years,1,Number,2001,11109286.794183861,11943743.450804612,10330600.524047283
1,All Population,44,Population,102,United States of America,1,Male,12,35-39 years,1,Number,2002,10899887.02599585,11866593.908641685,10030324.791542098
1,All Population,44,Population,102,United States of America,2,Female,12,35-39 years,1,Number,2002,10890442.729428336,11856312.000962073,10021633.934308996
1,All Population,44,Population,102,United States of America,1,Male,12,35-39 years,1,Number,2003,10677629.98208621,11650997.768551797,9752547.079324957
1,All Population,44,Population,102,United States of America,2,Female,12,35-39 years,1,Number,2003,10652569.466002818,11623652.747469757,9729657.743082225
1,All Population,44,Population,102,United States of America,1,Male,12,35-39 years,1,Number,2004,10518189.67527971,11466904.63837102,9534949.839678042
1,All Population,44,Population,102,United States of America,2,Female,12,35-39 years,1,Number,2004,10475392.359921305,11420247.109923275,9496153.215181494
1,All Population,44,Population,102,United States of America,1,Male,12,35-39 years,1,Number,2005,10477647.816234533,11589292.019218637,9454056.703896318
1,All Population,44,Population,102,United States of America,2,Female,12,35-39 years,1,Number,2005,10425909.971991846,11532064.958728563,9407373.276300112
1,All Population,44,Population,102,United States of America,1,Male,12,35-39 years,1,Number,2006,10556749.138482938,11603247.290602725,9536642.620726071
1,All Population,44,Population,102,United States of America,2,Female,12,35-39 years,1,Number,2006,10518078.67691788,11560743.398306428,9501708.914611934
1,All Population,44,Population,102,United States of America,1,Male,12,35-39 years,1,Number,2007,10553176.986737888,11463565.162452772,9642107.361777721
1,All Population,44,Population,102,United States of America,2,Female,12,35-39 years,1,Number,2007,10530404.387686178,11438828.045518626,9621300.751101213
1,All Population,44,Population,102,United States of America,1,Male,12,35-39 years,1,Number,2008,10468627.211110188,11279141.448823974,9629099.30333687
1,All Population,44,Population,102,United States of America,2,Female,12,35-39 years,1,Number,2008,10470975.669361884,11281671.732143203,9631259.427798204
1,All Population,44,Population,102,United States of America,1,Male,12,35-39 years,1,Number,2009,10290372.5725744,11094710.738658754,9469930.803813856
1,All Population,44,Population,102,United States of America,2,Female,12,35-39 years,1,Number,2009,10314962.88432634,11121223.131085472,9492560.553037487
1,All Population,44,Population,102,United States of America,1,Male,12,35-39 years,1,Number,2010,10059995.01587112,10761089.08158793,9358889.335417533
1,All Population,44,Population,102,United States of America,2,Female,12,35-39 years,1,Number,2010,10100290.073706413,10804192.354127252,9396376.13202626
1,All Population,44,Population,102,United States of America,1,Male,12,35-39 years,1,Number,2011,9829479.316113733,10558835.345001934,9125902.779793905
1,All Population,44,Population,102,United States of America,2,Female,12,35-39 years,1,Number,2011,9867830.705661312,10600032.441456586,9161509.045520257
1,All Population,44,Population,102,United States of America,1,Male,12,35-39 years,1,Number,2012,9777091.663972909,10601769.172586069,8961977.603323331
1,All Population,44,Population,102,United States of America,2,Female,12,35-39 years,1,Number,2012,9808885.002794417,10636244.213937422,8991120.338223027
1,All Population,44,Population,102,United States of America,1,Male,12,35-39 years,1,Number,2013,9872197.143140197,10773359.718399983,9000577.948573476
1,All Population,44,Population,102,United States of America,2,Female,12,35-39 years,1,Number,2013,9887847.734946966,10790438.941281721,9014846.745018248
1,All Population,44,Population,102,United States of America,1,Male,12,35-39 years,1,Number,2014,10061055.276201496,11025359.2484241,9058819.11323406
1,All Population,44,Population,102,United States of America,2,Female,12,35-39 years,1,Number,2014,10055783.278936828,11019581.95546586,9054072.288147125
1,All Population,44,Population,102,United States of America,1,Male,12,35-39 years,1,Number,2015,10314696.32615339,11309987.257031815,9263390.40045588
1,All Population,44,Population,102,United States of America,2,Female,12,35-39 years,1,Number,2015,10283314.207312165,11275576.998797359,9235206.844757523
1,All Population,44,Population,102,United States of America,1,Male,12,35-39 years,1,Number,2016,10591712.112730674,11543231.0087393,9640656.602579081
1,All Population,44,Population,102,United States of America,2,Female,12,35-39 years,1,Number,2016,10532836.847611085,11479066.61503761,9587067.890257344
1,All Population,44,Population,102,United States of America,1,Male,12,35-39 years,1,Number,2017,10829528.086504791,11808284.519564513,9885672.061458724
1,All Population,44,Population,102,United States of America,2,Female,12,35-39 years,1,Number,2017,10735265.171880923,11705502.264730243,9799624.70518564
1,All Population,44,Population,102,United States of America,1,Male,12,35-39 years,1,Number,2018,11027668.277793607,12003882.584534302,10142343.236079203
1,All Population,44,Population,102,United States of America,2,Female,12,35-39 years,1,Number,2018,10894499.342209648,11858924.990019403,10019865.3904411
1,All Population,44,Population,102,United States of America,1,Male,12,35-39 years,1,Number,2019,11156298.394584533,12010708.214596592,10287960.509446662
1,All Population,44,Population,102,United States of America,2,Female,12,35-39 years,1,Number,2019,10983973.416305723,11825185.655142806,10129048.25122092
1,All Population,44,Population,102,United States of America,1,Male,12,35-39 years,1,Number,2020,11214974.047238745,12006848.389702953,10402469.795089655
1,All Population,44,Population,102,United States of America,2,Female,12,35-39 years,1,Number,2020,11011221.992861485,11788709.674829993,10213479.202474883
1,All Population,44,Population,102,United States of America,1,Male,12,35-39 years,1,Number,2021,11269957.53071882,12097875.457643708,10438264.089963738
1,All Population,44,Population,102,United States of America,2,Female,12,35-39 years,1,Number,2021,11031655.57342084,11842067.270891843,10217548.19492585
1,All Population,44,Population,102,United States of America,1,Male,12,35-39 years,1,Number,2022,11335073.003787706,12306496.251518209,10418215.621856822
1,All Population,44,Population,102,United States of America,2,Female,12,35-39 years,1,Number,2022,11064661.60969558,12012910.422238544,10169676.930547355
1,All Population,44,Population,102,United States of America,1,Male,12,35-39 years,1,Number,2023,11430970.237131564,12358573.427122133,10421630.793580519
1,All Population,44,Population,102,United States of America,2,Female,12,35-39 years,1,Number,2023,11137561.801007625,12041355.41091245,10154129.931486344
1,All Population,44,Population,102,United States of America,1,Male,13,40-44 years,1,Number,1990,8927684.514486292,9550640.664680807,8297965.324378924
1,All Population,44,Population,102,United States of America,2,Female,13,40-44 years,1,Number,1990,9140013.4804169,9777785.525480492,8495317.548664462
1,All Population,44,Population,102,United States of America,1,Male,13,40-44 years,1,Number,1991,9398982.213466939,10126770.289030636,8709820.941031434
1,All Population,44,Population,102,United States of America,2,Female,13,40-44 years,1,Number,1991,9610110.047366535,10354246.31004687,8905468.2555139
1,All Population,44,Population,102,United States of America,1,Male,13,40-44 years,1,Number,1992,9460885.276952136,10189057.573618362,8689361.421763465
1,All Population,44,Population,102,United States of America,2,Female,13,40-44 years,1,Number,1992,9670899.35885906,10415235.728112336,8882249.10699888
1,All Population,44,Population,102,United States of America,1,Male,13,40-44 years,1,Number,1993,9578814.378473707,10374148.559845176,8716422.891786436
1,All Population,44,Population,102,United States of America,2,Female,13,40-44 years,1,Number,1993,9786455.86421067,10599030.6313741,8905370.179838032
1,All Population,44,Population,102,United States of America,1,Male,13,40-44 years,1,Number,1994,9816162.99563077,10722005.876481993,8940891.502696276
1,All Population,44,Population,102,United States of America,2,Female,13,40-44 years,1,Number,1994,10013827.407074833,10937910.908011919,9120930.898685556
1,All Population,44,Population,102,United States of America,1,Male,13,40-44 years,1,Number,1995,10055346.210195363,11060836.35847482,8984134.674900599
1,All Population,44,Population,102,United States of America,2,Female,13,40-44 years,1,Number,1995,10238544.6828834,11262353.86818228,9147816.731834317
1,All Population,44,Population,102,United States of America,1,Male,13,40-44 years,1,Number,1996,10299044.121611582,11298911.419729102,9325203.871367075
1,All Population,44,Population,102,United States of America,2,Female,13,40-44 years,1,Number,1996,10482840.528046139,11500551.425446803,9491621.156368343
1,All Population,44,Population,102,United States of America,1,Male,13,40-44 years,1,Number,1997,10553158.912692852,11446421.581190392,9673134.821690576
1,All Population,44,Population,102,United States of America,2,Female,13,40-44 years,1,Number,1997,10735885.350034377,11644614.733889386,9840623.767750682
1,All Population,44,Population,102,United States of America,1,Male,13,40-44 years,1,Number,1998,10796704.463218162,11660642.671993468,9930673.629575277
1,All Population,44,Population,102,United States of America,2,Female,13,40-44 years,1,Number,1998,10970372.981698396,11848207.918802947,10090411.759171631
1,All Population,44,Population,102,United States of America,1,Male,13,40-44 years,1,Number,1999,10968176.365553608,11766852.96000093,10174091.294010941
1,All Population,44,Population,102,United States of America,2,Female,13,40-44 years,1,Number,1999,11135738.094045889,11946616.136228152,10329521.719839683
1,All Population,44,Population,102,United States of America,1,Male,13,40-44 years,1,Number,2000,11149830.606841592,11931240.794265626,10361227.333988119
1,All Population,44,Population,102,United States of America,2,Female,13,40-44 years,1,Number,2000,11312287.631390043,12105083.245057492,10512194.126462702
1,All Population,44,Population,102,United States of America,1,Male,13,40-44 years,1,Number,2001,11290093.365310196,12138131.023990966,10498733.770855423
1,All Population,44,Population,102,United States of America,2,Female,13,40-44 years,1,Number,2001,11448326.012582334,12308249.0684319,10645875.374012768
1,All Population,44,Population,102,United States of America,1,Male,13,40-44 years,1,Number,2002,11354299.13623265,12361307.658104269,10448485.185683308
1,All Population,44,Population,102,United States of America,2,Female,13,40-44 years,1,Number,2002,11500507.78439088,12520483.49630216,10583029.72039837
1,All Population,44,Population,102,United States of America,1,Male,13,40-44 years,1,Number,2003,11350942.104181267,12385688.710758023,10367525.139140557
1,All Population,44,Population,102,United States of America,2,Female,13,40-44 years,1,Number,2003,11491998.194028718,12539603.408196548,10496360.485502128
1,All Population,44,Population,102,United States of America,1,Male,13,40-44 years,1,Number,2004,11373497.90243545,12399359.574058251,10310303.897283686
1,All Population,44,Population,102,United States of America,2,Female,13,40-44 years,1,Number,2004,11506752.556704106,12544633.471971406,10431101.913252294
1,All Population,44,Population,102,United States of America,1,Male,13,40-44 years,1,Number,2005,11268051.912069054,12463555.407382866,10167243.98333829
1,All Population,44,Population,102,United States of America,2,Female,13,40-44 years,1,Number,2005,11398201.344942883,12607513.269888362,10284678.749227505
1,All Population,44,Population,102,United States of America,1,Male,13,40-44 years,1,Number,2006,11083674.76720906,12182407.436748259,10012651.034201035
1,All Population,44,Population,102,United States of America,2,Female,13,40-44 years,1,Number,2006,11195400.081195738,12305208.161649631,10113580.248034041
1,All Population,44,Population,102,United States of America,1,Male,13,40-44 years,1,Number,2007,10871921.181094037,11809806.379362818,9933333.95134289
1,All Population,44,Population,102,United States of America,2,Female,13,40-44 years,1,Number,2007,10976948.722153578,11923894.304004021,10029294.326887833
1,All Population,44,Population,102,United States of America,1,Male,13,40-44 years,1,Number,2008,10653092.19537535,11477888.295752835,9798771.182529645
1,All Population,44,Population,102,United States of America,2,Female,13,40-44 years,1,Number,2008,10743661.680863786,11575469.957337568,9882077.479719665
1,All Population,44,Population,102,United States of America,1,Male,13,40-44 years,1,Number,2009,10488530.27701848,11308357.270496007,9652289.580047997
1,All Population,44,Population,102,United States of America,2,Female,13,40-44 years,1,Number,2009,10560794.840005279,11386270.331207814,9718792.557100227
1,All Population,44,Population,102,United States of America,1,Male,13,40-44 years,1,Number,2010,10449338.6556082,11177566.583211983,9721098.663752126
1,All Population,44,Population,102,United States of America,2,Female,13,40-44 years,1,Number,2010,10506855.882013597,11239092.259526718,9774607.373841844
1,All Population,44,Population,102,United States of America,1,Male,13,40-44 years,1,Number,2011,10532465.2683159,11313983.474464279,9778570.25576498
1,All Population,44,Population,102,United States of America,2,Female,13,40-44 years,1,Number,2011,10591827.604635984,11377750.54846085,9833683.542299949
1,All Population,44,Population,102,United States of America,1,Male,13,40-44 years,1,Number,2012,10543849.359398628,11433201.297556482,9664810.872126782
1,All Population,44,Population,102,United States of America,2,Female,13,40-44 years,1,Number,2012,10600177.211793073,11494280.288078163,9716442.68340073
1,All Population,44,Population,102,United States of America,1,Male,13,40-44 years,1,Number,2013,10475489.66272606,11431722.515929263,9550605.593847651
1,All Population,44,Population,102,United States of America,2,Female,13,40-44 years,1,Number,2013,10536173.665413013,11497945.9290783,9605931.788057102
1,All Population,44,Population,102,United States of America,1,Male,13,40-44 years,1,Number,2014,10321756.521089682,11311047.459302196,9293550.496295165
1,All Population,44,Population,102,United States of America,2,Female,13,40-44 years,1,Number,2014,10381818.938542057,11376866.571866628,9347629.771308357
1,All Population,44,Population,102,United States of America,1,Male,13,40-44 years,1,Number,2015,10116840.824382352,11093040.181421828,9085700.946706668
1,All Population,44,Population,102,United States of America,2,Female,13,40-44 years,1,Number,2015,10172183.114023982,11153722.587459778,9135402.578087289
1,All Population,44,Population,102,United States of America,1,Male,13,40-44 years,1,Number,2016,9900702.223969461,10790143.435134782,9011694.167079525
1,All Population,44,Population,102,United States of America,2,Female,13,40-44 years,1,Number,2016,9939830.654095387,10832787.013731487,9047309.160597773
1,All Population,44,Population,102,United States of America,1,Male,13,40-44 years,1,Number,2017,9857740.026171727,10748667.71840138,8998580.952690538
1,All Population,44,Population,102,United States of America,2,Female,13,40-44 years,1,Number,2017,9878964.989366015,10771810.961792357,9017956.0375492
1,All Population,44,Population,102,United States of America,1,Male,13,40-44 years,1,Number,2018,9955052.280475887,10836314.23139273,9155839.169103196
1,All Population,44,Population,102,United States of America,2,Female,13,40-44 years,1,Number,2018,9950007.728048824,10830823.114549115,9151199.604246978
1,All Population,44,Population,102,United States of America,1,Male,13,40-44 years,1,Number,2019,10136147.614292279,10912428.7563373,9347212.012936162
1,All Population,44,Population,102,United States of America,2,Female,13,40-44 years,1,Number,2019,10103049.318822559,10876795.613943022,9316689.885911686
1,All Population,44,Population,102,United States of America,1,Male,13,40-44 years,1,Number,2020,10368847.82156886,11100978.321044948,9617643.858953733
1,All Population,44,Population,102,United States of America,2,Female,13,40-44 years,1,Number,2020,10306765.857038803,11034512.831895571,9560059.618622586
1,All Population,44,Population,102,United States of America,1,Male,13,40-44 years,1,Number,2021,10614627.111028586,11394402.904228313,9831295.344228176
1,All Population,44,Population,102,United States of America,2,Female,13,40-44 years,1,Number,2021,10528090.920576014,11301509.559082994,9751145.298691515
1,All Population,44,Population,102,United States of America,1,Male,13,40-44 years,1,Number,2022,10836675.991685396,11765386.286090072,9960132.331556356
1,All Population,44,Population,102,United States of America,2,Female,13,40-44 years,1,Number,2022,10717678.544260198,11636190.678775586,9850760.20265061
1,All Population,44,Population,102,United States of America,1,Male,13,40-44 years,1,Number,2023,11034382.594724793,11929803.392969443,10060061.311662503
1,All Population,44,Population,102,United States of America,2,Female,13,40-44 years,1,Number,2023,10878576.740753336,11761354.167161208,9918012.907031499
1,All Population,44,Population,102,United States of America,1,Male,14,45-49 years,1,Number,1990,6871799.877347567,7351300.467848208,6387093.652982042
1,All Population,44,Population,102,United States of America,2,Female,14,45-49 years,1,Number,1990,7126274.376763971,7623531.694019671,6623618.652120354
1,All Population,44,Population,102,United States of America,1,Male,14,45-49 years,1,Number,1991,7031726.290817848,7576211.473240306,6516139.2487384565
1,All Population,44,Population,102,United States of America,2,Female,14,45-49 years,1,Number,1991,7285731.235409555,7849884.693141992,6751519.796896163
1,All Population,44,Population,102,United States of America,1,Male,14,45-49 years,1,Number,1992,7590294.390480765,8174493.642125185,6971314.98012613
1,All Population,44,Population,102,United States of America,2,Female,14,45-49 years,1,Number,1992,7836689.601408428,8439853.057921268,7197616.956914484
1,All Population,44,Population,102,United States of America,1,Male,14,45-49 years,1,Number,1993,7980335.4966875315,8642947.104820497,7261856.870698313
1,All Population,44,Population,102,United States of America,2,Female,14,45-49 years,1,Number,1993,8226844.698429115,8909924.100009281,7486172.57034534
1,All Population,44,Population,102,United States of America,1,Male,14,45-49 years,1,Number,1994,8325501.509652107,9093785.030961934,7583146.870774871
1,All Population,44,Population,102,United States of America,2,Female,14,45-49 years,1,Number,1994,8586957.027312368,9379367.859816728,7821289.352437225
1,All Population,44,Population,102,United States of America,1,Male,14,45-49 years,1,Number,1995,8758359.317048322,9634156.512320884,7825317.795199395
1,All Population,44,Population,102,United States of America,2,Female,14,45-49 years,1,Number,1995,9032395.300523672,9935594.882138653,8070160.302841264
1,All Population,44,Population,102,United States of America,1,Male,14,45-49 years,1,Number,1996,9221786.222268552,10117069.54808017,8349807.571011923
1,All Population,44,Population,102,United States of America,2,Female,14,45-49 years,1,Number,1996,9504962.45112248,10427737.517671585,8606207.682945278
1,All Population,44,Population,102,United States of America,1,Male,14,45-49 years,1,Number,1997,9291101.973606238,10077538.964737317,8516320.352636037
1,All Population,44,Population,102,United States of America,2,Female,14,45-49 years,1,Number,1997,9580246.480218615,10391157.848708618,8781353.203799559
1,All Population,44,Population,102,United States of America,1,Male,14,45-49 years,1,Number,1998,9418741.808972169,10172417.243460728,8663240.827308739
1,All Population,44,Population,102,United States of America,2,Female,14,45-49 years,1,Number,1998,9712902.35554132,10490116.133286482,8933806.016216855
1,All Population,44,Population,102,United States of America,1,Male,14,45-49 years,1,Number,1999,9661061.847543566,10364557.462309022,8961610.568434095
1,All Population,44,Population,102,United States of America,2,Female,14,45-49 years,1,Number,1999,9954182.4432455,10679022.404722301,9233509.524234284
1,All Population,44,Population,102,United States of America,1,Male,14,45-49 years,1,Number,2000,9914337.311707165,10609160.798278566,9213117.79296505
1,All Population,44,Population,102,United States of America,2,Female,14,45-49 years,1,Number,2000,10200801.045285549,10915700.68257518,9479320.569599828
1,All Population,44,Population,102,United States of America,1,Male,14,45-49 years,1,Number,2001,10169531.485354725,10933399.895621294,9456715.740467016
1,All Population,44,Population,102,United States of America,2,Female,14,45-49 years,1,Number,2001,10459859.596722137,11245535.547798747,9726693.80431609
1,All Population,44,Population,102,United States of America,1,Male,14,45-49 years,1,Number,2002,10426550.244561229,11351277.066007258,9594749.483077955
1,All Population,44,Population,102,United States of America,2,Female,14,45-49 years,1,Number,2002,10721991.939639242,11672921.373953763,9866621.673269344
1,All Population,44,Population,102,United States of America,1,Male,14,45-49 years,1,Number,2003,10670274.72988286,11642972.01497613,9745829.067601962
1,All Population,44,Population,102,United States of America,2,Female,14,45-49 years,1,Number,2003,10963604.239156079,11963041.30598231,10013745.248790273
1,All Population,44,Population,102,United States of America,1,Male,14,45-49 years,1,Number,2004,10848260.640767457,11826747.197023338,9834165.78810845
1,All Population,44,Population,102,United States of America,2,Female,14,45-49 years,1,Number,2004,11139652.524569973,12144421.915498111,10098318.373441288
1,All Population,44,Population,102,United States of America,1,Male,14,45-49 years,1,Number,2005,11032274.10050486,12202762.340294287,9954499.974459251
1,All Population,44,Population,102,United States of America,2,Female,14,45-49 years,1,Number,2005,11320080.527275957,12521104.088686513,10214189.775659075
1,All Population,44,Population,102,United States of America,1,Male,14,45-49 years,1,Number,2006,11175159.088897908,12282960.665194236,10095295.15787029
1,All Population,44,Population,102,United States of America,2,Female,14,45-49 years,1,Number,2006,11463748.307220142,12600157.940763468,10355997.785471927
1,All Population,44,Population,102,United States of America,1,Male,14,45-49 years,1,Number,2007,11243598.5307574,12213547.12232848,10272923.907419512
1,All Population,44,Population,102,United States of America,2,Female,14,45-49 years,1,Number,2007,11522277.902371027,12516267.254847715,10527544.522992259
1,All Population,44,Population,102,United States of America,1,Male,14,45-49 years,1,Number,2008,11252817.290480502,12124046.005038869,10350401.53281492
1,All Population,44,Population,102,United States of America,2,Female,14,45-49 years,1,Number,2008,11522703.567641098,12414827.731601857,10598644.37411404
1,All Population,44,Population,102,United States of America,1,Male,14,45-49 years,1,Number,2009,11281344.6229488,12163141.271320116,10381893.580610704
1,All Population,44,Population,102,United States of America,2,Female,14,45-49 years,1,Number,2009,11536927.896708412,12438701.992956158,10617099.439295199
1,All Population,44,Population,102,United States of America,1,Male,14,45-49 years,1,Number,2010,11188022.492189258,11967730.25188549,10408301.815395549
1,All Population,44,Population,102,United States of America,2,Female,14,45-49 years,1,Number,2010,11428779.599290406,12225266.033210773,10632279.970307168
1,All Population,44,Population,102,United States of America,1,Male,14,45-49 years,1,Number,2011,11015918.03024112,11833308.857436145,10227418.334291354
1,All Population,44,Population,102,United States of America,2,Female,14,45-49 years,1,Number,2011,11220309.570179023,12052866.429786678,10417179.893627249
1,All Population,44,Population,102,United States of America,1,Male,14,45-49 years,1,Number,2012,10819692.252639798,11732310.969691116,9917656.801798549
1,All Population,44,Population,102,United States of America,2,Female,14,45-49 years,1,Number,2012,10995128.364124078,11922544.75519872,10078466.8418363
1,All Population,44,Population,102,United States of America,1,Male,14,45-49 years,1,Number,2013,10618282.521475192,11587549.917896416,9680791.229024542
1,All Population,44,Population,102,United States of America,2,Female,14,45-49 years,1,Number,2013,10755190.921116104,11736955.7103878,9805611.94572171
1,All Population,44,Population,102,United States of America,1,Male,14,45-49 years,1,Number,2014,10473957.16872797,11477835.810224418,9430589.613765642
1,All Population,44,Population,102,United States of America,2,Female,14,45-49 years,1,Number,2014,10568552.260991972,11581497.389126128,9515761.57697374
1,All Population,44,Population,102,United States of America,1,Male,14,45-49 years,1,Number,2015,10456594.534680808,11465577.579761093,9390825.902302105
1,All Population,44,Population,102,United States of America,2,Female,14,45-49 years,1,Number,2015,10512913.454998534,11527330.85401971,9441404.623123236
1,All Population,44,Population,102,United States of America,1,Male,14,45-49 years,1,Number,2016,10558664.046632567,11507214.030813323,9610576.002460783
1,All Population,44,Population,102,United States of America,2,Female,14,45-49 years,1,Number,2016,10595635.897326348,11547507.29113202,9644228.061042713
1,All Population,44,Population,102,United States of America,1,Male,14,45-49 years,1,Number,2017,10579602.5332086,11535771.07129075,9657528.966032099
1,All Population,44,Population,102,United States of America,2,Female,14,45-49 years,1,Number,2017,10598208.057231992,11556058.134544924,9674512.910997905
1,All Population,44,Population,102,United States of America,1,Male,14,45-49 years,1,Number,2018,10513160.202566681,11443828.149794409,9669140.981057256
1,All Population,44,Population,102,United States of America,2,Female,14,45-49 years,1,Number,2018,10526680.405840285,11458545.216768777,9681575.753192957
1,All Population,44,Population,102,United States of America,1,Male,14,45-49 years,1,Number,2019,10358268.205323784,11151560.546557985,9552044.098637307
1,All Population,44,Population,102,United States of America,2,Female,14,45-49 years,1,Number,2019,10367642.644180305,11161652.93076993,9560688.888633326
1,All Population,44,Population,102,United States of America,1,Male,14,45-49 years,1,Number,2020,10143710.679675566,10859944.546181299,9408817.489099186
1,All Population,44,Population,102,United States of America,2,Female,14,45-49 years,1,Number,2020,10153509.765864551,10870435.532761669,9417906.64950839
1,All Population,44,Population,102,United States of America,1,Male,14,45-49 years,1,Number,2021,9902197.194467532,10629636.188882457,9171440.89540837
1,All Population,44,Population,102,United States of America,2,Female,14,45-49 years,1,Number,2021,9908899.143350663,10636830.478895582,9177648.25796221
1,All Population,44,Population,102,United States of America,1,Male,14,45-49 years,1,Number,2022,9843724.67633064,10687338.386771735,9047497.635519074
1,All Population,44,Population,102,United States of America,2,Female,14,45-49 years,1,Number,2022,9843515.391949989,10687111.166581342,9047305.279474858
1,All Population,44,Population,102,United States of America,1,Male,14,45-49 years,1,Number,2023,9934667.077374171,10740847.889789533,9057449.209448205
1,All Population,44,Population,102,United States of America,2,Female,14,45-49 years,1,Number,2023,9915213.010162964,10719815.159137774,9039712.910454957
1,All Population,44,Population,102,United States of America,1,Male,15,50-54 years,1,Number,1990,5577492.794117357,5966679.198847848,5184081.23936963
1,All Population,44,Population,102,United States of America,2,Female,15,50-54 years,1,Number,1990,5894241.5306111,6305530.035068004,5478487.927654934
1,All Population,44,Population,102,United States of America,1,Male,15,50-54 years,1,Number,1991,5711780.012931085,6154058.260643712,5292975.34959815
1,All Population,44,Population,102,United States of America,2,Female,15,50-54 years,1,Number,1991,6021721.463898013,6487999.29869502,5580190.973461922
1,All Population,44,Population,102,United States of America,1,Male,15,50-54 years,1,Number,1992,5896994.30447537,6350865.983543105,5416101.486664966
1,All Population,44,Population,102,United States of America,2,Female,15,50-54 years,1,Number,1992,6211125.660600008,6689174.966216223,5704615.807193226
1,All Population,44,Population,102,United States of America,1,Male,15,50-54 years,1,Number,1993,6209773.493067948,6725374.372516079,5650700.565763621
1,All Population,44,Population,102,United States of America,2,Female,15,50-54 years,1,Number,1993,6530436.559690658,7072662.268424713,5942493.974010663
1,All Population,44,Population,102,United States of America,1,Male,15,50-54 years,1,Number,1994,6481521.007341507,7079640.625383837,5903587.392026927
1,All Population,44,Population,102,United States of America,2,Female,15,50-54 years,1,Number,1994,6810453.230793206,7438926.96103079,6203189.927450527
1,All Population,44,Population,102,United States of America,1,Male,15,50-54 years,1,Number,1995,6706094.214473621,7376673.976237596,5991683.658223062
1,All Population,44,Population,102,United States of America,2,Female,15,50-54 years,1,Number,1995,7032055.265877051,7735229.691122294,6282919.57624758
1,All Population,44,Population,102,United States of America,1,Male,15,50-54 years,1,Number,1996,6871049.020452468,7538114.540144388,6221347.5512181865
1,All Population,44,Population,102,United States of America,2,Female,15,50-54 years,1,Number,1996,7197514.004091594,7896273.888548519,6516943.190323092
1,All Population,44,Population,102,United States of America,1,Male,15,50-54 years,1,Number,1997,7425919.136636623,8054479.399863662,6806674.435392234
1,All Population,44,Population,102,United States of America,2,Female,15,50-54 years,1,Number,1997,7749042.120453269,8404952.83875872,7102852.310879923
1,All Population,44,Population,102,United States of America,1,Male,15,50-54 years,1,Number,1998,7821262.342531226,8447109.553741647,7193899.2087418735
1,All Population,44,Population,102,United States of America,2,Female,15,50-54 years,1,Number,1998,8145395.689926428,8797179.628821388,7492033.004698725
1,All Population,44,Population,102,United States of America,1,Male,15,50-54 years,1,Number,1999,8179457.753478864,8775066.471395804,7587273.138746547
1,All Population,44,Population,102,United States of America,2,Female,15,50-54 years,1,Number,1999,8519941.14050714,9140343.05128991,7903105.866837884
1,All Population,44,Population,102,United States of America,1,Male,15,50-54 years,1,Number,2000,8619263.393694757,9223324.608740607,8009641.636958557
1,All Population,44,Population,102,United States of America,2,Female,15,50-54 years,1,Number,2000,8977328.521345695,9606483.905834446,8342381.596764618
1,All Population,44,Population,102,United States of America,1,Male,15,50-54 years,1,Number,2001,9070329.334209813,9751632.89859672,8434560.26559022
1,All Population,44,Population,102,United States of America,2,Female,15,50-54 years,1,Number,2001,9448897.613417208,10158636.740448464,8786593.4551209
1,All Population,44,Population,102,United States of America,1,Male,15,50-54 years,1,Number,2002,9141027.719998924,9951742.032019233,8411782.318606356
1,All Population,44,Population,102,United States of America,2,Female,15,50-54 years,1,Number,2002,9533594.808747316,10379125.748287544,8773031.51258658
1,All Population,44,Population,102,United States of America,1,Male,15,50-54 years,1,Number,2003,9268126.593613112,10113004.70628821,8465159.505714154
1,All Population,44,Population,102,United States of America,2,Female,15,50-54 years,1,Number,2003,9675350.16495071,10557350.589121383,8837102.254989386
1,All Population,44,Population,102,United States of America,1,Male,15,50-54 years,1,Number,2004,9505711.52101719,10363103.432860482,8617118.091753585
1,All Population,44,Population,102,United States of America,2,Female,15,50-54 years,1,Number,2004,9923024.921168037,10818057.480237165,8995421.056494331
1,All Population,44,Population,102,United States of America,1,Male,15,50-54 years,1,Number,2005,9760281.523745492,10795815.506721435,8806771.957777357
1,All Population,44,Population,102,United States of America,2,Female,15,50-54 years,1,Number,2005,10178321.065794734,11258207.678453181,9183972.032099446
1,All Population,44,Population,102,United States of America,1,Male,15,50-54 years,1,Number,2006,10023569.515286418,11017213.18700664,9054984.540915977
1,All Population,44,Population,102,United States of America,2,Female,15,50-54 years,1,Number,2006,10449847.593859877,11485748.518799284,9440071.051836807
1,All Population,44,Population,102,United States of America,1,Male,15,50-54 years,1,Number,2007,10287398.409089593,11174858.733338192,9399273.7976893
1,All Population,44,Population,102,United States of America,2,Female,15,50-54 years,1,Number,2007,10719253.386568,11643968.43189387,9793846.167962039
1,All Population,44,Population,102,United States of America,1,Male,15,50-54 years,1,Number,2008,10540201.337201027,11356257.070191957,9694933.567350663
1,All Population,44,Population,102,United States of America,2,Female,15,50-54 years,1,Number,2008,10965737.367014792,11814739.44567922,10086343.883679038
1,All Population,44,Population,102,United States of America,1,Male,15,50-54 years,1,Number,2009,10724505.48818685,11562777.28210808,9869450.708609618
1,All Population,44,Population,102,United States of America,2,Female,15,50-54 years,1,Number,2009,11139424.8302368,12010128.439459536,10251288.92007041
1,All Population,44,Population,102,United States of America,1,Male,15,50-54 years,1,Number,2010,10911292.764012126,11671714.870989209,10150858.05943503
1,All Population,44,Population,102,United States of America,2,Female,15,50-54 years,1,Number,2010,11309543.766959233,12097720.501487475,10521353.975031493
1,All Population,44,Population,102,United States of America,1,Male,15,50-54 years,1,Number,2011,11058332.875410821,11878870.921501579,10266797.200759303
1,All Population,44,Population,102,United States of America,2,Female,15,50-54 years,1,Number,2011,11441939.248165432,12290941.225222487,10622945.715943526
1,All Population,44,Population,102,United States of America,1,Male,15,50-54 years,1,Number,2012,11133315.930118635,12072388.157260116,10205133.739730325
1,All Population,44,Population,102,United States of America,2,Female,15,50-54 years,1,Number,2012,11490362.299086193,12459550.650750116,10532413.228560945
1,All Population,44,Population,102,United States of America,1,Male,15,50-54 years,1,Number,2013,11149901.070920058,12167696.13895555,10165473.020099886
1,All Population,44,Population,102,United States of America,2,Female,15,50-54 years,1,Number,2013,11480641.15131638,12528627.126023408,10467011.961346928
1,All Population,44,Population,102,United States of America,1,Male,15,50-54 years,1,Number,2014,11184525.885480348,12256509.136015395,10070374.735293455
1,All Population,44,Population,102,United States of America,2,Female,15,50-54 years,1,Number,2014,11483773.582369627,12584438.291744422,10339812.749671938
1,All Population,44,Population,102,United States of America,1,Male,15,50-54 years,1,Number,2015,11099211.939286029,12170202.750237865,9967945.742649926
1,All Population,44,Population,102,United States of America,2,Female,15,50-54 years,1,Number,2015,11367384.653332151,12464252.1223803,10208785.459730133
1,All Population,44,Population,102,United States of America,1,Male,15,50-54 years,1,Number,2016,10932074.012305345,11914169.719265753,9950456.581985332
1,All Population,44,Population,102,United States of America,2,Female,15,50-54 years,1,Number,2016,11150596.84887072,12152323.811475951,10149357.72324805
1,All Population,44,Population,102,United States of America,1,Male,15,50-54 years,1,Number,2017,10738199.96660158,11708702.301776288,9802303.71556766
1,All Population,44,Population,102,United States of America,2,Female,15,50-54 years,1,Number,2017,10916850.77348332,11903499.299434772,9965384.071077213
1,All Population,44,Population,102,United States of America,1,Male,15,50-54 years,1,Number,2018,10538640.07368215,11471563.603331314,9692575.273053918
1,All Population,44,Population,102,United States of America,2,Female,15,50-54 years,1,Number,2018,10670141.302204767,11614705.85853373,9813519.29875772
1,All Population,44,Population,102,United States of America,1,Male,15,50-54 years,1,Number,2019,10393779.406839266,11189791.388425684,9584791.325890714
1,All Population,44,Population,102,United States of America,2,Female,15,50-54 years,1,Number,2019,10476994.456209108,11279379.497464573,9661529.42587952
1,All Population,44,Population,102,United States of America,1,Male,15,50-54 years,1,Number,2020,10366414.08008299,11098372.736322463,9615386.437564332
1,All Population,44,Population,102,United States of America,2,Female,15,50-54 years,1,Number,2020,10410044.038424604,11145083.347764831,9655855.485633276
1,All Population,44,Population,102,United States of America,1,Male,15,50-54 years,1,Number,2021,10444628.247363606,11211915.519075878,9673841.95284742
1,All Population,44,Population,102,United States of America,2,Female,15,50-54 years,1,Number,2021,10474613.878307564,11244103.96589922,9701614.722517943
1,All Population,44,Population,102,United States of America,1,Male,15,50-54 years,1,Number,2022,10446768.313842205,11342063.262567246,9601763.024271749
1,All Population,44,Population,102,United States of America,2,Female,15,50-54 years,1,Number,2022,10467265.563830847,11364317.140426468,9620602.31802534
1,All Population,44,Population,102,United States of America,1,Male,15,50-54 years,1,Number,2023,10372046.102569127,11213719.455914037,9456208.249396663
1,All Population,44,Population,102,United States of America,2,Female,15,50-54 years,1,Number,2023,10395078.534997193,11238620.929845167,9477206.948725235
1,All Population,44,Population,102,United States of America,1,Male,16,55-59 years,1,Number,1990,5026758.607129159,5377515.870647282,4672193.394412437
1,All Population,44,Population,102,United States of America,2,Female,16,55-59 years,1,Number,1990,5483499.5902743675,5866127.33533051,5096717.898410299
1,All Population,44,Population,102,United States of America,1,Male,16,55-59 years,1,Number,1991,5014117.513977162,5402373.907410809,4646467.535756909
1,All Population,44,Population,102,United States of America,2,Female,16,55-59 years,1,Number,1991,5458178.619263195,5880819.839682233,5057968.762812772
1,All Population,44,Population,102,United States of America,1,Male,16,55-59 years,1,Number,1992,5045625.739476344,5433970.463598855,4634161.007751568
1,All Population,44,Population,102,United States of America,2,Female,16,55-59 years,1,Number,1992,5478883.338266483,5900574.4323664075,5032086.968632232
1,All Population,44,Population,102,United States of America,1,Male,16,55-59 years,1,Number,1993,5119770.475478764,5544867.809975139,4658831.752021712
1,All Population,44,Population,102,United States of America,2,Female,16,55-59 years,1,Number,1993,5538471.126017272,5998333.403854035,5039836.309679843
1,All Population,44,Population,102,United States of America,1,Male,16,55-59 years,1,Number,1994,5222238.815633192,5704150.928884756,4756590.805646576
1,All Population,44,Population,102,United States of America,2,Female,16,55-59 years,1,Number,1994,5635287.37138869,6155315.9150462635,5132809.326467704
1,All Population,44,Population,102,United States of America,1,Male,16,55-59 years,1,Number,1995,5340068.079563568,5874051.269490794,4771182.393629866
1,All Population,44,Population,102,United States of America,2,Female,16,55-59 years,1,Number,1995,5749772.208435166,6324723.99921197,5137240.10996321
1,All Population,44,Population,102,United States of America,1,Male,16,55-59 years,1,Number,1996,5472943.6601438755,6004276.211553626,4955441.961866404
1,All Population,44,Population,102,United States of America,2,Female,16,55-59 years,1,Number,1996,5878771.817018128,6449503.588192593,5322896.480451508
1,All Population,44,Population,102,United States of America,1,Male,16,55-59 years,1,Number,1997,5659615.444965736,6138668.5168340495,5187662.167413174
1,All Population,44,Population,102,United States of America,2,Female,16,55-59 years,1,Number,1997,6072011.761049541,6585971.749115289,5565668.904395898
1,All Population,44,Population,102,United States of America,1,Male,16,55-59 years,1,Number,1998,5969954.946131333,6447662.954181471,5491089.837206464
1,All Population,44,Population,102,United States of America,2,Female,16,55-59 years,1,Number,1998,6392866.440611796,6904415.274837799,5880078.536507175
1,All Population,44,Population,102,United States of America,1,Male,16,55-59 years,1,Number,1999,6243729.971806765,6698383.58279286,5791690.125244267
1,All Population,44,Population,102,United States of America,2,Female,16,55-59 years,1,Number,1999,6677977.4551918395,7164251.938200612,6194498.522274565
1,All Population,44,Population,102,United States of America,1,Male,16,55-59 years,1,Number,2000,6475299.344200434,6929105.778808834,6017315.5025078915
1,All Population,44,Population,102,United States of America,2,Female,16,55-59 years,1,Number,2000,6909860.569142254,7394122.225915253,6421141.156988752
1,All Population,44,Population,102,United States of America,1,Male,16,55-59 years,1,Number,2001,6644472.474655704,7143561.605121988,6178739.652723014
1,All Population,44,Population,102,United States of America,2,Female,16,55-59 years,1,Number,2001,7080751.495027388,7612611.03996202,6584438.448692724
1,All Population,44,Population,102,United States of America,1,Male,16,55-59 years,1,Number,2002,7185059.223086804,7822299.424440299,6611855.469891106
1,All Population,44,Population,102,United States of America,2,Female,16,55-59 years,1,Number,2002,7627994.933271213,8304518.936244273,7019455.018797079
1,All Population,44,Population,102,United States of America,1,Male,16,55-59 years,1,Number,2003,7572615.920192218,8262932.06791018,6916543.596212063
1,All Population,44,Population,102,United States of America,2,Female,16,55-59 years,1,Number,2003,8025220.293148952,8756795.6451462,7329935.469031623
1,All Population,44,Population,102,United States of America,1,Male,16,55-59 years,1,Number,2004,7925518.589207701,8640380.966476982,7184641.514797715
1,All Population,44,Population,102,United States of America,2,Female,16,55-59 years,1,Number,2004,8402450.695854064,9160331.181744974,7616990.032384617
1,All Population,44,Population,102,United States of America,1,Male,16,55-59 years,1,Number,2005,8351631.287115554,9237712.082024273,7535736.755351317
1,All Population,44,Population,102,United States of America,2,Female,16,55-59 years,1,Number,2005,8856545.342821585,9796195.869494058,7991324.325859541
1,All Population,44,Population,102,United States of America,1,Male,16,55-59 years,1,Number,2006,8793395.35138537,9665090.97144497,7943683.021056169
1,All Population,44,Population,102,United States of America,2,Female,16,55-59 years,1,Number,2006,9330562.054023722,10255507.396542111,8428942.905857407
1,All Population,44,Population,102,United States of America,1,Male,16,55-59 years,1,Number,2007,8867227.119585725,9632173.896389904,8101707.7602089215
1,All Population,44,Population,102,United States of America,2,Female,16,55-59 years,1,Number,2007,9422550.288221743,10235402.984453037,8609089.15059023
1,All Population,44,Population,102,United States of America,1,Male,16,55-59 years,1,Number,2008,9001353.431336189,9698266.69108518,8279493.032551727
1,All Population,44,Population,102,United States of America,2,Female,16,55-59 years,1,Number,2008,9573634.639999013,10314855.721417785,8805880.34929558
1,All Population,44,Population,102,United States of America,1,Male,16,55-59 years,1,Number,2009,9239086.807972835,9961252.1219115,8502463.068744209
1,All Population,44,Population,102,United States of America,2,Female,16,55-59 years,1,Number,2009,9822464.839694917,10590229.398253726,9039328.916303229
1,All Population,44,Population,102,United States of America,1,Male,16,55-59 years,1,Number,2010,9497877.500963176,10159796.869941501,8835947.166239152
1,All Population,44,Population,102,United States of America,2,Female,16,55-59 years,1,Number,2010,10078655.950850135,10781050.521264402,9376249.744154168
1,All Population,44,Population,102,United States of America,1,Male,16,55-59 years,1,Number,2011,9765015.234001296,10489587.971178574,9066052.921299128
1,All Population,44,Population,102,United States of America,2,Female,16,55-59 years,1,Number,2011,10344103.933889719,11111645.563003346,9603691.488521669
1,All Population,44,Population,102,United States of America,1,Male,16,55-59 years,1,Number,2012,10030818.78063233,10876897.648016147,9194551.544021513
1,All Population,44,Population,102,United States of America,2,Female,16,55-59 years,1,Number,2012,10602218.330174755,11496493.570583867,9718313.634175364
1,All Population,44,Population,102,United States of America,1,Male,16,55-59 years,1,Number,2013,10283963.077871386,11222712.83304324,9375988.947602252
1,All Population,44,Population,102,United States of America,2,Female,16,55-59 years,1,Number,2013,10833555.564526612,11822473.704044579,9877057.751675712
1,All Population,44,Population,102,United States of America,1,Male,16,55-59 years,1,Number,2014,10470476.398303786,11474021.424622273,9427455.58172012
1,All Population,44,Population,102,United States of America,2,Female,16,55-59 years,1,Number,2014,10992490.886900872,12046068.502355672,9897469.382148592
1,All Population,44,Population,102,United States of America,1,Male,16,55-59 years,1,Number,2015,10657596.488414224,11685974.716378618,9571341.11184501
1,All Population,44,Population,102,United States of America,2,Female,16,55-59 years,1,Number,2015,11146793.932996701,12222376.049917793,10010678.031593457
1,All Population,44,Population,102,United States of America,1,Male,16,55-59 years,1,Number,2016,10807338.8243479,11778228.799215574,9836921.668974385
1,All Population,44,Population,102,United States of America,2,Female,16,55-59 years,1,Number,2016,11267712.180800255,12279960.336783592,10255956.985578135
1,All Population,44,Population,102,United States of America,1,Male,16,55-59 years,1,Number,2017,10884574.19134522,11868305.608429834,9935920.579802867
1,All Population,44,Population,102,United States of America,2,Female,16,55-59 years,1,Number,2017,11307651.21579697,12329619.696958078,10322123.993936826
1,All Population,44,Population,102,United States of America,1,Male,16,55-59 years,1,Number,2018,10904007.812246852,11869275.188720515,10028610.499954548
1,All Population,44,Population,102,United States of America,2,Female,16,55-59 years,1,Number,2018,11293203.57717377,12292924.154838627,10386560.787765251
1,All Population,44,Population,102,United States of America,1,Male,16,55-59 years,1,Number,2019,10936008.302729934,11773547.113104666,10084816.448086435
1,All Population,44,Population,102,United States of America,2,Female,16,55-59 years,1,Number,2019,11289927.799795361,12154571.684191171,10411189.020829722
1,All Population,44,Population,102,United States of America,1,Male,16,55-59 years,1,Number,2020,10840562.071629949,11605999.684437264,10055183.278795905
1,All Population,44,Population,102,United States of America,2,Female,16,55-59 years,1,Number,2020,11166619.403044464,11955079.488648592,10357618.355972223
1,All Population,44,Population,102,United States of America,1,Male,16,55-59 years,1,Number,2021,10648967.55915405,11431266.08347714,9863101.556942314
1,All Population,44,Population,102,United States of America,2,Female,16,55-59 years,1,Number,2021,10936283.636272475,11739689.084050393,10129214.457730077
1,All Population,44,Population,102,United States of America,1,Male,16,55-59 years,1,Number,2022,10438347.146284431,11332920.395384254,9594023.01771199
1,All Population,44,Population,102,United States of America,2,Female,16,55-59 years,1,Number,2022,10694965.813570365,11611531.452054877,9829884.63126181
1,All Population,44,Population,102,United States of America,1,Male,16,55-59 years,1,Number,2023,10236011.983589318,11066646.406721344,9332185.76189753
1,All Population,44,Population,102,United States of America,2,Female,16,55-59 years,1,Number,2023,10450785.511949006,11298848.430291776,9527995.073825277
1,All Population,44,Population,102,United States of America,1,Male,17,60-64 years,1,Number,1990,4972326.508417857,5319285.607853772,4621600.694042408
1,All Population,44,Population,102,United States of America,2,Female,17,60-64 years,1,Number,1990,5683144.679081577,6079703.263172944,5282280.909896272
1,All Population,44,Population,102,United States of America,1,Male,17,60-64 years,1,Number,1991,4944327.528969923,5327179.8991031265,4581794.759589787
1,All Population,44,Population,102,United States of America,2,Female,17,60-64 years,1,Number,1991,5618823.677872499,6053904.070469834,5206834.84892407
1,All Population,44,Population,102,United States of America,1,Male,17,60-64 years,1,Number,1992,4878823.8343562335,5254330.380783524,4480961.598077057
1,All Population,44,Population,102,United States of America,2,Female,17,60-64 years,1,Number,1992,5522332.314738695,5947367.529400216,5071992.733147999
1,All Population,44,Population,102,United States of America,1,Male,17,60-64 years,1,Number,1993,4808152.076681589,5207375.565593836,4375268.709931493
1,All Population,44,Population,102,United States of America,2,Female,17,60-64 years,1,Number,1993,5425675.608009251,5876172.412476066,4937195.899665688
1,All Population,44,Population,102,United States of America,1,Male,17,60-64 years,1,Number,1994,4749778.311579384,5188091.4152921885,4326257.883512489
1,All Population,44,Population,102,United States of America,2,Female,17,60-64 years,1,Number,1994,5343953.010316025,5837097.000707471,4867452.189008042
1,All Population,44,Population,102,United States of America,1,Male,17,60-64 years,1,Number,1995,4723738.975792913,5196091.981240667,4220511.779551747
1,All Population,44,Population,102,United States of America,2,Female,17,60-64 years,1,Number,1995,5292703.311468954,5821950.234071403,4728863.467308265
1,All Population,44,Population,102,United States of America,1,Male,17,60-64 years,1,Number,1996,4723336.66380189,5181894.740878658,4276715.083745378
1,All Population,44,Population,102,United States of America,2,Female,17,60-64 years,1,Number,1996,5276403.592061634,5788655.344853107,4777486.009632608
1,All Population,44,Population,102,United States of America,1,Male,17,60-64 years,1,Number,1997,4763918.344163627,5167155.938500784,4366656.922714805
1,All Population,44,Population,102,United States of America,2,Female,17,60-64 years,1,Number,1997,5304645.699728564,5753652.67596905,4862293.220379651
1,All Population,44,Population,102,United States of America,1,Male,17,60-64 years,1,Number,1998,4848804.189283692,5236799.176111676,4459869.403810754
1,All Population,44,Population,102,United States of America,2,Female,17,60-64 years,1,Number,1998,5374008.604637087,5804029.763746352,4942945.851392969
1,All Population,44,Population,102,United States of America,1,Male,17,60-64 years,1,Number,1999,4963002.658013121,5324396.742957238,4603686.1965152975
1,All Population,44,Population,102,United States of America,2,Female,17,60-64 years,1,Number,1999,5481974.665678604,5881159.0615988895,5085085.146445315
1,All Population,44,Population,102,United States of America,1,Male,17,60-64 years,1,Number,2000,5088045.915255939,5444629.889708666,4728179.491927721
1,All Population,44,Population,102,United States of America,2,Female,17,60-64 years,1,Number,2000,5603151.101113752,5995835.035648139,5206852.408116611
1,All Population,44,Population,102,United States of America,1,Male,17,60-64 years,1,Number,2001,5219539.118598423,5611596.6145204045,4853684.539146823
1,All Population,44,Population,102,United States of America,2,Female,17,60-64 years,1,Number,2001,5730114.569327004,6160523.139576336,5328472.0855106255
1,All Population,44,Population,102,United States of America,1,Male,17,60-64 years,1,Number,2002,5404658.443303918,5883995.568820084,4973490.041171848
1,All Population,44,Population,102,United States of America,2,Female,17,60-64 years,1,Number,2002,5923159.15239139,6448481.9108720245,5450626.22656429
1,All Population,44,Population,102,United States of America,1,Male,17,60-64 years,1,Number,2003,5705882.650752655,6226028.261240496,5211539.384107445
1,All Population,44,Population,102,United States of America,2,Female,17,60-64 years,1,Number,2003,6238981.063238169,6807723.677237079,5698451.496102412
1,All Population,44,Population,102,United States of America,1,Male,17,60-64 years,1,Number,2004,5971164.45872829,6509748.877146652,5412980.30898349
1,All Population,44,Population,102,United States of America,2,Female,17,60-64 years,1,Number,2004,6518936.300066174,7106928.397779264,5909546.4664678015
1,All Population,44,Population,102,United States of America,1,Male,17,60-64 years,1,Number,2005,6197170.944361096,6854670.535493215,5591751.749944201
1,All Population,44,Population,102,United States of America,2,Female,17,60-64 years,1,Number,2005,6748314.713978096,7464288.8584881425,6089052.722580906
1,All Population,44,Population,102,United States of America,1,Male,17,60-64 years,1,Number,2006,6373315.825239938,7005107.217315003,5757457.578750951
1,All Population,44,Population,102,United States of America,2,Female,17,60-64 years,1,Number,2006,6928149.183668278,7614941.606525924,6258676.977258765
1,All Population,44,Population,102,United States of America,1,Male,17,60-64 years,1,Number,2007,6907988.549071042,7503918.201435573,6311612.82785074
1,All Population,44,Population,102,United States of America,2,Female,17,60-64 years,1,Number,2007,7476461.363078494,8121431.311909022,6831008.637453861
1,All Population,44,Population,102,United States of America,1,Male,17,60-64 years,1,Number,2008,7292393.859564494,7856994.062723964,6707582.8775589615
1,All Population,44,Population,102,United States of America,2,Female,17,60-64 years,1,Number,2008,7874376.432892719,8484035.56806605,7242893.561412678
1,All Population,44,Population,102,United States of America,1,Male,17,60-64 years,1,Number,2009,7640802.224584359,8238038.991804528,7031608.218470817
1,All Population,44,Population,102,United States of America,2,Female,17,60-64 years,1,Number,2009,8250423.188629445,8895310.45681723,7592624.6739340015
1,All Population,44,Population,102,United States of America,1,Male,17,60-64 years,1,Number,2010,8051253.012748424,8612355.249868544,7490141.48007853
1,All Population,44,Population,102,United States of America,2,Female,17,60-64 years,1,Number,2010,8692672.735318013,9298476.342609568,8086859.091927481
1,All Population,44,Population,102,United States of America,1,Male,17,60-64 years,1,Number,2011,8473323.305975223,9102051.363604967,7866817.989568172
1,All Population,44,Population,102,United States of America,2,Female,17,60-64 years,1,Number,2011,9150783.467568157,9829779.666296624,8495786.765334917
1,All Population,44,Population,102,United States of America,1,Male,17,60-64 years,1,Number,2012,8540698.547641769,9261088.847963778,7828662.319158319
1,All Population,44,Population,102,United States of America,2,Female,17,60-64 years,1,Number,2012,9231761.055458756,10010441.052433858,8462111.092107194
1,All Population,44,Population,102,United States of America,1,Male,17,60-64 years,1,Number,2013,8668307.593577756,9459575.665002003,7902980.162062591
1,All Population,44,Population,102,United States of America,2,Female,17,60-64 years,1,Number,2013,9370932.25508492,10226337.928324057,8543569.885180064
1,All Population,44,Population,102,United States of America,1,Male,17,60-64 years,1,Number,2014,8894882.014554521,9747413.863711074,8008814.681100719
1,All Population,44,Population,102,United States of America,2,Female,17,60-64 years,1,Number,2014,9603294.068146786,10523723.820504928,8646657.976356903
1,All Population,44,Population,102,United States of America,1,Male,17,60-64 years,1,Number,2015,9141808.357488204,10023924.385176413,8210046.82094644
1,All Population,44,Population,102,United States of America,2,Female,17,60-64 years,1,Number,2015,9841253.89838224,10790861.181409696,8838202.697211172
1,All Population,44,Population,102,United States of America,1,Male,17,60-64 years,1,Number,2016,9394972.968255667,10238981.397831537,8551375.567374155
1,All Population,44,Population,102,United States of America,2,Female,17,60-64 years,1,Number,2016,10085861.151645385,10991936.332519589,9180227.225722596
1,All Population,44,Population,102,United States of America,1,Male,17,60-64 years,1,Number,2017,9647784.886204267,10519737.149194928,8806924.617829334
1,All Population,44,Population,102,United States of America,2,Female,17,60-64 years,1,Number,2017,10323771.862352062,11256818.809827982,9423995.41820352
1,All Population,44,Population,102,United States of America,1,Male,17,60-64 years,1,Number,2018,9887522.396425901,10762806.325762704,9093730.730086507
1,All Population,44,Population,102,United States of America,2,Female,17,60-64 years,1,Number,2018,10535984.559963584,11468673.012675496,9690132.949715624
1,All Population,44,Population,102,United States of America,1,Male,17,60-64 years,1,Number,2019,10063278.283988768,10833978.697624873,9280014.384655062
1,All Population,44,Population,102,United States of America,2,Female,17,60-64 years,1,Number,2019,10680147.661467217,11498091.276669009,9848870.430856358
1,All Population,44,Population,102,United States of America,1,Male,17,60-64 years,1,Number,2020,10227141.148720758,10949265.929243622,9486203.574040372
1,All Population,44,Population,102,United States of America,2,Female,17,60-64 years,1,Number,2020,10813811.597993972,11577360.395576937,10030370.827796865
1,All Population,44,Population,102,United States of America,1,Male,17,60-64 years,1,Number,2021,10339248.613292968,11098794.446056418,9576239.06063289
1,All Population,44,Population,102,United States of America,2,Female,17,60-64 years,1,Number,2021,10909323.42253151,11710748.30878477,10104243.837372102
1,All Population,44,Population,102,United States of America,1,Male,17,60-64 years,1,Number,2022,10388434.815685147,11278730.545065746,9548147.934049185
1,All Population,44,Population,102,United States of America,2,Female,17,60-64 years,1,Number,2022,10932281.285923472,11869185.017229522,10048004.422863621
1,All Population,44,Population,102,United States of America,1,Male,17,60-64 years,1,Number,2023,10397769.436163358,11241530.192922346,9479660.24690326
1,All Population,44,Population,102,United States of America,2,Female,17,60-64 years,1,Number,2023,10913940.57074121,11799587.709940432,9950254.157943292
1,All Population,44,Population,102,United States of America,1,Male,18,65-69 years,1,Number,1990,4521819.515788734,4837343.12920265,4202870.462574121
1,All Population,44,Population,102,United States of America,2,Female,18,65-69 years,1,Number,1990,5556010.306697911,5943697.705987776,5164114.031142377
1,All Population,44,Population,102,United States of America,1,Male,18,65-69 years,1,Number,1991,4535388.026217975,4886575.128030595,4202839.914927931
1,All Population,44,Population,102,United States of America,2,Female,18,65-69 years,1,Number,1991,5561048.717906188,5991655.442400459,5153296.120500813
1,All Population,44,Population,102,United States of America,1,Male,18,65-69 years,1,Number,1992,4522784.010999204,4870887.378095052,4153956.3955906876
1,All Population,44,Population,102,United States of America,2,Female,18,65-69 years,1,Number,1992,5521392.929633202,5946355.843004759,5071129.95377198
1,All Population,44,Population,102,United States of America,1,Male,18,65-69 years,1,Number,1993,4534501.528475934,4911003.663143327,4126255.2299239864
1,All Population,44,Population,102,United States of America,2,Female,18,65-69 years,1,Number,1993,5503251.841019175,5960189.842416737,5007787.856723113
1,All Population,44,Population,102,United States of America,1,Male,18,65-69 years,1,Number,1994,4509200.964361883,4925313.410101909,4107131.9418960367
1,All Population,44,Population,102,United States of America,2,Female,18,65-69 years,1,Number,1994,5436591.152715359,5938283.860342355,4951830.125740801
1,All Population,44,Population,102,United States of America,1,Male,18,65-69 years,1,Number,1995,4494189.296761304,4943588.349557187,4015416.381751406
1,All Population,44,Population,102,United States of America,2,Female,18,65-69 years,1,Number,1995,5374749.780753242,5912200.987409364,4802169.399718901
1,All Population,44,Population,102,United States of America,1,Male,18,65-69 years,1,Number,1996,4480098.928315601,4915042.633562411,4056477.0261318944
1,All Population,44,Population,102,United States of America,2,Female,18,65-69 years,1,Number,1996,5318657.914875805,5835011.865413701,4815744.916967695
1,All Population,44,Population,102,United States of America,1,Male,18,65-69 years,1,Number,1997,4432363.264961307,4807536.677070908,4062750.101214857
1,All Population,44,Population,102,United States of America,2,Female,18,65-69 years,1,Number,1997,5233645.6209798865,5676642.859251743,4797213.812425263
1,All Population,44,Population,102,United States of America,1,Male,18,65-69 years,1,Number,1998,4381667.107726593,4732282.394585214,4030202.563061359
1,All Population,44,Population,102,United States of America,2,Female,18,65-69 years,1,Number,1998,5150748.739759648,5562904.935684014,4737594.222084772
1,All Population,44,Population,102,United States of America,1,Male,18,65-69 years,1,Number,1999,4341215.240868172,4657332.240520776,4026915.5706008878
1,All Population,44,Population,102,United States of America,2,Female,18,65-69 years,1,Number,1999,5081142.317329041,5451139.052123678,4713272.661873236
1,All Population,44,Population,102,United States of America,1,Male,18,65-69 years,1,Number,2000,4335376.088459189,4639210.932349809,4028744.3652550937
1,All Population,44,Population,102,United States of America,2,Female,18,65-69 years,1,Number,2000,5045468.2139766915,5399068.228339811,4688613.218872217
1,All Population,44,Population,102,United States of America,1,Male,18,65-69 years,1,Number,2001,4348522.245063059,4675154.674406409,4043720.088961836
1,All Population,44,Population,102,United States of America,2,Female,18,65-69 years,1,Number,2001,5035375.010814728,5413599.308575764,4682429.096414262
1,All Population,44,Population,102,United States of America,1,Male,18,65-69 years,1,Number,2002,4396449.316875932,4786368.7539940635,4045712.9943317045
1,All Population,44,Population,102,United States of America,2,Female,18,65-69 years,1,Number,2002,5066787.094007698,5516158.536573712,4662573.114866547
1,All Population,44,Population,102,United States of America,1,Male,18,65-69 years,1,Number,2003,4485741.833986408,4894659.974709461,4097108.4870935464
1,All Population,44,Population,102,United States of America,2,Female,18,65-69 years,1,Number,2003,5140055.961461279,5608621.073935729,4694734.490576702
1,All Population,44,Population,102,United States of America,1,Male,18,65-69 years,1,Number,2004,4601832.414570266,5016906.434351653,4171653.3546315907
1,All Population,44,Population,102,United States of America,2,Female,18,65-69 years,1,Number,2004,5249995.638416271,5723532.39446428,4759226.313295822
1,All Population,44,Population,102,United States of America,1,Male,18,65-69 years,1,Number,2005,4725466.762063252,5226823.347489076,4263822.520518598
1,All Population,44,Population,102,United States of America,2,Female,18,65-69 years,1,Number,2005,5370019.983017737,5939761.559441118,4845407.510437896
1,All Population,44,Population,102,United States of America,1,Male,18,65-69 years,1,Number,2006,4862393.318163539,5344405.87293653,4392536.636841579
1,All Population,44,Population,102,United States of America,2,Female,18,65-69 years,1,Number,2006,5505316.075275162,6051062.0264230305,4973333.289947094
1,All Population,44,Population,102,United States of America,1,Male,18,65-69 years,1,Number,2007,5050071.380949693,5485724.575955368,4614092.088188287
1,All Population,44,Population,102,United States of America,2,Female,18,65-69 years,1,Number,2007,5703568.573004827,6195596.840394631,5211172.009650271
1,All Population,44,Population,102,United States of America,1,Male,18,65-69 years,1,Number,2008,5346686.420264933,5760643.797944456,4917910.767697875
1,All Population,44,Population,102,United States of America,2,Female,18,65-69 years,1,Number,2008,6018796.755049871,6484791.041167554,5536121.448614539
1,All Population,44,Population,102,United States of America,1,Male,18,65-69 years,1,Number,2009,5601971.7607486285,6039845.089505046,5155331.798247697
1,All Population,44,Population,102,United States of America,2,Female,18,65-69 years,1,Number,2009,6292626.981626157,6784484.784689926,5790921.72513085
1,All Population,44,Population,102,United States of America,1,Male,18,65-69 years,1,Number,2010,5820340.719426114,6225967.79303816,5414706.925957321
1,All Population,44,Population,102,United States of America,2,Female,18,65-69 years,1,Number,2010,6516833.868967326,6971000.451116443,6062659.762827408
1,All Population,44,Population,102,United States of America,1,Male,18,65-69 years,1,Number,2011,5991149.375682949,6435697.939914709,5562313.626529119
1,All Population,44,Population,102,United States of America,2,Female,18,65-69 years,1,Number,2011,6690831.7762813615,7187297.391332572,6211914.013207429
1,All Population,44,Population,102,United States of America,1,Male,18,65-69 years,1,Number,2012,6504102.42055802,7052710.039704655,5961856.779716034
1,All Population,44,Population,102,United States of America,2,Female,18,65-69 years,1,Number,2012,7223464.024089312,7832748.31022253,6621245.358764962
1,All Population,44,Population,102,United States of America,1,Male,18,65-69 years,1,Number,2013,6868133.529518031,7495076.530042413,6261743.99653196
1,All Population,44,Population,102,United States of America,2,Female,18,65-69 years,1,Number,2013,7603873.034775722,8297976.455383396,6932524.844088085
1,All Population,44,Population,102,United States of America,1,Male,18,65-69 years,1,Number,2014,7193642.518471589,7883118.708083638,6477044.857734519
1,All Population,44,Population,102,United States of America,2,Female,18,65-69 years,1,Number,2014,7959828.721625411,8722740.19003083,7166907.106860983
1,All Population,44,Population,102,United States of America,1,Male,18,65-69 years,1,Number,2015,7572983.128660904,8303719.273411991,6801121.138096851
1,All Population,44,Population,102,United States of America,2,Female,18,65-69 years,1,Number,2015,8376541.783224263,9184815.31890056,7522778.595719881
1,All Population,44,Population,102,United States of America,1,Male,18,65-69 years,1,Number,2016,7955639.360842082,8670343.565516656,7241283.214226887
1,All Population,44,Population,102,United States of America,2,Female,18,65-69 years,1,Number,2016,8803571.95696305,9594451.182178542,8013077.886734096
1,All Population,44,Population,102,United States of America,1,Male,18,65-69 years,1,Number,2017,8008659.506058176,8732470.086641768,7310658.4974311115
1,All Population,44,Population,102,United States of America,2,Female,18,65-69 years,1,Number,2017,8871042.5606963,9672794.022521114,8097879.879693856
1,All Population,44,Population,102,United States of America,1,Male,18,65-69 years,1,Number,2018,8123326.868954757,8842436.993419927,7471168.632240367
1,All Population,44,Population,102,United States of America,2,Female,18,65-69 years,1,Number,2018,9000032.66399303,9796752.371768054,8277490.591365977
1,All Population,44,Population,102,United States of America,1,Male,18,65-69 years,1,Number,2019,8329522.070348602,8967442.032794897,7681203.1277245255
1,All Population,44,Population,102,United States of America,2,Female,18,65-69 years,1,Number,2019,9218161.058228508,9924137.8125278,8500675.903650003
1,All Population,44,Population,102,United States of America,1,Male,18,65-69 years,1,Number,2020,8543772.238162555,9147036.587661846,7924791.6463519465
1,All Population,44,Population,102,United States of America,2,Female,18,65-69 years,1,Number,2020,9434789.268158628,10100967.140398195,8751256.130567737
1,All Population,44,Population,102,United States of America,1,Male,18,65-69 years,1,Number,2021,8743158.203312367,9385451.432433438,8097935.955636774
1,All Population,44,Population,102,United States of America,2,Female,18,65-69 years,1,Number,2021,9643037.504819844,10351438.011076247,8931406.514210211
1,All Population,44,Population,102,United States of America,1,Male,18,65-69 years,1,Number,2022,8952514.174778633,9719750.556239147,8228374.268026921
1,All Population,44,Population,102,United States of America,2,Female,18,65-69 years,1,Number,2022,9850035.77045214,10694190.345830424,9053298.245655917
1,All Population,44,Population,102,United States of America,1,Male,18,65-69 years,1,Number,2023,9168492.525340216,9912499.61638172,8358926.849657818
1,All Population,44,Population,102,United States of America,2,Female,18,65-69 years,1,Number,2023,10044624.944072591,10859728.644554157,9157697.943003498
1,All Population,44,Population,102,United States of America,1,Male,19,70-74 years,1,Number,1990,3460334.0117486673,3701789.2682430362,3216257.4286387255
1,All Population,44,Population,102,United States of America,2,Female,19,70-74 years,1,Number,1990,4626301.280984049,4949115.425117996,4299982.548380224
1,All Population,44,Population,102,United States of America,1,Male,19,70-74 years,1,Number,1991,3543535.1325272215,3817920.438959572,3283712.6192604797
1,All Population,44,Population,102,United States of America,2,Female,19,70-74 years,1,Number,1991,4714952.243367988,5080043.477891112,4369237.950722938
1,All Population,44,Population,102,United States of America,1,Male,19,70-74 years,1,Number,1992,3645699.6733348556,3926296.829560258,3348397.2344517224
1,All Population,44,Population,102,United States of America,2,Female,19,70-74 years,1,Number,1992,4827752.131309783,5199327.861728492,4434054.73120312
1,All Population,44,Population,102,United States of America,1,Male,19,70-74 years,1,Number,1993,3715676.4637469817,4024191.1067675846,3381149.911398209
1,All Population,44,Population,102,United States of America,2,Female,19,70-74 years,1,Number,1993,4905745.024214377,5313071.708779736,4464075.254075764
1,All Population,44,Population,102,United States of America,1,Male,19,70-74 years,1,Number,1994,3778168.8651866005,4126821.1207274217,3441283.3117720513
1,All Population,44,Population,102,United States of America,2,Female,19,70-74 years,1,Number,1994,4973300.783249805,5432240.708233104,4529849.670701564
1,All Population,44,Population,102,United States of America,1,Male,19,70-74 years,1,Number,1995,3825869.045722648,4208439.029258472,3418293.31748468
1,All Population,44,Population,102,United States of America,2,Female,19,70-74 years,1,Number,1995,5020538.350843994,5522569.9811139135,4485692.659567757
1,All Population,44,Population,102,United States of America,1,Male,19,70-74 years,1,Number,1996,3845406.819382866,4218732.390305597,3481799.100544026
1,All Population,44,Population,102,United States of America,2,Female,19,70-74 years,1,Number,1996,5026143.546743374,5514099.177255493,4550889.646329994
1,All Population,44,Population,102,United States of America,1,Male,19,70-74 years,1,Number,1997,3844657.7899261536,4170085.3993558465,3524053.172409667
1,All Population,44,Population,102,United States of America,2,Female,19,70-74 years,1,Number,1997,4993277.7193685025,5415929.232252267,4576890.102877287
1,All Population,44,Population,102,United States of America,1,Male,19,70-74 years,1,Number,1998,3866553.2148633185,4175949.759889034,3556407.2517687096
1,All Population,44,Population,102,United States of America,2,Female,19,70-74 years,1,Number,1998,4981834.038322833,5380473.900157265,4582228.593904358
1,All Population,44,Population,102,United States of America,1,Male,19,70-74 years,1,Number,1999,3857399.901854463,4138286.6157762134,3578127.981441815
1,All Population,44,Population,102,United States of America,2,Female,19,70-74 years,1,Number,1999,4927007.020452686,5285779.988424977,4570296.607351127
1,All Population,44,Population,102,United States of America,1,Male,19,70-74 years,1,Number,2000,3859196.655569758,4129659.561085522,3586244.0681734923
1,All Population,44,Population,102,United States of America,2,Female,19,70-74 years,1,Number,2000,4879217.3315942455,5221166.035929196,4534120.899878269
1,All Population,44,Population,102,United States of America,1,Male,19,70-74 years,1,Number,2001,3862251.573747263,4152358.5441555413,3591533.720476528
1,All Population,44,Population,102,United States of America,2,Female,19,70-74 years,1,Number,2001,4837064.8235520795,5200393.362575151,4498019.119211047
1,All Population,44,Population,102,United States of America,1,Male,19,70-74 years,1,Number,2002,3836011.9910116703,4176226.4523890004,3529985.7771307286
1,All Population,44,Population,102,United States of America,2,Female,19,70-74 years,1,Number,2002,4767628.056776963,5190467.196796452,4387280.141591428
1,All Population,44,Population,102,United States of America,1,Male,19,70-74 years,1,Number,2003,3807071.8855184903,4154122.7891684105,3477236.7894545896
1,All Population,44,Population,102,United States of America,2,Female,19,70-74 years,1,Number,2003,4699365.984298604,5127758.003276835,4292224.780381079
1,All Population,44,Population,102,United States of America,1,Male,19,70-74 years,1,Number,2004,3785901.4311009934,4127380.4733468066,3431995.5579764075
1,All Population,44,Population,102,United States of America,2,Female,19,70-74 years,1,Number,2004,4642150.434648999,5060861.041154126,4208202.448245043
1,All Population,44,Population,102,United States of America,1,Male,19,70-74 years,1,Number,2005,3795959.4351838394,4198698.3299142625,3425121.398937748
1,All Population,44,Population,102,United States of America,2,Female,19,70-74 years,1,Number,2005,4617958.315840305,5107908.606350357,4166816.879122188
1,All Population,44,Population,102,United States of America,1,Male,19,70-74 years,1,Number,2006,3825907.013506903,4205171.933729539,3456206.774388504
1,All Population,44,Population,102,United States of America,2,Female,19,70-74 years,1,Number,2006,4624496.958433754,5082926.675574874,4177628.379218562
1,All Population,44,Population,102,United States of America,1,Male,19,70-74 years,1,Number,2007,3885338.2457733736,4220513.710190395,3549911.893797224
1,All Population,44,Population,102,United States of America,2,Female,19,70-74 years,1,Number,2007,4667471.2248946475,5070118.751698519,4264522.305936773
1,All Population,44,Population,102,United States of America,1,Male,19,70-74 years,1,Number,2008,3981951.437080348,4290246.714823476,3662620.230474844
1,All Population,44,Population,102,United States of America,2,Female,19,70-74 years,1,Number,2008,4749199.048577626,5116897.06370264,4368338.687381462
1,All Population,44,Population,102,United States of America,1,Male,19,70-74 years,1,Number,2009,4098773.5288353595,4419150.654165599,3771982.153690301
1,All Population,44,Population,102,United States of America,2,Female,19,70-74 years,1,Number,2009,4861326.30324018,5241307.713622449,4473737.309486699
1,All Population,44,Population,102,United States of America,1,Male,19,70-74 years,1,Number,2010,4219806.615907975,4513890.39748224,3925717.962368765
1,All Population,44,Population,102,United States of America,2,Female,19,70-74 years,1,Number,2010,4979981.986467044,5327043.372936959,4632914.850374011
1,All Population,44,Population,102,United States of America,1,Male,19,70-74 years,1,Number,2011,4350070.847040917,4672849.938012594,4038700.5617105863
1,All Population,44,Population,102,United States of America,2,Female,19,70-74 years,1,Number,2011,5110200.315417417,5489381.682915293,4744421.323245593
1,All Population,44,Population,102,United States of America,1,Male,19,70-74 years,1,Number,2012,4525061.716223224,4906741.3353482615,4147808.279621825
1,All Population,44,Population,102,United States of America,2,Female,19,70-74 years,1,Number,2012,5296645.063152174,5743406.145569353,4855064.8863850515
1,All Population,44,Population,102,United States of America,1,Male,19,70-74 years,1,Number,2013,4797903.112425135,5235869.520707849,4374294.83294836
1,All Population,44,Population,102,United States of America,2,Female,19,70-74 years,1,Number,2013,5590554.787915896,6100876.723019261,5096963.058458758
1,All Population,44,Population,102,United States of America,1,Male,19,70-74 years,1,Number,2014,5028600.303003665,5510567.563274696,4527674.21379903
1,All Population,44,Population,102,United States of America,2,Female,19,70-74 years,1,Number,2014,5841081.6170001635,6400921.320760964,5259219.867244219
1,All Population,44,Population,102,United States of America,1,Male,19,70-74 years,1,Number,2015,5224372.447532013,5728485.25436041,4691888.161182745
1,All Population,44,Population,102,United States of America,2,Female,19,70-74 years,1,Number,2015,6044212.919237979,6627434.190383167,5428167.942512811
1,All Population,44,Population,102,United States of America,1,Male,19,70-74 years,1,Number,2016,5377487.767985352,5860580.696667129,4894630.103607546
1,All Population,44,Population,102,United States of America,2,Female,19,70-74 years,1,Number,2016,6202124.193926025,6759299.30434275,5645220.42553639
1,All Population,44,Population,102,United States of America,1,Male,19,70-74 years,1,Number,2017,5845858.782741695,6374198.692353931,5336358.369650284
1,All Population,44,Population,102,United States of America,2,Female,19,70-74 years,1,Number,2017,6700226.35743593,7305782.721287909,6116262.867418384
1,All Population,44,Population,102,United States of America,1,Male,19,70-74 years,1,Number,2018,6176982.014413951,6723793.7304585455,5681080.548952542
1,All Population,44,Population,102,United States of America,2,Female,19,70-74 years,1,Number,2018,7054998.683564731,7679536.026858,6488608.142383918
1,All Population,44,Population,102,United States of America,1,Male,19,70-74 years,1,Number,2019,6469906.230396286,6965406.729064477,5966328.386344557
1,All Population,44,Population,102,United States of America,2,Female,19,70-74 years,1,Number,2019,7386455.152915925,7952149.937558254,6811538.758669767
1,All Population,44,Population,102,United States of America,1,Male,19,70-74 years,1,Number,2020,6793869.111989871,7273575.138342153,6301665.7846540185
1,All Population,44,Population,102,United States of America,2,Female,19,70-74 years,1,Number,2020,7763511.56511528,8311682.750348882,7201059.424638158
1,All Population,44,Population,102,United States of America,1,Male,19,70-74 years,1,Number,2021,7096893.581742186,7618248.290115055,6573161.364865293
1,All Population,44,Population,102,United States of America,2,Female,19,70-74 years,1,Number,2021,8134328.459897004,8731895.605743606,7534036.257676769
1,All Population,44,Population,102,United States of America,1,Male,19,70-74 years,1,Number,2022,7117879.280273195,7727886.238771488,6542137.05438452
1,All Population,44,Population,102,United States of America,2,Female,19,70-74 years,1,Number,2022,8182280.591553314,8883507.445887024,7520442.387345134
1,All Population,44,Population,102,United States of America,1,Male,19,70-74 years,1,Number,2023,7214705.001154518,7800165.660668158,6577656.161013579
1,All Population,44,Population,102,United States of America,2,Female,19,70-74 years,1,Number,2023,8301572.119528006,8975230.139824215,7568554.360763734
1,All Population,44,Population,102,United States of America,1,Male,20,75-79 years,1,Number,1990,2411238.0230982695,2579489.4385279478,2241160.008737689
1,All Population,44,Population,102,United States of America,2,Female,20,75-79 years,1,Number,1990,3721038.488968548,3980685.1877348567,3458572.970632918
1,All Population,44,Population,102,United States of America,1,Male,20,75-79 years,1,Number,1991,2462992.305178294,2653708.319870347,2282398.399105838
1,All Population,44,Population,102,United States of America,2,Female,20,75-79 years,1,Number,1991,3767765.1958426563,4059513.2297020303,3491501.468810094
1,All Population,44,Population,102,United States of America,1,Male,20,75-79 years,1,Number,1992,2509632.8174802857,2702790.755558811,2304975.2690828517
1,All Population,44,Population,102,United States of America,2,Female,20,75-79 years,1,Number,1992,3809281.1021834738,4102468.5669529215,3498638.7938348465
1,All Population,44,Population,102,United States of America,1,Male,20,75-79 years,1,Number,1993,2559706.592950481,2772240.4272244265,2329253.3148142453
1,All Population,44,Population,102,United States of America,2,Female,20,75-79 years,1,Number,1993,3847703.636596645,4167180.56777612,3501290.528628545
1,All Population,44,Population,102,United States of America,1,Male,20,75-79 years,1,Number,1994,2606438.9971978017,2846963.142022569,2374032.3273681095
1,All Population,44,Population,102,United States of America,2,Female,20,75-79 years,1,Number,1994,3885397.4489307487,4243944.838573523,3538950.713349525
1,All Population,44,Population,102,United States of America,1,Male,20,75-79 years,1,Number,1995,2674953.6345206,2942437.1671997337,2389986.6995410984
1,All Population,44,Population,102,United States of America,2,Female,20,75-79 years,1,Number,1995,3951544.195820427,4346681.138530539,3530580.1000742237
1,All Population,44,Population,102,United States of America,1,Male,20,75-79 years,1,Number,1996,2750554.916640162,3017588.4277457064,2490472.4219248192
1,All Population,44,Population,102,United States of America,2,Female,20,75-79 years,1,Number,1996,4030683.25782488,4421996.114725066,3649556.4710952477
1,All Population,44,Population,102,United States of America,1,Male,20,75-79 years,1,Number,1997,2839738.254218584,3080105.3511024276,2602933.512005579
1,All Population,44,Population,102,United States of America,2,Female,20,75-79 years,1,Number,1997,4131001.388807609,4480666.295274154,3786518.6825212394
1,All Population,44,Population,102,United States of America,1,Male,20,75-79 years,1,Number,1998,2903266.731893535,3135582.3489870685,2670388.401596072
1,All Population,44,Population,102,United States of America,2,Female,20,75-79 years,1,Number,1998,4201495.09939237,4537693.257146271,3864482.6048974805
1,All Population,44,Population,102,United States of America,1,Male,20,75-79 years,1,Number,1999,2960836.560854521,3176437.6582771605,2746474.935558607
1,All Population,44,Population,102,United States of America,2,Female,20,75-79 years,1,Number,1999,4262422.1287316345,4572801.60079809,3953827.001498917
1,All Population,44,Population,102,United States of America,1,Male,20,75-79 years,1,Number,2000,3008188.031455875,3219009.95838491,2795425.4334744215
1,All Population,44,Population,102,United States of America,2,Female,20,75-79 years,1,Number,2000,4305916.206976974,4607686.422953304,4001368.1171278553
1,All Population,44,Population,102,United States of America,1,Male,20,75-79 years,1,Number,2001,3034266.4586640885,3262180.6255500223,2821584.7919584773
1,All Population,44,Population,102,United States of America,2,Female,20,75-79 years,1,Number,2001,4313886.6983519755,4637917.532917534,4011512.261075756
1,All Population,44,Population,102,United States of America,1,Male,20,75-79 years,1,Number,2002,3046184.037153733,3316348.954230324,2803168.0690443977
1,All Population,44,Population,102,United States of America,2,Female,20,75-79 years,1,Number,2002,4291405.697209038,4672008.855188878,3949049.4582762104
1,All Population,44,Population,102,United States of America,1,Male,20,75-79 years,1,Number,2003,3077434.578046231,3357972.0838645636,2810813.416113007
1,All Population,44,Population,102,United States of America,2,Female,20,75-79 years,1,Number,2003,4289574.78476438,4680610.428454003,3917936.8557334295
1,All Population,44,Population,102,United States of America,1,Male,20,75-79 years,1,Number,2004,3087405.8194990535,3365882.26730242,2798795.2806023825
1,All Population,44,Population,102,United States of America,2,Female,20,75-79 years,1,Number,2004,4253753.734638162,4637431.9094899995,3856113.051986716
1,All Population,44,Population,102,United States of America,1,Male,20,75-79 years,1,Number,2005,3109658.5694761793,3439583.1844896614,2805867.210008048
1,All Population,44,Population,102,United States of America,2,Female,20,75-79 years,1,Number,2005,4226884.592355089,4675343.238435352,3813948.256118422
1,All Population,44,Population,102,United States of America,1,Male,20,75-79 years,1,Number,2006,3131448.2110985834,3441870.929625398,2828854.0423582243
1,All Population,44,Population,102,United States of America,2,Female,20,75-79 years,1,Number,2006,4203281.1343062995,4619955.423160682,3797114.953333044
1,All Population,44,Population,102,United States of America,1,Male,20,75-79 years,1,Number,2007,3129635.025926643,3399618.4371294784,2859449.52511334
1,All Population,44,Population,102,United States of America,2,Female,20,75-79 years,1,Number,2007,4155453.987198776,4513931.456062153,3796708.188619433
1,All Population,44,Population,102,United States of America,1,Male,20,75-79 years,1,Number,2008,3124058.8026264613,3365933.318541647,2873525.9966109456
1,All Population,44,Population,102,United States of America,2,Female,20,75-79 years,1,Number,2008,4107222.6820694385,4425216.855913484,3777845.39166622
1,All Population,44,Population,102,United States of America,1,Male,20,75-79 years,1,Number,2009,3119968.1015108107,3363837.738233116,2871215.9664810076
1,All Population,44,Population,102,United States of America,2,Female,20,75-79 years,1,Number,2009,4065383.9955401914,4383151.256573716,3741254.736617026
1,All Population,44,Population,102,United States of America,1,Male,20,75-79 years,1,Number,2010,3143830.2684710147,3362927.866568091,2924729.0406742254
1,All Population,44,Population,102,United States of America,2,Female,20,75-79 years,1,Number,2010,4055547.222160373,4338183.554107375,3772906.2078936095
1,All Population,44,Population,102,United States of America,1,Male,20,75-79 years,1,Number,2011,3181068.6375599997,3417106.7342380313,2953373.438065447
1,All Population,44,Population,102,United States of America,2,Female,20,75-79 years,1,Number,2011,4069221.860542809,4371161.709178045,3777954.2429931974
1,All Population,44,Population,102,United States of America,1,Male,20,75-79 years,1,Number,2012,3238544.4642216284,3511709.0076337103,2968547.6983578997
1,All Population,44,Population,102,United States of America,2,Female,20,75-79 years,1,Number,2012,4110734.9294359023,4457466.938983081,3768023.8292696383
1,All Population,44,Population,102,United States of America,1,Male,20,75-79 years,1,Number,2013,3326916.68448435,3630607.2169559305,3033182.230150059
1,All Population,44,Population,102,United States of America,2,Female,20,75-79 years,1,Number,2013,4186950.1124182655,4569146.972051776,3817283.053326674
1,All Population,44,Population,102,United States of America,1,Male,20,75-79 years,1,Number,2014,3428152.9215514646,3756724.9638359486,3086656.057073594
1,All Population,44,Population,102,United States of America,2,Female,20,75-79 years,1,Number,2014,4286745.475953726,4697609.503323441,3859719.560729858
1,All Population,44,Population,102,United States of America,1,Male,20,75-79 years,1,Number,2015,3531708.6012532013,3872492.0262019318,3171745.8778795516
1,All Population,44,Population,102,United States of America,2,Female,20,75-79 years,1,Number,2015,4390807.096474895,4814487.0909384675,3943282.3828859506
1,All Population,44,Population,102,United States of America,1,Male,20,75-79 years,1,Number,2016,3642562.199373237,3969796.052191467,3315487.708118896
1,All Population,44,Population,102,United States of America,2,Female,20,75-79 years,1,Number,2016,4504731.834480314,4909419.708956026,4100241.041364028
1,All Population,44,Population,102,United States of America,1,Male,20,75-79 years,1,Number,2017,3791290.4803649117,4133941.60215104,3460857.581164855
1,All Population,44,Population,102,United States of America,2,Female,20,75-79 years,1,Number,2017,4668583.342453091,5090522.871415171,4261689.2949003475
1,All Population,44,Population,102,United States of America,1,Male,20,75-79 years,1,Number,2018,4025157.1801251355,4381480.55938663,3702008.8627625913
1,All Population,44,Population,102,United States of America,2,Female,20,75-79 years,1,Number,2018,4929660.667442578,5366054.395446264,4533896.855356397
1,All Population,44,Population,102,United States of America,1,Male,20,75-79 years,1,Number,2019,4220813.153379707,4544065.909727123,3892290.928754831
1,All Population,44,Population,102,United States of America,2,Female,20,75-79 years,1,Number,2019,5150556.894685011,5545014.4677708885,4749669.116048321
1,All Population,44,Population,102,United States of America,1,Male,20,75-79 years,1,Number,2020,4374112.489064523,4682962.731298946,4057216.0805865736
1,All Population,44,Population,102,United States of America,2,Female,20,75-79 years,1,Number,2020,5321394.344941378,5697130.894142819,4935869.107485162
1,All Population,44,Population,102,United States of America,1,Male,20,75-79 years,1,Number,2021,4476110.928420305,4804936.699985321,4145785.628692058
1,All Population,44,Population,102,United States of America,2,Female,20,75-79 years,1,Number,2021,5440975.882372453,5840682.9319068985,5039446.068232406
1,All Population,44,Population,102,United States of America,1,Male,20,75-79 years,1,Number,2022,4862072.42407364,5278755.244141607,4468795.116375234
1,All Population,44,Population,102,United States of America,2,Female,20,75-79 years,1,Number,2022,5876162.931914183,6379753.978712578,5400859.124011593
1,All Population,44,Population,102,United States of America,1,Male,20,75-79 years,1,Number,2023,5147543.7528601,5565257.901940699,4693022.4970624605
1,All Population,44,Population,102,United States of America,2,Female,20,75-79 years,1,Number,2023,6197324.822933981,6700226.865009793,5650109.29717167
1,All Population,44,Population,102,United States of America,1,Male,30,80-84 years,1,Number,1990,1371427.8878920374,1467123.4107260206,1274693.4594461499
1,All Population,44,Population,102,United States of America,2,Female,30,80-84 years,1,Number,1990,2565998.8135738294,2745049.1305640712,2385004.660825908
1,All Population,44,Population,102,United States of America,1,Male,30,80-84 years,1,Number,1991,1417661.766779085,1527435.0704848915,1313714.5983636803
1,All Population,44,Population,102,United States of America,2,Female,30,80-84 years,1,Number,1991,2637232.75508484,2841440.669095645,2443863.0220728163
1,All Population,44,Population,102,United States of America,1,Male,30,80-84 years,1,Number,1992,1465530.6279842746,1578327.5568101357,1346018.3617533324
1,All Population,44,Population,102,United States of America,2,Female,30,80-84 years,1,Number,1992,2704576.6854897602,2912738.7928330023,2484021.6983020618
1,All Population,44,Population,102,United States of America,1,Male,30,80-84 years,1,Number,1993,1511079.6813085007,1636545.451270738,1375035.4694282608
1,All Population,44,Population,102,United States of America,2,Female,30,80-84 years,1,Number,1993,2767348.5745595996,2997123.0357980435,2518201.054094062
1,All Population,44,Population,102,United States of America,1,Male,30,80-84 years,1,Number,1994,1557093.4879019198,1700783.2423878184,1418253.1342524218
1,All Population,44,Population,102,United States of America,2,Female,30,80-84 years,1,Number,1994,2827306.812575521,3088212.804997779,2575206.164294892
1,All Population,44,Population,102,United States of America,1,Male,30,80-84 years,1,Number,1995,1603063.1790514144,1763362.4069359235,1432286.3869539888
1,All Population,44,Population,102,United States of America,2,Female,30,80-84 years,1,Number,1995,2881193.782356148,3169300.4176608366,2574255.766442772
1,All Population,44,Population,102,United States of America,1,Male,30,80-84 years,1,Number,1996,1643737.167455654,1803316.9324350522,1488311.3438947839
1,All Population,44,Population,102,United States of America,2,Female,30,80-84 years,1,Number,1996,2917006.15094563,3200199.331234852,2641184.6313503576
1,All Population,44,Population,102,United States of America,1,Male,30,80-84 years,1,Number,1997,1681347.2520864832,1823663.381834457,1541140.31505297
1,All Population,44,Population,102,United States of America,2,Female,30,80-84 years,1,Number,1997,2948878.758634537,3198483.9556002915,2702972.8293755706
1,All Population,44,Population,102,United States of America,1,Male,30,80-84 years,1,Number,1998,1723913.7962331194,1861859.1296702405,1585634.332609158
1,All Population,44,Population,102,United States of America,2,Female,30,80-84 years,1,Number,1998,2980802.793449283,3219322.7450565733,2741705.1005439735
1,All Population,44,Population,102,United States of America,1,Male,30,80-84 years,1,Number,1999,1764120.6507786105,1892579.733364391,1636400.0683869068
1,All Population,44,Population,102,United States of America,2,Female,30,80-84 years,1,Number,1999,3011752.666651878,3231061.3541629175,2793704.7658834294
1,All Population,44,Population,102,United States of America,1,Male,30,80-84 years,1,Number,2000,1821034.1985323664,1948657.1844374267,1692236.4096171213
1,All Population,44,Population,102,United States of America,2,Female,30,80-84 years,1,Number,2000,3066827.5638761558,3281759.107321775,2849917.519281759
1,All Population,44,Population,102,United States of America,1,Male,30,80-84 years,1,Number,2001,1885251.5621740245,2026859.27692709,1753108.1100860822
1,All Population,44,Population,102,United States of America,2,Female,30,80-84 years,1,Number,2001,3133287.3271214347,3368639.291262892,2913664.9636678463
1,All Population,44,Population,102,United States of America,1,Male,30,80-84 years,1,Number,2002,1958930.8528746148,2132667.693778078,1802652.876276924
1,All Population,44,Population,102,United States of America,2,Female,30,80-84 years,1,Number,2002,3216238.2184018185,3501485.176883349,2959655.8074961854
1,All Population,44,Population,102,United States of America,1,Male,30,80-84 years,1,Number,2003,2013794.929844759,2197371.539686752,1839324.8215536773
1,All Population,44,Population,102,United States of America,2,Female,30,80-84 years,1,Number,2003,3275591.4707789295,3574192.866840295,2991802.4959659884
1,All Population,44,Population,102,United States of America,1,Male,30,80-84 years,1,Number,2004,2067284.367006348,2253748.3567700153,1874034.7295773514
1,All Population,44,Population,102,United States of America,2,Female,30,80-84 years,1,Number,2004,3332771.784054624,3633379.6412728913,3021224.447277337
1,All Population,44,Population,102,United States of America,1,Male,30,80-84 years,1,Number,2005,2116526.817242727,2341083.3978907913,1909757.313518968
1,All Population,44,Population,102,United States of America,2,Female,30,80-84 years,1,Number,2005,3381384.118382025,3740137.926411122,3051047.1198798837
1,All Population,44,Population,102,United States of America,1,Male,30,80-84 years,1,Number,2006,2150167.0875132964,2363314.700885002,1942394.843286812
1,All Population,44,Population,102,United States of America,2,Female,30,80-84 years,1,Number,2006,3400973.5406363937,3738114.4993724595,3072334.9389218898
1,All Population,44,Population,102,United States of America,1,Male,30,80-84 years,1,Number,2007,2177332.831477318,2365164.236831724,1989360.8294270907
1,All Population,44,Population,102,United States of America,2,Female,30,80-84 years,1,Number,2007,3400028.126866545,3693337.469416871,3106499.2346390057
1,All Population,44,Population,102,United States of America,1,Male,30,80-84 years,1,Number,2008,2217959.0183090973,2389680.4223435586,2040090.5684523813
1,All Population,44,Population,102,United States of America,2,Female,30,80-84 years,1,Number,2008,3413124.675554231,3677379.5858535506,3139410.3326844685
1,All Population,44,Population,102,United States of America,1,Male,30,80-84 years,1,Number,2009,2241227.978017368,2416411.644974184,2062536.9701348254
1,All Population,44,Population,102,United States of America,2,Female,30,80-84 years,1,Number,2009,3395896.6332882056,3661333.9875693177,3125144.974813907
1,All Population,44,Population,102,United States of America,1,Male,30,80-84 years,1,Number,2010,2274596.120758761,2433115.6667078957,2116073.948681565
1,All Population,44,Population,102,United States of America,2,Female,30,80-84 years,1,Number,2010,3387476.6911293194,3623554.3235891736,3151395.147668512
1,All Population,44,Population,102,United States of America,1,Male,30,80-84 years,1,Number,2011,2303365.310025735,2474277.0461993064,2138494.543773603
1,All Population,44,Population,102,United States of America,2,Female,30,80-84 years,1,Number,2011,3376483.522824574,3627021.5762265148,3134800.8756028153
1,All Population,44,Population,102,United States of America,1,Male,30,80-84 years,1,Number,2012,2310929.601993386,2505851.745740364,2118267.890669027
1,All Population,44,Population,102,United States of America,2,Female,30,80-84 years,1,Number,2012,3341413.9243636117,3623255.2944863266,3062840.953401782
1,All Population,44,Population,102,United States of America,1,Male,30,80-84 years,1,Number,2013,2315348.413587568,2526700.082193787,2110925.619944834
1,All Population,44,Population,102,United States of America,2,Female,30,80-84 years,1,Number,2013,3306309.414437907,3608118.8559755376,3014394.382047856
1,All Population,44,Population,102,United States of America,1,Male,30,80-84 years,1,Number,2014,2317240.464025743,2539336.866710314,2086407.6013108825
1,All Population,44,Population,102,United States of America,2,Female,30,80-84 years,1,Number,2014,3273399.725632897,3587139.4151033172,2947318.664470535
1,All Population,44,Population,102,United States of America,1,Male,30,80-84 years,1,Number,2015,2341170.808633108,2567076.254590024,2102551.3993592444
1,All Population,44,Population,102,United States of America,2,Female,30,80-84 years,1,Number,2015,3268315.8561684717,3583683.8542202124,2935198.940459678
1,All Population,44,Population,102,United States of America,1,Male,30,80-84 years,1,Number,2016,2374731.1583897118,2588067.9207656775,2161498.2901548757
1,All Population,44,Population,102,United States of America,2,Female,30,80-84 years,1,Number,2016,3282310.4483007104,3577180.662000229,2987583.8352036206
1,All Population,44,Population,102,United States of America,1,Male,30,80-84 years,1,Number,2017,2421044.164955822,2639854.489121758,2210036.159459832
1,All Population,44,Population,102,United States of America,2,Female,30,80-84 years,1,Number,2017,3317749.3751572855,3617602.5652756672,3028588.322863851
1,All Population,44,Population,102,United States of America,1,Male,30,80-84 years,1,Number,2018,2490932.650632338,2711440.1985036763,2290955.1941767773
1,All Population,44,Population,102,United States of America,2,Female,30,80-84 years,1,Number,2018,3382531.747027639,3681967.2941688574,3110974.7882399107
1,All Population,44,Population,102,United States of America,1,Male,30,80-84 years,1,Number,2019,2570133.612490992,2766968.3796859356,2370090.165582516
1,All Population,44,Population,102,United States of America,2,Female,30,80-84 years,1,Number,2019,3465639.5743178152,3731057.043463039,3195895.432293608
1,All Population,44,Population,102,United States of America,1,Male,30,80-84 years,1,Number,2020,2639543.061358107,2825917.6724196044,2448313.0190904536
1,All Population,44,Population,102,United States of America,2,Female,30,80-84 years,1,Number,2020,3542910.3505154974,3793070.519625729,3286233.0088960025
1,All Population,44,Population,102,United States of America,1,Male,30,80-84 years,1,Number,2021,2702123.5296564493,2900627.9610059294,2502713.8682092247
1,All Population,44,Population,102,United States of America,2,Female,30,80-84 years,1,Number,2021,3618423.989894366,3884242.035817167,3351393.746873208
1,All Population,44,Population,102,United States of America,1,Male,30,80-84 years,1,Number,2022,2800378.8015472246,3040373.115599338,2573865.220598662
1,All Population,44,Population,102,United States of America,2,Female,30,80-84 years,1,Number,2022,3741183.881291463,4061805.8124520956,3438571.6213107193
1,All Population,44,Population,102,United States of America,1,Male,30,80-84 years,1,Number,2023,2981568.8211011426,3223517.9026100677,2718300.2662567073
1,All Population,44,Population,102,United States of America,2,Female,30,80-84 years,1,Number,2023,3960210.4391794964,4281574.5719006285,3610529.1332093123
1,All Population,44,Population,102,United States of America,1,Male,31,85-89 years,1,Number,1990,607207.7230711443,649577.4758238315,564377.9887790268
1,All Population,44,Population,102,United States of America,2,Female,31,85-89 years,1,Number,1990,1428294.6241120456,1527958.195213445,1327549.0688147997
1,All Population,44,Population,102,United States of America,1,Male,31,85-89 years,1,Number,1991,629667.8813281792,678424.7323561022,583498.7633904794
1,All Population,44,Population,102,United States of America,2,Female,31,85-89 years,1,Number,1991,1475338.7691918288,1589578.155887995,1367162.5517719393
1,All Population,44,Population,102,United States of America,1,Male,31,85-89 years,1,Number,1992,655828.0435953221,706304.906884882,602346.05266915
1,All Population,44,Population,102,United States of America,2,Female,31,85-89 years,1,Number,1992,1534876.7336338705,1653010.997343047,1409709.3756005324
1,All Population,44,Population,102,United States of America,1,Male,31,85-89 years,1,Number,1993,682279.421005231,738929.4533924605,620853.0334619965
1,All Population,44,Population,102,United States of America,2,Female,31,85-89 years,1,Number,1993,1589384.5848289586,1721352.053631793,1446290.4939664442
1,All Population,44,Population,102,United States of America,1,Male,31,85-89 years,1,Number,1994,703343.4678866777,768248.530431171,640628.8932145874
1,All Population,44,Population,102,United States of America,2,Female,31,85-89 years,1,Number,1994,1630722.221935675,1781206.4912009481,1485316.662310147
1,All Population,44,Population,102,United States of America,1,Male,31,85-89 years,1,Number,1995,729575.3705895839,802529.6808858685,651852.5814875935
1,All Population,44,Population,102,United States of America,2,Female,31,85-89 years,1,Number,1995,1678037.7873107172,1845834.1444237959,1499273.8345981613
1,All Population,44,Population,102,United States of America,1,Male,31,85-89 years,1,Number,1996,755637.8439805498,828997.8141384361,684187.470685024
1,All Population,44,Population,102,United States of America,2,Female,31,85-89 years,1,Number,1996,1722787.5131083645,1890041.762689414,1559886.975633918
1,All Population,44,Population,102,United States of America,1,Male,31,85-89 years,1,Number,1997,782090.0687979598,848289.3810266076,716871.8618544419
1,All Population,44,Population,102,United States of America,2,Female,31,85-89 years,1,Number,1997,1763448.2053768337,1912713.6966599703,1616394.8996505435
1,All Population,44,Population,102,United States of America,1,Male,31,85-89 years,1,Number,1998,808766.2204228545,873482.6384900976,743893.0467168255
1,All Population,44,Population,102,United States of America,2,Female,31,85-89 years,1,Number,1998,1802704.0479840287,1946954.0745984553,1658104.6200006432
1,All Population,44,Population,102,United States of America,1,Male,31,85-89 years,1,Number,1999,834975.0727730271,895775.9776221812,774523.7070855056
1,All Population,44,Population,102,United States of America,2,Female,31,85-89 years,1,Number,1999,1837471.7973066662,1971272.1364473484,1704440.664783639
1,All Population,44,Population,102,United States of America,1,Male,31,85-89 years,1,Number,2000,861193.0605562341,921547.7919047626,800282.7480985165
1,All Population,44,Population,102,United States of America,2,Female,31,85-89 years,1,Number,2000,1867712.0497592194,1998606.3453156878,1735612.8379304567
1,All Population,44,Population,102,United States of America,1,Male,31,85-89 years,1,Number,2001,886799.6364784989,953410.2005460107,824640.9476192432
1,All Population,44,Population,102,United States of America,2,Female,31,85-89 years,1,Number,2001,1887150.6859590274,2028901.0504171106,1754874.1180694979
1,All Population,44,Population,102,United States of America,1,Male,31,85-89 years,1,Number,2002,912207.0013574574,993110.2973739044,839433.7004514068
1,All Population,44,Population,102,United States of America,2,Female,31,85-89 years,1,Number,2002,1905368.080308356,2074354.4590492386,1753363.1905862605
1,All Population,44,Population,102,United States of America,1,Male,31,85-89 years,1,Number,2003,943104.4722249488,1029077.4375810715,861396.2819021265
1,All Population,44,Population,102,United States of America,2,Female,31,85-89 years,1,Number,2003,1927803.917170982,2103541.626264155,1760783.8531077951
1,All Population,44,Population,102,United States of America,1,Male,31,85-89 years,1,Number,2004,977328.3575115227,1065480.9831295789,885967.7523850588
1,All Population,44,Population,102,United States of America,2,Female,31,85-89 years,1,Number,2004,1957660.1194160718,2134236.2703769314,1774658.1510733191
1,All Population,44,Population,102,United States of America,1,Male,31,85-89 years,1,Number,2005,1024011.3128183357,1132655.5676787496,923972.7452773885
1,All Population,44,Population,102,United States of America,2,Female,31,85-89 years,1,Number,2005,2010020.1522541277,2223276.723702579,1813655.5865087372
1,All Population,44,Population,102,United States of America,1,Male,31,85-89 years,1,Number,2006,1074069.4940691285,1180542.7772784617,970281.3603310953
1,All Population,44,Population,102,United States of America,2,Female,31,85-89 years,1,Number,2006,2069728.1060807554,2274901.745237171,1869728.7404331448
1,All Population,44,Population,102,United States of America,1,Male,31,85-89 years,1,Number,2007,1130963.892872669,1228528.461014155,1033326.295112499
1,All Population,44,Population,102,United States of America,2,Female,31,85-89 years,1,Number,2007,2144153.4564799783,2329122.5853167875,1959045.8734358216
1,All Population,44,Population,102,United States of America,1,Male,31,85-89 years,1,Number,2008,1174845.1574157223,1265805.3862969214,1080628.8597987741
1,All Population,44,Population,102,United States of America,2,Female,31,85-89 years,1,Number,2008,2199419.319812713,2369705.321736544,2023037.6546103307
1,All Population,44,Population,102,United States of America,1,Male,31,85-89 years,1,Number,2009,1216289.467124234,1311359.6924746532,1119315.8469084036
1,All Population,44,Population,102,United States of America,2,Female,31,85-89 years,1,Number,2009,2250976.3836606164,2426922.026402278,2071508.144525062
1,All Population,44,Population,102,United States of America,1,Male,31,85-89 years,1,Number,2010,1256971.7411229745,1344571.727711908,1169370.3033011248
1,All Population,44,Population,102,United States of America,2,Female,31,85-89 years,1,Number,2010,2299545.3645057096,2459803.6555245505,2139284.418553734
1,All Population,44,Population,102,United States of America,1,Male,31,85-89 years,1,Number,2011,1286199.246910671,1381636.3646782334,1194135.4068988112
1,All Population,44,Population,102,United States of America,2,Female,31,85-89 years,1,Number,2011,2321961.471967921,2494253.059748127,2155759.625727994
1,All Population,44,Population,102,United States of America,1,Male,31,85-89 years,1,Number,2012,1311081.4469039952,1421668.461773238,1201776.8644414856
1,All Population,44,Population,102,United States of America,2,Female,31,85-89 years,1,Number,2012,2327413.4833230325,2523726.008448687,2133377.5143044977
1,All Population,44,Population,102,United States of America,1,Male,31,85-89 years,1,Number,2013,1343065.939306567,1465664.8646582763,1224486.2517967992
1,All Population,44,Population,102,United States of America,2,Female,31,85-89 years,1,Number,2013,2341477.1482197577,2555213.922942479,2134747.440897633
1,All Population,44,Population,102,United States of America,1,Male,31,85-89 years,1,Number,2014,1362164.5934928,1492721.547238314,1226472.0067776071
1,All Population,44,Population,102,United States of America,2,Female,31,85-89 years,1,Number,2014,2333164.280599738,2556786.9048538865,2100745.1603418277
1,All Population,44,Population,102,United States of America,1,Male,31,85-89 years,1,Number,2015,1387691.2367997246,1521593.046331843,1246253.4305710546
1,All Population,44,Population,102,United States of America,2,Female,31,85-89 years,1,Number,2015,2331031.2909692843,2555958.349424021,2093445.3328670913
1,All Population,44,Population,102,United States of America,1,Male,31,85-89 years,1,Number,2016,1409426.603198479,1536044.097254863,1282870.7713500077
1,All Population,44,Population,102,United States of America,2,Female,31,85-89 years,1,Number,2016,2324776.006372809,2533624.989002578,2116028.732353571
1,All Population,44,Population,102,United States of America,1,Male,31,85-89 years,1,Number,2017,1416450.6763901042,1544467.3545458422,1292998.8053194352
1,All Population,44,Population,102,United States of America,2,Female,31,85-89 years,1,Number,2017,2301427.8543695495,2509427.436594562,2100845.102360028
1,All Population,44,Population,102,United States of America,1,Male,31,85-89 years,1,Number,2018,1421654.7069271212,1547505.397135331,1307521.1946552456
1,All Population,44,Population,102,United States of America,2,Female,31,85-89 years,1,Number,2018,2278579.3409851873,2480288.5052146525,2095650.0671540655
1,All Population,44,Population,102,United States of America,1,Male,31,85-89 years,1,Number,2019,1425008.6387794337,1534143.5266707602,1314094.7008462586
1,All Population,44,Population,102,United States of America,2,Female,31,85-89 years,1,Number,2019,2256583.3776727244,2429404.767829828,2080944.759154169
1,All Population,44,Population,102,United States of America,1,Male,31,85-89 years,1,Number,2020,1433729.9733445821,1534963.7323467266,1329858.8725404844
1,All Population,44,Population,102,United States of America,2,Female,31,85-89 years,1,Number,2020,2245252.1026552664,2403786.355607397,2082587.7154823646
1,All Population,44,Population,102,United States of America,1,Male,31,85-89 years,1,Number,2021,1439264.5670594766,1544996.370698343,1333050.5998220842
1,All Population,44,Population,102,United States of America,2,Female,31,85-89 years,1,Number,2021,2239166.354676713,2403660.849119201,2073921.7239966088
1,All Population,44,Population,102,United States of America,1,Male,31,85-89 years,1,Number,2022,1459818.5604543628,1584925.975873741,1341738.5601769013
1,All Population,44,Population,102,United States of America,2,Female,31,85-89 years,1,Number,2022,2255383.9166988716,2448671.80893447,2072953.2087164386
1,All Population,44,Population,102,United States of America,1,Male,31,85-89 years,1,Number,2023,1508618.448736243,1631040.190416634,1375409.4495008131
1,All Population,44,Population,102,United States of America,2,Female,31,85-89 years,1,Number,2023,2304366.0144215743,2491361.275675941,2100893.565234456
1,All Population,44,Population,102,United States of America,1,Male,32,90-94 years,1,Number,1990,181112.39500292388,193750.05935592126,168337.53154145338
1,All Population,44,Population,102,United States of America,2,Female,32,90-94 years,1,Number,1990,542956.0027893834,580842.3977077794,504658.2993047147
1,All Population,44,Population,102,United States of America,1,Male,32,90-94 years,1,Number,1991,187633.05331989285,202161.97737638967,173875.24094829144
1,All Population,44,Population,102,United States of America,2,Female,32,90-94 years,1,Number,1991,563284.8514915037,606901.4887773794,521983.1343288388
1,All Population,44,Population,102,United States of America,1,Male,32,90-94 years,1,Number,1992,193248.38464568713,208122.05829833087,177489.21049165315
1,All Population,44,Population,102,United States of America,2,Female,32,90-94 years,1,Number,1992,568930.4774799158,612719.1294192008,522534.87892118935
1,All Population,44,Population,102,United States of America,1,Male,32,90-94 years,1,Number,1993,209023.23171472602,226378.54462871735,190204.63387700875
1,All Population,44,Population,102,United States of America,2,Female,32,90-94 years,1,Number,1993,625892.0969612135,677860.2590838871,569542.3239436679
1,All Population,44,Population,102,United States of America,1,Male,32,90-94 years,1,Number,1994,218228.56230095035,238366.85764575066,198769.91643177313
1,All Population,44,Population,102,United States of America,2,Female,32,90-94 years,1,Number,1994,646992.1539039093,706697.0749449838,589302.2206054872
1,All Population,44,Population,102,United States of America,1,Male,32,90-94 years,1,Number,1995,229358.8091446489,252293.67565200233,204924.8615767268
1,All Population,44,Population,102,United States of America,2,Female,32,90-94 years,1,Number,1995,680309.350970322,748337.2771982106,607834.9468976506
1,All Population,44,Population,102,United States of America,1,Male,32,90-94 years,1,Number,1996,238116.45838075146,261233.63868089954,215601.02989256263
1,All Population,44,Population,102,United States of America,2,Female,32,90-94 years,1,Number,1996,705577.5554099808,774077.4973084478,638860.7013977227
1,All Population,44,Population,102,United States of America,1,Male,32,90-94 years,1,Number,1997,249601.20923825397,270728.47966684675,228787.055003471
1,All Population,44,Population,102,United States of America,2,Female,32,90-94 years,1,Number,1997,738385.1952942238,800885.1477145646,676811.5218876011
1,All Population,44,Population,102,United States of America,1,Male,32,90-94 years,1,Number,1998,257620.48646234916,278234.9417691831,236956.09897128207
1,All Population,44,Population,102,United States of America,2,Female,32,90-94 years,1,Number,1998,767318.224473875,828718.0279667842,705769.6988219637
1,All Population,44,Population,102,United States of America,1,Male,32,90-94 years,1,Number,1999,270705.95629771287,290418.12211877643,251107.11401899057
1,All Population,44,Population,102,United States of America,2,Female,32,90-94 years,1,Number,1999,810085.1272450741,869073.6052816294,751435.7688846166
1,All Population,44,Population,102,United States of America,1,Male,32,90-94 years,1,Number,2000,281019.917372292,300714.5507749759,261143.9897110396
1,All Population,44,Population,102,United States of America,2,Female,32,90-94 years,1,Number,2000,833053.7505078436,891436.4031482522,774133.6702592487
1,All Population,44,Population,102,United States of America,1,Male,32,90-94 years,1,Number,2001,288095.79806419,309735.6621610456,267902.22069124173
1,All Population,44,Population,102,United States of America,2,Female,32,90-94 years,1,Number,2001,843951.3618924124,907343.4450065121,784796.0488337252
1,All Population,44,Population,102,United States of America,1,Male,32,90-94 years,1,Number,2002,304574.3696727058,331586.9560176748,280276.2857734606
1,All Population,44,Population,102,United States of America,2,Female,32,90-94 years,1,Number,2002,871543.1635239233,948839.9990500258,802013.9088730002
1,All Population,44,Population,102,United States of America,1,Male,32,90-94 years,1,Number,2003,313009.1058616643,341542.87047303293,285890.7872153913
1,All Population,44,Population,102,United States of America,2,Female,32,90-94 years,1,Number,2003,888032.9598248457,968985.6317064675,811096.0262917802
1,All Population,44,Population,102,United States of America,1,Male,32,90-94 years,1,Number,2004,316010.91832098697,344514.32964622276,286470.2337573197
1,All Population,44,Population,102,United States of America,2,Female,32,90-94 years,1,Number,2004,877393.8156409661,956532.5901944136,795375.0864031514
1,All Population,44,Population,102,United States of America,1,Male,32,90-94 years,1,Number,2005,340161.71880628413,376251.7658683937,306930.35636362707
1,All Population,44,Population,102,United States of America,2,Female,32,90-94 years,1,Number,2005,924988.0769126412,1023126.2899508884,834623.3699524044
1,All Population,44,Population,102,United States of America,1,Male,32,90-94 years,1,Number,2006,344984.0418247051,379182.5585787226,311647.9773818532
1,All Population,44,Population,102,United States of America,2,Female,32,90-94 years,1,Number,2006,923037.7110977977,1014539.1047872129,833843.8908341522
1,All Population,44,Population,102,United States of America,1,Male,32,90-94 years,1,Number,2007,357191.0654687423,388004.7742582753,326354.2918161549
1,All Population,44,Population,102,United States of America,2,Female,32,90-94 years,1,Number,2007,931317.5534488108,1011659.2827272083,850915.6862948979
1,All Population,44,Population,102,United States of America,1,Male,32,90-94 years,1,Number,2008,381331.8667691829,410855.78629345266,350751.0907208899
1,All Population,44,Population,102,United States of America,2,Female,32,90-94 years,1,Number,2008,974861.6398488063,1050338.5121229382,896682.9506695644
1,All Population,44,Population,102,United States of America,1,Male,32,90-94 years,1,Number,2009,386525.26468280214,416737.68122531177,355707.9672924065
1,All Population,44,Population,102,United States of America,2,Female,32,90-94 years,1,Number,2009,948163.5406644997,1022275.9324236386,872567.3494779614
1,All Population,44,Population,102,United States of America,1,Male,32,90-94 years,1,Number,2010,417181.21499390947,446255.11350969644,388106.83482281445
1,All Population,44,Population,102,United States of America,2,Female,32,90-94 years,1,Number,2010,1003136.5853907638,1073046.4716294094,933225.5409838123
1,All Population,44,Population,102,United States of America,1,Male,32,90-94 years,1,Number,2011,446914.88374591223,480076.3620274318,414925.51627043885
1,All Population,44,Population,102,United States of America,2,Female,32,90-94 years,1,Number,2011,1060371.7441358366,1139052.2621547652,984472.2325790563
1,All Population,44,Population,102,United States of America,1,Male,32,90-94 years,1,Number,2012,472809.3841667248,512689.880165378,433391.36597819923
1,All Population,44,Population,102,United States of America,2,Female,32,90-94 years,1,Number,2012,1097530.8047316645,1190105.2635564182,1006029.8940641966
1,All Population,44,Population,102,United States of America,1,Male,32,90-94 years,1,Number,2013,497745.86848557845,543181.5442693691,453799.73909838573
1,All Population,44,Population,102,United States of America,2,Female,32,90-94 years,1,Number,2013,1130650.269709176,1233859.2812388218,1030824.8242554918
1,All Population,44,Population,102,United States of America,1,Male,32,90-94 years,1,Number,2014,516477.4902439343,565979.3846012647,465028.37244557147
1,All Population,44,Population,102,United States of America,2,Female,32,90-94 years,1,Number,2014,1151932.806035994,1262340.04962023,1037182.5453701264
1,All Population,44,Population,102,United States of America,1,Male,32,90-94 years,1,Number,2015,545009.502039535,597598.8364678425,489460.4387478881
1,All Population,44,Population,102,United States of America,2,Female,32,90-94 years,1,Number,2015,1204824.9342819261,1321081.5154230008,1082025.430274515
1,All Population,44,Population,102,United States of America,1,Male,32,90-94 years,1,Number,2016,550376.8253178211,599820.573754459,500957.1557868574
1,All Population,44,Population,102,United States of America,2,Female,32,90-94 years,1,Number,2016,1186254.9568170928,1292823.563939512,1079738.2481756725
1,All Population,44,Population,102,United States of America,1,Male,32,90-94 years,1,Number,2017,571571.9446004177,623229.7558425575,521756.1429007411
1,All Population,44,Population,102,United States of America,2,Female,32,90-94 years,1,Number,2017,1218211.7728399914,1328311.9175528581,1112037.5690896064
1,All Population,44,Population,102,United States of America,1,Male,32,90-94 years,1,Number,2018,580934.4892117783,632361.1866206621,534295.8129350871
1,All Population,44,Population,102,United States of America,2,Female,32,90-94 years,1,Number,2018,1214801.5382877875,1322340.7398355165,1117274.645433649
1,All Population,44,Population,102,United States of America,1,Male,32,90-94 years,1,Number,2019,586042.7633988303,630925.0957177671,540428.7868116574
1,All Population,44,Population,102,United States of America,2,Female,32,90-94 years,1,Number,2019,1199827.6212815174,1291716.92593137,1106440.3935161387
1,All Population,44,Population,102,United States of America,1,Male,32,90-94 years,1,Number,2020,600820.4186617715,643243.546166378,557292.0838761122
1,All Population,44,Population,102,United States of America,2,Female,32,90-94 years,1,Number,2020,1208355.7307434566,1293676.1154108578,1120812.5794885047
1,All Population,44,Population,102,United States of America,1,Male,32,90-94 years,1,Number,2021,582701.6419046943,625508.2926011581,539699.7821223141
1,All Population,44,Population,102,United States of America,2,Female,32,90-94 years,1,Number,2021,1156320.3567247065,1241266.4046571078,1070986.9334639558
1,All Population,44,Population,102,United States of America,1,Male,32,90-94 years,1,Number,2022,593633.6800952969,644508.4788096666,545616.5723469573
1,All Population,44,Population,102,United States of America,2,Female,32,90-94 years,1,Number,2022,1172557.6219594053,1273046.5851001223,1077713.229596554
1,All Population,44,Population,102,United States of America,1,Male,32,90-94 years,1,Number,2023,585876.794021818,633419.6684937279,534144.6536172741
1,All Population,44,Population,102,United States of America,2,Female,32,90-94 years,1,Number,2023,1135240.8062442073,1227363.6069719119,1035000.5554255242
