location_name,sex_name,measure_name,age_name,age_midpoint,period_start,period_end,period_label,period_midpoint,period_years,cohort_label,cohort_midpoint,count_value,population_sum,burden_total_sum,rate_value,percent_value
China,Female,DALYs,15-19 years,17.0,1990,1993,1990-1993,1991.5,4,1974,1974.5,122583.06264220987,230182031.4229906,31891068.517621953,53.254835698685326,0.0038438054395848954
China,Female,DALYs,20-24 years,22.0,1990,1993,1990-1993,1991.5,4,1970,1969.5,406579.0260496016,252683573.82941523,42695912.01928471,160.90441491225704,0.009522668724489588
China,Female,DALYs,25-29 years,27.0,1990,1993,1990-1993,1991.5,4,1964,1964.5,588286.7199486364,235509700.2334087,41820665.265658274,249.7929891488961,0.014066890524377136
China,Female,DALYs,30-34 years,32.0,1990,1993,1990-1993,1991.5,4,1960,1959.5,507238.67844805587,171426320.8372258,33020413.299247384,295.8931137125048,0.015361366735516212
China,Female,DALYs,35-39 years,37.0,1990,1993,1990-1993,1991.5,4,1954,1954.5,573929.8630012225,181361268.8186637,38578291.62900477,316.45668710835577,0.014877016030687012
China,Female,DALYs,40-44 years,42.0,1990,1993,1990-1993,1991.5,4,1950,1949.5,455845.6309677111,141414799.68214184,35479685.88092198,322.3464814095241,0.01284807403587603
China,Female,DALYs,45-49 years,47.0,1990,1993,1990-1993,1991.5,4,1944,1944.5,334239.5431658637,104199071.15201613,32619827.232838377,320.7701752717558,0.010246514819961548
China,Female,DALYs,50-54 years,52.0,1990,1993,1990-1993,1991.5,4,1940,1939.5,286660.1880606947,90473970.32097358,36679799.31782185,316.84271956200587,0.007815206009630845
China,Female,DALYs,55-59 years,57.0,1990,1993,1990-1993,1991.5,4,1934,1934.5,265738.46699621005,85114326.78410554,44128958.526499726,312.21355679668574,0.006021861287223273
China,Female,DALYs,60-64 years,62.0,1990,1993,1990-1993,1991.5,4,1930,1929.5,214296.15075053388,71210697.81013308,49494425.97844735,300.93252466350657,0.004329702719329455
China,Female,DALYs,65-69 years,67.0,1990,1993,1990-1993,1991.5,4,1924,1924.5,155692.92962401797,57645742.186196625,51927976.084626935,270.08574045439025,0.0029982475991416546
China,Female,DALYs,15-19 years,17.0,1994,1998,1994-1998,1996.0,5,1979,1979.0,129763.64723072597,242527348.0980528,29588659.78505813,53.504748329769,0.004385587186894313
China,Female,DALYs,20-24 years,22.0,1994,1998,1994-1998,1996.0,5,1974,1974.0,450635.88346639596,277180223.3504122,41658587.295471385,162.57865659365623,0.010817358742152632
China,Female,DALYs,25-29 years,27.0,1994,1998,1994-1998,1996.0,5,1969,1969.0,772530.8374211511,308978730.38093084,50955564.92166885,250.02719004920513,0.015160872784134955
China,Female,DALYs,30-34 years,32.0,1994,1998,1994-1998,1996.0,5,1964,1964.0,843043.1709689319,285587416.1163933,51004226.56037028,295.19618981578066,0.01652888844360924
China,Female,DALYs,35-39 years,37.0,1994,1998,1994-1998,1996.0,5,1959,1959.0,665564.175795372,210141763.53976008,41198577.27406411,316.7215143644891,0.01615502815468259
China,Female,DALYs,40-44 years,42.0,1994,1998,1994-1998,1996.0,5,1954,1954.0,698891.1776952285,216168736.62148356,49923027.99011299,323.30816593474526,0.013999374754144329
China,Female,DALYs,45-49 years,47.0,1994,1998,1994-1998,1996.0,5,1949,1949.0,546523.7476425073,168431811.5245526,47929830.92587606,324.47774722344514,0.011402580336402846
China,Female,DALYs,50-54 years,52.0,1994,1998,1994-1998,1996.0,5,1944,1944.0,397659.21471323416,124351803.3616406,45542819.3916369,319.78564360402515,0.00873154582929174
China,Female,DALYs,55-59 years,57.0,1994,1998,1994-1998,1996.0,5,1939,1939.0,336828.87435936875,107330251.07036626,50251804.24942018,313.824733474761,0.006702821508408928
China,Female,DALYs,60-64 years,62.0,1994,1998,1994-1998,1996.0,5,1934,1934.0,299038.0116143348,98569219.0224772,62081635.840436086,303.3786962907191,0.004816851353320175
China,Female,DALYs,65-69 years,67.0,1994,1998,1994-1998,1996.0,5,1929,1929.0,216868.58713696737,79422860.68942578,65257609.03281849,273.05562309699184,0.003323268969721258
China,Female,DALYs,15-19 years,17.0,1999,2003,1999-2003,2001.0,5,1984,1984.0,145911.1717590033,270089638.81817377,28068044.929140717,54.02323924659388,0.005198480055428295
China,Female,DALYs,20-24 years,22.0,1999,2003,1999-2003,2001.0,5,1979,1979.0,380143.5918223408,233265107.9187872,29784037.967172228,162.96633269073843,0.012763332904736845
China,Female,DALYs,25-29 years,27.0,1999,2003,1999-2003,2001.0,5,1974,1974.0,694312.7776310812,276039084.9436683,40805496.21684511,251.526981323232,0.0170151779049916
China,Female,DALYs,30-34 years,32.0,1999,2003,1999-2003,2001.0,5,1969,1969.0,915529.9477357517,308153140.087095,50378243.445338495,297.10226138763034,0.01817312167164228
China,Female,DALYs,35-39 years,37.0,1999,2003,1999-2003,2001.0,5,1964,1964.0,899750.9105872542,282204424.25251806,51258509.075827375,318.8294843252182,0.017553200957449642
China,Female,DALYs,40-44 years,42.0,1999,2003,1999-2003,2001.0,5,1959,1959.0,659595.579271024,202613906.72692263,43548162.1375117,325.543093229039,0.015146347099292596
China,Female,DALYs,45-49 years,47.0,1999,2003,1999-2003,2001.0,5,1954,1954.0,683388.8904487959,210082765.8996805,55188354.365356766,325.29507478739606,0.012382845951967317
China,Female,DALYs,50-54 years,52.0,1999,2003,1999-2003,2001.0,5,1949,1949.0,528882.4279509572,164574392.68913186,55118596.38917032,321.3637427482262,0.009595353702709161
China,Female,DALYs,55-59 years,57.0,1999,2003,1999-2003,2001.0,5,1944,1944.0,370523.45883448666,118337484.42794827,50149678.6811896,313.10743221019374,0.007388351602210057
China,Female,DALYs,60-64 years,62.0,1999,2003,1999-2003,2001.0,5,1939,1939.0,305136.7704006841,101409383.16292758,57807798.71909946,300.8959929382881,0.005278470676308042
China,Female,DALYs,65-69 years,67.0,1999,2003,1999-2003,2001.0,5,1934,1934.0,241972.37777205594,88977305.44212005,66805987.06750724,271.9484216449548,0.003622016355024343
China,Female,DALYs,15-19 years,17.0,2004,2008,2004-2008,2006.0,5,1989,1989.0,159331.21275275885,302382382.46185595,27360541.560101267,52.69196289001979,0.005823393970574942
China,Female,DALYs,20-24 years,22.0,2004,2008,2004-2008,2006.0,5,1984,1984.0,437009.4240414293,269616535.5219867,28935315.618690453,162.08554241503188,0.015102977613942036
China,Female,DALYs,25-29 years,27.0,2004,2008,2004-2008,2006.0,5,1979,1979.0,591080.9628691748,235561075.7121193,29952785.317477565,250.92471711732995,0.019733756196766008
China,Female,DALYs,30-34 years,32.0,2004,2008,2004-2008,2006.0,5,1974,1974.0,827735.7752835208,279146855.10048294,40443220.79576628,296.5234105845704,0.020466613662237572
China,Female,DALYs,35-39 years,37.0,2004,2008,2004-2008,2006.0,5,1969,1969.0,977070.8572731543,307166596.47328466,50263898.53501827,318.09150750483167,0.019438819625032477
China,Female,DALYs,40-44 years,42.0,2004,2008,2004-2008,2006.0,5,1964,1964.0,902503.6353438622,277698221.1149843,53596495.595372915,324.9943884120776,0.016838855326611633
China,Female,DALYs,45-49 years,47.0,2004,2008,2004-2008,2006.0,5,1959,1959.0,651612.6141631161,200075259.34456027,47424980.68262436,325.68375335250187,0.013739860402343925
China,Female,DALYs,50-54 years,52.0,2004,2008,2004-2008,2006.0,5,1954,1954.0,671212.7796794812,208188328.74385846,62585704.54278323,322.40653629786243,0.010724697989468889
China,Female,DALYs,55-59 years,57.0,2004,2008,2004-2008,2006.0,5,1949,1949.0,505376.1786387886,159498061.4967091,58458511.93357978,316.85411966540795,0.008645040079244473
China,Female,DALYs,60-64 years,62.0,2004,2008,2004-2008,2006.0,5,1944,1944.0,346463.7657564703,114471072.00671196,55645397.53982842,302.66490885675955,0.006226278921064181
China,Female,DALYs,65-69 years,67.0,2004,2008,2004-2008,2006.0,5,1939,1939.0,256092.23339594502,93771871.83554114,60130710.71401903,273.10133452927585,0.004258925769461078
China,Female,DALYs,15-19 years,17.0,2009,2013,2009-2013,2011.0,5,1994,1994.0,116124.63971408515,226612677.1138978,18415224.36485821,51.24366438498926,0.006305904148291883
China,Female,DALYs,20-24 years,22.0,2009,2013,2009-2013,2011.0,5,1989,1989.0,489710.94103884,304524092.7324525,28804677.76148058,160.81188737637524,0.017001090763588134
China,Female,DALYs,25-29 years,27.0,2009,2013,2009-2013,2011.0,5,1984,1984.0,684425.112771707,270985531.9266881,30295883.216784492,252.56887624423803,0.022591356979898922
China,Female,DALYs,30-34 years,32.0,2009,2013,2009-2013,2011.0,5,1979,1979.0,709592.9959257146,237854241.40281904,30551902.030125733,298.3310248077437,0.023225820612609315
China,Female,DALYs,35-39 years,37.0,2009,2013,2009-2013,2011.0,5,1974,1974.0,882151.7331767146,277394763.7245539,40389817.66750659,318.01311651746585,0.02184094368631927
China,Female,DALYs,40-44 years,42.0,2009,2013,2009-2013,2011.0,5,1969,1969.0,986391.8724178872,303571794.3771086,51817433.443910606,324.92869584338035,0.019035907548095754
China,Female,DALYs,45-49 years,47.0,2009,2013,2009-2013,2011.0,5,1964,1964.0,901717.4596314623,276439806.71277773,58455482.370563745,326.1894407878642,0.015425712406498548
China,Female,DALYs,50-54 years,52.0,2009,2013,2009-2013,2011.0,5,1959,1959.0,645335.9752276489,199474996.8079333,52725899.599193454,323.5172254941895,0.01223944930543244
China,Female,DALYs,55-59 years,57.0,2009,2013,2009-2013,2011.0,5,1954,1954.0,645772.959506159,203438117.8653499,62829690.26211862,317.4296765434973,0.010278149658418886
China,Female,DALYs,60-64 years,62.0,2009,2013,2009-2013,2011.0,5,1949,1949.0,476899.491679388,155894787.68381178,65110335.07625174,305.9111204196531,0.007324482221154038
China,Female,DALYs,65-69 years,67.0,2009,2013,2009-2013,2011.0,5,1944,1944.0,298305.64475777,108345083.55283171,60767657.021833636,275.32919351371294,0.004908954193356339
China,Female,DALYs,15-19 years,17.0,2014,2018,2014-2018,2016.0,5,1999,1999.0,90281.24172031951,176021283.67355505,13710593.929174207,51.28995757567193,0.006584779783187494
China,Female,DALYs,20-24 years,22.0,2014,2018,2014-2018,2016.0,5,1994,1994.0,351171.32493732084,222435645.53801262,20093486.93714986,157.87547184172342,0.01747687327917473
China,Female,DALYs,25-29 years,27.0,2014,2018,2014-2018,2016.0,5,1989,1989.0,737275.5851138699,295092497.31285363,31030255.890809037,249.8455880198875,0.023759893818092754
China,Female,DALYs,30-34 years,32.0,2014,2018,2014-2018,2016.0,5,1984,1984.0,801954.6408292282,267743419.9762829,31998708.964483324,299.5235665923243,0.025062093652570498
China,Female,DALYs,35-39 years,37.0,2014,2018,2014-2018,2016.0,5,1979,1979.0,743528.6690869444,232173910.5501129,31530546.313569095,320.2464339448078,0.023581217454737492
China,Female,DALYs,40-44 years,42.0,2014,2018,2014-2018,2016.0,5,1974,1974.0,887108.131075882,272048942.687181,43130234.83920744,326.0840208799983,0.020568126614266852
China,Female,DALYs,45-49 years,47.0,2014,2018,2014-2018,2016.0,5,1969,1969.0,983452.4863768374,301079131.0116432,59011244.76523384,326.6425285181276,0.016665509942881823
China,Female,DALYs,50-54 years,52.0,2014,2018,2014-2018,2016.0,5,1964,1964.0,891741.891607174,274824207.8675047,66358136.65323105,324.477198907125,0.013438320251021606
China,Female,DALYs,55-59 years,57.0,2014,2018,2014-2018,2016.0,5,1959,1959.0,622803.0385400819,195137911.13571447,54304872.38943819,319.1604516597162,0.011468640126317865
China,Female,DALYs,60-64 years,62.0,2014,2018,2014-2018,2016.0,5,1954,1954.0,610056.874799133,198615833.30889854,75156314.11478387,307.15420046615225,0.00811717394585653
China,Female,DALYs,65-69 years,67.0,2014,2018,2014-2018,2016.0,5,1949,1949.0,412173.19202347496,148499652.15076852,74726414.89032303,277.55835522429663,0.005515762968535653
China,Female,DALYs,15-19 years,17.0,2019,2023,2019-2023,2021.0,5,2004,2004.0,91490.29157499204,175295140.02246034,13517455.566090187,52.19214381144252,0.0067683071808650195
China,Female,DALYs,20-24 years,22.0,2019,2023,2019-2023,2021.0,5,1999,1999.0,276149.8688878959,173010032.048283,15404275.612201607,159.61494580315954,0.017926832513251043
China,Female,DALYs,25-29 years,27.0,2019,2023,2019-2023,2021.0,5,1994,1994.0,516399.4840375394,208017806.12401977,21194969.295021016,248.24773112435534,0.0243642478009557
China,Female,DALYs,30-34 years,32.0,2019,2023,2019-2023,2021.0,5,1989,1989.0,849723.5053765948,286173265.99564344,32821687.5717227,296.9262353771126,0.025889086401171775
China,Female,DALYs,35-39 years,37.0,2019,2023,2019-2023,2021.0,5,1984,1984.0,828582.8777421699,258604707.37900972,33971980.19686999,320.40517983603564,0.024390184880023903
China,Female,DALYs,40-44 years,42.0,2019,2023,2019-2023,2021.0,5,1979,1979.0,738312.6581749846,226035787.20401472,34534421.542717114,326.63529404244315,0.02137903648572002
China,Female,DALYs,45-49 years,47.0,2019,2023,2019-2023,2021.0,5,1974,1974.0,877810.249130243,269308542.12932307,49541868.33805082,325.94964949485893,0.01771855359068155
China,Female,DALYs,50-54 years,52.0,2019,2023,2019-2023,2021.0,5,1969,1969.0,965210.8953454916,298257808.35771894,67095162.068527594,323.6163038480638,0.01438570033350056
China,Female,DALYs,55-59 years,57.0,2019,2023,2019-2023,2021.0,5,1964,1964.0,862659.0358847653,269576872.61463,72808341.82771415,320.0048385151971,0.011848354381233803
China,Female,DALYs,60-64 years,62.0,2019,2023,2019-2023,2021.0,5,1959,1959.0,588735.100728118,190258226.47877732,64553828.4450845,309.44002350079165,0.00912006483440329
China,Female,DALYs,65-69 years,67.0,2019,2023,2019-2023,2021.0,5,1954,1954.0,535467.0390260267,190711524.93917972,82682711.67377855,280.773298413294,0.006476166881641368
United States of America,Female,DALYs,15-19 years,17.0,1990,1993,1990-1993,1991.5,4,1974,1974.5,28105.036891549753,34613354.10940164,4662406.610532092,81.19709174302727,0.006028010690458055
United States of America,Female,DALYs,20-24 years,22.0,1990,1993,1990-1993,1991.5,4,1970,1969.5,129437.059069206,38599475.84570396,6180126.327515202,335.333722112219,0.020944079814829257
United States of America,Female,DALYs,25-29 years,27.0,1990,1993,1990-1993,1991.5,4,1964,1964.5,208093.05993612806,41835670.40258935,7516131.363014171,497.40582123729627,0.02768619252187699
United States of America,Female,DALYs,30-34 years,32.0,1990,1993,1990-1993,1991.5,4,1960,1959.5,240056.6142578223,45113123.17941028,8951900.229973268,532.1214700723373,0.026816274544040484
United States of America,Female,DALYs,35-39 years,37.0,1990,1993,1990-1993,1991.5,4,1954,1954.5,222239.40311206135,42494220.32296497,9404215.805899132,522.9873649239717,0.02363189102621972
United States of America,Female,DALYs,40-44 years,42.0,1990,1993,1990-1993,1991.5,4,1950,1949.5,188612.59114031264,38207478.75085318,9513877.989527224,493.65359167045506,0.019824995795398617
United States of America,Female,DALYs,45-49 years,47.0,1990,1993,1990-1993,1991.5,4,1944,1944.5,139663.1992163131,30475539.912011087,9000798.803106893,458.27965515803294,0.015516756042597488
United States of America,Female,DALYs,50-54 years,52.0,1990,1993,1990-1993,1991.5,4,1940,1939.5,103819.69682581723,24657525.214799777,8836994.016850285,421.0467024626756,0.011748304528423913
United States of America,Female,DALYs,55-59 years,57.0,1990,1993,1990-1993,1991.5,4,1934,1934.5,83901.59461523488,21959032.673821323,9663172.90847008,382.0823797728531,0.008682613403480801
United States of America,Female,DALYs,60-64 years,62.0,1990,1993,1990-1993,1991.5,4,1930,1929.5,75670.20643455801,22249976.27970202,11944249.649547363,340.09117800089365,0.006335283391989852
United States of America,Female,DALYs,65-69 years,67.0,1990,1993,1990-1993,1991.5,4,1924,1924.5,63174.22869176441,22141703.795256484,14142520.04061885,285.317829539832,0.004466971127516255
United States of America,Female,DALYs,15-19 years,17.0,1994,1998,1994-1998,1996.0,5,1979,1979.0,37905.03350982804,46252278.83974977,6189759.727867202,81.95279121523413,0.006123829546916667
United States of America,Female,DALYs,20-24 years,22.0,1994,1998,1994-1998,1996.0,5,1974,1974.0,151970.0864672772,45448626.987529665,7158934.178901216,334.3777283062374,0.021228032367606182
United States of America,Female,DALYs,25-29 years,27.0,1994,1998,1994-1998,1996.0,5,1969,1969.0,244509.02881891248,49558406.14253554,8748028.498437556,493.3754893482189,0.027950186589193564
United States of America,Female,DALYs,30-34 years,32.0,1994,1998,1994-1998,1996.0,5,1964,1964.0,286235.1204001686,54313060.2258538,10737501.78865377,527.0097453722863,0.026657515503525304
United States of America,Female,DALYs,35-39 years,37.0,1994,1998,1994-1998,1996.0,5,1959,1959.0,294481.77385744086,56766542.909124196,12698589.235741226,518.7593937662676,0.02319011729496672
United States of America,Female,DALYs,40-44 years,42.0,1994,1998,1994-1998,1996.0,5,1954,1954.0,257974.53751786833,52441470.94973715,13255647.625235364,491.9284925572085,0.01946148123511904
United States of America,Female,DALYs,45-49 years,47.0,1994,1998,1994-1998,1996.0,5,1949,1949.0,212870.72663102264,46417463.61471847,13483474.537937742,458.6005138021451,0.01578752761627424
United States of America,Female,DALYs,50-54 years,52.0,1994,1998,1994-1998,1996.0,5,1944,1944.0,156083.89500659742,36934460.31114155,12879787.377446614,422.5969289701888,0.01211851488169059
United States of America,Female,DALYs,55-59 years,57.0,1994,1998,1994-1998,1996.0,5,1939,1939.0,114036.77636431964,29728709.598503318,12691421.108864939,383.5914101366202,0.008985343358015685
United States of America,Female,DALYs,60-64 years,62.0,1994,1998,1994-1998,1996.0,5,1934,1934.0,90757.31669543173,26591714.218212273,14027271.49306917,341.2992331019915,0.006470062031684111
United States of America,Female,DALYs,65-69 years,67.0,1994,1998,1994-1998,1996.0,5,1929,1929.0,75512.39050431045,26514393.20908395,16795203.01419717,284.79773196710215,0.004496068933521017
United States of America,Female,DALYs,15-19 years,17.0,1999,2003,1999-2003,2001.0,5,1984,1984.0,41129.15695839556,49589567.23069054,6462822.250146497,82.9391326749492,0.006363962270115545
United States of America,Female,DALYs,20-24 years,22.0,1999,2003,1999-2003,2001.0,5,1979,1979.0,161845.0099578257,47950931.84683627,7406051.861152189,337.522137160519,0.02185307542967257
United States of America,Female,DALYs,25-29 years,27.0,1999,2003,1999-2003,2001.0,5,1974,1974.0,233280.88849474245,47021428.04063752,7955090.197911139,496.1161287852278,0.029324732050932337
United States of America,Female,DALYs,30-34 years,32.0,1999,2003,1999-2003,2001.0,5,1969,1969.0,269543.00160167355,51067724.02736225,9602139.436274517,527.8147924846847,0.028071140123565222
United States of America,Female,DALYs,35-39 years,37.0,1999,2003,1999-2003,2001.0,5,1964,1964.0,287307.934439677,55408543.49628349,12059695.42760407,518.5264154415971,0.023823813475591
United States of America,Female,DALYs,40-44 years,42.0,1999,2003,1999-2003,2001.0,5,1959,1959.0,278938.33073285356,56888857.71643787,14362875.521020636,490.32155316462814,0.01942078592302887
United States of America,Female,DALYs,45-49 years,47.0,1999,2003,1999-2003,2001.0,5,1954,1954.0,238731.70877672403,52300439.2640485,15216474.89655681,456.4621485709567,0.01568902852990901
United States of America,Female,DALYs,50-54 years,52.0,1999,2003,1999-2003,2001.0,5,1949,1949.0,194050.46974373725,46155112.24896807,15628814.04824385,420.4311511517899,0.01241619928068323
United States of America,Female,DALYs,55-59 years,57.0,1999,2003,1999-2003,2001.0,5,1944,1944.0,138957.55615930248,36321804.74578164,14957325.37561992,382.57338018271463,0.009290267656127876
United States of America,Female,DALYs,60-64 years,62.0,1999,2003,1999-2003,2001.0,5,1939,1939.0,98580.80137328031,28977380.551748913,14733216.843508463,340.1991467007549,0.006691057521271436
United States of America,Female,DALYs,65-69 years,67.0,1999,2003,1999-2003,2001.0,5,1934,1934.0,71942.73383666755,25368828.59758944,15779088.082664434,283.58713355611377,0.004559372091705784
United States of America,Female,DALYs,15-19 years,17.0,2004,2008,2004-2008,2006.0,5,1989,1989.0,43995.12181642355,53059455.644309305,6731367.258202978,82.91664752716339,0.006535837390659411
United States of America,Female,DALYs,20-24 years,22.0,2004,2008,2004-2008,2006.0,5,1984,1984.0,173465.2081297973,51258957.184505686,7892738.642778539,338.4095534862569,0.021977822398630834
United States of America,Female,DALYs,25-29 years,27.0,2004,2008,2004-2008,2006.0,5,1979,1979.0,249778.11058730964,49874434.37761101,8369510.255894875,500.8139214094763,0.029843814387034664
United States of America,Female,DALYs,30-34 years,32.0,2004,2008,2004-2008,2006.0,5,1974,1974.0,260220.4159469872,48682299.821212664,8947327.552997792,534.5277788901822,0.029083591095287513
United States of America,Female,DALYs,35-39 years,37.0,2004,2008,2004-2008,2006.0,5,1969,1969.0,275211.11700971803,52420761.065879084,11000310.100287518,525.0040468963246,0.025018487160877834
United States of America,Female,DALYs,40-44 years,42.0,2004,2008,2004-2008,2006.0,5,1964,1964.0,276720.3440393822,55820964.38586013,13801039.013931368,495.7283470177336,0.02005068920970723
United States of America,Female,DALYs,45-49 years,47.0,2004,2008,2004-2008,2006.0,5,1959,1959.0,261891.3955221433,56968462.82907817,16558622.999671604,459.71294031206895,0.015816012933402568
United States of America,Female,DALYs,50-54 years,52.0,2004,2008,2004-2008,2006.0,5,1954,1954.0,219999.1293444068,52236184.334405445,17612054.190236904,421.1623267427365,0.01249139520967188
United States of America,Female,DALYs,55-59 years,57.0,2004,2008,2004-2008,2006.0,5,1949,1949.0,174212.75859158073,45585743.02092013,17954758.22698266,382.16500828259245,0.009702874101070956
United States of America,Female,DALYs,60-64 years,62.0,2004,2008,2004-2008,2006.0,5,1944,1944.0,120388.89910295964,35546237.99368375,17113090.421044603,338.6825326616889,0.007034901127788873
United States of America,Female,DALYs,65-69 years,67.0,2004,2008,2004-2008,2006.0,5,1939,1939.0,78181.43297032476,27847697.024763852,16307394.372510979,280.7464936895899,0.004794232063346276
United States of America,Female,DALYs,15-19 years,17.0,2009,2013,2009-2013,2011.0,5,1994,1994.0,42825.79637211428,53139804.23513766,6421630.7195944125,80.5908056842192,0.006668990828363787
United States of America,Female,DALYs,20-24 years,22.0,2009,2013,2009-2013,2011.0,5,1989,1989.0,178361.49696324219,54207321.06773633,8251437.738394216,329.0358081713085,0.02161580837401465
United States of America,Female,DALYs,25-29 years,27.0,2009,2013,2009-2013,2011.0,5,1984,1984.0,257137.39141738226,52907283.635969795,8886225.71090422,486.0151074597291,0.028936626165352846
United States of America,Female,DALYs,30-34 years,32.0,2009,2013,2009-2013,2011.0,5,1979,1979.0,266826.6135794758,51296072.61563817,9391946.316418353,520.1696737658835,0.02841015105814946
United States of America,Female,DALYs,35-39 years,37.0,2009,2013,2009-2013,2011.0,5,1974,1974.0,256190.4246013095,49979816.40143545,10317113.096974798,512.5877665167884,0.024831599905251606
United States of America,Female,DALYs,40-44 years,42.0,2009,2013,2009-2013,2011.0,5,1969,1969.0,256877.82802218213,52795829.20386095,12611238.623024423,486.54947160749714,0.02036896102760268
United States of America,Female,DALYs,45-49 years,47.0,2009,2013,2009-2013,2011.0,5,1964,1964.0,254268.34788433937,55936336.35141801,15879027.701941026,454.56739656116855,0.016012841129640326
United States of America,Female,DALYs,50-54 years,52.0,2009,2013,2009-2013,2011.0,5,1959,1959.0,237223.11054885463,56861911.29576403,19152642.013741534,417.1915877307606,0.01238592098043983
United States of America,Female,DALYs,55-59 years,57.0,2009,2013,2009-2013,2011.0,5,1954,1954.0,196079.2770348231,51680998.61913612,20123790.636259347,379.4030345269298,0.009743655187980566
United States of America,Female,DALYs,60-64 years,62.0,2009,2013,2009-2013,2011.0,5,1949,1949.0,149871.9675549972,44696572.702059306,20519880.510731313,335.3097530632189,0.007303744652734133
United States of America,Female,DALYs,65-69 years,67.0,2009,2013,2009-2013,2011.0,5,1944,1944.0,95605.13533657989,34327629.68573988,19199668.268669464,278.50782652871436,0.004979520166636989
United States of America,Female,DALYs,15-19 years,17.0,2014,2018,2014-2018,2016.0,5,1999,1999.0,40382.10062030278,52282593.30892095,6348779.672374299,77.2381361836778,0.006360608290758465
United States of America,Female,DALYs,20-24 years,22.0,2014,2018,2014-2018,2016.0,5,1994,1994.0,163406.0373319909,54281550.48329744,8621204.518560896,301.03421121375544,0.018953968320805783
United States of America,Female,DALYs,25-29 years,27.0,2014,2018,2014-2018,2016.0,5,1989,1989.0,251033.92428793432,56039041.79898717,10008772.506493405,447.96255651264795,0.025081389763337184
United States of America,Female,DALYs,30-34 years,32.0,2014,2018,2014-2018,2016.0,5,1984,1984.0,265501.6843404038,54461497.78891123,10596507.668457448,487.5034567897285,0.025055583655237742
United States of America,Female,DALYs,35-39 years,37.0,2014,2018,2014-2018,2016.0,5,1979,1979.0,254916.82805335254,52501698.84795066,11345373.964125369,485.540151360841,0.022468790262834184
United States of America,Female,DALYs,40-44 years,42.0,2014,2018,2014-2018,2016.0,5,1974,1974.0,234587.92866386537,50322805.42407626,12264595.185926493,466.16623752782664,0.019127245955337588
United States of America,Female,DALYs,45-49 years,47.0,2014,2018,2014-2018,2016.0,5,1969,1969.0,231913.8046815941,52801990.07638912,14928559.71224475,439.2141363347903,0.015534908199574876
United States of America,Female,DALYs,50-54 years,52.0,2014,2018,2014-2018,2016.0,5,1964,1964.0,226231.86717428578,55588747.16026062,18863469.759134185,406.97421462308984,0.01199312056917516
United States of America,Female,DALYs,55-59 years,57.0,2014,2018,2014-2018,2016.0,5,1959,1959.0,208221.71471689947,56007851.79366857,22442287.181652777,371.77236413919735,0.009278096881637214
United States of America,Female,DALYs,60-64 years,62.0,2014,2018,2014-2018,2016.0,5,1954,1954.0,166827.6006221026,50390165.540490076,23501231.14224014,331.0717455136189,0.007098674942277962
United States of America,Female,DALYs,65-69 years,67.0,2014,2018,2014-2018,2016.0,5,1949,1949.0,118422.96218881867,43011017.68650207,23698651.836469524,275.33169071231424,0.00499703371339374
United States of America,Female,DALYs,15-19 years,17.0,2019,2023,2019-2023,2021.0,5,2004,2004.0,40001.3772520397,53082712.534381114,6946990.590294546,75.35669400114253,0.005758087150416548
United States of America,Female,DALYs,20-24 years,22.0,2019,2023,2019-2023,2021.0,5,1999,1999.0,155760.31178728753,52852227.21010895,9211211.954927623,294.7090785182569,0.016909860781562203
United States of America,Female,DALYs,25-29 years,27.0,2019,2023,2019-2023,2021.0,5,1994,1994.0,243968.17603804544,55352062.602381535,11032507.056725735,440.75715441821427,0.022113575344537433
United States of America,Female,DALYs,30-34 years,32.0,2019,2023,2019-2023,2021.0,5,1989,1989.0,274870.0050197189,57161770.55687444,12553123.571067706,480.86335035096675,0.021896542598627493
United States of America,Female,DALYs,35-39 years,37.0,2019,2023,2019-2023,2021.0,5,1984,1984.0,265639.6935867433,55229074.39329127,13411534.321524207,480.97799303153056,0.01980680861849024
United States of America,Female,DALYs,40-44 years,42.0,2019,2023,2019-2023,2021.0,5,1979,1979.0,242052.45006211338,52534161.3814509,14191447.567060713,460.75247743000773,0.017056219875971855
United States of America,Female,DALYs,45-49 years,47.0,2019,2023,2019-2023,2021.0,5,1974,1974.0,217589.59556436838,50188779.955508485,15255212.168135328,433.542309172006,0.014263295270246296
United States of America,Female,DALYs,50-54 years,52.0,2019,2023,2019-2023,2021.0,5,1969,1969.0,210057.799918929,52223996.4717693,18553702.311121106,402.2246746904554,0.011321610986127559
United States of America,Female,DALYs,55-59 years,57.0,2019,2023,2019-2023,2021.0,5,1964,1964.0,200384.4775555578,54538582.16463166,23006158.403232478,367.4178344986522,0.00871003641909215
United States of America,Female,DALYs,60-64 years,62.0,2019,2023,2019-2023,2021.0,5,1959,1959.0,177730.69517862546,54249504.53865737,27226579.12926285,327.61717676513945,0.006527837901883249
United States of America,Female,DALYs,65-69 years,67.0,2019,2023,2019-2023,2021.0,5,1954,1954.0,131177.35976635703,48190648.54573173,28120300.617106546,272.20501015227666,0.004664863350947156
China,Female,Incidence,15-19 years,17.0,1990,1993,1990-1993,1991.5,4,1974,1974.5,61809.318125132464,230182031.4230395,644586874.934473,26.85236451473328,9.58898180038429e-05
China,Female,Incidence,20-24 years,22.0,1990,1993,1990-1993,1991.5,4,1970,1969.5,105839.47697473745,252683573.82944214,757202292.8825189,41.886172247261946,0.0001397770159567631
China,Female,Incidence,25-29 years,27.0,1990,1993,1990-1993,1991.5,4,1964,1964.5,79550.63955727947,235509700.23345524,739836032.8311428,33.77807346297107,0.0001075246892921148
China,Female,Incidence,30-34 years,32.0,1990,1993,1990-1993,1991.5,4,1960,1959.5,45521.90827007675,171426320.83725265,535875505.00999266,26.554795114161013,8.494866409172385e-05
China,Female,Incidence,35-39 years,37.0,1990,1993,1990-1993,1991.5,4,1954,1954.5,41649.64662707306,181361268.81869516,550773704.114466,22.965017226864326,7.562025259364436e-05
China,Female,Incidence,40-44 years,42.0,1990,1993,1990-1993,1991.5,4,1950,1949.5,30552.738587363754,141414799.682171,407608970.2058767,21.605050288959056,7.49560015127539e-05
China,Female,Incidence,45-49 years,47.0,1990,1993,1990-1993,1991.5,4,1944,1944.5,23194.804538958026,104199071.15203951,287858740.8814355,22.260087621235986,8.057703743139626e-05
China,Female,Incidence,50-54 years,52.0,1990,1993,1990-1993,1991.5,4,1940,1939.5,20910.96259037892,90473970.3209937,244416981.36830324,23.11268369917741,8.555445891408394e-05
China,Female,Incidence,55-59 years,57.0,1990,1993,1990-1993,1991.5,4,1934,1934.5,20383.710719557806,85114326.784128,230428421.2350563,23.94862473770859,8.84600545813952e-05
China,Female,Incidence,60-64 years,62.0,1990,1993,1990-1993,1991.5,4,1930,1929.5,15177.294146056942,71210697.81014606,195342893.6481078,21.31322204778969,7.769565538123663e-05
China,Female,Incidence,65-69 years,67.0,1990,1993,1990-1993,1991.5,4,1924,1924.5,8764.041669586928,57645742.18621099,154976479.4007634,15.203276664001923,5.655078566421323e-05
China,Female,Incidence,15-19 years,17.0,1994,1998,1994-1998,1996.0,5,1979,1979.0,65878.38209123383,242527348.0981036,676402089.0427868,27.16327977353946,9.739529661190416e-05
China,Female,Incidence,20-24 years,22.0,1994,1998,1994-1998,1996.0,5,1974,1974.0,116755.96098424609,277180223.3504504,826224601.0629195,42.12276026512422,0.0001413126174578222
China,Female,Incidence,25-29 years,27.0,1994,1998,1994-1998,1996.0,5,1969,1969.0,103469.7288915456,308978730.38098216,964174889.2876165,33.48765423560503,0.00010731427466234317
China,Female,Incidence,30-34 years,32.0,1994,1998,1994-1998,1996.0,5,1964,1964.0,75342.65952230222,285587416.1164213,888772670.3846049,26.38164543342077,8.477157549151309e-05
China,Female,Incidence,35-39 years,37.0,1994,1998,1994-1998,1996.0,5,1959,1959.0,48400.05554660326,210141763.53979838,633645074.9025513,23.032097347673044,7.638354255976303e-05
China,Female,Incidence,40-44 years,42.0,1994,1998,1994-1998,1996.0,5,1954,1954.0,47043.39190988744,216168736.62153405,618141092.8581021,21.76234762025302,7.610461827148989e-05
China,Female,Incidence,45-49 years,47.0,1994,1998,1994-1998,1996.0,5,1949,1949.0,38031.63706092866,168431811.52457407,460247952.15740156,22.579842083678994,8.263293053810723e-05
China,Female,Incidence,50-54 years,52.0,1994,1998,1994-1998,1996.0,5,1944,1944.0,28893.437870465263,124351803.36166637,330926252.60322154,23.235238323348813,8.731080608799058e-05
China,Female,Incidence,55-59 years,57.0,1994,1998,1994-1998,1996.0,5,1939,1939.0,25896.81650151505,107330251.07039079,285926310.9372512,24.128161672268007,9.057164559856933e-05
China,Female,Incidence,60-64 years,62.0,1994,1998,1994-1998,1996.0,5,1934,1934.0,21169.978646348245,98569219.022506,266101377.62963548,21.477271359443936,7.955606556766117e-05
China,Female,Incidence,65-69 years,67.0,1994,1998,1994-1998,1996.0,5,1929,1929.0,12188.663231092245,79422860.68944539,210901765.93938214,15.346542702297818,5.779308284500348e-05
China,Female,Incidence,15-19 years,17.0,1999,2003,1999-2003,2001.0,5,1984,1984.0,73611.92316089947,270089638.81822944,756171268.8440167,27.25462682796224,9.734821487390336e-05
China,Female,Incidence,20-24 years,22.0,1999,2003,1999-2003,2001.0,5,1979,1979.0,98989.86368157879,233265107.91881034,696794738.2395215,42.436635536607106,0.00014206459700267035
China,Female,Incidence,25-29 years,27.0,1999,2003,1999-2003,2001.0,5,1974,1974.0,93853.36739371996,276039084.9437226,862814701.1274557,34.000028442658504,0.00010877580930306363
China,Female,Incidence,30-34 years,32.0,1999,2003,1999-2003,2001.0,5,1969,1969.0,82630.21912089514,308153140.0871723,961847379.9335005,26.814660755207676,8.590782783710235e-05
China,Female,Incidence,35-39 years,37.0,1999,2003,1999-2003,2001.0,5,1964,1964.0,65044.59550826707,282204424.25259227,854311311.7093686,23.048751159920762,7.61368772913952e-05
China,Female,Incidence,40-44 years,42.0,1999,2003,1999-2003,2001.0,5,1959,1959.0,43680.42265379406,202613906.72695726,579508677.084871,21.55845240803626,7.537492427813451e-05
China,Female,Incidence,45-49 years,47.0,1999,2003,1999-2003,2001.0,5,1954,1954.0,46949.916566709566,210082765.8997302,572701474.5001888,22.348295142457406,8.197973753722907e-05
China,Female,Incidence,50-54 years,52.0,1999,2003,1999-2003,2001.0,5,1949,1949.0,38095.55959403299,164574392.68915942,433635834.49500513,23.147926582956398,8.785150249032704e-05
China,Female,Incidence,55-59 years,57.0,1999,2003,1999-2003,2001.0,5,1944,1944.0,28084.111590056113,118337484.42797102,310877082.88166225,23.732219529434214,9.0338314197147e-05
China,Female,Incidence,60-64 years,62.0,1999,2003,1999-2003,2001.0,5,1939,1939.0,21501.36126924151,101409383.16295752,269573641.97139156,21.202536292613463,7.976062166909975e-05
China,Female,Incidence,65-69 years,67.0,1999,2003,1999-2003,2001.0,5,1934,1934.0,13482.541780978216,88977305.44214597,234322348.56474197,15.1527872348806,5.753843738576674e-05
China,Female,Incidence,15-19 years,17.0,2004,2008,2004-2008,2006.0,5,1989,1989.0,80706.87325318827,302382382.4619199,890221452.2959468,26.690335791421965,9.06593219530256e-05
China,Female,Incidence,20-24 years,22.0,2004,2008,2004-2008,2006.0,5,1984,1984.0,114257.92088093227,269616535.52202547,840466581.2190871,42.37793526265318,0.0001359458227538357
China,Female,Incidence,25-29 years,27.0,2004,2008,2004-2008,2006.0,5,1979,1979.0,80777.34150871182,235561075.7121367,757679581.9931654,34.29146401395465,0.00010661147987678051
China,Female,Incidence,30-34 years,32.0,2004,2008,2004-2008,2006.0,5,1974,1974.0,75451.72026235457,279146855.1005372,887361330.3052669,27.029400075161146,8.502930845138129e-05
China,Female,Incidence,35-39 years,37.0,2004,2008,2004-2008,2006.0,5,1969,1969.0,71045.9735296485,307166596.4733447,940336659.5716349,23.129459500266247,7.555376343831272e-05
China,Female,Incidence,40-44 years,42.0,2004,2008,2004-2008,2006.0,5,1964,1964.0,60047.23256981004,277698221.11505616,801583709.7041703,21.62319669485071,7.491074462075939e-05
China,Female,Incidence,45-49 years,47.0,2004,2008,2004-2008,2006.0,5,1959,1959.0,44896.84791820413,200075259.34460405,547745702.1911453,22.439979868213015,8.196659095380104e-05
China,Female,Incidence,50-54 years,52.0,2004,2008,2004-2008,2006.0,5,1954,1954.0,48479.51264998366,208188328.74390507,547471761.3529657,23.286373901208883,8.855162233423026e-05
China,Female,Incidence,55-59 years,57.0,2004,2008,2004-2008,2006.0,5,1949,1949.0,38462.949936317826,159498061.4967429,416640998.8214542,24.114995239050774,9.231676682111785e-05
China,Female,Incidence,60-64 years,62.0,2004,2008,2004-2008,2006.0,5,1944,1944.0,24357.173192763144,114471072.00674815,300992320.58550036,21.278016153572207,8.092290575846837e-05
China,Female,Incidence,65-69 years,67.0,2004,2008,2004-2008,2006.0,5,1939,1939.0,14326.164343192268,93771871.83557673,246066978.40158603,15.277677690291098,5.82205887041523e-05
China,Female,Incidence,15-19 years,17.0,2009,2013,2009-2013,2011.0,5,1994,1994.0,59475.0720842501,226612677.11396217,671022904.7549957,26.245253726180746,8.86334455393377e-05
China,Female,Incidence,20-24 years,22.0,2009,2013,2009-2013,2011.0,5,1989,1989.0,128967.54772896612,304524092.7324912,949922765.6632105,42.35052358969098,0.00013576635110847612
China,Female,Incidence,25-29 years,27.0,2009,2013,2009-2013,2011.0,5,1984,1984.0,93293.49820139614,270985531.926743,862323112.2106411,34.427483097738474,0.0001081885628256328
China,Female,Incidence,30-34 years,32.0,2009,2013,2009-2013,2011.0,5,1979,1979.0,64065.46601132834,237854241.40285805,744610888.4747474,26.934758713349783,8.603885197349091e-05
China,Female,Incidence,35-39 years,37.0,2009,2013,2009-2013,2011.0,5,1974,1974.0,64206.359011995315,277394763.72459483,832600288.8089288,23.146204401947962,7.711546569824678e-05
China,Female,Incidence,40-44 years,42.0,2009,2013,2009-2013,2011.0,5,1969,1969.0,65856.40780944313,303571794.37717974,854793476.1861453,21.69384937245465,7.704364813741491e-05
China,Female,Incidence,45-49 years,47.0,2009,2013,2009-2013,2011.0,5,1964,1964.0,62124.45172994579,276439806.7128196,737927854.1273458,22.473048461679753,8.418770396384148e-05
China,Female,Incidence,50-54 years,52.0,2009,2013,2009-2013,2011.0,5,1959,1959.0,46333.007723730305,199474996.80795875,511491321.360142,23.22747635802027,9.058415224039969e-05
China,Female,Incidence,55-59 years,57.0,2009,2013,2009-2013,2011.0,5,1954,1954.0,48852.708279208375,203438117.86539245,519789436.9472131,24.013547112902618,9.398557340088767e-05
China,Female,Incidence,60-64 years,62.0,2009,2013,2009-2013,2011.0,5,1949,1949.0,33261.88277991301,155894787.68384987,402014629.1414036,21.336109612187386,8.273799103020591e-05
China,Female,Incidence,65-69 years,67.0,2009,2013,2009-2013,2011.0,5,1944,1944.0,16380.600727952522,108345083.5528611,283008671.37523574,15.118914666728276,5.78802078690861e-05
China,Female,Incidence,15-19 years,17.0,2014,2018,2014-2018,2016.0,5,1999,1999.0,46089.28966468199,176021283.6735873,522171708.8271704,26.183929978689207,8.826462423290101e-05
China,Female,Incidence,20-24 years,22.0,2014,2018,2014-2018,2016.0,5,1994,1994.0,93300.26386874486,222435645.53804496,694820760.1875805,41.94483471525564,0.0001342796145635554
China,Female,Incidence,25-29 years,27.0,2014,2018,2014-2018,2016.0,5,1989,1989.0,101716.31266298052,295092497.31289494,942343913.8354676,34.46929813167287,0.00010793969289723678
China,Female,Incidence,30-34 years,32.0,2014,2018,2014-2018,2016.0,5,1984,1984.0,72695.51948215612,267743419.97630984,842023084.5954833,27.15118806228302,8.633435449941352e-05
China,Female,Incidence,35-39 years,37.0,2014,2018,2014-2018,2016.0,5,1979,1979.0,54219.00170855586,232173910.55017596,698865569.6508455,23.35275379566749,7.758144636549168e-05
China,Female,Incidence,40-44 years,42.0,2014,2018,2014-2018,2016.0,5,1974,1974.0,59197.72050215213,272048942.687221,766505298.8093824,21.759952425256323,7.723067354407638e-05
China,Female,Incidence,45-49 years,47.0,2014,2018,2014-2018,2016.0,5,1969,1969.0,67412.07038761147,301079131.0116891,802557729.7915667,22.390150443537134,8.39965374268081e-05
China,Female,Incidence,50-54 years,52.0,2014,2018,2014-2018,2016.0,5,1964,1964.0,63409.16243522205,274824207.8675897,705822561.1837828,23.0726262898109,8.983725644710798e-05
China,Female,Incidence,55-59 years,57.0,2014,2018,2014-2018,2016.0,5,1959,1959.0,46269.132630953114,195137911.13575596,498864515.3472678,23.71099104302907,9.274889515592105e-05
China,Female,Incidence,60-64 years,62.0,2014,2018,2014-2018,2016.0,5,1954,1954.0,41819.76509250933,198615833.30897197,512348385.57317674,21.05560488093284,8.162368862687941e-05
China,Female,Incidence,65-69 years,67.0,2014,2018,2014-2018,2016.0,5,1949,1949.0,22349.95155773539,148499652.15082002,389048284.6540203,15.050507684042392,5.7447757616027396e-05
China,Female,Incidence,15-19 years,17.0,2019,2023,2019-2023,2021.0,5,2004,2004.0,46367.891329640144,175295140.02249855,551585091.8254435,26.451327357785836,8.406298867902305e-05
China,Female,Incidence,20-24 years,22.0,2019,2023,2019-2023,2021.0,5,1999,1999.0,72841.15495805762,173010032.04829648,576205734.8612503,42.102272391767265,0.0001264151856725232
China,Female,Incidence,25-29 years,27.0,2019,2023,2019-2023,2021.0,5,1994,1994.0,70854.65475986843,208017806.12406155,712325307.8805741,34.0618219565352,9.946951761504403e-05
China,Female,Incidence,30-34 years,32.0,2019,2023,2019-2023,2021.0,5,1989,1989.0,76632.14497331204,286173265.9956906,951397324.9960747,26.778233356873393,8.054694180859527e-05
China,Female,Incidence,35-39 years,37.0,2019,2023,2019-2023,2021.0,5,1984,1984.0,59942.246994217,258604707.37904084,814589838.0638983,23.179101262978456,7.358580256376215e-05
China,Female,Incidence,40-44 years,42.0,2019,2023,2019-2023,2021.0,5,1979,1979.0,49082.736777545986,226035787.20407227,664921268.0868413,21.714586608019083,7.38173662556626e-05
China,Female,Incidence,45-49 years,47.0,2019,2023,2019-2023,2021.0,5,1974,1974.0,60601.348199538406,269308542.12938404,748400034.1091809,22.502571853225387,8.097453960123354e-05
China,Female,Incidence,50-54 years,52.0,2019,2023,2019-2023,2021.0,5,1969,1969.0,69505.51214447773,298257808.3577532,802173624.6801978,23.303836545699923,8.664646905112027e-05
China,Female,Incidence,55-59 years,57.0,2019,2023,2019-2023,2021.0,5,1964,1964.0,65123.82615672221,269576872.61470085,723435380.9057509,24.157794222133433,9.002023936842334e-05
China,Female,Incidence,60-64 years,62.0,2019,2023,2019-2023,2021.0,5,1959,1959.0,40875.46449988915,190258226.47881,515368309.66356313,21.48420347250617,7.931311206653938e-05
China,Female,Incidence,65-69 years,67.0,2019,2023,2019-2023,2021.0,5,1954,1954.0,29314.291124982912,190711524.93922436,522071672.7744052,15.371011864293331,5.614993621316445e-05
United States of America,Female,Incidence,15-19 years,17.0,1990,1993,1990-1993,1991.5,4,1974,1974.5,19664.813496804367,34613354.109404765,190814805.6401025,56.812793798163746,0.00010305706326528113
United States of America,Female,Incidence,20-24 years,22.0,1990,1993,1990-1993,1991.5,4,1970,1969.5,36272.065420016734,38599475.845705666,228641543.27866578,93.97035743440577,0.00015864162260227898
United States of America,Female,Incidence,25-29 years,27.0,1990,1993,1990-1993,1991.5,4,1964,1964.5,21719.059405320302,41835670.40259209,249266360.7323544,51.91516998846662,8.713193124619323e-05
United States of America,Female,Incidence,30-34 years,32.0,1990,1993,1990-1993,1991.5,4,1960,1959.5,13063.609293263635,45113123.17941611,259934428.81471628,28.957448238086524,5.025732586803843e-05
United States of America,Female,Incidence,35-39 years,37.0,1990,1993,1990-1993,1991.5,4,1954,1954.5,9018.213047189716,42494220.32297683,225505020.13539743,21.222210876318925,3.999118530387932e-05
United States of America,Female,Incidence,40-44 years,42.0,1990,1993,1990-1993,1991.5,4,1950,1949.5,6533.421379075062,38207478.75086709,188857310.3762641,17.099849539082165,3.459448493711151e-05
United States of America,Female,Incidence,45-49 years,47.0,1990,1993,1990-1993,1991.5,4,1944,1944.5,5063.931576052967,30475539.912019208,143702812.83901983,16.616380187757755,3.523891756889779e-05
United States of America,Female,Incidence,50-54 years,52.0,1990,1993,1990-1993,1991.5,4,1940,1939.5,3976.129331458108,24657525.21480748,112127481.47856773,16.125419306355774,3.546079229665132e-05
United States of America,Female,Incidence,55-59 years,57.0,1990,1993,1990-1993,1991.5,4,1934,1934.5,3431.689117511838,21959032.673828073,99282996.90875928,15.627688015610566,3.456472129528431e-05
United States of America,Female,Incidence,60-64 years,62.0,1990,1993,1990-1993,1991.5,4,1930,1929.5,2994.6069821814417,22249976.27970933,97673686.49224538,13.458922133379293,3.0659301289085605e-05
United States of America,Female,Incidence,65-69 years,67.0,1990,1993,1990-1993,1991.5,4,1924,1924.5,2130.0284752939906,22141703.79525183,94960230.93843716,9.6199845097321,2.2430742367032475e-05
United States of America,Female,Incidence,15-19 years,17.0,1994,1998,1994-1998,1996.0,5,1979,1979.0,26274.490446812197,46252278.839756094,257879372.41077584,56.80691007213247,0.00010188674728492663
United States of America,Female,Incidence,20-24 years,22.0,1994,1998,1994-1998,1996.0,5,1974,1974.0,42205.89400875608,45448626.98753139,275419632.76192683,92.8650584325354,0.00015324214031335566
United States of America,Female,Incidence,25-29 years,27.0,1994,1998,1994-1998,1996.0,5,1969,1969.0,25240.31328999256,49558406.142539196,297033525.0679516,50.93043795112523,8.497462797917641e-05
United States of America,Female,Incidence,30-34 years,32.0,1994,1998,1994-1998,1996.0,5,1964,1964.0,15635.661101205345,54313060.22586518,313221548.66074616,28.788031895428478,4.9918855098122605e-05
United States of America,Female,Incidence,35-39 years,37.0,1994,1998,1994-1998,1996.0,5,1959,1959.0,12206.959588563615,56766542.90913853,299459026.73459923,21.503792485834968,4.076337160937294e-05
United States of America,Female,Incidence,40-44 years,42.0,1994,1998,1994-1998,1996.0,5,1954,1954.0,9202.144615265488,52441470.94975212,256226167.19498417,17.547457095707163,3.59141484884438e-05
United States of America,Female,Incidence,45-49 years,47.0,1994,1998,1994-1998,1996.0,5,1949,1949.0,7856.079756752249,46417463.614737,215907676.43193057,16.924836354604338,3.6386291986376145e-05
United States of America,Female,Incidence,50-54 years,52.0,1994,1998,1994-1998,1996.0,5,1944,1944.0,6020.657351637015,36934460.31115468,164294957.8407697,16.30092141841504,3.664541767296399e-05
United States of America,Female,Incidence,55-59 years,57.0,1994,1998,1994-1998,1996.0,5,1939,1939.0,4661.220989393884,29728709.598514535,131845372.91543718,15.67919042684178,3.535369415188725e-05
United States of America,Female,Incidence,60-64 years,62.0,1994,1998,1994-1998,1996.0,5,1934,1934.0,3577.2154184536753,26591714.218222383,113939967.88031867,13.452368617899529,3.139561547192241e-05
United States of America,Female,Incidence,65-69 years,67.0,1994,1998,1994-1998,1996.0,5,1929,1929.0,2549.790142006553,26514393.20908596,110501326.12971504,9.616626418336402,2.3074746985510485e-05
United States of America,Female,Incidence,15-19 years,17.0,1999,2003,1999-2003,2001.0,5,1984,1984.0,28423.900651483546,49589567.23069376,267495832.33371663,57.31830753685304,0.00010625922805415179
United States of America,Female,Incidence,20-24 years,22.0,1999,2003,1999-2003,2001.0,5,1979,1979.0,44559.40962612496,47950931.84683945,285206116.8299939,92.92709841062654,0.00015623581331772768
United States of America,Female,Incidence,25-29 years,27.0,1999,2003,1999-2003,2001.0,5,1974,1974.0,23551.0002868735,47021428.0406416,277733177.69098186,50.08567639952976,8.479721610025784e-05
United States of America,Female,Incidence,30-34 years,32.0,1999,2003,1999-2003,2001.0,5,1969,1969.0,14350.877684513285,51067724.02737235,294109902.79276294,28.101659037753866,4.879426890506732e-05
United States of America,Female,Incidence,35-39 years,37.0,1999,2003,1999-2003,2001.0,5,1964,1964.0,11694.380690812397,55408543.496290244,295907805.868065,21.10573560121711,3.952035214652808e-05
United States of America,Female,Incidence,40-44 years,42.0,1999,2003,1999-2003,2001.0,5,1959,1959.0,9835.361863954882,56888857.71645308,281102574.59834504,17.288731499895018,3.498851576869473e-05
United States of America,Female,Incidence,45-49 years,47.0,1999,2003,1999-2003,2001.0,5,1954,1954.0,8719.872776077797,52300439.264057964,244898180.36689752,16.67265686250228,3.560611501079347e-05
United States of America,Female,Incidence,50-54 years,52.0,1999,2003,1999-2003,2001.0,5,1949,1949.0,7412.758955288153,46155112.2489813,205729085.77984458,16.06053716281832,3.603165263282566e-05
United States of America,Female,Incidence,55-59 years,57.0,1999,2003,1999-2003,2001.0,5,1944,1944.0,5611.082832968239,36321804.74579041,160283443.39751413,15.448248984980701,3.500725161645275e-05
United States of America,Female,Incidence,60-64 years,62.0,1999,2003,1999-2003,2001.0,5,1939,1939.0,3840.8848016799184,28977380.551759694,126593601.92973457,13.2547688181107,3.0340275836465977e-05
United States of America,Female,Incidence,65-69 years,67.0,1999,2003,1999-2003,2001.0,5,1934,1934.0,2403.9615285009822,25368828.597597845,110558630.52003446,9.476044663444222,2.1743770858896062e-05
United States of America,Female,Incidence,15-19 years,17.0,2004,2008,2004-2008,2006.0,5,1989,1989.0,30373.352076850184,53059455.64431397,268588091.4999577,57.24399488841174,0.00011308525224341515
United States of America,Female,Incidence,20-24 years,22.0,2004,2008,2004-2008,2006.0,5,1984,1984.0,48057.48470332061,51258957.184509024,288176540.84020984,93.75431601219556,0.00016676404180299972
United States of America,Female,Incidence,25-29 years,27.0,2004,2008,2004-2008,2006.0,5,1979,1979.0,25538.5795901616,49874434.37761608,279901687.87954897,51.205752824784824,9.124124896721489e-05
United States of America,Female,Incidence,30-34 years,32.0,2004,2008,2004-2008,2006.0,5,1974,1974.0,13857.466894570376,48682299.821219444,265991726.87662378,28.46510322121273,5.209736053557016e-05
United States of America,Female,Incidence,35-39 years,37.0,2004,2008,2004-2008,2006.0,5,1969,1969.0,11042.086390054443,52420761.06589731,266751269.92786267,21.064338184967614,4.1394690990751593e-05
United States of America,Female,Incidence,40-44 years,42.0,2004,2008,2004-2008,2006.0,5,1964,1964.0,9531.513351974208,55820964.38587595,265295034.73806334,17.075149913364648,3.5927974910593643e-05
United States of America,Female,Incidence,45-49 years,47.0,2004,2008,2004-2008,2006.0,5,1959,1959.0,9417.76697500748,56968462.82909618,259991778.85853657,16.531544836062228,3.622332604651994e-05
United States of America,Female,Incidence,50-54 years,52.0,2004,2008,2004-2008,2006.0,5,1954,1954.0,8351.913032937198,52236184.33442648,229328858.6948125,15.988750210900903,3.6418936022577964e-05
United States of America,Female,Incidence,55-59 years,57.0,2004,2008,2004-2008,2006.0,5,1949,1949.0,7038.429752151767,45585743.020928025,196978286.17919955,15.439980322182057,3.5732008277037234e-05
United States of America,Female,Incidence,60-64 years,62.0,2004,2008,2004-2008,2006.0,5,1944,1944.0,4717.940059375734,35546237.99369074,154406763.3866891,13.27268460930561,3.055526814949384e-05
United States of America,Female,Incidence,65-69 years,67.0,2004,2008,2004-2008,2006.0,5,1939,1939.0,2643.0084519909747,27847697.024768144,121869526.83293419,9.490940847425353,2.1687197125284355e-05
United States of America,Female,Incidence,15-19 years,17.0,2009,2013,2009-2013,2011.0,5,1994,1994.0,29645.22224143964,53139804.23514204,253395938.23944783,55.787225166017585,0.00011699170257980311
United States of America,Female,Incidence,20-24 years,22.0,2009,2013,2009-2013,2011.0,5,1989,1989.0,49333.98285773553,54207321.067738004,286000365.5935688,91.00981543819016,0.00017249622305673336
United States of America,Female,Incidence,25-29 years,27.0,2009,2013,2009-2013,2011.0,5,1984,1984.0,26252.8796308214,52907283.63597594,279297287.4833266,49.62053960557133,9.399618545306722e-05
United States of America,Female,Incidence,30-34 years,32.0,2009,2013,2009-2013,2011.0,5,1979,1979.0,14455.12017949642,51296072.61564654,265320372.69899145,28.179779547269394,5.448175740313728e-05
United States of America,Female,Incidence,35-39 years,37.0,2009,2013,2009-2013,2011.0,5,1974,1974.0,10668.356497996328,49979816.40144808,242598583.66482282,21.345329507227305,4.397534534964912e-05
United States of America,Female,Incidence,40-44 years,42.0,2009,2013,2009-2013,2011.0,5,1969,1969.0,9275.51452334595,52795829.20387967,238436241.49159226,17.568650143796482,3.890144579247204e-05
United States of America,Female,Incidence,45-49 years,47.0,2009,2013,2009-2013,2011.0,5,1964,1964.0,9424.319108688775,55936336.35143192,246418911.55813044,16.84829526459954,3.8245112962710126e-05
United States of America,Female,Incidence,50-54 years,52.0,2009,2013,2009-2013,2011.0,5,1959,1959.0,9174.49086686256,56861911.295778885,248190101.30947018,16.134686045179812,3.696557928159599e-05
United States of America,Female,Incidence,55-59 years,57.0,2009,2013,2009-2013,2011.0,5,1954,1954.0,7968.064007789149,51680998.61916043,223906005.8862742,15.41778259066967,3.55866470675926e-05
United States of America,Female,Incidence,60-64 years,62.0,2009,2013,2009-2013,2011.0,5,1949,1949.0,5892.533633108904,44696572.70207829,193251618.8569026,13.183412679950099,3.0491509814839687e-05
United States of America,Female,Incidence,65-69 years,67.0,2009,2013,2009-2013,2011.0,5,1944,1944.0,3235.845610187954,34327629.6857404,148533782.82310888,9.426358999474164,2.1785250120786135e-05
United States of America,Female,Incidence,15-19 years,17.0,2014,2018,2014-2018,2016.0,5,1999,1999.0,26737.412190272822,52282593.30892663,246840822.04710537,51.140179738765426,0.00010831843764144668
United States of America,Female,Incidence,20-24 years,22.0,2014,2018,2014-2018,2016.0,5,1994,1994.0,45034.96978639249,54281550.483300954,278956964.29260224,82.96551845962274,0.0001614405644992416
United States of America,Female,Incidence,25-29 years,27.0,2014,2018,2014-2018,2016.0,5,1989,1989.0,26769.680023150664,56039041.798994005,287509384.52258503,47.769696204247424,9.310889127185271e-05
United States of America,Female,Incidence,30-34 years,32.0,2014,2018,2014-2018,2016.0,5,1984,1984.0,15527.871445253651,54461497.788918614,275294412.8429529,28.511649652817916,5.640460075051298e-05
United States of America,Female,Incidence,35-39 years,37.0,2014,2018,2014-2018,2016.0,5,1979,1979.0,11470.81889843109,52501698.84796576,250323356.68171853,21.84847185925973,4.5824005600148695e-05
United States of America,Female,Incidence,40-44 years,42.0,2014,2018,2014-2018,2016.0,5,1974,1974.0,9115.918063378875,50322805.42408811,222892623.94498336,18.114884467500975,4.089824913016843e-05
United States of America,Female,Incidence,45-49 years,47.0,2014,2018,2014-2018,2016.0,5,1969,1969.0,9140.26773945491,52801990.07640523,230352350.5496205,17.310460697085116,3.9679507144799e-05
United States of America,Female,Incidence,50-54 years,52.0,2014,2018,2014-2018,2016.0,5,1964,1964.0,9177.772565560068,55588747.16027848,245373070.08959666,16.510126661242946,3.740334080756643e-05
United States of America,Female,Incidence,55-59 years,57.0,2014,2018,2014-2018,2016.0,5,1959,1959.0,8801.379382365056,56007851.79368286,248449623.28437588,15.714545551196744,3.5425207194985284e-05
United States of America,Female,Incidence,60-64 years,62.0,2014,2018,2014-2018,2016.0,5,1954,1954.0,6755.197876572248,50390165.540511556,219863360.16081467,13.40578623648568,3.0724527595827215e-05
United States of America,Female,Incidence,65-69 years,67.0,2014,2018,2014-2018,2016.0,5,1949,1949.0,4122.184900094609,43011017.68650024,187449772.44672593,9.584020843544069,2.1990877056231966e-05
United States of America,Female,Incidence,15-19 years,17.0,2019,2023,2019-2023,2021.0,5,2004,2004.0,26739.47878472393,53082712.53438664,299263133.4272436,50.37323359728888,8.935106198513688e-05
United States of America,Female,Incidence,20-24 years,22.0,2019,2023,2019-2023,2021.0,5,1999,1999.0,43586.18637990076,52852227.21011135,314139272.3115877,82.46802203174161,0.00013874797015722568
United States of America,Female,Incidence,25-29 years,27.0,2019,2023,2019-2023,2021.0,5,1994,1994.0,26523.95983100908,55352062.60238618,326513361.54986393,47.91864762392009,8.123391859098065e-05
United States of America,Female,Incidence,30-34 years,32.0,2019,2023,2019-2023,2021.0,5,1989,1989.0,16290.522930526487,57161770.55688383,333187214.51592374,28.49898239998563,4.8893001354191906e-05
United States of America,Female,Incidence,35-39 years,37.0,2019,2023,2019-2023,2021.0,5,1984,1984.0,11886.422002825477,55229074.393303834,311080732.243319,21.522037320738853,3.821008751364336e-05
United States of America,Female,Incidence,40-44 years,42.0,2019,2023,2019-2023,2021.0,5,1979,1979.0,9307.837641186832,52534161.38147417,278944853.88931406,17.717685780873968,3.3368020637083354e-05
United States of America,Female,Incidence,45-49 years,47.0,2019,2023,2019-2023,2021.0,5,1974,1974.0,8583.096138518733,50188779.95552055,261893145.90051296,17.101623402930777,3.27732751806313e-05
United States of America,Female,Incidence,50-54 years,52.0,2019,2023,2019-2023,2021.0,5,1969,1969.0,8608.129393339825,52223996.471780375,274476157.57427937,16.483092016887852,3.136202965465324e-05
United States of America,Female,Incidence,55-59 years,57.0,2019,2023,2019-2023,2021.0,5,1964,1964.0,8654.297993789845,54538582.16464616,286545896.4242734,15.868212282569875,3.020213551052179e-05
United States of America,Female,Incidence,60-64 years,62.0,2019,2023,2019-2023,2021.0,5,1959,1959.0,7387.135293605995,54249504.53867209,274530971.6191455,13.616963613630851,2.6908203653808885e-05
United States of America,Female,Incidence,65-69 years,67.0,2019,2023,2019-2023,2021.0,5,1954,1954.0,4691.086182715862,48190648.54574001,241864702.25860023,9.734432559593657,1.939549731279177e-05
China,Female,Prevalence,15-19 years,17.0,1990,1993,1990-1993,1991.5,4,1974,1974.5,182643.4097311102,230182031.4230088,226779084.01984358,79.34737937709126,0.000805380313270551
China,Female,Prevalence,20-24 years,22.0,1990,1993,1990-1993,1991.5,4,1970,1969.5,609435.0432409763,252683573.82941815,250781583.05348802,241.18506557628248,0.002430142739433114
China,Female,Prevalence,25-29 years,27.0,1990,1993,1990-1993,1991.5,4,1964,1964.5,892537.3569847118,235509700.2334123,234346936.8900478,378.9811443435762,0.003808615417932591
China,Female,Prevalence,30-34 years,32.0,1990,1993,1990-1993,1991.5,4,1960,1959.5,775988.5863111165,171426320.8372284,170895721.3253445,452.66595148356953,0.004540713952889553
China,Female,Prevalence,35-39 years,37.0,1990,1993,1990-1993,1991.5,4,1954,1954.5,885154.5260388656,181361268.8186656,181061103.85138032,488.0614983587752,0.004888706117496243
China,Female,Prevalence,40-44 years,42.0,1990,1993,1990-1993,1991.5,4,1950,1949.5,710104.7814045587,141414799.6821423,141237522.73862043,502.1431865693404,0.005027734610714645
China,Female,Prevalence,45-49 years,47.0,1990,1993,1990-1993,1991.5,4,1944,1944.5,526426.6034632593,104199071.15201697,104070502.7594025,505.2123763130774,0.005058365141948909
China,Female,Prevalence,50-54 years,52.0,1990,1993,1990-1993,1991.5,4,1940,1939.5,458129.145282115,90473970.3209745,90386363.37356955,506.36569132183564,0.005068564860704191
China,Female,Prevalence,55-59 years,57.0,1990,1993,1990-1993,1991.5,4,1934,1934.5,431668.4601999021,85114326.78410628,85066049.2359895,507.1631022763481,0.005074509326304448
China,Female,Prevalence,60-64 years,62.0,1990,1993,1990-1993,1991.5,4,1930,1929.5,354676.55146444193,71210697.81013359,71192719.50018023,498.06638942101466,0.004981921662137714
China,Female,Prevalence,65-69 years,67.0,1990,1993,1990-1993,1991.5,4,1924,1924.5,264235.6120635217,57645742.18619743,57639821.14381826,458.378367668566,0.0045842545452079424
China,Female,Prevalence,15-19 years,17.0,1994,1998,1994-1998,1996.0,5,1979,1979.0,192452.53713268018,242527348.098059,237936566.9957841,79.3529219042413,0.0008088396817799349
China,Female,Prevalence,20-24 years,22.0,1994,1998,1994-1998,1996.0,5,1974,1974.0,671865.1058573943,277180223.35041755,274657216.2977776,242.39287267187427,0.002446194987751468
China,Female,Prevalence,25-29 years,27.0,1994,1998,1994-1998,1996.0,5,1969,1969.0,1168685.1773949713,308978730.38093245,307175679.2540638,378.241303520837,0.0038046149364200036
China,Female,Prevalence,30-34 years,32.0,1994,1998,1994-1998,1996.0,5,1964,1964.0,1287773.5942376,285587416.11639565,284577576.2182113,450.92098655801686,0.004525211056159069
China,Female,Prevalence,35-39 years,37.0,1994,1998,1994-1998,1996.0,5,1959,1959.0,1024478.1413745572,210141763.5397622,209751530.53564224,487.51762815615155,0.004884246321151262
China,Female,Prevalence,40-44 years,42.0,1994,1998,1994-1998,1996.0,5,1954,1954.0,1085636.4779172516,216168736.6214853,215869303.94259563,502.2171544714246,0.00502913780741122
China,Female,Prevalence,45-49 years,47.0,1994,1998,1994-1998,1996.0,5,1949,1949.0,857234.8111063847,168431811.52455443,168202264.61404002,508.9506568546375,0.0050964522568909005
China,Female,Prevalence,50-54 years,52.0,1994,1998,1994-1998,1996.0,5,1944,1944.0,632575.5134024769,124351803.36164178,124217501.52760687,508.698302961326,0.005092482988493287
China,Female,Prevalence,55-59 years,57.0,1994,1998,1994-1998,1996.0,5,1939,1939.0,544594.4303016211,107330251.07036716,107262570.78906806,507.40068607924684,0.005077208445549627
China,Female,Prevalence,60-64 years,62.0,1994,1998,1994-1998,1996.0,5,1934,1934.0,492376.81154419924,98569219.02247792,98541067.87318523,499.52390454865696,0.004996666082184641
China,Female,Prevalence,65-69 years,67.0,1994,1998,1994-1998,1996.0,5,1929,1929.0,366569.989870349,79422860.68942629,79413592.65296765,461.54216391647947,0.004615960286197309
China,Female,Prevalence,15-19 years,17.0,1999,2003,1999-2003,2001.0,5,1984,1984.0,216087.59615897998,270089638.8181865,263996141.77508017,80.0058814194059,0.0008185255841469176
China,Female,Prevalence,20-24 years,22.0,1999,2003,1999-2003,2001.0,5,1979,1979.0,567937.473119294,233265107.91879264,230887509.30320358,243.4729643822307,0.00245980163601433
China,Female,Prevalence,25-29 years,27.0,1999,2003,1999-2003,2001.0,5,1974,1974.0,1046573.3632906436,276039084.94367033,274287834.7944241,379.13955681464876,0.0038156025551590337
China,Female,Prevalence,30-34 years,32.0,1999,2003,1999-2003,2001.0,5,1969,1969.0,1395703.31605963,308153140.0870981,307003259.9012172,452.9252292107556,0.004546216598835849
China,Female,Prevalence,35-39 years,37.0,1999,2003,1999-2003,2001.0,5,1964,1964.0,1383192.269270525,282204424.2525221,281663580.4157351,490.1384069134286,0.00491079559248993
China,Female,Prevalence,40-44 years,42.0,1999,2003,1999-2003,2001.0,5,1959,1959.0,1022595.7602446808,202613906.72692558,202330201.4518239,504.7016647395738,0.005054093520922863
China,Female,Prevalence,45-49 years,47.0,1999,2003,1999-2003,2001.0,5,1954,1954.0,1071394.9701523208,210082765.89968294,209799966.05499357,509.9870832164904,0.005106745202577786
China,Female,Prevalence,50-54 years,52.0,1999,2003,1999-2003,2001.0,5,1949,1949.0,841617.9539692265,164574392.68913376,164392231.41907662,511.3905876954789,0.005119572541257946
China,Female,Prevalence,55-59 years,57.0,1999,2003,1999-2003,2001.0,5,1944,1944.0,599270.178953576,118337484.42794931,118259670.68007751,506.40773872326673,0.00506740950238864
China,Female,Prevalence,60-64 years,62.0,1999,2003,1999-2003,2001.0,5,1939,1939.0,502467.548328164,101409383.16292837,101378864.15218607,495.48427636215825,0.004956334365453917
China,Female,Prevalence,65-69 years,67.0,1999,2003,1999-2003,2001.0,5,1934,1934.0,408111.9044287384,88977305.44212145,88966872.32936421,458.6696600901336,0.004587234481143358
China,Female,Prevalence,15-19 years,17.0,2004,2008,2004-2008,2006.0,5,1989,1989.0,236212.6539556182,302382382.46186996,294125706.73162764,78.11720115189063,0.0008031010161622775
China,Female,Prevalence,20-24 years,22.0,2004,2008,2004-2008,2006.0,5,1984,1984.0,651948.8609164422,269616535.52199405,266067975.945154,241.80596329310052,0.0024503093940581254
China,Female,Prevalence,25-29 years,27.0,2004,2008,2004-2008,2006.0,5,1979,1979.0,891349.7177479975,235561075.7121225,233745052.56700373,378.3943145332337,0.003813341535827756
China,Female,Prevalence,30-34 years,32.0,2004,2008,2004-2008,2006.0,5,1974,1974.0,1259158.747568635,279146855.100486,277902253.124274,451.07395070432335,0.004530941125567473
China,Female,Prevalence,35-39 years,37.0,2004,2008,2004-2008,2006.0,5,1969,1969.0,1500459.3790558414,307166596.4732876,306468292.6282846,488.4839029644707,0.004895969387853603
China,Female,Prevalence,40-44 years,42.0,2004,2008,2004-2008,2006.0,5,1964,1964.0,1399308.1118064607,277698221.11498684,277245295.5693689,503.8952378549978,0.005047184331596144
China,Female,Prevalence,45-49 years,47.0,2004,2008,2004-2008,2006.0,5,1959,1959.0,1021412.2135810298,200075259.3445625,199774574.3982652,510.5140020445956,0.005112823874897963
China,Female,Prevalence,50-54 years,52.0,2004,2008,2004-2008,2006.0,5,1954,1954.0,1066919.233608558,208188328.74386102,207925572.35914937,512.4779280596531,0.005131255484850468
China,Female,Prevalence,55-59 years,57.0,2004,2008,2004-2008,2006.0,5,1949,1949.0,815734.9256287956,159498061.49671036,159376264.09151497,511.43877108852524,0.005118296192213383
China,Female,Prevalence,60-64 years,62.0,2004,2008,2004-2008,2006.0,5,1944,1944.0,570418.7370519374,114471072.00671297,114430032.31558314,498.30819878972227,0.0049848691423838515
China,Female,Prevalence,65-69 years,67.0,2004,2008,2004-2008,2006.0,5,1939,1939.0,431629.6405671823,93771871.83554211,93758660.01102428,460.2975627106793,0.0046036242467248426
China,Female,Prevalence,15-19 years,17.0,2009,2013,2009-2013,2011.0,5,1994,1994.0,171817.18446748971,226612677.11391166,219867173.7776475,75.8197584776434,0.0007814590123455586
China,Female,Prevalence,20-24 years,22.0,2009,2013,2009-2013,2011.0,5,1989,1989.0,729666.2924506306,304524092.73246115,300218922.4392376,239.60872386267215,0.0024304473766083496
China,Female,Prevalence,25-29 years,27.0,2009,2013,2009-2013,2011.0,5,1984,1984.0,1031099.629967929,270985531.9266931,268689286.4102255,380.49988227668985,0.003837516723289375
China,Female,Prevalence,30-34 years,32.0,2009,2013,2009-2013,2011.0,5,1979,1979.0,1077963.520812084,237854241.40282273,236683792.2031712,453.2034049317109,0.004554445873871886
China,Female,Prevalence,35-39 years,37.0,2009,2013,2009-2013,2011.0,5,1974,1974.0,1353955.1866347026,277394763.7245557,276705206.02846366,488.0968798600459,0.004893132319655114
China,Female,Prevalence,40-44 years,42.0,2009,2013,2009-2013,2011.0,5,1969,1969.0,1529758.6248896336,303571794.37711185,303034896.03384805,503.9198809719759,0.005048126948121395
China,Female,Prevalence,45-49 years,47.0,2009,2013,2009-2013,2011.0,5,1964,1964.0,1414999.7763765408,276439806.71278054,275988498.38377434,511.8654195293654,0.005127024440014599
China,Female,Prevalence,50-54 years,52.0,2009,2013,2009-2013,2011.0,5,1959,1959.0,1026906.8061318335,199474996.80793637,199208763.86375564,514.8047738136255,0.005154927856658773
China,Female,Prevalence,55-59 years,57.0,2009,2013,2009-2013,2011.0,5,1954,1954.0,1045423.7077907089,203438117.86535114,203279348.7264383,513.877988432158,0.005142793472826303
China,Female,Prevalence,60-64 years,62.0,2009,2013,2009-2013,2011.0,5,1949,1949.0,786257.6517490069,155894787.68381327,155839309.427679,504.35146898156677,0.005045310163632936
China,Female,Prevalence,65-69 years,67.0,2009,2013,2009-2013,2011.0,5,1944,1944.0,502079.22614264366,108345083.552833,108330871.76443855,463.4074843809701,0.004634682782156468
China,Female,Prevalence,15-19 years,17.0,2014,2018,2014-2018,2016.0,5,1999,1999.0,133805.11876074853,176021283.6735689,170081021.58218804,76.01644299384263,0.0007867139879336276
China,Female,Prevalence,20-24 years,22.0,2014,2018,2014-2018,2016.0,5,1994,1994.0,524579.0023801186,222435645.53801548,219133263.48416668,235.83405488418677,0.00239388121200514
China,Female,Prevalence,25-29 years,27.0,2014,2018,2014-2018,2016.0,5,1989,1989.0,1114215.5616207703,295092497.3128563,292389028.06392926,377.5817995262285,0.003810729728808952
China,Female,Prevalence,30-34 years,32.0,2014,2018,2014-2018,2016.0,5,1984,1984.0,1219629.991819856,267743419.97628656,266319404.23627293,455.52192913942605,0.004579576149614041
China,Female,Prevalence,35-39 years,37.0,2014,2018,2014-2018,2016.0,5,1979,1979.0,1141641.859319817,232173910.55011418,231572310.5723696,491.718409107554,0.004929958406935867
China,Female,Prevalence,40-44 years,42.0,2014,2018,2014-2018,2016.0,5,1974,1974.0,1374965.8438569063,272048942.68718505,271558669.8189434,505.41120662906167,0.0050632367759557775
China,Female,Prevalence,45-49 years,47.0,2014,2018,2014-2018,2016.0,5,1969,1969.0,1544507.927126483,301079131.01164603,300578831.3685135,512.9906951494223,0.005138445445723676
China,Female,Prevalence,50-54 years,52.0,2014,2018,2014-2018,2016.0,5,1964,1964.0,1418875.616134159,274824207.8675078,274454973.4543093,516.284801525998,0.005169793785392527
China,Female,Prevalence,55-59 years,57.0,2014,2018,2014-2018,2016.0,5,1959,1959.0,1005387.1546036084,195137911.13571718,194989107.44713128,515.2187746359384,0.005156119579019079
China,Female,Prevalence,60-64 years,62.0,2014,2018,2014-2018,2016.0,5,1954,1954.0,1003184.4486808168,198615833.30890068,198547745.72760692,505.08785325316785,0.005052610620203731
China,Female,Prevalence,65-69 years,67.0,2014,2018,2014-2018,2016.0,5,1949,1949.0,694228.3741215242,148499652.15076986,148481112.17871737,467.49494969636874,0.004675533230690818
China,Female,Prevalence,15-19 years,17.0,2019,2023,2019-2023,2021.0,5,2004,2004.0,134997.1147163663,175295140.02246907,169037646.1734311,77.01132769514464,0.0007986215956761519
China,Female,Prevalence,20-24 years,22.0,2019,2023,2019-2023,2021.0,5,1999,1999.0,411950.1669537568,173010032.04828548,170426857.85180196,238.10767622930987,0.002417166942736081
China,Female,Prevalence,25-29 years,27.0,2019,2023,2019-2023,2021.0,5,1994,1994.0,778737.5695369497,208017806.1240232,206206292.4746882,374.36101459153707,0.00377649760437131
China,Female,Prevalence,30-34 years,32.0,2019,2023,2019-2023,2021.0,5,1989,1989.0,1293019.6566462552,286173265.99564743,284694444.26190704,451.8310444365273,0.0045417804341019415
China,Female,Prevalence,35-39 years,37.0,2019,2023,2019-2023,2021.0,5,1984,1984.0,1270267.6234453754,258604707.37901273,257952748.29300493,491.2005030069552,0.004924419808865522
China,Female,Prevalence,40-44 years,42.0,2019,2023,2019-2023,2021.0,5,1979,1979.0,1141369.0036690726,226035787.20401666,225630177.2984962,504.95057344122654,0.005058583108584385
China,Female,Prevalence,45-49 years,47.0,2019,2023,2019-2023,2021.0,5,1974,1974.0,1374488.969414336,269308542.12932646,268838469.9309532,510.3770413469779,0.0051126945104521355
China,Female,Prevalence,50-54 years,52.0,2019,2023,2019-2023,2021.0,5,1969,1969.0,1534584.673224263,298257808.35772145,297840612.07236993,514.5161770194892,0.005152368787274001
China,Female,Prevalence,55-59 years,57.0,2019,2023,2019-2023,2021.0,5,1964,1964.0,1391022.4364840686,269576872.6146328,269375453.1461814,516.0021417981845,0.0051638797085538654
China,Female,Prevalence,60-64 years,62.0,2019,2023,2019-2023,2021.0,5,1959,1959.0,967018.5059535978,190258226.4787794,190198417.44891876,508.2663303715043,0.00508426157758809
China,Female,Prevalence,65-69 years,67.0,2019,2023,2019-2023,2021.0,5,1954,1954.0,900260.1207499778,190711524.9391824,190689613.3531918,472.0533386941714,0.004721075809632759
United States of America,Female,Prevalence,15-19 years,17.0,1990,1993,1990-1993,1991.5,4,1974,1974.5,42954.62075648375,34613354.10940293,33809561.152505204,124.0984061259029,0.0012704873796713248
United States of America,Female,Prevalence,20-24 years,22.0,1990,1993,1990-1993,1991.5,4,1970,1969.5,200593.0706322481,38599475.84570436,38199881.82884039,519.6782242175747,0.005251143747800891
United States of America,Female,Prevalence,25-29 years,27.0,1990,1993,1990-1993,1991.5,4,1964,1964.5,326291.8523245921,41835670.402589574,41617500.04446003,779.9369513734267,0.007840255949444683
United States of America,Female,Prevalence,30-34 years,32.0,1990,1993,1990-1993,1991.5,4,1960,1959.5,380075.13405957527,45113123.17941052,44979259.850801855,842.4935080376797,0.00845000863331902
United States of America,Female,Prevalence,35-39 years,37.0,1990,1993,1990-1993,1991.5,4,1954,1954.5,354989.03967123816,42494220.32296521,42417515.983824015,835.3819342330441,0.008368925700567043
United States of America,Female,Prevalence,40-44 years,42.0,1990,1993,1990-1993,1991.5,4,1950,1949.5,304351.6917637055,38207478.75085345,38158160.429643355,796.5762246400703,0.007976057764233005
United States of America,Female,Prevalence,45-49 years,47.0,1990,1993,1990-1993,1991.5,4,1944,1944.5,227870.87078980205,30475539.91201128,30446102.103455782,747.7172560279781,0.007484402108864294
United States of America,Female,Prevalence,50-54 years,52.0,1990,1993,1990-1993,1991.5,4,1940,1939.5,171415.3478589937,24657525.214799862,24633958.119775787,695.1847209553183,0.006958497981750806
United States of America,Female,Prevalence,55-59 years,57.0,1990,1993,1990-1993,1991.5,4,1934,1934.5,140755.6374084355,21959032.673821494,21945086.124090627,640.9919758270482,0.006413993392986431
United States of America,Female,Prevalence,60-64 years,62.0,1990,1993,1990-1993,1991.5,4,1930,1929.5,129199.56371830482,22249976.279702168,22242481.263125528,580.6728155309038,0.005808684840054109
United States of America,Female,Prevalence,65-69 years,67.0,1990,1993,1990-1993,1991.5,4,1924,1924.5,109647.78850497524,22141703.79525671,22138525.247133266,495.2093547943878,0.0049528045468689745
United States of America,Female,Prevalence,15-19 years,17.0,1994,1998,1994-1998,1996.0,5,1979,1979.0,57992.50364328835,46252278.83975148,45101938.675282,125.38301916801284,0.0012858095537935487
United States of America,Female,Prevalence,20-24 years,22.0,1994,1998,1994-1998,1996.0,5,1974,1974.0,235402.35715636966,45448626.98753012,44976821.004363954,517.9526264257834,0.005233859394676412
United States of America,Female,Prevalence,25-29 years,27.0,1994,1998,1994-1998,1996.0,5,1969,1969.0,383082.48993017606,49558406.14253591,49301484.3887449,772.991949798355,0.007770201945838987
United States of America,Female,Prevalence,30-34 years,32.0,1994,1998,1994-1998,1996.0,5,1964,1964.0,453110.05707090674,54313060.22585421,54152683.40098247,834.2561718796621,0.008367268778091358
United States of America,Female,Prevalence,35-39 years,37.0,1994,1998,1994-1998,1996.0,5,1959,1959.0,470292.7299815713,56766542.90912451,56664550.88919267,828.4681537405683,0.008299593354251181
United States of America,Female,Prevalence,40-44 years,42.0,1994,1998,1994-1998,1996.0,5,1954,1954.0,415590.614669551,52441470.949737534,52374494.597805165,792.4846636507839,0.007934980907423726
United States of America,Female,Prevalence,45-49 years,47.0,1994,1998,1994-1998,1996.0,5,1949,1949.0,346321.1664897683,46417463.614718705,46371389.016504474,746.1010135417048,0.00746842339284911
United States of America,Female,Prevalence,50-54 years,52.0,1994,1998,1994-1998,1996.0,5,1944,1944.0,256781.22368857943,36934460.31114189,36895156.9440188,695.2348065340949,0.006959754205089703
United States of America,Female,Prevalence,55-59 years,57.0,1994,1998,1994-1998,1996.0,5,1939,1939.0,190840.37236422565,29728709.59850363,29706918.87096096,641.9396433332964,0.0064241052124316906
United States of America,Female,Prevalence,60-64 years,62.0,1994,1998,1994-1998,1996.0,5,1934,1934.0,154744.5219492591,26591714.218212496,26581526.197384037,581.9275909759724,0.005821506289751261
United States of America,Female,Prevalence,65-69 years,67.0,1994,1998,1994-1998,1996.0,5,1929,1929.0,131605.45150066147,26514393.20908428,26510321.426718716,496.35475518093784,0.004964309914704448
United States of America,Female,Prevalence,15-19 years,17.0,1999,2003,1999-2003,2001.0,5,1984,1984.0,62771.218358024584,49589567.23069216,48231294.3713516,126.58150063300812,0.001301462446243396
United States of America,Female,Prevalence,20-24 years,22.0,1999,2003,1999-2003,2001.0,5,1979,1979.0,250127.18795008925,47950931.84683699,47401082.202275135,521.6315477435054,0.005276824416850208
United States of America,Female,Prevalence,25-29 years,27.0,1999,2003,1999-2003,2001.0,5,1974,1974.0,363865.8627717356,47021428.040637776,46739800.871582106,773.8298855093647,0.00778492539519925
United States of America,Female,Prevalence,30-34 years,32.0,1999,2003,1999-2003,2001.0,5,1969,1969.0,424883.5449593304,51067724.027362525,50891442.13351963,832.0001587140914,0.008348821081638813
United States of America,Female,Prevalence,35-39 years,37.0,1999,2003,1999-2003,2001.0,5,1964,1964.0,456942.7796950959,55408543.49628368,55296723.32285719,824.6792838468018,0.008263469374616925
United States of America,Female,Prevalence,40-44 years,42.0,1999,2003,1999-2003,2001.0,5,1959,1959.0,448538.71611116687,56888857.71643814,56811863.323654495,788.4473939464614,0.007895159388733001
United States of America,Female,Prevalence,45-49 years,47.0,1999,2003,1999-2003,2001.0,5,1954,1954.0,388056.7139495468,52300439.264049016,52243921.26293735,741.9760128406693,0.007427786899771634
United States of America,Female,Prevalence,50-54 years,52.0,1999,2003,1999-2003,2001.0,5,1949,1949.0,318990.3774561422,46155112.24896845,46096543.85899962,691.1268587875041,0.006920049764074979
United States of America,Female,Prevalence,55-59 years,57.0,1999,2003,1999-2003,2001.0,5,1944,1944.0,231698.31203100109,36321804.74578178,36288500.26174175,637.904183596244,0.006384896326930216
United States of America,Female,Prevalence,60-64 years,62.0,1999,2003,1999-2003,2001.0,5,1939,1939.0,167501.72173008806,28977380.551749043,28964131.651724555,578.0430064441343,0.00578307417409197
United States of America,Female,Prevalence,65-69 years,67.0,1999,2003,1999-2003,2001.0,5,1934,1934.0,125120.73264297613,25368828.597589694,25364862.023302022,493.2065828804721,0.004932837108596572
United States of America,Female,Prevalence,15-19 years,17.0,2004,2008,2004-2008,2006.0,5,1989,1989.0,66885.50859234696,53059455.64431138,51471467.487781756,126.05766075083716,0.0012994676829104236
United States of America,Female,Prevalence,20-24 years,22.0,2004,2008,2004-2008,2006.0,5,1984,1984.0,267745.9997451982,51258957.18450622,50577858.44803061,522.3399274032215,0.005293739354747702
United States of America,Female,Prevalence,25-29 years,27.0,2004,2008,2004-2008,2006.0,5,1979,1979.0,389001.4526640323,49874434.377611324,49501450.26085547,779.9616326850122,0.00785838496880656
United States of America,Female,Prevalence,30-34 years,32.0,2004,2008,2004-2008,2006.0,5,1974,1974.0,409148.21604099206,48682299.82121301,48467528.39419995,840.4455367630521,0.00844169755703809
United States of America,Female,Prevalence,35-39 years,37.0,2004,2008,2004-2008,2006.0,5,1969,1969.0,436486.2093536074,52420761.065879405,52287296.65031009,832.6590466801056,0.008347844262685146
United States of America,Female,Prevalence,40-44 years,42.0,2004,2008,2004-2008,2006.0,5,1964,1964.0,443238.25317905704,55820964.385860324,55725140.30106753,794.0354632986797,0.00795400874334929
United States of America,Female,Prevalence,45-49 years,47.0,2004,2008,2004-2008,2006.0,5,1959,1959.0,424412.90703348076,56968462.829078734,56886133.63167146,744.9962417045335,0.007460744472132451
United States of America,Female,Prevalence,50-54 years,52.0,2004,2008,2004-2008,2006.0,5,1954,1954.0,361439.1412986586,52236184.33440593,52152503.93188507,691.9325098188552,0.0069304273821775494
United States of America,Female,Prevalence,55-59 years,57.0,2004,2008,2004-2008,2006.0,5,1949,1949.0,290307.9531423622,45585743.02092065,45535909.782867834,636.8393578868096,0.0063753629723587064
United States of America,Female,Prevalence,60-64 years,62.0,2004,2008,2004-2008,2006.0,5,1944,1944.0,204606.89642819559,35546237.9936842,35528536.37180482,575.6077379118145,0.005758945268304666
United States of America,Female,Prevalence,65-69 years,67.0,2004,2008,2004-2008,2006.0,5,1939,1939.0,136539.0420329981,27847697.024764195,27843823.033668846,490.30640455323,0.004903746222919699
United States of America,Female,Prevalence,15-19 years,17.0,2009,2013,2009-2013,2011.0,5,1994,1994.0,65037.7089532511,53139804.23514001,51534756.67331686,122.38981661555184,0.0012620164167171796
United States of America,Female,Prevalence,20-24 years,22.0,2009,2013,2009-2013,2011.0,5,1989,1989.0,275362.5304928137,54207321.067736775,53456879.75105067,507.98033377949844,0.005151114913088461
United States of America,Female,Prevalence,25-29 years,27.0,2009,2013,2009-2013,2011.0,5,1984,1984.0,400347.6967106025,52907283.63597019,52469215.276224464,756.6967517463271,0.007630144544814896
United States of America,Female,Prevalence,30-34 years,32.0,2009,2013,2009-2013,2011.0,5,1979,1979.0,418369.038754624,51296072.61563844,51035263.827211305,815.5966283997293,0.008197646242627149
United States of America,Female,Prevalence,35-39 years,37.0,2009,2013,2009-2013,2011.0,5,1974,1974.0,405809.44259761996,49979816.4014356,49840528.24266398,811.9466452981281,0.008142157736005757
United States of America,Female,Prevalence,40-44 years,42.0,2009,2013,2009-2013,2011.0,5,1969,1969.0,411242.4244366507,52795829.20386122,52694754.22864106,778.9297575926215,0.007804238400131469
United States of America,Female,Prevalence,45-49 years,47.0,2009,2013,2009-2013,2011.0,5,1964,1964.0,411113.7889275779,55936336.35141833,55833660.72138274,734.9673141708245,0.0073631888652096345
United States of America,Female,Prevalence,50-54 years,52.0,2009,2013,2009-2013,2011.0,5,1959,1959.0,389502.6099813202,56861911.29576442,56755317.33355452,684.9973929918424,0.006862839083291336
United States of America,Female,Prevalence,55-59 years,57.0,2009,2013,2009-2013,2011.0,5,1954,1954.0,326557.20382005046,51680998.61913669,51618876.11984899,631.8709246054144,0.006326313712484715
United States of America,Female,Prevalence,60-64 years,62.0,2009,2013,2009-2013,2011.0,5,1949,1949.0,255572.1217875832,44696572.70205963,44673885.22491775,571.7935544883654,0.005720839378551135
United States of America,Female,Prevalence,65-69 years,67.0,2009,2013,2009-2013,2011.0,5,1944,1944.0,167319.6082259685,34327629.68574025,34323581.857532375,487.4196376438812,0.004874771197262149
United States of America,Female,Prevalence,15-19 years,17.0,2014,2018,2014-2018,2016.0,5,1999,1999.0,61642.81732403208,52282593.30892285,50817839.75749153,117.90313644122884,0.001213015303645306
United States of America,Female,Prevalence,20-24 years,22.0,2014,2018,2014-2018,2016.0,5,1994,1994.0,252955.52745813143,54281550.48329807,53580429.2442905,466.00645192690934,0.00472104331797764
United States of America,Female,Prevalence,25-29 years,27.0,2014,2018,2014-2018,2016.0,5,1989,1989.0,391767.30920077063,56039041.79898752,55595744.89609556,699.097087716173,0.007046713915479602
United States of America,Female,Prevalence,30-34 years,32.0,2014,2018,2014-2018,2016.0,5,1984,1984.0,416696.675676518,54461497.78891165,54189226.747774296,765.1215860636087,0.007689659009456762
United States of America,Female,Prevalence,35-39 years,37.0,2014,2018,2014-2018,2016.0,5,1979,1979.0,404434.60442670673,52501698.84795103,52357938.20630211,770.326700471123,0.007724418078365557
United States of America,Female,Prevalence,40-44 years,42.0,2014,2018,2014-2018,2016.0,5,1974,1974.0,375793.4164095226,50322805.42407669,50228173.12308134,746.7656328828721,0.0074817257535658675
United States of America,Female,Prevalence,45-49 years,47.0,2014,2018,2014-2018,2016.0,5,1969,1969.0,375356.6418384996,52801990.07638941,52707640.2453861,710.8759372430198,0.007121484477221637
United States of America,Female,Prevalence,50-54 years,52.0,2014,2018,2014-2018,2016.0,5,1964,1964.0,371501.4227384598,55588747.1602611,55491468.68460769,668.3032838776337,0.006694748427905773
United States of America,Female,Prevalence,55-59 years,57.0,2014,2018,2014-2018,2016.0,5,1959,1959.0,347876.6127323393,56007851.79366914,55947900.10324877,621.1211492522582,0.006217867195915346
United States of America,Female,Prevalence,60-64 years,62.0,2014,2018,2014-2018,2016.0,5,1954,1954.0,285013.6430009463,50390165.5404906,50369519.5426023,565.613627071588,0.00565845466840086
United States of America,Female,Prevalence,65-69 years,67.0,2014,2018,2014-2018,2016.0,5,1949,1949.0,208328.91293363925,43011017.68650235,43007921.27944885,484.3617383157541,0.0048439661052204425
United States of America,Female,Prevalence,15-19 years,17.0,2019,2023,2019-2023,2021.0,5,2004,2004.0,61145.63415540881,53082712.53438337,51644846.013514176,115.18935494451762,0.0011839639165427758
United States of America,Female,Prevalence,20-24 years,22.0,2019,2023,2019-2023,2021.0,5,1999,1999.0,243146.4713194035,52852227.210109524,52187754.081606545,460.04962166077775,0.004659071377917371
United States of America,Female,Prevalence,25-29 years,27.0,2019,2023,2019-2023,2021.0,5,1994,1994.0,384150.9206144588,55352062.60238183,54941113.555439755,694.0137414101142,0.006992048317819794
United States of America,Female,Prevalence,30-34 years,32.0,2019,2023,2019-2023,2021.0,5,1989,1989.0,435371.2768674201,57161770.55687468,56903565.52367249,761.6476407675922,0.007651036852625711
United States of America,Female,Prevalence,35-39 years,37.0,2019,2023,2019-2023,2021.0,5,1984,1984.0,423792.07818989817,55229074.39329164,55092866.99851861,767.3351089899377,0.0076923220968205105
United States of America,Female,Prevalence,40-44 years,42.0,2019,2023,2019-2023,2021.0,5,1979,1979.0,390227.871035397,52534161.38145144,52445123.63824157,742.8078430755671,0.007440689314170162
United States of America,Female,Prevalence,45-49 years,47.0,2019,2023,2019-2023,2021.0,5,1974,1974.0,354562.0025415497,50188779.95550886,50107333.464355364,706.4567077658799,0.007076050111382856
United States of America,Female,Prevalence,50-54 years,52.0,2019,2023,2019-2023,2021.0,5,1969,1969.0,346776.27037665347,52223996.47176972,52140220.77508771,664.0171067032516,0.006650840085094944
United States of America,Female,Prevalence,55-59 years,57.0,2019,2023,2019-2023,2021.0,5,1964,1964.0,336859.09205755877,54538582.164631896,54485011.68130859,617.6528224380774,0.006182601079869463
United States of America,Female,Prevalence,60-64 years,62.0,2019,2023,2019-2023,2021.0,5,1959,1959.0,305551.2368631379,54249504.538657755,54229168.79107866,563.2332303521862,0.005634444408327438
United States of America,Female,Prevalence,65-69 years,67.0,2019,2023,2019-2023,2021.0,5,1954,1954.0,232698.16583580227,48190648.54573219,48187322.88873467,482.86996099455945,0.004829032863541853
China,Male,DALYs,15-19 years,17.0,1990,1993,1990-1993,1991.5,4,1974,1974.5,149897.9348850764,241712535.12988377,36916668.79646204,62.01496120361694,0.004060440439833024
China,Male,DALYs,20-24 years,22.0,1990,1993,1990-1993,1991.5,4,1970,1969.5,530862.4420483783,268442810.07110435,50234721.47960212,197.75625277792503,0.01056763979997253
China,Male,DALYs,25-29 years,27.0,1990,1993,1990-1993,1991.5,4,1964,1964.5,775489.7105818122,249987631.97367018,47667566.70824844,310.2112310354179,0.016268707721714286
China,Male,DALYs,30-34 years,32.0,1990,1993,1990-1993,1991.5,4,1960,1959.5,677227.9789894448,185752893.30857307,39885776.39330333,364.5854268683892,0.01697918506866896
China,Male,DALYs,35-39 years,37.0,1990,1993,1990-1993,1991.5,4,1954,1954.5,748936.9282528106,195897576.50204286,47857041.64192079,382.31046122461885,0.01564946144930055
China,Male,DALYs,40-44 years,42.0,1990,1993,1990-1993,1991.5,4,1950,1949.5,584770.596503048,153592178.89089644,46100134.174249165,380.7294100036417,0.012684791638408983
China,Male,DALYs,45-49 years,47.0,1990,1993,1990-1993,1991.5,4,1944,1944.5,430021.1861609357,115430019.39907923,44254198.27656531,372.53843358911007,0.009717070987785856
China,Male,DALYs,50-54 years,52.0,1990,1993,1990-1993,1991.5,4,1940,1939.5,371103.0263816737,101419531.68383375,51932728.38112152,365.9088345414116,0.007145841128512252
China,Male,DALYs,55-59 years,57.0,1990,1993,1990-1993,1991.5,4,1934,1934.5,336148.9129791556,93654915.51174061,65021644.69984625,358.9228724860852,0.005169800218540926
China,Male,DALYs,60-64 years,62.0,1990,1993,1990-1993,1991.5,4,1930,1929.5,262419.98156024184,76152827.02766842,73312116.98922983,344.5965065287694,0.003579489889765338
China,Male,DALYs,65-69 years,67.0,1990,1993,1990-1993,1991.5,4,1924,1924.5,172901.16240468615,56332316.11652599,71592985.83598515,306.93068264232585,0.002415057290679165
China,Male,DALYs,15-19 years,17.0,1994,1998,1994-1998,1996.0,5,1979,1979.0,158717.72129949302,254993660.90354666,35450866.04285432,62.243790977819344,0.0044771183053082305
China,Male,DALYs,20-24 years,22.0,1994,1998,1994-1998,1996.0,5,1974,1974.0,576996.2197875978,290754722.69427276,50897216.4709919,198.44775501524927,0.011336498531632825
China,Male,DALYs,25-29 years,27.0,1994,1998,1994-1998,1996.0,5,1969,1969.0,1042631.8319590292,333919827.5521739,62334547.215832636,312.24016842669255,0.01672638815116325
China,Male,DALYs,30-34 years,32.0,1994,1998,1994-1998,1996.0,5,1964,1964.0,1109829.0842238641,302902148.7729116,63221238.331405535,366.39855105680107,0.01755468753089181
China,Male,DALYs,35-39 years,37.0,1994,1998,1994-1998,1996.0,5,1959,1959.0,875057.7436689606,227769928.99328655,53800461.55632915,384.18493061687377,0.016264874284633673
China,Male,DALYs,40-44 years,42.0,1994,1998,1994-1998,1996.0,5,1954,1954.0,886756.1869420703,231879214.1206544,67345790.82329741,382.4215940634773,0.013167210245830365
China,Male,DALYs,45-49 years,47.0,1994,1998,1994-1998,1996.0,5,1949,1949.0,684931.5939462967,182257794.7036712,65611712.69521018,375.8037317744964,0.01043916651174842
China,Male,DALYs,50-54 years,52.0,1994,1998,1994-1998,1996.0,5,1944,1944.0,498310.16353871854,135653693.4606568,63184320.71325792,367.3399159479884,0.007886611075556889
China,Male,DALYs,55-59 years,57.0,1994,1998,1994-1998,1996.0,5,1939,1939.0,426880.2308809151,118650888.76750852,74119265.84245582,359.7783677098022,0.00575936938971131
China,Male,DALYs,60-64 years,62.0,1994,1998,1994-1998,1996.0,5,1934,1934.0,364061.2273558987,105433105.02274697,91235545.4863806,345.30067883076504,0.003990344173590159
China,Male,DALYs,65-69 years,67.0,1994,1998,1994-1998,1996.0,5,1929,1929.0,247215.16268376808,80329617.68851373,92382768.01759341,307.7509513892747,0.002675987827477613
China,Male,DALYs,15-19 years,17.0,1999,2003,1999-2003,2001.0,5,1984,1984.0,176838.2461653794,283384216.50349,35345262.69491642,62.402291965050765,0.0050031668371448654
China,Male,DALYs,20-24 years,22.0,1999,2003,1999-2003,2001.0,5,1979,1979.0,472056.9896438136,239806950.9933423,38060336.350413054,196.84875175153667,0.012402859115528823
China,Male,DALYs,25-29 years,27.0,1999,2003,1999-2003,2001.0,5,1974,1974.0,890327.5343605932,288125301.72059166,51017155.19140858,309.0070636087297,0.017451532352602182
China,Male,DALYs,30-34 years,32.0,1999,2003,1999-2003,2001.0,5,1969,1969.0,1188562.4186418785,325868243.4285066,64787632.65070264,364.7371115813074,0.018345513950940577
China,Male,DALYs,35-39 years,37.0,1999,2003,1999-2003,2001.0,5,1964,1964.0,1143214.5397187045,296902410.506851,68066157.85312784,385.04724086513437,0.016795637887854875
China,Male,DALYs,40-44 years,42.0,1999,2003,1999-2003,2001.0,5,1959,1959.0,834396.7988430371,217750667.060862,61720410.77294226,383.18908966181056,0.013518976759772799
China,Male,DALYs,45-49 years,47.0,1999,2003,1999-2003,2001.0,5,1954,1954.0,840719.7081693911,223285870.12614465,76866703.08137245,376.52167944815733,0.010937371767843228
China,Male,DALYs,50-54 years,52.0,1999,2003,1999-2003,2001.0,5,1949,1949.0,646126.1251745112,174971754.72018164,76467904.81136459,369.2745301707748,0.008449638142543753
China,Male,DALYs,55-59 years,57.0,1999,2003,1999-2003,2001.0,5,1944,1944.0,456648.76267168054,126964212.47214851,72837743.27253753,359.667306070089,0.006269397460092008
China,Male,DALYs,60-64 years,62.0,1999,2003,1999-2003,2001.0,5,1939,1939.0,376791.1927545082,109408451.51819523,84859178.94140051,344.3894758823506,0.0044401937121581305
China,Male,DALYs,65-69 years,67.0,1999,2003,1999-2003,2001.0,5,1934,1934.0,279882.29872377496,90955304.27081525,94099036.21230681,307.7141030614754,0.0029743375701776886
China,Male,DALYs,15-19 years,17.0,2004,2008,2004-2008,2006.0,5,1989,1989.0,194870.9126072859,317689852.4225949,35444602.53913772,61.33998650610541,0.005497900911488867
China,Male,DALYs,20-24 years,22.0,2004,2008,2004-2008,2006.0,5,1984,1984.0,538602.2321672143,272823739.1536675,36840108.50639376,197.41765648327524,0.014619995814446028
China,Male,DALYs,25-29 years,27.0,2004,2008,2004-2008,2006.0,5,1979,1979.0,750552.9902520656,241363465.25107652,38087058.309315555,310.96379457069384,0.019706247307329876
China,Male,DALYs,30-34 years,32.0,2004,2008,2004-2008,2006.0,5,1974,1974.0,1060487.8269051167,289965799.7368609,52758930.12957424,365.72858863613976,0.02010063176604591
China,Male,DALYs,35-39 years,37.0,2004,2008,2004-2008,2006.0,5,1969,1969.0,1246737.3178883176,323323398.7456672,68912327.04943408,385.60070898828656,0.018091644430958974
China,Male,DALYs,40-44 years,42.0,2004,2008,2004-2008,2006.0,5,1964,1964.0,1111423.6035238174,289194745.52889967,76351785.76677711,384.3166657441053,0.014556615701415986
China,Male,DALYs,45-49 years,47.0,2004,2008,2004-2008,2006.0,5,1959,1959.0,801482.1351431946,212599269.6463114,68756660.68145925,376.99195132540774,0.011656792624882673
China,Male,DALYs,50-54 years,52.0,2004,2008,2004-2008,2006.0,5,1954,1954.0,802095.4924106675,217359476.57708675,89291223.93845108,369.01795359550545,0.008982915196274565
China,Male,DALYs,55-59 years,57.0,2004,2008,2004-2008,2006.0,5,1949,1949.0,603120.6847603989,166710642.52570614,85328700.14671852,361.77695414220483,0.007068204293788168
China,Male,DALYs,60-64 years,62.0,2004,2008,2004-2008,2006.0,5,1944,1944.0,415326.81408754934,120027488.32975575,80162870.64024892,346.0264143381117,0.005181037190539658
China,Male,DALYs,65-69 years,67.0,2004,2008,2004-2008,2006.0,5,1939,1939.0,300887.90762447246,97370344.50666028,85490801.45585896,309.01390885383097,0.0035195354646409345
China,Male,DALYs,15-19 years,17.0,2009,2013,2009-2013,2011.0,5,1994,1994.0,149071.17083917864,247558661.53252834,24181723.414845012,60.21650380412612,0.006164621449092613
China,Male,DALYs,20-24 years,22.0,2009,2013,2009-2013,2011.0,5,1989,1989.0,606646.7720425845,309228856.3357,35005522.0677824,196.18051796046052,0.017330030698239934
China,Male,DALYs,25-29 years,27.0,2009,2013,2009-2013,2011.0,5,1984,1984.0,844727.8143012703,272406270.67460895,37485958.13002541,310.09852020268033,0.022534513093441844
China,Male,DALYs,30-34 years,32.0,2009,2013,2009-2013,2011.0,5,1979,1979.0,898921.2464812361,246575671.99658868,39406604.16149016,364.5620183055498,0.022811436448505272
China,Male,DALYs,35-39 years,37.0,2009,2013,2009-2013,2011.0,5,1974,1974.0,1113525.8653252455,289469996.41620743,53412396.251451716,384.6774723153654,0.020847704717890853
China,Male,DALYs,40-44 years,42.0,2009,2013,2009-2013,2011.0,5,1969,1969.0,1217991.3438422212,316862251.1606348,72123582.30149405,384.39143172809014,0.016887560281611116
China,Male,DALYs,45-49 years,47.0,2009,2013,2009-2013,2011.0,5,1964,1964.0,1080268.5466692382,285000338.7650965,82999756.42473069,379.04114477548717,0.013015321890117745
China,Male,DALYs,50-54 years,52.0,2009,2013,2009-2013,2011.0,5,1959,1959.0,773488.4362311214,208242452.78746694,77371429.26149502,371.4364798711561,0.0099970808813281
China,Male,DALYs,55-59 years,57.0,2009,2013,2009-2013,2011.0,5,1954,1954.0,757984.9870453726,208903514.5433216,91188190.92579421,362.8397486286353,0.008312315217024038
China,Male,DALYs,60-64 years,62.0,2009,2013,2009-2013,2011.0,5,1949,1949.0,554895.1195433162,159426484.97419304,94924201.20384058,348.0570493874585,0.005845665409938318
China,Male,DALYs,65-69 years,67.0,2009,2013,2009-2013,2011.0,5,1944,1944.0,339291.2713000302,109774809.12810981,86396023.58199313,309.07935435721794,0.00392716304793854
China,Male,DALYs,15-19 years,17.0,2014,2018,2014-2018,2016.0,5,1999,1999.0,122300.21356155575,200763628.17393932,17693051.85189985,60.917515126592676,0.006912330025666168
China,Male,DALYs,20-24 years,22.0,2014,2018,2014-2018,2016.0,5,1994,1994.0,466922.4345972114,239283207.79312155,24291825.501035567,195.13380771830057,0.019221381059949832
China,Male,DALYs,25-29 years,27.0,2014,2018,2014-2018,2016.0,5,1989,1989.0,938866.9975685044,303369202.99599653,37306920.32553408,309.4799960894166,0.025166027894452412
China,Male,DALYs,30-34 years,32.0,2014,2018,2014-2018,2016.0,5,1984,1984.0,1013718.8896234027,276649224.65015626,39243132.100302406,366.4275187849619,0.025831752853783835
China,Male,DALYs,35-39 years,37.0,2014,2018,2014-2018,2016.0,5,1979,1979.0,941037.9655402922,243905524.5965758,40437798.657701805,385.8206849134665,0.02327124613053242
China,Male,DALYs,40-44 years,42.0,2014,2018,2014-2018,2016.0,5,1974,1974.0,1089019.3030919752,282947069.330929,58525025.498069,384.8844611351252,0.018607754440498392
China,Male,DALYs,45-49 years,47.0,2014,2018,2014-2018,2016.0,5,1969,1969.0,1182175.4658017987,312027150.497939,84557434.61328335,378.86942335474976,0.013980739496277098
China,Male,DALYs,50-54 years,52.0,2014,2018,2014-2018,2016.0,5,1964,1964.0,1037587.0717715975,278909731.1681948,96832407.43870643,372.0153712191157,0.010715287363152422
China,Male,DALYs,55-59 years,57.0,2014,2018,2014-2018,2016.0,5,1959,1959.0,726940.4744245494,200440475.99331698,80323047.74003151,362.67149677332975,0.009050210305481919
China,Male,DALYs,60-64 years,62.0,2014,2018,2014-2018,2016.0,5,1954,1954.0,690603.138303672,199443664.88575375,113479579.47175777,346.26476539090197,0.006085704066920215
China,Male,DALYs,65-69 years,67.0,2014,2018,2014-2018,2016.0,5,1949,1949.0,453650.95401053806,146590346.90392283,108797076.20844914,309.4685042991723,0.004169698027007345
China,Male,DALYs,15-19 years,17.0,2019,2023,2019-2023,2021.0,5,2004,2004.0,124469.56975287035,202729690.04219913,16656278.419079477,61.39681352393989,0.007472831962888698
China,Male,DALYs,20-24 years,22.0,2019,2023,2019-2023,2021.0,5,1999,1999.0,385921.99354471004,195834593.82530296,18694416.396638244,197.06528147369983,0.020643703732527812
China,Male,DALYs,25-29 years,27.0,2019,2023,2019-2023,2021.0,5,1994,1994.0,709734.122990702,231200621.01524955,25723555.66467164,306.9776023412538,0.027590825010456878
China,Male,DALYs,30-34 years,32.0,2019,2023,2019-2023,2021.0,5,1989,1989.0,1120465.8043954067,306866871.60874134,39431723.60879028,365.1309111737591,0.028415339271287345
China,Male,DALYs,35-39 years,37.0,2019,2023,2019-2023,2021.0,5,1984,1984.0,1056255.87632331,273162618.4899805,43247983.14470002,386.6765819430937,0.0244232401032267
China,Male,DALYs,40-44 years,42.0,2019,2023,2019-2023,2021.0,5,1979,1979.0,913865.3888187273,237446260.77685577,47318554.34037308,384.8725121334078,0.019313045412272883
China,Male,DALYs,45-49 years,47.0,2019,2023,2019-2023,2021.0,5,1974,1974.0,1053852.880136019,278788688.2874923,69334418.9438831,378.01134852690495,0.015199563163411976
China,Male,DALYs,50-54 years,52.0,2019,2023,2019-2023,2021.0,5,1969,1969.0,1132788.3661261422,304859538.8456307,95648695.6018391,371.577143498778,0.011843218132755816
China,Male,DALYs,55-59 years,57.0,2019,2023,2019-2023,2021.0,5,1964,1964.0,979639.170348146,269120071.2929981,106894857.81693143,364.015647603477,0.009164511655236775
China,Male,DALYs,60-64 years,62.0,2019,2023,2019-2023,2021.0,5,1959,1959.0,666855.6514088811,190824057.6989405,97324344.43175957,349.46099535361867,0.006851889476393617
China,Male,DALYs,65-69 years,67.0,2019,2023,2019-2023,2021.0,5,1954,1954.0,580271.4932691479,185002176.06270137,117643339.79418272,313.65657724614056,0.004932463616591761
United States of America,Male,DALYs,15-19 years,17.0,1990,1993,1990-1993,1991.5,4,1974,1974.5,33202.307629992014,36552021.4242468,6044183.693881141,90.83576321162705,0.0054932658091785885
United States of America,Male,DALYs,20-24 years,22.0,1990,1993,1990-1993,1991.5,4,1970,1969.5,133911.30628873987,40180281.040547304,8135292.662365477,333.2761813029764,0.016460539509319
United States of America,Male,DALYs,25-29 years,27.0,1990,1993,1990-1993,1991.5,4,1964,1964.5,217237.90808970074,42442264.520765886,9228175.07018648,511.843348941506,0.02354072245459804
United States of America,Male,DALYs,30-34 years,32.0,1990,1993,1990-1993,1991.5,4,1960,1959.5,253955.02750310913,44934740.954084985,10974884.077622984,565.1641071272767,0.023139654661219207
United States of America,Male,DALYs,35-39 years,37.0,1990,1993,1990-1993,1991.5,4,1954,1954.5,237733.30559234883,41929928.060758196,11464460.067820467,566.9776138128915,0.02073654617714106
United States of America,Male,DALYs,40-44 years,42.0,1990,1993,1990-1993,1991.5,4,1950,1949.5,201571.21219018789,37366366.38337909,11361447.751989655,539.4455808789818,0.017741683682424018
United States of America,Male,DALYs,45-49 years,47.0,1990,1993,1990-1993,1991.5,4,1944,1944.5,146729.81045534482,29474156.05533371,10597970.952582901,497.8253157779297,0.013845085168834544
United States of America,Male,DALYs,50-54 years,52.0,1990,1993,1990-1993,1991.5,4,1940,1939.5,104588.40621438532,23396040.604591757,10548181.04881242,447.03464138226263,0.009915302527553843
United States of America,Male,DALYs,55-59 years,57.0,1990,1993,1990-1993,1991.5,4,1934,1934.5,79436.69682873458,20206272.336061426,11818676.129606618,393.12890328102077,0.006721285527889207
United States of America,Male,DALYs,60-64 years,62.0,1990,1993,1990-1993,1991.5,4,1930,1929.5,65853.75974228983,19603629.948425602,14689196.00627717,335.926356065391,0.004483142556893405
United States of America,Male,DALYs,65-69 years,67.0,1990,1993,1990-1993,1991.5,4,1924,1924.5,48448.28960146813,18114493.08148185,16661611.911366783,267.45595023575913,0.002907779262846474
United States of America,Male,DALYs,15-19 years,17.0,1994,1998,1994-1998,1996.0,5,1979,1979.0,44503.26618056225,49022888.71909396,7647359.400995481,90.78058707549937,0.005819429145015614
United States of America,Male,DALYs,20-24 years,22.0,1994,1998,1994-1998,1996.0,5,1974,1974.0,158411.17833165528,47493085.19655238,9202306.981804717,333.545773402724,0.01721428970418767
United States of America,Male,DALYs,25-29 years,27.0,1994,1998,1994-1998,1996.0,5,1969,1969.0,260953.73788881343,50935015.21446336,10117962.033091594,512.3268085619688,0.025791136301494672
United States of America,Male,DALYs,30-34 years,32.0,1994,1998,1994-1998,1996.0,5,1964,1964.0,309192.7446981824,54616439.27612404,12427697.10183162,566.1166286124921,0.02487932737374271
United States of America,Male,DALYs,35-39 years,37.0,1994,1998,1994-1998,1996.0,5,1959,1959.0,318829.34165876417,56244448.00883111,14563314.418197583,566.8636691193126,0.021892636010135927
United States of America,Male,DALYs,40-44 years,42.0,1994,1998,1994-1998,1996.0,5,1954,1954.0,277807.5109429549,51520416.703348726,15455793.144324861,539.2182919298826,0.01797432900070623
United States of America,Male,DALYs,45-49 years,47.0,1994,1998,1994-1998,1996.0,5,1949,1949.0,224101.59187080342,45015490.8315474,15752744.433733806,497.8321633977393,0.0142261935889025
United States of America,Male,DALYs,50-54 years,52.0,1994,1998,1994-1998,1996.0,5,1944,1944.0,158034.92859777698,35305845.72143545,15233824.967809819,447.61688997532855,0.0103739493483558
United States of America,Male,DALYs,55-59 years,57.0,1994,1998,1994-1998,1996.0,5,1939,1939.0,108850.82982333613,27664820.946437694,15199763.265101362,393.462983310407,0.0071613503397949295
United States of America,Male,DALYs,60-64 years,62.0,1994,1998,1994-1998,1996.0,5,1934,1934.0,80034.72141615246,23809576.484621517,16925204.168937013,336.14508627587924,0.0047287300417350915
United States of America,Male,DALYs,65-69 years,67.0,1994,1998,1994-1998,1996.0,5,1929,1929.0,59622.31992663229,22297519.56212668,19571331.84778723,267.3944057342747,0.003046410964278514
United States of America,Male,DALYs,15-19 years,17.0,1999,2003,1999-2003,2001.0,5,1984,1984.0,47352.722567767036,52654713.034304515,7660153.734486124,89.93064407533048,0.00618169350238813
United States of America,Male,DALYs,20-24 years,22.0,1999,2003,1999-2003,2001.0,5,1979,1979.0,167591.71155770196,50228623.78286145,9460999.40269362,333.65778103378193,0.01771395435348905
United States of America,Male,DALYs,25-29 years,27.0,1999,2003,1999-2003,2001.0,5,1974,1974.0,248366.2662757036,48326761.37330586,9077742.300028475,513.9311206003824,0.02735991594241715
United States of America,Male,DALYs,30-34 years,32.0,1999,2003,1999-2003,2001.0,5,1969,1969.0,294823.127980205,51845440.74891769,10349186.213273583,568.6577714866078,0.028487566259274854
United States of America,Male,DALYs,35-39 years,37.0,1999,2003,1999-2003,2001.0,5,1964,1964.0,314361.3345315171,55347793.54359787,12930067.545823414,567.9744654751094,0.024312427867637865
United States of America,Male,DALYs,40-44 years,42.0,1999,2003,1999-2003,2001.0,5,1959,1959.0,303424.056388994,56113341.57811931,15796999.470665555,540.7342493880465,0.019207701877336975
United States of America,Male,DALYs,45-49 years,47.0,1999,2003,1999-2003,2001.0,5,1954,1954.0,253073.4133528656,50841755.619049534,17570500.830816034,497.76686558408954,0.014403312449068761
United States of America,Male,DALYs,50-54 years,52.0,1999,2003,1999-2003,2001.0,5,1949,1949.0,197983.81056003226,44278204.79499547,18450427.100703456,447.1360378693793,0.010730581437460803
United States of America,Male,DALYs,55-59 years,57.0,1999,2003,1999-2003,2001.0,5,1944,1944.0,134226.17693575477,34121176.93394192,17772243.346852098,393.3808531740116,0.007552573657479743
United States of America,Male,DALYs,60-64 years,62.0,1999,2003,1999-2003,2001.0,5,1939,1939.0,88487.13213156737,26381128.785924047,17365617.79332823,335.4182940753494,0.005095536086574681
United States of America,Male,DALYs,65-69 years,67.0,1999,2003,1999-2003,2001.0,5,1934,1934.0,58397.63367516384,21907304.725252744,17965206.959274847,266.56694836516505,0.0032505962111956106
United States of America,Male,DALYs,15-19 years,17.0,2004,2008,2004-2008,2006.0,5,1989,1989.0,50258.203450439236,56113645.25665797,7980755.607092699,89.56503043165961,0.006297424194492749
United States of America,Male,DALYs,20-24 years,22.0,2004,2008,2004-2008,2006.0,5,1984,1984.0,181389.67047843343,53813369.93508081,10368233.179835796,337.07175502529884,0.017494752223667306
United States of America,Male,DALYs,25-29 years,27.0,2004,2008,2004-2008,2006.0,5,1979,1979.0,265641.2090368298,51226983.62632069,9971625.760024734,518.5571943383799,0.026639709053438335
United States of America,Male,DALYs,30-34 years,32.0,2004,2008,2004-2008,2006.0,5,1974,1974.0,281470.5055005882,49250577.303565666,9856034.911561487,571.507017604462,0.02855818876721034
United States of America,Male,DALYs,35-39 years,37.0,2004,2008,2004-2008,2006.0,5,1969,1969.0,299436.15788650484,52574390.82784525,11764466.678336652,569.5475557044645,0.025452590931120844
United States of America,Male,DALYs,40-44 years,42.0,2004,2008,2004-2008,2006.0,5,1964,1964.0,299273.75380848785,55250237.958182946,14979291.971286869,541.6696196584676,0.019979165529462425
United States of America,Male,DALYs,45-49 years,47.0,2004,2008,2004-2008,2006.0,5,1959,1959.0,276968.95381710853,55552109.65140812,18699513.56945455,498.5750416232626,0.014811559284062569
United States of America,Male,DALYs,50-54 years,52.0,2004,2008,2004-2008,2006.0,5,1954,1954.0,224005.99552121322,50117162.306339726,21032979.150347456,446.9646428741974,0.010650226671170961
United States of America,Male,DALYs,55-59 years,57.0,2004,2008,2004-2008,2006.0,5,1949,1949.0,168256.54768709524,42939125.778630525,21618701.59786187,391.84902961119747,0.007782916421943496
United States of America,Male,DALYs,60-64 years,62.0,2004,2008,2004-2008,2006.0,5,1944,1944.0,109189.74075149947,32742033.636964858,20141461.93183345,333.4849079998111,0.005421142771117612
United States of America,Male,DALYs,65-69 years,67.0,2004,2008,2004-2008,2006.0,5,1939,1939.0,64973.74164505849,24586450.29601168,18432504.87527345,264.26645921960636,0.003524954534650277
United States of America,Male,DALYs,15-19 years,17.0,2009,2013,2009-2013,2011.0,5,1994,1994.0,50760.2750794414,56005123.04650835,7170868.324039435,90.6350567916591,0.007078679008687687
United States of America,Male,DALYs,20-24 years,22.0,2009,2013,2009-2013,2011.0,5,1989,1989.0,186239.74467096443,56473757.58182844,10265031.505925328,329.78103927494067,0.018143124506092404
United States of America,Male,DALYs,25-29 years,27.0,2009,2013,2009-2013,2011.0,5,1984,1984.0,272921.50148150156,54103552.33664732,10427916.219465695,504.4428502278524,0.02617219929059667
United States of America,Male,DALYs,30-34 years,32.0,2009,2013,2009-2013,2011.0,5,1979,1979.0,288850.0413125645,51701501.28440707,10359900.080814565,558.687918409983,0.027881547028381495
United States of America,Male,DALYs,35-39 years,37.0,2009,2013,2009-2013,2011.0,5,1974,1974.0,280537.8426778861,49829135.711672366,10851989.433528172,562.9996159298639,0.02585128232903912
United States of America,Male,DALYs,40-44 years,42.0,2009,2013,2009-2013,2011.0,5,1969,1969.0,283738.24525164417,52489673.223067254,13294920.82359371,540.5601289339934,0.021341852953957477
United States of America,Male,DALYs,45-49 years,47.0,2009,2013,2009-2013,2011.0,5,1964,1964.0,275282.82849267917,54923259.91949418,17493401.418557618,501.21356397305124,0.015736380930506142
United States of America,Male,DALYs,50-54 years,52.0,2009,2013,2009-2013,2011.0,5,1959,1959.0,248131.65996345313,54977348.128648505,22249702.324147303,451.33435571104343,0.011152133918401199
United States of America,Male,DALYs,55-59 years,57.0,2009,2013,2009-2013,2011.0,5,1954,1954.0,193245.87569410307,48816761.40144102,24463663.653155148,395.8596804588488,0.007899302346285308
United States of America,Male,DALYs,60-64 years,62.0,2009,2013,2009-2013,2011.0,5,1949,1949.0,139171.11543547432,41374384.68452752,24499867.47951875,336.37023606907957,0.005680484416979714
United States of America,Male,DALYs,65-69 years,67.0,2009,2013,2009-2013,2011.0,5,1944,1944.0,81784.58466711278,30785697.80593373,21823638.046350617,265.6577258136711,0.0037475229608103277
United States of America,Male,DALYs,15-19 years,17.0,2014,2018,2014-2018,2016.0,5,1999,1999.0,48346.62886165849,54844255.72734927,6998612.025184803,88.1525844785043,0.0069080310049594255
United States of America,Male,DALYs,20-24 years,22.0,2014,2018,2014-2018,2016.0,5,1994,1994.0,176581.69473807546,56625027.78079312,10863866.542155996,311.84389952382674,0.016254037552180002
United States of America,Male,DALYs,25-29 years,27.0,2014,2018,2014-2018,2016.0,5,1989,1989.0,277105.9695716417,57445326.4463463,12275470.465130005,482.3820956617899,0.022573959210671034
United States of America,Male,DALYs,30-34 years,32.0,2014,2018,2014-2018,2016.0,5,1984,1984.0,300900.0816137043,55343081.923679866,12262866.444948792,543.6995395895308,0.02453749969181539
United States of America,Male,DALYs,35-39 years,37.0,2014,2018,2014-2018,2016.0,5,1979,1979.0,291681.2366320282,52824660.07938394,12469979.403220003,552.1686958206544,0.023390675092591583
United States of America,Male,DALYs,40-44 years,42.0,2014,2018,2014-2018,2016.0,5,1974,1974.0,267575.90151232976,50152091.87608912,13067011.274742208,533.5288948134609,0.020477207517953153
United States of America,Male,DALYs,45-49 years,47.0,2014,2018,2014-2018,2016.0,5,1969,1969.0,261221.85924102104,52581978.48581663,16418264.566011202,496.78971153868355,0.015910442799283296
United States of America,Male,DALYs,50-54 years,52.0,2014,2018,2014-2018,2016.0,5,1964,1964.0,244482.13858274085,54492651.8773555,21691528.446672313,448.6515707346879,0.011270858076404789
United States of America,Male,DALYs,55-59 years,57.0,2014,2018,2014-2018,2016.0,5,1959,1959.0,212262.10387685196,53723993.71465799,26944065.093716115,395.0974028554743,0.007877879716314805
United States of America,Male,DALYs,60-64 years,62.0,2014,2018,2014-2018,2016.0,5,1954,1954.0,157935.93397959595,46966970.62292856,28429882.67276389,336.27021688832116,0.005555279133490767
United States of America,Male,DALYs,65-69 years,67.0,2014,2018,2014-2018,2016.0,5,1949,1949.0,103386.35696528785,38854251.3829875,27320334.39485306,266.08763078769806,0.0037842273623402297
United States of America,Male,DALYs,15-19 years,17.0,2019,2023,2019-2023,2021.0,5,2004,2004.0,47692.254490750754,55553859.17888075,7957631.937056933,85.84867945390435,0.005993272228218859
United States of America,Male,DALYs,20-24 years,22.0,2019,2023,2019-2023,2021.0,5,1999,1999.0,167788.34212296273,54934749.26198153,11698104.618593674,305.43207055116807,0.01434320751895737
United States of America,Male,DALYs,25-29 years,27.0,2019,2023,2019-2023,2021.0,5,1994,1994.0,272355.46429947193,57093760.67027367,14099105.651712902,477.03192275662445,0.019317215646680642
United States of America,Male,DALYs,30-34 years,32.0,2019,2023,2019-2023,2021.0,5,1989,1989.0,315661.26782061165,58481815.921366245,15607870.693528082,539.7596891400311,0.02022449275874017
United States of America,Male,DALYs,35-39 years,37.0,2019,2023,2019-2023,2021.0,5,1984,1984.0,309797.5357034143,56407273.21346134,16024895.163546544,549.2155852509504,0.019332265986247585
United States of America,Male,DALYs,40-44 years,42.0,2019,2023,2019-2023,2021.0,5,1979,1979.0,280848.01106655464,52990681.13329992,16447531.88118051,529.9950954773946,0.017075389371210448
United States of America,Male,DALYs,45-49 years,47.0,2019,2023,2019-2023,2021.0,5,1974,1974.0,247552.5950249044,50182567.8331717,17719007.92209301,493.303961343459,0.013971018925740337
United States of America,Male,DALYs,50-54 years,52.0,2019,2023,2019-2023,2021.0,5,1969,1969.0,231687.9131079382,52023636.15069718,22258509.69481174,445.35124849175565,0.010408958923334502
United States of America,Male,DALYs,55-59 years,57.0,2019,2023,2019-2023,2021.0,5,1964,1964.0,207676.34058196307,53099897.06338768,28342763.918727078,391.10497772538184,0.007327314343000398
United States of America,Male,DALYs,60-64 years,62.0,2019,2023,2019-2023,2021.0,5,1959,1959.0,171567.1106859112,51415872.297851,33372692.683056273,333.6851112668609,0.005140942995379511
United States of America,Male,DALYs,65-69 years,67.0,2019,2023,2019-2023,2021.0,5,1954,1954.0,115406.81344026918,43737459.211942375,33030433.83193735,263.8626374729095,0.0034939539101264106
China,Male,Incidence,15-19 years,17.0,1990,1993,1990-1993,1991.5,4,1974,1974.5,78720.90810512823,241712535.12991485,699558701.8167171,32.567987449561755,0.00011252938159541746
China,Male,Incidence,20-24 years,22.0,1990,1993,1990-1993,1991.5,4,1970,1969.5,143239.67584193381,268442810.0711312,813601704.9752032,53.35947563802456,0.00017605626311500841
China,Male,Incidence,25-29 years,27.0,1990,1993,1990-1993,1991.5,4,1964,1964.5,107988.15006413085,249987631.97368437,773928423.0555183,43.197397091828336,0.00013953247722546075
China,Male,Incidence,30-34 years,32.0,1990,1993,1990-1993,1991.5,4,1960,1959.5,61223.538048583374,185752893.30860183,563817992.75792,32.95966859954598,0.00010858741444044375
China,Male,Incidence,35-39 years,37.0,1990,1993,1990-1993,1991.5,4,1954,1954.5,52799.44724923413,195897576.50210503,568161380.615348,26.95257807268829,9.293036987492816e-05
China,Male,Incidence,40-44 years,42.0,1990,1993,1990-1993,1991.5,4,1950,1949.5,38415.858390674344,153592178.8909136,424230966.1847099,25.011598030625372,9.055411191729955e-05
China,Male,Incidence,45-49 years,47.0,1990,1993,1990-1993,1991.5,4,1944,1944.5,31117.199899529376,115430019.39909112,312509940.7649196,26.95763204539008,9.957187225265507e-05
China,Male,Incidence,50-54 years,52.0,1990,1993,1990-1993,1991.5,4,1940,1939.5,29496.22190937111,101419531.68384358,274489430.2049072,29.083374197901115,0.00010745849808261138
China,Male,Incidence,55-59 years,57.0,1990,1993,1990-1993,1991.5,4,1934,1934.5,29170.41750349321,93654915.51175383,255664834.75355852,31.146702064807563,0.00011409632275635902
China,Male,Incidence,60-64 years,62.0,1990,1993,1990-1993,1991.5,4,1930,1929.5,21434.65769949741,76152827.02768211,209636773.05602416,28.146896886317503,0.00010224664970286071
China,Male,Incidence,65-69 years,67.0,1990,1993,1990-1993,1991.5,4,1924,1924.5,11312.89861218498,56332316.11653842,148444744.34057873,20.082431172865736,7.620949237670312e-05
China,Male,Incidence,15-19 years,17.0,1994,1998,1994-1998,1996.0,5,1979,1979.0,83325.54824741658,254993660.903595,730330308.5062848,32.67749792373047,0.00011409296215275382
China,Male,Incidence,20-24 years,22.0,1994,1998,1994-1998,1996.0,5,1974,1974.0,156106.12046168465,290754722.6942961,872619929.725253,53.689968993493174,0.00017889359977239476
China,Male,Incidence,25-29 years,27.0,1994,1998,1994-1998,1996.0,5,1969,1969.0,145035.1391488429,333919827.5522122,1021161464.9527228,43.43412016351889,0.00014202958506229733
China,Male,Incidence,30-34 years,32.0,1994,1998,1994-1998,1996.0,5,1964,1964.0,99837.21017175002,302902148.7729831,905099491.605195,32.960218531356574,0.00011030523284759403
China,Male,Incidence,35-39 years,37.0,1994,1998,1994-1998,1996.0,5,1959,1959.0,61591.2052956502,227769928.993339,647145541.3320382,27.040973129271773,9.51736531613511e-05
China,Male,Incidence,40-44 years,42.0,1994,1998,1994-1998,1996.0,5,1954,1954.0,58221.86816150472,231879214.12068772,627011601.4994737,25.10870514301536,9.28561258233012e-05
China,Male,Incidence,45-49 years,47.0,1994,1998,1994-1998,1996.0,5,1949,1949.0,49381.61324728491,182257794.7036902,481274016.04114586,27.094376582119963,0.00010260602401410987
China,Male,Incidence,50-54 years,52.0,1994,1998,1994-1998,1996.0,5,1944,1944.0,39286.02277391883,135653693.46068317,356390433.7217351,28.960525711970526,0.00011023310127508313
China,Male,Incidence,55-59 years,57.0,1994,1998,1994-1998,1996.0,5,1939,1939.0,36818.57761687931,118650888.76752591,314148276.2923828,31.031017128761995,0.00011720127212352321
China,Male,Incidence,60-64 years,62.0,1994,1998,1994-1998,1996.0,5,1934,1934.0,29552.168572137554,105433105.02276531,281932185.52346104,28.0293068915656,0.00010482013083134974
China,Male,Incidence,65-69 years,67.0,1994,1998,1994-1998,1996.0,5,1929,1929.0,16084.223767820557,80329617.68853332,208657323.35562667,20.022781423141897,7.708439612448823e-05
China,Male,Incidence,15-19 years,17.0,1999,2003,1999-2003,2001.0,5,1984,1984.0,91629.45549576652,283384216.50353664,802115925.948191,32.334001034465864,0.00011423467921728424
China,Male,Incidence,20-24 years,22.0,1999,2003,1999-2003,2001.0,5,1979,1979.0,127359.97232138395,239806950.99336004,711905411.5657793,53.109374767418814,0.00017890013231008572
China,Male,Incidence,25-29 years,27.0,1999,2003,1999-2003,2001.0,5,1974,1974.0,125914.18833328356,288125301.72062236,870524879.1516075,43.701190968426275,0.00014464168842135387
China,Male,Incidence,30-34 years,32.0,1999,2003,1999-2003,2001.0,5,1969,1969.0,109262.69847155128,325868243.42853725,958916732.6988913,33.52971658789836,0.00011394388558016828
China,Male,Incidence,35-39 years,37.0,1999,2003,1999-2003,2001.0,5,1964,1964.0,81247.6033105134,296902410.50688624,825962241.9503516,27.36508712468974,9.836721242688134e-05
China,Male,Incidence,40-44 years,42.0,1999,2003,1999-2003,2001.0,5,1959,1959.0,54875.31672500141,217750667.0608979,572913285.1107326,25.2009867366581,9.578293635553437e-05
China,Male,Incidence,45-49 years,47.0,1999,2003,1999-2003,2001.0,5,1954,1954.0,60522.494008811365,223285870.12618506,571839767.4771192,27.105384668814207,0.00010583820407564261
China,Male,Incidence,50-54 years,52.0,1999,2003,1999-2003,2001.0,5,1949,1949.0,50750.32028017409,174971754.7202126,444578953.366804,29.004864448736907,0.00011415367258355586
China,Male,Incidence,55-59 years,57.0,1999,2003,1999-2003,2001.0,5,1944,1944.0,39033.77271304275,126964212.47216779,324401519.94013286,30.743917481155933,0.00012032549268032497
China,Male,Incidence,60-64 years,62.0,1999,2003,1999-2003,2001.0,5,1939,1939.0,30464.59690403854,109408451.51821774,283155838.5527431,27.84482960986413,0.00010758950639954379
China,Male,Incidence,65-69 years,67.0,1999,2003,1999-2003,2001.0,5,1934,1934.0,18103.260086169244,90955304.27083674,232477590.73636758,19.90346822683737,7.787098975358258e-05
China,Male,Incidence,15-19 years,17.0,2004,2008,2004-2008,2006.0,5,1989,1989.0,102154.57481703899,317689852.4226511,940815139.2478758,32.15544155346003,0.00010858092153864076
China,Male,Incidence,20-24 years,22.0,2004,2008,2004-2008,2006.0,5,1984,1984.0,146615.98405909492,272823739.15369743,840492294.9018403,53.740185701544696,0.0001744406045699895
China,Male,Incidence,25-29 years,27.0,2004,2008,2004-2008,2006.0,5,1979,1979.0,106163.8934421193,241363465.25110787,745125607.3445541,43.985071780300025,0.00014247784856094467
China,Male,Incidence,30-34 years,32.0,2004,2008,2004-2008,2006.0,5,1974,1974.0,97151.53605804585,289965799.736905,860126606.7372305,33.50448092367944,0.00011295027417716626
China,Male,Incidence,35-39 years,37.0,2004,2008,2004-2008,2006.0,5,1969,1969.0,88209.33913428377,323323398.74573743,900168438.6271284,27.282077163753893,9.799203721118489e-05
China,Male,Incidence,40-44 years,42.0,2004,2008,2004-2008,2006.0,5,1964,1964.0,72863.80818497093,289194745.5289631,755107707.0655674,25.195412195922334,9.64945894515205e-05
China,Male,Incidence,45-49 years,47.0,2004,2008,2004-2008,2006.0,5,1959,1959.0,57638.480336847824,212599269.64635313,536563649.0145708,27.111325656351585,0.00010742151549532683
China,Male,Incidence,50-54 years,52.0,2004,2008,2004-2008,2006.0,5,1954,1954.0,63268.11653685313,217359476.5771287,542343273.7474846,29.107595184331803,0.0001166569580547814
China,Male,Incidence,55-59 years,57.0,2004,2008,2004-2008,2006.0,5,1949,1949.0,51786.14977530073,166710642.52572858,416396540.26234436,31.06349360228069,0.00012436738725704505
China,Male,Incidence,60-64 years,62.0,2004,2008,2004-2008,2006.0,5,1944,1944.0,33489.52401789397,120027488.32977423,303353037.5224527,27.901545290926915,0.00011039785291556621
China,Male,Incidence,65-69 years,67.0,2004,2008,2004-2008,2006.0,5,1939,1939.0,19506.92166255186,97370344.50669429,246641176.85322726,20.033740007164855,7.909028780770114e-05
China,Male,Incidence,15-19 years,17.0,2009,2013,2009-2013,2011.0,5,1994,1994.0,78853.43936879914,247558661.53257146,744636869.9214914,31.852425958614397,0.00010589515850472569
China,Male,Incidence,20-24 years,22.0,2009,2013,2009-2013,2011.0,5,1989,1989.0,164896.8743020959,309228856.335722,965491447.9347723,53.32518971744069,0.00017079061099382849
China,Male,Incidence,25-29 years,27.0,2009,2013,2009-2013,2011.0,5,1984,1984.0,119435.75445676819,272406270.67462856,850201432.2521836,43.84471552764891,0.00014047936162655346
China,Male,Incidence,30-34 years,32.0,2009,2013,2009-2013,2011.0,5,1979,1979.0,83017.43137153555,246575671.99662584,737172176.9016029,33.668135505546374,0.00011261606714521545
China,Male,Incidence,35-39 years,37.0,2009,2013,2009-2013,2011.0,5,1974,1974.0,80006.52022354523,289469996.41626036,808104351.343553,27.638968188086462,9.900518428161725e-05
China,Male,Incidence,40-44 years,42.0,2009,2013,2009-2013,2011.0,5,1969,1969.0,80944.41090983959,316862251.16071075,823610942.9299309,25.545615046705276,9.82799118985552e-05
China,Male,Incidence,45-49 years,47.0,2009,2013,2009-2013,2011.0,5,1964,1964.0,77875.87411799384,285000338.7651161,712084912.2816277,27.324835631923747,0.00010936318516912228
China,Male,Incidence,50-54 years,52.0,2009,2013,2009-2013,2011.0,5,1959,1959.0,60475.19223111696,208242452.78748837,512952620.7905292,29.040760623786905,0.00011789625353296086
China,Male,Incidence,55-59 years,57.0,2009,2013,2009-2013,2011.0,5,1954,1954.0,64383.50807995938,208903514.5433529,515340656.4420761,30.819734278141176,0.0001249338806770353
China,Male,Incidence,60-64 years,62.0,2009,2013,2009-2013,2011.0,5,1949,1949.0,44175.53938338243,159426484.97422332,397610903.27859694,27.709034286570954,0.00011110243461414747
China,Male,Incidence,65-69 years,67.0,2009,2013,2009-2013,2011.0,5,1944,1944.0,21627.31312489869,109774809.12814647,278350702.46915454,19.701526512928734,7.76980727300134e-05
China,Male,Incidence,15-19 years,17.0,2014,2018,2014-2018,2016.0,5,1999,1999.0,64608.51617322589,200763628.17395917,603521350.9014803,32.181385025201585,0.00010705257747173336
China,Male,Incidence,20-24 years,22.0,2014,2018,2014-2018,2016.0,5,1994,1994.0,127363.36625991928,239283207.79314247,751760321.2620001,53.22703896966452,0.0001694201764281879
China,Male,Incidence,25-29 years,27.0,2014,2018,2014-2018,2016.0,5,1989,1989.0,132442.32905035376,303369202.9960142,954834012.8884798,43.657143751699095,0.00013870717555368694
China,Male,Incidence,30-34 years,32.0,2014,2018,2014-2018,2016.0,5,1984,1984.0,93576.30186453929,276649224.6502042,833564892.3650775,33.82489214739616,0.00011226036835480777
China,Male,Incidence,35-39 years,37.0,2014,2018,2014-2018,2016.0,5,1979,1979.0,67791.13245738833,243905524.596612,685074120.432527,27.79401268975192,9.895444950480376e-05
China,Male,Incidence,40-44 years,42.0,2014,2018,2014-2018,2016.0,5,1974,1974.0,72426.65070007612,282947069.33098793,741470254.6441832,25.59724363688402,9.767977912321275e-05
China,Male,Incidence,45-49 years,47.0,2014,2018,2014-2018,2016.0,5,1969,1969.0,84762.5697836843,312027150.4980105,784149156.6095601,27.16512638352115,0.00010809495753355619
China,Male,Incidence,50-54 years,52.0,2014,2018,2014-2018,2016.0,5,1964,1964.0,80209.42870121519,278909731.1682523,688301782.7366903,28.758203726075394,0.00011653235646477948
China,Male,Incidence,55-59 years,57.0,2014,2018,2014-2018,2016.0,5,1959,1959.0,60628.15202163679,200440475.99335784,494145802.8992232,30.247459611723272,0.00012269284018183067
China,Male,Incidence,60-64 years,62.0,2014,2018,2014-2018,2016.0,5,1954,1954.0,54178.993831967164,199443664.88580477,496365607.574841,27.165061303395305,0.00010915138560198928
China,Male,Incidence,65-69 years,67.0,2014,2018,2014-2018,2016.0,5,1949,1949.0,28434.48280484806,146590346.90396634,371881343.51286715,19.3972409543965,7.646117048048209e-05
China,Male,Incidence,15-19 years,17.0,2019,2023,2019-2023,2021.0,5,2004,2004.0,65386.88156812549,202729690.04222158,631718108.3672577,32.25323412397447,0.00010350642272567554
China,Male,Incidence,20-24 years,22.0,2019,2023,2019-2023,2021.0,5,1999,1999.0,103941.7536006764,195834593.82532093,649427258.0860913,53.076298508010076,0.00016005141808645391
China,Male,Incidence,25-29 years,27.0,2019,2023,2019-2023,2021.0,5,1994,1994.0,99958.95323369595,231200621.0152768,776197504.4168911,43.234725233324994,0.00012878030741517122
China,Male,Incidence,30-34 years,32.0,2019,2023,2019-2023,2021.0,5,1989,1989.0,103260.13590191018,306866871.60879004,974316186.8967547,33.649815426655636,0.00010598216194149337
China,Male,Incidence,35-39 years,37.0,2019,2023,2019-2023,2021.0,5,1984,1984.0,75209.18559227596,273162618.4900335,799219128.7590872,27.532751738876748,9.410333522553444e-05
China,Male,Incidence,40-44 years,42.0,2019,2023,2019-2023,2021.0,5,1979,1979.0,60170.97920045643,237446260.77689904,647730209.0182314,25.3408830291045,9.289512572164567e-05
China,Male,Incidence,45-49 years,47.0,2019,2023,2019-2023,2021.0,5,1974,1974.0,75779.00741242789,278788688.28753394,730148768.9798856,27.181521559537522,0.00010378570865537606
China,Male,Incidence,50-54 years,52.0,2019,2023,2019-2023,2021.0,5,1969,1969.0,88326.71473621897,304859538.8456788,782376196.8292571,28.972921454470324,0.00011289545246159255
China,Male,Incidence,55-59 years,57.0,2019,2023,2019-2023,2021.0,5,1964,1964.0,82914.1905090031,269120071.2930468,689170355.8666275,30.809367027373167,0.00012031015234939847
China,Male,Incidence,60-64 years,62.0,2019,2023,2019-2023,2021.0,5,1959,1959.0,52802.19807666768,190824057.69897428,494058521.4013516,27.670619057877573,0.00010687437983439512
China,Male,Incidence,65-69 years,67.0,2019,2023,2019-2023,2021.0,5,1954,1954.0,36604.5650632891,185002176.06276226,486148286.6145159,19.786018652489226,7.529506134475827e-05
United States of America,Male,Incidence,15-19 years,17.0,1990,1993,1990-1993,1991.5,4,1974,1974.5,20061.66667663964,36552021.42425133,174273522.58109623,54.88524545274325,0.00011511597619371106
United States of America,Male,Incidence,20-24 years,22.0,1990,1993,1990-1993,1991.5,4,1970,1969.5,37128.655257765226,40180281.04055025,198294281.0160234,92.40516565898258,0.00018724017186741256
United States of America,Male,Incidence,25-29 years,27.0,1990,1993,1990-1993,1991.5,4,1964,1964.5,25950.235340885527,42442264.52076903,203047878.97001344,61.14243816605694,0.000127803528273831
United States of America,Male,Incidence,30-34 years,32.0,1990,1993,1990-1993,1991.5,4,1960,1959.5,16843.242575516007,44934740.95409061,208887755.41077736,37.48378697169877,8.063298177719323e-05
United States of America,Male,Incidence,35-39 years,37.0,1990,1993,1990-1993,1991.5,4,1954,1954.5,11780.672651666795,41929928.06076333,185756762.32497403,28.09609554920932,6.341988579159761e-05
United States of America,Male,Incidence,40-44 years,42.0,1990,1993,1990-1993,1991.5,4,1950,1949.5,8451.09959843698,37366366.38339085,156301640.09905624,22.616862211663825,5.40691677520536e-05
United States of America,Male,Incidence,45-49 years,47.0,1990,1993,1990-1993,1991.5,4,1944,1944.5,6202.178556967909,29474156.05534356,119854031.72281796,21.04276894416278,5.174776741187531e-05
United States of America,Male,Incidence,50-54 years,52.0,1990,1993,1990-1993,1991.5,4,1940,1939.5,4557.071811439324,23396040.604598913,95950827.81364578,19.477961628018157,4.7493824860896445e-05
United States of America,Male,Incidence,55-59 years,57.0,1990,1993,1990-1993,1991.5,4,1934,1934.5,3618.866739043415,20206272.33606651,84502827.01502274,17.909620729915826,4.282539255639412e-05
United States of America,Male,Incidence,60-64 years,62.0,1990,1993,1990-1993,1991.5,4,1930,1929.5,2937.9318140775645,19603629.94843509,82583216.89705238,14.98667247752293,3.5575410167661165e-05
United States of America,Male,Incidence,65-69 years,67.0,1990,1993,1990-1993,1991.5,4,1924,1924.5,1941.016718657731,18114493.0814894,78375575.3895835,10.715269314608598,2.4765581739074566e-05
United States of America,Male,Incidence,15-19 years,17.0,1994,1998,1994-1998,1996.0,5,1979,1979.0,26979.229051345017,49022888.71909777,238469686.478621,55.033943850058684,0.00011313483675739107
United States of America,Male,Incidence,20-24 years,22.0,1994,1998,1994-1998,1996.0,5,1974,1974.0,43875.307235407265,47493085.19655448,242137800.9119383,92.38251643123476,0.00018119974275046803
United States of America,Male,Incidence,25-29 years,27.0,1994,1998,1994-1998,1996.0,5,1969,1969.0,30973.364844335738,50935015.21446787,244368611.82541218,60.80957218510438,0.00012674854030133987
United States of America,Male,Incidence,30-34 years,32.0,1994,1998,1994-1998,1996.0,5,1964,1964.0,20471.785734314715,54616439.27613178,252733937.95373827,37.482827525267105,8.100133246870065e-05
United States of America,Male,Incidence,35-39 years,37.0,1994,1998,1994-1998,1996.0,5,1959,1959.0,15711.637587835732,56244448.00883778,247630803.8074916,27.93455735465114,6.34478317974123e-05
United States of America,Male,Incidence,40-44 years,42.0,1994,1998,1994-1998,1996.0,5,1954,1954.0,11544.134966724861,51520416.70335391,212964795.6805695,22.406913036426108,5.420677595953539e-05
United States of America,Male,Incidence,45-49 years,47.0,1994,1998,1994-1998,1996.0,5,1949,1949.0,9414.058081941037,45015490.831557974,182589071.50645372,20.912929989294575,5.155871599691163e-05
United States of America,Male,Incidence,50-54 years,52.0,1994,1998,1994-1998,1996.0,5,1944,1944.0,6857.4043007186165,35305845.721443124,146261586.0216843,19.422858058187654,4.688452031213417e-05
United States of America,Male,Incidence,55-59 years,57.0,1994,1998,1994-1998,1996.0,5,1939,1939.0,4960.58686027298,27664820.94644594,117017424.79470208,17.93102825380932,4.239186487803796e-05
United States of America,Male,Incidence,60-64 years,62.0,1994,1998,1994-1998,1996.0,5,1934,1934.0,3580.4116689898124,23809576.484627735,101346671.04579023,15.037695741045402,3.532835989622312e-05
United States of America,Male,Incidence,65-69 years,67.0,1994,1998,1994-1998,1996.0,5,1929,1929.0,2396.891038330654,22297519.56213783,97279765.85952725,10.749585987136795,2.463915303611836e-05
United States of America,Male,Incidence,15-19 years,17.0,1999,2003,1999-2003,2001.0,5,1984,1984.0,28943.009912241345,52654713.03430794,245222082.13892105,54.96755797222389,0.00011802774717427285
United States of America,Male,Incidence,20-24 years,22.0,1999,2003,1999-2003,2001.0,5,1979,1979.0,46659.39374594786,50228623.78286471,246009058.93983725,92.89403179281517,0.00018966534788200076
United States of America,Male,Incidence,25-29 years,27.0,1999,2003,1999-2003,2001.0,5,1974,1974.0,29599.153319032725,48326761.373310104,225513520.15182972,61.24795553831534,0.0001312522340084299
United States of America,Male,Incidence,30-34 years,32.0,1999,2003,1999-2003,2001.0,5,1969,1969.0,19421.579925318965,51845440.7489251,233696272.31920522,37.46053586345802,8.310607496037024e-05
United States of America,Male,Incidence,35-39 years,37.0,1999,2003,1999-2003,2001.0,5,1964,1964.0,15373.268313539736,55347793.54360826,240630574.88523757,27.775756411007084,6.388742711050585e-05
United States of America,Male,Incidence,40-44 years,42.0,1999,2003,1999-2003,2001.0,5,1959,1959.0,12467.239004754809,56113341.57812891,233827535.60489458,22.217958606860293,5.33180960595722e-05
United States of America,Male,Incidence,45-49 years,47.0,1999,2003,1999-2003,2001.0,5,1954,1954.0,10577.485319478441,50841755.61905797,206977502.7293698,20.804720825795957,5.1104517061010575e-05
United States of America,Male,Incidence,50-54 years,52.0,1999,2003,1999-2003,2001.0,5,1949,1949.0,8589.466149615895,44278204.795006074,179654091.4730968,19.398858172733913,4.781113571745272e-05
United States of America,Male,Incidence,55-59 years,57.0,1999,2003,1999-2003,2001.0,5,1944,1944.0,6137.691031582786,34121176.93394717,141829528.0597921,17.98792299416963,4.327512835687697e-05
United States of America,Male,Incidence,60-64 years,62.0,1999,2003,1999-2003,2001.0,5,1939,1939.0,3992.1037701113146,26381128.78593431,113256243.97144966,15.132422128350301,3.524842101524812e-05
United States of America,Male,Incidence,65-69 years,67.0,1999,2003,1999-2003,2001.0,5,1934,1934.0,2370.518733395209,21907304.725259002,96198773.66208257,10.820677226724353,2.464188100486738e-05
United States of America,Male,Incidence,15-19 years,17.0,2004,2008,2004-2008,2006.0,5,1989,1989.0,31191.141537601638,56113645.256662264,240976546.87167326,55.585662622583534,0.00012943642002726427
United States of America,Male,Incidence,20-24 years,22.0,2004,2008,2004-2008,2006.0,5,1984,1984.0,50743.42674512856,53813369.93508437,244040056.98462713,94.29520360152299,0.0002079307281440483
United States of America,Male,Incidence,25-29 years,27.0,2004,2008,2004-2008,2006.0,5,1979,1979.0,31346.424509778783,51226983.626322865,225621471.55413777,61.19123612359541,0.00013893369409328235
United States of America,Male,Incidence,30-34 years,32.0,2004,2008,2004-2008,2006.0,5,1974,1974.0,18226.10130215554,49250577.30357182,212122576.68819025,37.00687849771402,8.592249626001391e-05
United States of America,Male,Incidence,35-39 years,37.0,2004,2008,2004-2008,2006.0,5,1969,1969.0,14495.12267412208,52574390.827855475,221391824.4594315,27.57069068395583,6.547270979637376e-05
United States of America,Male,Incidence,40-44 years,42.0,2004,2008,2004-2008,2006.0,5,1964,1964.0,12219.544193729438,55250237.95819734,224651346.70748395,22.11672681477828,5.439337165265416e-05
United States of America,Male,Incidence,45-49 years,47.0,2004,2008,2004-2008,2006.0,5,1959,1959.0,11472.295088875533,55552109.651418045,218308193.4429987,20.651412090130563,5.2550913953080755e-05
United States of America,Male,Incidence,50-54 years,52.0,2004,2008,2004-2008,2006.0,5,1954,1954.0,9612.90533866233,50117162.30635398,196887788.22073734,19.1808651892559,4.882428425619261e-05
United States of America,Male,Incidence,55-59 years,57.0,2004,2008,2004-2008,2006.0,5,1949,1949.0,7605.079693641678,42939125.77864945,173396825.78394306,17.711305378795437,4.385939396098176e-05
United States of America,Male,Incidence,60-64 years,62.0,2004,2008,2004-2008,2006.0,5,1944,1944.0,4863.836879364765,32742033.63697402,134861155.2249018,14.85502376942239,3.6065513981795324e-05
United States of America,Male,Incidence,65-69 years,67.0,2004,2008,2004-2008,2006.0,5,1939,1939.0,2611.974073992935,24586450.29602473,104281393.93173486,10.62363229561143,2.5047364400429827e-05
United States of America,Male,Incidence,15-19 years,17.0,2009,2013,2009-2013,2011.0,5,1994,1994.0,30622.70775694293,56005123.046513975,220241574.27148634,54.678404565792725,0.00013904144963654809
United States of America,Male,Incidence,20-24 years,22.0,2009,2013,2009-2013,2011.0,5,1989,1989.0,51371.73970852098,56473757.58183085,234909849.48980626,90.96568372324612,0.00021868704024158092
United States of America,Male,Incidence,25-29 years,27.0,2009,2013,2009-2013,2011.0,5,1984,1984.0,32347.005505734556,54103552.336653054,223965510.236727,59.78721194582397,0.00014442851254884928
United States of America,Male,Incidence,30-34 years,32.0,2009,2013,2009-2013,2011.0,5,1979,1979.0,19260.633470734625,51701501.28441426,211321575.2106061,37.2535284126089,9.114371521951415e-05
United States of America,Male,Incidence,35-39 years,37.0,2009,2013,2009-2013,2011.0,5,1974,1974.0,14374.63432048987,49829135.71168046,198730318.30010372,28.84784998813517,7.233236701600134e-05
United States of America,Male,Incidence,40-44 years,42.0,2009,2013,2009-2013,2011.0,5,1969,1969.0,12428.740877956741,52489673.22307459,202199564.43540528,23.678449711691165,6.146769362565679e-05
United States of America,Male,Incidence,45-49 years,47.0,2009,2013,2009-2013,2011.0,5,1964,1964.0,11960.23782694015,54923259.91950476,207125000.59772897,21.7762708267299,5.774405693385567e-05
United States of America,Male,Incidence,50-54 years,52.0,2009,2013,2009-2013,2011.0,5,1959,1959.0,10932.805035911915,54977348.12866167,209770134.83801916,19.88601743817514,5.2118024543169775e-05
United States of America,Male,Incidence,55-59 years,57.0,2009,2013,2009-2013,2011.0,5,1954,1954.0,8779.739752028696,48816761.401454054,192983389.77848643,17.985092619780353,4.549479497746625e-05
United States of America,Male,Incidence,60-64 years,62.0,2009,2013,2009-2013,2011.0,5,1949,1949.0,6168.398898414322,41374384.68454289,166600045.34258893,14.908738692901414,3.7025193394935156e-05
United States of America,Male,Incidence,65-69 years,67.0,2009,2013,2009-2013,2011.0,5,1944,1944.0,3283.5085215723793,30785697.805941477,127432398.38659868,10.665694642590429,2.576666972562989e-05
United States of America,Male,Incidence,15-19 years,17.0,2014,2018,2014-2018,2016.0,5,1999,1999.0,28284.23571028373,54844255.72735428,209860472.53967315,51.57192004007196,0.00013477638436622087
United States of America,Male,Incidence,20-24 years,22.0,2014,2018,2014-2018,2016.0,5,1994,1994.0,48919.54163997623,56625027.78079577,228207027.86728302,86.39208413168703,0.0002143647463321159
United States of America,Male,Incidence,25-29 years,27.0,2014,2018,2014-2018,2016.0,5,1989,1989.0,34267.43744970521,57445326.44635004,232599503.6045644,59.65226341207866,0.00014732377721649089
United States of America,Male,Incidence,30-34 years,32.0,2014,2018,2014-2018,2016.0,5,1984,1984.0,21261.146272948587,55343081.92368536,220434023.00511813,38.416990044512474,9.645129178835944e-05
United States of America,Male,Incidence,35-39 years,37.0,2014,2018,2014-2018,2016.0,5,1979,1979.0,15459.433233306332,52824660.079392865,203371433.7428844,29.26556121718827,7.601575574695102e-05
United States of America,Male,Incidence,40-44 years,42.0,2014,2018,2014-2018,2016.0,5,1974,1974.0,11928.769560481363,50152091.876096,185854775.6467944,23.78518844229302,6.418328245248461e-05
United States of America,Male,Incidence,45-49 years,47.0,2014,2018,2014-2018,2016.0,5,1969,1969.0,11550.20676753775,52581978.4858325,191882418.93334267,21.96609389783573,6.019418991976609e-05
United States of America,Male,Incidence,50-54 years,52.0,2014,2018,2014-2018,2016.0,5,1964,1964.0,10980.636520626196,54492651.87736297,204194277.87600985,20.15067379238284,5.37754369752409e-05
United States of America,Male,Incidence,55-59 years,57.0,2014,2018,2014-2018,2016.0,5,1959,1959.0,9846.507917160267,53723993.71467113,210547056.8672724,18.327952254359953,4.676630518453386e-05
United States of America,Male,Incidence,60-64 years,62.0,2014,2018,2014-2018,2016.0,5,1954,1954.0,7160.6674880030305,46966970.62294775,188134526.41680273,15.246177032555673,3.806142139023927e-05
United States of America,Male,Incidence,65-69 years,67.0,2014,2018,2014-2018,2016.0,5,1949,1949.0,4236.781752039854,38854251.383000374,160681431.41440415,10.904293870640737,2.63675878086561e-05
United States of America,Male,Incidence,15-19 years,17.0,2019,2023,2019-2023,2021.0,5,2004,2004.0,28209.78957385669,55553859.17888658,268332961.64331287,50.77917176378254,0.00010512979620951352
United States of America,Male,Incidence,20-24 years,22.0,2019,2023,2019-2023,2021.0,5,1999,1999.0,47356.34413809716,54934749.26198387,273959426.83725816,86.20471518356207,0.00017285896924521072
United States of America,Male,Incidence,25-29 years,27.0,2019,2023,2019-2023,2021.0,5,1994,1994.0,34380.21111069667,57093760.670277625,277101727.00688314,60.21710727595253,0.0001240707211826315
United States of America,Male,Incidence,30-34 years,32.0,2019,2023,2019-2023,2021.0,5,1989,1989.0,22504.893078360717,58481815.92137335,271100185.4530171,38.48186436039831,8.301319691373253e-05
United States of America,Male,Incidence,35-39 years,37.0,2019,2023,2019-2023,2021.0,5,1984,1984.0,16337.980659655479,56407273.21347113,254516807.31366855,28.96431564387987,6.419214837753493e-05
United States of America,Male,Incidence,40-44 years,42.0,2019,2023,2019-2023,2021.0,5,1979,1979.0,12360.565870879263,52990681.13331396,233062453.83096397,23.32592374078482,5.303542319967231e-05
United States of America,Male,Incidence,45-49 years,47.0,2019,2023,2019-2023,2021.0,5,1974,1974.0,10823.90487019279,50182567.833179556,217660865.3415376,21.569053433404164,4.9728300276711227e-05
United States of America,Male,Incidence,50-54 years,52.0,2019,2023,2019-2023,2021.0,5,1969,1969.0,10305.550519730685,52023636.150708735,229583928.2999729,19.80936220966225,4.488794401263802e-05
United States of America,Male,Incidence,55-59 years,57.0,2019,2023,2019-2023,2021.0,5,1964,1964.0,9586.453922634264,53099897.06339666,243220761.12431785,18.05362053939365,3.9414620192452745e-05
United States of America,Male,Incidence,60-64 years,62.0,2019,2023,2019-2023,2021.0,5,1959,1959.0,7725.595672086934,51415872.297870815,235771905.75503862,15.025701844227699,3.2767244457503956e-05
United States of America,Male,Incidence,65-69 years,67.0,2019,2023,2019-2023,2021.0,5,1954,1954.0,4697.982839886553,43737459.2119652,204814134.56265646,10.741325455414957,2.293778625151162e-05
China,Male,Prevalence,15-19 years,17.0,1990,1993,1990-1993,1991.5,4,1974,1974.5,221145.59374697425,241712535.12990028,234378799.06432354,91.49115647979407,0.0009435392391710414
China,Male,Prevalence,20-24 years,22.0,1990,1993,1990-1993,1991.5,4,1970,1969.5,788534.726676954,268442810.07111,263045454.71601373,293.7440293029538,0.00299771280035332
China,Male,Prevalence,25-29 years,27.0,1990,1993,1990-1993,1991.5,4,1964,1964.5,1162591.396304985,249987631.97367328,245902600.72591007,465.05956599781706,0.0047278531942036755
China,Male,Prevalence,30-34 years,32.0,1990,1993,1990-1993,1991.5,4,1960,1959.5,1020940.0805552462,185752893.3085752,183374890.40345067,549.622707011754,0.005567502062627188
China,Male,Prevalence,35-39 years,37.0,1990,1993,1990-1993,1991.5,4,1954,1954.5,1139285.9826344405,195897576.5020448,194113257.78739166,581.5722700492665,0.005869181711855445
China,Male,Prevalence,40-44 years,42.0,1990,1993,1990-1993,1991.5,4,1950,1949.5,898015.249437332,153592178.89089733,152596053.70023727,584.6751155703234,0.00588491791014079
China,Male,Prevalence,45-49 years,47.0,1990,1993,1990-1993,1991.5,4,1944,1944.5,669408.9866795463,115430019.39908035,114983911.56710239,579.9262532956653,0.005821762171387709
China,Male,Prevalence,50-54 years,52.0,1990,1993,1990-1993,1991.5,4,1940,1939.5,584560.2477413196,101419531.68383501,101213038.00887194,576.3783741021662,0.005775542946256384
China,Male,Prevalence,55-59 years,57.0,1990,1993,1990-1993,1991.5,4,1934,1934.5,537694.3647531655,93654915.51174125,93565114.59461775,574.1229510647056,0.005746739766020613
China,Male,Prevalence,60-64 years,62.0,1990,1993,1990-1993,1991.5,4,1930,1929.5,428338.0138528414,76152827.02766913,76122389.15876158,562.4715858509237,0.0056269649256475065
China,Male,Prevalence,65-69 years,67.0,1990,1993,1990-1993,1991.5,4,1924,1924.5,289378.83891718823,56332316.116526656,56322714.738136515,513.6995225237879,0.005137870932937253
China,Male,Prevalence,15-19 years,17.0,1994,1998,1994-1998,1996.0,5,1979,1979.0,234138.4400906532,254993660.90356225,244140164.56536758,91.82127871767116,0.0009590328592899901
China,Male,Prevalence,20-24 years,22.0,1994,1998,1994-1998,1996.0,5,1974,1974.0,855661.2575871026,290754722.69428,283027594.3278889,294.28971940958115,0.0030232432269336066
China,Male,Prevalence,25-29 years,27.0,1994,1998,1994-1998,1996.0,5,1969,1969.0,1557179.5211057318,333919827.5521774,326959706.91250604,466.3333508886683,0.004762603734295709
China,Male,Prevalence,30-34 years,32.0,1994,1998,1994-1998,1996.0,5,1964,1964.0,1668868.7304208144,302902148.7729153,298147424.0494905,550.959686876292,0.005597461509993771
China,Male,Prevalence,35-39 years,37.0,1994,1998,1994-1998,1996.0,5,1959,1959.0,1329129.6885598372,227769928.9932878,225268546.53098387,583.5404587578396,0.005900200933631123
China,Male,Prevalence,40-44 years,42.0,1994,1998,1994-1998,1996.0,5,1954,1954.0,1359317.778378257,231879214.12065583,230090443.08929184,586.2180374955691,0.00590775418625598
China,Male,Prevalence,45-49 years,47.0,1994,1998,1994-1998,1996.0,5,1949,1949.0,1063198.363478472,182257794.7036729,181413861.1205083,583.3486382336032,0.005860623642050252
China,Male,Prevalence,50-54 years,52.0,1994,1998,1994-1998,1996.0,5,1944,1944.0,784412.6878157415,135653693.46065778,135325243.02243838,578.2464655437019,0.005796499383974337
China,Male,Prevalence,55-59 years,57.0,1994,1998,1994-1998,1996.0,5,1939,1939.0,681306.619641381,118650888.76750967,118518326.30434775,574.2111388447888,0.0057485339262370915
China,Male,Prevalence,60-64 years,62.0,1994,1998,1994-1998,1996.0,5,1934,1934.0,593429.4416273541,105433105.02274783,105383816.99865423,562.8492507161941,0.005631124953795631
China,Male,Prevalence,65-69 years,67.0,1994,1998,1994-1998,1996.0,5,1929,1929.0,413160.56187033636,80329617.68851462,80314593.28314462,514.331542660148,0.005144277583698417
China,Male,Prevalence,15-19 years,17.0,1999,2003,1999-2003,2001.0,5,1984,1984.0,260384.33058777536,283384216.50350267,267320284.6418399,91.88385076645825,0.0009740537682602073
China,Male,Prevalence,20-24 years,22.0,1999,2003,1999-2003,2001.0,5,1979,1979.0,697777.4960461821,239806950.9933473,231742073.93641305,290.9746749023717,0.0030110091110932364
China,Male,Prevalence,25-29 years,27.0,1999,2003,1999-2003,2001.0,5,1974,1974.0,1329670.2503545573,288125301.72059464,280794590.3570318,461.4902760757838,0.004735384142065823
China,Male,Prevalence,30-34 years,32.0,1999,2003,1999-2003,2001.0,5,1969,1969.0,1788807.9984592793,325868243.4285095,319761276.65778834,548.9359686107972,0.005594198325564227
China,Male,Prevalence,35-39 years,37.0,1999,2003,1999-2003,2001.0,5,1964,1964.0,1735089.4800890388,296902410.50685304,293074998.45369565,584.3972358213608,0.0059202916974959024
China,Male,Prevalence,40-44 years,42.0,1999,2003,1999-2003,2001.0,5,1959,1959.0,1280287.6522979015,217750667.0608636,215817447.67585987,587.9603812832627,0.005932271306538611
China,Male,Prevalence,45-49 years,47.0,1999,2003,1999-2003,2001.0,5,1954,1954.0,1305805.9710231167,223285870.12614623,222105901.98772427,584.8135263934957,0.005879204286499727
China,Male,Prevalence,50-54 years,52.0,1999,2003,1999-2003,2001.0,5,1949,1949.0,1016982.7826747326,174971754.72018334,174486165.86206147,581.2268296109289,0.005828443634200201
China,Male,Prevalence,55-59 years,57.0,1999,2003,1999-2003,2001.0,5,1944,1944.0,729969.0564513757,126964212.47214927,126800974.0594043,574.9407980705594,0.005756809534518217
China,Male,Prevalence,60-64 years,62.0,1999,2003,1999-2003,2001.0,5,1939,1939.0,614904.3593154642,109408451.51819628,109349350.72952029,562.0263798479922,0.005623301420750573
China,Male,Prevalence,65-69 years,67.0,1999,2003,1999-2003,2001.0,5,1934,1934.0,467774.9308127731,90955304.27081624,90937821.20964694,514.290985625192,0.00514389859566099
China,Male,Prevalence,15-19 years,17.0,2004,2008,2004-2008,2006.0,5,1989,1989.0,286452.15059919795,317689852.42261195,297078712.7193095,90.1672333613415,0.000964229809592073
China,Male,Prevalence,20-24 years,22.0,2004,2008,2004-2008,2006.0,5,1984,1984.0,798043.2262519321,272823739.1536723,261806606.28174546,292.5123850026928,0.0030482165350446157
China,Male,Prevalence,25-29 years,27.0,2004,2008,2004-2008,2006.0,5,1979,1979.0,1121479.6275349539,241363465.2510798,234607185.55156845,464.6434895887528,0.004780244155345549
China,Male,Prevalence,30-34 years,32.0,2004,2008,2004-2008,2006.0,5,1974,1974.0,1595583.6401286847,289965799.7368645,284151042.45987546,550.2661491722921,0.005615265832973302
China,Male,Prevalence,35-39 years,37.0,2004,2008,2004-2008,2006.0,5,1969,1969.0,1890990.6545605788,323323398.74567044,318955793.94715357,584.8604406289975,0.005928691970630541
China,Male,Prevalence,40-44 years,42.0,2004,2008,2004-2008,2006.0,5,1964,1964.0,1702526.0241136337,289194745.5289031,286562705.63417494,588.7126410266943,0.0059411988742424605
China,Male,Prevalence,45-49 years,47.0,2004,2008,2004-2008,2006.0,5,1959,1959.0,1243773.9401387367,212599269.6463132,211452580.26776463,585.0320851091907,0.005882046644045359
China,Male,Prevalence,50-54 years,52.0,2004,2008,2004-2008,2006.0,5,1954,1954.0,1263714.6198169482,217359476.5770889,216736718.79299545,581.3938456779262,0.005830643865306081
China,Male,Prevalence,55-59 years,57.0,2004,2008,2004-2008,2006.0,5,1949,1949.0,963409.7440320023,166710642.5257079,166479412.1724624,577.8933662759041,0.005786960270102163
China,Male,Prevalence,60-64 years,62.0,2004,2008,2004-2008,2006.0,5,1944,1944.0,676487.2447352374,120027488.32975717,119955078.84602235,563.6102647392672,0.005639504814994913
China,Male,Prevalence,65-69 years,67.0,2004,2008,2004-2008,2006.0,5,1939,1939.0,502470.3974261863,97370344.5066613,97348743.17520413,516.040484371308,0.0051615499187479125
China,Male,Prevalence,15-19 years,17.0,2009,2013,2009-2013,2011.0,5,1994,1994.0,219747.8792775307,247558661.53254542,232081068.44111502,88.76598294608304,0.0009468582713513594
China,Male,Prevalence,20-24 years,22.0,2009,2013,2009-2013,2011.0,5,1989,1989.0,898299.1128377989,309228856.3357061,297472113.9468926,290.49653498785517,0.003019775873842653
China,Male,Prevalence,25-29 years,27.0,2009,2013,2009-2013,2011.0,5,1984,1984.0,1264833.8927465933,272406270.67461216,265600150.31767723,464.31893422065554,0.004762173105827536
China,Male,Prevalence,30-34 years,32.0,2009,2013,2009-2013,2011.0,5,1979,1979.0,1356456.0797519344,246575671.99659044,242315225.36449534,550.1175638165516,0.005597898678102156
China,Male,Prevalence,35-39 years,37.0,2009,2013,2009-2013,2011.0,5,1974,1974.0,1692930.305501044,289469996.41621023,286147342.6409093,584.8379198053012,0.0059162887548654544
China,Male,Prevalence,40-44 years,42.0,2009,2013,2009-2013,2011.0,5,1969,1969.0,1872578.5578816095,316862251.16063696,314411733.9268645,590.9755898730532,0.005955816389210179
China,Male,Prevalence,45-49 years,47.0,2009,2013,2009-2013,2011.0,5,1964,1964.0,1681310.2457029282,285000338.76509804,283696232.28621936,589.932718321676,0.005926445452425553
China,Male,Prevalence,50-54 years,52.0,2009,2013,2009-2013,2011.0,5,1959,1959.0,1220084.6582379402,208242452.78746912,207743319.70884693,585.8962194817935,0.005873039190612211
China,Male,Prevalence,55-59 years,57.0,2009,2013,2009-2013,2011.0,5,1954,1954.0,1214745.6397265368,208903514.54332373,208663032.66844857,581.4864543480982,0.00582156611160102
China,Male,Prevalence,60-64 years,62.0,2009,2013,2009-2013,2011.0,5,1949,1949.0,906105.9332376613,159426484.97419474,159348568.87541068,568.3534535584388,0.005686313593102397
China,Male,Prevalence,65-69 years,67.0,2009,2013,2009-2013,2011.0,5,1944,1944.0,568514.0060123911,109774809.12811068,109756206.37738264,517.8911359790362,0.005179789141560055
China,Male,Prevalence,15-19 years,17.0,2014,2018,2014-2018,2016.0,5,1999,1999.0,179977.27740014685,200763628.173945,186745623.47559157,89.64635628332613,0.0009637563336185527
China,Male,Prevalence,20-24 years,22.0,2014,2018,2014-2018,2016.0,5,1994,1994.0,693698.6718505085,239283207.79312456,230060883.83797282,289.90695930917764,0.0030152829993431926
China,Male,Prevalence,25-29 years,27.0,2014,2018,2014-2018,2016.0,5,1989,1989.0,1405691.821786981,303369202.995999,295743992.0614786,463.36009321470914,0.004753069747887791
China,Male,Prevalence,30-34 years,32.0,2014,2018,2014-2018,2016.0,5,1984,1984.0,1529805.1034416936,276649224.65015876,271958329.4648835,552.9764651884469,0.005625145243581256
China,Male,Prevalence,35-39 years,37.0,2014,2018,2014-2018,2016.0,5,1979,1979.0,1433601.7826090474,243905524.5965785,241322488.37689027,587.7692950908902,0.005940605835168129
China,Male,Prevalence,40-44 years,42.0,2014,2018,2014-2018,2016.0,5,1974,1974.0,1675856.4963482758,282947069.3309315,281001859.9563761,592.2862181647884,0.005963862647060211
China,Male,Prevalence,45-49 years,47.0,2014,2018,2014-2018,2016.0,5,1969,1969.0,1844099.9277036209,312027150.49794203,310759289.7428051,591.0062392842266,0.005934174740938107
China,Male,Prevalence,50-54 years,52.0,2014,2018,2014-2018,2016.0,5,1964,1964.0,1638616.4568853718,278909731.1681959,278313226.4843873,587.507811226998,0.00588767008159885
China,Male,Prevalence,55-59 years,57.0,2014,2018,2014-2018,2016.0,5,1959,1959.0,1164306.427173227,200440475.99331886,200239734.19982454,580.8739085273556,0.0058145623885583805
China,Male,Prevalence,60-64 years,62.0,2014,2018,2014-2018,2016.0,5,1954,1954.0,1129545.286670175,199443664.88575548,199360215.55496728,566.3480398423267,0.005665851050199826
China,Male,Prevalence,65-69 years,67.0,2014,2018,2014-2018,2016.0,5,1949,1949.0,759363.1593056403,146590346.9039243,146568923.356768,518.0171650752208,0.005180928821161159
China,Male,Prevalence,15-19 years,17.0,2019,2023,2019-2023,2021.0,5,2004,2004.0,183172.74494576672,202729690.0422082,185279412.1735419,90.35319143813136,0.0009886297824293507
China,Male,Prevalence,20-24 years,22.0,2019,2023,2019-2023,2021.0,5,1999,1999.0,570620.284640052,195834593.82530725,186521456.74286887,291.3786954050976,0.0030592742229473718
China,Male,Prevalence,25-29 years,27.0,2019,2023,2019-2023,2021.0,5,1994,1994.0,1060758.296119847,231200621.01525068,224384997.00552604,458.80425902916426,0.004727402947059439
China,Male,Prevalence,30-34 years,32.0,2019,2023,2019-2023,2021.0,5,1989,1989.0,1684042.8868278451,306866871.6087443,300554016.83590734,548.7861488596925,0.005603128863678696
China,Male,Prevalence,35-39 years,37.0,2019,2023,2019-2023,2021.0,5,1984,1984.0,1603495.269240679,273162618.48998326,269529887.0937751,587.0112382523813,0.005949229922256411
China,Male,Prevalence,40-44 years,42.0,2019,2023,2019-2023,2021.0,5,1979,1979.0,1401466.6894879,237446260.77685875,235344231.59595266,590.2247880858124,0.005954965116349177
China,Male,Prevalence,45-49 years,47.0,2019,2023,2019-2023,2021.0,5,1974,1974.0,1637164.0630762463,278788688.2874956,277325866.0487128,587.2419261817221,0.005903394755066502
China,Male,Prevalence,50-54 years,52.0,2019,2023,2019-2023,2021.0,5,1969,1969.0,1783148.3737520028,304859538.84563327,304022711.13228345,584.9081778788973,0.005865181476446134
China,Male,Prevalence,55-59 years,57.0,2019,2023,2019-2023,2021.0,5,1964,1964.0,1565575.2756315786,269120071.2930009,268809278.37010604,581.7385779179136,0.005824111746157957
China,Male,Prevalence,60-64 years,62.0,2019,2023,2019-2023,2021.0,5,1959,1959.0,1085475.0310634498,190824057.6989419,190742162.0509328,568.8355253277211,0.005690797563538163
China,Male,Prevalence,65-69 years,67.0,2019,2023,2019-2023,2021.0,5,1954,1954.0,966439.6829840334,185002176.06270286,184973207.79059365,522.3936839837373,0.005224754949798622
United States of America,Male,Prevalence,15-19 years,17.0,1990,1993,1990-1993,1991.5,4,1974,1974.5,49753.05281726082,36552021.42424741,33804602.50635073,136.11573554248434,0.0014717834001424484
United States of America,Male,Prevalence,20-24 years,22.0,1990,1993,1990-1993,1991.5,4,1970,1969.5,202105.80579356974,40180281.040547624,38411333.55754343,502.9974917039933,0.005261619086741629
United States of America,Male,Prevalence,25-29 years,27.0,1990,1993,1990-1993,1991.5,4,1964,1964.5,331557.8064912091,42442264.52076627,41290890.76539071,781.1972575803148,0.008029805130024343
United States of America,Male,Prevalence,30-34 years,32.0,1990,1993,1990-1993,1991.5,4,1960,1959.5,391266.404130502,44934740.954085246,44145900.148532785,870.7436513994858,0.008863029246522363
United States of America,Male,Prevalence,35-39 years,37.0,1990,1993,1990-1993,1991.5,4,1954,1954.5,368753.6356890745,41929928.060758494,41448240.43667506,879.4521067499393,0.008896725935868356
United States of America,Male,Prevalence,40-44 years,42.0,1990,1993,1990-1993,1991.5,4,1950,1949.5,316042.6432117485,37366366.383379355,37063057.00504662,845.7944237048562,0.008527160702602463
United States of America,Male,Prevalence,45-49 years,47.0,1990,1993,1990-1993,1991.5,4,1944,1944.5,233078.38671767543,29474156.055333868,29328957.29818496,790.7890094634137,0.007947039655995532
United States of America,Male,Prevalence,50-54 years,52.0,1990,1993,1990-1993,1991.5,4,1940,1939.5,169239.53504264948,23396040.604591887,23335224.947328612,723.368273730185,0.007252534973399681
United States of America,Male,Prevalence,55-59 years,57.0,1990,1993,1990-1993,1991.5,4,1934,1934.5,131094.1565759863,20206272.33606164,20183246.736979537,648.7795195258541,0.006495196649199008
United States of America,Male,Prevalence,60-64 years,62.0,1990,1993,1990-1993,1991.5,4,1930,1929.5,110984.34602113426,19603629.948425837,19594894.49746178,566.1418130882759,0.005663942004664051
United States of America,Male,Prevalence,65-69 years,67.0,1990,1993,1990-1993,1991.5,4,1924,1924.5,83738.86077306862,18114493.081482135,18111897.146194182,462.2754851399743,0.0046234174198954365
United States of America,Male,Prevalence,15-19 years,17.0,1994,1998,1994-1998,1996.0,5,1979,1979.0,66472.30182260895,49022888.719095096,44990735.143634036,135.59442040125444,0.0014774664519349257
United States of America,Male,Prevalence,20-24 years,22.0,1994,1998,1994-1998,1996.0,5,1974,1974.0,239301.24937320317,47493085.19655285,45314724.22921317,503.8654540610307,0.005280871801464747
United States of America,Male,Prevalence,25-29 years,27.0,1994,1998,1994-1998,1996.0,5,1969,1969.0,397486.78896659054,50935015.214463785,49476454.45905925,780.3802301677099,0.008033857585642129
United States of America,Male,Prevalence,30-34 years,32.0,1994,1998,1994-1998,1996.0,5,1964,1964.0,475101.4629045079,54616439.276124336,53608092.91744438,869.8872888848307,0.00886249513923498
United States of America,Male,Prevalence,35-39 years,37.0,1994,1998,1994-1998,1996.0,5,1959,1959.0,494248.48907757044,56244448.00883138,55567971.49294597,878.7507150927406,0.008894485002755812
United States of America,Male,Prevalence,40-44 years,42.0,1994,1998,1994-1998,1996.0,5,1954,1954.0,435221.74701800453,51520416.70334905,51074502.541185215,844.7558751785353,0.008521311522653646
United States of America,Male,Prevalence,45-49 years,47.0,1994,1998,1994-1998,1996.0,5,1949,1949.0,355437.70777925616,45015490.831547625,44766900.25488371,789.5897639089151,0.007939743555071824
United States of America,Male,Prevalence,50-54 years,52.0,1994,1998,1994-1998,1996.0,5,1944,1944.0,255024.23787154467,35305845.72143575,35199428.33728984,722.3286474531557,0.007245124421562697
United States of America,Male,Prevalence,55-59 years,57.0,1994,1998,1994-1998,1996.0,5,1939,1939.0,179283.1758051392,27664820.946437903,27627867.89097794,648.0547123447894,0.006489215038692337
United States of America,Male,Prevalence,60-64 years,62.0,1994,1998,1994-1998,1996.0,5,1934,1934.0,134718.93665601953,23809576.484621692,23797237.511697423,565.8182821648794,0.005661116614472544
United States of America,Male,Prevalence,65-69 years,67.0,1994,1998,1994-1998,1996.0,5,1929,1929.0,103069.48063847946,22297519.562126905,22293894.391354397,462.24639629219786,0.0046232156136188545
United States of America,Male,Prevalence,15-19 years,17.0,1999,2003,1999-2003,2001.0,5,1984,1984.0,70978.794334126,52654713.03430563,47883594.38245207,134.80045801005858,0.001482319680665778
United States of America,Male,Prevalence,20-24 years,22.0,1999,2003,1999-2003,2001.0,5,1979,1979.0,253161.84400762102,50228623.78286192,47686841.0090727,504.01907307283267,0.00530884073364087
United States of America,Male,Prevalence,25-29 years,27.0,1999,2003,1999-2003,2001.0,5,1974,1974.0,378231.13129176,48326761.37330605,46748843.443735324,782.6535868399433,0.008090705639530547
United States of America,Male,Prevalence,30-34 years,32.0,1999,2003,1999-2003,2001.0,5,1969,1969.0,452166.2635457488,51845440.74891798,50717697.48423283,872.1427709247231,0.00891535471787375
United States of America,Male,Prevalence,35-39 years,37.0,1999,2003,1999-2003,2001.0,5,1964,1964.0,486930.4705416949,55347793.54359813,54550925.60719474,879.7649181048814,0.00892616330743751
United States of America,Male,Prevalence,40-44 years,42.0,1999,2003,1999-2003,2001.0,5,1959,1959.0,473780.9257820208,56113341.57811952,55522181.493216544,844.3284831334372,0.008533182829639092
United States of America,Male,Prevalence,45-49 years,47.0,1999,2003,1999-2003,2001.0,5,1954,1954.0,400827.5625520356,50841755.61904988,50492741.87370388,788.3826151783195,0.007938320393743217
United States of America,Male,Prevalence,50-54 years,52.0,1999,2003,1999-2003,2001.0,5,1949,1949.0,319286.86838248215,44278204.79499589,44111209.12997176,721.0926230201782,0.007238225264732991
United States of America,Male,Prevalence,55-59 years,57.0,1999,2003,1999-2003,2001.0,5,1944,1944.0,220888.193837824,34121176.93394233,34064780.18550229,647.363935498056,0.006484356940950769
United States of America,Male,Prevalence,60-64 years,62.0,1999,2003,1999-2003,2001.0,5,1939,1939.0,149288.14280860007,26381128.78592425,26364759.661205903,565.889898116313,0.005662412429583731
United States of America,Male,Prevalence,65-69 years,67.0,1999,2003,1999-2003,2001.0,5,1934,1934.0,101323.9856882419,21907304.725252997,21903480.885163054,462.51233074529557,0.004625930746782653
United States of America,Male,Prevalence,15-19 years,17.0,2004,2008,2004-2008,2006.0,5,1989,1989.0,75368.43017326653,56113645.256659076,50822237.54039042,134.3139085485138,0.0014829813447975071
United States of America,Male,Prevalence,20-24 years,22.0,2004,2008,2004-2008,2006.0,5,1984,1984.0,274339.472026783,53813369.93508142,50869326.96016216,509.79797837923286,0.005393023427293021
United States of America,Male,Prevalence,25-29 years,27.0,2004,2008,2004-2008,2006.0,5,1979,1979.0,404826.1299158422,51226983.626320854,49318700.92418888,790.2595492814438,0.00820836969201861
United States of America,Male,Prevalence,30-34 years,32.0,2004,2008,2004-2008,2006.0,5,1974,1974.0,431688.4730312201,49250577.303565815,47967350.76586378,876.5145439218337,0.008999631335454812
United States of America,Male,Prevalence,35-39 years,37.0,2004,2008,2004-2008,2006.0,5,1969,1969.0,463507.96655505546,52574390.82784565,51632951.224940605,881.6230854158784,0.008976979923842977
United States of America,Male,Prevalence,40-44 years,42.0,2004,2008,2004-2008,2006.0,5,1964,1964.0,466979.7646127918,55250237.958183385,54517877.59733836,845.2086033841691,0.008565626271474487
United States of America,Male,Prevalence,45-49 years,47.0,2004,2008,2004-2008,2006.0,5,1959,1959.0,438087.7406039721,55552109.651408345,55073544.3812703,788.6068474320592,0.007954594997030176
United States of America,Male,Prevalence,50-54 years,52.0,2004,2008,2004-2008,2006.0,5,1954,1954.0,361042.8659362552,50117162.30634003,49885583.74712218,720.397662839306,0.007237418885713313
United States of America,Male,Prevalence,55-59 years,57.0,2004,2008,2004-2008,2006.0,5,1949,1949.0,277182.3103278593,42939125.77863084,42856061.98560139,645.5238789835875,0.0064677503598204135
United States of America,Male,Prevalence,60-64 years,62.0,2004,2008,2004-2008,2006.0,5,1944,1944.0,184371.91128108528,32742033.636965282,32718903.297484294,563.1046419576458,0.005635027238069479
United States of America,Male,Prevalence,65-69 years,67.0,2004,2008,2004-2008,2006.0,5,1939,1939.0,113034.60224575267,24586450.29601199,24581896.491165653,459.743480188709,0.004598286478277847
United States of America,Male,Prevalence,15-19 years,17.0,2009,2013,2009-2013,2011.0,5,1994,1994.0,76081.24082934488,56005123.04651144,50535424.9409104,135.8469309426577,0.0015055031380126805
United States of America,Male,Prevalence,20-24 years,22.0,2009,2013,2009-2013,2011.0,5,1989,1989.0,281823.7799961531,56473757.5818291,53141120.82156852,499.03493598384574,0.005303308918576075
United States of America,Male,Prevalence,25-29 years,27.0,2009,2013,2009-2013,2011.0,5,1984,1984.0,416523.8926727698,54103552.336647674,51885531.86968568,769.8642227427873,0.008027746419153997
United States of America,Male,Prevalence,30-34 years,32.0,2009,2013,2009-2013,2011.0,5,1979,1979.0,443279.28020100144,51701501.284407325,50163385.227810584,857.3818345477914,0.008836709846991095
United States of America,Male,Prevalence,35-39 years,37.0,2009,2013,2009-2013,2011.0,5,1974,1974.0,433607.77248803846,49829135.711672485,48784084.69864594,870.1892302468046,0.008888303945160905
United States of America,Male,Prevalence,40-44 years,42.0,2009,2013,2009-2013,2011.0,5,1969,1969.0,442648.60338569235,52489673.223067656,51684235.441997066,843.3060756628247,0.008564480050835953
United States of America,Male,Prevalence,45-49 years,47.0,2009,2013,2009-2013,2011.0,5,1964,1964.0,435589.37682160374,54923259.91949446,54388209.01438188,793.0872593143287,0.008008893558278796
United States of America,Male,Prevalence,50-54 years,52.0,2009,2013,2009-2013,2011.0,5,1959,1959.0,400005.0492159118,54977348.12864883,54696471.15012337,727.5815637376444,0.0073131783605935525
United States of America,Male,Prevalence,55-59 years,57.0,2009,2013,2009-2013,2011.0,5,1954,1954.0,318621.21603703836,48816761.40144159,48718454.38467913,652.6881482711987,0.006540051815298099
United States of America,Male,Prevalence,60-64 years,62.0,2009,2013,2009-2013,2011.0,5,1949,1949.0,235148.26807755066,41374384.68452799,41345136.62149069,568.3426348706151,0.0056874468750775274
United States of America,Male,Prevalence,65-69 years,67.0,2009,2013,2009-2013,2011.0,5,1944,1944.0,142631.77664293058,30785697.805934053,30780425.73779586,463.30532295239317,0.0046338467784021046
United States of America,Male,Prevalence,15-19 years,17.0,2014,2018,2014-2018,2016.0,5,1999,1999.0,72266.98585652262,54844255.72735096,49849204.372159585,131.76764803917814,0.0014497119215183141
United States of America,Male,Prevalence,20-24 years,22.0,2014,2018,2014-2018,2016.0,5,1994,1994.0,267385.0080579516,56625027.780793674,53352990.607101515,472.20287307063256,0.005011621748197963
United States of America,Male,Prevalence,25-29 years,27.0,2014,2018,2014-2018,2016.0,5,1989,1989.0,423900.5521112349,57445326.44634672,55174513.78701269,737.9199986045047,0.007682905077289783
United States of America,Male,Prevalence,30-34 years,32.0,2014,2018,2014-2018,2016.0,5,1984,1984.0,462365.92416827264,55343081.92368018,53778771.3749972,835.4538780581274,0.008597554617680157
United States of America,Male,Prevalence,35-39 years,37.0,2014,2018,2014-2018,2016.0,5,1979,1979.0,452059.64578590647,52824660.07938416,51791147.22131112,855.7738849744751,0.008728511918343684
United States of America,Male,Prevalence,40-44 years,42.0,2014,2018,2014-2018,2016.0,5,1974,1974.0,417814.2466449186,50152091.876089476,49447788.24392441,833.094355619722,0.008449604350023784
United States of America,Male,Prevalence,45-49 years,47.0,2014,2018,2014-2018,2016.0,5,1969,1969.0,413408.9363018908,52581978.48581703,52123355.93032668,786.2179176338902,0.007931356853816067
United States of America,Male,Prevalence,50-54 years,52.0,2014,2018,2014-2018,2016.0,5,1964,1964.0,394497.8768786354,54492651.8773559,54250449.46336737,723.9469236448862,0.007271790017979854
United States of America,Male,Prevalence,55-59 years,57.0,2014,2018,2014-2018,2016.0,5,1959,1959.0,350157.0039665063,53723993.71465832,53633693.670645505,651.7702422241325,0.006528675912510428
United States of America,Male,Prevalence,60-64 years,62.0,2014,2018,2014-2018,2016.0,5,1954,1954.0,267545.4236850302,46966970.62292885,46940335.70074603,569.6459025066798,0.005699691314324752
United States of America,Male,Prevalence,65-69 years,67.0,2014,2018,2014-2018,2016.0,5,1949,1949.0,180918.97993066683,38854251.38298799,38849311.323480174,465.6349652637515,0.004656941751791647
United States of America,Male,Prevalence,15-19 years,17.0,2019,2023,2019-2023,2021.0,5,2004,2004.0,71746.23351210353,55553859.17888354,50754075.95324552,129.1471638020331,0.001413605354143299
United States of America,Male,Prevalence,20-24 years,22.0,2019,2023,2019-2023,2021.0,5,1999,1999.0,256393.05667756766,54934749.26198198,51970623.14537467,466.72290330267595,0.004933422790801891
United States of America,Male,Prevalence,25-29 years,27.0,2019,2023,2019-2023,2021.0,5,1994,1994.0,419836.8758322357,57093760.67027397,54978986.68798949,735.3463336508239,0.007636315274685696
United States of America,Male,Prevalence,30-34 years,32.0,2019,2023,2019-2023,2021.0,5,1989,1989.0,488153.2176839426,58481815.921366684,56928287.53357908,834.7094049546996,0.00857487970977532
United States of America,Male,Prevalence,35-39 years,37.0,2019,2023,2019-2023,2021.0,5,1984,1984.0,482276.92980282847,56407273.21346163,55362974.93240948,854.9906817472836,0.008711181622584802
United States of America,Male,Prevalence,40-44 years,42.0,2019,2023,2019-2023,2021.0,5,1979,1979.0,440340.18692881084,52990681.1333003,52276915.51010564,830.9766500662946,0.008423224335867497
United States of America,Male,Prevalence,45-49 years,47.0,2019,2023,2019-2023,2021.0,5,1974,1974.0,392921.9247957812,50182567.8331719,49756927.734991334,782.9848924870087,0.007896828495692282
United States of America,Male,Prevalence,50-54 years,52.0,2019,2023,2019-2023,2021.0,5,1969,1969.0,374697.5066104651,52023636.150697716,51797793.80579412,720.2447470704907,0.007233850692856176
United States of America,Male,Prevalence,55-59 years,57.0,2019,2023,2019-2023,2021.0,5,1964,1964.0,344133.2225995633,53099897.06338806,53011691.275815085,648.0864213140638,0.006491647678416238
United States of America,Male,Prevalence,60-64 years,62.0,2019,2023,2019-2023,2021.0,5,1959,1959.0,291199.0252116293,51415872.29785153,51386358.95580532,566.3601767265891,0.005666854611397436
United States of America,Male,Prevalence,65-69 years,67.0,2019,2023,2019-2023,2021.0,5,1954,1954.0,202452.49800075826,43737459.211943015,43731387.12485535,462.88125018811405,0.004629455210801936
