location_name,sex_name,age_name,year,official_population,reconstructed_population,absolute_difference,relative_difference_pct,key_match_status,reconstruction_available,comparison_status
China,Female,0-4 years,1990,52461127.55254273,,,,both,False,unavailable_zero_burden_number_and_rate
China,Female,0-4 years,1991,52200344.06133984,,,,both,False,unavailable_zero_burden_number_and_rate
China,Female,0-4 years,1992,51183616.21082702,,,,both,False,unavailable_zero_burden_number_and_rate
China,Female,0-4 years,1993,49478593.32621365,,,,both,False,unavailable_zero_burden_number_and_rate
China,Female,0-4 years,1994,47221554.37669416,,,,both,False,unavailable_zero_burden_number_and_rate
China,Female,0-4 years,1995,44711044.29671888,,,,both,False,unavailable_zero_burden_number_and_rate
China,Female,0-4 years,1996,42354267.769897126,,,,both,False,unavailable_zero_burden_number_and_rate
China,Female,0-4 years,1997,40222452.49646425,,,,both,False,unavailable_zero_burden_number_and_rate
China,Female,0-4 years,1998,38279976.11310377,,,,both,False,unavailable_zero_burden_number_and_rate
China,Female,0-4 years,1999,36527056.85831928,,,,both,False,unavailable_zero_burden_number_and_rate
China,Female,0-4 years,2000,35014083.839477785,,,,both,False,unavailable_zero_burden_number_and_rate
China,Female,0-4 years,2001,33804428.30705339,,,,both,False,unavailable_zero_burden_number_and_rate
China,Female,0-4 years,2002,32932552.621482216,,,,both,False,unavailable_zero_burden_number_and_rate
China,Female,0-4 years,2003,32372714.849269062,,,,both,False,unavailable_zero_burden_number_and_rate
China,Female,0-4 years,2004,32114876.051067848,,,,both,False,unavailable_zero_burden_number_and_rate
China,Female,0-4 years,2005,32146531.870909102,,,,both,False,unavailable_zero_burden_number_and_rate
China,Female,0-4 years,2006,32433025.71269765,,,,both,False,unavailable_zero_burden_number_and_rate
China,Female,0-4 years,2007,32955617.97461657,,,,both,False,unavailable_zero_burden_number_and_rate
China,Female,0-4 years,2008,33644828.338959865,,,,both,False,unavailable_zero_burden_number_and_rate
China,Female,0-4 years,2009,34297408.930364646,,,,both,False,unavailable_zero_burden_number_and_rate
China,Female,0-4 years,2010,34533036.87799521,,,,both,False,unavailable_zero_burden_number_and_rate
China,Female,0-4 years,2011,34305659.96387167,,,,both,False,unavailable_zero_burden_number_and_rate
China,Female,0-4 years,2012,34184168.41189848,,,,both,False,unavailable_zero_burden_number_and_rate
China,Female,0-4 years,2013,34383277.2276166,,,,both,False,unavailable_zero_burden_number_and_rate
China,Female,0-4 years,2014,34837825.24922483,,,,both,False,unavailable_zero_burden_number_and_rate
China,Female,0-4 years,2015,36089868.844988,,,,both,False,unavailable_zero_burden_number_and_rate
China,Female,0-4 years,2016,38271314.67562626,,,,both,False,unavailable_zero_burden_number_and_rate
China,Female,0-4 years,2017,40184793.08609793,,,,both,False,unavailable_zero_burden_number_and_rate
China,Female,0-4 years,2018,41024920.41189677,,,,both,False,unavailable_zero_burden_number_and_rate
China,Female,0-4 years,2019,40825259.80430589,,,,both,False,unavailable_zero_burden_number_and_rate
China,Female,0-4 years,2020,39243979.28573937,,,,both,False,unavailable_zero_burden_number_and_rate
China,Female,0-4 years,2021,36189723.53312266,,,,both,False,unavailable_zero_burden_number_and_rate
China,Female,0-4 years,2022,32480397.21186644,,,,both,False,unavailable_zero_burden_number_and_rate
China,Female,0-4 years,2023,28964938.721970893,,,,both,False,unavailable_zero_burden_number_and_rate
China,Female,10-14 years,1990,49615252.54402213,49615252.54402215,-2.2351741790771484e-08,-4.50501421330859e-14,both,True,compared
China,Female,10-14 years,1991,48812228.04131706,48812228.04131703,2.9802322387695312e-08,6.105503391992098e-14,both,True,compared
China,Female,10-14 years,1992,48422613.18582109,48422613.18582109,0.0,0.0,both,True,compared
China,Female,10-14 years,1993,48632883.1117711,48632883.111784756,-1.3656914234161377e-05,-2.8081646327186097e-11,both,True,compared
China,Female,10-14 years,1994,49596146.64730512,49596146.64731873,-1.360476016998291e-05,-2.7431083037016837e-11,both,True,compared
China,Female,10-14 years,1995,51319000.32992108,51319000.32992609,-5.0067901611328125e-06,-9.756211401128266e-12,both,True,compared
China,Female,10-14 years,1996,53716658.63093126,53716658.630931236,2.2351741790771484e-08,4.1610447039051026e-14,both,True,compared
China,Female,10-14 years,1997,56356878.33658736,56356878.33658738,-1.4901161193847656e-08,-2.6440714307935145e-14,both,True,compared
China,Female,10-14 years,1998,58636256.34024044,58636256.34024545,-5.0067901611328125e-06,-8.538727527352033e-12,both,True,compared
China,Female,10-14 years,1999,60023933.99402695,60023933.99402696,-7.450580596923828e-09,-1.2412682910229182e-14,both,True,compared
China,Female,10-14 years,2000,60128276.96905329,60128276.96907148,-1.8186867237091064e-05,-3.024677930892889e-11,both,True,compared
China,Female,10-14 years,2001,58654990.40836264,58654990.408401385,-3.8743019104003906e-05,-6.605238332539252e-11,both,True,compared
China,Female,10-14 years,2002,56043156.56011753,56043156.56013432,-1.679360866546631e-05,-2.9965493909058805e-11,both,True,compared
China,Female,10-14 years,2003,52697546.0661912,52697546.06619944,-8.240342140197754e-06,-1.5637050973583103e-11,both,True,compared
China,Female,10-14 years,2004,49008994.46800115,49008994.468022875,-2.1725893020629883e-05,-4.433041986775531e-11,both,True,compared
China,Female,10-14 years,2005,45459039.46805554,45459039.468061134,-5.595386028289795e-06,-1.2308632328718079e-11,both,True,compared
China,Female,10-14 years,2006,42531581.68093956,42531581.68093954,2.2351741790771484e-08,5.2553281367357116e-14,both,True,compared
China,Female,10-14 years,2007,40129147.395937055,40129147.395949185,-1.2129545211791992e-05,-3.0226271921790366e-11,both,True,compared
China,Female,10-14 years,2008,38084366.32031177,38084366.32031908,-7.309019565582275e-06,-1.9191653352215842e-11,both,True,compared
China,Female,10-14 years,2009,36325267.86560389,36325267.86560203,1.8551945686340332e-06,5.107173814926503e-12,both,True,compared
China,Female,10-14 years,2010,34873986.385123186,34873986.38513478,-1.1593103408813477e-05,-3.3242839751061414e-11,both,True,compared
China,Female,10-14 years,2011,33798593.39609835,33798593.396098375,-2.2351741790771484e-08,-6.613216570530929e-14,both,True,compared
China,Female,10-14 years,2012,33131290.27916713,33131290.279173896,-6.765127182006836e-06,-2.0419147956518707e-11,both,True,compared
China,Female,10-14 years,2013,32850115.839517124,32850115.839518327,-1.2032687664031982e-06,-3.66290570262076e-12,both,True,compared
China,Female,10-14 years,2014,32957535.03611697,32957535.03611861,-1.642853021621704e-06,-4.984756960195479e-12,both,True,compared
China,Female,10-14 years,2015,33465306.83141481,33465306.831405934,8.877366781234741e-06,2.6527074220342457e-11,both,True,compared
China,Female,10-14 years,2016,34373235.65754344,34373235.65754347,-2.9802322387695312e-08,-8.670211522887281e-14,both,True,compared
China,Female,10-14 years,2017,35648291.9288734,35648291.92887442,-1.0207295417785645e-06,-2.863333659338171e-12,both,True,compared
China,Female,10-14 years,2018,37192852.832206696,37192852.832218714,-1.2017786502838135e-05,-3.23120857575934e-11,both,True,compared
China,Female,10-14 years,2019,38739002.13431386,38739002.134318665,-4.805624485015869e-06,-1.2405132347895945e-11,both,True,compared
China,Female,10-14 years,2020,39784409.17280064,39784409.17280066,-2.2351741790771484e-08,-5.6182163454252516e-14,both,True,compared
China,Female,10-14 years,2021,40233513.16264083,40233513.162660964,-2.0131468772888184e-05,-5.003656700698319e-11,both,True,compared
China,Female,10-14 years,2022,40764631.80850288,40764631.80850706,-4.179775714874268e-06,-1.025343669117215e-11,both,True,compared
China,Female,10-14 years,2023,41596846.72882047,41596846.72883876,-1.8283724784851074e-05,-4.395459325089455e-11,both,True,compared
China,Female,15-19 years,1990,61796263.46389763,61796263.463905096,-7.465481758117676e-06,-1.2080797995948623e-11,both,True,compared
China,Female,15-19 years,1991,59125902.55618452,59125902.556185916,-1.3932585716247559e-06,-2.3564267290479138e-12,both,True,compared
China,Female,15-19 years,1992,56107741.03579132,56107741.03579797,-6.645917892456055e-06,-1.1844921520216972e-11,both,True,compared
China,Female,15-19 years,1993,53152124.367117,53152124.36711938,-2.376735210418701e-06,-4.471571435231454e-12,both,True,compared
China,Female,15-19 years,1994,50737055.656792365,50737055.65679291,-5.438923835754395e-07,-1.0719825510856708e-12,both,True,compared
China,Female,15-19 years,1995,49044530.444281206,49044530.44428134,-1.341104507446289e-07,-2.73446293663653e-13,both,True,compared
China,Female,15-19 years,1996,47944575.83325842,47944575.833263375,-4.954636096954346e-06,-1.0334091001629825e-11,both,True,compared
China,Female,15-19 years,1997,47341073.7378678,47341073.73786806,-2.60770320892334e-07,-5.508331355901325e-13,both,True,compared
China,Female,15-19 years,1998,47460112.42585307,47460112.42585332,-2.4586915969848633e-07,-5.180543136778441e-13,both,True,compared
China,Female,15-19 years,1999,48512200.55639835,48512200.55639986,-1.5124678611755371e-06,-3.117706151913687e-12,both,True,compared
China,Female,15-19 years,2000,50578077.71018504,50578077.71018779,-2.7492642402648926e-06,-5.4356835307547995e-12,both,True,compared
China,Female,15-19 years,2001,53648147.67386405,53648147.673864186,-1.341104507446289e-07,-2.499815120550079e-13,both,True,compared
China,Female,15-19 years,2002,57115473.84062361,57115473.84062495,-1.341104507446289e-06,-2.3480580957597224e-12,both,True,compared
China,Female,15-19 years,2003,60235739.03710267,60235739.03710525,-2.5779008865356445e-06,-4.279686657364271e-12,both,True,compared
China,Female,15-19 years,2004,62357017.0636348,62357017.06363554,-7.450580596923828e-07,-1.1948263319460222e-12,both,True,compared
China,Female,15-19 years,2005,62996041.29626277,62996041.29626925,-6.4820051193237305e-06,-1.0289543574396434e-11,both,True,compared
China,Female,15-19 years,2006,61835224.16756448,61835224.16756496,-4.76837158203125e-07,-7.711416342746095e-13,both,True,compared
China,Female,15-19 years,2007,59316291.059122935,59316291.05912433,-1.3932585716247559e-06,-2.3488632663091478e-12,both,True,compared
China,Female,15-19 years,2008,55877808.87527084,55877808.8752759,-5.058944225311279e-06,-9.053583752010995e-12,both,True,compared
China,Female,15-19 years,2009,51957905.84768889,51957905.84768964,-7.525086402893066e-07,-1.4483044072161707e-12,both,True,compared
China,Female,15-19 years,2010,48088420.78582845,48088420.7858345,-6.0498714447021484e-06,-1.2580723895356182e-11,both,True,compared
China,Female,15-19 years,2011,44792437.21222485,44792437.21222988,-5.029141902923584e-06,-1.1227658542212612e-11,both,True,compared
China,Female,15-19 years,2012,42050174.39648879,42050174.39648932,-5.289912223815918e-07,-1.2580000677137805e-12,both,True,compared
China,Female,15-19 years,2013,39723738.87166687,39723738.871668324,-1.4528632164001465e-06,-3.657418102293507e-12,both,True,compared
China,Female,15-19 years,2014,37737124.48957519,37737124.48957983,-4.634261131286621e-06,-1.2280376933772012e-11,both,True,compared
China,Female,15-19 years,2015,36086983.05741903,36086983.05742227,-3.2410025596618652e-06,-8.981084826362495e-12,both,True,compared
China,Female,15-19 years,2016,34802584.958787285,34802584.95879157,-4.284083843231201e-06,-1.2309671388790089e-11,both,True,compared
China,Female,15-19 years,2017,33930977.1881182,33930977.1881183,-1.043081283569336e-07,-3.074126859908407e-13,both,True,compared
China,Female,15-19 years,2018,33463613.97965532,33463613.97965564,-3.166496753692627e-07,-9.462506815963582e-13,both,True,compared
China,Female,15-19 years,2019,33415818.95523676,33415818.95523803,-1.2703239917755127e-06,-3.80156474236713e-12,both,True,compared
China,Female,15-19 years,2020,33812915.869695,33812915.86969586,-8.568167686462402e-07,-2.5339925487294833e-12,both,True,compared
China,Female,15-19 years,2021,34669430.31894208,34669430.31894552,-3.4421682357788086e-06,-9.928539938823676e-12,both,True,compared
China,Female,15-19 years,2022,35927424.813267976,35927424.813268125,-1.4901161193847656e-07,-4.147572855916093e-13,both,True,compared
China,Female,15-19 years,2023,37469550.0653185,37469550.06531914,-6.407499313354492e-07,-1.7100550452793451e-12,both,True,compared
China,Female,20-24 years,1990,64663632.69488488,64663632.69488547,-5.885958671569824e-07,-9.102425005014332e-13,both,True,compared
China,Female,20-24 years,1991,63880680.52762535,63880680.52762581,-4.544854164123535e-07,-7.114598853025841e-13,both,True,compared
China,Female,20-24 years,1992,62701919.482300095,62701919.482301116,-1.0207295417785645e-06,-1.627907965507663e-12,both,True,compared
China,Female,20-24 years,1993,61437341.124604926,61437341.12460577,-8.419156074523926e-07,-1.370364654526391e-12,both,True,compared
China,Female,20-24 years,1994,59946444.18608745,59946444.18608753,-7.450580596923828e-08,-1.2428728172425915e-13,both,True,compared
China,Female,20-24 years,1995,58053509.869393125,58053509.86939453,-1.4081597328186035e-06,-2.425623766739746e-12,both,True,compared
China,Female,20-24 years,1996,55698481.760468975,55698481.76047118,-2.205371856689453e-06,-3.959482892502606e-12,both,True,compared
China,Female,20-24 years,1997,53041790.2261743,53041790.22617584,-1.5348196029663086e-06,-2.893604451172781e-12,both,True,compared
China,Female,20-24 years,1998,50439997.308288366,50439997.3082885,-1.341104507446289e-07,-2.658811615808546e-13,both,True,compared
China,Female,20-24 years,1999,48336616.62858994,48336616.628590085,-1.4156103134155273e-07,-2.9286499803923554e-13,both,True,compared
China,Female,20-24 years,2000,46914858.73918246,46914858.73918373,-1.2740492820739746e-06,-2.7156626201453554e-12,both,True,compared
China,Female,20-24 years,2001,46070421.8661352,46070421.866136335,-1.1324882507324219e-06,-2.4581677459412963e-12,both,True,compared
China,Female,20-24 years,2002,45749129.95248079,45749129.95248229,-1.4975666999816895e-06,-3.273432088298069e-12,both,True,compared
China,Female,20-24 years,2003,46194080.7323988,46194080.732400194,-1.3932585716247559e-06,-3.0160976244897466e-12,both,True,compared
China,Female,20-24 years,2004,47623767.30351996,47623767.30352123,-1.2740492820739746e-06,-2.675238340457386e-12,both,True,compared
China,Female,20-24 years,2005,50110163.70838622,50110163.708387315,-1.0952353477478027e-06,-2.185655098078454e-12,both,True,compared
China,Female,20-24 years,2006,53596369.39210381,53596369.392104745,-9.313225746154785e-07,-1.73765981759333e-12,both,True,compared
China,Female,20-24 years,2007,57439156.500631765,57439156.50063361,-1.8477439880371094e-06,-3.216871731075623e-12,both,True,compared
China,Female,20-24 years,2008,60847078.617345065,60847078.61734717,-2.1085143089294434e-06,-3.4652679419326968e-12,both,True,compared
China,Female,20-24 years,2009,63122668.68878199,63122668.688784175,-2.1830201148986816e-06,-3.458377410596778e-12,both,True,compared
China,Female,20-24 years,2010,63750070.81096262,63750070.810964815,-2.1979212760925293e-06,-3.4477158191870894e-12,both,True,compared
China,Female,20-24 years,2011,62406184.103576615,62406184.10357724,-6.258487701416016e-07,-1.0028633846653235e-12,both,True,compared
China,Female,20-24 years,2012,59549375.538554974,59549375.53855748,-2.5033950805664062e-06,-4.203898123071995e-12,both,True,compared
China,Female,20-24 years,2013,55695793.59057623,55695793.59057747,-1.2367963790893555e-06,-2.220627985267854e-12,both,True,compared
China,Female,20-24 years,2014,51381084.380895525,51381084.380895585,-5.960464477539063e-08,-1.1600503471965021e-13,both,True,compared
China,Female,20-24 years,2015,47230493.27191102,47230493.27191259,-1.5720725059509277e-06,-3.3285117241955056e-12,both,True,compared
China,Female,20-24 years,2016,43836190.79419833,43836190.79419901,-6.854534149169922e-07,-1.5636701148032032e-12,both,True,compared
China,Female,20-24 years,2017,41113514.33254403,41113514.332544215,-1.862645149230957e-07,-4.5304936332250047e-13,both,True,compared
China,Female,20-24 years,2018,38874362.758463785,38874362.75846408,-2.980232238769531e-07,-7.666317920853045e-13,both,True,compared
China,Female,20-24 years,2019,37000427.2752604,37000427.27526092,-5.21540641784668e-07,-1.4095530246305717e-12,both,True,compared
China,Female,20-24 years,2020,35451003.18540883,35451003.18540931,-4.76837158203125e-07,-1.3450597031324207e-12,both,True,compared
China,Female,20-24 years,2021,34224560.90659681,34224560.906596825,-1.4901161193847656e-08,-4.35393787359751e-14,both,True,compared
China,Female,20-24 years,2022,33387627.22082588,33387627.22082626,-3.7997961044311523e-07,-1.1380850993990341e-12,both,True,compared
China,Female,20-24 years,2023,32946413.46019108,32946413.46019219,-1.1101365089416504e-06,-3.3695215726076544e-12,both,True,compared
China,Female,25-29 years,1990,53595033.36545199,53595033.365452364,-3.725290298461914e-07,-6.950812537161851e-13,both,True,compared
China,Female,25-29 years,1991,57955566.76128512,57955566.76128665,-1.5348196029663086e-06,-2.648269508411715e-12,both,True,compared
China,Female,25-29 years,1992,61187479.08531326,61187479.08531378,-5.21540641784668e-07,-8.523649765951096e-13,both,True,compared
China,Female,25-29 years,1993,62771621.02135831,62771621.02135949,-1.1771917343139648e-06,-1.875356594524491e-12,both,True,compared
China,Female,25-29 years,1994,63172481.60802408,63172481.60802426,-1.7881393432617188e-07,-2.83056688251834e-13,both,True,compared
China,Female,25-29 years,1995,62800091.56900154,62800091.56900243,-8.866190910339355e-07,-1.411811780656026e-12,both,True,compared
China,Female,25-29 years,1996,61922645.6789158,61922645.67891598,-1.7881393432617188e-07,-2.887698553019945e-13,both,True,compared
China,Female,25-29 years,1997,60972040.95658138,60972040.95658154,-1.6391277313232422e-07,-2.6883268226013244e-13,both,True,compared
China,Female,25-29 years,1998,60111470.56840804,60111470.5684082,-1.564621925354004e-07,-2.6028674902794685e-13,both,True,compared
China,Female,25-29 years,1999,59083653.7303177,59083653.730317846,-1.4901161193847656e-07,-2.5220446355370534e-13,both,True,compared
China,Female,25-29 years,2000,57613619.09880542,57613619.09880631,-8.866190910339355e-07,-1.5389053923403313e-12,both,True,compared
China,Female,25-29 years,2001,55562570.695671454,55562570.69567207,-6.183981895446777e-07,-1.1129762028682619e-12,both,True,compared
China,Female,25-29 years,2002,53117323.579879045,53117323.5798792,-1.564621925354004e-07,-2.945596313792222e-13,both,True,compared
China,Female,25-29 years,2003,50661917.838994734,50661917.83899492,-1.862645149230957e-07,-3.6766179187106686e-13,both,True,compared
China,Female,25-29 years,2004,48668201.34711057,48668201.34711161,-1.043081283569336e-06,-2.1432501195799045e-12,both,True,compared
China,Female,25-29 years,2005,47336706.61193898,47336706.611939475,-4.917383193969727e-07,-1.0388097410920204e-12,both,True,compared
China,Female,25-29 years,2006,46558493.99877244,46558493.99877349,-1.0505318641662598e-06,-2.2563699422794003e-12,both,True,compared
China,Female,25-29 years,2007,46274721.104574,46274721.10457413,-1.2665987014770508e-07,-2.7371287632716913e-13,both,True,compared
China,Female,25-29 years,2008,46722952.64972331,46722952.64972378,-4.76837158203125e-07,-1.0205629806359185e-12,both,True,compared
China,Female,25-29 years,2009,48126586.27388559,48126586.27388634,-7.450580596923828e-07,-1.5481215631050598e-12,both,True,compared
China,Female,25-29 years,2010,50562088.737520695,50562088.73752168,-9.834766387939453e-07,-1.945087047134062e-12,both,True,compared
China,Female,25-29 years,2011,53963867.0656132,53963867.065613896,-6.92903995513916e-07,-1.2840147179805199e-12,both,True,compared
China,Female,25-29 years,2012,57626222.25170095,57626222.25170239,-1.4379620552062988e-06,-2.495325910703533e-12,both,True,compared
China,Female,25-29 years,2013,60706767.59796779,60706767.59796877,-9.834766387939453e-07,-1.6200444822017967e-12,both,True,compared
China,Female,25-29 years,2014,62486393.52459196,62486393.5245923,-3.427267074584961e-07,-5.48482138473256e-13,both,True,compared
China,Female,25-29 years,2015,62476429.67089198,62476429.67089265,-6.705522537231445e-07,-1.0732883701188155e-12,both,True,compared
China,Female,25-29 years,2016,60437996.97267774,60437996.972677976,-2.384185791015625e-07,-3.944845809654225e-13,both,True,compared
China,Female,25-29 years,2017,56979362.76986209,56979362.76986328,-1.1846423149108887e-06,-2.0790725928186015e-12,both,True,compared
China,Female,25-29 years,2018,52712314.37482986,52712314.37483007,-2.086162567138672e-07,-3.957637967295959e-13,both,True,compared
China,Female,25-29 years,2019,48210372.48594154,48210372.48594216,-6.258487701416016e-07,-1.2981620715004912e-12,both,True,compared
China,Female,25-29 years,2020,44085147.16580513,44085147.16580572,-5.885958671569824e-07,-1.335134177829239e-12,both,True,compared
China,Female,25-29 years,2021,40883258.12197836,40883258.12197943,-1.0728836059570312e-06,-2.6242615076225094e-12,both,True,compared
China,Female,25-29 years,2022,38411810.15398013,38411810.15398088,-7.525086402893066e-07,-1.9590553979954357e-12,both,True,compared
China,Female,25-29 years,2023,36427218.196314655,36427218.19631502,-3.650784492492676e-07,-1.002213364967305e-12,both,True,compared
China,Female,30-34 years,1990,42338691.99452968,42338691.99453054,-8.642673492431641e-07,-2.0413180202988572e-12,both,True,compared
China,Female,30-34 years,1991,41427170.00215993,41427170.002160445,-5.140900611877441e-07,-1.2409490224916171e-12,both,True,compared
China,Female,30-34 years,1992,42292965.597810976,42292965.59781158,-6.034970283508301e-07,-1.4269442206768926e-12,both,True,compared
China,Female,30-34 years,1993,45367493.24272523,45367493.24272581,-5.811452865600586e-07,-1.2809728839343497e-12,both,True,compared
China,Female,30-34 years,1994,49638863.690028206,49638863.69002869,-4.842877388000488e-07,-9.756221291127901e-13,both,True,compared
China,Female,30-34 years,1995,54156956.48150437,54156956.4815044,-2.9802322387695312e-08,-5.5029536967930187e-14,both,True,compared
China,Female,30-34 years,1996,58185270.54355341,58185270.5435536,-1.862645149230957e-07,-3.201231397277274e-13,both,True,compared
China,Female,30-34 years,1997,61121250.86068615,61121250.86068643,-2.7567148208618164e-07,-4.510239535419857e-13,both,True,compared
China,Female,30-34 years,1998,62485074.54062116,62485074.54062216,-9.98377799987793e-07,-1.5977860430313702e-12,both,True,compared
China,Female,30-34 years,1999,62768411.3591821,62768411.35918268,-5.811452865600586e-07,-9.258562929600822e-13,both,True,compared
China,Female,30-34 years,2000,62403849.50833257,62403849.50833302,-4.470348358154297e-07,-7.163577877607353e-13,both,True,compared
China,Female,30-34 years,2001,61684283.048167534,61684283.048167825,-2.905726432800293e-07,-4.710643115574988e-13,both,True,compared
China,Female,30-34 years,2002,60961206.00839295,60961206.00839385,-8.940696716308594e-07,-1.4666207087631543e-12,both,True,compared
China,Female,30-34 years,2003,60335390.16301983,60335390.163020745,-9.164214134216309e-07,-1.5188787392367188e-12,both,True,compared
China,Female,30-34 years,2004,59507782.06283043,59507782.062831156,-7.227063179016113e-07,-1.2144736248757386e-12,both,True,compared
China,Female,30-34 years,2005,58184344.31977634,58184344.31977744,-1.0952353477478027e-06,-1.882354025901675e-12,both,True,compared
China,Female,30-34 years,2006,56231549.91548672,56231549.91548692,-1.9371509552001953e-07,-3.444953870401294e-13,both,True,compared
China,Female,30-34 years,2007,53836893.43708326,53836893.43708344,-1.7881393432617188e-07,-3.321401420294498e-13,both,True,compared
China,Female,30-34 years,2008,51386285.36530628,51386285.365307026,-7.450580596923828e-07,-1.4499161680898862e-12,both,True,compared
China,Female,30-34 years,2009,49357613.94706977,49357613.94707075,-9.760260581970215e-07,-1.9774579444697115e-12,both,True,compared
China,Female,30-34 years,2010,47951620.65350256,47951620.65350313,-5.662441253662109e-07,-1.1808654590798495e-12,both,True,compared
China,Female,30-34 years,2011,47052272.57158702,47052272.571587555,-5.364418029785156e-07,-1.1400975418612433e-12,both,True,compared
China,Female,30-34 years,2012,46612727.60973903,46612727.609739974,-9.462237358093262e-07,-2.0299686037073424e-12,both,True,compared
China,Female,30-34 years,2013,46880006.620920576,46880006.62092118,-6.034970283508301e-07,-1.2873228308835493e-12,both,True,compared
China,Female,30-34 years,2014,48073688.7710492,48073688.7710496,-3.948807716369629e-07,-8.214072639975297e-13,both,True,compared
China,Female,30-34 years,2015,50257112.15690687,50257112.15690778,-9.08970832824707e-07,-1.8086411928859435e-12,both,True,compared
China,Female,30-34 years,2016,53352155.19878414,53352155.19878451,-3.650784492492676e-07,-6.842806028904104e-13,both,True,compared
China,Female,30-34 years,2017,56665929.26134058,56665929.261341386,-8.046627044677734e-07,-1.420011486543717e-12,both,True,compared
China,Female,30-34 years,2018,59394534.58820212,59394534.58820328,-1.1622905731201172e-06,-1.9568981913547812e-12,both,True,compared
China,Female,30-34 years,2019,60870948.98587,60870948.9858713,-1.296401023864746e-06,-2.129753265659913e-12,both,True,compared
China,Female,30-34 years,2020,60654564.70128921,60654564.70128958,-3.725290298461914e-07,-6.141813591125704e-13,both,True,compared
China,Female,30-34 years,2021,58534842.42888198,58534842.428882815,-8.344650268554688e-07,-1.4255868679740923e-12,both,True,compared
China,Female,30-34 years,2022,55121181.58569907,55121181.58570001,-9.462237358093262e-07,-1.7166245508329588e-12,both,True,compared
China,Female,30-34 years,2023,50991728.29390306,50991728.293903716,-6.556510925292969e-07,-1.2857989216413581e-12,both,True,compared
China,Female,35-39 years,1990,44223891.49821104,44223891.49821165,-6.109476089477539e-07,-1.3814876715959475e-12,both,True,compared
China,Female,35-39 years,1991,45779072.15871346,45779072.15871393,-4.6938657760620117e-07,-1.0253300372250106e-12,both,True,compared
China,Female,35-39 years,1992,46232752.05157811,46232752.05157889,-7.748603820800781e-07,-1.675998827012568e-12,both,True,compared
China,Female,35-39 years,1993,45125553.110161096,45125553.110161126,-2.9802322387695312e-08,-6.604311821938557e-14,both,True,compared
China,Female,35-39 years,1994,43092175.68284717,43092175.68284803,-8.568167686462402e-07,-1.988334900869941e-12,both,True,compared
China,Female,35-39 years,1995,41110939.53246413,41110939.53246452,-3.8743019104003906e-07,-9.42401695135419e-13,both,True,compared
China,Female,35-39 years,1996,40263706.30509436,40263706.30509442,-5.960464477539063e-08,-1.4803566349243202e-13,both,True,compared
China,Female,35-39 years,1997,41244398.50420824,41244398.50420829,-5.21540641784668e-08,-1.2645126628079065e-13,both,True,compared
China,Female,35-39 years,1998,44430543.51514617,44430543.515146926,-7.525086402893066e-07,-1.6936741726618308e-12,both,True,compared
China,Female,35-39 years,1999,48801431.45460813,48801431.454608925,-7.972121238708496e-07,-1.633583483329508e-12,both,True,compared
China,Female,35-39 years,2000,53405574.76601229,53405574.76601291,-6.183981895446777e-07,-1.1579281605976292e-12,both,True,compared
China,Female,35-39 years,2001,57498962.3996653,57498962.39966573,-4.246830940246582e-07,-7.385926220246545e-13,both,True,compared
China,Female,35-39 years,2002,60513128.7362955,60513128.736296676,-1.1771917343139648e-06,-1.9453493132770223e-12,both,True,compared
China,Female,35-39 years,2003,61985326.89593688,61985326.895937905,-1.0281801223754883e-06,-1.658747600220989e-12,both,True,compared
China,Female,35-39 years,2004,62392911.30263374,62392911.30263456,-8.195638656616211e-07,-1.3135528516795232e-12,both,True,compared
China,Female,35-39 years,2005,62149244.22741645,62149244.227416605,-1.564621925354004e-07,-2.517523655844858e-13,both,True,compared
China,Female,35-39 years,2006,61521519.08099456,61521519.080995336,-7.748603820800781e-07,-1.2594948786293065e-12,both,True,compared
China,Female,35-39 years,2007,60856364.57345105,60856364.57345198,-9.313225746154785e-07,-1.5303618300948813e-12,both,True,compared
China,Female,35-39 years,2008,60246557.28878892,60246557.28878911,-1.862645149230957e-07,-3.091703879945303e-13,both,True,compared
China,Female,35-39 years,2009,59387397.08466391,59387397.08466418,-2.682209014892578e-07,-4.5164616510616975e-13,both,True,compared
China,Female,35-39 years,2010,57983764.987345256,57983764.987346254,-9.98377799987793e-07,-1.7218229968434876e-12,both,True,compared
China,Female,35-39 years,2011,55906995.29995212,55906995.29995216,-3.725290298461914e-08,-6.663370618426178e-14,both,True,compared
China,Female,35-39 years,2012,53363328.05105548,53363328.05105574,-2.5331974029541016e-07,-4.74707537080607e-13,both,True,compared
China,Female,35-39 years,2013,50753278.301536985,50753278.30153732,-3.3527612686157227e-07,-6.605999416818341e-13,both,True,compared
China,Female,35-39 years,2014,48556913.54746235,48556913.547462836,-4.842877388000488e-07,-9.97361041752948e-13,both,True,compared
China,Female,35-39 years,2015,46976109.70396678,46976109.703966826,-4.470348358154297e-08,-9.516216618032994e-14,both,True,compared
China,Female,35-39 years,2016,45906857.56850865,45906857.56850867,-2.2351741790771484e-08,-4.86893309075122e-14,both,True,compared
China,Female,35-39 years,2017,45308325.53119096,45308325.531191364,-4.023313522338867e-07,-8.879854806307409e-13,both,True,compared
China,Female,35-39 years,2018,45425704.19898406,45425704.19898454,-4.842877388000488e-07,-1.066109479951397e-12,both,True,compared
China,Female,35-39 years,2019,46473650.28885172,46473650.28885227,-5.438923835754395e-07,-1.1703242163999122e-12,both,True,compared
China,Female,35-39 years,2020,48516962.35283031,48516962.35283083,-5.140900611877441e-07,-1.059608920791707e-12,both,True,compared
China,Female,35-39 years,2021,51489841.34539145,51489841.34539174,-2.905726432800293e-07,-5.643300419802841e-13,both,True,compared
China,Female,35-39 years,2022,54714848.68512505,54714848.68512599,-9.387731552124023e-07,-1.7157557368291144e-12,both,True,compared
China,Female,35-39 years,2023,57409404.70681107,57409404.70681191,-8.419156074523926e-07,-1.466511648661125e-12,both,True,compared
China,Female,40-44 years,1990,32004837.54023612,32004837.540236115,3.725290298461914e-09,1.1639772561815136e-14,both,True,compared
China,Female,40-44 years,1991,34160267.86593939,34160267.8659394,-7.450580596923828e-09,-2.1810662100670094e-14,both,True,compared
China,Female,40-44 years,1992,36210655.676330976,36210655.67633134,-3.650784492492676e-07,-1.0082072319057741e-12,both,True,compared
China,Female,40-44 years,1993,39039038.5996353,39039038.59963533,-2.9802322387695312e-08,-7.633979589849254e-14,both,True,compared
China,Female,40-44 years,1994,40686061.31358655,40686061.31358683,-2.8312206268310547e-07,-6.958699209071898e-13,both,True,compared
China,Female,40-44 years,1995,43228604.61730891,43228604.61730892,-1.4901161193847656e-08,-3.447060418850802e-14,both,True,compared
China,Female,40-44 years,1996,44383187.47535616,44383187.47535673,-5.662441253662109e-07,-1.2758077046192749e-12,both,True,compared
China,Female,40-44 years,1997,44553115.13537394,44553115.13537474,-7.972121238708496e-07,-1.7893521506824675e-12,both,True,compared
China,Female,40-44 years,1998,43317768.07985795,43317768.07985808,-1.2665987014770508e-07,-2.9239703650982846e-13,both,True,compared
China,Female,40-44 years,1999,41296974.17766103,41296974.17766151,-4.76837158203125e-07,-1.1546539854270068e-12,both,True,compared
China,Female,40-44 years,2000,39430204.25475972,39430204.2547601,-3.7997961044311523e-07,-9.636764952777208e-13,both,True,compared
China,Female,40-44 years,2001,38757745.6074568,38757745.60745742,-6.183981895446777e-07,-1.5955473669905633e-12,both,True,compared
China,Female,40-44 years,2002,39906467.78048724,39906467.78048803,-7.897615432739258e-07,-1.9790314382574583e-12,both,True,compared
China,Female,40-44 years,2003,43222514.90655787,43222514.90655851,-6.407499313354492e-07,-1.4824448154409274e-12,both,True,compared
China,Female,40-44 years,2004,47704052.11307461,47704052.11307461,0.0,0.0,both,True,compared
China,Female,40-44 years,2005,52411791.07496949,52411791.07497018,-6.854534149169922e-07,-1.3078229170541491e-12,both,True,compared
China,Female,40-44 years,2006,56605241.132428095,56605241.13242886,-7.674098014831543e-07,-1.3557221665884212e-12,both,True,compared
China,Female,40-44 years,2007,59713272.63182162,59713272.63182243,-8.121132850646973e-07,-1.3600213977083487e-12,both,True,compared
China,Female,40-44 years,2008,61263864.16269055,61263864.162690766,-2.1606683731079102e-07,-3.5268235241742207e-13,both,True,compared
China,Female,40-44 years,2009,61718599.34423364,61718599.34423386,-2.2351741790771484e-07,-3.62155687722356e-13,both,True,compared
China,Female,40-44 years,2010,61485557.29078957,61485557.29079002,-4.544854164123535e-07,-7.391742653692019e-13,both,True,compared
China,Female,40-44 years,2011,60832068.348953314,60832068.34895387,-5.587935447692871e-07,-9.185838324021112e-13,both,True,compared
China,Female,40-44 years,2012,60111476.5545085,60111476.55450966,-1.1622905731201172e-06,-1.933558514514551e-12,both,True,compared
China,Female,40-44 years,2013,59424092.83862354,59424092.83862445,-9.08970832824707e-07,-1.52963350285073e-12,both,True,compared
China,Female,40-44 years,2014,58475124.79303696,58475124.79303806,-1.1026859283447266e-06,-1.8857350578515244e-12,both,True,compared
China,Female,40-44 years,2015,56980778.091632105,56980778.091633305,-1.1995434761047363e-06,-2.1051721585404165e-12,both,True,compared
China,Female,40-44 years,2016,54822855.25429985,54822855.25429992,-6.705522537231445e-08,-1.223125374650296e-13,both,True,compared
China,Female,40-44 years,2017,52214304.19675446,52214304.19675525,-7.897615432739258e-07,-1.5125386719660927e-12,both,True,compared
China,Female,40-44 years,2018,49555880.35145758,49555880.35145853,-9.462237358093262e-07,-1.9094075800864974e-12,both,True,compared
China,Female,40-44 years,2019,47324860.414628,47324860.4146285,-4.991888999938965e-07,-1.054813253795881e-12,both,True,compared
China,Female,40-44 years,2020,45726257.519194216,45726257.51919476,-5.438923835754395e-07,-1.1894530912509805e-12,both,True,compared
China,Female,40-44 years,2021,44665118.263804905,44665118.26380518,-2.7567148208618164e-07,-6.171963554601768e-13,both,True,compared
China,Female,40-44 years,2022,44090053.54374548,44090053.54374557,-8.940696716308594e-08,-2.0278262323809088e-13,both,True,compared
China,Female,40-44 years,2023,44229497.46264204,44229497.46264264,-6.034970283508301e-07,-1.36446729665099e-12,both,True,compared
China,Female,45-49 years,1990,24444640.92084195,24444640.92084221,-2.60770320892334e-07,-1.0667791019584845e-12,both,True,compared
China,Female,45-49 years,1991,25437732.529112257,25437732.529112298,-4.0978193283081055e-08,-1.6109216195344254e-13,both,True,compared
China,Female,45-49 years,1992,26687141.398563582,26687141.398564074,-4.917383193969727e-07,-1.8426039419247806e-12,both,True,compared
China,Female,45-49 years,1993,27629556.303498343,27629556.30349839,-4.842877388000488e-08,-1.7527886929502747e-13,both,True,compared
China,Female,45-49 years,1994,30088310.971730866,30088310.971731123,-2.5704503059387207e-07,-8.543019607693361e-13,both,True,compared
China,Female,45-49 years,1995,31538340.57262905,31538340.57262948,-4.3213367462158203e-07,-1.3701851992701695e-12,both,True,compared
China,Female,45-49 years,1996,33492846.72135854,33492846.72135865,-1.0803341865539551e-07,-3.225566926399902e-13,both,True,compared
China,Female,45-49 years,1997,35343382.10297705,35343382.10297752,-4.6938657760620117e-07,-1.3280748747773737e-12,both,True,compared
China,Female,45-49 years,1998,37968931.1558571,37968931.15585766,-5.587935447692871e-07,-1.4717126022734707e-12,both,True,compared
China,Female,45-49 years,1999,39468136.8692454,39468136.86924603,-6.258487701416016e-07,-1.5857063945404507e-12,both,True,compared
China,Female,45-49 years,2000,41901021.63403114,41901021.63403115,-7.450580596923828e-09,-1.778138170949183e-14,both,True,compared
China,Female,45-49 years,2001,43063400.45182395,43063400.45182421,-2.60770320892334e-07,-6.055497665217217e-13,both,True,compared
China,Female,45-49 years,2002,43345107.09171787,43345107.09171862,-7.525086402893066e-07,-1.7360867022360908e-12,both,True,compared
China,Female,45-49 years,2003,42305099.85286216,42305099.85286294,-7.82310962677002e-07,-1.8492119517455166e-12,both,True,compared
China,Female,45-49 years,2004,40503897.30607412,40503897.3060748,-6.780028343200684e-07,-1.6739199914433727e-12,both,True,compared
China,Female,45-49 years,2005,38829624.72946028,38829624.72946048,-2.0116567611694336e-07,-5.180726765157679e-13,both,True,compared
China,Female,45-49 years,2006,38292172.66394588,38292172.66394659,-7.078051567077637e-07,-1.8484330020119227e-12,both,True,compared
China,Female,45-49 years,2007,39533699.13478445,39533699.13478473,-2.7567148208618164e-07,-6.973075834525867e-13,both,True,compared
China,Female,45-49 years,2008,42915865.51029567,42915865.5102959,-2.3096799850463867e-07,-5.381879073351757e-13,both,True,compared
China,Female,45-49 years,2009,47450759.59653136,47450759.59653163,-2.682209014892578e-07,-5.65261554862158e-13,both,True,compared
China,Female,45-49 years,2010,52193760.38083431,52193760.3808348,-4.917383193969727e-07,-9.421400485594065e-13,both,True,compared
China,Female,45-49 years,2011,56387189.91081268,56387189.91081371,-1.0281801223754883e-06,-1.823428555318602e-12,both,True,compared
China,Female,45-49 years,2012,59459853.88409191,59459853.88409216,-2.4586915969848633e-07,-4.1350448014516056e-13,both,True,compared
China,Female,45-49 years,2013,60948242.94050746,60948242.94050779,-3.3527612686157227e-07,-5.500997414951578e-13,both,True,compared
China,Female,45-49 years,2014,61327537.33541258,61327537.3354132,-6.258487701416016e-07,-1.020502040900011e-12,both,True,compared
China,Female,45-49 years,2015,61022254.59390877,61022254.59390944,-6.705522537231445e-07,-1.0988650914089281e-12,both,True,compared
China,Female,45-49 years,2016,60317284.109697655,60317284.10969864,-9.834766387939453e-07,-1.6305055065233359e-12,both,True,compared
China,Female,45-49 years,2017,59560812.79597857,59560812.79597906,-4.917383193969727e-07,-8.256071338069011e-13,both,True,compared
China,Female,45-49 years,2018,58851242.176645495,58851242.17664568,-1.862645149230957e-07,-3.165005665709004e-13,both,True,compared
China,Female,45-49 years,2019,57895641.06755574,57895641.06755597,-2.3096799850463867e-07,-3.989384938930598e-13,both,True,compared
China,Female,45-49 years,2020,56409349.19307348,56409349.19307401,-5.289912223815918e-07,-9.377722486586439e-13,both,True,compared
China,Female,45-49 years,2021,54268721.94846206,54268721.94846303,-9.685754776000977e-07,-1.7847766500193881e-12,both,True,compared
China,Female,45-49 years,2022,51683935.01442212,51683935.014422715,-5.960464477539062e-07,-1.1532528387932977e-12,both,True,compared
China,Female,45-49 years,2023,49050894.90580981,49050894.90581073,-9.164214134216309e-07,-1.8683072249372677e-12,both,True,compared
China,Female,5-9 years,1990,50174805.52702639,,,,both,False,unavailable_zero_burden_number_and_rate
China,Female,5-9 years,1991,51956455.05302961,,,,both,False,unavailable_zero_burden_number_and_rate
China,Female,5-9 years,1992,53795006.7000105,,,,both,False,unavailable_zero_burden_number_and_rate
China,Female,5-9 years,1993,55229673.19290267,,,,both,False,unavailable_zero_burden_number_and_rate
China,Female,5-9 years,1994,55892142.88115495,,,,both,False,unavailable_zero_burden_number_and_rate
China,Female,5-9 years,1995,55568245.12916047,,,,both,False,unavailable_zero_burden_number_and_rate
China,Female,5-9 years,1996,54109257.3151094,,,,both,False,unavailable_zero_burden_number_and_rate
China,Female,5-9 years,1997,51756785.83665705,,,,both,False,unavailable_zero_burden_number_and_rate
China,Female,5-9 years,1998,48781250.26556366,,,,both,False,unavailable_zero_burden_number_and_rate
China,Female,5-9 years,1999,45496996.81866865,,,,both,False,unavailable_zero_burden_number_and_rate
China,Female,5-9 years,2000,42352628.31075632,,,,both,False,unavailable_zero_burden_number_and_rate
China,Female,5-9 years,2001,39850323.49749202,,,,both,False,unavailable_zero_burden_number_and_rate
China,Female,5-9 years,2002,37848732.47941596,,,,both,False,unavailable_zero_burden_number_and_rate
China,Female,5-9 years,2003,36168516.81556741,,,,both,False,unavailable_zero_burden_number_and_rate
China,Female,5-9 years,2004,34725872.193649344,,,,both,False,unavailable_zero_burden_number_and_rate
China,Female,5-9 years,2005,33531393.442466248,,,,both,False,unavailable_zero_burden_number_and_rate
China,Female,5-9 years,2006,32645973.07334913,,,,both,False,unavailable_zero_burden_number_and_rate
China,Female,5-9 years,2007,32112962.046153218,,,,both,False,unavailable_zero_burden_number_and_rate
China,Female,5-9 years,2008,31916690.88359524,,,,both,False,unavailable_zero_burden_number_and_rate
China,Female,5-9 years,2009,32060646.93316056,,,,both,False,unavailable_zero_burden_number_and_rate
China,Female,5-9 years,2010,32549377.0704072,,,,both,False,unavailable_zero_burden_number_and_rate
China,Female,5-9 years,2011,33365604.82924767,,,,both,False,unavailable_zero_burden_number_and_rate
China,Female,5-9 years,2012,34489005.1111343,,,,both,False,unavailable_zero_burden_number_and_rate
China,Female,5-9 years,2013,35840928.3866201,,,,both,False,unavailable_zero_burden_number_and_rate
China,Female,5-9 years,2014,37185071.55211868,,,,both,False,unavailable_zero_burden_number_and_rate
China,Female,5-9 years,2015,38069113.74112862,,,,both,False,unavailable_zero_burden_number_and_rate
China,Female,5-9 years,2016,38414774.7760708,,,,both,False,unavailable_zero_burden_number_and_rate
China,Female,5-9 years,2017,38857478.759887375,,,,both,False,unavailable_zero_burden_number_and_rate
China,Female,5-9 years,2018,39620422.465912215,,,,both,False,unavailable_zero_burden_number_and_rate
China,Female,5-9 years,2019,40563350.78317258,,,,both,False,unavailable_zero_burden_number_and_rate
China,Female,5-9 years,2020,42242401.12745892,,,,both,False,unavailable_zero_burden_number_and_rate
China,Female,5-9 years,2021,44746280.81973754,,,,both,False,unavailable_zero_burden_number_and_rate
China,Female,5-9 years,2022,46760451.90139989,,,,both,False,unavailable_zero_burden_number_and_rate
China,Female,5-9 years,2023,47419567.407920666,,,,both,False,unavailable_zero_burden_number_and_rate
China,Female,50-54 years,1990,22514565.14298387,22514565.142984226,-3.5762786865234375e-07,-1.5884289409151213e-12,both,True,compared
China,Female,50-54 years,1991,22513799.46563334,22513799.465633705,-3.650784492492676e-07,-1.6215763572317024e-12,both,True,compared
China,Female,50-54 years,1992,22600325.06328338,22600325.063283402,-2.2351741790771484e-08,-9.890008983580618e-14,both,True,compared
China,Female,50-54 years,1993,22845280.649072982,22845280.64907317,-1.862645149230957e-07,-8.153303861060423e-13,both,True,compared
China,Female,50-54 years,1994,23273120.00255756,23273120.002557617,-5.587935447692871e-08,-2.4010254951114395e-13,both,True,compared
China,Female,50-54 years,1995,23732237.49110121,23732237.491101682,-4.731118679046631e-07,-1.9935409296408065e-12,both,True,compared
China,Female,50-54 years,1996,24662030.57790919,24662030.577909257,-6.705522537231445e-08,-2.7189661111027336e-13,both,True,compared
China,Female,50-54 years,1997,25874144.06251486,25874144.06251497,-1.0803341865539551e-07,-4.175342704839802e-13,both,True,compared
China,Female,50-54 years,1998,26810271.227557857,26810271.22755825,-3.948807716369629e-07,-1.4728712301540282e-12,both,True,compared
China,Female,50-54 years,1999,29250965.411997404,29250965.411997702,-2.980232238769531e-07,-1.0188491890073402e-12,both,True,compared
China,Female,50-54 years,2000,30721527.408449847,30721527.408450212,-3.650784492492676e-07,-1.1883473252988523e-12,both,True,compared
China,Female,50-54 years,2001,32704709.430364992,32704709.43036513,-1.3783574104309082e-07,-4.2145532996271157e-13,both,True,compared
China,Female,50-54 years,2002,34608732.82927312,34608732.829273604,-4.842877388000488e-07,-1.399322365222293e-12,both,True,compared
China,Female,50-54 years,2003,37288457.60904653,37288457.60904691,-3.7997961044311523e-07,-1.0190274278089974e-12,both,True,compared
China,Female,50-54 years,2004,38899707.41385272,38899707.413852885,-1.6391277313232422e-07,-4.213727660942576e-13,both,True,compared
China,Female,50-54 years,2005,41427748.76110363,41427748.76110417,-5.364418029785156e-07,-1.2948852376023362e-12,both,True,compared
China,Female,50-54 years,2006,42695317.57540205,42695317.57540259,-5.364418029785156e-07,-1.2564417679553097e-12,both,True,compared
China,Female,50-54 years,2007,43066606.42105442,43066606.42105504,-6.183981895446777e-07,-1.4359111175343385e-12,both,True,compared
China,Female,50-54 years,2008,42098948.572445735,42098948.57244585,-1.1175870895385742e-07,-2.654667461861621e-13,both,True,compared
China,Female,50-54 years,2009,40350241.5591772,40350241.55917796,-7.599592208862305e-07,-1.8834068682629396e-12,both,True,compared
China,Female,50-54 years,2010,38709790.48280417,38709790.48280489,-7.152557373046875e-07,-1.8477385911515625e-12,both,True,compared
China,Female,50-54 years,2011,38187899.75859446,38187899.7585949,-4.3958425521850586e-07,-1.1511087490994429e-12,both,True,compared
China,Female,50-54 years,2012,39431161.31720931,39431161.31720991,-5.960464477539062e-07,-1.5116127140129858e-12,both,True,compared
China,Female,50-54 years,2013,42795903.69014816,42795903.69014871,-5.513429641723633e-07,-1.2883077973167916e-12,both,True,compared
China,Female,50-54 years,2014,47288549.76072033,47288549.76072111,-7.82310962677002e-07,-1.6543348583018278e-12,both,True,compared
China,Female,50-54 years,2015,51963397.4147462,51963397.4147465,-2.980232238769531e-07,-5.735252864593875e-13,both,True,compared
China,Female,50-54 years,2016,56068991.23346053,56068991.233461305,-7.748603820800781e-07,-1.3819766773646917e-12,both,True,compared
China,Female,50-54 years,2017,59047571.87763488,59047571.877634995,-1.1175870895385742e-07,-1.8926893248964846e-13,both,True,compared
China,Female,50-54 years,2018,60455697.58094282,60455697.58094392,-1.1026859283447266e-06,-1.823957000691894e-12,both,True,compared
China,Female,50-54 years,2019,60778274.49904395,60778274.49904453,-5.811452865600586e-07,-9.561727300586662e-13,both,True,compared
China,Female,50-54 years,2020,60444471.30611511,60444471.30611531,-1.9371509552001953e-07,-3.204843906053349e-13,both,True,compared
China,Female,50-54 years,2021,59740158.77048802,59740158.77048892,-9.015202522277832e-07,-1.5090690597112028e-12,both,True,compared
China,Female,50-54 years,2022,58995761.50951007,58995761.50951014,-6.705522537231445e-08,-1.1366108963862634e-13,both,True,compared
China,Female,50-54 years,2023,58299142.27256193,58299142.272562474,-5.438923835754395e-07,-9.329337660451627e-13,both,True,compared
China,Female,55-59 years,1990,20700566.22271888,20700566.222719,-1.1920928955078125e-07,-5.758745353542504e-13,both,True,compared
China,Female,55-59 years,1991,21193797.354772616,21193797.35477288,-2.644956111907959e-07,-1.2479859402413051e-12,both,True,compared
China,Female,55-59 years,1992,21548684.258013025,21548684.258013178,-1.5273690223693848e-07,-7.087992028104557e-13,both,True,compared
China,Female,55-59 years,1993,21671278.948601022,21671278.948601227,-2.0489096641540527e-07,-9.454493521187955e-13,both,True,compared
China,Female,55-59 years,1994,21494746.92362282,21494746.923623033,-2.123415470123291e-07,-9.878764693850144e-13,both,True,compared
China,Female,55-59 years,1995,21437802.95821004,21437802.958210032,7.450580596923828e-09,3.47544037579209e-14,both,True,compared
China,Female,55-59 years,1996,21373741.320772663,21373741.320772808,-1.4528632164001465e-07,-6.797421165512755e-13,both,True,compared
China,Female,55-59 years,1997,21409108.751390457,21409108.751390845,-3.8743019104003906e-07,-1.8096511888421166e-12,both,True,compared
China,Female,55-59 years,1998,21614851.116370272,21614851.116370443,-1.7136335372924805e-07,-7.928037662931849e-13,both,True,compared
China,Female,55-59 years,1999,22019778.624288533,22019778.624288905,-3.725290298461914e-07,-1.691792802291299e-12,both,True,compared
China,Female,55-59 years,2000,22487074.511615835,22487074.51161605,-2.1606683731079102e-07,-9.608490299579893e-13,both,True,compared
China,Female,55-59 years,2001,23442426.386920266,23442426.38692048,-2.123415470123291e-07,-9.058002081678941e-13,both,True,compared
China,Female,55-59 years,2002,24694264.28697379,24694264.286973845,-5.587935447692871e-08,-2.2628475109665463e-13,both,True,compared
China,Female,55-59 years,2003,25693940.61814988,25693940.618149895,-1.4901161193847656e-08,-5.799484561477371e-14,both,True,compared
China,Female,55-59 years,2004,28156750.70782056,28156750.707820896,-3.3527612686157227e-07,-1.1907486426281746e-12,both,True,compared
China,Female,55-59 years,2005,29678727.87579011,29678727.87579016,-4.842877388000488e-08,-1.6317671728615357e-13,both,True,compared
China,Female,55-59 years,2006,31700028.626181006,31700028.626181148,-1.4156103134155273e-07,-4.4656436437611824e-13,both,True,compared
China,Female,55-59 years,2007,33637946.170937374,33637946.17093796,-5.885958671569824e-07,-1.7497972800298952e-12,both,True,compared
China,Female,55-59 years,2008,36324608.115979925,36324608.115980186,-2.60770320892334e-07,-7.178888759370149e-13,both,True,compared
China,Female,55-59 years,2009,37960209.12196331,37960209.121963456,-1.4901161193847656e-07,-3.925468678523699e-13,both,True,compared
China,Female,55-59 years,2010,40474611.58058079,40474611.58058106,-2.682209014892578e-07,-6.626892538678415e-13,both,True,compared
China,Female,55-59 years,2011,41738180.09423093,41738180.094231024,-9.685754776000977e-08,-2.320598251800573e-13,both,True,compared
China,Female,55-59 years,2012,42107558.03878608,42107558.03878655,-4.6938657760620117e-07,-1.1147323650871423e-12,both,True,compared
China,Female,55-59 years,2013,41157559.02978872,41157559.02978904,-3.203749656677246e-07,-7.784109972018651e-13,both,True,compared
China,Female,55-59 years,2014,39442292.21427799,39442292.21427849,-4.991888999938965e-07,-1.2656183806000799e-12,both,True,compared
China,Female,55-59 years,2015,37839899.01571328,37839899.01571393,-6.48200511932373e-07,-1.7130080385870038e-12,both,True,compared
China,Female,55-59 years,2016,37348187.45030793,37348187.450308315,-3.8743019104003906e-07,-1.037346702716211e-12,both,True,compared
China,Female,55-59 years,2017,38591486.06778362,38591486.067784294,-6.780028343200684e-07,-1.7568715367145937e-12,both,True,compared
China,Female,55-59 years,2018,41916046.38763158,41916046.38763216,-5.811452865600586e-07,-1.3864506236722283e-12,both,True,compared
China,Female,55-59 years,2019,46347185.32230164,46347185.32230221,-5.662441253662109e-07,-1.2217443657657067e-12,both,True,compared
China,Female,55-59 years,2020,50957804.47667685,50957804.47667771,-8.568167686462402e-07,-1.6814240280669888e-12,both,True,compared
China,Female,55-59 years,2021,55003987.90919528,55003987.9091958,-5.21540641784668e-07,-9.481869617266052e-13,both,True,compared
China,Female,55-59 years,2022,57935067.44673485,57935067.4467355,-6.48200511932373e-07,-1.1188396605015168e-12,both,True,compared
China,Female,55-59 years,2023,59332827.45972149,59332827.45972154,-5.21540641784668e-08,-8.790085760512922e-14,both,True,compared
China,Female,60-64 years,1990,17185942.560488433,17185942.56048865,-2.1606683731079102e-07,-1.2572300678319635e-12,both,True,compared
China,Female,60-64 years,1991,17598689.495014925,17598689.49501497,-4.470348358154297e-08,-2.5401597996376864e-13,both,True,compared
China,Female,60-64 years,1992,18008503.720324762,18008503.72032489,-1.2665987014770508e-07,-7.033336701080511e-13,both,True,compared
China,Female,60-64 years,1993,18417562.034305014,18417562.03430509,-7.450580596923828e-08,-4.0453674503966323e-13,both,True,compared
China,Female,60-64 years,1994,18940915.20455784,18940915.20455815,-3.0919909477233887e-07,-1.632440098237359e-12,both,True,compared
China,Female,60-64 years,1995,19384447.04529191,19384447.045292057,-1.4528632164001465e-07,-7.494994378769331e-13,both,True,compared
China,Female,60-64 years,1996,19815743.686834004,19815743.686834168,-1.6391277313232422e-07,-8.271845645703992e-13,both,True,compared
China,Female,60-64 years,1997,20145851.338838264,20145851.338838328,-6.332993507385254e-08,-3.143572044124125e-13,both,True,compared
China,Female,60-64 years,1998,20282261.74695515,20282261.746955216,-6.705522537231445e-08,-3.306101962833659e-13,both,True,compared
China,Female,60-64 years,1999,20160349.45625936,20160349.456259754,-3.948807716369629e-07,-1.9587000339141484e-12,both,True,compared
China,Female,60-64 years,2000,20166787.44356621,20166787.44356624,-2.9802322387695312e-08,-1.4777922597286617e-13,both,True,compared
China,Female,60-64 years,2001,20179193.87668518,20179193.87668548,-3.0174851417541504e-07,-1.495344739831515e-12,both,True,compared
China,Female,60-64 years,2002,20301947.637739472,20301947.637739576,-1.043081283569336e-07,-5.137838507820515e-13,both,True,compared
China,Female,60-64 years,2003,20601104.74867732,20601104.748677325,-3.725290298461914e-09,-1.8082963724074523e-14,both,True,compared
China,Female,60-64 years,2004,21099780.544301856,21099780.544301983,-1.2665987014770508e-07,-6.002899882383396e-13,both,True,compared
China,Female,60-64 years,2005,21663684.95075998,21663684.950760283,-3.0174851417541504e-07,-1.3928771345284425e-12,both,True,compared
China,Female,60-64 years,2006,22688093.58324442,22688093.583244625,-2.0489096641540527e-07,-9.030770508048374e-13,both,True,compared
China,Female,60-64 years,2007,23989607.730847534,23989607.730847593,-5.960464477539063e-08,-2.484602726485884e-13,both,True,compared
China,Female,60-64 years,2008,25029905.1975582,25029905.197558492,-2.905726432800293e-07,-1.1609018931017613e-12,both,True,compared
China,Female,60-64 years,2009,27482242.39109902,27482242.39109941,-3.8743019104003906e-07,-1.4097473762385576e-12,both,True,compared
China,Female,60-64 years,2010,29000902.353569828,29000902.353570253,-4.246830940246582e-07,-1.4643788970669127e-12,both,True,compared
China,Female,60-64 years,2011,30994148.76759888,30994148.767599337,-4.5821070671081543e-07,-1.4783780969323685e-12,both,True,compared
China,Female,60-64 years,2012,32897592.05163577,32897592.051635917,-1.4901161193847656e-07,-4.529559844519601e-13,both,True,compared
China,Female,60-64 years,2013,35519902.11990826,35519902.11990838,-1.1920928955078125e-07,-3.356126634255746e-13,both,True,compared
China,Female,60-64 years,2014,37118949.03189188,37118949.03189244,-5.587935447692871e-07,-1.5054131632045468e-12,both,True,compared
China,Female,60-64 years,2015,39554188.75752474,39554188.75752489,-1.4901161193847656e-07,-3.7672776668976373e-13,both,True,compared
China,Female,60-64 years,2016,40755586.332409866,40755586.33241044,-5.736947059631348e-07,-1.4076467978744753e-12,both,True,compared
China,Female,60-64 years,2017,41073994.27596882,41073994.27596894,-1.1920928955078125e-07,-2.9023057448427187e-13,both,True,compared
China,Female,60-64 years,2018,40113114.9111032,40113114.91110397,-7.748603820800781e-07,-1.9316883861980986e-12,both,True,compared
China,Female,60-64 years,2019,38426403.3199208,38426403.31992153,-7.301568984985352e-07,-1.9001437434036698e-12,both,True,compared
China,Female,60-64 years,2020,36871461.44413928,36871461.44413938,-9.685754776000977e-08,-2.6268974422603277e-13,both,True,compared
China,Female,60-64 years,2021,36414608.04728746,36414608.04728763,-1.7136335372924805e-07,-4.705895873071548e-13,both,True,compared
China,Female,60-64 years,2022,37646721.151486784,37646721.15148702,-2.384185791015625e-07,-6.333050311133049e-13,both,True,compared
China,Female,60-64 years,2023,40899032.51594304,40899032.515943594,-5.513429641723633e-07,-1.34805869541643e-12,both,True,compared
China,Female,65-69 years,1990,13936442.110095777,13936442.110095965,-1.8812716007232666e-07,-1.3498937432247819e-12,both,True,compared
China,Female,65-69 years,1991,14259855.983652985,14259855.983653251,-2.6635825634002686e-07,-1.8678888247214483e-12,both,True,compared
China,Female,65-69 years,1992,14561192.222697437,14561192.222697707,-2.7008354663848877e-07,-1.854817534909626e-12,both,True,compared
China,Female,65-69 years,1993,14888251.86975045,14888251.869750505,-5.587935447692871e-08,-3.7532515547015216e-13,both,True,compared
China,Female,65-69 years,1994,15213269.521131149,15213269.521131378,-2.2910535335540771e-07,-1.5059573685799862e-12,both,True,compared
China,Female,65-69 years,1995,15551729.941637645,15551729.941637669,-2.421438694000244e-08,-1.557022082486895e-13,both,True,compared
China,Female,65-69 years,1996,15882226.46437868,15882226.464378703,-2.421438694000244e-08,-1.5246216891763557e-13,both,True,compared
China,Female,65-69 years,1997,16215994.435633317,16215994.435633423,-1.0617077350616455e-07,-6.547287243319657e-13,both,True,compared
China,Female,65-69 years,1998,16559640.326645032,16559640.326645121,-8.940696716308594e-08,-5.399088712043283e-13,both,True,compared
China,Female,65-69 years,1999,17022409.301067684,17022409.301067952,-2.682209014892578e-07,-1.5756929394973154e-12,both,True,compared
China,Female,65-69 years,2000,17433901.411321476,17433901.411321525,-4.842877388000488e-08,-2.777850622038938e-13,both,True,compared
China,Female,65-69 years,2001,17863771.480864525,17863771.48086483,-3.0547380447387695e-07,-1.7100185411635898e-12,both,True,compared
China,Female,65-69 years,2002,18226370.98317555,18226370.98317593,-3.7997961044311523e-07,-2.0847793057316123e-12,both,True,compared
China,Female,65-69 years,2003,18430852.26569084,18430852.265691217,-3.762543201446533e-07,-2.041437448039521e-12,both,True,compared
China,Female,65-69 years,2004,18413802.673357382,18413802.673357587,-2.0489096641540527e-07,-1.1127031719084213e-12,both,True,compared
China,Female,65-69 years,2005,18527544.08929428,18527544.08929448,-1.9744038581848145e-07,-1.0656587018058582e-12,both,True,compared
China,Female,65-69 years,2006,18657442.88178309,18657442.881783128,-3.725290298461914e-08,-1.9966778524077616e-13,both,True,compared
China,Female,65-69 years,2007,18891881.818485443,18891881.818485707,-2.644956111907959e-07,-1.400049046103976e-12,both,True,compared
China,Female,65-69 years,2008,19281200.372620925,19281200.372621212,-2.868473529815674e-07,-1.4877048494806745e-12,both,True,compared
China,Female,65-69 years,2009,19844200.109927457,19844200.10992772,-2.644956111907959e-07,-1.3328610360992918e-12,both,True,compared
China,Female,65-69 years,2010,20457512.60179803,20457512.601798333,-3.0174851417541504e-07,-1.4750009937615489e-12,both,True,compared
China,Female,65-69 years,2011,21489463.37720713,21489463.377207376,-2.4586915969848633e-07,-1.1441382010463243e-12,both,True,compared
China,Female,65-69 years,2012,22770003.82374596,22770003.823746167,-2.086162567138672e-07,-9.161889401894141e-13,both,True,compared
China,Female,65-69 years,2013,23783903.6401532,23783903.64015341,-2.123415470123291e-07,-8.927951871359051e-13,both,True,compared
China,Female,65-69 years,2014,26146564.05637247,26146564.056372587,-1.1548399925231934e-07,-4.41679445923884e-13,both,True,compared
China,Female,65-69 years,2015,27595319.45857621,27595319.458576348,-1.3783574104309082e-07,-4.994895647067914e-13,both,True,compared
China,Female,65-69 years,2016,29513774.9619001,29513774.961900122,-2.2351741790771484e-08,-7.573325275951917e-14,both,True,compared
China,Female,65-69 years,2017,31352894.80476907,31352894.804769397,-3.2782554626464844e-07,-1.0455989735747881e-12,both,True,compared
China,Female,65-69 years,2018,33891098.869150735,33891098.86915097,-2.3096799850463867e-07,-6.8150047124874e-13,both,True,compared
China,Female,65-69 years,2019,35503618.17762946,35503618.17763025,-7.897615432739258e-07,-2.2244536861641554e-12,both,True,compared
China,Female,65-69 years,2020,37920794.80430374,37920794.80430439,-6.48200511932373e-07,-1.7093537075831725e-12,both,True,compared
China,Female,65-69 years,2021,39157039.45973823,39157039.459738515,-2.8312206268310547e-07,-7.230425654988937e-13,both,True,compared
China,Female,65-69 years,2022,39516569.96402463,39516569.96402481,-1.7881393432617188e-07,-4.5250368260444095e-13,both,True,compared
China,Female,65-69 years,2023,38613502.53348365,38613502.53348444,-7.897615432739258e-07,-2.045298901826078e-12,both,True,compared
China,Female,70-74 years,1990,10126787.334915388,10126787.33491538,7.450580596923828e-09,7.357299359131925e-14,both,True,compared
China,Female,70-74 years,1991,10375057.996922286,10375057.996922275,1.1175870895385742e-08,1.077186353917348e-13,both,True,compared
China,Female,70-74 years,1992,10645434.784125084,10645434.784125073,1.1175870895385742e-08,1.0498275666534228e-13,both,True,compared
China,Female,70-74 years,1993,10957646.953484751,10957646.953484744,7.450580596923828e-09,6.799434795217959e-14,both,True,compared
China,Female,70-74 years,1994,11335642.177376516,11335642.177376522,-5.587935447692871e-09,-4.92952702657215e-14,both,True,compared
China,Female,70-74 years,1995,11690975.63816022,11690975.638160214,5.587935447692871e-09,4.779699847678607e-14,both,True,compared
China,Female,70-74 years,1996,11983296.662406622,11983296.662406804,-1.825392246246338e-07,-1.5232805276137943e-12,both,True,compared
China,Female,70-74 years,1997,12271650.94340312,12271650.94340313,-1.1175870895385742e-08,-9.107063871787816e-14,both,True,compared
China,Female,70-74 years,1998,12592358.347166054,12592358.347166061,-7.450580596923828e-09,-5.916747595259312e-14,both,True,compared
China,Female,70-74 years,1999,12916757.86796081,12916757.867960928,-1.1734664440155029e-07,-9.084837356332359e-13,both,True,compared
China,Female,70-74 years,2000,13255465.385579286,13255465.385579433,-1.471489667892456e-07,-1.11010034358605e-12,both,True,compared
China,Female,70-74 years,2001,13587255.564718831,13587255.564718856,-2.421438694000244e-08,-1.7821396546686302e-13,both,True,compared
China,Female,70-74 years,2002,13936247.6499889,13936247.649988899,1.862645149230957e-09,1.336547107953008e-14,both,True,compared
China,Female,70-74 years,2003,14314650.797058225,14314650.797058223,1.862645149230957e-09,1.3012159190175603e-14,both,True,compared
China,Female,70-74 years,2004,14815593.332394404,14815593.332394635,-2.3096799850463867e-07,-1.558952067073989e-12,both,True,compared
China,Female,70-74 years,2005,15283829.390120069,15283829.390120246,-1.7695128917694092e-07,-1.1577680217454378e-12,both,True,compared
China,Female,70-74 years,2006,15767603.729945632,15767603.729945648,-1.6763806343078613e-08,-1.063180343075277e-13,both,True,compared
China,Female,70-74 years,2007,16185391.040200854,16185391.040200846,7.450580596923828e-09,4.6032750017705905e-14,both,True,compared
China,Female,70-74 years,2008,16448736.936142884,16448736.936142882,1.862645149230957e-09,1.1323940290747543e-14,both,True,compared
China,Female,70-74 years,2009,16505915.605365206,16505915.60536533,-1.2479722499847412e-07,-7.560757487328307e-13,both,True,compared
China,Female,70-74 years,2010,16679573.751675552,16679573.751675548,3.725290298461914e-09,2.2334445435619653e-14,both,True,compared
China,Female,70-74 years,2011,16871459.716985572,16871459.716985572,0.0,0.0,both,True,compared
China,Female,70-74 years,2012,17164239.9739533,17164239.97395329,7.450580596923828e-09,4.340757649759074e-14,both,True,compared
China,Female,70-74 years,2013,17600848.994750302,17600848.994750675,-3.725290298461914e-07,-2.11654011665746e-12,both,True,compared
China,Female,70-74 years,2014,18188522.16901813,18188522.16901852,-3.8743019104003906e-07,-2.1300806488829416e-12,both,True,compared
China,Female,70-74 years,2015,18812450.30850337,18812450.308503352,1.862645149230957e-08,9.901129936215843e-14,both,True,compared
China,Female,70-74 years,2016,19808716.458461136,19808716.458461236,-1.0058283805847168e-07,-5.077705982080859e-13,both,True,compared
China,Female,70-74 years,2017,21020272.217352845,21020272.217352826,1.862645149230957e-08,8.861184717166933e-14,both,True,compared
China,Female,70-74 years,2018,21980547.745075326,21980547.745075468,-1.4156103134155273e-07,-6.440286792819757e-13,both,True,compared
China,Female,70-74 years,2019,24224133.824577603,24224133.824577596,7.450580596923828e-09,3.075685038267305e-14,both,True,compared
China,Female,70-74 years,2020,25636209.12598038,25636209.125980377,3.725290298461914e-09,1.4531361794387185e-14,both,True,compared
China,Female,70-74 years,2021,27511170.442805428,27511170.442805428,0.0,0.0,both,True,compared
China,Female,70-74 years,2022,29300095.494045965,29300095.494046416,-4.507601261138916e-07,-1.5384254505432926e-12,both,True,compared
China,Female,70-74 years,2023,31726780.7924872,31726780.792487733,-5.327165126800537e-07,-1.6790752146092278e-12,both,True,compared
China,Female,75-79 years,1990,6513421.936608911,6513421.936608912,-1.862645149230957e-09,-2.85970288330608e-14,both,True,compared
China,Female,75-79 years,1991,6736260.524596151,6736260.524596335,-1.8440186977386475e-07,-2.737451574216244e-12,both,True,compared
China,Female,75-79 years,1992,6955967.15718335,6955967.157183347,2.7939677238464355e-09,4.016648814911577e-14,both,True,compared
China,Female,75-79 years,1993,7174683.506220678,7174683.506220679,-9.313225746154785e-10,-1.2980678155461385e-14,both,True,compared
China,Female,75-79 years,1994,7328060.311648042,7328060.31164816,-1.1827796697616577e-07,-1.6140419421516154e-12,both,True,compared
China,Female,75-79 years,1995,7519966.408225613,7519966.408225606,6.51925802230835e-09,8.669264819025452e-14,both,True,compared
China,Female,75-79 years,1996,7734825.918421058,7734825.9184210915,-3.3527612686157227e-08,-4.3346305449885753e-13,both,True,compared
China,Female,75-79 years,1997,7971399.276620213,7971399.2766203815,-1.685693860054016e-07,-2.1146774883025706e-12,both,True,compared
China,Female,75-79 years,1998,8238277.770783466,8238277.770783548,-8.195638656616211e-08,-9.948242684510502e-13,both,True,compared
China,Female,75-79 years,1999,8551868.736532306,8551868.736532306,0.0,0.0,both,True,compared
China,Female,75-79 years,2000,8852147.864946885,8852147.864946883,1.862645149230957e-09,2.1041731087736787e-14,both,True,compared
China,Female,75-79 years,2001,9113029.124826036,9113029.124826316,-2.7939677238464355e-07,-3.065904525900186e-12,both,True,compared
China,Female,75-79 years,2002,9388328.761237808,9388328.761237813,-5.587935447692871e-09,-5.952002310319742e-14,both,True,compared
China,Female,75-79 years,2003,9711432.414799346,9711432.414799575,-2.2910535335540771e-07,-2.3591303895218573e-12,both,True,compared
China,Female,75-79 years,2004,10059654.366303593,10059654.366303664,-7.078051567077637e-08,-7.036078287924774e-13,both,True,compared
China,Female,75-79 years,2005,10441967.976801671,10441967.976801679,-7.450580596923828e-09,-7.135226437656542e-14,both,True,compared
China,Female,75-79 years,2006,10832636.148129286,10832636.148129294,-7.450580596923828e-09,-6.877901643738386e-14,both,True,compared
China,Female,75-79 years,2007,11241918.227459049,11241918.227459058,-9.313225746154785e-09,-8.284374212406813e-14,both,True,compared
China,Female,75-79 years,2008,11670612.669727089,11670612.669727098,-9.313225746154785e-09,-7.980065836914258e-14,both,True,compared
China,Female,75-79 years,2009,12194746.248216102,12194746.248216301,-1.993030309677124e-07,-1.6343352039561075e-12,both,True,compared
China,Female,75-79 years,2010,12684758.870003393,12684758.87000342,-2.7939677238464355e-08,-2.202617923194064e-13,both,True,compared
China,Female,75-79 years,2011,13182124.705066351,13182124.705066346,5.587935447692871e-09,4.239024870964263e-14,both,True,compared
China,Female,75-79 years,2012,13630090.401018392,13630090.401018392,0.0,0.0,both,True,compared
China,Female,75-79 years,2013,13959670.015918808,13959670.015918916,-1.0803341865539551e-07,-7.738966503663796e-13,both,True,compared
China,Female,75-79 years,2014,14121225.38488108,14121225.384881089,-9.313225746154785e-09,-6.595196586923689e-14,both,True,compared
China,Female,75-79 years,2015,14379819.3289383,14379819.328938484,-1.8440186977386475e-07,-1.282365692889965e-12,both,True,compared
China,Female,75-79 years,2016,14636738.53428695,14636738.534286952,-1.862645149230957e-09,-1.2725821021313328e-14,both,True,compared
China,Female,75-79 years,2017,14954107.596776703,14954107.596776882,-1.7881393432617188e-07,-1.1957512888613593e-12,both,True,compared
China,Female,75-79 years,2018,15383715.0862182,15383715.086218553,-3.520399332046509e-07,-2.288393481234144e-12,both,True,compared
China,Female,75-79 years,2019,15955120.363838209,15955120.363838226,-1.6763806343078613e-08,-1.0506850440986498e-13,both,True,compared
China,Female,75-79 years,2020,16580437.265226256,16580437.26522626,-3.725290298461914e-09,-2.2467985849051605e-14,both,True,compared
China,Female,75-79 years,2021,17538366.110376086,17538366.110376302,-2.1606683731079102e-07,-1.2319667405218612e-12,both,True,compared
China,Female,75-79 years,2022,18674983.92616719,18674983.9261672,-1.1175870895385742e-08,-5.984407236745318e-14,both,True,compared
China,Female,75-79 years,2023,19557285.48817922,19557285.48817921,1.1175870895385742e-08,5.714428468173991e-14,both,True,compared
China,Female,80-84 years,1990,3497089.854284448,3497089.85428451,-6.193295121192932e-08,-1.7709854133731328e-12,both,True,compared
China,Female,80-84 years,1991,3588188.196452807,3588188.1964528393,-3.213062882423401e-08,-8.954555074897561e-13,both,True,compared
China,Female,80-84 years,1992,3695114.7738820543,3695114.7738820734,-1.909211277961731e-08,-5.166852438404588e-13,both,True,compared
China,Female,80-84 years,1993,3799829.455705475,3799829.455705554,-7.916241884231567e-08,-2.083315047822808e-12,both,True,compared
China,Female,80-84 years,1994,3938653.020792753,3938653.0207927627,-9.778887033462524e-09,-2.4827998256861624e-13,both,True,compared
China,Female,80-84 years,1995,4091992.89992897,4091992.899928984,-1.4435499906539917e-08,-3.5277431460818256e-13,both,True,compared
China,Female,80-84 years,1996,4258121.907793557,4258121.907793617,-5.960464477539063e-08,-1.399787184728023e-12,both,True,compared
China,Female,80-84 years,1997,4426491.938583814,4426491.938583883,-6.984919309616089e-08,-1.5779808043321104e-12,both,True,compared
China,Female,80-84 years,1998,4588757.338582045,4588757.3385821255,-8.009374141693115e-08,-1.7454342321287491e-12,both,True,compared
China,Female,80-84 years,1999,4703926.365803196,4703926.365803234,-3.818422555923462e-08,-8.117521957152205e-13,both,True,compared
China,Female,80-84 years,2000,4844185.513290263,4844185.51329034,-7.729977369308472e-08,-1.5957228202968065e-12,both,True,compared
China,Female,80-84 years,2001,5005024.686128595,5005024.686128606,-1.1175870895385742e-08,-2.2329302243722438e-13,both,True,compared
China,Female,80-84 years,2002,5191185.36500442,5191185.365004455,-3.4458935260772705e-08,-6.637970489952513e-13,both,True,compared
China,Female,80-84 years,2003,5411981.372280177,5411981.372280246,-6.891787052154541e-08,-1.2734314067402069e-12,both,True,compared
China,Female,80-84 years,2004,5678738.226645422,5678738.226645425,-2.7939677238464355e-09,-4.9200502159736015e-14,both,True,compared
China,Female,80-84 years,2005,5960002.92684262,5960002.926842641,-2.1420419216156006e-08,-3.594028304865904e-13,both,True,compared
China,Female,80-84 years,2006,6234467.666747534,6234467.666747613,-7.916241884231567e-08,-1.2697542608896712e-12,both,True,compared
China,Female,80-84 years,2007,6528302.3855519015,6528302.385551998,-9.685754776000977e-08,-1.483655965054098e-12,both,True,compared
China,Female,80-84 years,2008,6855579.372177283,6855579.372177421,-1.3783574104309082e-07,-2.010562981773416e-12,both,True,compared
China,Female,80-84 years,2009,7197910.799817657,7197910.799817665,-7.450580596923828e-09,-1.0351032131590978e-13,both,True,compared
China,Female,80-84 years,2010,7566355.576499723,7566355.576499766,-4.284083843231201e-08,-5.662017598719653e-13,both,True,compared
China,Female,80-84 years,2011,7942368.261959707,7942368.261959835,-1.2759119272232056e-07,-1.6064628145413971e-12,both,True,compared
China,Female,80-84 years,2012,8343582.747542003,8343582.747542083,-8.009374141693115e-08,-9.599442330757319e-13,both,True,compared
China,Female,80-84 years,2013,8778479.478449058,8778479.47844908,-2.2351741790771484e-08,-2.546197419000003e-13,both,True,compared
China,Female,80-84 years,2014,9297594.458083715,9297594.458083749,-3.3527612686157227e-08,-3.606052386701694e-13,both,True,compared
China,Female,80-84 years,2015,9780262.160782134,9780262.160782281,-1.471489667892456e-07,-1.504550331782497e-12,both,True,compared
China,Female,80-84 years,2016,10231719.922483608,10231719.92248365,-4.0978193283081055e-08,-4.0050151483362895e-13,both,True,compared
China,Female,80-84 years,2017,10599652.368728474,10599652.368728645,-1.7136335372924805e-07,-1.6166884324887031e-12,both,True,compared
China,Female,80-84 years,2018,10865542.810148155,10865542.810148247,-9.12696123123169e-08,-8.399912816787512e-13,both,True,compared
China,Female,80-84 years,2019,11039790.609193966,11039790.6091941,-1.341104507446289e-07,-1.2147916160016783e-12,both,True,compared
China,Female,80-84 years,2020,11338501.656901076,11338501.65690108,-3.725290298461914e-09,-3.285522559494931e-14,both,True,compared
China,Female,80-84 years,2021,11653320.159124576,11653320.15912466,-8.381903171539307e-08,-7.19271680266697e-13,both,True,compared
China,Female,80-84 years,2022,12014213.38922431,12014213.389224432,-1.2293457984924316e-07,-1.0232428529986378e-12,both,True,compared
China,Female,80-84 years,2023,12402090.248088244,12402090.248088386,-1.4156103134155273e-07,-1.1414288116745002e-12,both,True,compared
China,Female,85-89 years,1990,1361515.4358736435,1361515.4358736672,-2.3748725652694702e-08,-1.7442861848610522e-12,both,True,compared
China,Female,85-89 years,1991,1444795.9816726244,1444795.98167264,-1.5599653124809265e-08,-1.0797132136780806e-12,both,True,compared
China,Female,85-89 years,1992,1512033.5813940524,1512033.5813940722,-1.979060471057892e-08,-1.3088733579800878e-12,both,True,compared
China,Female,85-89 years,1993,1569597.3379657157,1569597.33796576,-4.423782229423523e-08,-2.8184185347542624e-12,both,True,compared
China,Female,85-89 years,1994,1607912.2649295535,1607912.264929559,-5.587935447692871e-09,-3.4752738501796873e-13,both,True,compared
China,Female,85-89 years,1995,1642192.3118537671,1642192.3118537937,-2.6542693376541138e-08,-1.6162962878920537e-12,both,True,compared
China,Female,85-89 years,1996,1699563.8292099948,1699563.8292100122,-1.7462298274040222e-08,-1.0274576320065126e-12,both,True,compared
China,Female,85-89 years,1997,1767687.6724364625,1767687.6724364664,-3.958120942115784e-09,-2.2391517482611475e-13,both,True,compared
China,Female,85-89 years,1998,1833595.1671435344,1833595.167143559,-2.468004822731018e-08,-1.3459922162512015e-12,both,True,compared
China,Female,85-89 years,1999,1915775.410130093,1915775.410130097,-3.958120942115784e-09,-2.0660673068389592e-13,both,True,compared
China,Female,85-89 years,2000,2004255.0271503453,2004255.0271503539,-8.614733815193176e-09,-4.29822238113162e-13,both,True,compared
China,Female,85-89 years,2001,2102613.053963246,2102613.05396326,-1.3969838619232178e-08,-6.64403685352387e-13,both,True,compared
China,Female,85-89 years,2002,2206975.5959026506,2206975.5959027074,-5.681067705154419e-08,-2.5741416061426217e-12,both,True,compared
China,Female,85-89 years,2003,2315090.248030531,2315090.2480305824,-5.122274160385132e-08,-2.2125591711781856e-12,both,True,compared
China,Female,85-89 years,2004,2409504.7911451524,2409504.791145167,-1.4435499906539917e-08,-5.99106503526778e-13,both,True,compared
China,Female,85-89 years,2005,2532179.79708992,2532179.797089968,-4.7963112592697144e-08,-1.894143245586993e-12,both,True,compared
China,Female,85-89 years,2006,2681504.0029772134,2681504.0029772334,-2.0023435354232788e-08,-7.467240523229211e-13,both,True,compared
China,Female,85-89 years,2007,2852723.7547370307,2852723.754737091,-6.007030606269836e-08,-2.1057175957871795e-12,both,True,compared
China,Female,85-89 years,2008,3043835.492354215,3043835.4923542934,-7.82310962677002e-08,-2.5701486320206275e-12,both,True,compared
China,Female,85-89 years,2009,3259206.841180064,3259206.841180118,-5.4016709327697754e-08,-1.6573575093546343e-12,both,True,compared
China,Female,85-89 years,2010,3485769.6304116216,3485769.63041172,-9.825453162193298e-08,-2.818732791883624e-12,both,True,compared
China,Female,85-89 years,2011,3710504.500139454,3710504.5001394777,-2.3748725652694702e-08,-6.40040340924048e-13,both,True,compared
China,Female,85-89 years,2012,3953543.025545728,3953543.0255457344,-6.51925802230835e-09,-1.648965998392913e-13,both,True,compared
China,Female,85-89 years,2013,4228482.429534772,4228482.4295348,-2.7939677238464355e-08,-6.607495172100868e-13,both,True,compared
China,Female,85-89 years,2014,4518556.88971776,4518556.889717849,-8.940696716308594e-08,-1.9786619787068903e-12,both,True,compared
China,Female,85-89 years,2015,4819350.816579952,4819350.816580074,-1.2200325727462769e-07,-2.5315288701312512e-12,both,True,compared
China,Female,85-89 years,2016,5096863.85035876,5096863.85035883,-6.984919309616089e-08,-1.3704347447155041e-12,both,True,compared
China,Female,85-89 years,2017,5362050.157046395,5362050.157046424,-2.8870999813079834e-08,-5.384321102468573e-13,both,True,compared
China,Female,85-89 years,2018,5653998.340610641,5653998.340610659,-1.7695128917694092e-08,-3.1296664504827195e-13,both,True,compared
China,Female,85-89 years,2019,6045589.568901221,6045589.568901354,-1.3317912817001343e-07,-2.2029138209297687e-12,both,True,compared
China,Female,85-89 years,2020,6458897.374915201,6458897.37491525,-4.842877388000488e-08,-7.497994018002291e-13,both,True,compared
China,Female,85-89 years,2021,6850610.546031993,6850610.546032177,-1.8440186977386475e-07,-2.691758180308088e-12,both,True,compared
China,Female,85-89 years,2022,7147149.533156418,7147149.533156533,-1.1455267667770386e-07,-1.6027743108813003e-12,both,True,compared
China,Female,85-89 years,2023,7366027.24407102,7366027.244071176,-1.564621925354004e-07,-2.1241055368256775e-12,both,True,compared
China,Female,90-94 years,1990,275944.1769123385,275944.176912344,-5.529727786779404e-09,-2.0039298704013163e-12,both,True,compared
China,Female,90-94 years,1991,310869.209702083,310869.2097020878,-4.773028194904327e-09,-1.5353814549464353e-12,both,True,compared
China,Female,90-94 years,1992,350842.1840366079,350842.1840366124,-4.48198989033699e-09,-1.277494581401114e-12,both,True,compared
China,Female,90-94 years,1993,384123.18621492136,384123.18621493096,-9.604264050722122e-09,-2.500308337374986e-12,both,True,compared
China,Female,90-94 years,1994,422134.7009452976,422134.70094531216,-1.4551915228366852e-08,-3.4472208031655196e-12,both,True,compared
China,Female,90-94 years,1995,459177.3277543463,459177.3277543582,-1.1874362826347351e-08,-2.586008086335651e-12,both,True,compared
China,Female,90-94 years,1996,491314.4929290451,491314.49292904703,-1.9208528101444244e-09,-3.90961967902264e-13,both,True,compared
China,Female,90-94 years,1997,518449.0506101782,518449.05061019986,-2.1653249859809875e-08,-4.176543449028505e-12,both,True,compared
China,Female,90-94 years,1998,540235.596417052,540235.5964170713,-1.932494342327118e-08,-3.577132560578751e-12,both,True,compared
China,Female,90-94 years,1999,555078.6730884165,555078.6730884246,-8.149072527885437e-09,-1.4680932492946637e-12,both,True,compared
China,Female,90-94 years,2000,569339.0245459378,569339.0245459408,-3.026798367500305e-09,-5.316337431663415e-13,both,True,compared
China,Female,90-94 years,2001,593218.8800719768,593218.8800719823,-5.471520125865936e-09,-9.223442324023911e-13,both,True,compared
China,Female,90-94 years,2002,623071.6881961952,623071.6881961995,-4.307366907596588e-09,-6.913116081500189e-13,both,True,compared
China,Female,90-94 years,2003,654998.9478631483,654998.9478631575,-9.19681042432785e-09,-1.404095449974582e-12,both,True,compared
China,Female,90-94 years,2004,695610.3845261382,695610.3845261587,-2.0489096641540527e-08,-2.945484584089131e-12,both,True,compared
China,Female,90-94 years,2005,743635.5301883229,743635.5301883236,-6.984919309616089e-10,-9.392933804342544e-14,both,True,compared
China,Female,90-94 years,2006,800445.0305317213,800445.0305317348,-1.3504177331924438e-08,-1.687083661816709e-12,both,True,compared
China,Female,90-94 years,2007,865966.5964195596,865966.5964195853,-2.5727786123752594e-08,-2.970990593647277e-12,both,True,compared
China,Female,90-94 years,2008,935326.733908487,935326.7339085181,-3.1082890927791595e-08,-3.3232120713479753e-12,both,True,compared
China,Female,90-94 years,2009,996051.7641402372,996051.7641402389,-1.6298145055770874e-09,-1.6362749048327781e-13,both,True,compared
China,Female,90-94 years,2010,1072827.7490437578,1072827.7490437755,-1.7695128917694092e-08,-1.649391426859183e-12,both,True,compared
China,Female,90-94 years,2011,1159567.86062892,1159567.8606289239,-3.958120942115784e-09,-3.4134448500228356e-13,both,True,compared
China,Female,90-94 years,2012,1257665.4506468235,1257665.4506468512,-2.7706846594810486e-08,-2.203037904918253e-12,both,True,compared
China,Female,90-94 years,2013,1363507.150053884,1363507.1500538928,-8.847564458847046e-09,-6.48882879601871e-13,both,True,compared
China,Female,90-94 years,2014,1481802.818743219,1481802.8187432643,-4.540197551250458e-08,-3.0639687641444734e-12,both,True,compared
China,Female,90-94 years,2015,1601728.8170869276,1601728.8170869555,-2.7939677238464355e-08,-1.7443450439555922e-12,both,True,compared
China,Female,90-94 years,2016,1712218.4318757087,1712218.431875748,-3.934837877750397e-08,-2.2980934000575164e-12,both,True,compared
China,Female,90-94 years,2017,1822925.8889758345,1822925.8889758477,-1.3271346688270569e-08,-7.280244780399024e-13,both,True,compared
China,Female,90-94 years,2018,1956488.8400712968,1956488.8400713,-3.259629011154175e-09,-1.6660606206347642e-13,both,True,compared
China,Female,90-94 years,2019,2119683.2335565384,2119683.2335565714,-3.306195139884949e-08,-1.5597590656683195e-12,both,True,compared
China,Female,90-94 years,2020,2314641.931015689,2314641.931015758,-6.891787052154541e-08,-2.97747438159057e-12,both,True,compared
China,Female,90-94 years,2021,2488119.485346372,2488119.4853464486,-7.683411240577698e-08,-3.08803949562257e-12,both,True,compared
China,Female,90-94 years,2022,2651399.3228240083,2651399.322824105,-9.685754776000977e-08,-3.653072810505461e-12,both,True,compared
China,Female,90-94 years,2023,2826046.0136049944,2826046.0136050778,-8.335337042808533e-08,-2.9494696840323952e-12,both,True,compared
China,Female,95+ years,1990,49491.12965818086,49491.12965818269,-1.8335413187742233e-09,-3.704787769925433e-12,both,True,compared
China,Female,95+ years,1991,55071.14897218899,55071.148972190625,-1.6370904631912708e-09,-2.9726826001360604e-12,both,True,compared
China,Female,95+ years,1992,60737.21068499105,60737.210684991755,-7.057678885757923e-10,-1.1620024703409647e-12,both,True,compared
China,Female,95+ years,1993,65675.69663295911,65675.69663295953,-4.220055416226387e-10,-6.42559673148342e-13,both,True,compared
China,Female,95+ years,1994,70197.95512970249,70197.95512970406,-1.57160684466362e-09,-2.23882140407055e-12,both,True,compared
China,Female,95+ years,1995,76391.58778882124,76391.58778882585,-4.612957127392292e-09,-6.0385668905645244e-12,both,True,compared
China,Female,95+ years,1996,87048.51638239526,87048.51638239832,-3.055902197957039e-09,-3.5105735570871442e-12,both,True,compared
China,Female,95+ years,1997,99292.6447337544,99292.64473375675,-2.35741026699543e-09,-2.37420432632915e-12,both,True,compared
China,Female,95+ years,1998,109574.28771072756,109574.28771073377,-6.213667802512646e-09,-5.670735290487601e-12,both,True,compared
China,Female,95+ years,1999,121073.35205148396,121073.35205149068,-6.7229848355054855e-09,-5.552819610253026e-12,both,True,compared
China,Female,95+ years,2000,132728.74653312992,132728.7465331348,-4.889443516731262e-09,-3.6837864023004446e-12,both,True,compared
China,Female,95+ years,2001,143738.17119519235,143738.17119519692,-4.5693013817071915e-09,-3.178906023162219e-12,both,True,compared
China,Female,95+ years,2002,153813.842105822,153813.84210582392,-1.9208528101444244e-09,-1.2488166109412322e-12,both,True,compared
China,Female,95+ years,2003,162886.11131621528,162886.11131622136,-6.082700565457344e-09,-3.7343273261947e-12,both,True,compared
China,Female,95+ years,2004,170755.60421884677,170755.60421885393,-7.159542292356491e-09,-4.192859335486614e-12,both,True,compared
China,Female,95+ years,2005,179576.29153564738,179576.29153565504,-7.654307410120964e-09,-4.262426484401211e-12,both,True,compared
China,Female,95+ years,2006,191918.5797733979,191918.5797734033,-5.384208634495735e-09,-2.8054650262903037e-12,both,True,compared
China,Female,95+ years,2007,207299.97869725607,207299.9786972608,-4.743924364447594e-09,-2.28843456437383e-12,both,True,compared
China,Female,95+ years,2008,223712.7489817499,223712.74898176108,-1.1175870895385742e-08,-4.995634332980035e-12,both,True,compared
China,Female,95+ years,2009,242446.212974652,242446.2129746633,-1.1292286217212677e-08,-4.6576459490391366e-12,both,True,compared
China,Female,95+ years,2010,264791.5341721057,264791.53417211457,-8.847564458847046e-09,-3.3413320733647106e-12,both,True,compared
China,Female,95+ years,2011,290683.0285579477,290683.0285579484,-6.984919309616089e-10,-2.402933306518665e-13,both,True,compared
China,Female,95+ years,2012,319292.73837337905,319292.7383733854,-6.344635039567947e-09,-1.987090302112843e-12,both,True,compared
China,Female,95+ years,2013,347618.6553701523,347618.6553701573,-5.005858838558197e-09,-1.4400432086211954e-12,both,True,compared
China,Female,95+ years,2014,375423.61786509736,375423.6178651075,-1.0128132998943329e-08,-2.6977879166309448e-12,both,True,compared
China,Female,95+ years,2015,406998.42305259866,406998.42305260274,-4.0745362639427185e-09,-1.0011184400623939e-12,both,True,compared
China,Female,95+ years,2016,441948.4010988618,441948.4010988645,-2.6775524020195007e-09,-6.05851813325272e-13,both,True,compared
China,Female,95+ years,2017,478860.31906713534,478860.31906714005,-4.71482053399086e-09,-9.845920295036706e-13,both,True,compared
China,Female,95+ years,2018,520733.7224462656,520733.72244628356,-1.798616722226143e-08,-3.454004695099695e-12,both,True,compared
China,Female,95+ years,2019,570190.0018680498,570190.001868051,-1.1641532182693481e-09,-2.0416934959493553e-13,both,True,compared
China,Female,95+ years,2020,629042.7915714495,629042.7915714518,-2.3283064365386963e-09,-3.701348251240928e-13,both,True,compared
China,Female,95+ years,2021,687934.0338941858,687934.0338942156,-2.9802322387695312e-08,-4.332148275757402e-12,both,True,compared
China,Female,95+ years,2022,749076.793625368,749076.7936253794,-1.1408701539039612e-08,-1.5230349726660185e-12,both,True,compared
China,Female,95+ years,2023,817888.0316857118,817888.0316857549,-4.307366907596588e-08,-5.266450590698669e-12,both,True,compared
China,Male,0-4 years,1990,58382714.24007236,,,,both,False,unavailable_zero_burden_number_and_rate
China,Male,0-4 years,1991,58409752.471515656,,,,both,False,unavailable_zero_burden_number_and_rate
China,Male,0-4 years,1992,57602814.0835942,,,,both,False,unavailable_zero_burden_number_and_rate
China,Male,0-4 years,1993,56022221.4862126,,,,both,False,unavailable_zero_burden_number_and_rate
China,Male,0-4 years,1994,53800677.60805015,,,,both,False,unavailable_zero_burden_number_and_rate
China,Male,0-4 years,1995,51256159.69092035,,,,both,False,unavailable_zero_burden_number_and_rate
China,Male,0-4 years,1996,48844006.4307394,,,,both,False,unavailable_zero_burden_number_and_rate
China,Male,0-4 years,1997,46639116.39730868,,,,both,False,unavailable_zero_burden_number_and_rate
China,Male,0-4 years,1998,44601334.7490204,,,,both,False,unavailable_zero_burden_number_and_rate
China,Male,0-4 years,1999,42736518.51996394,,,,both,False,unavailable_zero_burden_number_and_rate
China,Male,0-4 years,2000,41112676.03268424,,,,both,False,unavailable_zero_burden_number_and_rate
China,Male,0-4 years,2001,39817692.34345641,,,,both,False,unavailable_zero_burden_number_and_rate
China,Male,0-4 years,2002,38889210.73203819,,,,both,False,unavailable_zero_burden_number_and_rate
China,Male,0-4 years,2003,38294704.23640124,,,,both,False,unavailable_zero_burden_number_and_rate
China,Male,0-4 years,2004,38023233.41487426,,,,both,False,unavailable_zero_burden_number_and_rate
China,Male,0-4 years,2005,38062150.53982901,,,,both,False,unavailable_zero_burden_number_and_rate
China,Male,0-4 years,2006,38370664.47023438,,,,both,False,unavailable_zero_burden_number_and_rate
China,Male,0-4 years,2007,38930967.85328312,,,,both,False,unavailable_zero_burden_number_and_rate
China,Male,0-4 years,2008,39665388.86514803,,,,both,False,unavailable_zero_burden_number_and_rate
China,Male,0-4 years,2009,40339309.84854568,,,,both,False,unavailable_zero_burden_number_and_rate
China,Male,0-4 years,2010,40511561.84091172,,,,both,False,unavailable_zero_burden_number_and_rate
China,Male,0-4 years,2011,40137339.89143678,,,,both,False,unavailable_zero_burden_number_and_rate
China,Male,0-4 years,2012,39887213.0814118,,,,both,False,unavailable_zero_burden_number_and_rate
China,Male,0-4 years,2013,40013697.65506523,,,,both,False,unavailable_zero_burden_number_and_rate
China,Male,0-4 years,2014,40440918.84408595,,,,both,False,unavailable_zero_burden_number_and_rate
China,Male,0-4 years,2015,41799574.01636314,,,,both,False,unavailable_zero_burden_number_and_rate
China,Male,0-4 years,2016,44241445.39605936,,,,both,False,unavailable_zero_burden_number_and_rate
China,Male,0-4 years,2017,46378425.013710864,,,,both,False,unavailable_zero_burden_number_and_rate
China,Male,0-4 years,2018,47281795.81469405,,,,both,False,unavailable_zero_burden_number_and_rate
China,Male,0-4 years,2019,46990448.67485229,,,,both,False,unavailable_zero_burden_number_and_rate
China,Male,0-4 years,2020,45115918.090208754,,,,both,False,unavailable_zero_burden_number_and_rate
China,Male,0-4 years,2021,41558929.958508044,,,,both,False,unavailable_zero_burden_number_and_rate
China,Male,0-4 years,2022,37262478.09908184,,,,both,False,unavailable_zero_burden_number_and_rate
China,Male,0-4 years,2023,33198825.288135,,,,both,False,unavailable_zero_burden_number_and_rate
China,Male,10-14 years,1990,52939930.76247201,52939930.76247197,4.470348358154297e-08,8.444190035328175e-14,both,True,compared
China,Male,10-14 years,1991,52232065.88682595,52232065.88682598,-2.9802322387695312e-08,-5.705752181479787e-14,both,True,compared
China,Male,10-14 years,1992,51937978.6491527,51937978.64918124,-2.8535723686218262e-05,-5.494192193920466e-11,both,True,compared
China,Male,10-14 years,1993,52273777.88981119,52273777.88982685,-1.5661120414733887e-05,-2.995980211674434e-11,both,True,compared
China,Male,10-14 years,1994,53410370.66290055,53410370.662900575,-2.2351741790771484e-08,-4.184906697585841e-14,both,True,compared
China,Male,10-14 years,1995,55341891.07638076,55341891.07638188,-1.1175870895385742e-06,-2.019423383989758e-12,both,True,compared
China,Male,10-14 years,1996,57951058.69606762,57951058.69606753,8.940696716308594e-08,1.542801273605599e-13,both,True,compared
China,Male,10-14 years,1997,60825948.84016048,60825948.84016904,-8.560717105865479e-06,-1.407412012324129e-11,both,True,compared
China,Male,10-14 years,1998,63366418.73105659,63366418.731064774,-8.180737495422363e-06,-1.291020963350244e-11,both,True,compared
China,Male,10-14 years,1999,65035781.08336239,65035781.08336237,2.2351741790771484e-08,3.436837602076491e-14,both,True,compared
China,Male,10-14 years,2000,65413781.56451757,65413781.56452313,-5.558133125305176e-06,-8.496883978222835e-12,both,True,compared
China,Male,10-14 years,2001,64139684.92613306,64139684.92613436,-1.30385160446167e-06,-2.0328313211442497e-12,both,True,compared
China,Male,10-14 years,2002,61661443.59856119,61661443.59856121,-2.2351741790771484e-08,-3.624913801287169e-14,both,True,compared
China,Male,10-14 years,2003,58390757.11074113,58390757.110741116,1.4901161193847656e-08,2.551972594838396e-14,both,True,compared
China,Male,10-14 years,2004,54722922.38380704,54722922.38381994,-1.2896955013275146e-05,-2.356773807294228e-11,both,True,compared
China,Male,10-14 years,2005,51164074.80789448,51164074.80791341,-1.8924474716186523e-05,-3.6987817696776817e-11,both,True,compared
China,Male,10-14 years,2006,48248388.34611892,48248388.34612062,-1.6987323760986328e-06,-3.5208064648967245e-12,both,True,compared
China,Male,10-14 years,2007,45851737.81205484,45851737.81207268,-1.7836689949035645e-05,-3.8900793732503234e-11,both,True,compared
China,Male,10-14 years,2008,43791349.3682753,43791349.36827528,2.2351741790771484e-08,5.1041454792357307e-14,both,True,compared
China,Male,10-14 years,2009,41998600.63462629,41998600.63462787,-1.5795230865478516e-06,-3.760894560009681e-12,both,True,compared
China,Male,10-14 years,2010,40518302.25460393,40518302.25461171,-7.778406143188477e-06,-1.9197265705535942e-11,both,True,compared
China,Male,10-14 years,2011,39454666.41873664,39454666.41875853,-2.1889805793762207e-05,-5.548090449287629e-11,both,True,compared
China,Male,10-14 years,2012,38829848.23176552,38829848.23177579,-1.0266900062561035e-05,-2.6440742186991076e-11,both,True,compared
China,Male,10-14 years,2013,38605927.05083066,38605927.050835535,-4.872679710388184e-06,-1.2621584514658976e-11,both,True,compared
China,Male,10-14 years,2014,38777979.91524663,38777979.91524664,-1.4901161193847656e-08,-3.842686294235986e-14,both,True,compared
China,Male,10-14 years,2015,39352260.44821308,39352260.448226504,-1.3425946235656738e-05,-3.41173444237722e-11,both,True,compared
China,Male,10-14 years,2016,40317681.3106524,40317681.310652405,-7.450580596923828e-09,-1.8479685226727804e-14,both,True,compared
China,Male,10-14 years,2017,41646214.21253925,41646214.21254511,-5.863606929779053e-06,-1.4079567712576335e-11,both,True,compared
China,Male,10-14 years,2018,43235880.87273994,43235880.87273996,-2.2351741790771484e-08,-5.1697204589311776e-14,both,True,compared
China,Male,10-14 years,2019,44791350.907874525,44791350.9078745,2.2351741790771484e-08,4.990191485124854e-14,both,True,compared
China,Male,10-14 years,2020,45753784.9053508,45753784.90535082,-2.2351741790771484e-08,-4.885222465640761e-14,both,True,compared
China,Male,10-14 years,2021,46036499.78133913,46036499.78134443,-5.297362804412842e-06,-1.1506875695532624e-11,both,True,compared
China,Male,10-14 years,2022,46423259.21735058,46423259.21736543,-1.484900712966919e-05,-3.1986136647896986e-11,both,True,compared
China,Male,10-14 years,2023,47171270.18552175,47171270.18553436,-1.2606382369995117e-05,-2.6724704084530644e-11,both,True,compared
China,Male,15-19 years,1990,65205213.72819397,65205213.72819899,-5.02169132232666e-06,-7.701364714882208e-12,both,True,compared
China,Male,15-19 years,1991,62118545.03305101,62118545.03305417,-3.166496753692627e-06,-5.0975063115336164e-12,both,True,compared
China,Male,15-19 years,1992,58766833.23881751,58766833.23881847,-9.5367431640625e-07,-1.6228104593124737e-12,both,True,compared
China,Male,15-19 years,1993,55621943.1298213,55621943.12982704,-5.736947059631348e-06,-1.0314179506892353e-11,both,True,compared
China,Male,15-19 years,1994,53160226.54413485,53160226.54413726,-2.4139881134033203e-06,-4.5409665652932676e-12,both,True,compared
China,Male,15-19 years,1995,51498659.2802912,51498659.28029295,-1.7508864402770996e-06,-3.3998680057816045e-12,both,True,compared
China,Male,15-19 years,1996,50430443.82387326,50430443.82387804,-4.783272743225098e-06,-9.484891229453637e-12,both,True,compared
China,Male,15-19 years,1997,49864405.38145459,49864405.38145622,-1.6316771507263184e-06,-3.272228232231496e-12,both,True,compared
China,Male,15-19 years,1998,50039925.87379284,50039925.87379776,-4.9173831939697266e-06,-9.82691942104791e-12,both,True,compared
China,Male,15-19 years,1999,51164037.2549182,51164037.254922494,-4.291534423828125e-06,-8.38779473645934e-12,both,True,compared
China,Male,15-19 years,2000,53280309.98540681,53280309.98540991,-3.0994415283203125e-06,-5.817236290797169e-12,both,True,compared
China,Male,15-19 years,2001,56325469.72512192,56325469.72512478,-2.853572368621826e-06,-5.066220277518776e-12,both,True,compared
China,Male,15-19 years,2002,59750187.19246057,59750187.1924625,-1.9297003746032715e-06,-3.2296139397648046e-12,both,True,compared
China,Male,15-19 years,2003,62864212.34558252,62864212.34558298,-4.544854164123535e-07,-7.22963669557995e-13,both,True,compared
China,Male,15-19 years,2004,65057619.25168632,65057619.251688436,-2.115964889526367e-06,-3.2524474671297175e-12,both,True,compared
China,Male,15-19 years,2005,65849493.90950658,65849493.9095129,-6.318092346191406e-06,-9.594747007279997e-12,both,True,compared
China,Male,15-19 years,2006,64865544.00205135,64865544.00205261,-1.259148120880127e-06,-1.9411663622836598e-12,both,True,compared
China,Male,15-19 years,2007,62558214.46999851,62558214.47000095,-2.4437904357910156e-06,-3.906426128838766e-12,both,True,compared
China,Male,15-19 years,2008,59358980.78935212,59358980.78935331,-1.1920928955078125e-06,-2.008277230598359e-12,both,True,compared
China,Male,15-19 years,2009,55682273.480205126,55682273.48021079,-5.662441253662109e-06,-1.0169199100096173e-11,both,True,compared
China,Male,15-19 years,2010,52050711.09239889,52050711.09240373,-4.842877388000488e-06,-9.304152213028473e-12,both,True,compared
China,Male,15-19 years,2011,49010340.2998508,49010340.29985287,-2.0712614059448242e-06,-4.226172259308164e-12,both,True,compared
China,Male,15-19 years,2012,46488432.93320766,46488432.93321196,-4.298985004425049e-06,-9.247429377973707e-12,both,True,compared
China,Male,15-19 years,2013,44326903.72686586,44326903.72686607,-2.086162567138672e-07,-4.706312401139538e-13,both,True,compared
China,Male,15-19 years,2014,42456998.308649816,42456998.30864992,-1.043081283569336e-07,-2.456794698453347e-13,both,True,compared
China,Male,15-19 years,2015,40904271.50050877,40904271.50051312,-4.351139068603516e-06,-1.0637370888146475e-11,both,True,compared
China,Male,15-19 years,2016,39740219.51442549,39740219.51442576,-2.7567148208618164e-07,-6.936838433570161e-13,both,True,compared
China,Male,15-19 years,2017,39000499.76218243,39000499.76218245,-2.2351741790771484e-08,-5.731142402550768e-14,both,True,compared
China,Male,15-19 years,2018,38661639.08817282,38661639.08817377,-9.462237358093262e-07,-2.4474485772611495e-12,both,True,compared
China,Male,15-19 years,2019,38732910.15875944,38732910.158761315,-1.8775463104248047e-06,-4.8474186492289635e-12,both,True,compared
China,Male,15-19 years,2020,39235262.88197871,39235262.88197943,-7.152557373046875e-07,-1.822992086114489e-12,both,True,compared
China,Male,15-19 years,2021,40172887.60089935,40172887.600900985,-1.6316771507263184e-06,-4.0616377068443294e-12,both,True,compared
China,Male,15-19 years,2022,41497456.02754232,41497456.02754271,-3.8743019104003906e-07,-9.336239570514813e-13,both,True,compared
China,Male,15-19 years,2023,43091173.37301931,43091173.37302153,-2.2202730178833008e-06,-5.152500719030039e-12,both,True,compared
China,Male,20-24 years,1990,67707110.41351098,67707110.41351292,-1.9371509552001953e-06,-2.861074624761473e-12,both,True,compared
China,Male,20-24 years,1991,67778008.86958688,67778008.86958754,-6.556510925292969e-07,-9.67350772712797e-13,both,True,compared
China,Male,20-24 years,1992,67098076.42308301,67098076.42308443,-1.4230608940124512e-06,-2.120866900921904e-12,both,True,compared
China,Male,20-24 years,1993,65859614.36492348,65859614.36492512,-1.6391277313232422e-06,-2.4888207243986444e-12,both,True,compared
China,Male,20-24 years,1994,63944468.0649641,63944468.06496544,-1.341104507446289e-06,-2.0972955879213817e-12,both,True,compared
China,Male,20-24 years,1995,61368700.34301637,61368700.34301775,-1.3783574104309082e-06,-2.2460267249048274e-12,both,True,compared
China,Male,20-24 years,1996,58305019.72748424,58305019.72748611,-1.8700957298278809e-06,-3.207435206382996e-12,both,True,compared
China,Male,20-24 years,1997,55063953.30501914,55063953.3050208,-1.6614794731140137e-06,-3.017363217476374e-12,both,True,compared
China,Male,20-24 years,1998,52072581.25378887,52072581.25378994,-1.0654330253601074e-06,-2.0460537958881865e-12,both,True,compared
China,Male,20-24 years,1999,49768823.79478455,49768823.794784635,-8.195638656616211e-08,-1.646741480250747e-13,both,True,compared
China,Male,20-24 years,2000,48264375.13394125,48264375.1339426,-1.3485550880432129e-06,-2.7941003779718683e-12,both,True,compared
China,Male,20-24 years,2001,47374586.29050184,47374586.29050334,-1.4975666999816895e-06,-3.161118264545009e-12,both,True,compared
China,Male,20-24 years,2002,47009864.08463402,47009864.08463441,-3.8743019104003906e-07,-8.24146588346928e-13,both,True,compared
China,Male,20-24 years,2003,47389301.68948067,47389301.689481124,-4.544854164123535e-07,-9.590464518561133e-13,both,True,compared
China,Male,20-24 years,2004,48707874.01107007,48707874.01107161,-1.5348196029663086e-06,-3.1510708158140566e-12,both,True,compared
China,Male,20-24 years,2005,51009849.16522046,51009849.1652221,-1.6391277313232422e-06,-3.2133553777313113e-12,both,True,compared
China,Male,20-24 years,2006,54224238.41170581,54224238.41170655,-7.450580596923828e-07,-1.3740313953981535e-12,both,True,compared
China,Male,20-24 years,2007,57810517.63249793,57810517.632498465,-5.364418029785156e-07,-9.27931153269863e-13,both,True,compared
China,Male,20-24 years,2008,61071259.93317326,61071259.93317353,-2.682209014892578e-07,-4.3919333215452965e-13,both,True,compared
China,Male,20-24 years,2009,63377974.05743532,63377974.057436824,-1.5050172805786133e-06,-2.3746692805527584e-12,both,True,compared
China,Male,20-24 years,2010,64225784.03419074,64225784.034191586,-8.493661880493164e-07,-1.3224691622248698e-12,both,True,compared
China,Male,20-24 years,2011,63221714.30957765,63221714.30957861,-9.611248970031738e-07,-1.5202449150569302e-12,both,True,compared
China,Male,20-24 years,2012,60842258.421028905,60842258.42103039,-1.4826655387878418e-06,-2.436900893007266e-12,both,True,compared
China,Male,20-24 years,2013,57561125.5134673,57561125.513468675,-1.3783574104309082e-06,-2.3945977395949644e-12,both,True,compared
China,Male,20-24 years,2014,53836572.40307479,53836572.40307518,-3.8743019104003906e-07,-7.196412656796694e-13,both,True,compared
China,Male,20-24 years,2015,50227383.01721816,50227383.017219014,-8.568167686462402e-07,-1.7058757935935461e-12,both,True,compared
China,Male,20-24 years,2016,47304485.899898246,47304485.89989865,-4.023313522338867e-07,-8.505141628328152e-13,both,True,compared
China,Male,20-24 years,2017,44947246.3141554,44947246.31415601,-6.109476089477539e-07,-1.3592548132483612e-12,both,True,compared
China,Male,20-24 years,2018,42967520.15877505,42967520.158775665,-6.183981895446777e-07,-1.4392224342004185e-12,both,True,compared
China,Male,20-24 years,2019,41271448.029008925,41271448.02901022,-1.296401023864746e-06,-3.1411571092769274e-12,both,True,compared
China,Male,20-24 years,2020,39860940.32584561,39860940.325845785,-1.7881393432617188e-07,-4.48594370490126e-13,both,True,compared
China,Male,20-24 years,2021,38786900.94026139,38786900.94026235,-9.611248970031738e-07,-2.477962594855089e-12,both,True,compared
China,Male,20-24 years,2022,38105523.38092611,38105523.38092705,-9.387731552124023e-07,-2.4636143842661652e-12,both,True,compared
China,Male,20-24 years,2023,37809781.14926104,37809781.14926183,-7.897615432739258e-07,-2.0887757592571017e-12,both,True,compared
China,Male,25-29 years,1990,56578756.17042778,56578756.17042855,-7.748603820800781e-07,-1.3695253033594917e-12,both,True,compared
China,Male,25-29 years,1991,61306319.60945392,61306319.609454624,-7.078051567077637e-07,-1.1545386531384843e-12,both,True,compared
China,Male,25-29 years,1992,65003222.19991686,65003222.199917525,-6.631016731262207e-07,-1.0201058511943563e-12,both,True,compared
China,Male,25-29 years,1993,67099333.99387164,67099333.993872575,-9.387731552124023e-07,-1.3990796917569153e-12,both,True,compared
China,Male,25-29 years,1994,67940231.28420015,67940231.28420143,-1.2814998626708984e-06,-1.8862165147926393e-12,both,True,compared
China,Male,25-29 years,1995,67864021.03218742,67864021.03218801,-5.960464477539062e-07,-8.782952125268347e-13,both,True,compared
China,Male,25-29 years,1996,67211767.80542432,67211767.80542514,-8.195638656616211e-07,-1.2193755534510406e-12,both,True,compared
China,Male,25-29 years,1997,66134480.80279506,66134480.802795894,-8.344650268554688e-07,-1.2617699825054067e-12,both,True,compared
China,Male,25-29 years,1998,64769326.62756689,64769326.62756696,-7.450580596923828e-08,-1.150325468066969e-13,both,True,compared
China,Male,25-29 years,1999,62933948.192865215,62933948.1928654,-1.862645149230957e-07,-2.9596826557309877e-13,both,True,compared
China,Male,25-29 years,2000,60568637.90839069,60568637.90839194,-1.2442469596862793e-06,-2.054275946519034e-12,both,True,compared
China,Male,25-29 years,2001,57768323.969023,57768323.96902324,-2.4586915969848633e-07,-4.256124166426021e-13,both,True,compared
China,Male,25-29 years,2002,54799422.580518566,54799422.58051969,-1.125037670135498e-06,-2.0530100814154452e-12,both,True,compared
China,Male,25-29 years,2003,52054969.06979422,52054969.06979439,-1.6391277313232422e-07,-3.148840083115857e-13,both,True,compared
China,Male,25-29 years,2004,49951132.16305118,49951132.16305219,-1.0058283805847168e-06,-2.0136247909286176e-12,both,True,compared
China,Male,25-29 years,2005,48585070.716089845,48585070.71609016,-3.129243850708008e-07,-6.440751870042459e-13,both,True,compared
China,Male,25-29 years,2006,47751739.69239024,47751739.69239068,-4.3958425521850586e-07,-9.205617597395271e-13,both,True,compared
China,Male,25-29 years,2007,47379586.38511964,47379586.385120176,-5.364418029785156e-07,-1.1322213719176625e-12,both,True,compared
China,Male,25-29 years,2008,47695936.294425726,47695936.294426605,-8.791685104370117e-07,-1.8432776012822734e-12,both,True,compared
China,Male,25-29 years,2009,48909182.87642833,48909182.8764286,-2.682209014892578e-07,-5.484060164467117e-13,both,True,compared
China,Male,25-29 years,2010,51083055.93156855,51083055.93156926,-7.152557373046875e-07,-1.4001819669184482e-12,both,True,compared
China,Male,25-29 years,2011,54162222.66009306,54162222.66009308,-1.4901161193847656e-08,-2.7512093230300333e-14,both,True,compared
China,Male,25-29 years,2012,57592649.57677828,57592649.576779366,-1.087784767150879e-06,-1.888756247792914e-12,both,True,compared
China,Male,25-29 years,2013,60659159.62974082,60659159.62974137,-5.513429641723633e-07,-9.089195556577463e-13,both,True,compared
China,Male,25-29 years,2014,62726563.22256144,62726563.22256152,-8.195638656616211e-08,-1.306565868679445e-13,both,True,compared
China,Male,25-29 years,2015,63300964.162493296,63300964.1624937,-4.023313522338867e-07,-6.355848722953159e-13,both,True,compared
China,Male,25-29 years,2016,62017458.08236649,62017458.08236759,-1.1026859283447266e-06,-1.7780250310811348e-12,both,True,compared
China,Male,25-29 years,2017,59394074.10198269,59394074.10198365,-9.611248970031738e-07,-1.6182168196660037e-12,both,True,compared
China,Male,25-29 years,2018,55930143.42659249,55930143.426592566,-7.450580596923828e-08,-1.3321225622642301e-13,both,True,compared
China,Male,25-29 years,2019,52102071.91539423,52102071.91539448,-2.4586915969848633e-07,-4.718990064305698e-13,both,True,compared
China,Male,25-29 years,2020,48481224.65408513,48481224.65408526,-1.341104507446289e-07,-2.7662347991724767e-13,both,True,compared
China,Male,25-29 years,2021,45643401.39954061,45643401.39954063,-2.2351741790771484e-08,-4.897036834550295e-14,both,True,compared
China,Male,25-29 years,2022,43411376.01037632,43411376.01037684,-5.21540641784668e-07,-1.2013916390487316e-12,both,True,compared
China,Male,25-29 years,2023,41562547.03585324,41562547.03585346,-2.2351741790771484e-07,-5.377856600436477e-13,both,True,compared
China,Male,30-34 years,1990,46161516.857446335,46161516.85744704,-7.078051567077637e-07,-1.5333230034306971e-12,both,True,compared
China,Male,30-34 years,1991,45050141.85099285,45050141.8509932,-3.501772880554199e-07,-7.77305628056979e-13,both,True,compared
China,Male,30-34 years,1992,45767545.97253076,45767545.97253103,-2.682209014892578e-07,-5.860504333141249e-13,both,True,compared
China,Male,30-34 years,1993,48773688.62760311,48773688.62760394,-8.270144462585449e-07,-1.6956159550961298e-12,both,True,compared
China,Male,30-34 years,1994,53099271.6504411,53099271.65044202,-9.164214134216309e-07,-1.725864376171755e-12,both,True,compared
China,Male,30-34 years,1995,57705282.62304925,57705282.62304981,-5.587935447692871e-07,-9.683576951169596e-13,both,True,compared
China,Male,30-34 years,1996,61667380.4706653,61667380.470666125,-8.270144462585449e-07,-1.3410889840731104e-12,both,True,compared
China,Male,30-34 years,1997,64541167.66744957,64541167.667450555,-9.834766387939453e-07,-1.5237974061165737e-12,both,True,compared
China,Male,30-34 years,1998,65889046.36130644,65889046.361306794,-3.5762786865234375e-07,-5.427728710645931e-13,both,True,compared
China,Male,30-34 years,1999,66182344.92747709,66182344.927477814,-7.227063179016113e-07,-1.0919926132770849e-12,both,True,compared
China,Male,30-34 years,2000,65863155.848605104,65863155.8486051,7.450580596923828e-09,1.1312213180385619e-14,both,True,compared
China,Male,30-34 years,2001,65350463.10146773,65350463.10146879,-1.0579824447631836e-06,-1.6189364153708989e-12,both,True,compared
China,Male,30-34 years,2002,64661701.08899279,64661701.08899296,-1.7136335372924805e-07,-2.6501522670027443e-13,both,True,compared
China,Male,30-34 years,2003,63810578.46196383,63810578.46196482,-9.909272193908691e-07,-1.552919975457581e-12,both,True,compared
China,Male,30-34 years,2004,62516361.9889072,62516361.98890806,-8.568167686462402e-07,-1.3705480315669557e-12,both,True,compared
China,Male,30-34 years,2005,60642444.4916021,60642444.49160318,-1.080334186553955e-06,-1.7814819234464768e-12,both,True,compared
China,Male,30-34 years,2006,58234916.87969371,58234916.879694365,-6.556510925292969e-07,-1.1258728056292974e-12,both,True,compared
China,Male,30-34 years,2007,55558700.87778638,55558700.87778735,-9.685754776000977e-07,-1.743337159251965e-12,both,True,compared
China,Male,30-34 years,2008,53013375.49887148,53013375.49887157,-8.940696716308594e-08,-1.6864982907000364e-13,both,True,compared
China,Male,30-34 years,2009,51027230.86693123,51027230.86693148,-2.5331974029541016e-07,-4.964403045033291e-13,both,True,compared
China,Male,30-34 years,2010,49703834.54907832,49703834.549078465,-1.4156103134155273e-07,-2.848090748446646e-13,both,True,compared
China,Male,30-34 years,2011,48834990.65631909,48834990.65631929,-2.0116567611694336e-07,-4.1192938385647705e-13,both,True,compared
China,Male,30-34 years,2012,48387629.40828967,48387629.40829059,-9.164214134216309e-07,-1.893916739935665e-12,both,True,compared
China,Male,30-34 years,2013,48621986.51597048,48621986.51597061,-1.2665987014770508e-07,-2.604991676062065e-13,both,True,compared
China,Male,30-34 years,2014,49769703.631367214,49769703.63136737,-1.564621925354004e-07,-3.1437236133508045e-13,both,True,compared
China,Male,30-34 years,2015,51909323.96926642,51909323.969267175,-7.525086402893066e-07,-1.4496598736959837e-12,both,True,compared
China,Male,30-34 years,2016,54992999.96968884,54992999.96968907,-2.3096799850463867e-07,-4.199952696378523e-13,both,True,compared
China,Male,30-34 years,2017,58446240.44334499,58446240.443345234,-2.4586915969848633e-07,-4.2067574891634e-13,both,True,compared
China,Male,30-34 years,2018,61530956.636488855,61530956.63648993,-1.0728836059570312e-06,-1.7436485057357191e-12,both,True,compared
China,Male,30-34 years,2019,63591556.98295951,63591556.982960016,-5.066394805908203e-07,-7.96708721452729e-13,both,True,compared
China,Male,30-34 years,2020,64117703.69830079,64117703.69830155,-7.599592208862305e-07,-1.1852564534471475e-12,both,True,compared
China,Male,30-34 years,2021,62734338.39546941,62734338.39547007,-6.556510925292969e-07,-1.0451231483404742e-12,both,True,compared
China,Male,30-34 years,2022,59997047.84313331,59997047.843134336,-1.0281801223754883e-06,-1.7137178566914506e-12,both,True,compared
China,Male,30-34 years,2023,56426224.68887825,56426224.68887838,-1.2665987014770508e-07,-2.2446986458172532e-13,both,True,compared
China,Male,35-39 years,1990,47340672.996194296,47340672.99619498,-6.854534149169922e-07,-1.4479164987200238e-12,both,True,compared
China,Male,35-39 years,1991,49330684.56039584,49330684.56039654,-7.003545761108398e-07,-1.419713880624121e-12,both,True,compared
China,Male,35-39 years,1992,50103624.48518901,50103624.48518927,-2.5331974029541016e-07,-5.05591647107872e-13,both,True,compared
China,Male,35-39 years,1993,49122594.46026366,49122594.46026403,-3.650784492492676e-07,-7.431986304074137e-13,both,True,compared
China,Male,35-39 years,1994,47027302.51004421,47027302.51004428,-6.705522537231445e-08,-1.4258786235504925e-13,both,True,compared
China,Male,35-39 years,1995,44854794.98267743,44854794.982677884,-4.544854164123535e-07,-1.0132370833215763e-12,both,True,compared
China,Male,35-39 years,1996,43759392.52256759,43759392.52256799,-3.948807716369629e-07,-9.023908899862241e-13,both,True,compared
China,Male,35-39 years,1997,44540650.67932487,44540650.67932487,0.0,0.0,both,True,compared
China,Male,35-39 years,1998,47587788.29867246,47587788.29867277,-3.129243850708008e-07,-6.575728695496662e-13,both,True,compared
China,Male,35-39 years,1999,51918503.19563775,51918503.19563776,-1.4901161193847656e-08,-2.870106084857175e-14,both,True,compared
China,Male,35-39 years,2000,56501170.19880946,56501170.19880995,-4.917383193969727e-07,-8.703152831467093e-13,both,True,compared
China,Male,35-39 years,2001,60418929.65200911,60418929.65200933,-2.2351741790771484e-07,-3.6994600731110806e-13,both,True,compared
China,Male,35-39 years,2002,63303568.75174474,63303568.75174554,-7.972121238708496e-07,-1.259347837082056e-12,both,True,compared
China,Male,35-39 years,2003,64760238.70864987,64760238.708650455,-5.885958671569824e-07,-9.08884647267931e-13,both,True,compared
China,Male,35-39 years,2004,65245690.95758511,65245690.957585305,-1.9371509552001953e-07,-2.9690097947763285e-13,both,True,compared
China,Male,35-39 years,2005,65163576.31261872,65163576.312619455,-7.37607479095459e-07,-1.1319321633865323e-12,both,True,compared
China,Male,35-39 years,2006,64870224.380736165,64870224.38073704,-8.717179298400879e-07,-1.3437874435639425e-12,both,True,compared
China,Male,35-39 years,2007,64373178.66132106,64373178.66132209,-1.0281801223754883e-06,-1.5972181951507008e-12,both,True,compared
China,Male,35-39 years,2008,63670728.43340621,63670728.433406524,-3.129243850708008e-07,-4.914729150587482e-13,both,True,compared
China,Male,35-39 years,2009,62469578.00334341,62469578.00334377,-3.5762786865234375e-07,-5.724832471786559e-13,both,True,compared
China,Male,35-39 years,2010,60624676.002251714,60624676.00225257,-8.568167686462402e-07,-1.4133135632995654e-12,both,True,compared
China,Male,35-39 years,2011,58181043.6958833,58181043.69588425,-9.5367431640625e-07,-1.639149550824797e-12,both,True,compared
China,Male,35-39 years,2012,55423066.06514603,55423066.06514659,-5.587935447692871e-07,-1.0082328251426283e-12,both,True,compared
China,Male,35-39 years,2013,52771632.649582975,52771632.649583034,-5.960464477539063e-08,-1.1294826743599271e-13,both,True,compared
China,Male,35-39 years,2014,50669366.18122334,50669366.18122383,-4.917383193969727e-07,-9.704844493973505e-13,both,True,compared
China,Male,35-39 years,2015,49233145.29013449,49233145.29013522,-7.301568984985352e-07,-1.4830596221217793e-12,both,True,compared
China,Male,35-39 years,2016,48277060.71698429,48277060.716984704,-4.172325134277344e-07,-8.642458907630811e-13,both,True,compared
China,Male,35-39 years,2017,47765659.37940603,47765659.3794064,-3.725290298461914e-07,-7.799097399392456e-13,both,True,compared
China,Male,35-39 years,2018,47960293.02882768,47960293.028828345,-6.631016731262207e-07,-1.382605549819405e-12,both,True,compared
China,Male,35-39 years,2019,49088885.1174783,49088885.11747858,-2.7567148208618164e-07,-5.615761723380995e-13,both,True,compared
China,Male,35-39 years,2020,51221336.878505975,51221336.87850671,-7.37607479095459e-07,-1.4400394914428355e-12,both,True,compared
China,Male,35-39 years,2021,54301514.401388064,54301514.40138818,-1.1920928955078125e-07,-2.1953216381702606e-13,both,True,compared
China,Male,35-39 years,2022,57741229.57738858,57741229.57738941,-8.344650268554688e-07,-1.4451805632872159e-12,both,True,compared
China,Male,35-39 years,2023,60809652.51521962,60809652.51522037,-7.450580596923828e-07,-1.2252299246503792e-12,both,True,compared
China,Male,40-44 years,1990,35283594.32994521,35283594.32994537,-1.6391277313232422e-07,-4.645580368018554e-13,both,True,compared
China,Male,40-44 years,1991,37269040.36682386,37269040.366824195,-3.3527612686157227e-07,-8.996103027112773e-13,both,True,compared
China,Male,40-44 years,1992,39155248.77843801,39155248.77843822,-2.086162567138672e-07,-5.327925711680011e-13,both,True,compared
China,Male,40-44 years,1993,41884295.41568928,41884295.41568934,-5.960464477539063e-08,-1.423078607001314e-13,both,True,compared
China,Male,40-44 years,1994,43386783.93954855,43386783.93954862,-6.705522537231445e-08,-1.5455219143632192e-13,both,True,compared
China,Male,40-44 years,1995,46069144.19926336,46069144.19926383,-4.76837158203125e-07,-1.035046703148329e-12,both,True,compared
China,Male,40-44 years,1996,47580726.49798563,47580726.49798585,-2.1606683731079102e-07,-4.5410579706036724e-13,both,True,compared
China,Male,40-44 years,1997,47999852.81463902,47999852.8146392,-1.862645149230957e-07,-3.8805226266504024e-13,both,True,compared
China,Male,40-44 years,1998,46842706.66921788,46842706.669218205,-3.2782554626464844e-07,-6.998433044862351e-13,both,True,compared
China,Male,40-44 years,1999,44737985.21458654,44737985.21458685,-3.0547380447387695e-07,-6.828063512665276e-13,both,True,compared
China,Male,40-44 years,2000,42677995.99237372,42677995.992373794,-7.450580596923828e-08,-1.7457662722155928e-13,both,True,compared
China,Male,40-44 years,2001,41763568.92938162,41763568.92938205,-4.3213367462158203e-07,-1.0347144310206836e-12,both,True,compared
China,Male,40-44 years,2002,42709041.08920493,42709041.08920509,-1.6391277313232422e-07,-3.8378940138216905e-13,both,True,compared
China,Male,40-44 years,2003,45862075.83531525,45862075.83531583,-5.811452865600586e-07,-1.2671587056959125e-12,both,True,compared
China,Male,40-44 years,2004,50262293.07508313,50262293.07508344,-3.129243850708008e-07,-6.225827870673272e-13,both,True,compared
China,Male,40-44 years,2005,54899864.820560776,54899864.820561744,-9.685754776000977e-07,-1.7642584016661412e-12,both,True,compared
China,Male,40-44 years,2006,58872395.28443166,58872395.28443249,-8.344650268554688e-07,-1.4174130725001033e-12,both,True,compared
China,Male,40-44 years,2007,61817767.47816309,61817767.478163935,-8.419156074523926e-07,-1.3619314345989545e-12,both,True,compared
China,Male,40-44 years,2008,63342424.87066109,63342424.870661534,-4.470348358154297e-07,-7.057431677556239e-13,both,True,compared
China,Male,40-44 years,2009,63889048.44903378,63889048.44903411,-3.2782554626464844e-07,-5.13116964836571e-13,both,True,compared
China,Male,40-44 years,2010,63855492.25522139,63855492.255221546,-1.564621925354004e-07,-2.4502542695942755e-13,both,True,compared
China,Male,40-44 years,2011,63595369.31239073,63595369.3123915,-7.674098014831543e-07,-1.2067070445231844e-12,both,True,compared
China,Male,40-44 years,2012,63113784.70078723,63113784.70078751,-2.7567148208618164e-07,-4.36784901100604e-13,both,True,compared
China,Male,40-44 years,2013,62408556.44320168,62408556.44320232,-6.332993507385254e-07,-1.0147636587538986e-12,both,True,compared
China,Male,40-44 years,2014,61193437.570047714,61193437.57004775,-3.725290298461914e-08,-6.087728433621007e-14,both,True,compared
China,Male,40-44 years,2015,59330757.72396071,59330757.72396124,-5.289912223815918e-07,-8.91596943431516e-13,both,True,compared
China,Male,40-44 years,2016,56871606.781493865,56871606.781494156,-2.905726432800293e-07,-5.109274376516863e-13,both,True,compared
China,Male,40-44 years,2017,54103708.23081007,54103708.23081095,-8.791685104370117e-07,-1.6249690440559445e-12,both,True,compared
China,Male,40-44 years,2018,51447559.02461677,51447559.0246174,-6.258487701416016e-07,-1.2164790361426939e-12,both,True,compared
China,Male,40-44 years,2019,49343244.90823092,49343244.908231616,-6.92903995513916e-07,-1.4042529971480108e-12,both,True,compared
China,Male,40-44 years,2020,47912094.21853122,47912094.21853197,-7.525086402893066e-07,-1.57060268928561e-12,both,True,compared
China,Male,40-44 years,2021,46978231.53754471,46978231.537545204,-4.917383193969727e-07,-1.0467365486160934e-12,both,True,compared
China,Male,40-44 years,2022,46496122.99411569,46496122.99411606,-3.725290298461914e-07,-8.012045001974396e-13,both,True,compared
China,Male,40-44 years,2023,46716567.11843333,46716567.11843388,-5.513429641723633e-07,-1.1801872401596382e-12,both,True,compared
China,Male,45-49 years,1990,27312208.79117025,27312208.791170456,-2.0489096641540527e-07,-7.501808732571068e-13,both,True,compared
China,Male,45-49 years,1991,28248737.507113744,28248737.507114027,-2.8312206268310547e-07,-1.0022467822210045e-12,both,True,compared
China,Male,45-49 years,1992,29487554.291225053,29487554.29122528,-2.2724270820617676e-07,-7.706393889499339e-13,both,True,compared
China,Male,45-49 years,1993,30381518.809570204,30381518.809570592,-3.8743019104003906e-07,-1.2752166653301027e-12,both,True,compared
China,Male,45-49 years,1994,33079896.44374556,33079896.443745833,-2.7194619178771973e-07,-8.220890057808412e-13,both,True,compared
China,Male,45-49 years,1995,34537228.672067724,34537228.672067985,-2.60770320892334e-07,-7.550412436630568e-13,both,True,compared
China,Male,45-49 years,1996,36283684.171230815,36283684.171231344,-5.289912223815918e-07,-1.4579313938605682e-12,both,True,compared
China,Male,45-49 years,1997,37936867.62014285,37936867.62014293,-8.195638656616211e-08,-2.1603361507539645e-13,both,True,compared
China,Male,45-49 years,1998,40420117.79648425,40420117.7964848,-5.513429641723633e-07,-1.3640310672729392e-12,both,True,compared
China,Male,45-49 years,1999,41748582.47326908,41748582.47326932,-2.384185791015625e-07,-5.710818547054092e-13,both,True,compared
China,Male,45-49 years,2000,44271248.60459757,44271248.604598,-4.3213367462158203e-07,-9.761045559864895e-13,both,True,compared
China,Male,45-49 years,2001,45745447.94295166,45745447.94295172,-5.960464477539063e-08,-1.3029634085061868e-13,both,True,compared
China,Male,45-49 years,2002,46245113.26296904,46245113.262969494,-4.544854164123535e-07,-9.827750098220314e-13,both,True,compared
China,Male,45-49 years,2003,45275477.84235734,45275477.842357695,-3.5762786865234375e-07,-7.898930849444643e-13,both,True,compared
China,Male,45-49 years,2004,43401164.17995776,43401164.179957956,-1.9371509552001953e-07,-4.4633617364917433e-13,both,True,compared
China,Male,45-49 years,2005,41552867.38270698,41552867.38270719,-2.1606683731079102e-07,-5.199805715470585e-13,both,True,compared
China,Male,45-49 years,2006,40789158.93055015,40789158.930550426,-2.7567148208618164e-07,-6.758449777195822e-13,both,True,compared
China,Male,45-49 years,2007,41828445.888857074,41828445.88885762,-5.438923835754395e-07,-1.3002930709417779e-12,both,True,compared
China,Male,45-49 years,2008,45027633.264239535,45027633.26424,-4.6193599700927734e-07,-1.0258944641803814e-12,both,True,compared
China,Male,45-49 years,2009,49450835.25869302,49450835.258693166,-1.4901161193847656e-07,-3.0133285142495474e-13,both,True,compared
China,Male,45-49 years,2010,54095446.52422387,54095446.52422404,-1.7136335372924805e-07,-3.167796270107721e-13,both,True,compared
China,Male,45-49 years,2011,58051959.4762625,58051959.476263404,-9.015202522277832e-07,-1.5529540438620606e-12,both,True,compared
China,Male,45-49 years,2012,60960822.64444351,60960822.64444367,-1.564621925354004e-07,-2.5666023808105826e-13,both,True,compared
China,Male,45-49 years,2013,62441274.861473456,62441274.86147377,-3.129243850708008e-07,-5.01149897667891e-13,both,True,compared
China,Male,45-49 years,2014,62944386.05404285,62944386.05404292,-6.705522537231445e-08,-1.0653090700533978e-13,both,True,compared
China,Male,45-49 years,2015,62879309.275281206,62879309.27528209,-8.866190910339355e-07,-1.41003312735574e-12,both,True,compared
China,Male,45-49 years,2016,62610935.73725833,62610935.73725882,-4.917383193969727e-07,-7.853872707804788e-13,both,True,compared
China,Male,45-49 years,2017,62137818.11579682,62137818.115797736,-9.164214134216309e-07,-1.4748207150013465e-12,both,True,compared
China,Male,45-49 years,2018,61454701.315559976,61454701.31556045,-4.76837158203125e-07,-7.759164848180502e-13,both,True,compared
China,Male,45-49 years,2019,60276051.05904639,60276051.05904695,-5.587935447692871e-07,-9.270573220231254e-13,both,True,compared
China,Male,45-49 years,2020,58459387.7545253,58459387.7545257,-4.023313522338867e-07,-6.882236843179094e-13,both,True,compared
China,Male,45-49 years,2021,56043831.81229632,56043831.812297165,-8.419156074523926e-07,-1.5022449040817935e-12,both,True,compared
China,Male,45-49 years,2022,53315480.2787586,53315480.27875939,-7.897615432739258e-07,-1.4812987506530527e-12,both,True,compared
China,Male,45-49 years,2023,50693937.38286563,50693937.38286639,-7.599592208862305e-07,-1.4991126357904368e-12,both,True,compared
China,Male,5-9 years,1990,54382227.14583449,,,,both,False,unavailable_zero_burden_number_and_rate
China,Male,5-9 years,1991,56471382.4044351,,,,both,False,unavailable_zero_burden_number_and_rate
China,Male,5-9 years,1992,58662100.451736085,,,,both,False,unavailable_zero_burden_number_and_rate
China,Male,5-9 years,1993,60475872.52354072,,,,both,False,unavailable_zero_burden_number_and_rate
China,Male,5-9 years,1994,61522764.48450756,,,,both,False,unavailable_zero_burden_number_and_rate
China,Male,5-9 years,1995,61557270.34501819,,,,both,False,unavailable_zero_burden_number_and_rate
China,Male,5-9 years,1996,60374514.49096254,,,,both,False,unavailable_zero_burden_number_and_rate
China,Male,5-9 years,1997,58206168.12840305,,,,both,False,unavailable_zero_burden_number_and_rate
China,Male,5-9 years,1998,55318834.12888783,,,,both,False,unavailable_zero_burden_number_and_rate
China,Male,5-9 years,1999,52029473.0216607,,,,both,False,unavailable_zero_burden_number_and_rate
China,Male,5-9 years,2000,48817858.4461301,,,,both,False,unavailable_zero_burden_number_and_rate
China,Male,5-9 years,2001,46248506.48859686,,,,both,False,unavailable_zero_burden_number_and_rate
China,Male,5-9 years,2002,44175389.5115686,,,,both,False,unavailable_zero_burden_number_and_rate
China,Male,5-9 years,2003,42409106.391553804,,,,both,False,unavailable_zero_burden_number_and_rate
China,Male,5-9 years,2004,40869278.31700856,,,,both,False,unavailable_zero_burden_number_and_rate
China,Male,5-9 years,2005,39585524.88533802,,,,both,False,unavailable_zero_burden_number_and_rate
China,Male,5-9 years,2006,38648153.83376092,,,,both,False,unavailable_zero_burden_number_and_rate
China,Male,5-9 years,2007,38098247.25884418,,,,both,False,unavailable_zero_burden_number_and_rate
China,Male,5-9 years,2008,37908681.03621423,,,,both,False,unavailable_zero_burden_number_and_rate
China,Male,5-9 years,2009,38077556.41327169,,,,both,False,unavailable_zero_burden_number_and_rate
China,Male,5-9 years,2010,38604805.03391643,,,,both,False,unavailable_zero_burden_number_and_rate
China,Male,5-9 years,2011,39462875.330910034,,,,both,False,unavailable_zero_burden_number_and_rate
China,Male,5-9 years,2012,40634159.087931976,,,,both,False,unavailable_zero_burden_number_and_rate
China,Male,5-9 years,2013,42033663.90623799,,,,both,False,unavailable_zero_burden_number_and_rate
China,Male,5-9 years,2014,43394774.11917243,,,,both,False,unavailable_zero_burden_number_and_rate
China,Male,5-9 years,2015,44204414.24591612,,,,both,False,unavailable_zero_burden_number_and_rate
China,Male,5-9 years,2016,44388300.49606532,,,,both,False,unavailable_zero_burden_number_and_rate
China,Male,5-9 years,2017,44687724.65954505,,,,both,False,unavailable_zero_burden_number_and_rate
China,Male,5-9 years,2018,45365628.356425725,,,,both,False,unavailable_zero_burden_number_and_rate
China,Male,5-9 years,2019,46270165.678984456,,,,both,False,unavailable_zero_burden_number_and_rate
China,Male,5-9 years,2020,48046810.71861608,,,,both,False,unavailable_zero_burden_number_and_rate
China,Male,5-9 years,2021,50804395.68386745,,,,both,False,unavailable_zero_burden_number_and_rate
China,Male,5-9 years,2022,53035485.2735115,,,,both,False,unavailable_zero_burden_number_and_rate
China,Male,5-9 years,2023,53748923.7990593,,,,both,False,unavailable_zero_burden_number_and_rate
China,Male,50-54 years,1990,25323742.121751267,25323742.121751446,-1.7881393432617188e-07,-7.061118118581046e-13,both,True,compared
China,Male,50-54 years,1991,25277986.946769472,25277986.946769882,-4.0978193283081055e-07,-1.6211019243491645e-12,both,True,compared
China,Male,50-54 years,1992,25285312.284492563,25285312.284492865,-3.0174851417541504e-07,-1.1933746784708562e-12,both,True,compared
China,Male,50-54 years,1993,25532490.330820456,25532490.33082082,-3.650784492492676e-07,-1.429858366806385e-12,both,True,compared
China,Male,50-54 years,1994,25694056.52810465,25694056.528104674,-2.2351741790771484e-08,-8.699187598627224e-14,both,True,compared
China,Male,50-54 years,1995,26045319.989217464,26045319.989217762,-2.980232238769531e-07,-1.1442486558058498e-12,both,True,compared
China,Male,50-54 years,1996,26892236.79857096,26892236.79857103,-7.078051567077637e-08,-2.6320055189510157e-13,both,True,compared
China,Male,50-54 years,1997,28071377.12950364,28071377.12950382,-1.7881393432617188e-07,-6.369973710275669e-13,both,True,compared
China,Male,50-54 years,1998,28950703.01526007,28950703.015260503,-4.3213367462158203e-07,-1.4926534750945497e-12,both,True,compared
China,Male,50-54 years,1999,31591222.584930785,31591222.584931154,-3.688037395477295e-07,-1.1674247128493572e-12,both,True,compared
China,Male,50-54 years,2000,33051787.690851506,33051787.690851517,-1.1175870895385742e-08,-3.381321155732566e-14,both,True,compared
China,Male,50-54 years,2001,34812478.57999559,34812478.579995774,-1.862645149230957e-07,-5.350510004482402e-13,both,True,compared
China,Male,50-54 years,2002,36504917.24501711,36504917.2450175,-3.8743019104003906e-07,-1.061309599579829e-12,both,True,compared
China,Male,50-54 years,2003,39011348.61938679,39011348.6193874,-6.109476089477539e-07,-1.56607661762337e-12,both,True,compared
China,Male,50-54 years,2004,40438353.31737556,40438353.31737607,-5.066394805908203e-07,-1.2528687224589021e-12,both,True,compared
China,Male,50-54 years,2005,43010658.73437748,43010658.73437756,-8.195638656616211e-08,-1.905490150064969e-13,both,True,compared
China,Male,50-54 years,2006,44553335.22359065,44553335.22359108,-4.3213367462158203e-07,-9.699244118379056e-13,both,True,compared
China,Male,50-54 years,2007,45122375.63760903,45122375.6376096,-5.736947059631348e-07,-1.2714195515117477e-12,both,True,compared
China,Male,50-54 years,2008,44234753.664134,44234753.66413456,-5.587935447692871e-07,-1.2632455218629661e-12,both,True,compared
China,Male,50-54 years,2009,42446438.239954464,42446438.23995461,-1.4901161193847656e-07,-3.51057987706995e-13,both,True,compared
China,Male,50-54 years,2010,40674270.34274252,40674270.342743024,-5.066394805908203e-07,-1.2456018911257977e-12,both,True,compared
China,Male,50-54 years,2011,39958724.01106622,39958724.011066586,-3.650784492492676e-07,-9.136389068583929e-13,both,True,compared
China,Male,50-54 years,2012,41005321.14430369,41005321.14430405,-3.650784492492676e-07,-8.903196928137776e-13,both,True,compared
China,Male,50-54 years,2013,44157699.04940014,44157699.04940084,-7.003545761108398e-07,-1.5860305024664861e-12,both,True,compared
China,Male,50-54 years,2014,48488306.51233528,48488306.512335494,-2.1606683731079102e-07,-4.456060705189287e-13,both,True,compared
China,Male,50-54 years,2015,53007353.53287392,53007353.53287426,-3.3527612686157227e-07,-6.325087077845564e-13,both,True,compared
China,Male,50-54 years,2016,56823324.76748235,56823324.76748244,-8.940696716308594e-08,-1.5734202025125054e-13,both,True,compared
China,Male,50-54 years,2017,59599923.10313448,59599923.1031348,-3.203749656677246e-07,-5.375425822502034e-13,both,True,compared
China,Male,50-54 years,2018,60990823.2523687,60990823.252368934,-2.3096799850463867e-07,-3.7869303312882985e-13,both,True,compared
China,Male,50-54 years,2019,61454971.01297346,61454971.012973525,-6.705522537231445e-08,-1.0911277682997971e-13,both,True,compared
China,Male,50-54 years,2020,61397950.61210289,61397950.61210325,-3.650784492492676e-07,-5.946101549150121e-13,both,True,compared
China,Male,50-54 years,2021,61168812.847266495,61168812.84726703,-5.364418029785156e-07,-8.769858004567896e-13,both,True,compared
China,Male,50-54 years,2022,60740014.29139725,60740014.29139786,-6.109476089477539e-07,-1.0058404102718227e-12,both,True,compared
China,Male,50-54 years,2023,60097790.08189067,60097790.081891604,-9.313225746154785e-07,-1.5496785711195642e-12,both,True,compared
China,Male,55-59 years,1990,22797742.113009475,22797742.113009803,-3.2782554626464844e-07,-1.4379737459946773e-12,both,True,compared
China,Male,55-59 years,1991,23298987.480685703,23298987.48068577,-6.705522537231445e-08,-2.8780317354091723e-13,both,True,compared
China,Male,55-59 years,1992,23693018.48485277,23693018.484852977,-2.086162567138672e-07,-8.804967456858149e-13,both,True,compared
China,Male,55-59 years,1993,23865167.43319268,23865167.433192708,-2.60770320892334e-08,-1.0926817154010142e-13,both,True,compared
China,Male,55-59 years,1994,23848607.96002729,23848607.960027426,-1.3783574104309082e-07,-5.77961368957541e-13,both,True,compared
China,Male,55-59 years,1995,23772416.223912213,23772416.223912507,-2.942979335784912e-07,-1.2379807370294259e-12,both,True,compared
China,Male,55-59 years,1996,23650437.84484728,23650437.844847452,-1.7136335372924805e-07,-7.245673625724565e-13,both,True,compared
China,Male,55-59 years,1997,23594898.839785226,23594898.83978549,-2.644956111907959e-07,-1.1209864173895458e-12,both,True,compared
China,Male,55-59 years,1998,23784527.89893657,23784527.898936793,-2.2351741790771484e-07,-9.397597415322612e-13,both,True,compared
China,Male,55-59 years,1999,23922707.75815996,23922707.758159935,2.60770320892334e-08,1.0900535321023016e-13,both,True,compared
China,Male,55-59 years,2000,24275038.67246124,24275038.67246157,-3.2782554626464844e-07,-1.3504635386494742e-12,both,True,compared
China,Male,55-59 years,2001,25138594.942456767,25138594.942457005,-2.384185791015625e-07,-9.484164872671364e-13,both,True,compared
China,Male,55-59 years,2002,26345055.159398463,26345055.159398578,-1.1548399925231934e-07,-4.3835170795275793e-13,both,True,compared
China,Male,55-59 years,2003,27282815.93967206,27282815.939672183,-1.2293457984924316e-07,-4.505934435839647e-13,both,True,compared
China,Male,55-59 years,2004,29900614.50526997,29900614.505270444,-4.731118679046631e-07,-1.582281420407856e-12,both,True,compared
China,Male,55-59 years,2005,31393939.22176868,31393939.221769143,-4.6193599700927734e-07,-1.47141775916088e-12,both,True,compared
China,Male,55-59 years,2006,33173607.03499581,33173607.034996167,-3.5762786865234375e-07,-1.0780493911170757e-12,both,True,compared
China,Male,55-59 years,2007,34881330.302047774,34881330.30204806,-2.8312206268310547e-07,-8.116722046764491e-13,both,True,compared
China,Male,55-59 years,2008,37361151.46162396,37361151.46162404,-8.195638656616211e-08,-2.1936258214724667e-13,both,True,compared
China,Male,55-59 years,2009,38799919.64253727,38799919.642537616,-3.427267074584961e-07,-8.833180857487052e-13,both,True,compared
China,Male,55-59 years,2010,41322132.34392801,41322132.343928486,-4.76837158203125e-07,-1.1539509970936744e-12,both,True,compared
China,Male,55-59 years,2011,42836537.33311008,42836537.33311052,-4.3958425521850586e-07,-1.0261899830982219e-12,both,True,compared
China,Male,55-59 years,2012,43397286.48649186,43397286.48649255,-6.92903995513916e-07,-1.596652813142117e-12,both,True,compared
China,Male,55-59 years,2013,42547638.737254284,42547638.737254545,-2.60770320892334e-07,-6.128902299436093e-13,both,True,compared
China,Male,55-59 years,2014,40829480.92666938,40829480.926669896,-5.140900611877441e-07,-1.2591148589693335e-12,both,True,compared
China,Male,55-59 years,2015,39130134.34423864,39130134.34423884,-2.0116567611694336e-07,-5.140940083344288e-13,both,True,compared
China,Male,55-59 years,2016,38457747.21159356,38457747.2115939,-3.427267074584961e-07,-8.911772849637353e-13,both,True,compared
China,Male,55-59 years,2017,39483257.828477606,39483257.82847793,-3.203749656677246e-07,-8.114197847084738e-13,both,True,compared
China,Male,55-59 years,2018,42539855.68233773,42539855.682338305,-5.736947059631348e-07,-1.3486052003729037e-12,both,True,compared
China,Male,55-59 years,2019,46739519.7316141,46739519.73161473,-6.332993507385254e-07,-1.3549547671328951e-12,both,True,compared
China,Male,55-59 years,2020,51131995.4594526,51131995.45945266,-5.960464477539063e-08,-1.1657015189766414e-13,both,True,compared
China,Male,55-59 years,2021,54838655.90673254,54838655.90673342,-8.866190910339355e-07,-1.6167775748221529e-12,both,True,compared
China,Male,55-59 years,2022,57519976.2494992,57519976.24949961,-4.0978193283081055e-07,-7.124167281525578e-13,both,True,compared
China,Male,55-59 years,2023,58889923.94569967,58889923.945699796,-1.2665987014770508e-07,-2.1507901804134388e-13,both,True,compared
China,Male,60-64 years,1990,18266060.67802397,18266060.6780242,-2.2724270820617676e-07,-1.2440706959852274e-12,both,True,compared
China,Male,60-64 years,1991,18814642.858832054,18814642.8588323,-2.4586915969848633e-07,-1.3067968472389542e-12,both,True,compared
China,Male,60-64 years,1992,19312564.33095112,19312564.33095117,-4.842877388000488e-08,-2.507630423909626e-13,both,True,compared
China,Male,60-64 years,1993,19759559.15986129,19759559.15986146,-1.7136335372924805e-07,-8.672427979939356e-13,both,True,compared
China,Male,60-64 years,1994,20278578.77288184,20278578.772881918,-7.82310962677002e-08,-3.857819482513102e-13,both,True,compared
China,Male,60-64 years,1995,20708350.831191447,20708350.831191614,-1.6763806343078613e-07,-8.095191393912711e-13,both,True,compared
China,Male,60-64 years,1996,21155569.57025915,21155569.57025922,-7.078051567077637e-08,-3.345715436103445e-13,both,True,compared
China,Male,60-64 years,1997,21541306.34179224,21541306.341792453,-2.123415470123291e-07,-9.85741271411965e-13,both,True,compared
China,Male,60-64 years,1998,21749299.506622285,21749299.506622452,-1.6763806343078613e-07,-7.707745409443796e-13,both,True,compared
China,Male,60-64 years,1999,21807136.732547395,21807136.732547402,-7.450580596923828e-09,-3.416579025619513e-14,both,True,compared
China,Male,60-64 years,2000,21820330.911798745,21820330.91179888,-1.341104507446289e-07,-6.146123598524913e-13,both,True,compared
China,Male,60-64 years,2001,21796878.31487546,21796878.314875826,-3.650784492492676e-07,-1.674911627139363e-12,both,True,compared
China,Male,60-64 years,2002,21847039.879831742,21847039.87983192,-1.7881393432617188e-07,-8.184812922470347e-13,both,True,compared
China,Male,60-64 years,2003,22137065.679141905,22137065.67914228,-3.762543201446533e-07,-1.6996576041203578e-12,both,True,compared
China,Male,60-64 years,2004,22390310.23161058,22390310.231610864,-2.8312206268310547e-07,-1.2644847693239842e-12,both,True,compared
China,Male,60-64 years,2005,22848654.007037945,22848654.00703833,-3.8370490074157715e-07,-1.679332623371979e-12,both,True,compared
China,Male,60-64 years,2006,23779042.166331027,23779042.166331325,-2.980232238769531e-07,-1.2533020539360793e-12,both,True,compared
China,Male,60-64 years,2007,25020907.66048352,25020907.660483815,-2.942979335784912e-07,-1.176208063959595e-12,both,True,compared
China,Male,60-64 years,2008,25988574.26429269,25988574.26429284,-1.4901161193847656e-07,-5.733735541745852e-13,both,True,compared
China,Male,60-64 years,2009,28545447.40573929,28545447.40573948,-1.8998980522155762e-07,-6.655695478199394e-13,both,True,compared
China,Male,60-64 years,2010,30008106.877348907,30008106.877349358,-4.507601261138916e-07,-1.5021278348423238e-12,both,True,compared
China,Male,60-64 years,2011,31734698.30897916,31734698.308979686,-5.252659320831299e-07,-1.6551785902262972e-12,both,True,compared
China,Male,60-64 years,2012,33383503.27022863,33383503.27022899,-3.5762786865234375e-07,-1.0712712376453189e-12,both,True,compared
China,Male,60-64 years,2013,35754729.111897044,35754729.11189723,-1.862645149230957e-07,-5.209507093178283e-13,both,True,compared
China,Male,60-64 years,2014,37139908.13165384,37139908.13165407,-2.3096799850463867e-07,-6.218862946184506e-13,both,True,compared
China,Male,60-64 years,2015,39523937.59906516,39523937.599065326,-1.6391277313232422e-07,-4.147177206761939e-13,both,True,compared
China,Male,60-64 years,2016,40915548.39041827,40915548.39041857,-2.980232238769531e-07,-7.283862384861622e-13,both,True,compared
China,Male,60-64 years,2017,41371121.11987882,41371121.11987954,-7.152557373046875e-07,-1.7288768540551035e-12,both,True,compared
China,Male,60-64 years,2018,40493149.64473756,40493149.64473798,-4.246830940246582e-07,-1.0487776272050241e-12,both,True,compared
China,Male,60-64 years,2019,38828570.39026842,38828570.390268765,-3.427267074584961e-07,-8.826663047692156e-13,both,True,compared
China,Male,60-64 years,2020,37225842.231805176,37225842.23180553,-3.5762786865234375e-07,-9.606978572181023e-13,both,True,compared
China,Male,60-64 years,2021,36621902.259231925,36621902.25923197,-4.470348358154297e-08,-1.2206761752872565e-13,both,True,compared
China,Male,60-64 years,2022,37618505.6116377,37618505.61163788,-1.862645149230957e-07,-4.951406545651637e-13,both,True,compared
China,Male,60-64 years,2023,40529237.205997206,40529237.205997735,-5.289912223815918e-07,-1.305208927799203e-12,both,True,compared
China,Male,65-69 years,1990,13474959.733641988,13474959.733642215,-2.2724270820617676e-07,-1.686407326612159e-12,both,True,compared
China,Male,65-69 years,1991,13874865.75525071,13874865.755250832,-1.2293457984924316e-07,-8.86023562445789e-13,both,True,compared
China,Male,65-69 years,1992,14268332.46014767,14268332.460147686,-1.6763806343078613e-08,-1.1748959725953229e-13,both,True,compared
China,Male,65-69 years,1993,14714158.167485656,14714158.167485923,-2.6635825634002686e-07,-1.8102174334961763e-12,both,True,compared
China,Male,65-69 years,1994,15170903.175962228,15170903.175962312,-8.381903171539307e-08,-5.524986267673333e-13,both,True,compared
China,Male,65-69 years,1995,15648011.114396464,15648011.11439657,-1.0617077350616455e-07,-6.784937250490923e-13,both,True,compared
China,Male,65-69 years,1996,16098174.687841456,16098174.687841592,-1.3597309589385986e-07,-8.446491514131531e-13,both,True,compared
China,Male,65-69 years,1997,16514280.215371396,16514280.215371713,-3.166496753692627e-07,-1.9174294685548994e-12,both,True,compared
China,Male,65-69 years,1998,16898248.494942173,16898248.494942423,-2.4959444999694824e-07,-1.4770433164813179e-12,both,True,compared
China,Male,65-69 years,1999,17361102.320724707,17361102.320724763,-5.587935447692871e-08,-3.2186524475593397e-13,both,True,compared
China,Male,65-69 years,2000,17770110.77899265,17770110.77899286,-2.123415470123291e-07,-1.1949365406509092e-12,both,True,compared
China,Male,65-69 years,2001,18226513.712800004,18226513.71280021,-2.0489096641540527e-07,-1.1241369010219202e-12,both,True,compared
China,Male,65-69 years,2002,18654128.603168234,18654128.603168286,-5.21540641784668e-08,-2.79584564296447e-13,both,True,compared
China,Male,65-69 years,2003,18943448.855129667,18943448.855129868,-2.0116567611694336e-07,-1.0619274117155812e-12,both,True,compared
China,Male,65-69 years,2004,19119652.81720712,19119652.81720745,-3.2782554626464844e-07,-1.7145998904834463e-12,both,True,compared
China,Male,65-69 years,2005,19269779.7145722,19269779.714572262,-6.332993507385254e-08,-3.2864898308080377e-13,both,True,compared
China,Male,65-69 years,2006,19399705.098488458,19399705.09848877,-3.129243850708008e-07,-1.6130368141275638e-12,both,True,compared
China,Male,65-69 years,2007,19593174.1044926,19593174.10449275,-1.4901161193847656e-07,-7.605281877442668e-13,both,True,compared
China,Male,65-69 years,2008,19988032.771899905,19988032.771900058,-1.5273690223693848e-07,-7.641417441123222e-13,both,True,compared
China,Male,65-69 years,2009,20330592.692753464,20330592.692753583,-1.1920928955078125e-07,-5.863542266196284e-13,both,True,compared
China,Male,65-69 years,2010,20842027.17881365,20842027.178813793,-1.4156103134155273e-07,-6.792095131967414e-13,both,True,compared
China,Male,65-69 years,2011,21766596.93098301,21766596.9309833,-2.905726432800293e-07,-1.3349475078781027e-12,both,True,compared
China,Male,65-69 years,2012,22959160.57350173,22959160.57350176,-2.9802322387695312e-08,-1.2980580144594488e-13,both,True,compared
China,Male,65-69 years,2013,23876431.75205789,23876431.75205824,-3.501772880554199e-07,-1.4666232027121825e-12,both,True,compared
China,Male,65-69 years,2014,26259532.519643,26259532.519643217,-2.1606683731079102e-07,-8.228129619183657e-13,both,True,compared
China,Male,65-69 years,2015,27592730.78438451,27592730.784384627,-1.1548399925231934e-07,-4.1853051861642824e-13,both,True,compared
China,Male,65-69 years,2016,29173872.2052336,29173872.20523413,-5.289912223815918e-07,-1.8132362363837813e-12,both,True,compared
China,Male,65-69 years,2017,30683573.453153912,30683573.453153998,-8.568167686462402e-08,-2.7924282351088723e-13,both,True,compared
China,Male,65-69 years,2018,32880637.941507824,32880637.941508316,-4.917383193969727e-07,-1.4955254830266313e-12,both,True,compared
China,Male,65-69 years,2019,34256135.683620885,34256135.68362102,-1.341104507446289e-07,-3.914932261572984e-13,both,True,compared
China,Male,65-69 years,2020,36576834.490204245,36576834.49020463,-3.8743019104003906e-07,-1.0592228563239883e-12,both,True,compared
China,Male,65-69 years,2021,37987233.34013385,37987233.34013431,-4.544854164123535e-07,-1.1964162073687677e-12,both,True,compared
China,Male,65-69 years,2022,38482612.79962201,38482612.79962204,-2.9802322387695312e-08,-7.744360431781297e-14,both,True,compared
China,Male,65-69 years,2023,37699359.74912036,37699359.74912086,-4.991888999938965e-07,-1.3241309754751049e-12,both,True,compared
China,Male,70-74 years,1990,8749866.771139756,8749866.771139804,-4.842877388000488e-08,-5.534801288602542e-13,both,True,compared
China,Male,70-74 years,1991,9034513.007220097,9034513.007220289,-1.9185245037078857e-07,-2.1235505468581003e-12,both,True,compared
China,Male,70-74 years,1992,9343928.197176885,9343928.197177032,-1.471489667892456e-07,-1.5748084069578387e-12,both,True,compared
China,Male,70-74 years,1993,9669753.439596716,9669753.439596929,-2.123415470123291e-07,-2.1959354841749196e-12,both,True,compared
China,Male,70-74 years,1994,10079422.772930162,10079422.772930257,-9.499490261077881e-08,-9.424637179214489e-13,both,True,compared
China,Male,70-74 years,1995,10479994.728816904,10479994.72881692,-1.6763806343078613e-08,-1.5996006464567273e-13,both,True,compared
China,Male,70-74 years,1996,10845048.476415506,10845048.476415595,-8.940696716308594e-08,-8.244035732760194e-13,both,True,compared
China,Male,70-74 years,1997,11224274.822751625,11224274.822751734,-1.0989606380462646e-07,-9.790927747231114e-13,both,True,compared
China,Male,70-74 years,1998,11654654.846282404,11654654.8462825,-9.685754776000977e-08,-8.310632021067989e-13,both,True,compared
China,Male,70-74 years,1999,12098794.0030348,12098794.00303494,-1.3969838619232178e-07,-1.1546472000207669e-12,both,True,compared
China,Male,70-74 years,2000,12561238.857251965,12561238.85725202,-5.587935447692871e-08,-4.44855440708923e-13,both,True,compared
China,Male,70-74 years,2001,12996422.931572122,12996422.931572359,-2.3655593395233154e-07,-1.8201618645209505e-12,both,True,compared
China,Male,70-74 years,2002,13410123.290430944,13410123.290430946,-1.862645149230957e-09,-1.3889843582274027e-14,both,True,compared
China,Male,70-74 years,2003,13812334.184325956,13812334.184326148,-1.9185245037078857e-07,-1.3889936907876154e-12,both,True,compared
China,Male,70-74 years,2004,14301145.95837036,14301145.958370514,-1.5459954738616943e-07,-1.0810290856145231e-12,both,True,compared
China,Male,70-74 years,2005,14764368.354220092,14764368.35422016,-6.705522537231445e-08,-4.541692794676725e-13,both,True,compared
China,Male,70-74 years,2006,15268400.184265524,15268400.184265696,-1.7136335372924805e-07,-1.1223399417172885e-12,both,True,compared
China,Male,70-74 years,2007,15736470.741604462,15736470.74160476,-2.980232238769531e-07,-1.8938377528897388e-12,both,True,compared
China,Male,70-74 years,2008,16066686.266348826,16066686.26634913,-3.03611159324646e-07,-1.8896937071619437e-12,both,True,compared
China,Male,70-74 years,2009,16292862.484704776,16292862.484705018,-2.421438694000244e-07,-1.4861959930450614e-12,both,True,compared
China,Male,70-74 years,2010,16493105.150811411,16493105.150811598,-1.862645149230957e-07,-1.1293477681728844e-12,both,True,compared
China,Male,70-74 years,2011,16681235.9462446,16681235.946244914,-3.1478703022003174e-07,-1.8870725840365498e-12,both,True,compared
China,Male,70-74 years,2012,16930877.1848945,16930877.184894733,-2.3469328880310059e-07,-1.3861850525529227e-12,both,True,compared
China,Male,70-74 years,2013,17357404.091823433,17357404.09182355,-1.1920928955078125e-07,-6.86792154634098e-13,both,True,compared
China,Male,70-74 years,2014,17730025.145289738,17730025.145289816,-7.82310962677002e-08,-4.4123511177582014e-13,both,True,compared
China,Male,70-74 years,2015,18233528.7072775,18233528.707277756,-2.5704503059387207e-07,-1.4097382614220932e-12,both,True,compared
China,Male,70-74 years,2016,19076906.18619342,19076906.18619378,-3.5762786865234375e-07,-1.8746638745394194e-12,both,True,compared
China,Male,70-74 years,2017,20133001.93285176,20133001.932851948,-1.862645149230957e-07,-9.251701040129591e-13,both,True,compared
China,Male,70-74 years,2018,20945695.763818707,20945695.763818778,-7.078051567077637e-08,-3.3792391749068373e-13,both,True,compared
China,Male,70-74 years,2019,23100850.74420461,23100850.744204998,-3.8743019104003906e-07,-1.6771252077685277e-12,both,True,compared
China,Male,70-74 years,2020,24359768.616041955,24359768.616041977,-2.2351741790771484e-08,-9.175679023507597e-14,both,True,compared
China,Male,70-74 years,2021,25869670.935179427,25869670.935179602,-1.7508864402770996e-07,-6.76810479988023e-13,both,True,compared
China,Male,70-74 years,2022,27292696.794567287,27292696.79456754,-2.5331974029541016e-07,-9.28159434746054e-13,both,True,compared
China,Male,70-74 years,2023,29328260.120769765,29328260.120770175,-4.0978193283081055e-07,-1.3972255126740714e-12,both,True,compared
China,Male,75-79 years,1990,4913435.862652998,4913435.862653023,-2.421438694000244e-08,-4.928198437280087e-13,both,True,compared
China,Male,75-79 years,1991,5099274.269516367,5099274.26951647,-1.0244548320770264e-07,-2.009020848714202e-12,both,True,compared
China,Male,75-79 years,1992,5283455.549940814,5283455.549940865,-5.029141902923584e-08,-9.518660383127328e-13,both,True,compared
China,Male,75-79 years,1993,5473995.223618078,5473995.223618092,-1.3969838619232178e-08,-2.552037049458496e-13,both,True,compared
China,Male,75-79 years,1994,5615450.059636985,5615450.059637068,-8.288770914077759e-08,-1.476065288810278e-12,both,True,compared
China,Male,75-79 years,1995,5816761.426970876,5816761.426970871,4.6566128730773926e-09,8.00550775812437e-14,both,True,compared
China,Male,75-79 years,1996,6051940.525487869,6051940.525487872,-2.7939677238464355e-09,-4.6166476885877914e-14,both,True,compared
China,Male,75-79 years,1997,6314926.5457601845,6314926.545760338,-1.5366822481155396e-07,-2.4334127039803206e-12,both,True,compared
China,Male,75-79 years,1998,6592549.835599028,6592549.8355990695,-4.190951585769653e-08,-6.357102623842123e-13,both,True,compared
China,Male,75-79 years,1999,6928507.14065667,6928507.140656676,-6.51925802230835e-09,-9.409325688723282e-14,both,True,compared
China,Male,75-79 years,2000,7266661.958777105,7266661.958777139,-3.3527612686157227e-08,-4.613894643283989e-13,both,True,compared
China,Male,75-79 years,2001,7587144.022635868,7587144.02263588,-1.210719347000122e-08,-1.5957511065929432e-13,both,True,compared
China,Male,75-79 years,2002,7928776.818357495,7928776.818357709,-2.1420419216156006e-07,-2.701604510617743e-12,both,True,compared
China,Male,75-79 years,2003,8320067.500205833,8320067.500205837,-3.725290298461914e-09,-4.4774760521711547e-14,both,True,compared
China,Male,75-79 years,2004,8739734.710359368,8739734.710359572,-2.0302832126617432e-07,-2.3230490168714287e-12,both,True,compared
China,Male,75-79 years,2005,9194465.538118536,9194465.53811854,-3.725290298461914e-09,-4.051665953847515e-14,both,True,compared
China,Male,75-79 years,2006,9635948.490193533,9635948.490193613,-8.009374141693115e-08,-8.31197276515563e-13,both,True,compared
China,Male,75-79 years,2007,10056445.38639095,10056445.386390954,-3.725290298461914e-09,-3.704380778026423e-14,both,True,compared
China,Male,75-79 years,2008,10455198.64782616,10455198.647826348,-1.8812716007232666e-07,-1.799364760146781e-12,both,True,compared
China,Male,75-79 years,2009,10912516.394944012,10912516.394944085,-7.264316082000732e-08,-6.656866133430449e-13,both,True,compared
China,Male,75-79 years,2010,11346699.835597714,11346699.835597768,-5.4016709327697754e-08,-4.760565636735405e-13,both,True,compared
China,Male,75-79 years,2011,11813638.114562778,11813638.11456279,-1.30385160446167e-08,-1.10368338002025e-13,both,True,compared
China,Male,75-79 years,2012,12264975.801717348,12264975.801717356,-7.450580596923828e-09,-6.074680225525267e-14,both,True,compared
China,Male,75-79 years,2013,12624682.951007051,12624682.951007204,-1.5273690223693848e-07,-1.2098276275900844e-12,both,True,compared
China,Male,75-79 years,2014,12919324.606474202,12919324.606474191,1.1175870895385742e-08,8.650507078199141e-14,both,True,compared
China,Male,75-79 years,2015,13187486.482531188,13187486.482531374,-1.862645149230957e-07,-1.4124337884238297e-12,both,True,compared
China,Male,75-79 years,2016,13420624.608617043,13420624.608617047,-3.725290298461914e-09,-2.775795022289797e-14,both,True,compared
China,Male,75-79 years,2017,13666241.2729835,13666241.2729835,0.0,0.0,both,True,compared
China,Male,75-79 years,2018,14039088.985946884,14039088.985946873,1.1175870895385742e-08,7.960538541049764e-14,both,True,compared
China,Male,75-79 years,2019,14381626.563055046,14381626.563055113,-6.705522537231445e-08,-4.662561990350423e-13,both,True,compared
China,Male,75-79 years,2020,14858193.85709148,14858193.857091637,-1.564621925354004e-07,-1.0530364190983045e-12,both,True,compared
China,Male,75-79 years,2021,15617963.07936285,15617963.079363244,-3.9301812648773193e-07,-2.5164493249894755e-12,both,True,compared
China,Male,75-79 years,2022,16528421.450708147,16528421.45070814,7.450580596923828e-09,4.5077387572329927e-14,both,True,compared
China,Male,75-79 years,2023,17230285.422408316,17230285.42240832,-3.725290298461914e-09,-2.162059540590722e-14,both,True,compared
China,Male,80-84 years,1990,2087071.153906084,2087071.1539060934,-9.546056389808655e-09,-4.573900785290725e-13,both,True,compared
China,Male,80-84 years,1991,2185019.9962466,2185019.9962466406,-4.0512531995773315e-08,-1.8541034894584595e-12,both,True,compared
China,Male,80-84 years,1992,2294807.996623276,2294807.9966233084,-3.259629011154175e-08,-1.4204364879112313e-12,both,True,compared
China,Male,80-84 years,1993,2393979.8691144823,2393979.8691145275,-4.516914486885071e-08,-1.8867804801365554e-12,both,True,compared
China,Male,80-84 years,1994,2505038.0899506896,2505038.0899507124,-2.2817403078079224e-08,-9.108605242217443e-13,both,True,compared
China,Male,80-84 years,1995,2620646.710402919,2620646.7104029628,-4.377216100692749e-08,-1.6702808826985158e-12,both,True,compared
China,Male,80-84 years,1996,2743146.148677472,2743146.148677499,-2.7008354663848877e-08,-9.845758556054394e-13,both,True,compared
China,Male,80-84 years,1997,2871652.882339437,2871652.8823394678,-3.073364496231079e-08,-1.070242338526415e-12,both,True,compared
China,Male,80-84 years,1998,3003503.4901472474,3003503.4901472977,-5.029141902923584e-08,-1.6744251902557401e-12,both,True,compared
China,Male,80-84 years,1999,3108665.868615587,3108665.868615589,-2.3283064365386963e-09,-7.489728825618639e-14,both,True,compared
China,Male,80-84 years,2000,3255001.703502126,3255001.7035021437,-1.7695128917694092e-08,-5.436288681095166e-13,both,True,compared
China,Male,80-84 years,2001,3429007.143166266,3429007.1431663195,-5.3551048040390015e-08,-1.561707100759849e-12,both,True,compared
China,Male,80-84 years,2002,3627638.817108584,3627638.817108603,-1.909211277961731e-08,-5.262958564004647e-13,both,True,compared
China,Male,80-84 years,2003,3841828.3728797166,3841828.3728797417,-2.514570951461792e-08,-6.54524540766236e-13,both,True,compared
China,Male,80-84 years,2004,4099537.114527913,4099537.1145279324,-1.955777406692505e-08,-4.770727406666557e-13,both,True,compared
China,Male,80-84 years,2005,4377018.474132441,4377018.4741324615,-2.0489096641540527e-08,-4.681062408721413e-13,both,True,compared
China,Male,80-84 years,2006,4654849.130892397,4654849.130892459,-6.239861249923706e-08,-1.3405077317140548e-12,both,True,compared
China,Male,80-84 years,2007,4947948.393926523,4947948.393926593,-6.984919309616089e-08,-1.4116799031675218e-12,both,True,compared
China,Male,80-84 years,2008,5267340.332371286,5267340.3323713085,-2.2351741790771484e-08,-4.2434588198915615e-13,both,True,compared
China,Male,80-84 years,2009,5602206.249243584,5602206.249243606,-2.1420419216156006e-08,-3.823568476981406e-13,both,True,compared
China,Male,80-84 years,2010,5962365.799503811,5962365.799503861,-5.029141902923584e-08,-8.434809389491181e-13,both,True,compared
China,Male,80-84 years,2011,6316146.205590899,6316146.2055909075,-8.381903171539307e-09,-1.327059713107947e-13,both,True,compared
China,Male,80-84 years,2012,6668819.521086053,6668819.5210860595,-6.51925802230835e-09,-9.775730174876067e-14,both,True,compared
China,Male,80-84 years,2013,7026869.212715705,7026869.212715825,-1.2014061212539673e-07,-1.7097317238805625e-12,both,True,compared
China,Male,80-84 years,2014,7442550.568253428,7442550.568253509,-8.102506399154663e-08,-1.0886733418670085e-12,both,True,compared
China,Male,80-84 years,2015,7837329.156063559,7837329.156063663,-1.0337680578231812e-07,-1.319031059226827e-12,both,True,compared
China,Male,80-84 years,2016,8217920.923157437,8217920.923157504,-6.705522537231445e-08,-8.159633805109788e-13,both,True,compared
China,Male,80-84 years,2017,8538690.855201997,8538690.855202027,-2.9802322387695312e-08,-3.4902683435996456e-13,both,True,compared
China,Male,80-84 years,2018,8780235.836967021,8780235.836967112,-9.12696123123169e-08,-1.0394893031010473e-12,both,True,compared
China,Male,80-84 years,2019,9015404.026690312,9015404.026690401,-8.940696716308594e-08,-9.917133707862072e-13,both,True,compared
China,Male,80-84 years,2020,9274791.61240096,9274791.612401113,-1.5273690223693848e-07,-1.6467960534306772e-12,both,True,compared
China,Male,80-84 years,2021,9521560.624135196,9521560.624135384,-1.8812716007232666e-07,-1.9758017356468124e-12,both,True,compared
China,Male,80-84 years,2022,9762097.831512982,9762097.831513062,-8.009374141693115e-08,-8.204562461808252e-13,both,True,compared
China,Male,80-84 years,2023,10062361.62057277,10062361.62057292,-1.5087425708770752e-07,-1.4993921186378457e-12,both,True,compared
China,Male,85-89 years,1990,634544.0718677341,634544.0718677524,-1.8277205526828766e-08,-2.8803681788455052e-12,both,True,compared
China,Male,85-89 years,1991,676901.4588837153,676901.4588837362,-2.0838342607021332e-08,-3.0784898353426573e-12,both,True,compared
China,Male,85-89 years,1992,713626.1103562651,713626.1103562816,-1.6530975699424744e-08,-2.316475737017519e-12,both,True,compared
China,Male,85-89 years,1993,745934.2914546238,745934.2914546344,-1.0593794286251068e-08,-1.420204756318741e-12,both,True,compared
China,Male,85-89 years,1994,772109.4615124317,772109.4615124513,-1.955777406692505e-08,-2.5330312658796694e-12,both,True,compared
China,Male,85-89 years,1995,803179.2875451839,803179.2875451867,-2.7939677238464355e-09,-3.4786351779387206e-13,both,True,compared
China,Male,85-89 years,1996,852090.0906347836,852090.0906348039,-2.0256265997886658e-08,-2.377244638861637e-12,both,True,compared
China,Male,85-89 years,1997,907327.7412008368,907327.74120086,-2.3166649043560028e-08,-2.553283448922135e-12,both,True,compared
China,Male,85-89 years,1998,957547.8900170326,957547.8900170417,-9.080395102500916e-09,-9.48296706323419e-13,both,True,compared
China,Male,85-89 years,1999,1013499.52510544,1013499.525105441,-9.313225746154785e-10,-9.189176230927072e-14,both,True,compared
China,Male,85-89 years,2000,1073574.1911107055,1073574.1911107367,-3.119930624961853e-08,-2.9061155258715882e-12,both,True,compared
China,Male,85-89 years,2001,1141343.2922395037,1141343.2922395095,-5.820766091346741e-09,-5.099925790009628e-13,both,True,compared
China,Male,85-89 years,2002,1216637.3890510148,1216637.3890510465,-3.166496753692627e-08,-2.60266270146647e-12,both,True,compared
China,Male,85-89 years,2003,1297840.5222027604,1297840.5222027642,-3.725290298461914e-09,-2.870376009017782e-13,both,True,compared
China,Male,85-89 years,2004,1372857.2776833596,1372857.2776833943,-3.4691765904426575e-08,-2.5269754160437936e-12,both,True,compared
China,Male,85-89 years,2005,1475930.7355583636,1475930.735558366,-2.3283064365386963e-09,-1.5775174135511637e-13,both,True,compared
China,Male,85-89 years,2006,1598724.2770348503,1598724.2770348568,-6.51925802230835e-09,-4.077787593492732e-13,both,True,compared
China,Male,85-89 years,2007,1735583.779526387,1735583.7795264043,-1.7229467630386353e-08,-9.927188669098992e-13,both,True,compared
China,Male,85-89 years,2008,1878923.4113902904,1878923.411390334,-4.353933036327362e-08,-2.3172488085108873e-12,both,True,compared
China,Male,85-89 years,2009,2043397.7258059315,2043397.7258059834,-5.192123353481293e-08,-2.54092646179954e-12,both,True,compared
China,Male,85-89 years,2010,2222205.613968339,2222205.613968363,-2.421438694000244e-08,-1.0896555560743642e-12,both,True,compared
China,Male,85-89 years,2011,2404902.5004436867,2404902.5004437184,-3.166496753692627e-08,-1.3166840456560846e-12,both,True,compared
China,Male,85-89 years,2012,2601638.157875322,2601638.1578753595,-3.771856427192688e-08,-1.4498005480796944e-12,both,True,compared
China,Male,85-89 years,2013,2820556.077141473,2820556.077141544,-7.078051567077637e-08,-2.50945252407496e-12,both,True,compared
China,Male,85-89 years,2014,3053951.6390621746,3053951.6390621904,-1.5832483768463135e-08,-5.184261455209247e-13,both,True,compared
China,Male,85-89 years,2015,3298297.794420563,3298297.794420601,-3.771856427192688e-08,-1.1435766756941115e-12,both,True,compared
China,Male,85-89 years,2016,3517993.4954889105,3517993.4954889407,-3.026798367500305e-08,-8.603763399169271e-13,both,True,compared
China,Male,85-89 years,2017,3713836.4974435545,3713836.4974436606,-1.0617077350616455e-07,-2.858789652674477e-12,both,True,compared
China,Male,85-89 years,2018,3915206.046380798,3915206.046380815,-1.7229467630386353e-08,-4.4006541229964664e-13,both,True,compared
China,Male,85-89 years,2019,4184421.207143129,4184421.207143244,-1.150183379650116e-07,-2.748727536526831e-12,both,True,compared
China,Male,85-89 years,2020,4478449.056679675,4478449.056679707,-3.166496753692627e-08,-7.070520873671095e-13,both,True,compared
China,Male,85-89 years,2021,4757131.262724991,4757131.262725102,-1.1082738637924194e-07,-2.3297104969047573e-12,both,True,compared
China,Male,85-89 years,2022,4952095.969193392,4952095.969193408,-1.5832483768463135e-08,-3.1971278155665394e-13,both,True,compared
China,Male,85-89 years,2023,5106160.790892115,5106160.790892235,-1.2014061212539673e-07,-2.352856031084884e-12,both,True,compared
China,Male,90-94 years,1990,100627.70670671496,100627.70670671716,-2.1973391994833946e-09,-2.1836323925056364e-12,both,True,compared
China,Male,90-94 years,1991,115209.47453724184,115209.47453724516,-3.3178366720676422e-09,-2.879829706188913e-12,both,True,compared
China,Male,90-94 years,1992,132440.16016914076,132440.16016914544,-4.685716703534126e-09,-3.537987795809026e-12,both,True,compared
China,Male,90-94 years,1993,145638.14093329135,145638.14093329254,-1.1932570487260818e-09,-8.193300471149559e-13,both,True,compared
China,Male,90-94 years,1994,160012.9848477433,160012.98484775051,-7.2177499532699585e-09,-4.5107276513451976e-12,both,True,compared
China,Male,90-94 years,1995,175244.32461061137,175244.32461061137,0.0,0.0,both,True,compared
China,Male,90-94 years,1996,189731.49171413583,189731.49171414206,-6.2282197177410126e-09,-3.2826494228617204e-12,both,True,compared
China,Male,90-94 years,1997,202919.3094295337,202919.30942953518,-1.4842953532934189e-09,-7.314707296541728e-13,both,True,compared
China,Male,90-94 years,1998,214280.50763879484,214280.50763880438,-9.546056389808655e-09,-4.45493455984345e-12,both,True,compared
China,Male,90-94 years,1999,223620.77719016492,223620.77719017383,-8.905772119760513e-09,-3.982533390529777e-12,both,True,compared
China,Male,90-94 years,2000,234879.34378750363,234879.34378751155,-7.916241884231567e-09,-3.3703440058115224e-12,both,True,compared
China,Male,90-94 years,2001,252262.8001862263,252262.8001862374,-1.1117663234472275e-08,-4.407175067534712e-12,both,True,compared
China,Male,90-94 years,2002,272446.8595372445,272446.8595372455,-9.89530235528946e-10,-3.632011898429218e-13,both,True,compared
China,Male,90-94 years,2003,291921.6432854312,291921.6432854356,-4.423782229423523e-09,-1.5154005642185621e-12,both,True,compared
China,Male,90-94 years,2004,314997.2410821736,314997.24108217703,-3.434251993894577e-09,-1.0902482771265545e-12,both,True,compared
China,Male,90-94 years,2005,341223.18653323874,341223.18653325323,-1.4493707567453384e-08,-4.247574062802308e-12,both,True,compared
China,Male,90-94 years,2006,372850.1776198247,372850.1776198306,-5.878973752260208e-09,-1.5767657105033436e-12,both,True,compared
China,Male,90-94 years,2007,409917.5184947246,409917.51849473966,-1.507578417658806e-08,-3.677760402128819e-12,both,True,compared
China,Male,90-94 years,2008,449423.13521496265,449423.135214973,-1.0360963642597198e-08,-2.305391696767339e-12,both,True,compared
China,Male,90-94 years,2009,486937.3553642741,486937.35536427586,-1.7462298274040222e-09,-3.586148830371991e-13,both,True,compared
China,Male,90-94 years,2010,538102.5509073152,538102.5509073262,-1.0943040251731873e-08,-2.0336347102016883e-12,both,True,compared
China,Male,90-94 years,2011,596711.5711009802,596711.5711010009,-2.0721927285194397e-08,-3.472687356633758e-12,both,True,compared
China,Male,90-94 years,2012,661762.3984646803,661762.3984646844,-4.0745362639427185e-09,-6.157098489421329e-13,both,True,compared
China,Male,90-94 years,2013,729262.3788750865,729262.3788751173,-3.073364496231079e-08,-4.214346695042536e-12,both,True,compared
China,Male,90-94 years,2014,805867.6328317964,805867.6328318124,-1.594889909029007e-08,-1.979096620898656e-12,both,True,compared
China,Male,90-94 years,2015,888021.7359959987,888021.7359960192,-2.0489096641540527e-08,-2.3072742266336653e-12,both,True,compared
China,Male,90-94 years,2016,967319.5563363744,967319.5563363775,-3.14321368932724e-09,-3.249405709558738e-13,both,True,compared
China,Male,90-94 years,2017,1048569.6108021544,1048569.6108021978,-4.3422915041446686e-08,-4.1411571148078776e-12,both,True,compared
China,Male,90-94 years,2018,1141953.6432905125,1141953.6432905411,-2.8638169169425964e-08,-2.5078223917133586e-12,both,True,compared
China,Male,90-94 years,2019,1254457.4450541346,1254457.4450541832,-4.866160452365875e-08,-3.8790956772199494e-12,both,True,compared
China,Male,90-94 years,2020,1386870.5627411494,1386870.5627411683,-1.885928213596344e-08,-1.3598444326836148e-12,both,True,compared
China,Male,90-94 years,2021,1501308.435941837,1501308.4359418598,-2.2817403078079224e-08,-1.5198344678430358e-12,both,True,compared
China,Male,90-94 years,2022,1603579.132874262,1603579.1328743133,-5.122274160385132e-08,-3.194275889088146e-12,both,True,compared
China,Male,90-94 years,2023,1702415.291695552,1702415.291695581,-2.9103830456733704e-08,-1.7095611510718519e-12,both,True,compared
China,Male,95+ years,1990,15987.981477958643,15987.981477959593,-9.49512468650937e-10,-5.938913989611223e-12,both,True,compared
China,Male,95+ years,1991,17846.5990368418,17846.59903684272,-9.204086381942034e-10,-5.15733354178098e-12,both,True,compared
China,Male,95+ years,1992,19685.74721351352,19685.747213514587,-1.0659277904778719e-09,-5.414718470763217e-12,both,True,compared
China,Male,95+ years,1993,20979.983617780937,20979.983617782418,-1.4806573744863272e-09,-7.057476313906374e-12,both,True,compared
China,Male,95+ years,1994,22080.19487633185,22080.194876331894,-4.3655745685100555e-11,-1.9771449450337922e-13,both,True,compared
China,Male,95+ years,1995,24006.19551442268,24006.19551442341,-7.275957614183426e-10,-3.0308665985045835e-12,both,True,compared
China,Male,95+ years,1996,27857.757395666813,27857.757395666828,-1.4551915228366852e-11,-5.223649205384478e-14,both,True,compared
China,Male,95+ years,1997,32379.95166807691,32379.951668078953,-2.0445440895855427e-09,-6.314228355075773e-12,both,True,compared
China,Male,95+ years,1998,35901.57784705875,35901.57784706005,-1.3023964129388332e-09,-3.6276857203520728e-12,both,True,compared
China,Male,95+ years,1999,39640.46475446617,39640.46475446841,-2.240994945168495e-09,-5.653301390509073e-12,both,True,compared
China,Male,95+ years,2000,43771.75371634135,43771.75371634349,-2.1391315385699272e-09,-4.887013557721182e-12,both,True,compared
China,Male,95+ years,2001,48107.587994795926,48107.58799479753,-1.6079866327345371e-09,-3.3424802609278236e-12,both,True,compared
China,Male,95+ years,2002,52279.78865323301,52279.78865323651,-3.499735612422228e-09,-6.6942420820322165e-12,both,True,compared
China,Male,95+ years,2003,55878.51519998472,55878.51519998703,-2.306478563696146e-09,-4.1276661619254634e-12,both,True,compared
China,Male,95+ years,2004,59255.29198703228,59255.291987033954,-1.673470251262188e-09,-2.824170120752115e-12,both,True,compared
China,Male,95+ years,2005,63301.87599888703,63301.87599889122,-4.190951585769653e-09,-6.620580385079485e-12,both,True,compared
China,Male,95+ years,2006,69291.81724538888,69291.81724538916,-2.764863893389702e-10,-3.990173736674071e-13,both,True,compared
China,Male,95+ years,2007,76473.93883061236,76473.938830616,-3.637978807091713e-09,-4.757148464851189e-12,both,True,compared
China,Male,95+ years,2008,83509.01435259017,83509.0143525947,-4.540197551250458e-09,-5.436775402570221e-12,both,True,compared
China,Male,95+ years,2009,91623.96301768652,91623.96301769008,-3.5652192309498787e-09,-3.891142790081751e-12,both,True,compared
China,Male,95+ years,2010,101559.9161169906,101559.91611699214,-1.5425030142068863e-09,-1.518810839140533e-12,both,True,compared
China,Male,95+ years,2011,113427.85440589816,113427.85440590029,-2.1245796233415604e-09,-1.873066923878165e-12,both,True,compared
China,Male,95+ years,2012,127021.7100480962,127021.71004810372,-7.523340173065662e-09,-5.922877412228967e-12,both,True,compared
China,Male,95+ years,2013,141431.84290537777,141431.8429053779,-1.4551915228366852e-10,-1.0288994988280347e-13,both,True,compared
China,Male,95+ years,2014,155914.6330833101,155914.63308331434,-4.249159246683121e-09,-2.7253113852454512e-12,both,True,compared
China,Male,95+ years,2015,174462.91496182824,174462.91496183173,-3.4924596548080444e-09,-2.0018349776926403e-12,both,True,compared
China,Male,95+ years,2016,195921.22504709475,195921.22504709667,-1.9208528101444244e-09,-9.8042098791629e-13,both,True,compared
China,Male,95+ years,2017,219568.8257652902,219568.82576529047,-2.6193447411060333e-10,-1.192949286847306e-13,both,True,compared
China,Male,95+ years,2018,245027.04491776577,245027.04491777724,-1.146690919995308e-08,-4.679854504959451e-12,both,True,compared
China,Male,95+ years,2019,275177.9732140865,275177.97321409103,-4.540197551250458e-09,-1.6499131446535573e-12,both,True,compared
China,Male,95+ years,2020,310693.3709293287,310693.37092934165,-1.2922100722789764e-08,-4.159116972511481e-12,both,True,compared
China,Male,95+ years,2021,346335.8279435403,346335.82794355054,-1.0244548320770264e-08,-2.957981096440398e-12,both,True,compared
China,Male,95+ years,2022,383573.8274542064,383573.8274542116,-5.180481821298599e-09,-1.3505827171998797e-12,both,True,compared
China,Male,95+ years,2023,423704.33358751726,423704.33358752175,-4.48198989033699e-09,-1.057810726736696e-12,both,True,compared
United States of America,Female,0-4 years,1990,9640840.251823545,,,,both,False,unavailable_zero_burden_number_and_rate
United States of America,Female,0-4 years,1991,9804770.28333203,,,,both,False,unavailable_zero_burden_number_and_rate
United States of America,Female,0-4 years,1992,9917296.118473012,,,,both,False,unavailable_zero_burden_number_and_rate
United States of America,Female,0-4 years,1993,9954803.300520778,,,,both,False,unavailable_zero_burden_number_and_rate
United States of America,Female,0-4 years,1994,9914668.389819812,,,,both,False,unavailable_zero_burden_number_and_rate
United States of America,Female,0-4 years,1995,9809643.492872825,,,,both,False,unavailable_zero_burden_number_and_rate
United States of America,Female,0-4 years,1996,9689615.403089607,,,,both,False,unavailable_zero_burden_number_and_rate
United States of America,Female,0-4 years,1997,9592118.416773558,,,,both,False,unavailable_zero_burden_number_and_rate
United States of America,Female,0-4 years,1998,9535647.64969165,,,,both,False,unavailable_zero_burden_number_and_rate
United States of America,Female,0-4 years,1999,9521423.772193246,,,,both,False,unavailable_zero_burden_number_and_rate
United States of America,Female,0-4 years,2000,9543313.406473342,,,,both,False,unavailable_zero_burden_number_and_rate
United States of America,Female,0-4 years,2001,9624738.747971475,,,,both,False,unavailable_zero_burden_number_and_rate
United States of America,Female,0-4 years,2002,9697785.87325997,,,,both,False,unavailable_zero_burden_number_and_rate
United States of America,Female,0-4 years,2003,9754696.640126085,,,,both,False,unavailable_zero_burden_number_and_rate
United States of America,Female,0-4 years,2004,9811670.5953071,,,,both,False,unavailable_zero_burden_number_and_rate
United States of America,Female,0-4 years,2005,9864384.006276974,,,,both,False,unavailable_zero_burden_number_and_rate
United States of America,Female,0-4 years,2006,9944511.52935851,,,,both,False,unavailable_zero_burden_number_and_rate
United States of America,Female,0-4 years,2007,10037964.315216647,,,,both,False,unavailable_zero_burden_number_and_rate
United States of America,Female,0-4 years,2008,10101036.067223657,,,,both,False,unavailable_zero_burden_number_and_rate
United States of America,Female,0-4 years,2009,10097455.696584042,,,,both,False,unavailable_zero_burden_number_and_rate
United States of America,Female,0-4 years,2010,10039366.591735637,,,,both,False,unavailable_zero_burden_number_and_rate
United States of America,Female,0-4 years,2011,9936275.349256989,,,,both,False,unavailable_zero_burden_number_and_rate
United States of America,Female,0-4 years,2012,9811950.231971404,,,,both,False,unavailable_zero_burden_number_and_rate
United States of America,Female,0-4 years,2013,9706044.242736189,,,,both,False,unavailable_zero_burden_number_and_rate
United States of America,Female,0-4 years,2014,9663640.873533253,,,,both,False,unavailable_zero_burden_number_and_rate
United States of America,Female,0-4 years,2015,9675672.674083734,,,,both,False,unavailable_zero_burden_number_and_rate
United States of America,Female,0-4 years,2016,9696573.609180149,,,,both,False,unavailable_zero_burden_number_and_rate
United States of America,Female,0-4 years,2017,9685973.432363704,,,,both,False,unavailable_zero_burden_number_and_rate
United States of America,Female,0-4 years,2018,9626588.046974804,,,,both,False,unavailable_zero_burden_number_and_rate
United States of America,Female,0-4 years,2019,9511610.103194004,,,,both,False,unavailable_zero_burden_number_and_rate
United States of America,Female,0-4 years,2020,9357938.154967103,,,,both,False,unavailable_zero_burden_number_and_rate
United States of America,Female,0-4 years,2021,9210149.704093045,,,,both,False,unavailable_zero_burden_number_and_rate
United States of America,Female,0-4 years,2022,9122374.75932534,,,,both,False,unavailable_zero_burden_number_and_rate
United States of America,Female,0-4 years,2023,9059595.402899249,,,,both,False,unavailable_zero_burden_number_and_rate
United States of America,Female,10-14 years,1990,8585544.576935284,8585544.576937174,-1.8905848264694214e-06,-2.202055803831478e-11,both,True,compared
United States of America,Female,10-14 years,1991,8819658.507943947,8819658.507943943,3.725290298461914e-09,4.223848684284671e-14,both,True,compared
United States of America,Female,10-14 years,1992,9009445.319267452,9009445.319267463,-1.1175870895385742e-08,-1.2404615932886799e-13,both,True,compared
United States of America,Female,10-14 years,1993,9167576.482856609,9167576.482856613,-3.725290298461914e-09,-4.063549734685297e-14,both,True,compared
United States of America,Female,10-14 years,1994,9284723.992681583,9284723.992683588,-2.0042061805725098e-06,-2.1586060955094278e-11,both,True,compared
United States of America,Female,10-14 years,1995,9361961.319707189,9361961.31970719,-1.862645149230957e-09,-1.9895885975410273e-14,both,True,compared
United States of America,Female,10-14 years,1996,9445343.408650208,9445343.408653371,-3.162771463394165e-06,-3.348498118657755e-11,both,True,compared
United States of America,Female,10-14 years,1997,9548551.247483466,9548551.247485304,-1.8384307622909546e-06,-1.9253504690310747e-11,both,True,compared
United States of America,Female,10-14 years,1998,9681141.837968083,9681141.837970782,-2.6989728212356567e-06,-2.787866210833378e-11,both,True,compared
United States of America,Female,10-14 years,1999,9867092.330200473,9867092.330200465,7.450580596923828e-09,7.550938359135079e-14,both,True,compared
United States of America,Female,10-14 years,2000,10067172.204569448,10067172.204569446,1.862645149230957e-09,1.850216834858065e-14,both,True,compared
United States of America,Female,10-14 years,2001,10256131.021993984,10256131.021993984,0.0,0.0,both,True,compared
United States of America,Female,10-14 years,2002,10410852.899034347,10410852.899038047,-3.6992132663726807e-06,-3.553227869270729e-11,both,True,compared
United States of America,Female,10-14 years,2003,10485323.923186958,10485323.923187204,-2.4586915969848633e-07,-2.344888546120907e-12,both,True,compared
United States of America,Female,10-14 years,2004,10485128.260194285,10485128.260197535,-3.25031578540802e-06,-3.099929447451312e-11,both,True,compared
United States of America,Female,10-14 years,2005,10400237.276166417,10400237.276166419,-1.862645149230957e-09,-1.790964090309234e-14,both,True,compared
United States of America,Female,10-14 years,2006,10291533.007422198,10291533.007425567,-3.3695250749588013e-06,-3.2740749823458934e-11,both,True,compared
United States of America,Female,10-14 years,2007,10195123.994434882,10195123.994434882,0.0,0.0,both,True,compared
United States of America,Female,10-14 years,2008,10140852.53665764,10140852.536659691,-2.0507723093032837e-06,-2.0222878716459524e-11,both,True,compared
United States of America,Female,10-14 years,2009,10129194.95144867,10129194.951451678,-3.0081719160079956e-06,-2.969803553418398e-11,both,True,compared
United States of America,Female,10-14 years,2010,10162737.494910438,10162737.494912587,-2.1494925022125244e-06,-2.1150723447191307e-11,both,True,compared
United States of America,Female,10-14 years,2011,10213808.68681897,10213808.686818972,-1.862645149230957e-09,-1.823653845831987e-14,both,True,compared
United States of America,Female,10-14 years,2012,10253947.391012616,10253947.391012618,-1.862645149230957e-09,-1.8165152191667463e-14,both,True,compared
United States of America,Female,10-14 years,2013,10292028.38209944,10292028.382099451,-1.1175870895385742e-08,-1.0858764162391486e-13,both,True,compared
United States of America,Female,10-14 years,2014,10330077.880426874,10330077.880431438,-4.563480615615845e-06,-4.417663321070011e-11,both,True,compared
United States of America,Female,10-14 years,2015,10359838.056300554,10359838.056301704,-1.1492520570755005e-06,-1.1093339981087433e-11,both,True,compared
United States of America,Female,10-14 years,2016,10420203.87626401,10420203.876264006,3.725290298461914e-09,3.5750646942212754e-14,both,True,compared
United States of America,Female,10-14 years,2017,10522638.33671257,10522638.336712578,-7.450580596923828e-09,-7.080525205289437e-14,both,True,compared
United States of America,Female,10-14 years,2018,10605228.122924607,10605228.122926887,-2.2798776626586914e-06,-2.1497676770671565e-11,both,True,compared
United States of America,Female,10-14 years,2019,10619466.319021195,10619466.319024988,-3.7923455238342285e-06,-3.571126278767436e-11,both,True,compared
United States of America,Female,10-14 years,2020,10578681.000346417,10578681.00034714,-7.227063179016113e-07,-6.831724275247028e-12,both,True,compared
United States of America,Female,10-14 years,2021,10478037.010310914,10478037.010310909,5.587935447692871e-09,5.3329983871922406e-14,both,True,compared
United States of America,Female,10-14 years,2022,10358325.754573211,10358325.754578572,-5.360692739486694e-06,-5.1752501963166616e-11,both,True,compared
United States of America,Female,10-14 years,2023,10253410.615577685,10253410.615577687,-1.862645149230957e-09,-1.8166103154018807e-14,both,True,compared
United States of America,Female,15-19 years,1990,8841756.767729817,8841756.767730206,-3.8929283618927e-07,-4.40289013163188e-12,both,True,compared
United States of America,Female,15-19 years,1991,8600194.695424458,8600194.695424614,-1.564621925354004e-07,-1.819286633343808e-12,both,True,compared
United States of America,Female,15-19 years,1992,8542572.100206964,8542572.100207038,-7.450580596923828e-08,-8.72170642462979e-13,both,True,compared
United States of America,Female,15-19 years,1993,8628830.546040405,8628830.546041075,-6.705522537231445e-07,-7.771067587262417e-12,both,True,compared
United States of America,Female,15-19 years,1994,8806269.913854895,8806269.913855087,-1.9185245037078857e-07,-2.1785892579666143e-12,both,True,compared
United States of America,Female,15-19 years,1995,9035284.152722264,9035284.152722524,-2.60770320892334e-07,-2.8861330367099283e-12,both,True,compared
United States of America,Female,15-19 years,1996,9281633.245218497,9281633.245218597,-1.0058283805847168e-07,-1.083676066497108e-12,both,True,compared
United States of America,Female,15-19 years,1997,9482137.65807334,9482137.658073775,-4.3585896492004395e-07,-4.596631905559209e-12,both,True,compared
United States of America,Female,15-19 years,1998,9646953.869880786,9646953.8698815,-7.133930921554565e-07,-7.39500884712194e-12,both,True,compared
United States of America,Female,15-19 years,1999,9762247.222965054,9762247.22296581,-7.562339305877686e-07,-7.746514847613951e-12,both,True,compared
United States of America,Female,15-19 years,2000,9825806.437611897,9825806.437611897,0.0,0.0,both,True,compared
United States of America,Female,15-19 years,2001,9909400.08719578,9909400.087195795,-1.4901161193847656e-08,-1.5037399905875104e-13,both,True,compared
United States of America,Female,15-19 years,2002,9993714.292972576,9993714.292972643,-6.705522537231445e-08,-6.709740083270806e-13,both,True,compared
United States of America,Female,15-19 years,2003,10098399.189945232,10098399.189945282,-5.029141902923584e-08,-4.980137750873422e-13,both,True,compared
United States of America,Female,15-19 years,2004,10272456.501386669,10272456.501386952,-2.8312206268310547e-07,-2.756128124221184e-12,both,True,compared
United States of America,Female,15-19 years,2005,10466715.062676528,10466715.062676696,-1.6763806343078613e-07,-1.6016301430481288e-12,both,True,compared
United States of America,Female,15-19 years,2006,10649765.161776507,10649765.161776511,-3.725290298461914e-09,-3.4980022957055436e-14,both,True,compared
United States of America,Female,15-19 years,2007,10799294.050554894,10799294.050555391,-4.973262548446655e-07,-4.605173750400024e-12,both,True,compared
United States of America,Female,15-19 years,2008,10871224.867914757,10871224.867915345,-5.885958671569824e-07,-5.414255286855113e-12,both,True,compared
United States of America,Female,15-19 years,2009,10856838.862942452,10856838.862943077,-6.258487701416016e-07,-5.764557971637632e-12,both,True,compared
United States of America,Female,15-19 years,2010,10750370.191605013,10750370.191605382,-3.688037395477295e-07,-3.430614322804708e-12,both,True,compared
United States of America,Female,15-19 years,2011,10614530.0424988,10614530.042498881,-8.009374141693115e-08,-7.545670048155616e-13,both,True,compared
United States of America,Female,15-19 years,2012,10496258.979102915,10496258.97910367,-7.543712854385376e-07,-7.187049089970258e-12,both,True,compared
United States of America,Female,15-19 years,2013,10421806.15898848,10421806.158988733,-2.5331974029541016e-07,-2.430670235378825e-12,both,True,compared
United States of America,Female,15-19 years,2014,10395175.722590894,10395175.722591456,-5.62518835067749e-07,-5.411345128541481e-12,both,True,compared
United States of America,Female,15-19 years,2015,10421112.390470289,10421112.390470292,-3.725290298461914e-09,-3.574753019522705e-14,both,True,compared
United States of America,Female,15-19 years,2016,10464491.318252845,10464491.31825313,-2.849847078323364e-07,-2.7233498424834813e-12,both,True,compared
United States of America,Female,15-19 years,2017,10490401.014119895,10490401.014120372,-4.76837158203125e-07,-4.545461680266661e-12,both,True,compared
United States of America,Female,15-19 years,2018,10511412.863487016,10511412.863487525,-5.085021257400513e-07,-4.837619189199678e-12,both,True,compared
United States of America,Female,15-19 years,2019,10530910.802205062,10530910.802205453,-3.91155481338501e-07,-3.71435565911922e-12,both,True,compared
United States of America,Female,15-19 years,2020,10535568.738823129,10535568.7388239,-7.711350917816162e-07,-7.319349442807162e-12,both,True,compared
United States of America,Female,15-19 years,2021,10569761.611031927,10569761.611032084,-1.564621925354004e-07,-1.480281186021233e-12,both,True,compared
United States of America,Female,15-19 years,2022,10675848.899941145,10675848.899941325,-1.8067657947540283e-07,-1.6923860684877142e-12,both,True,compared
United States of America,Female,15-19 years,2023,10770622.48237986,10770622.482380612,-7.525086402893066e-07,-6.986677339405118e-12,both,True,compared
United States of America,Female,20-24 years,1990,9626327.28798917,9626327.287989277,-1.0803341865539551e-07,-1.1222703677464769e-12,both,True,compared
United States of America,Female,20-24 years,1991,9693045.57529778,9693045.57529789,-1.0989606380462646e-07,-1.1337619631614116e-12,both,True,compared
United States of America,Female,20-24 years,1992,9679661.861633966,9679661.861633984,-1.862645149230957e-08,-1.924287414019786e-13,both,True,compared
United States of America,Female,20-24 years,1993,9600441.120783042,9600441.120783182,-1.3969838619232178e-07,-1.45512465973988e-12,both,True,compared
United States of America,Female,20-24 years,1994,9429171.282955823,9429171.282955969,-1.4528632164001465e-07,-1.5408175043191156e-12,both,True,compared
United States of America,Female,20-24 years,1995,9195695.16299514,9195695.162995156,-1.6763806343078613e-08,-1.8230058789398208e-13,both,True,compared
United States of America,Female,20-24 years,1996,8961067.379225306,8961067.379225327,-2.0489096641540527e-08,-2.2864571567714105e-13,both,True,compared
United States of America,Female,20-24 years,1997,8896399.602303741,8896399.602303876,-1.341104507446289e-07,-1.5074688271635272e-12,both,True,compared
United States of America,Female,20-24 years,1998,8966293.560049647,8966293.56004979,-1.434236764907837e-07,-1.5995871151244076e-12,both,True,compared
United States of America,Female,20-24 years,1999,9120212.74617315,9120212.746173277,-1.2665987014770508e-07,-1.3887819689387363e-12,both,True,compared
United States of America,Female,20-24 years,2000,9319475.497229248,9319475.497229414,-1.6577541828155518e-07,-1.7788063108362856e-12,both,True,compared
United States of America,Female,20-24 years,2001,9625245.526884517,9625245.526884694,-1.7695128917694092e-07,-1.8384080560095198e-12,both,True,compared
United States of America,Female,20-24 years,2002,9862385.492694575,9862385.492694728,-1.5273690223693848e-07,-1.5486811213177197e-12,both,True,compared
United States of America,Female,20-24 years,2003,10023612.583854765,10023612.583854878,-1.1362135410308838e-07,-1.133536967361454e-12,both,True,compared
United States of America,Female,20-24 years,2004,10140111.118948473,10140111.118948622,-1.4901161193847656e-07,-1.4695264202778188e-12,both,True,compared
United States of America,Female,20-24 years,2005,10191289.048537243,10191289.04853729,-4.6566128730773926e-08,-4.569208910570304e-13,both,True,compared
United States of America,Female,20-24 years,2006,10247822.761520963,10247822.761521056,-9.313225746154785e-08,-9.088004313584101e-13,both,True,compared
United States of America,Female,20-24 years,2007,10298533.29058864,10298533.290588716,-7.636845111846924e-08,-7.415468685065949e-13,both,True,compared
United States of America,Female,20-24 years,2008,10381200.964910368,10381200.96491054,-1.73225998878479e-07,-1.6686508571022029e-12,both,True,compared
United States of America,Female,20-24 years,2009,10525419.722971402,10525419.722971542,-1.3969838619232178e-07,-1.3272476525324151e-12,both,True,compared
United States of America,Female,20-24 years,2010,10698450.98926763,10698450.989267755,-1.2479722499847412e-07,-1.166498076438047e-12,both,True,compared
United States of America,Female,20-24 years,2011,10870612.379765002,10870612.379765015,-1.30385160446167e-08,-1.1994279244918272e-13,both,True,compared
United States of America,Female,20-24 years,2012,11022223.479386702,11022223.479386805,-1.0244548320770264e-07,-9.294448021244703e-13,both,True,compared
United States of America,Female,20-24 years,2013,11090614.4963456,11090614.496345654,-5.4016709327697754e-08,-4.870488406706091e-13,both,True,compared
United States of America,Female,20-24 years,2014,11082747.35508817,11082747.355088273,-1.0244548320770264e-07,-9.24369020833712e-13,both,True,compared
United States of America,Female,20-24 years,2015,10987375.490815246,10987375.49081528,-3.3527612686157227e-08,-3.051466905284542e-13,both,True,compared
United States of America,Female,20-24 years,2016,10856621.97789546,10856621.977895679,-2.1979212760925293e-07,-2.024498302112379e-12,both,True,compared
United States of America,Female,20-24 years,2017,10729349.614686804,10729349.614686968,-1.6391277313232422e-07,-1.5277046514352859e-12,both,True,compared
United States of America,Female,20-24 years,2018,10625456.044811752,10625456.0448118,-4.842877388000488e-08,-4.55780661797118e-13,both,True,compared
United States of America,Female,20-24 years,2019,10553519.543223778,10553519.543223888,-1.0989606380462646e-07,-1.0413214601491758e-12,both,True,compared
United States of America,Female,20-24 years,2020,10531563.085704751,10531563.085704777,-2.60770320892334e-08,-2.4760837377150246e-13,both,True,compared
United States of America,Female,20-24 years,2021,10526968.342225714,10526968.342225887,-1.73225998878479e-07,-1.6455449778796798e-12,both,True,compared
United States of America,Female,20-24 years,2022,10581618.44686162,10581618.446861833,-2.1420419216156006e-07,-2.024304630121023e-12,both,True,compared
United States of America,Female,20-24 years,2023,10658557.79209308,10658557.792093094,-1.4901161193847656e-08,-1.398046666773426e-13,both,True,compared
United States of America,Female,25-29 years,1990,10823316.08923823,10823316.089238282,-5.21540641784668e-08,-4.818676988499328e-13,both,True,compared
United States of America,Female,25-29 years,1991,10575847.863401089,10575847.863401135,-4.6566128730773926e-08,-4.403063407513761e-13,both,True,compared
United States of America,Female,25-29 years,1992,10339393.493749715,10339393.493749782,-6.705522537231445e-08,-6.485411877674462e-13,both,True,compared
United States of America,Female,25-29 years,1993,10097112.956200331,10097112.956200376,-4.470348358154297e-08,-4.4273530241227925e-13,both,True,compared
United States of America,Female,25-29 years,1994,9921249.712868206,9921249.71286831,-1.043081283569336e-07,-1.0513607798989508e-12,both,True,compared
United States of America,Female,25-29 years,1995,9867310.621267024,9867310.62126709,-6.51925802230835e-08,-6.606924898317669e-13,both,True,compared
United States of America,Female,25-29 years,1996,9945688.875243329,9945688.875243427,-9.872019290924072e-08,-9.925928122985394e-13,both,True,compared
United States of America,Female,25-29 years,1997,9946554.500787329,9946554.500787381,-5.21540641784668e-08,-5.243430192267935e-13,both,True,compared
United States of America,Female,25-29 years,1998,9877602.432369657,9877602.432369705,-4.842877388000488e-08,-4.902887538913299e-13,both,True,compared
United States of America,Female,25-29 years,1999,9710707.654224226,9710707.654224256,-2.9802322387695312e-08,-3.0690165381233663e-13,both,True,compared
United States of America,Female,25-29 years,2000,9476164.094009295,9476164.0940093,-5.587935447692871e-09,-5.89683271865827e-14,both,True,compared
United States of America,Female,25-29 years,2001,9275175.002596367,9275175.002596414,-4.6566128730773926e-08,-5.02051214319286e-13,both,True,compared
United States of America,Female,25-29 years,2002,9236574.651836496,9236574.65183652,-2.421438694000244e-08,-2.6215764883346584e-13,both,True,compared
United States of America,Female,25-29 years,2003,9322806.637971146,9322806.637971235,-8.940696716308594e-08,-9.590134241220616e-13,both,True,compared
United States of America,Female,25-29 years,2004,9508126.557644976,9508126.557645023,-4.6566128730773926e-08,-4.897508299711534e-13,both,True,compared
United States of America,Female,25-29 years,2005,9747723.02079065,9747723.020790735,-8.568167686462402e-08,-8.789917058771155e-13,both,True,compared
United States of America,Female,25-29 years,2006,10011705.37014016,10011705.370140225,-6.51925802230835e-08,-6.511635911452199e-13,both,True,compared
United States of America,Female,25-29 years,2007,10220341.741776934,10220341.74177701,-7.636845111846924e-08,-7.472201326331739e-13,both,True,compared
United States of America,Female,25-29 years,2008,10386537.687258324,10386537.68725833,-5.587935447692871e-09,-5.3799789842844994e-14,both,True,compared
United States of America,Female,25-29 years,2009,10487243.209838929,10487243.209839052,-1.2293457984924316e-07,-1.1722297022148615e-12,both,True,compared
United States of America,Female,25-29 years,2010,10526958.29462042,10526958.294620438,-1.6763806343078613e-08,-1.5924644017679258e-13,both,True,compared
United States of America,Female,25-29 years,2011,10570670.2720429,10570670.272042926,-2.60770320892334e-08,-2.466923233638402e-13,both,True,compared
United States of America,Female,25-29 years,2012,10620470.834217949,10620470.834218089,-1.3969838619232178e-07,-1.3153690488205991e-12,both,True,compared
United States of America,Female,25-29 years,2013,10701941.025249597,10701941.025249686,-8.940696716308594e-08,-8.354275822688972e-13,both,True,compared
United States of America,Female,25-29 years,2014,10864727.183630234,10864727.183630371,-1.3783574104309082e-07,-1.2686534941325212e-12,both,True,compared
United States of America,Female,25-29 years,2015,11062862.019547852,11062862.01954789,-3.91155481338501e-08,-3.535753050587969e-13,both,True,compared
United States of America,Female,25-29 years,2016,11253231.786648322,11253231.786648337,-1.4901161193847656e-08,-1.3241672682444444e-13,both,True,compared
United States of America,Female,25-29 years,2017,11404868.937685136,11404868.937685203,-6.705522537231445e-08,-5.879526168928054e-13,both,True,compared
United States of America,Female,25-29 years,2018,11453351.871475656,11453351.871475717,-6.146728992462158e-08,-5.366751202126658e-13,both,True,compared
United States of America,Female,25-29 years,2019,11400182.74013058,11400182.740130648,-6.891787052154541e-08,-6.045330333078153e-13,both,True,compared
United States of America,Female,25-29 years,2020,11236018.983513294,11236018.983513396,-1.0244548320770264e-07,-9.117596130624357e-13,both,True,compared
United States of America,Female,25-29 years,2021,11029377.41527768,11029377.41527775,-6.891787052154541e-08,-6.248573054185425e-13,both,True,compared
United States of America,Female,25-29 years,2022,10883572.163203975,10883572.163204007,-3.166496753692627e-08,-2.9094278112090485e-13,both,True,compared
United States of America,Female,25-29 years,2023,10802911.300255986,10802911.300256034,-4.842877388000488e-08,-4.482937287364131e-13,both,True,compared
United States of America,Female,30-34 years,1990,11197307.248750389,11197307.24875041,-2.0489096641540527e-08,-1.829823562609403e-13,both,True,compared
United States of America,Female,30-34 years,1991,11306801.330627086,11306801.330627171,-8.568167686462402e-08,-7.577888242586822e-13,both,True,compared
United States of America,Female,30-34 years,1992,11324116.707425475,11324116.707425512,-3.725290298461914e-08,-3.289696136758427e-13,both,True,compared
United States of America,Female,30-34 years,1993,11284897.892607337,11284897.892607423,-8.568167686462402e-08,-7.592596555149474e-13,both,True,compared
United States of America,Female,30-34 years,1994,11268095.20776147,11268095.20776159,-1.1920928955078125e-07,-1.057936477752423e-12,both,True,compared
United States of America,Female,30-34 years,1995,11116074.339144709,11116074.33914479,-8.195638656616211e-08,-7.372781439357303e-13,both,True,compared
United States of America,Female,30-34 years,1996,10881145.038367536,10881145.038367666,-1.30385160446167e-07,-1.19826691020496e-12,both,True,compared
United States of America,Female,30-34 years,1997,10646503.769506082,10646503.769506082,0.0,0.0,both,True,compared
United States of America,Female,30-34 years,1998,10401241.871073993,10401241.871074082,-8.940696716308594e-08,-8.595797335674698e-13,both,True,compared
United States of America,Female,30-34 years,1999,10214053.04639333,10214053.046393437,-1.0803341865539551e-07,-1.0576939258558389e-12,both,True,compared
United States of America,Female,30-34 years,2000,10148470.267977322,10148470.26797733,-9.313225746154785e-09,-9.176974953103935e-14,both,True,compared
United States of America,Female,30-34 years,2001,10244464.321856104,10244464.32185618,-7.636845111846924e-08,-7.454606577675378e-13,both,True,compared
United States of America,Female,30-34 years,2002,10261526.93416615,10261526.9341662,-5.029141902923584e-08,-4.900968379451271e-13,both,True,compared
United States of America,Female,30-34 years,2003,10199209.45696934,10199209.456969384,-4.470348358154297e-08,-4.383034172417757e-13,both,True,compared
United States of America,Female,30-34 years,2004,10048018.93785148,10048018.93785157,-9.12696123123169e-08,-9.083343978234245e-13,both,True,compared
United States of America,Female,30-34 years,2005,9833900.184231926,9833900.184231956,-2.9802322387695312e-08,-3.030569949802985e-13,both,True,compared
United States of America,Female,30-34 years,2006,9609143.708002271,9609143.708002377,-1.0617077350616455e-07,-1.1048931802086381e-12,both,True,compared
United States of America,Female,30-34 years,2007,9553336.11394983,9553336.113949858,-2.7939677238464355e-08,-2.924598999261284e-13,both,True,compared
United States of America,Female,30-34 years,2008,9637900.877177157,9637900.877177244,-8.754432201385498e-08,-9.083339113931189e-13,both,True,compared
United States of America,Female,30-34 years,2009,9808395.708240235,9808395.708240276,-4.0978193283081055e-08,-4.177869093174374e-13,both,True,compared
United States of America,Female,30-34 years,2010,10036140.752273569,10036140.752273625,-5.587935447692871e-08,-5.567812952829494e-13,both,True,compared
United States of America,Female,30-34 years,2011,10287001.766644793,10287001.766644837,-4.470348358154297e-08,-4.3456280649714956e-13,both,True,compared
United States of America,Female,30-34 years,2012,10496596.497932764,10496596.497932836,-7.264316082000732e-08,-6.920639545810294e-13,both,True,compared
United States of America,Female,30-34 years,2013,10667937.890546812,10667937.89054687,-5.774199962615967e-08,-5.412667398197606e-13,both,True,compared
United States of America,Female,30-34 years,2014,10781602.246817175,10781602.24681727,-9.499490261077881e-08,-8.810833532541246e-13,both,True,compared
United States of America,Female,30-34 years,2015,10838399.854051009,10838399.854051076,-6.705522537231445e-08,-6.186819666673545e-13,both,True,compared
United States of America,Female,30-34 years,2016,10893132.446539693,10893132.446539788,-9.499490261077881e-08,-8.720623115250457e-13,both,True,compared
United States of America,Female,30-34 years,2017,10939827.671170983,10939827.671171082,-9.872019290924072e-08,-9.023925776215984e-13,both,True,compared
United States of America,Female,30-34 years,2018,11008535.570332356,11008535.57033243,-7.450580596923828e-08,-6.76800338185117e-13,both,True,compared
United States of America,Female,30-34 years,2019,11148581.446373671,11148581.446373688,-1.6763806343078613e-08,-1.5036716934540063e-13,both,True,compared
United States of America,Female,30-34 years,2020,11310291.857373254,11310291.85737329,-3.5390257835388184e-08,-3.1290313531844927e-13,both,True,compared
United States of America,Female,30-34 years,2021,11455913.126870155,11455913.126870222,-6.705522537231445e-08,-5.853328724624718e-13,both,True,compared
United States of America,Female,30-34 years,2022,11594755.734400872,11594755.734400902,-2.9802322387695312e-08,-2.570327747334409e-13,both,True,compared
United States of America,Female,30-34 years,2023,11652228.391856482,11652228.391856574,-9.12696123123169e-08,-7.832803240975217e-13,both,True,compared
United States of America,Female,35-39 years,1990,10260424.04486615,10260424.04486622,-6.891787052154541e-08,-6.716863769000734e-13,both,True,compared
United States of America,Female,35-39 years,1991,10500313.845799156,10500313.84579917,-1.4901161193847656e-08,-1.4191157914588562e-13,both,True,compared
United States of America,Female,35-39 years,1992,10752185.205117218,10752185.205117263,-4.470348358154297e-08,-4.1576184495285227e-13,both,True,compared
United States of America,Female,35-39 years,1993,10981297.227182446,10981297.22718256,-1.1362135410308838e-07,-1.0346806188055531e-12,both,True,compared
United States of America,Female,35-39 years,1994,11135157.880969789,11135157.880969798,-9.313225746154785e-09,-8.363802153242279e-14,both,True,compared
United States of America,Female,35-39 years,1995,11303058.802530749,11303058.802530808,-5.960464477539063e-08,-5.273319887714393e-13,both,True,compared
United States of America,Female,35-39 years,1996,11426614.057375818,11426614.057375954,-1.3597309589385986e-07,-1.1899683949340177e-12,both,True,compared
United States of America,Female,35-39 years,1997,11461626.222808858,11461626.222808868,-9.313225746154785e-09,-8.125570983654383e-14,both,True,compared
United States of America,Female,35-39 years,1998,11440085.94543897,11440085.945439084,-1.1362135410308838e-07,-9.931861932242554e-13,both,True,compared
United States of America,Female,35-39 years,1999,11441196.897721384,11441196.897721425,-4.0978193283081055e-08,-3.5816351776309545e-13,both,True,compared
United States of America,Female,35-39 years,2000,11315047.608947083,11315047.60894712,-3.725290298461914e-08,-3.2923328537444565e-13,both,True,compared
United States of America,Female,35-39 years,2001,11109286.79418386,11109286.794183873,-1.30385160446167e-08,-1.173659145377619e-13,both,True,compared
United States of America,Female,35-39 years,2002,10890442.729428336,10890442.729428425,-8.940696716308594e-08,-8.209672405832404e-13,both,True,compared
United States of America,Female,35-39 years,2003,10652569.466002818,10652569.466002835,-1.6763806343078613e-08,-1.5736866487075747e-13,both,True,compared
United States of America,Female,35-39 years,2004,10475392.359921305,10475392.35992141,-1.0617077350616455e-07,-1.0135255068093902e-12,both,True,compared
United States of America,Female,35-39 years,2005,10425909.971991846,10425909.971991912,-6.51925802230835e-08,-6.252939110180001e-13,both,True,compared
United States of America,Female,35-39 years,2006,10518078.67691788,10518078.676917953,-7.264316082000732e-08,-6.906504795350513e-13,both,True,compared
United States of America,Female,35-39 years,2007,10530404.387686178,10530404.38768621,-3.166496753692627e-08,-3.007003945067293e-13,both,True,compared
United States of America,Female,35-39 years,2008,10470975.669361884,10470975.669361923,-3.91155481338501e-08,-3.735616371290246e-13,both,True,compared
United States of America,Female,35-39 years,2009,10314962.88432634,10314962.884326348,-7.450580596923828e-09,-7.22308037408941e-14,both,True,compared
United States of America,Female,35-39 years,2010,10100290.073706413,10100290.073706457,-4.470348358154297e-08,-4.4259603689915147e-13,both,True,compared
United States of America,Female,35-39 years,2011,9867830.705661312,9867830.705661356,-4.470348358154297e-08,-4.5302240092035586e-13,both,True,compared
United States of America,Female,35-39 years,2012,9808885.002794417,9808885.002794478,-6.146728992462158e-08,-6.266491034109422e-13,both,True,compared
United States of America,Female,35-39 years,2013,9887847.734946966,9887847.734946968,-1.862645149230957e-09,-1.88377207979017e-14,both,True,compared
United States of America,Female,35-39 years,2014,10055783.278936828,10055783.278936945,-1.1734664440155029e-07,-1.1669567764785505e-12,both,True,compared
United States of America,Female,35-39 years,2015,10283314.207312165,10283314.207312204,-3.91155481338501e-08,-3.8037880925622376e-13,both,True,compared
United States of America,Female,35-39 years,2016,10532836.847611085,10532836.847611144,-5.960464477539063e-08,-5.658935540135072e-13,both,True,compared
United States of America,Female,35-39 years,2017,10735265.171880923,10735265.171880983,-5.960464477539063e-08,-5.5522284565e-13,both,True,compared
United States of America,Female,35-39 years,2018,10894499.342209648,10894499.342209755,-1.0617077350616455e-07,-9.74535590587596e-13,both,True,compared
United States of America,Female,35-39 years,2019,10983973.416305725,10983973.41630579,-6.51925802230835e-08,-5.935245630356772e-13,both,True,compared
United States of America,Female,35-39 years,2020,11011221.992861483,11011221.99286161,-1.2665987014770508e-07,-1.1502798711152857e-12,both,True,compared
United States of America,Female,35-39 years,2021,11031655.57342084,11031655.57342085,-1.1175870895385742e-08,-1.0130728629991285e-13,both,True,compared
United States of America,Female,35-39 years,2022,11064661.60969558,11064661.60969565,-7.078051567077637e-08,-6.396988734725864e-13,both,True,compared
United States of America,Female,35-39 years,2023,11137561.801007625,11137561.801007738,-1.1362135410308838e-07,-1.0201636240780182e-12,both,True,compared
United States of America,Female,40-44 years,1990,9140013.4804169,9140013.480416976,-7.636845111846924e-08,-8.35539808361266e-13,both,True,compared
United States of America,Female,40-44 years,1991,9610110.047366535,9610110.047366632,-9.685754776000977e-08,-1.0078713696577461e-12,both,True,compared
United States of America,Female,40-44 years,1992,9670899.35885906,9670899.35885911,-5.029141902923584e-08,-5.20028356857692e-13,both,True,compared
United States of America,Female,40-44 years,1993,9786455.86421067,9786455.864210732,-6.146728992462158e-08,-6.28085292341726e-13,both,True,compared
United States of America,Female,40-44 years,1994,10013827.407074831,10013827.407074934,-1.0244548320770264e-07,-1.0230402327018764e-12,both,True,compared
United States of America,Female,40-44 years,1995,10238544.6828834,10238544.682883507,-1.0617077350616455e-07,-1.0369713352294958e-12,both,True,compared
United States of America,Female,40-44 years,1996,10482840.52804614,10482840.528046185,-4.470348358154297e-08,-4.2644437318245736e-13,both,True,compared
United States of America,Female,40-44 years,1997,10735885.350034377,10735885.350034405,-2.7939677238464355e-08,-2.6024567446014025e-13,both,True,compared
United States of America,Female,40-44 years,1998,10970372.981698396,10970372.9816985,-1.043081283569336e-07,-9.508166087966953e-13,both,True,compared
United States of America,Female,40-44 years,1999,11135738.094045889,11135738.094046002,-1.1362135410308838e-07,-1.0203306969282979e-12,both,True,compared
United States of America,Female,40-44 years,2000,11312287.631390044,11312287.631390069,-2.421438694000244e-08,-2.1405384771874826e-13,both,True,compared
United States of America,Female,40-44 years,2001,11448326.012582334,11448326.012582393,-5.960464477539063e-08,-5.206407007442125e-13,both,True,compared
United States of America,Female,40-44 years,2002,11500507.78439088,11500507.784390923,-4.284083843231201e-08,-3.725125814919055e-13,both,True,compared
United States of America,Female,40-44 years,2003,11491998.194028718,11491998.194028752,-3.3527612686157227e-08,-2.9174745871069045e-13,both,True,compared
United States of America,Female,40-44 years,2004,11506752.556704106,11506752.556704141,-3.5390257835388184e-08,-3.075607792988386e-13,both,True,compared
United States of America,Female,40-44 years,2005,11398201.344942885,11398201.344942898,-1.30385160446167e-08,-1.1439099600044866e-13,both,True,compared
United States of America,Female,40-44 years,2006,11195400.081195738,11195400.0811958,-6.146728992462158e-08,-5.490405834434145e-13,both,True,compared
United States of America,Female,40-44 years,2007,10976948.722153578,10976948.722153675,-9.685754776000977e-08,-8.823722348682631e-13,both,True,compared
United States of America,Female,40-44 years,2008,10743661.680863786,10743661.680863813,-2.60770320892334e-08,-2.4272015318279095e-13,both,True,compared
United States of America,Female,40-44 years,2009,10560794.84000528,10560794.840005284,-3.725290298461914e-09,-3.527471516017114e-14,both,True,compared
United States of America,Female,40-44 years,2010,10506855.882013597,10506855.882013721,-1.2479722499847412e-07,-1.1877694564375927e-12,both,True,compared
United States of America,Female,40-44 years,2011,10591827.604635984,10591827.604636006,-2.2351741790771484e-08,-2.1102818725059548e-13,both,True,compared
United States of America,Female,40-44 years,2012,10600177.211793073,10600177.211793156,-8.381903171539307e-08,-7.907323626829693e-13,both,True,compared
United States of America,Female,40-44 years,2013,10536173.665413013,10536173.665413057,-4.470348358154297e-08,-4.2428575117635567e-13,both,True,compared
United States of America,Female,40-44 years,2014,10381818.938542057,10381818.938542113,-5.587935447692871e-08,-5.382424294598223e-13,both,True,compared
United States of America,Female,40-44 years,2015,10172183.114023982,10172183.11402404,-5.774199962615967e-08,-5.676460891325588e-13,both,True,compared
United States of America,Female,40-44 years,2016,9939830.654095387,9939830.65409547,-8.381903171539307e-08,-8.432641825830114e-13,both,True,compared
United States of America,Female,40-44 years,2017,9878964.989366015,9878964.98936608,-6.51925802230835e-08,-6.599130606623118e-13,both,True,compared
United States of America,Female,40-44 years,2018,9950007.728048824,9950007.728048945,-1.210719347000122e-07,-1.216802418742987e-12,both,True,compared
United States of America,Female,40-44 years,2019,10103049.31882256,10103049.318822615,-5.4016709327697754e-08,-5.346574843207142e-13,both,True,compared
United States of America,Female,40-44 years,2020,10306765.857038803,10306765.857038887,-8.381903171539307e-08,-8.132428045617288e-13,both,True,compared
United States of America,Female,40-44 years,2021,10528090.920576014,10528090.92057615,-1.3597309589385986e-07,-1.2915266112312458e-12,both,True,compared
United States of America,Female,40-44 years,2022,10717678.544260198,10717678.544260325,-1.2665987014770508e-07,-1.1817845592648155e-12,both,True,compared
United States of America,Female,40-44 years,2023,10878576.740753336,10878576.740753466,-1.30385160446167e-07,-1.198549806223437e-12,both,True,compared
United States of America,Female,45-49 years,1990,7126274.376763971,7126274.376764035,-6.426125764846802e-08,-9.017511009399128e-13,both,True,compared
United States of America,Female,45-49 years,1991,7285731.235409555,7285731.235409654,-9.872019290924072e-08,-1.3549798876665718e-12,both,True,compared
United States of America,Female,45-49 years,1992,7836689.601408428,7836689.601408459,-3.166496753692627e-08,-4.040605044665208e-13,both,True,compared
United States of America,Female,45-49 years,1993,8226844.698429115,8226844.698429135,-1.955777406692505e-08,-2.3773116892141567e-13,both,True,compared
United States of America,Female,45-49 years,1994,8586957.027312368,8586957.027312426,-5.774199962615967e-08,-6.724384370679951e-13,both,True,compared
United States of America,Female,45-49 years,1995,9032395.300523672,9032395.300523747,-7.450580596923828e-08,-8.248731758331995e-13,both,True,compared
United States of America,Female,45-49 years,1996,9504962.45112248,9504962.451122511,-3.166496753692627e-08,-3.3314142690996983e-13,both,True,compared
United States of America,Female,45-49 years,1997,9580246.480218615,9580246.480218695,-8.009374141693115e-08,-8.360300706491162e-13,both,True,compared
United States of America,Female,45-49 years,1998,9712902.35554132,9712902.355541326,-5.587935447692871e-09,-5.753105758861965e-14,both,True,compared
United States of America,Female,45-49 years,1999,9954182.4432455,9954182.443245597,-9.685754776000977e-08,-9.73033680186697e-13,both,True,compared
United States of America,Female,45-49 years,2000,10200801.045285547,10200801.045285683,-1.3597309589385986e-07,-1.3329648847205178e-12,both,True,compared
United States of America,Female,45-49 years,2001,10459859.596722135,10459859.596722264,-1.2852251529693604e-07,-1.2287212281244372e-12,both,True,compared
United States of America,Female,45-49 years,2002,10721991.939639242,10721991.939639375,-1.3224780559539795e-07,-1.2334257136164907e-12,both,True,compared
United States of America,Female,45-49 years,2003,10963604.23915608,10963604.239156097,-1.6763806343078613e-08,-1.5290415430363073e-13,both,True,compared
United States of America,Female,45-49 years,2004,11139652.524569971,11139652.524570059,-8.754432201385498e-08,-7.858801863053129e-13,both,True,compared
United States of America,Female,45-49 years,2005,11320080.527275955,11320080.527276073,-1.1734664440155029e-07,-1.0366237600412935e-12,both,True,compared
United States of America,Female,45-49 years,2006,11463748.307220142,11463748.307220263,-1.210719347000122e-07,-1.0561286889363944e-12,both,True,compared
United States of America,Female,45-49 years,2007,11522277.902371028,11522277.90237117,-1.4156103134155273e-07,-1.2285854632305181e-12,both,True,compared
United States of America,Female,45-49 years,2008,11522703.567641098,11522703.567641165,-6.705522537231445e-08,-5.819400367169373e-13,both,True,compared
United States of America,Female,45-49 years,2009,11536927.896708412,11536927.896708487,-7.450580596923828e-08,-6.458028223483606e-13,both,True,compared
United States of America,Female,45-49 years,2010,11428779.599290406,11428779.599290483,-7.636845111846924e-08,-6.682117758505976e-13,both,True,compared
United States of America,Female,45-49 years,2011,11220309.570179025,11220309.570179023,1.862645149230957e-09,1.6600657384546993e-14,both,True,compared
United States of America,Female,45-49 years,2012,10995128.364124078,10995128.36412421,-1.3224780559539795e-07,-1.2027854629410997e-12,both,True,compared
United States of America,Female,45-49 years,2013,10755190.921116104,10755190.921116129,-2.421438694000244e-08,-2.2514139560703985e-13,both,True,compared
United States of America,Female,45-49 years,2014,10568552.260991972,10568552.260991998,-2.60770320892334e-08,-2.467417622135673e-13,both,True,compared
United States of America,Female,45-49 years,2015,10512913.454998534,10512913.454998607,-7.264316082000732e-08,-6.909898110639156e-13,both,True,compared
United States of America,Female,45-49 years,2016,10595635.897326348,10595635.897326378,-2.9802322387695312e-08,-2.8126978575410925e-13,both,True,compared
United States of America,Female,45-49 years,2017,10598208.057231992,10598208.057232045,-5.21540641784668e-08,-4.921026639298515e-13,both,True,compared
United States of America,Female,45-49 years,2018,10526680.405840283,10526680.40584038,-9.685754776000977e-08,-9.20114832272028e-13,both,True,compared
United States of America,Female,45-49 years,2019,10367642.644180303,10367642.644180363,-5.960464477539063e-08,-5.749102936996836e-13,both,True,compared
United States of America,Female,45-49 years,2020,10153509.765864553,10153509.76586463,-7.636845111846924e-08,-7.521384514270628e-13,both,True,compared
United States of America,Female,45-49 years,2021,9908899.143350665,9908899.143350702,-3.725290298461914e-08,-3.7595400301977627e-13,both,True,compared
United States of America,Female,45-49 years,2022,9843515.391949989,9843515.3919501,-1.1175870895385742e-07,-1.1353536262589025e-12,both,True,compared
United States of America,Female,45-49 years,2023,9915213.010162964,9915213.010163061,-9.685754776000977e-08,-9.768579622115232e-13,both,True,compared
United States of America,Female,5-9 years,1990,9053458.264282811,,,,both,False,unavailable_zero_burden_number_and_rate
United States of America,Female,5-9 years,1991,9133152.122570962,,,,both,False,unavailable_zero_burden_number_and_rate
United States of America,Female,5-9 years,1992,9242425.115017517,,,,both,False,unavailable_zero_burden_number_and_rate
United States of America,Female,5-9 years,1993,9383397.081239387,,,,both,False,unavailable_zero_burden_number_and_rate
United States of America,Female,5-9 years,1994,9573163.85068502,,,,both,False,unavailable_zero_burden_number_and_rate
United States of America,Female,5-9 years,1995,9770407.988030476,,,,both,False,unavailable_zero_burden_number_and_rate
United States of America,Female,5-9 years,1996,9940988.59322386,,,,both,False,unavailable_zero_burden_number_and_rate
United States of America,Female,5-9 years,1997,10070105.562602168,,,,both,False,unavailable_zero_burden_number_and_rate
United States of America,Female,5-9 years,1998,10125862.249475138,,,,both,False,unavailable_zero_burden_number_and_rate
United States of America,Female,5-9 years,1999,10105149.386010736,,,,both,False,unavailable_zero_burden_number_and_rate
United States of America,Female,5-9 years,2000,10008926.720047446,,,,both,False,unavailable_zero_burden_number_and_rate
United States of America,Female,5-9 years,2001,9909754.164060254,,,,both,False,unavailable_zero_burden_number_and_rate
United States of America,Female,5-9 years,2002,9824352.43811966,,,,both,False,unavailable_zero_burden_number_and_rate
United States of America,Female,5-9 years,2003,9772867.750541668,,,,both,False,unavailable_zero_burden_number_and_rate
United States of America,Female,5-9 years,2004,9773934.810370326,,,,both,False,unavailable_zero_burden_number_and_rate
United States of America,Female,5-9 years,2005,9816171.286201697,,,,both,False,unavailable_zero_burden_number_and_rate
United States of America,Female,5-9 years,2006,9877360.987448078,,,,both,False,unavailable_zero_burden_number_and_rate
United States of America,Female,5-9 years,2007,9926424.859953403,,,,both,False,unavailable_zero_burden_number_and_rate
United States of America,Female,5-9 years,2008,9971661.145517783,,,,both,False,unavailable_zero_burden_number_and_rate
United States of America,Female,5-9 years,2009,10007575.346444288,,,,both,False,unavailable_zero_burden_number_and_rate
United States of America,Female,5-9 years,2010,10034561.623904165,,,,both,False,unavailable_zero_burden_number_and_rate
United States of America,Female,5-9 years,2011,10090707.050980847,,,,both,False,unavailable_zero_burden_number_and_rate
United States of America,Female,5-9 years,2012,10186965.974053252,,,,both,False,unavailable_zero_burden_number_and_rate
United States of America,Female,5-9 years,2013,10266923.748115271,,,,both,False,unavailable_zero_burden_number_and_rate
United States of America,Female,5-9 years,2014,10290999.301565368,,,,both,False,unavailable_zero_burden_number_and_rate
United States of America,Female,5-9 years,2015,10267648.610919137,,,,both,False,unavailable_zero_burden_number_and_rate
United States of America,Female,5-9 years,2016,10192081.482916191,,,,both,False,unavailable_zero_burden_number_and_rate
United States of America,Female,5-9 years,2017,10082480.150981298,,,,both,False,unavailable_zero_burden_number_and_rate
United States of America,Female,5-9 years,2018,9979432.108598923,,,,both,False,unavailable_zero_burden_number_and_rate
United States of America,Female,5-9 years,2019,9932303.006020524,,,,both,False,unavailable_zero_burden_number_and_rate
United States of America,Female,5-9 years,2020,9932181.932557285,,,,both,False,unavailable_zero_burden_number_and_rate
United States of America,Female,5-9 years,2021,9934399.826312602,,,,both,False,unavailable_zero_burden_number_and_rate
United States of America,Female,5-9 years,2022,9922359.202568976,,,,both,False,unavailable_zero_burden_number_and_rate
United States of America,Female,5-9 years,2023,9871665.7558542,,,,both,False,unavailable_zero_burden_number_and_rate
United States of America,Female,50-54 years,1990,5894241.5306111,5894241.530611118,-1.862645149230957e-08,-3.1601099811697787e-13,both,True,compared
United States of America,Female,50-54 years,1991,6021721.463898013,6021721.463898029,-1.5832483768463135e-08,-2.629228844838394e-13,both,True,compared
United States of America,Female,50-54 years,1992,6211125.660600008,6211125.660600035,-2.7008354663848877e-08,-4.3483832303015766e-13,both,True,compared
United States of America,Female,50-54 years,1993,6530436.559690658,6530436.55969068,-2.2351741790771484e-08,-3.422702538562027e-13,both,True,compared
United States of America,Female,50-54 years,1994,6810453.230793206,6810453.230793247,-4.0978193283081055e-08,-6.016955391133105e-13,both,True,compared
United States of America,Female,50-54 years,1995,7032055.265877051,7032055.265877132,-8.102506399154663e-08,-1.1522245051844176e-12,both,True,compared
United States of America,Female,50-54 years,1996,7197514.004091594,7197514.004091634,-4.0046870708465576e-08,-5.563986493906091e-13,both,True,compared
United States of America,Female,50-54 years,1997,7749042.120453269,7749042.120453341,-7.171183824539185e-08,-9.254284223867035e-13,both,True,compared
United States of America,Female,50-54 years,1998,8145395.689926428,8145395.689926535,-1.0710209608078003e-07,-1.3148789838808606e-12,both,True,compared
United States of America,Female,50-54 years,1999,8519941.14050714,8519941.14050724,-1.0058283805847168e-07,-1.1805578982260974e-12,both,True,compared
United States of America,Female,50-54 years,2000,8977328.521345695,8977328.521345733,-3.725290298461914e-08,-4.1496646687309773e-13,both,True,compared
United States of America,Female,50-54 years,2001,9448897.613417208,9448897.613417262,-5.4016709327697754e-08,-5.716720779257395e-13,both,True,compared
United States of America,Female,50-54 years,2002,9533594.808747316,9533594.808747396,-8.009374141693115e-08,-8.40121098323196e-13,both,True,compared
United States of America,Female,50-54 years,2003,9675350.16495071,9675350.164950822,-1.1175870895385742e-07,-1.1550869689317004e-12,both,True,compared
United States of America,Female,50-54 years,2004,9923024.921168037,9923024.921168182,-1.4528632164001465e-07,-1.4641333947482724e-12,both,True,compared
United States of America,Female,50-54 years,2005,10178321.065794734,10178321.065794734,0.0,0.0,both,True,compared
United States of America,Female,50-54 years,2006,10449847.593859876,10449847.59386003,-1.5459954738616943e-07,-1.4794430827585379e-12,both,True,compared
United States of America,Female,50-54 years,2007,10719253.386568,10719253.386568159,-1.5832483768463135e-07,-1.4770136685361297e-12,both,True,compared
United States of America,Female,50-54 years,2008,10965737.367014792,10965737.367014827,-3.5390257835388184e-08,-3.227348663469084e-13,both,True,compared
United States of America,Female,50-54 years,2009,11139424.8302368,11139424.830236929,-1.2852251529693604e-07,-1.153762579806411e-12,both,True,compared
United States of America,Female,50-54 years,2010,11309543.766959231,11309543.766959373,-1.4156103134155273e-07,-1.2516953314697141e-12,both,True,compared
United States of America,Female,50-54 years,2011,11441939.248165432,11441939.24816547,-3.725290298461914e-08,-3.2558207290422523e-13,both,True,compared
United States of America,Female,50-54 years,2012,11490362.299086193,11490362.299086245,-5.21540641784668e-08,-4.538939923818983e-13,both,True,compared
United States of America,Female,50-54 years,2013,11480641.15131638,11480641.151316399,-1.862645149230957e-08,-1.6224225848374196e-13,both,True,compared
United States of America,Female,50-54 years,2014,11483773.582369627,11483773.582369696,-6.891787052154541e-08,-6.001326134412039e-13,both,True,compared
United States of America,Female,50-54 years,2015,11367384.653332151,11367384.653332267,-1.1548399925231934e-07,-1.0159240913737112e-12,both,True,compared
United States of America,Female,50-54 years,2016,11150596.84887072,11150596.848870786,-6.51925802230835e-08,-5.846555220915003e-13,both,True,compared
United States of America,Female,50-54 years,2017,10916850.77348332,10916850.773483466,-1.471489667892456e-07,-1.347906734666244e-12,both,True,compared
United States of America,Female,50-54 years,2018,10670141.302204767,10670141.302204886,-1.1920928955078125e-07,-1.1172231573554614e-12,both,True,compared
United States of America,Female,50-54 years,2019,10476994.456209108,10476994.45620922,-1.1175870895385742e-07,-1.066705813589741e-12,both,True,compared
United States of America,Female,50-54 years,2020,10410044.038424604,10410044.038424639,-3.5390257835388184e-08,-3.3996261403658714e-13,both,True,compared
United States of America,Female,50-54 years,2021,10474613.878307564,10474613.878307706,-1.4156103134155273e-07,-1.3514677771055505e-12,both,True,compared
United States of America,Female,50-54 years,2022,10467265.563830849,10467265.563830892,-4.284083843231201e-08,-4.0928395454440887e-13,both,True,compared
United States of America,Female,50-54 years,2023,10395078.534997191,10395078.534997264,-7.264316082000732e-08,-6.98822626259523e-13,both,True,compared
United States of America,Female,55-59 years,1990,5483499.590274368,5483499.5902744485,-8.009374141693115e-08,-1.460631848299703e-12,both,True,compared
United States of America,Female,55-59 years,1991,5458178.619263195,5458178.619263269,-7.35744833946228e-08,-1.3479676743256653e-12,both,True,compared
United States of America,Female,55-59 years,1992,5478883.338266483,5478883.33826649,-7.450580596923828e-09,-1.3598721011061334e-13,both,True,compared
United States of America,Female,55-59 years,1993,5538471.126017272,5538471.126017291,-1.955777406692505e-08,-3.531258649169684e-13,both,True,compared
United States of America,Female,55-59 years,1994,5635287.37138869,5635287.371388747,-5.774199962615967e-08,-1.024650489331309e-12,both,True,compared
United States of America,Female,55-59 years,1995,5749772.208435166,5749772.208435215,-4.936009645462036e-08,-8.584704691814913e-13,both,True,compared
United States of America,Female,55-59 years,1996,5878771.817018128,5878771.817018214,-8.568167686462402e-08,-1.4574758050072453e-12,both,True,compared
United States of America,Female,55-59 years,1997,6072011.761049541,6072011.7610496,-5.960464477539063e-08,-9.816292708413336e-13,both,True,compared
United States of America,Female,55-59 years,1998,6392866.440611796,6392866.440611853,-5.681067705154419e-08,-8.886573429822415e-13,both,True,compared
United States of America,Female,55-59 years,1999,6677977.45519184,6677977.45519185,-9.313225746154785e-09,-1.394617727993998e-13,both,True,compared
United States of America,Female,55-59 years,2000,6909860.569142254,6909860.569142301,-4.6566128730773926e-08,-6.739083699999224e-13,both,True,compared
United States of America,Female,55-59 years,2001,7080751.495027388,7080751.495027451,-6.239861249923706e-08,-8.812427966587705e-13,both,True,compared
United States of America,Female,55-59 years,2002,7627994.933271213,7627994.9332712265,-1.30385160446167e-08,-1.709297942470607e-13,both,True,compared
United States of America,Female,55-59 years,2003,8025220.293148952,8025220.293148955,-3.725290298461914e-09,-4.6419788646078116e-14,both,True,compared
United States of America,Female,55-59 years,2004,8402450.695854064,8402450.695854122,-5.774199962615967e-08,-6.872042659488704e-13,both,True,compared
United States of America,Female,55-59 years,2005,8856545.342821585,8856545.342821712,-1.2665987014770508e-07,-1.430127270226935e-12,both,True,compared
United States of America,Female,55-59 years,2006,9330562.054023722,9330562.054023812,-8.940696716308594e-08,-9.582163072859044e-13,both,True,compared
United States of America,Female,55-59 years,2007,9422550.288221745,9422550.288221786,-4.0978193283081055e-08,-4.3489492790825525e-13,both,True,compared
United States of America,Female,55-59 years,2008,9573634.639999012,9573634.639999157,-1.4528632164001465e-07,-1.5175670171598449e-12,both,True,compared
United States of America,Female,55-59 years,2009,9822464.839694915,9822464.83969503,-1.1548399925231934e-07,-1.1757130326964475e-12,both,True,compared
United States of America,Female,55-59 years,2010,10078655.950850137,10078655.950850267,-1.30385160446167e-07,-1.293676072305742e-12,both,True,compared
United States of America,Female,55-59 years,2011,10344103.93388972,10344103.933889776,-5.587935447692871e-08,-5.402048822600746e-13,both,True,compared
United States of America,Female,55-59 years,2012,10602218.330174755,10602218.330174834,-7.82310962677002e-08,-7.378747902695823e-13,both,True,compared
United States of America,Female,55-59 years,2013,10833555.564526612,10833555.564526785,-1.73225998878479e-07,-1.5989764195763218e-12,both,True,compared
United States of America,Female,55-59 years,2014,10992490.886900872,10992490.88690087,1.862645149230957e-09,1.6944704966283536e-14,both,True,compared
United States of America,Female,55-59 years,2015,11146793.9329967,11146793.932996875,-1.7508864402770996e-07,-1.570753394026718e-12,both,True,compared
United States of America,Female,55-59 years,2016,11267712.180800255,11267712.18080033,-7.450580596923828e-08,-6.612327753294346e-13,both,True,compared
United States of America,Female,55-59 years,2017,11307651.21579697,11307651.215797136,-1.6577541828155518e-07,-1.4660464416338228e-12,both,True,compared
United States of America,Female,55-59 years,2018,11293203.57717377,11293203.57717393,-1.601874828338623e-07,-1.4184414700328172e-12,both,True,compared
United States of America,Female,55-59 years,2019,11289927.79979536,11289927.799795447,-8.754432201385498e-08,-7.754196799685628e-13,both,True,compared
United States of America,Female,55-59 years,2020,11166619.403044464,11166619.403044546,-8.195638656616211e-08,-7.339408965959523e-13,both,True,compared
United States of America,Female,55-59 years,2021,10936283.636272475,10936283.636272477,-1.862645149230957e-09,-1.703179261968942e-14,both,True,compared
United States of America,Female,55-59 years,2022,10694965.813570363,10694965.81357037,-7.450580596923828e-09,-6.966437038508454e-14,both,True,compared
United States of America,Female,55-59 years,2023,10450785.511949006,10450785.511949053,-4.6566128730773926e-08,-4.455753940938898e-13,both,True,compared
United States of America,Female,60-64 years,1990,5683144.679081577,5683144.679081611,-3.4458935260772705e-08,-6.06335703322996e-13,both,True,compared
United States of America,Female,60-64 years,1991,5618823.677872499,5618823.6778725395,-4.0046870708465576e-08,-7.127269514822868e-13,both,True,compared
United States of America,Female,60-64 years,1992,5522332.314738695,5522332.314738766,-7.171183824539185e-08,-1.2985788278984637e-12,both,True,compared
United States of America,Female,60-64 years,1993,5425675.608009251,5425675.608009252,-9.313225746154785e-10,-1.7165098725045093e-14,both,True,compared
United States of America,Female,60-64 years,1994,5343953.010316025,5343953.010316045,-2.0489096641540527e-08,-3.834071258109522e-13,both,True,compared
United States of America,Female,60-64 years,1995,5292703.311468954,5292703.311469015,-6.05359673500061e-08,-1.143762719871875e-12,both,True,compared
United States of America,Female,60-64 years,1996,5276403.592061634,5276403.592061636,-1.862645149230957e-09,-3.53014153813653e-14,both,True,compared
United States of America,Female,60-64 years,1997,5304645.699728564,5304645.699728657,-9.220093488693237e-08,-1.7381167396655772e-12,both,True,compared
United States of America,Female,60-64 years,1998,5374008.604637087,5374008.604637143,-5.587935447692871e-08,-1.0398076852484367e-12,both,True,compared
United States of America,Female,60-64 years,1999,5481974.665678604,5481974.665678614,-1.0244548320770264e-08,-1.868769730898074e-13,both,True,compared
United States of America,Female,60-64 years,2000,5603151.101113752,5603151.101113754,-1.862645149230957e-09,-3.32428149021488e-14,both,True,compared
United States of America,Female,60-64 years,2001,5730114.569327004,5730114.5693270145,-1.0244548320770264e-08,-1.7878435407921477e-13,both,True,compared
United States of America,Female,60-64 years,2002,5923159.15239139,5923159.1523914635,-7.35744833946228e-08,-1.242149358166717e-12,both,True,compared
United States of America,Female,60-64 years,2003,6238981.063238169,6238981.063238196,-2.7008354663848877e-08,-4.3289688476520147e-13,both,True,compared
United States of America,Female,60-64 years,2004,6518936.300066174,6518936.300066211,-3.725290298461914e-08,-5.714567725449471e-13,both,True,compared
United States of America,Female,60-64 years,2005,6748314.713978096,6748314.7139781555,-5.960464477539063e-08,-8.832522978207992e-13,both,True,compared
United States of America,Female,60-64 years,2006,6928149.183668278,6928149.183668394,-1.1548399925231934e-07,-1.666880954650193e-12,both,True,compared
United States of America,Female,60-64 years,2007,7476461.363078494,7476461.3630785905,-9.685754776000977e-08,-1.2954998769648947e-12,both,True,compared
United States of America,Female,60-64 years,2008,7874376.432892719,7874376.43289285,-1.30385160446167e-07,-1.6558156897544824e-12,both,True,compared
United States of America,Female,60-64 years,2009,8250423.188629445,8250423.188629476,-3.166496753692627e-08,-3.8379810117578267e-13,both,True,compared
United States of America,Female,60-64 years,2010,8692672.735318013,8692672.735318124,-1.1175870895385742e-07,-1.2856656675890472e-12,both,True,compared
United States of America,Female,60-64 years,2011,9150783.467568155,9150783.467568198,-4.284083843231201e-08,-4.681657978701695e-13,both,True,compared
United States of America,Female,60-64 years,2012,9231761.055458756,9231761.055458866,-1.0989606380462646e-07,-1.1904127841312003e-12,both,True,compared
United States of America,Female,60-64 years,2013,9370932.25508492,9370932.255084962,-4.0978193283081055e-08,-4.3729046553340713e-13,both,True,compared
United States of America,Female,60-64 years,2014,9603294.068146786,9603294.068146918,-1.3224780559539795e-07,-1.3771087780603466e-12,both,True,compared
United States of America,Female,60-64 years,2015,9841253.89838224,9841253.898382306,-6.51925802230835e-08,-6.624418076826593e-13,both,True,compared
United States of America,Female,60-64 years,2016,10085861.151645385,10085861.15164555,-1.6577541828155518e-07,-1.6436416860102318e-12,both,True,compared
United States of America,Female,60-64 years,2017,10323771.862352062,10323771.862352176,-1.1362135410308838e-07,-1.1005798618762005e-12,both,True,compared
United States of America,Female,60-64 years,2018,10535984.559963584,10535984.559963644,-5.960464477539063e-08,-5.657244886432962e-13,both,True,compared
United States of America,Female,60-64 years,2019,10680147.661467217,10680147.661467282,-6.51925802230835e-08,-6.104089783167611e-13,both,True,compared
United States of America,Female,60-64 years,2020,10813811.597993972,10813811.597994061,-8.940696716308594e-08,-8.267849532321376e-13,both,True,compared
United States of America,Female,60-64 years,2021,10909323.42253151,10909323.42253167,-1.601874828338623e-07,-1.4683539632074706e-12,both,True,compared
United States of America,Female,60-64 years,2022,10932281.285923472,10932281.28592348,-7.450580596923828e-09,-6.815211209866397e-14,both,True,compared
United States of America,Female,60-64 years,2023,10913940.57074121,10913940.570741266,-5.587935447692871e-08,-5.11999805338263e-13,both,True,compared
United States of America,Female,65-69 years,1990,5556010.306697911,5556010.306697918,-7.450580596923828e-09,-1.340994740046102e-13,both,True,compared
United States of America,Female,65-69 years,1991,5561048.717906188,5561048.717906185,2.7939677238464355e-09,5.024174154148398e-14,both,True,compared
United States of America,Female,65-69 years,1992,5521392.929633202,5521392.9296333,-9.778887033462524e-08,-1.7710905849463166e-12,both,True,compared
United States of America,Female,65-69 years,1993,5503251.841019175,5503251.841019174,9.313225746154785e-10,1.6923132023029535e-14,both,True,compared
United States of America,Female,65-69 years,1994,5436591.152715359,5436591.152715441,-8.195638656616211e-08,-1.5074958602547883e-12,both,True,compared
United States of America,Female,65-69 years,1995,5374749.780753242,5374749.780753351,-1.0896474123001099e-07,-2.027345377457556e-12,both,True,compared
United States of America,Female,65-69 years,1996,5318657.914875805,5318657.914875816,-1.0244548320770264e-08,-1.9261528913369645e-13,both,True,compared
United States of America,Female,65-69 years,1997,5233645.620979887,5233645.6209798865,9.313225746154785e-10,1.7794910891217515e-14,both,True,compared
United States of America,Female,65-69 years,1998,5150748.739759648,5150748.739759648,0.0,0.0,both,True,compared
United States of America,Female,65-69 years,1999,5081142.317329041,5081142.317329129,-8.847564458847046e-08,-1.7412549986393349e-12,both,True,compared
United States of America,Female,65-69 years,2000,5045468.213976692,5045468.213976759,-6.705522537231445e-08,-1.3290188844429061e-12,both,True,compared
United States of America,Female,65-69 years,2001,5035375.010814728,5035375.010814781,-5.3085386753082275e-08,-1.0542489216606136e-12,both,True,compared
United States of America,Female,65-69 years,2002,5066787.094007698,5066787.094007712,-1.3969838619232178e-08,-2.7571394574194346e-13,both,True,compared
United States of America,Female,65-69 years,2003,5140055.961461279,5140055.961461312,-3.3527612686157227e-08,-6.522810828819378e-13,both,True,compared
United States of America,Female,65-69 years,2004,5249995.638416271,5249995.638416356,-8.568167686462402e-08,-1.632033296135671e-12,both,True,compared
United States of America,Female,65-69 years,2005,5370019.983017737,5370019.98301775,-1.30385160446167e-08,-2.428020023361174e-13,both,True,compared
United States of America,Female,65-69 years,2006,5505316.075275162,5505316.075275267,-1.043081283569336e-07,-1.8946801042975565e-12,both,True,compared
United States of America,Female,65-69 years,2007,5703568.573004827,5703568.573004884,-5.681067705154419e-08,-9.960549491844623e-13,both,True,compared
United States of America,Female,65-69 years,2008,6018796.755049871,6018796.755049868,3.725290298461914e-09,6.189426973649398e-14,both,True,compared
United States of America,Female,65-69 years,2009,6292626.981626157,6292626.98162615,6.51925802230835e-09,1.0360153305358688e-13,both,True,compared
United States of America,Female,65-69 years,2010,6516833.868967326,6516833.868967389,-6.239861249923706e-08,-9.574988982974473e-13,both,True,compared
United States of America,Female,65-69 years,2011,6690831.7762813615,6690831.77628137,-8.381903171539307e-09,-1.2527445692556046e-13,both,True,compared
United States of America,Female,65-69 years,2012,7223464.024089312,7223464.024089313,-9.313225746154785e-10,-1.289301879970107e-14,both,True,compared
United States of America,Female,65-69 years,2013,7603873.034775722,7603873.034775728,-6.51925802230835e-09,-8.573601890106568e-14,both,True,compared
United States of America,Female,65-69 years,2014,7959828.721625411,7959828.7216254035,7.450580596923828e-09,9.360227283134814e-14,both,True,compared
United States of America,Female,65-69 years,2015,8376541.783224263,8376541.783224268,-4.6566128730773926e-09,-5.5591113774460143e-14,both,True,compared
United States of America,Female,65-69 years,2016,8803571.95696305,8803571.956963079,-2.9802322387695312e-08,-3.385253455459477e-13,both,True,compared
United States of America,Female,65-69 years,2017,8871042.5606963,8871042.560696434,-1.341104507446289e-07,-1.5117777851592497e-12,both,True,compared
United States of America,Female,65-69 years,2018,9000032.66399303,9000032.663993035,-3.725290298461914e-09,-4.1391964202151243e-14,both,True,compared
United States of America,Female,65-69 years,2019,9218161.058228508,9218161.058228588,-8.009374141693115e-08,-8.688689740936584e-13,both,True,compared
United States of America,Female,65-69 years,2020,9434789.268158628,9434789.268158631,-3.725290298461914e-09,-3.948461584652831e-14,both,True,compared
United States of America,Female,65-69 years,2021,9643037.504819844,9643037.504819848,-3.725290298461914e-09,-3.8631917552948603e-14,both,True,compared
United States of America,Female,65-69 years,2022,9850035.77045214,9850035.770452298,-1.5832483768463135e-07,-1.6073529210885685e-12,both,True,compared
United States of America,Female,65-69 years,2023,10044624.944072591,10044624.944072688,-9.685754776000977e-08,-9.642724173306852e-13,both,True,compared
United States of America,Female,70-74 years,1990,4626301.280984049,4626301.28098409,-4.0978193283081055e-08,-8.857657725733912e-13,both,True,compared
United States of America,Female,70-74 years,1991,4714952.243367988,4714952.243367993,-5.587935447692871e-09,-1.1851520777443323e-13,both,True,compared
United States of America,Female,70-74 years,1992,4827752.131309783,4827752.13130978,2.7939677238464355e-09,5.787305660799167e-14,both,True,compared
United States of America,Female,70-74 years,1993,4905745.024214377,4905745.0242143795,-2.7939677238464355e-09,-5.695297472770451e-14,both,True,compared
United States of America,Female,70-74 years,1994,4973300.783249805,4973300.783249803,1.862645149230957e-09,3.745289558002183e-14,both,True,compared
United States of America,Female,70-74 years,1995,5020538.350843994,5020538.350844001,-7.450580596923828e-09,-1.4840202536589177e-13,both,True,compared
United States of America,Female,70-74 years,1996,5026143.546743374,5026143.546743441,-6.705522537231445e-08,-1.3341287360517594e-12,both,True,compared
United States of America,Female,70-74 years,1997,4993277.719368503,4993277.719368627,-1.2386590242385864e-07,-2.480653177839343e-12,both,True,compared
United States of America,Female,70-74 years,1998,4981834.038322833,4981834.038322938,-1.043081283569336e-07,-2.093769634928457e-12,both,True,compared
United States of America,Female,70-74 years,1999,4927007.020452686,4927007.020452773,-8.754432201385498e-08,-1.7768255992014305e-12,both,True,compared
United States of America,Female,70-74 years,2000,4879217.3315942455,4879217.331594321,-7.543712854385376e-08,-1.5460907645039308e-12,both,True,compared
United States of America,Female,70-74 years,2001,4837064.82355208,4837064.823552115,-3.4458935260772705e-08,-7.123934972504237e-13,both,True,compared
United States of America,Female,70-74 years,2002,4767628.056776963,4767628.056777064,-1.0058283805847168e-07,-2.109703963074423e-12,both,True,compared
United States of America,Female,70-74 years,2003,4699365.984298604,4699365.984298625,-2.1420419216156006e-08,-4.558150884124654e-13,both,True,compared
United States of America,Female,70-74 years,2004,4642150.434648999,4642150.434648996,2.7939677238464355e-09,6.018692765732596e-14,both,True,compared
United States of America,Female,70-74 years,2005,4617958.315840305,4617958.315840352,-4.7497451305389404e-08,-1.0285378961188512e-12,both,True,compared
United States of America,Female,70-74 years,2006,4624496.958433754,4624496.958433752,1.862645149230957e-09,4.027778947576184e-14,both,True,compared
United States of America,Female,70-74 years,2007,4667471.224894648,4667471.224894747,-9.872019290924072e-08,-2.1150680561821563e-12,both,True,compared
United States of America,Female,70-74 years,2008,4749199.048577626,4749199.048577622,4.6566128730773926e-09,9.805048862864648e-14,both,True,compared
United States of America,Female,70-74 years,2009,4861326.30324018,4861326.303240179,9.313225746154785e-10,1.9157787741891172e-14,both,True,compared
United States of America,Female,70-74 years,2010,4979981.986467044,4979981.986467045,-9.313225746154785e-10,-1.8701324164350805e-14,both,True,compared
United States of America,Female,70-74 years,2011,5110200.315417417,5110200.315417438,-2.0489096641540527e-08,-4.0094507801827553e-13,both,True,compared
United States of America,Female,70-74 years,2012,5296645.063152174,5296645.063152179,-4.6566128730773926e-09,-8.791627185806025e-14,both,True,compared
United States of America,Female,70-74 years,2013,5590554.787915896,5590554.787915967,-7.171183824539185e-08,-1.282732053720295e-12,both,True,compared
United States of America,Female,70-74 years,2014,5841081.617000164,5841081.617000166,-1.862645149230957e-09,-3.18887026644145e-14,both,True,compared
United States of America,Female,70-74 years,2015,6044212.919237979,6044212.919238028,-4.936009645462036e-08,-8.166505236358121e-13,both,True,compared
United States of America,Female,70-74 years,2016,6202124.193926025,6202124.193926075,-4.936009645462036e-08,-7.958579175657361e-13,both,True,compared
United States of America,Female,70-74 years,2017,6700226.35743593,6700226.357435928,1.862645149230957e-09,2.779973466364742e-14,both,True,compared
United States of America,Female,70-74 years,2018,7054998.683564731,7054998.6835649125,-1.816079020500183e-07,-2.5741734363904367e-12,both,True,compared
United States of America,Female,70-74 years,2019,7386455.152915925,7386455.152915931,-6.51925802230835e-09,-8.825963046339983e-14,both,True,compared
United States of America,Female,70-74 years,2020,7763511.56511528,7763511.565115351,-7.078051567077637e-08,-9.117074802699201e-13,both,True,compared
United States of America,Female,70-74 years,2021,8134328.459897004,8134328.459897068,-6.426125764846802e-08,-7.900007722245542e-13,both,True,compared
United States of America,Female,70-74 years,2022,8182280.591553314,8182280.591553421,-1.0710209608078003e-07,-1.308951641078443e-12,both,True,compared
United States of America,Female,70-74 years,2023,8301572.119528006,8301572.119528157,-1.5087425708770752e-07,-1.8174178928446823e-12,both,True,compared
United States of America,Female,75-79 years,1990,3721038.488968548,3721038.4889686788,-1.3085082173347473e-07,-3.516513524958079e-12,both,True,compared
United States of America,Female,75-79 years,1991,3767765.195842656,3767765.1958426572,-1.3969838619232178e-09,-3.707725373822782e-14,both,True,compared
United States of America,Female,75-79 years,1992,3809281.1021834738,3809281.1021835892,-1.1548399925231934e-07,-3.031648128727599e-12,both,True,compared
United States of America,Female,75-79 years,1993,3847703.636596645,3847703.636596654,-8.847564458847046e-09,-2.2994402101802355e-13,both,True,compared
United States of America,Female,75-79 years,1994,3885397.4489307487,3885397.448930878,-1.2945383787155151e-07,-3.3318042638643537e-12,both,True,compared
United States of America,Female,75-79 years,1995,3951544.195820427,3951544.195820493,-6.612390279769897e-08,-1.6733686761656023e-12,both,True,compared
United States of America,Female,75-79 years,1996,4030683.25782488,4030683.2578249546,-7.450580596923828e-08,-1.8484659102051257e-12,both,True,compared
United States of America,Female,75-79 years,1997,4131001.388807609,4131001.388807609,0.0,0.0,both,True,compared
United States of America,Female,75-79 years,1998,4201495.09939237,4201495.099392368,1.862645149230957e-09,4.4332912574391365e-14,both,True,compared
United States of America,Female,75-79 years,1999,4262422.1287316345,4262422.128731639,-4.6566128730773926e-09,-1.0924804565199312e-13,both,True,compared
United States of America,Female,75-79 years,2000,4305916.206976974,4305916.206976974,0.0,0.0,both,True,compared
United States of America,Female,75-79 years,2001,4313886.698351976,4313886.698351971,5.587935447692871e-09,1.2953366276002605e-13,both,True,compared
United States of America,Female,75-79 years,2002,4291405.697209038,4291405.697209082,-4.377216100692749e-08,-1.0199958730398105e-12,both,True,compared
United States of America,Female,75-79 years,2003,4289574.78476438,4289574.784764441,-6.05359673500061e-08,-1.4112346884594822e-12,both,True,compared
United States of America,Female,75-79 years,2004,4253753.734638162,4253753.734638159,2.7939677238464355e-09,6.568240425145579e-14,both,True,compared
United States of America,Female,75-79 years,2005,4226884.592355089,4226884.592355088,9.313225746154785e-10,2.2033309740698987e-14,both,True,compared
United States of America,Female,75-79 years,2006,4203281.1343063,4203281.134306299,1.862645149230957e-09,4.431407487899007e-14,both,True,compared
United States of America,Female,75-79 years,2007,4155453.987198776,4155453.9871987766,-4.656612873077393e-10,-1.1206026796163496e-14,both,True,compared
United States of America,Female,75-79 years,2008,4107222.682069439,4107222.682069438,9.313225746154785e-10,2.2675239369934242e-14,both,True,compared
United States of America,Female,75-79 years,2009,4065383.995540192,4065383.9955402957,-1.0384246706962585e-07,-2.554308945564383e-12,both,True,compared
United States of America,Female,75-79 years,2010,4055547.222160373,4055547.222160451,-7.82310962677002e-08,-1.928989899075243e-12,both,True,compared
United States of America,Female,75-79 years,2011,4069221.860542809,4069221.860542834,-2.468004822731018e-08,-6.065053485193362e-13,both,True,compared
United States of America,Female,75-79 years,2012,4110734.9294359023,4110734.929435903,-9.313225746154785e-10,-2.2655865449910675e-14,both,True,compared
United States of America,Female,75-79 years,2013,4186950.1124182655,4186950.1124182674,-1.862645149230957e-09,-4.448692005444376e-14,both,True,compared
United States of America,Female,75-79 years,2014,4286745.475953726,4286745.475953739,-1.30385160446167e-08,-3.041588570573077e-13,both,True,compared
United States of America,Female,75-79 years,2015,4390807.096474895,4390807.096474974,-7.916241884231567e-08,-1.8029127015365861e-12,both,True,compared
United States of America,Female,75-79 years,2016,4504731.834480314,4504731.834480315,-1.862645149230957e-09,-4.1348635560807814e-14,both,True,compared
United States of America,Female,75-79 years,2017,4668583.342453091,4668583.342453092,-9.313225746154785e-10,-1.9948719050308702e-14,both,True,compared
United States of America,Female,75-79 years,2018,4929660.667442578,4929660.667442579,-9.313225746154785e-10,-1.8892224788742556e-14,both,True,compared
United States of America,Female,75-79 years,2019,5150556.894685011,5150556.89468501,9.313225746154785e-10,1.8081978194950796e-14,both,True,compared
United States of America,Female,75-79 years,2020,5321394.344941378,5321394.344941376,1.862645149230957e-09,3.5002952769354976e-14,both,True,compared
United States of America,Female,75-79 years,2021,5440975.882372453,5440975.882372453,0.0,0.0,both,True,compared
United States of America,Female,75-79 years,2022,5876162.931914183,5876162.931914181,1.862645149230957e-09,3.169832373290223e-14,both,True,compared
United States of America,Female,75-79 years,2023,6197324.822933981,6197324.822933984,-2.7939677238464355e-09,-4.508344815987385e-14,both,True,compared
United States of America,Female,80-84 years,1990,2565998.8135738294,2565998.813573843,-1.3504177331924438e-08,-5.262737169046588e-13,both,True,compared
United States of America,Female,80-84 years,1991,2637232.75508484,2637232.7550848555,-1.5366822481155396e-08,-5.826873813669527e-13,both,True,compared
United States of America,Female,80-84 years,1992,2704576.68548976,2704576.6854898054,-4.563480615615845e-08,-1.6873178860482059e-12,both,True,compared
United States of America,Female,80-84 years,1993,2767348.5745596,2767348.574559623,-2.2817403078079224e-08,-8.245221902235579e-13,both,True,compared
United States of America,Female,80-84 years,1994,2827306.812575521,2827306.8125755424,-2.1420419216156006e-08,-7.57626272496517e-13,both,True,compared
United States of America,Female,80-84 years,1995,2881193.782356148,2881193.782356222,-7.404014468193054e-08,-2.5697731660861382e-12,both,True,compared
United States of America,Female,80-84 years,1996,2917006.15094563,2917006.1509457054,-7.543712854385376e-08,-2.586114825962869e-12,both,True,compared
United States of America,Female,80-84 years,1997,2948878.758634537,2948878.758634611,-7.404014468193054e-08,-2.510789718469621e-12,both,True,compared
United States of America,Female,80-84 years,1998,2980802.793449283,2980802.793449301,-1.7695128917694092e-08,-5.936363504684553e-13,both,True,compared
United States of America,Female,80-84 years,1999,3011752.666651878,3011752.6666519404,-6.239861249923706e-08,-2.071837212602345e-12,both,True,compared
United States of America,Female,80-84 years,2000,3066827.563876156,3066827.563876199,-4.284083843231201e-08,-1.3969105709407926e-12,both,True,compared
United States of America,Female,80-84 years,2001,3133287.3271214347,3133287.3271214957,-6.100162863731384e-08,-1.9468890742731953e-12,both,True,compared
United States of America,Female,80-84 years,2002,3216238.2184018185,3216238.2184018325,-1.3969838619232178e-08,-4.343533553983427e-13,both,True,compared
United States of America,Female,80-84 years,2003,3275591.470778929,3275591.4707789747,-4.563480615615845e-08,-1.393177585277647e-12,both,True,compared
United States of America,Female,80-84 years,2004,3332771.784054624,3332771.7840546714,-4.7497451305389404e-08,-1.4251636290440618e-12,both,True,compared
United States of America,Female,80-84 years,2005,3381384.118382025,3381384.118382093,-6.798654794692993e-08,-2.0106129787899147e-12,both,True,compared
United States of America,Female,80-84 years,2006,3400973.5406363937,3400973.5406364067,-1.30385160446167e-08,-3.833759918689905e-13,both,True,compared
United States of America,Female,80-84 years,2007,3400028.126866545,3400028.1268666117,-6.658956408500671e-08,-1.9585003888298843e-12,both,True,compared
United States of America,Female,80-84 years,2008,3413124.675554231,3413124.675554275,-4.423782229423523e-08,-1.2961091814512106e-12,both,True,compared
United States of America,Female,80-84 years,2009,3395896.6332882056,3395896.6332882317,-2.60770320892334e-08,-7.678982874099829e-13,both,True,compared
United States of America,Female,80-84 years,2010,3387476.6911293194,3387476.691129352,-3.259629011154175e-08,-9.622587277692757e-13,both,True,compared
United States of America,Female,80-84 years,2011,3376483.522824574,3376483.52282466,-8.614733815193176e-08,-2.551392227137712e-12,both,True,compared
United States of America,Female,80-84 years,2012,3341413.924363612,3341413.9243636467,-3.4458935260772705e-08,-1.0312680811412962e-12,both,True,compared
United States of America,Female,80-84 years,2013,3306309.414437907,3306309.4144379385,-3.166496753692627e-08,-9.577133766928317e-13,both,True,compared
United States of America,Female,80-84 years,2014,3273399.725632897,3273399.7256329786,-8.149072527885437e-08,-2.4894828651914333e-12,both,True,compared
United States of America,Female,80-84 years,2015,3268315.856168472,3268315.8561685407,-6.845220923423767e-08,-2.094418417517513e-12,both,True,compared
United States of America,Female,80-84 years,2016,3282310.4483007104,3282310.448300742,-3.166496753692627e-08,-9.647158011308645e-13,both,True,compared
United States of America,Female,80-84 years,2017,3317749.375157285,3317749.3751573265,-4.1443854570388794e-08,-1.2491556740455738e-12,both,True,compared
United States of America,Female,80-84 years,2018,3382531.747027639,3382531.7470276942,-5.541369318962097e-08,-1.6382312815929998e-12,both,True,compared
United States of America,Female,80-84 years,2019,3465639.5743178152,3465639.574317901,-8.568167686462402e-08,-2.472319323093193e-12,both,True,compared
United States of America,Female,80-84 years,2020,3542910.3505154974,3542910.35051552,-2.2817403078079224e-08,-6.440299307816035e-13,both,True,compared
United States of America,Female,80-84 years,2021,3618423.989894366,3618423.989894449,-8.288770914077759e-08,-2.290713011307372e-12,both,True,compared
United States of America,Female,80-84 years,2022,3741183.881291463,3741183.8812914714,-8.381903171539307e-09,-2.240441378317352e-13,both,True,compared
United States of America,Female,80-84 years,2023,3960210.439179496,3960210.4391795117,-1.5832483768463135e-08,-3.997889509059377e-13,both,True,compared
United States of America,Female,85-89 years,1990,1428294.6241120456,1428294.6241120999,-5.4249539971351624e-08,-3.798203749809528e-12,both,True,compared
United States of America,Female,85-89 years,1991,1475338.7691918288,1475338.769191891,-6.216578185558319e-08,-4.213661509731544e-12,both,True,compared
United States of America,Female,85-89 years,1992,1534876.7336338705,1534876.733633894,-2.3515895009040833e-08,-1.5321031646213171e-12,both,True,compared
United States of America,Female,85-89 years,1993,1589384.5848289586,1589384.5848289626,-3.958120942115784e-09,-2.4903481384536873e-13,both,True,compared
United States of America,Female,85-89 years,1994,1630722.221935675,1630722.2219357165,-4.1443854570388794e-08,-2.5414417006714205e-12,both,True,compared
United States of America,Female,85-89 years,1995,1678037.7873107172,1678037.7873107383,-2.1187588572502136e-08,-1.2626407303054908e-12,both,True,compared
United States of America,Female,85-89 years,1996,1722787.5131083643,1722787.5131083997,-3.5390257835388184e-08,-2.0542439253889645e-12,both,True,compared
United States of America,Female,85-89 years,1997,1763448.2053768337,1763448.2053768644,-3.073364496231079e-08,-1.742815290440769e-12,both,True,compared
United States of America,Female,85-89 years,1998,1802704.0479840287,1802704.0479840506,-2.1886080503463745e-08,-1.2140695267167696e-12,both,True,compared
United States of America,Female,85-89 years,1999,1837471.7973066664,1837471.7973066994,-3.306195139884949e-08,-1.7993174886989345e-12,both,True,compared
United States of America,Female,85-89 years,2000,1867712.04975922,1867712.0497592404,-2.0256265997886658e-08,-1.0845497302701471e-12,both,True,compared
United States of America,Female,85-89 years,2001,1887150.685959028,1887150.685959096,-6.798654794692993e-08,-3.6026030381553744e-12,both,True,compared
United States of America,Female,85-89 years,2002,1905368.080308356,1905368.080308374,-1.792795956134796e-08,-9.409184370532008e-13,both,True,compared
United States of America,Female,85-89 years,2003,1927803.917170982,1927803.9171710515,-6.938353180885315e-08,-3.5990969408689783e-12,both,True,compared
United States of America,Female,85-89 years,2004,1957660.119416072,1957660.1194161214,-4.936009645462036e-08,-2.521382336242484e-12,both,True,compared
United States of America,Female,85-89 years,2005,2010020.152254128,2010020.1522541773,-4.936009645462036e-08,-2.4557015709153816e-12,both,True,compared
United States of America,Female,85-89 years,2006,2069728.106080756,2069728.1060807807,-2.468004822731018e-08,-1.1924294865012197e-12,both,True,compared
United States of America,Female,85-89 years,2007,2144153.4564799783,2144153.456480003,-2.468004822731018e-08,-1.1510392669294767e-12,both,True,compared
United States of America,Female,85-89 years,2008,2199419.319812713,2199419.3198127667,-5.3551048040390015e-08,-2.434781196927471e-12,both,True,compared
United States of America,Female,85-89 years,2009,2250976.3836606164,2250976.3836606313,-1.4901161193847656e-08,-6.619865628983129e-13,both,True,compared
United States of America,Female,85-89 years,2010,2299545.3645057096,2299545.364505795,-8.521601557731628e-08,-3.705776667538524e-12,both,True,compared
United States of America,Female,85-89 years,2011,2321961.471967921,2321961.4719679533,-3.213062882423401e-08,-1.3837709717466797e-12,both,True,compared
United States of America,Female,85-89 years,2012,2327413.4833230325,2327413.483323076,-4.330649971961975e-08,-1.8607136217921893e-12,both,True,compared
United States of America,Female,85-89 years,2013,2341477.1482197577,2341477.1482198425,-8.475035429000854e-08,-3.6195251512253647e-12,both,True,compared
United States of America,Female,85-89 years,2014,2333164.280599738,2333164.280599776,-3.818422555923462e-08,-1.6365853822097514e-12,both,True,compared
United States of America,Female,85-89 years,2015,2331031.2909692843,2331031.290969368,-8.381903171539307e-08,-3.5957917870995042e-12,both,True,compared
United States of America,Female,85-89 years,2016,2324776.006372809,2324776.006372889,-8.009374141693115e-08,-3.445224021470181e-12,both,True,compared
United States of America,Female,85-89 years,2017,2301427.854369549,2301427.8543696357,-8.66129994392395e-08,-3.763446213392867e-12,both,True,compared
United States of America,Female,85-89 years,2018,2278579.340985188,2278579.340985198,-1.0244548320770264e-08,-4.496024402793381e-13,both,True,compared
United States of America,Female,85-89 years,2019,2256583.3776727244,2256583.3776727724,-4.7963112592697144e-08,-2.125474869098912e-12,both,True,compared
United States of America,Female,85-89 years,2020,2245252.1026552664,2245252.1026552776,-1.1175870895385742e-08,-4.977557256117922e-13,both,True,compared
United States of America,Female,85-89 years,2021,2239166.354676713,2239166.3546767244,-1.1641532182693481e-08,-5.199047475136909e-13,both,True,compared
United States of America,Female,85-89 years,2022,2255383.916698872,2255383.916698875,-2.7939677238464355e-09,-1.2387991699151025e-13,both,True,compared
United States of America,Female,85-89 years,2023,2304366.0144215743,2304366.014421642,-6.752088665962219e-08,-2.9301285575751215e-12,both,True,compared
United States of America,Female,90-94 years,1990,542956.0027893834,542956.0027894184,-3.504101186990738e-08,-6.453747944564127e-12,both,True,compared
United States of America,Female,90-94 years,1991,563284.8514915037,563284.8514915165,-1.280568540096283e-08,-2.2733942457453047e-12,both,True,compared
United States of America,Female,90-94 years,1992,568930.4774799158,568930.4774799459,-3.003515303134918e-08,-5.2792308059132714e-12,both,True,compared
United States of America,Female,90-94 years,1993,625892.0969612135,625892.0969612341,-2.0605511963367462e-08,-3.2921828001040226e-12,both,True,compared
United States of America,Female,90-94 years,1994,646992.1539039093,646992.1539039192,-9.89530235528946e-09,-1.5294315851563019e-12,both,True,compared
United States of America,Female,90-94 years,1995,680309.350970322,680309.3509703343,-1.2223608791828156e-08,-1.7967721264441948e-12,both,True,compared
United States of America,Female,90-94 years,1996,705577.5554099808,705577.5554099979,-1.7113052308559418e-08,-2.425396354709123e-12,both,True,compared
United States of America,Female,90-94 years,1997,738385.1952942238,738385.1952942427,-1.885928213596344e-08,-2.5541251715439116e-12,both,True,compared
United States of America,Female,90-94 years,1998,767318.224473875,767318.2244738874,-1.234002411365509e-08,-1.6082016196234933e-12,both,True,compared
United States of America,Female,90-94 years,1999,810085.1272450741,810085.1272451087,-3.457535058259964e-08,-4.268113241405011e-12,both,True,compared
United States of America,Female,90-94 years,2000,833053.7505078436,833053.7505078731,-2.9569491744041443e-08,-3.5495298743947054e-12,both,True,compared
United States of America,Female,90-94 years,2001,843951.3618924124,843951.3618924629,-5.052424967288971e-08,-5.986630504345413e-12,both,True,compared
United States of America,Female,90-94 years,2002,871543.1635239233,871543.1635239614,-3.818422555923462e-08,-4.381220249017132e-12,both,True,compared
United States of America,Female,90-94 years,2003,888032.9598248457,888032.9598248873,-4.1676685214042664e-08,-4.693146211854897e-12,both,True,compared
United States of America,Female,90-94 years,2004,877393.8156409661,877393.8156410155,-4.9476511776447296e-08,-5.639031287256455e-12,both,True,compared
United States of America,Female,90-94 years,2005,924988.0769126412,924988.0769126753,-3.41096892952919e-08,-3.687581510146679e-12,both,True,compared
United States of America,Female,90-94 years,2006,923037.7110977976,923037.7110978281,-3.050081431865692e-08,-3.3043952540553677e-12,both,True,compared
United States of America,Female,90-94 years,2007,931317.5534488108,931317.5534488383,-2.7474015951156616e-08,-2.9500159048238863e-12,both,True,compared
United States of America,Female,90-94 years,2008,974861.6398488064,974861.6398488374,-3.096647560596466e-08,-3.1764995503123215e-12,both,True,compared
United States of America,Female,90-94 years,2009,948163.5406644996,948163.5406645308,-3.119930624961853e-08,-3.2904984120938863e-12,both,True,compared
United States of America,Female,90-94 years,2010,1003136.5853907638,1003136.5853907713,-7.450580596923828e-09,-7.427284285540751e-13,both,True,compared
United States of America,Female,90-94 years,2011,1060371.7441358366,1060371.7441359025,-6.58910721540451e-08,-6.213959634292582e-12,both,True,compared
United States of America,Female,90-94 years,2012,1097530.8047316645,1097530.8047317052,-4.0745362639427185e-08,-3.7124573145251286e-12,both,True,compared
United States of America,Female,90-94 years,2013,1130650.269709176,1130650.2697092332,-5.727633833885193e-08,-5.065787350281574e-12,both,True,compared
United States of America,Female,90-94 years,2014,1151932.806035994,1151932.8060360216,-2.7474015951156616e-08,-2.3850363326051628e-12,both,True,compared
United States of America,Female,90-94 years,2015,1204824.934281926,1204824.9342819653,-3.934837877750397e-08,-3.2659001036491288e-12,both,True,compared
United States of America,Female,90-94 years,2016,1186254.9568170928,1186254.956817093,-2.3283064365386963e-10,-1.9627369505674445e-14,both,True,compared
United States of America,Female,90-94 years,2017,1218211.7728399914,1218211.7728400351,-4.377216100692749e-08,-3.593148743332399e-12,both,True,compared
United States of America,Female,90-94 years,2018,1214801.5382877877,1214801.5382878138,-2.60770320892334e-08,-2.1466084185230694e-12,both,True,compared
United States of America,Female,90-94 years,2019,1199827.6212815174,1199827.6212815896,-7.217749953269958e-08,-6.015655770252055e-12,both,True,compared
United States of America,Female,90-94 years,2020,1208355.7307434566,1208355.7307434627,-6.05359673500061e-09,-5.009780299776503e-13,both,True,compared
United States of America,Female,90-94 years,2021,1156320.3567247065,1156320.356724732,-2.561137080192566e-08,-2.2149027000156103e-12,both,True,compared
United States of America,Female,90-94 years,2022,1172557.6219594053,1172557.6219594246,-1.932494342327118e-08,-1.6481018127687564e-12,both,True,compared
United States of America,Female,90-94 years,2023,1135240.8062442073,1135240.8062442187,-1.1408701539039612e-08,-1.0049587256102764e-12,both,True,compared
United States of America,Female,95+ years,1990,174847.76422094982,174847.76422096713,-1.7316779121756554e-08,-9.903917959096042e-12,both,True,compared
United States of America,Female,95+ years,1991,183205.6504790286,183205.65047903243,-3.812601789832115e-09,-2.0810503277946334e-12,both,True,compared
United States of America,Female,95+ years,1992,188160.22682788383,188160.2268279051,-2.1274900063872337e-08,-1.1306799753878469e-11,both,True,compared
United States of America,Female,95+ years,1993,205542.4510788346,205542.45107884653,-1.1932570487260818e-08,-5.805404394386711e-12,both,True,compared
United States of America,Female,95+ years,1994,208028.7845852113,208028.78458522412,-1.280568540096283e-08,-6.1557276443719515e-12,both,True,compared
United States of America,Female,95+ years,1995,218171.35319960816,218171.3531996256,-1.743319444358349e-08,-7.990597384998389e-12,both,True,compared
United States of America,Female,95+ years,1996,226388.2674155636,226388.26741557335,-9.74978320300579e-09,-4.30666452564384e-12,both,True,compared
United States of America,Female,95+ years,1997,233365.65885989665,233365.65885990014,-3.4924596548080444e-09,-1.4965610929518883e-12,both,True,compared
United States of America,Female,95+ years,1998,245314.3992494955,245314.39924951864,-2.3137545213103294e-08,-9.431792542096723e-12,both,True,compared
United States of America,Female,95+ years,1999,264846.150801803,264846.15080180747,-4.48198989033699e-09,-1.692299426201998e-12,both,True,compared
United States of America,Female,95+ years,2000,270336.3745321892,270336.3745322016,-1.2398231774568558e-08,-4.586224031458367e-12,both,True,compared
United States of America,Female,95+ years,2001,275479.44996388286,275479.4499639042,-2.136221155524254e-08,-7.754557212177992e-12,both,True,compared
United States of America,Female,95+ years,2002,282687.440174926,282687.44017492887,-2.852175384759903e-09,-1.0089501617033238e-12,both,True,compared
United States of America,Female,95+ years,2003,291113.85950171854,291113.85950173566,-1.7113052308559418e-08,-5.878473920084315e-12,both,True,compared
United States of America,Female,95+ years,2004,280735.12940556346,280735.12940556847,-5.005858838558197e-09,-1.7831252003116762e-12,both,True,compared
United States of America,Female,95+ years,2005,298671.1005064888,298671.1005065182,-2.939486876130104e-08,-9.841885844145278e-12,both,True,compared
United States of America,Female,95+ years,2006,297168.9998834094,297168.9998834382,-2.8812792152166367e-08,-9.695759706924582e-12,both,True,compared
United States of America,Female,95+ years,2007,304584.25271947286,304584.2527194873,-1.4435499906539917e-08,-4.739411107978472e-12,both,True,compared
United States of America,Female,95+ years,2008,323564.3281581509,323564.32815816475,-1.3853423297405243e-08,-4.281505126434705e-12,both,True,compared
United States of America,Female,95+ years,2009,314609.4887644315,314609.4887644394,-7.916241884231567e-09,-2.5162120555616714e-12,both,True,compared
United States of America,Female,95+ years,2010,337000.2060004651,337000.2060004732,-8.09086486697197e-09,-2.4008486413093778e-12,both,True,compared
United States of America,Female,95+ years,2011,353157.89865912264,353157.8986591558,-3.317836672067642e-08,-9.394768415671501e-12,both,True,compared
United States of America,Female,95+ years,2012,361571.85619925614,361571.85619928397,-2.782326191663742e-08,-7.695085068043706e-12,both,True,compared
United States of America,Female,95+ years,2013,374297.1587362004,374297.1587362139,-1.3504177331924438e-08,-3.607875992839689e-12,both,True,compared
United States of America,Female,95+ years,2014,378564.813442001,378564.8134420401,-3.91155481338501e-08,-1.0332589491929338e-11,both,True,compared
United States of America,Female,95+ years,2015,406226.6909839952,406226.69098401786,-2.264278009533882e-08,-5.573927217951052e-12,both,True,compared
United States of America,Female,95+ years,2016,415054.108762348,415054.1087623662,-1.816079020500183e-08,-4.3755235333425765e-12,both,True,compared
United States of America,Female,95+ years,2017,442996.6221194267,442996.6221194672,-4.045432433485985e-08,-9.131971287120522e-12,both,True,compared
United States of America,Female,95+ years,2018,453693.7992973176,453693.79929733684,-1.9266735762357712e-08,-4.24663854612915e-12,both,True,compared
United States of America,Female,95+ years,2019,457553.3618050915,457553.3618051342,-4.272442311048508e-08,-9.337582602810122e-12,both,True,compared
United States of America,Female,95+ years,2020,475007.5833979864,475007.58339802106,-3.463355824351311e-08,-7.291159015980443e-12,both,True,compared
United States of America,Female,95+ years,2021,449171.2161939906,449171.2161940328,-4.220055416226387e-08,-9.395204465648141e-12,both,True,compared
United States of America,Female,95+ years,2022,468726.3068579863,468726.30685798964,-3.3178366720676422e-09,-7.078409347894513e-13,both,True,compared
United States of America,Female,95+ years,2023,457417.135176894,457417.1351769008,-6.752088665962219e-09,-1.4761337402349449e-12,both,True,compared
United States of America,Male,0-4 years,1990,10109316.80415038,,,,both,False,unavailable_zero_burden_number_and_rate
United States of America,Male,0-4 years,1991,10275966.65194782,,,,both,False,unavailable_zero_burden_number_and_rate
United States of America,Male,0-4 years,1992,10393500.255868556,,,,both,False,unavailable_zero_burden_number_and_rate
United States of America,Male,0-4 years,1993,10434550.70845187,,,,both,False,unavailable_zero_burden_number_and_rate
United States of America,Male,0-4 years,1994,10392655.850116292,,,,both,False,unavailable_zero_burden_number_and_rate
United States of America,Male,0-4 years,1995,10284823.764359023,,,,both,False,unavailable_zero_burden_number_and_rate
United States of America,Male,0-4 years,1996,10162106.116833435,,,,both,False,unavailable_zero_burden_number_and_rate
United States of America,Male,0-4 years,1997,10058685.2111668,,,,both,False,unavailable_zero_burden_number_and_rate
United States of America,Male,0-4 years,1998,9994462.834933735,,,,both,False,unavailable_zero_burden_number_and_rate
United States of America,Male,0-4 years,1999,9975970.362001576,,,,both,False,unavailable_zero_burden_number_and_rate
United States of America,Male,0-4 years,2000,9993093.331070624,,,,both,False,unavailable_zero_burden_number_and_rate
United States of America,Male,0-4 years,2001,10073434.734290132,,,,both,False,unavailable_zero_burden_number_and_rate
United States of America,Male,0-4 years,2002,10148385.96850119,,,,both,False,unavailable_zero_burden_number_and_rate
United States of America,Male,0-4 years,2003,10205852.545803089,,,,both,False,unavailable_zero_burden_number_and_rate
United States of America,Male,0-4 years,2004,10262871.57833935,,,,both,False,unavailable_zero_burden_number_and_rate
United States of America,Male,0-4 years,2005,10317343.273277463,,,,both,False,unavailable_zero_burden_number_and_rate
United States of America,Male,0-4 years,2006,10403100.837091174,,,,both,False,unavailable_zero_burden_number_and_rate
United States of America,Male,0-4 years,2007,10500825.739221996,,,,both,False,unavailable_zero_burden_number_and_rate
United States of America,Male,0-4 years,2008,10566876.285323624,,,,both,False,unavailable_zero_burden_number_and_rate
United States of America,Male,0-4 years,2009,10564474.54632317,,,,both,False,unavailable_zero_burden_number_and_rate
United States of America,Male,0-4 years,2010,10505160.7633631,,,,both,False,unavailable_zero_burden_number_and_rate
United States of America,Male,0-4 years,2011,10398273.987740882,,,,both,False,unavailable_zero_burden_number_and_rate
United States of America,Male,0-4 years,2012,10269040.860420948,,,,both,False,unavailable_zero_burden_number_and_rate
United States of America,Male,0-4 years,2013,10160139.654620998,,,,both,False,unavailable_zero_burden_number_and_rate
United States of America,Male,0-4 years,2014,10117567.957103075,,,,both,False,unavailable_zero_burden_number_and_rate
United States of America,Male,0-4 years,2015,10129446.298406,,,,both,False,unavailable_zero_burden_number_and_rate
United States of America,Male,0-4 years,2016,10148827.785350844,,,,both,False,unavailable_zero_burden_number_and_rate
United States of America,Male,0-4 years,2017,10136037.62107877,,,,both,False,unavailable_zero_burden_number_and_rate
United States of America,Male,0-4 years,2018,10071156.609268038,,,,both,False,unavailable_zero_burden_number_and_rate
United States of America,Male,0-4 years,2019,9947338.757767197,,,,both,False,unavailable_zero_burden_number_and_rate
United States of America,Male,0-4 years,2020,9785162.845431004,,,,both,False,unavailable_zero_burden_number_and_rate
United States of America,Male,0-4 years,2021,9628694.050833138,,,,both,False,unavailable_zero_burden_number_and_rate
United States of America,Male,0-4 years,2022,9535182.829538418,,,,both,False,unavailable_zero_burden_number_and_rate
United States of America,Male,0-4 years,2023,9468452.22792156,,,,both,False,unavailable_zero_burden_number_and_rate
United States of America,Male,10-14 years,1990,9027043.781580169,9027043.781581838,-1.6689300537109375e-06,-1.8488112986849766e-11,both,True,compared
United States of America,Male,10-14 years,1991,9277818.003615707,9277818.003615715,-7.450580596923828e-09,-8.030531094725316e-14,both,True,compared
United States of America,Male,10-14 years,1992,9483546.385699255,9483546.385700872,-1.6167759895324707e-06,-1.704822145405956e-11,both,True,compared
United States of America,Male,10-14 years,1993,9656691.174944503,9656691.174944501,1.862645149230957e-09,1.9288647793395565e-14,both,True,compared
United States of America,Male,10-14 years,1994,9783809.7760179,9783809.776017884,1.6763806343078613e-08,1.7134231681578784e-13,both,True,compared
United States of America,Male,10-14 years,1995,9865779.404382346,9865779.404382348,-1.862645149230957e-09,-1.8879858071867858e-14,both,True,compared
United States of America,Male,10-14 years,1996,9958172.084465012,9958172.084466863,-1.8514692783355713e-06,-1.859246117290851e-11,both,True,compared
United States of America,Male,10-14 years,1997,10066794.295382254,10066794.295382692,-4.377216100692749e-07,-4.3481727869423385e-12,both,True,compared
United States of America,Male,10-14 years,1998,10198377.979886854,10198377.979886852,1.862645149230957e-09,1.826413134426326e-14,both,True,compared
United States of America,Male,10-14 years,1999,10386601.912086371,10386601.912086673,-3.0174851417541504e-07,-2.9051706874823548e-12,both,True,compared
United States of America,Male,10-14 years,2000,10587343.409075374,10587343.409076856,-1.4826655387878418e-06,-1.4004131929043829e-11,both,True,compared
United States of America,Male,10-14 years,2001,10779121.520714443,10779121.52071444,3.725290298461914e-09,3.456024028769833e-14,both,True,compared
United States of America,Male,10-14 years,2002,10939499.215032011,10939499.215032838,-8.270144462585449e-07,-7.559893099330736e-12,both,True,compared
United States of America,Male,10-14 years,2003,11021392.10838866,11021392.108392635,-3.974884748458862e-06,-3.6065178603286214e-11,both,True,compared
United States of America,Male,10-14 years,2004,11024818.397918582,11024818.397918582,0.0,0.0,both,True,compared
United States of America,Male,10-14 years,2005,10941325.471964672,10941325.471965296,-6.239861249923706e-07,-5.7030213258094855e-12,both,True,compared
United States of America,Male,10-14 years,2006,10830933.183314908,10830933.183317143,-2.2351741790771484e-06,-2.063694920138961e-11,both,True,compared
United States of America,Male,10-14 years,2007,10722766.071248498,10722766.071248494,3.725290298461914e-09,3.474187792318557e-14,both,True,compared
United States of America,Male,10-14 years,2008,10650787.624011736,10650787.624011736,0.0,0.0,both,True,compared
United States of America,Male,10-14 years,2009,10624950.142661557,10624950.142661564,-7.450580596923828e-09,-7.012344055157564e-14,both,True,compared
United States of America,Male,10-14 years,2010,10647061.222141692,10647061.222143177,-1.4845281839370728e-06,-1.3943079249416159e-11,both,True,compared
United States of America,Male,10-14 years,2011,10688845.377207702,10688845.377212293,-4.591420292854309e-06,-4.295525036450427e-11,both,True,compared
United States of America,Male,10-14 years,2012,10726140.161504228,10726140.161504233,-5.587935447692871e-09,-5.209642390976571e-14,both,True,compared
United States of America,Male,10-14 years,2013,10761306.213924242,10761306.213927846,-3.604218363761902e-06,-3.349238737485549e-11,both,True,compared
United States of America,Male,10-14 years,2014,10797823.892983709,10797823.89298372,-1.1175870895385742e-08,-1.0350114065712522e-13,both,True,compared
United States of America,Male,10-14 years,2015,10829514.852977276,10829514.852978317,-1.041218638420105e-06,-9.61463789057781e-12,both,True,compared
United States of America,Male,10-14 years,2016,10899186.19896898,10899186.198969573,-5.923211574554443e-07,-5.434544805845005e-12,both,True,compared
United States of America,Male,10-14 years,2017,11015414.782489665,11015414.782493033,-3.3676624298095703e-06,-3.05722707343066e-11,both,True,compared
United States of America,Male,10-14 years,2018,11112211.269745132,11112211.269745125,7.450580596923828e-09,6.704858660498374e-14,both,True,compared
United States of America,Male,10-14 years,2019,11136781.90002368,11136781.900023686,-5.587935447692871e-09,-5.0175495020522845e-14,both,True,compared
United States of America,Male,10-14 years,2020,11101637.561335225,11101637.56133522,5.587935447692871e-09,5.033433506381553e-14,both,True,compared
United States of America,Male,10-14 years,2021,11002065.39551311,11002065.395517353,-4.24310564994812e-06,-3.8566446366320947e-11,both,True,compared
United States of America,Male,10-14 years,2022,10880163.03403149,10880163.0340343,-2.810731530189514e-06,-2.5833542396359086e-11,both,True,compared
United States of America,Male,10-14 years,2023,10772793.968548024,10772793.968548026,-1.862645149230957e-09,-1.729026986563642e-14,both,True,compared
United States of America,Male,15-19 years,1990,9320231.166150352,9320231.166150507,-1.5459954738616943e-07,-1.6587522844674845e-12,both,True,compared
United States of America,Male,15-19 years,1991,9077968.713091968,9077968.713091988,-2.0489096641540527e-08,-2.257013357183285e-13,both,True,compared
United States of America,Male,15-19 years,1992,9027238.098561289,9027238.0985615,-2.1047890186309814e-07,-2.3315979878346522e-12,both,True,compared
United States of America,Male,15-19 years,1993,9126583.44644318,9126583.446443412,-2.3283064365386963e-07,-2.5511260048206603e-12,both,True,compared
United States of America,Male,15-19 years,1994,9323745.808706287,9323745.808706459,-1.7136335372924805e-07,-1.837923912181659e-12,both,True,compared
United States of America,Male,15-19 years,1995,9573096.622225624,9573096.622225653,-2.9802322387695312e-08,-3.1131329353246043e-13,both,True,compared
United States of America,Male,15-19 years,1996,9837843.10398154,9837843.103981579,-3.91155481338501e-08,-3.976028863279938e-13,both,True,compared
United States of America,Male,15-19 years,1997,10054746.056428673,10054746.056429084,-4.116445779800415e-07,-4.094032566012441e-12,both,True,compared
United States of America,Male,15-19 years,1998,10233457.127751833,10233457.127752068,-2.3469328880310059e-07,-2.2933920167275853e-12,both,True,compared
United States of America,Male,15-19 years,1999,10353259.967528457,10353259.967528684,-2.2724270820617676e-07,-2.1948903912283817e-12,both,True,compared
United States of America,Male,15-19 years,2000,10412244.679626033,10412244.679626081,-4.842877388000488e-08,-4.651136750058034e-13,both,True,compared
United States of America,Male,15-19 years,2001,10530041.868870284,10530041.868870426,-1.4156103134155273e-07,-1.344353926645309e-12,both,True,compared
United States of America,Male,15-19 years,2002,10630269.432661168,10630269.432661459,-2.905726432800293e-07,-2.7334457054047377e-12,both,True,compared
United States of America,Male,15-19 years,2003,10728897.085618572,10728897.08561898,-4.079192876815796e-07,-3.802061707054403e-12,both,True,compared
United States of America,Male,15-19 years,2004,10899967.55953098,10899967.559531009,-2.7939677238464355e-08,-2.563280769953648e-13,both,True,compared
United States of America,Male,15-19 years,2005,11085511.386752246,11085511.386752479,-2.3283064365386963e-07,-2.100314866232641e-12,both,True,compared
United States of America,Male,15-19 years,2006,11258658.63975186,11258658.639751947,-8.568167686462402e-08,-7.610291741335932e-13,both,True,compared
United States of America,Male,15-19 years,2007,11399456.49243497,11399456.492435269,-2.998858690261841e-07,-2.6307032201508693e-12,both,True,compared
United States of America,Male,15-19 years,2008,11470051.178187927,11470051.178188302,-3.7439167499542236e-07,-3.264080248459448e-12,both,True,compared
United States of America,Male,15-19 years,2009,11449001.529237676,11449001.529238475,-7.990747690200806e-07,-6.979427568242157e-12,both,True,compared
United States of America,Male,15-19 years,2010,11337177.0063733,11337177.006374009,-7.096678018569946e-07,-6.259651776258307e-12,both,True,compared
United States of America,Male,15-19 years,2011,11194798.836883403,11194798.836883856,-4.5262277126312256e-07,-4.043152341173567e-12,both,True,compared
United States of America,Male,15-19 years,2012,11060862.344164995,11060862.34416537,-3.7439167499542236e-07,-3.3848326047826417e-12,both,True,compared
United States of America,Male,15-19 years,2013,10963283.329848984,10963283.32984973,-7.450580596923828e-07,-6.795939111268465e-12,both,True,compared
United States of America,Male,15-19 years,2014,10921166.212654367,10921166.2126547,-3.334134817123413e-07,-3.0529109732439997e-12,both,True,compared
United States of America,Male,15-19 years,2015,10939040.331865603,10939040.331865964,-3.6135315895080566e-07,-3.3033351005954153e-12,both,True,compared
United States of America,Male,15-19 years,2016,10976509.908103105,10976509.908103121,-1.6763806343078613e-08,-1.5272437672290713e-13,both,True,compared
United States of America,Male,15-19 years,2017,10998716.088430246,10998716.088430556,-3.0919909477233887e-07,-2.8112289860594833e-12,both,True,compared
United States of America,Male,15-19 years,2018,11008823.186295949,11008823.186296593,-6.444752216339111e-07,-5.854169975553514e-12,both,True,compared
United States of America,Male,15-19 years,2019,11016053.396963578,11016053.396964367,-7.897615432739258e-07,-7.16918768287391e-12,both,True,compared
United States of America,Male,15-19 years,2020,11011460.975553596,11011460.975554386,-7.897615432739258e-07,-7.17217765224129e-12,both,True,compared
United States of America,Male,15-19 years,2021,11044510.697008094,11044510.697008306,-2.123415470123291e-07,-1.9225980474612736e-12,both,True,compared
United States of America,Male,15-19 years,2022,11177787.606142534,11177787.606142541,-7.450580596923828e-09,-6.665523500222448e-14,both,True,compared
United States of America,Male,15-19 years,2023,11304046.503212946,11304046.503213378,-4.3213367462158203e-07,-3.822822867003925e-12,both,True,compared
United States of America,Male,20-24 years,1990,9990986.732238846,9990986.732238932,-8.568167686462402e-08,-8.575897372393359e-13,both,True,compared
United States of America,Male,20-24 years,1991,10084249.246967535,10084249.246967541,-5.587935447692871e-09,-5.541250826751665e-14,both,True,compared
United States of America,Male,20-24 years,1992,10089205.93346997,10089205.93346998,-9.313225746154785e-09,-9.230880812194599e-14,both,True,compared
United States of America,Male,20-24 years,1993,10015839.127870977,10015839.127871174,-1.9744038581848145e-07,-1.971281520178035e-12,both,True,compared
United States of America,Male,20-24 years,1994,9841332.72913499,9841332.729135018,-2.7939677238464355e-08,-2.839013577475104e-13,both,True,compared
United States of America,Male,20-24 years,1995,9599928.037778905,9599928.037778981,-7.636845111846924e-08,-7.955106623501137e-13,both,True,compared
United States of America,Male,20-24 years,1996,9365580.361302666,9365580.3613027,-3.3527612686157227e-08,-3.579875607569272e-13,both,True,compared
United States of America,Male,20-24 years,1997,9304651.062535316,9304651.062535489,-1.73225998878479e-07,-1.8617140794883144e-12,both,True,compared
United States of America,Male,20-24 years,1998,9381593.005800514,9381593.005800558,-4.470348358154297e-08,-4.765020562489058e-13,both,True,compared
United States of America,Male,20-24 years,1999,9543608.31386443,9543608.313864458,-2.7939677238464355e-08,-2.927580043061399e-13,both,True,compared
United States of America,Male,20-24 years,2000,9745877.62419588,9745877.624196054,-1.7508864402770996e-07,-1.7965405557014299e-12,both,True,compared
United States of America,Male,20-24 years,2001,10079755.403079543,10079755.403079553,-9.313225746154785e-09,-9.239535458677331e-14,both,True,compared
United States of America,Male,20-24 years,2002,10340967.8841839,10340967.884183966,-6.51925802230835e-08,-6.304301585037602e-13,both,True,compared
United States of America,Male,20-24 years,2003,10518414.557537688,10518414.55753789,-2.0116567611694336e-07,-1.9125094853081673e-12,both,True,compared
United States of America,Male,20-24 years,2004,10649475.929958845,10649475.929958878,-3.3527612686157227e-08,-3.148287568953339e-13,both,True,compared
United States of America,Male,20-24 years,2005,10704019.328940174,10704019.328940356,-1.825392246246338e-07,-1.705333473484183e-12,both,True,compared
United States of America,Male,20-24 years,2006,10768197.633000553,10768197.633000579,-2.60770320892334e-08,-2.4216710147775257e-13,both,True,compared
United States of America,Male,20-24 years,2007,10812296.180101637,10812296.18010181,-1.73225998878479e-07,-1.6021203636400076e-12,both,True,compared
United States of America,Male,20-24 years,2008,10879380.863079593,10879380.863079797,-2.0489096641540527e-07,-1.8832962003446896e-12,both,True,compared
United States of America,Male,20-24 years,2009,11006093.755488666,11006093.755488869,-2.0302832126617432e-07,-1.8446900942028177e-12,both,True,compared
United States of America,Male,20-24 years,2010,11159827.514094109,11159827.51409426,-1.5087425708770752e-07,-1.3519407616037391e-12,both,True,compared
United States of America,Male,20-24 years,2011,11313955.260756252,11313955.260756405,-1.5273690223693848e-07,-1.349986796984463e-12,both,True,compared
United States of America,Male,20-24 years,2012,11459404.470178118,11459404.470178174,-5.587935447692871e-08,-4.876287823014607e-13,both,True,compared
United States of America,Male,20-24 years,2013,11534476.581311302,11534476.581311394,-9.12696123123169e-08,-7.912765843245647e-13,both,True,compared
United States of America,Male,20-24 years,2014,11537026.579862531,11537026.57986255,-1.862645149230957e-08,-1.6144932460172518e-13,both,True,compared
United States of America,Male,20-24 years,2015,11457805.673775071,11457805.673775302,-2.3096799850463867e-07,-2.015813543017965e-12,both,True,compared
United States of America,Male,20-24 years,2016,11338618.207948085,11338618.207948154,-6.891787052154541e-08,-6.078154256330434e-13,both,True,compared
United States of America,Male,20-24 years,2017,11206884.609080603,11206884.609080682,-7.82310962677002e-08,-6.980628336648696e-13,both,True,compared
United States of America,Male,20-24 years,2018,11084692.710126843,11084692.710126985,-1.4156103134155273e-07,-1.277085752789739e-12,both,True,compared
United States of America,Male,20-24 years,2019,10994463.693554897,10994463.693554936,-3.91155481338501e-08,-3.5577495386864717e-13,both,True,compared
United States of America,Male,20-24 years,2020,10954342.614190854,10954342.614190917,-6.332993507385254e-08,-5.781262947884383e-13,both,True,compared
United States of America,Male,20-24 years,2021,10928986.712554106,10928986.712554142,-3.5390257835388184e-08,-3.2382011952430557e-13,both,True,compared
United States of America,Male,20-24 years,2022,10986271.340190845,10986271.34019101,-1.6577541828155518e-07,-1.5089324953690382e-12,both,True,compared
United States of America,Male,20-24 years,2023,11070684.901490845,11070684.901490906,-6.146728992462158e-08,-5.552257197415494e-13,both,True,compared
United States of America,Male,25-29 years,1990,10923338.006422304,10923338.006422425,-1.210719347000122e-07,-1.1083785435260612e-12,both,True,compared
United States of America,Male,25-29 years,1991,10713439.708403287,10713439.708403386,-9.872019290924072e-08,-9.214612262372438e-13,both,True,compared
United States of America,Male,25-29 years,1992,10506438.02163818,10506438.021638267,-8.754432201385498e-08,-8.332445480909518e-13,both,True,compared
United States of America,Male,25-29 years,1993,10299048.784302128,10299048.784302196,-6.705522537231445e-08,-6.510817336307837e-13,both,True,compared
United States of America,Male,25-29 years,1994,10162856.47497443,10162856.474974489,-5.960464477539063e-08,-5.86494996974171e-13,both,True,compared
United States of America,Male,25-29 years,1995,10140933.085380515,10140933.085380556,-4.0978193283081055e-08,-4.0408700992373663e-13,both,True,compared
United States of America,Male,25-29 years,1996,10232862.066912772,10232862.066912888,-1.1548399925231934e-07,-1.128560108571468e-12,both,True,compared
United States of America,Male,25-29 years,1997,10238930.353109654,10238930.353109755,-1.0058283805847168e-07,-9.823568926604114e-13,both,True,compared
United States of America,Male,25-29 years,1998,10159433.234085985,10159433.2340861,-1.1548399925231934e-07,-1.1367169466192087e-12,both,True,compared
United States of America,Male,25-29 years,1999,9972436.981752314,9972436.981752327,-1.30385160446167e-08,-1.307455346017702e-13,both,True,compared
United States of America,Male,25-29 years,2000,9711374.43019322,9711374.430193245,-2.60770320892334e-08,-2.6852050939523467e-13,both,True,compared
United States of America,Male,25-29 years,2001,9532835.217883248,9532835.217883345,-9.685754776000977e-08,-1.0160413512478278e-12,both,True,compared
United States of America,Male,25-29 years,2002,9509634.207350967,9509634.207350995,-2.7939677238464355e-08,-2.938039111627125e-13,both,True,compared
United States of America,Male,25-29 years,2003,9600480.53612611,9600480.536126137,-2.60770320892334e-08,-2.7162215465264344e-13,both,True,compared
United States of America,Male,25-29 years,2004,9792161.87329103,9792161.873291075,-4.470348358154297e-08,-4.565231269662278e-13,both,True,compared
United States of America,Male,25-29 years,2005,10029398.514912669,10029398.514912732,-6.332993507385254e-08,-6.314430020871893e-13,both,True,compared
United States of America,Male,25-29 years,2006,10285388.636720462,10285388.636720477,-1.4901161193847656e-08,-1.4487698734735369e-13,both,True,compared
United States of America,Male,25-29 years,2007,10481909.24955492,10481909.249554934,-1.4901161193847656e-08,-1.4216075372414034e-13,both,True,compared
United States of America,Male,25-29 years,2008,10638125.351841582,10638125.35184165,-6.891787052154541e-08,-6.478384888519379e-13,both,True,compared
United States of America,Male,25-29 years,2009,10726507.767258136,10726507.767258214,-7.82310962677002e-08,-7.293249393478722e-13,both,True,compared
United States of America,Male,25-29 years,2010,10754626.653171904,10754626.65317198,-7.636845111846924e-08,-7.100985797209947e-13,both,True,compared
United States of America,Male,25-29 years,2011,10806234.385354431,10806234.385354444,-1.30385160446167e-08,-1.206573500042499e-13,both,True,compared
United States of America,Male,25-29 years,2012,10865289.5152472,10865289.515247311,-1.1175870895385742e-07,-1.0285847311940199e-12,both,True,compared
United States of America,Male,25-29 years,2013,10950894.015615655,10950894.015615726,-7.078051567077637e-08,-6.463446324094218e-13,both,True,compared
United States of America,Male,25-29 years,2014,11122251.28945386,11122251.289453933,-7.264316082000732e-08,-6.531336051442005e-13,both,True,compared
United States of America,Male,25-29 years,2015,11330053.409369305,11330053.409369411,-1.0617077350616455e-07,-9.37072136115152e-13,both,True,compared
United States of America,Male,25-29 years,2016,11529531.863043245,11529531.863043299,-5.4016709327697754e-08,-4.685073944835773e-13,both,True,compared
United States of America,Male,25-29 years,2017,11696675.430450056,11696675.430450074,-1.862645149230957e-08,-1.592456899660494e-13,both,True,compared
United States of America,Male,25-29 years,2018,11766814.45402984,11766814.454029894,-5.4016709327697754e-08,-4.59059752652073e-13,both,True,compared
United States of America,Male,25-29 years,2019,11730345.488798652,11730345.48879866,-7.450580596923828e-09,-6.351544039379244e-14,both,True,compared
United States of America,Male,25-29 years,2020,11579709.090034278,11579709.090034325,-4.6566128730773926e-08,-4.0213556634898226e-13,both,True,compared
United States of America,Male,25-29 years,2021,11373821.573523007,11373821.573523035,-2.7939677238464355e-08,-2.4564898488916706e-13,both,True,compared
United States of America,Male,25-29 years,2022,11240233.351421531,11240233.35142161,-7.82310962677002e-08,-6.959917452052404e-13,both,True,compared
United States of America,Male,25-29 years,2023,11169651.166496215,11169651.16649629,-7.450580596923828e-08,-6.670378945469777e-13,both,True,compared
United States of America,Male,30-34 years,1990,11134309.472872326,11134309.472872399,-7.264316082000732e-08,-6.524262775073335e-13,both,True,compared
United States of America,Male,30-34 years,1991,11248892.413917122,11248892.413917227,-1.043081283569336e-07,-9.272746553063628e-13,both,True,compared
United States of America,Male,30-34 years,1992,11285387.62705472,11285387.62705479,-7.078051567077637e-08,-6.271872797802054e-13,both,True,compared
United States of America,Male,30-34 years,1993,11266151.440240815,11266151.440240832,-1.6763806343078613e-08,-1.4879798511496206e-13,both,True,compared
United States of America,Male,30-34 years,1994,11275331.402326932,11275331.402326968,-3.5390257835388184e-08,-3.1387332728938295e-13,both,True,compared
United States of America,Male,30-34 years,1995,11145440.726630256,11145440.726630319,-6.332993507385254e-08,-5.682138250714101e-13,both,True,compared
United States of America,Male,30-34 years,1996,10945221.885846833,10945221.885846898,-6.51925802230835e-08,-5.956259352529293e-13,both,True,compared
United States of America,Male,30-34 years,1997,10734460.638021398,10734460.638021497,-9.872019290924072e-08,-9.196567600199153e-13,both,True,compared
United States of America,Male,30-34 years,1998,10515984.623298625,10515984.623298654,-2.9802322387695312e-08,-2.8340020887503925e-13,both,True,compared
United States of America,Male,30-34 years,1999,10354426.212635614,10354426.212635664,-5.029141902923584e-08,-4.856997191004625e-13,both,True,compared
United States of America,Male,30-34 years,2000,10301551.786756044,10301551.786756096,-5.21540641784668e-08,-5.062738629874916e-13,both,True,compared
United States of America,Male,30-34 years,2001,10408277.23407939,10408277.234079449,-5.774199962615967e-08,-5.547700001408247e-13,both,True,compared
United States of America,Male,30-34 years,2002,10428943.396229824,10428943.39622989,-6.51925802230835e-08,-6.251120343279581e-13,both,True,compared
United States of America,Male,30-34 years,2003,10352242.119216816,10352242.119216884,-6.705522537231445e-08,-6.477362546210175e-13,both,True,compared
United States of America,Male,30-34 years,2004,10186028.340412697,10186028.34041275,-5.4016709327697754e-08,-5.303019736690544e-13,both,True,compared
United States of America,Male,30-34 years,2005,9954724.05418972,9954724.054189721,-1.862645149230957e-09,-1.8711168075492876e-14,both,True,compared
United States of America,Male,30-34 years,2006,9722481.00542248,9722481.005422523,-4.284083843231201e-08,-4.4063689513426217e-13,both,True,compared
United States of America,Male,30-34 years,2007,9655373.413184632,9655373.413184628,3.725290298461914e-09,3.858256060169507e-14,both,True,compared
United States of America,Male,30-34 years,2008,9731970.49035616,9731970.49035619,-2.9802322387695312e-08,-3.0623112161332334e-13,both,True,compared
United States of America,Male,30-34 years,2009,9893516.524094531,9893516.524094569,-3.725290298461914e-08,-3.765385431347281e-13,both,True,compared
United States of America,Male,30-34 years,2010,10113615.0750427,10113615.075042726,-2.60770320892334e-08,-2.5784086002623846e-13,both,True,compared
United States of America,Male,30-34 years,2011,10359162.479162058,10359162.47916215,-9.12696123123169e-08,-8.810520396403667e-13,both,True,compared
United States of America,Male,30-34 years,2012,10574852.5708011,10574852.570801107,-7.450580596923828e-09,-7.045564509803287e-14,both,True,compared
United States of America,Male,30-34 years,2013,10760354.635306695,10760354.635306774,-7.82310962677002e-08,-7.270308360563659e-13,both,True,compared
United States of America,Male,30-34 years,2014,10895685.331454104,10895685.331454169,-6.51925802230835e-08,-5.98333911451012e-13,both,True,compared
United States of America,Male,30-34 years,2015,10977462.226066582,10977462.226066599,-1.6763806343078613e-08,-1.5271112756163299e-13,both,True,compared
United States of America,Male,30-34 years,2016,11071989.68338704,11071989.683387138,-9.872019290924072e-08,-8.916210702161815e-13,both,True,compared
United States of America,Male,30-34 years,2017,11153324.583020482,11153324.583020503,-2.0489096641540527e-08,-1.837039394758812e-13,both,True,compared
United States of America,Male,30-34 years,2018,11244620.099751674,11244620.09975177,-9.685754776000977e-08,-8.613678977215848e-13,both,True,compared
United States of America,Male,30-34 years,2019,11401691.03248668,11401691.032486774,-9.313225746154785e-08,-8.16828461639483e-13,both,True,compared
United States of America,Male,30-34 years,2020,11567467.412742916,11567467.412742956,-3.91155481338501e-08,-3.381513579261071e-13,both,True,compared
United States of America,Male,30-34 years,2021,11706103.035111764,11706103.035111878,-1.1362135410308838e-07,-9.706163849941166e-13,both,True,compared
United States of America,Male,30-34 years,2022,11858406.31973044,11858406.319730498,-5.774199962615967e-08,-4.869288340211995e-13,both,True,compared
United States of America,Male,30-34 years,2023,11948148.121294456,11948148.121294577,-1.210719347000122e-07,-1.0133112970388531e-12,both,True,compared
United States of America,Male,35-39 years,1990,10114807.254022611,10114807.25402266,-4.842877388000488e-08,-4.787908722704033e-13,both,True,compared
United States of America,Male,35-39 years,1991,10356835.808294935,10356835.808295036,-1.0058283805847168e-07,-9.711734348237276e-13,both,True,compared
United States of America,Male,35-39 years,1992,10610624.956899228,10610624.956899252,-2.421438694000244e-08,-2.2820886647452175e-13,both,True,compared
United States of America,Male,35-39 years,1993,10847660.041541448,10847660.041541545,-9.685754776000977e-08,-8.928888570354418e-13,both,True,compared
United States of America,Male,35-39 years,1994,11007562.292682927,11007562.292682964,-3.725290298461914e-08,-3.3843009009708096e-13,both,True,compared
United States of America,Male,35-39 years,1995,11182250.917044863,11182250.917044882,-1.862645149230957e-08,-1.6657157517291686e-13,both,True,compared
United States of America,Male,35-39 years,1996,11314163.753831128,11314163.753831208,-8.009374141693115e-08,-7.079068604589564e-13,both,True,compared
United States of America,Male,35-39 years,1997,11371166.745871898,11371166.745871915,-1.6763806343078613e-08,-1.4742380195211208e-13,both,True,compared
United States of America,Male,35-39 years,1998,11369304.299400307,11369304.299400412,-1.043081283569336e-07,-9.174539233894504e-13,both,True,compared
United States of America,Male,35-39 years,1999,11391159.210789444,11391159.210789472,-2.7939677238464355e-08,-2.452751008167855e-13,both,True,compared
United States of America,Male,35-39 years,2000,11276067.618916564,11276067.618916644,-8.009374141693115e-08,-7.10298520049375e-13,both,True,compared
United States of America,Male,35-39 years,2001,11103049.70580981,11103049.705809891,-8.195638656616211e-08,-7.381430214013849e-13,both,True,compared
United States of America,Male,35-39 years,2002,10899887.02599585,10899887.025995892,-4.0978193283081055e-08,-3.759506239408674e-13,both,True,compared
United States of America,Male,35-39 years,2003,10677629.98208621,10677629.982086236,-2.60770320892334e-08,-2.4422116268294243e-13,both,True,compared
United States of America,Male,35-39 years,2004,10518189.67527971,10518189.675279772,-6.146728992462158e-08,-5.843903924749007e-13,both,True,compared
United States of America,Male,35-39 years,2005,10477647.816234533,10477647.816234596,-6.332993507385254e-08,-6.044289346672478e-13,both,True,compared
United States of America,Male,35-39 years,2006,10556749.138482938,10556749.138483014,-7.636845111846924e-08,-7.234087891705249e-13,both,True,compared
United States of America,Male,35-39 years,2007,10553176.986737888,10553176.986738022,-1.341104507446289e-07,-1.2708064207884003e-12,both,True,compared
United States of America,Male,35-39 years,2008,10468627.211110188,10468627.211110242,-5.4016709327697754e-08,-5.15986559062593e-13,both,True,compared
United States of America,Male,35-39 years,2009,10290372.5725744,10290372.572574403,-3.725290298461914e-09,-3.6201704770053214e-14,both,True,compared
United States of America,Male,35-39 years,2010,10059995.01587112,10059995.015871143,-2.2351741790771484e-08,-2.221844221146067e-13,both,True,compared
United States of America,Male,35-39 years,2011,9829479.316113733,9829479.316113794,-6.146728992462158e-08,-6.253361744589724e-13,both,True,compared
United States of America,Male,35-39 years,2012,9777091.663972909,9777091.663972916,-7.450580596923828e-09,-7.62044670643529e-14,both,True,compared
United States of America,Male,35-39 years,2013,9872197.143140197,9872197.143140236,-3.91155481338501e-08,-3.9621927689146645e-13,both,True,compared
United States of America,Male,35-39 years,2014,10061055.276201496,10061055.276201524,-2.7939677238464355e-08,-2.777012596735563e-13,both,True,compared
United States of America,Male,35-39 years,2015,10314696.32615339,10314696.326153507,-1.1734664440155029e-07,-1.1376645583255073e-12,both,True,compared
United States of America,Male,35-39 years,2016,10591712.112730674,10591712.112730712,-3.725290298461914e-08,-3.517174804991455e-13,both,True,compared
United States of America,Male,35-39 years,2017,10829528.086504793,10829528.0865048,-7.450580596923828e-09,-6.879875593294193e-14,both,True,compared
United States of America,Male,35-39 years,2018,11027668.277793609,11027668.27779362,-1.1175870895385742e-08,-1.0134391617392562e-13,both,True,compared
United States of America,Male,35-39 years,2019,11156298.394584533,11156298.394584602,-6.891787052154541e-08,-6.177485406360176e-13,both,True,compared
United States of America,Male,35-39 years,2020,11214974.047238745,11214974.047238827,-8.195638656616211e-08,-7.307764264183983e-13,both,True,compared
United States of America,Male,35-39 years,2021,11269957.53071882,11269957.530718835,-1.4901161193847656e-08,-1.322202071589992e-13,both,True,compared
United States of America,Male,35-39 years,2022,11335073.003787706,11335073.00378772,-1.4901161193847656e-08,-1.3146065480891312e-13,both,True,compared
United States of America,Male,35-39 years,2023,11430970.237131564,11430970.237131584,-2.0489096641540527e-08,-1.7924197348520057e-13,both,True,compared
United States of America,Male,40-44 years,1990,8927684.514486292,8927684.514486311,-1.862645149230957e-08,-2.0863698153855917e-13,both,True,compared
United States of America,Male,40-44 years,1991,9398982.21346694,9398982.21346699,-5.029141902923584e-08,-5.350730311754168e-13,both,True,compared
United States of America,Male,40-44 years,1992,9460885.276952136,9460885.276952248,-1.1175870895385742e-07,-1.1812711567924323e-12,both,True,compared
United States of America,Male,40-44 years,1993,9578814.378473708,9578814.378473802,-9.313225746154785e-08,-9.722733292634027e-13,both,True,compared
United States of America,Male,40-44 years,1994,9816162.99563077,9816162.995630885,-1.1362135410308838e-07,-1.1574925370907338e-12,both,True,compared
United States of America,Male,40-44 years,1995,10055346.210195364,10055346.2101954,-3.5390257835388184e-08,-3.51954642789973e-13,both,True,compared
United States of America,Male,40-44 years,1996,10299044.121611582,10299044.121611588,-5.587935447692871e-09,-5.4256835699607405e-14,both,True,compared
United States of America,Male,40-44 years,1997,10553158.912692852,10553158.912692908,-5.587935447692871e-08,-5.295035821901592e-13,both,True,compared
United States of America,Male,40-44 years,1998,10796704.463218162,10796704.46321827,-1.0803341865539551e-07,-1.0006147618788678e-12,both,True,compared
United States of America,Male,40-44 years,1999,10968176.365553608,10968176.365553657,-4.842877388000488e-08,-4.4153897845861715e-13,both,True,compared
United States of America,Male,40-44 years,2000,11149830.606841592,11149830.606841631,-3.91155481338501e-08,-3.50817420579005e-13,both,True,compared
United States of America,Male,40-44 years,2001,11290093.365310196,11290093.365310224,-2.7939677238464355e-08,-2.4747073681703525e-13,both,True,compared
United States of America,Male,40-44 years,2002,11354299.13623265,11354299.136232657,-7.450580596923828e-09,-6.561902683317824e-14,both,True,compared
United States of America,Male,40-44 years,2003,11350942.104181267,11350942.10418135,-8.195638656616211e-08,-7.220227696868651e-13,both,True,compared
United States of America,Male,40-44 years,2004,11373497.90243545,11373497.90243551,-5.960464477539063e-08,-5.240660813998767e-13,both,True,compared
United States of America,Male,40-44 years,2005,11268051.912069054,11268051.912069177,-1.2293457984924316e-07,-1.0910011846641356e-12,both,True,compared
United States of America,Male,40-44 years,2006,11083674.76720906,11083674.767209146,-8.568167686462402e-08,-7.730439467432985e-13,both,True,compared
United States of America,Male,40-44 years,2007,10871921.181094036,10871921.181094151,-1.1548399925231934e-07,-1.06222255780462e-12,both,True,compared
United States of America,Male,40-44 years,2008,10653092.19537535,10653092.195375403,-5.4016709327697754e-08,-5.070519276191671e-13,both,True,compared
United States of America,Male,40-44 years,2009,10488530.27701848,10488530.277018597,-1.1734664440155029e-07,-1.1188092259090833e-12,both,True,compared
United States of America,Male,40-44 years,2010,10449338.6556082,10449338.655608319,-1.1920928955078125e-07,-1.1408309509310542e-12,both,True,compared
United States of America,Male,40-44 years,2011,10532465.2683159,10532465.268315895,5.587935447692871e-09,5.305439235107357e-14,both,True,compared
United States of America,Male,40-44 years,2012,10543849.359398628,10543849.359398734,-1.0617077350616455e-07,-1.0069450908033462e-12,both,True,compared
United States of America,Male,40-44 years,2013,10475489.66272606,10475489.662726112,-5.21540641784668e-08,-4.978675542398906e-13,both,True,compared
United States of America,Male,40-44 years,2014,10321756.521089682,10321756.521089753,-7.078051567077637e-08,-6.857409930776391e-13,both,True,compared
United States of America,Male,40-44 years,2015,10116840.824382352,10116840.824382458,-1.0617077350616455e-07,-1.0494459223899713e-12,both,True,compared
United States of America,Male,40-44 years,2016,9900702.22396946,9900702.223969515,-5.587935447692871e-08,-5.64397890299595e-13,both,True,compared
United States of America,Male,40-44 years,2017,9857740.026171727,9857740.026171824,-9.685754776000977e-08,-9.825532779608572e-13,both,True,compared
United States of America,Male,40-44 years,2018,9955052.280475888,9955052.280475924,-3.5390257835388184e-08,-3.5550047190406514e-13,both,True,compared
United States of America,Male,40-44 years,2019,10136147.61429228,10136147.614292327,-4.6566128730773926e-08,-4.594065763714239e-13,both,True,compared
United States of America,Male,40-44 years,2020,10368847.82156886,10368847.821568962,-1.0244548320770264e-07,-9.880122166958577e-13,both,True,compared
United States of America,Male,40-44 years,2021,10614627.111028586,10614627.111028641,-5.587935447692871e-08,-5.264372821808326e-13,both,True,compared
United States of America,Male,40-44 years,2022,10836675.991685396,10836675.991685472,-7.636845111846924e-08,-7.047221046108982e-13,both,True,compared
United States of America,Male,40-44 years,2023,11034382.594724791,11034382.594724894,-1.0244548320770264e-07,-9.28420619171559e-13,both,True,compared
United States of America,Male,45-49 years,1990,6871799.877347567,6871799.877347575,-7.450580596923828e-09,-1.0842254911241192e-13,both,True,compared
United States of America,Male,45-49 years,1991,7031726.290817848,7031726.29081788,-3.166496753692627e-08,-4.5031570097196386e-13,both,True,compared
United States of America,Male,45-49 years,1992,7590294.390480765,7590294.390480853,-8.754432201385498e-08,-1.1533718919209137e-12,both,True,compared
United States of America,Male,45-49 years,1993,7980335.4966875315,7980335.49668756,-2.8870999813079834e-08,-3.61776767719397e-13,both,True,compared
United States of America,Male,45-49 years,1994,8325501.509652107,8325501.509652125,-1.7695128917694092e-08,-2.1254129732820754e-13,both,True,compared
United States of America,Male,45-49 years,1995,8758359.317048322,8758359.317048337,-1.4901161193847656e-08,-1.7013644513125017e-13,both,True,compared
United States of America,Male,45-49 years,1996,9221786.222268552,9221786.222268563,-1.1175870895385742e-08,-1.2118987174522126e-13,both,True,compared
United States of America,Male,45-49 years,1997,9291101.973606238,9291101.97360633,-9.12696123123169e-08,-9.823335549603446e-13,both,True,compared
United States of America,Male,45-49 years,1998,9418741.808972169,9418741.808972284,-1.1548399925231934e-07,-1.2261085566897142e-12,both,True,compared
United States of America,Male,45-49 years,1999,9661061.847543566,9661061.847543666,-1.0058283805847168e-07,-1.0411157660070876e-12,both,True,compared
United States of America,Male,45-49 years,2000,9914337.311707163,9914337.311707178,-1.4901161193847656e-08,-1.5029911455858874e-13,both,True,compared
United States of America,Male,45-49 years,2001,10169531.485354723,10169531.48535481,-8.568167686462402e-08,-8.425331785246483e-13,both,True,compared
United States of America,Male,45-49 years,2002,10426550.244561229,10426550.244561264,-3.5390257835388184e-08,-3.3942442135977524e-13,both,True,compared
United States of America,Male,45-49 years,2003,10670274.72988286,10670274.729882974,-1.1362135410308838e-07,-1.0648400062735378e-12,both,True,compared
United States of America,Male,45-49 years,2004,10848260.640767455,10848260.640767483,-2.7939677238464355e-08,-2.575498336891708e-13,both,True,compared
United States of America,Male,45-49 years,2005,11032274.10050486,11032274.100504981,-1.210719347000122e-07,-1.0974340702291987e-12,both,True,compared
United States of America,Male,45-49 years,2006,11175159.088897908,11175159.088897953,-4.470348358154297e-08,-4.0002547816929216e-13,both,True,compared
United States of America,Male,45-49 years,2007,11243598.5307574,11243598.530757431,-3.166496753692627e-08,-2.8162662914640044e-13,both,True,compared
United States of America,Male,45-49 years,2008,11252817.290480502,11252817.290480498,3.725290298461914e-09,3.3105401094651935e-14,both,True,compared
United States of America,Male,45-49 years,2009,11281344.6229488,11281344.622948827,-2.7939677238464355e-08,-2.4766265168097736e-13,both,True,compared
United States of America,Male,45-49 years,2010,11188022.492189258,11188022.492189366,-1.0803341865539551e-07,-9.656167453257922e-13,both,True,compared
United States of America,Male,45-49 years,2011,11015918.03024112,11015918.030241134,-1.30385160446167e-08,-1.183606850452509e-13,both,True,compared
United States of America,Male,45-49 years,2012,10819692.252639798,10819692.25263989,-9.12696123123169e-08,-8.435509086688565e-13,both,True,compared
United States of America,Male,45-49 years,2013,10618282.521475192,10618282.521475239,-4.6566128730773926e-08,-4.3854671070010785e-13,both,True,compared
United States of America,Male,45-49 years,2014,10473957.16872797,10473957.168728063,-9.313225746154785e-08,-8.891792849756181e-13,both,True,compared
United States of America,Male,45-49 years,2015,10456594.534680808,10456594.534680877,-6.891787052154541e-08,-6.590852336577585e-13,both,True,compared
United States of America,Male,45-49 years,2016,10558664.046632567,10558664.046632614,-4.6566128730773926e-08,-4.4102292226662023e-13,both,True,compared
United States of America,Male,45-49 years,2017,10579602.5332086,10579602.5332087,-1.0058283805847168e-07,-9.507241670256467e-13,both,True,compared
United States of America,Male,45-49 years,2018,10513160.20256668,10513160.202566773,-9.313225746154785e-08,-8.858635811410025e-13,both,True,compared
United States of America,Male,45-49 years,2019,10358268.205323784,10358268.20532388,-9.685754776000977e-08,-9.350747233039246e-13,both,True,compared
United States of America,Male,45-49 years,2020,10143710.679675566,10143710.679675572,-5.587935447692871e-09,-5.508768560295328e-14,both,True,compared
United States of America,Male,45-49 years,2021,9902197.194467532,9902197.194467565,-3.3527612686157227e-08,-3.385876086661805e-13,both,True,compared
United States of America,Male,45-49 years,2022,9843724.67633064,9843724.676330682,-4.0978193283081055e-08,-4.162874788809731e-13,both,True,compared
United States of America,Male,45-49 years,2023,9934667.077374171,9934667.077374196,-2.421438694000244e-08,-2.4373626968486737e-13,both,True,compared
United States of America,Male,5-9 years,1990,9506043.619177004,,,,both,False,unavailable_zero_burden_number_and_rate
United States of America,Male,5-9 years,1991,9593964.901455987,,,,both,False,unavailable_zero_burden_number_and_rate
United States of America,Male,5-9 years,1992,9711458.17007986,,,,both,False,unavailable_zero_burden_number_and_rate
United States of America,Male,5-9 years,1993,9857811.299008384,,,,both,False,unavailable_zero_burden_number_and_rate
United States of America,Male,5-9 years,1994,10055727.197012512,,,,both,False,unavailable_zero_burden_number_and_rate
United States of America,Male,5-9 years,1995,10258505.537931526,,,,both,False,unavailable_zero_burden_number_and_rate
United States of America,Male,5-9 years,1996,10431393.883800276,,,,both,False,unavailable_zero_burden_number_and_rate
United States of America,Male,5-9 years,1997,10565957.780305944,,,,both,False,unavailable_zero_burden_number_and_rate
United States of America,Male,5-9 years,1998,10628122.665706713,,,,both,False,unavailable_zero_burden_number_and_rate
United States of America,Male,5-9 years,1999,10608275.709684735,,,,both,False,unavailable_zero_burden_number_and_rate
United States of America,Male,5-9 years,2000,10510464.212656064,,,,both,False,unavailable_zero_burden_number_and_rate
United States of America,Male,5-9 years,2001,10410915.379165506,,,,both,False,unavailable_zero_burden_number_and_rate
United States of America,Male,5-9 years,2002,10317831.714454832,,,,both,False,unavailable_zero_burden_number_and_rate
United States of America,Male,5-9 years,2003,10253420.90629382,,,,both,False,unavailable_zero_burden_number_and_rate
United States of America,Male,5-9 years,2004,10245566.659358729,,,,both,False,unavailable_zero_burden_number_and_rate
United States of America,Male,5-9 years,2005,10279352.177533893,,,,both,False,unavailable_zero_burden_number_and_rate
United States of America,Male,5-9 years,2006,10333158.78192424,,,,both,False,unavailable_zero_burden_number_and_rate
United States of America,Male,5-9 years,2007,10379158.822709445,,,,both,False,unavailable_zero_burden_number_and_rate
United States of America,Male,5-9 years,2008,10421215.058250932,,,,both,False,unavailable_zero_burden_number_and_rate
United States of America,Male,5-9 years,2009,10453657.765074965,,,,both,False,unavailable_zero_burden_number_and_rate
United States of America,Male,5-9 years,2010,10479660.29763556,,,,both,False,unavailable_zero_burden_number_and_rate
United States of America,Male,5-9 years,2011,10541542.089190103,,,,both,False,unavailable_zero_burden_number_and_rate
United States of America,Male,5-9 years,2012,10646708.931690125,,,,both,False,unavailable_zero_burden_number_and_rate
United States of America,Male,5-9 years,2013,10736357.16792017,,,,both,False,unavailable_zero_burden_number_and_rate
United States of America,Male,5-9 years,2014,10768777.83484424,,,,both,False,unavailable_zero_burden_number_and_rate
United States of America,Male,5-9 years,2015,10751136.838435054,,,,both,False,unavailable_zero_burden_number_and_rate
United States of America,Male,5-9 years,2016,10677804.707691312,,,,both,False,unavailable_zero_burden_number_and_rate
United States of America,Male,5-9 years,2017,10565594.660093237,,,,both,False,unavailable_zero_burden_number_and_rate
United States of America,Male,5-9 years,2018,10459280.839298222,,,,both,False,unavailable_zero_burden_number_and_rate
United States of America,Male,5-9 years,2019,10411494.02041319,,,,both,False,unavailable_zero_burden_number_and_rate
United States of America,Male,5-9 years,2020,10408539.95704616,,,,both,False,unavailable_zero_burden_number_and_rate
United States of America,Male,5-9 years,2021,10405380.84164307,,,,both,False,unavailable_zero_burden_number_and_rate
United States of America,Male,5-9 years,2022,10390809.112125857,,,,both,False,unavailable_zero_burden_number_and_rate
United States of America,Male,5-9 years,2023,10335694.932773435,,,,both,False,unavailable_zero_burden_number_and_rate
United States of America,Male,50-54 years,1990,5577492.794117357,5577492.794117414,-5.774199962615967e-08,-1.0352680273663605e-12,both,True,compared
United States of America,Male,50-54 years,1991,5711780.012931085,5711780.012931139,-5.4016709327697754e-08,-9.457071036595871e-13,both,True,compared
United States of America,Male,50-54 years,1992,5896994.30447537,5896994.304475379,-9.313225746154785e-09,-1.579317405663213e-13,both,True,compared
United States of America,Male,50-54 years,1993,6209773.493067948,6209773.493067956,-7.450580596923828e-09,-1.1998151953917496e-13,both,True,compared
United States of America,Male,50-54 years,1994,6481521.007341507,6481521.007341577,-6.984919309616089e-08,-1.077666693003755e-12,both,True,compared
United States of America,Male,50-54 years,1995,6706094.214473621,6706094.214473722,-1.0058283805847168e-07,-1.4998721288672903e-12,both,True,compared
United States of America,Male,50-54 years,1996,6871049.020452468,6871049.020452483,-1.4901161193847656e-08,-2.168687946992175e-13,both,True,compared
United States of America,Male,50-54 years,1997,7425919.136636623,7425919.136636655,-3.166496753692627e-08,-4.2641142401758086e-13,both,True,compared
United States of America,Male,50-54 years,1998,7821262.342531226,7821262.342531311,-8.568167686462402e-08,-1.0954967767632062e-12,both,True,compared
United States of America,Male,50-54 years,1999,8179457.753478864,8179457.75347892,-5.587935447692871e-08,-6.831669795367824e-13,both,True,compared
United States of America,Male,50-54 years,2000,8619263.393694757,8619263.393694866,-1.0989606380462646e-07,-1.2750052850806097e-12,both,True,compared
United States of America,Male,50-54 years,2001,9070329.334209813,9070329.334209926,-1.1362135410308838e-07,-1.2526706574429672e-12,both,True,compared
United States of America,Male,50-54 years,2002,9141027.719998924,9141027.719998956,-3.166496753692627e-08,-3.464048956732624e-13,both,True,compared
United States of America,Male,50-54 years,2003,9268126.593613112,9268126.593613217,-1.043081283569336e-07,-1.125449974203145e-12,both,True,compared
United States of America,Male,50-54 years,2004,9505711.52101719,9505711.521017253,-6.332993507385254e-08,-6.662303493413369e-13,both,True,compared
United States of America,Male,50-54 years,2005,9760281.523745492,9760281.523745546,-5.4016709327697754e-08,-5.534339270469007e-13,both,True,compared
United States of America,Male,50-54 years,2006,10023569.515286418,10023569.515286472,-5.4016709327697754e-08,-5.388969393120855e-13,both,True,compared
United States of America,Male,50-54 years,2007,10287398.409089591,10287398.409089644,-5.21540641784668e-08,-5.069703933346769e-13,both,True,compared
United States of America,Male,50-54 years,2008,10540201.337201027,10540201.337201115,-8.754432201385498e-08,-8.30575424635129e-13,both,True,compared
United States of America,Male,50-54 years,2009,10724505.48818685,10724505.488186926,-7.636845111846924e-08,-7.12092983705308e-13,both,True,compared
United States of America,Male,50-54 years,2010,10911292.764012126,10911292.764012234,-1.0803341865539551e-07,-9.901064978451845e-13,both,True,compared
United States of America,Male,50-54 years,2011,11058332.87541082,11058332.875410918,-9.872019290924072e-08,-8.927222034412962e-13,both,True,compared
United States of America,Male,50-54 years,2012,11133315.930118635,11133315.930118691,-5.587935447692871e-08,-5.019111541221957e-13,both,True,compared
United States of America,Male,50-54 years,2013,11149901.070920058,11149901.070920063,-5.587935447692871e-09,-5.011645764523156e-14,both,True,compared
United States of America,Male,50-54 years,2014,11184525.885480348,11184525.88548047,-1.210719347000122e-07,-1.0824950108720005e-12,both,True,compared
United States of America,Male,50-54 years,2015,11099211.939286027,11099211.939286103,-7.636845111846924e-08,-6.880529134519955e-13,both,True,compared
United States of America,Male,50-54 years,2016,10932074.012305344,10932074.01230545,-1.0617077350616455e-07,-9.711860108764062e-13,both,True,compared
United States of America,Male,50-54 years,2017,10738199.96660158,10738199.96660167,-8.940696716308594e-08,-8.326066514049227e-13,both,True,compared
United States of America,Male,50-54 years,2018,10538640.07368215,10538640.073682215,-6.51925802230835e-08,-6.186052447686026e-13,both,True,compared
United States of America,Male,50-54 years,2019,10393779.406839266,10393779.406839367,-1.0058283805847168e-07,-9.67721500730395e-13,both,True,compared
United States of America,Male,50-54 years,2020,10366414.08008299,10366414.080083093,-1.0244548320770264e-07,-9.8824417408264e-13,both,True,compared
United States of America,Male,50-54 years,2021,10444628.247363606,10444628.247363716,-1.0989606380462646e-07,-1.0521778391908396e-12,both,True,compared
United States of America,Male,50-54 years,2022,10446768.313842203,10446768.313842328,-1.2479722499847412e-07,-1.1946012513086463e-12,both,True,compared
United States of America,Male,50-54 years,2023,10372046.102569127,10372046.102569211,-8.381903171539307e-08,-8.081243651108658e-13,both,True,compared
United States of America,Male,55-59 years,1990,5026758.607129159,5026758.607129206,-4.6566128730773926e-08,-9.26364927584386e-13,both,True,compared
United States of America,Male,55-59 years,1991,5014117.513977162,5014117.513977226,-6.426125764846802e-08,-1.281606533339831e-12,both,True,compared
United States of America,Male,55-59 years,1992,5045625.739476344,5045625.739476379,-3.5390257835388184e-08,-7.014047347685589e-13,both,True,compared
United States of America,Male,55-59 years,1993,5119770.475478764,5119770.475478829,-6.51925802230835e-08,-1.273349665484509e-12,both,True,compared
United States of America,Male,55-59 years,1994,5222238.815633192,5222238.815633237,-4.563480615615845e-08,-8.7385521358286e-13,both,True,compared
United States of America,Male,55-59 years,1995,5340068.079563568,5340068.079563621,-5.3085386753082275e-08,-9.940956924545581e-13,both,True,compared
United States of America,Male,55-59 years,1996,5472943.660143876,5472943.660143892,-1.5832483768463135e-08,-2.8928643800522735e-13,both,True,compared
United States of America,Male,55-59 years,1997,5659615.444965736,5659615.444965789,-5.3085386753082275e-08,-9.379680875721348e-13,both,True,compared
United States of America,Male,55-59 years,1998,5969954.946131333,5969954.946131364,-3.166496753692627e-08,-5.304054690973153e-13,both,True,compared
United States of America,Male,55-59 years,1999,6243729.971806765,6243729.971806844,-7.916241884231567e-08,-1.2678706350173603e-12,both,True,compared
United States of America,Male,55-59 years,2000,6475299.344200434,6475299.344200467,-3.259629011154175e-08,-5.03394335595256e-13,both,True,compared
United States of America,Male,55-59 years,2001,6644472.474655704,6644472.474655803,-9.96515154838562e-08,-1.4997656452632057e-12,both,True,compared
United States of America,Male,55-59 years,2002,7185059.223086804,7185059.223086909,-1.0523945093154907e-07,-1.464698448043365e-12,both,True,compared
United States of America,Male,55-59 years,2003,7572615.920192218,7572615.920192311,-9.220093488693237e-08,-1.2175572597189373e-12,both,True,compared
United States of America,Male,55-59 years,2004,7925518.589207701,7925518.589207792,-9.033828973770142e-08,-1.1398407400206774e-12,both,True,compared
United States of America,Male,55-59 years,2005,8351631.287115554,8351631.287115612,-5.774199962615967e-08,-6.913858818844278e-13,both,True,compared
United States of America,Male,55-59 years,2006,8793395.35138537,8793395.35138543,-5.960464477539063e-08,-6.778342425602428e-13,both,True,compared
United States of America,Male,55-59 years,2007,8867227.119585725,8867227.119585808,-8.381903171539307e-08,-9.4526767595989e-13,both,True,compared
United States of America,Male,55-59 years,2008,9001353.431336189,9001353.431336198,-9.313225746154785e-09,-1.0346472691243166e-13,both,True,compared
United States of America,Male,55-59 years,2009,9239086.807972835,9239086.80797295,-1.1548399925231934e-07,-1.2499503647120497e-12,both,True,compared
United States of America,Male,55-59 years,2010,9497877.500963176,9497877.500963315,-1.3969838619232178e-07,-1.4708379443528832e-12,both,True,compared
United States of America,Male,55-59 years,2011,9765015.234001296,9765015.234001447,-1.5087425708770752e-07,-1.545048865488411e-12,both,True,compared
United States of America,Male,55-59 years,2012,10030818.78063233,10030818.780632423,-9.313225746154785e-08,-9.284611705015462e-13,both,True,compared
United States of America,Male,55-59 years,2013,10283963.077871386,10283963.077871451,-6.51925802230835e-08,-6.339246818511264e-13,both,True,compared
United States of America,Male,55-59 years,2014,10470476.398303786,10470476.398303874,-8.754432201385498e-08,-8.361063879389207e-13,both,True,compared
United States of America,Male,55-59 years,2015,10657596.488414224,10657596.488414263,-3.91155481338501e-08,-3.670203518811418e-13,both,True,compared
United States of America,Male,55-59 years,2016,10807338.8243479,10807338.824347943,-4.284083843231201e-08,-3.9640506445301503e-13,both,True,compared
United States of America,Male,55-59 years,2017,10884574.19134522,10884574.191345379,-1.5832483768463135e-07,-1.4545799854120342e-12,both,True,compared
United States of America,Male,55-59 years,2018,10904007.812246852,10904007.812246861,-9.313225746154785e-09,-8.541103332386302e-14,both,True,compared
United States of America,Male,55-59 years,2019,10936008.302729934,10936008.30273004,-1.0617077350616455e-07,-9.708366212529425e-13,both,True,compared
United States of America,Male,55-59 years,2020,10840562.071629949,10840562.071630087,-1.3783574104309082e-07,-1.2714814982131855e-12,both,True,compared
United States of America,Male,55-59 years,2021,10648967.55915405,10648967.559154078,-2.7939677238464355e-08,-2.623698220814551e-13,both,True,compared
United States of America,Male,55-59 years,2022,10438347.146284431,10438347.14628447,-3.91155481338501e-08,-3.747293281750399e-13,both,True,compared
United States of America,Male,55-59 years,2023,10236011.983589318,10236011.983589366,-4.842877388000488e-08,-4.731215043285153e-13,both,True,compared
United States of America,Male,60-64 years,1990,4972326.508417857,4972326.508417865,-8.381903171539307e-09,-1.6857105335599416e-13,both,True,compared
United States of America,Male,60-64 years,1991,4944327.528969923,4944327.528970005,-8.195638656616211e-08,-1.657584091789253e-12,both,True,compared
United States of America,Male,60-64 years,1992,4878823.8343562335,4878823.834356314,-8.009374141693115e-08,-1.641660862048724e-12,both,True,compared
United States of America,Male,60-64 years,1993,4808152.076681589,4808152.076681653,-6.426125764846802e-08,-1.3365063463803498e-12,both,True,compared
United States of America,Male,60-64 years,1994,4749778.311579384,4749778.311579404,-2.0489096641540527e-08,-4.3136953553370257e-13,both,True,compared
United States of America,Male,60-64 years,1995,4723738.975792913,4723738.97579296,-4.7497451305389404e-08,-1.0055054173990767e-12,both,True,compared
United States of America,Male,60-64 years,1996,4723336.66380189,4723336.663801931,-4.0978193283081055e-08,-8.675687591173534e-13,both,True,compared
United States of America,Male,60-64 years,1997,4763918.344163627,4763918.344163675,-4.7497451305389404e-08,-9.970248831737322e-13,both,True,compared
United States of America,Male,60-64 years,1998,4848804.189283692,4848804.189283721,-2.8870999813079834e-08,-5.95425154038751e-13,both,True,compared
United States of America,Male,60-64 years,1999,4963002.658013121,4963002.658013183,-6.146728992462158e-08,-1.2385101149478183e-12,both,True,compared
United States of America,Male,60-64 years,2000,5088045.915255939,5088045.915255956,-1.7695128917694092e-08,-3.477784833788001e-13,both,True,compared
United States of America,Male,60-64 years,2001,5219539.118598423,5219539.118598433,-1.0244548320770264e-08,-1.962730441901771e-13,both,True,compared
United States of America,Male,60-64 years,2002,5404658.443303918,5404658.443303962,-4.470348358154297e-08,-8.271287455163461e-13,both,True,compared
United States of America,Male,60-64 years,2003,5705882.650752655,5705882.650752698,-4.284083843231201e-08,-7.508187786978222e-13,both,True,compared
United States of America,Male,60-64 years,2004,5971164.45872829,5971164.4587283805,-9.033828973770142e-08,-1.5129090877014839e-12,both,True,compared
United States of America,Male,60-64 years,2005,6197170.944361096,6197170.944361183,-8.66129994392395e-08,-1.3976215956742333e-12,both,True,compared
United States of America,Male,60-64 years,2006,6373315.825239938,6373315.825239997,-5.960464477539063e-08,-9.352218909243632e-13,both,True,compared
United States of America,Male,60-64 years,2007,6907988.549071042,6907988.549071122,-8.009374141693115e-08,-1.1594365110478046e-12,both,True,compared
United States of America,Male,60-64 years,2008,7292393.859564494,7292393.8595646,-1.0523945093154907e-07,-1.4431399751334061e-12,both,True,compared
United States of America,Male,60-64 years,2009,7640802.224584359,7640802.224584397,-3.818422555923462e-08,-4.997410538434889e-13,both,True,compared
United States of America,Male,60-64 years,2010,8051253.012748424,8051253.012748539,-1.1548399925231934e-07,-1.4343605780300404e-12,both,True,compared
United States of America,Male,60-64 years,2011,8473323.305975223,8473323.305975283,-5.960464477539063e-08,-7.034388117040051e-13,both,True,compared
United States of America,Male,60-64 years,2012,8540698.547641769,8540698.547641875,-1.0617077350616455e-07,-1.2431158050354101e-12,both,True,compared
United States of America,Male,60-64 years,2013,8668307.593577756,8668307.593577903,-1.471489667892456e-07,-1.6975512832316484e-12,both,True,compared
United States of America,Male,60-64 years,2014,8894882.014554521,8894882.014554622,-1.0058283805847168e-07,-1.13079451637346e-12,both,True,compared
United States of America,Male,60-64 years,2015,9141808.357488204,9141808.35748823,-2.60770320892334e-08,-2.852502597899384e-13,both,True,compared
United States of America,Male,60-64 years,2016,9394972.968255669,9394972.968255745,-7.636845111846924e-08,-8.128650436409749e-13,both,True,compared
United States of America,Male,60-64 years,2017,9647784.886204269,9647784.886204278,-9.313225746154785e-09,-9.653226990448469e-14,both,True,compared
United States of America,Male,60-64 years,2018,9887522.3964259,9887522.396425977,-7.82310962677002e-08,-7.912103065979284e-13,both,True,compared
United States of America,Male,60-64 years,2019,10063278.283988768,10063278.283988891,-1.2293457984924316e-07,-1.2216156244515157e-12,both,True,compared
United States of America,Male,60-64 years,2020,10227141.148720758,10227141.148720767,-9.313225746154785e-09,-9.106382331801211e-14,both,True,compared
United States of America,Male,60-64 years,2021,10339248.613292968,10339248.613293078,-1.0989606380462646e-07,-1.0629018405006266e-12,both,True,compared
United States of America,Male,60-64 years,2022,10388434.815685147,10388434.815685289,-1.4156103134155273e-07,-1.3626791124281255e-12,both,True,compared
United States of America,Male,60-64 years,2023,10397769.436163358,10397769.436163504,-1.4528632164001465e-07,-1.3972835475146237e-12,both,True,compared
United States of America,Male,65-69 years,1990,4521819.515788734,4521819.515788754,-2.0489096641540527e-08,-4.531161973625709e-13,both,True,compared
United States of America,Male,65-69 years,1991,4535388.026217975,4535388.026218058,-8.288770914077759e-08,-1.8275770157178154e-12,both,True,compared
United States of America,Male,65-69 years,1992,4522784.010999204,4522784.010999295,-9.12696123123169e-08,-2.0179962627079555e-12,both,True,compared
United States of America,Male,65-69 years,1993,4534501.528475934,4534501.528476026,-9.220093488693237e-08,-2.0333201854255746e-12,both,True,compared
United States of America,Male,65-69 years,1994,4509200.964361883,4509200.964361941,-5.8673322200775146e-08,-1.3011911126715169e-12,both,True,compared
United States of America,Male,65-69 years,1995,4494189.296761304,4494189.296761381,-7.729977369308472e-08,-1.719993720531311e-12,both,True,compared
United States of America,Male,65-69 years,1996,4480098.928315601,4480098.928315611,-9.313225746154785e-09,-2.0787991281380725e-13,both,True,compared
United States of America,Male,65-69 years,1997,4432363.264961307,4432363.264961378,-7.078051567077637e-08,-1.596902407126918e-12,both,True,compared
United States of America,Male,65-69 years,1998,4381667.107726593,4381667.107726593,0.0,0.0,both,True,compared
United States of America,Male,65-69 years,1999,4341215.240868172,4341215.240868196,-2.421438694000244e-08,-5.577789995770853e-13,both,True,compared
United States of America,Male,65-69 years,2000,4335376.088459189,4335376.088459262,-7.264316082000732e-08,-1.6755907524005607e-12,both,True,compared
United States of America,Male,65-69 years,2001,4348522.245063059,4348522.245063093,-3.3527612686157227e-08,-7.710116402007973e-13,both,True,compared
United States of America,Male,65-69 years,2002,4396449.316875932,4396449.316875988,-5.587935447692871e-08,-1.2710110011375262e-12,both,True,compared
United States of America,Male,65-69 years,2003,4485741.833986408,4485741.833986419,-1.1175870895385742e-08,-2.491420886220267e-13,both,True,compared
United States of America,Male,65-69 years,2004,4601832.414570266,4601832.41457036,-9.406358003616333e-08,-2.0440461877390485e-12,both,True,compared
United States of America,Male,65-69 years,2005,4725466.762063252,4725466.762063262,-1.0244548320770264e-08,-2.1679442130489664e-13,both,True,compared
United States of America,Male,65-69 years,2006,4862393.318163539,4862393.318163555,-1.5832483768463135e-08,-3.256109231090103e-13,both,True,compared
United States of America,Male,65-69 years,2007,5050071.380949693,5050071.3809497785,-8.568167686462402e-08,-1.6966428868280894e-12,both,True,compared
United States of America,Male,65-69 years,2008,5346686.420264933,5346686.420265034,-1.0058283805847168e-07,-1.881218200439885e-12,both,True,compared
United States of America,Male,65-69 years,2009,5601971.7607486285,5601971.760748642,-1.30385160446167e-08,-2.3274869280801723e-13,both,True,compared
United States of America,Male,65-69 years,2010,5820340.719426114,5820340.719426189,-7.450580596923828e-08,-1.2800935471108391e-12,both,True,compared
United States of America,Male,65-69 years,2011,5991149.375682949,5991149.375683027,-7.82310962677002e-08,-1.3057777625312905e-12,both,True,compared
United States of America,Male,65-69 years,2012,6504102.42055802,6504102.420558104,-8.475035429000854e-08,-1.303029208490499e-12,both,True,compared
United States of America,Male,65-69 years,2013,6868133.529518031,6868133.529518091,-6.05359673500061e-08,-8.814034714065059e-13,both,True,compared
United States of America,Male,65-69 years,2014,7193642.518471589,7193642.518471663,-7.35744833946228e-08,-1.0227709148140287e-12,both,True,compared
United States of America,Male,65-69 years,2015,7572983.128660904,7572983.128661016,-1.1175870895385742e-07,-1.4757554196957414e-12,both,True,compared
United States of America,Male,65-69 years,2016,7955639.360842082,7955639.360842152,-6.984919309616089e-08,-8.779834018113103e-13,both,True,compared
United States of America,Male,65-69 years,2017,8008659.506058176,8008659.506058238,-6.239861249923706e-08,-7.79139286069478e-13,both,True,compared
United States of America,Male,65-69 years,2018,8123326.868954757,8123326.868954878,-1.210719347000122e-07,-1.4904230329905554e-12,both,True,compared
United States of America,Male,65-69 years,2019,8329522.070348602,8329522.070348696,-9.406358003616333e-08,-1.1292794381446022e-12,both,True,compared
United States of America,Male,65-69 years,2020,8543772.238162555,8543772.23816266,-1.043081283569336e-07,-1.2208673809329727e-12,both,True,compared
United States of America,Male,65-69 years,2021,8743158.203312367,8743158.203312533,-1.6577541828155518e-07,-1.8960587744912443e-12,both,True,compared
United States of America,Male,65-69 years,2022,8952514.174778633,8952514.17477875,-1.1734664440155029e-07,-1.310767479510323e-12,both,True,compared
United States of America,Male,65-69 years,2023,9168492.525340216,9168492.525340378,-1.6205012798309326e-07,-1.767467525716067e-12,both,True,compared
United States of America,Male,70-74 years,1990,3460334.011748668,3460334.0117486757,-7.916241884231567e-09,-2.2877103358675835e-13,both,True,compared
United States of America,Male,70-74 years,1991,3543535.132527221,3543535.1325272494,-2.8405338525772095e-08,-8.016101848414195e-13,both,True,compared
United States of America,Male,70-74 years,1992,3645699.673334856,3645699.673334899,-4.284083843231201e-08,-1.1751060775975525e-12,both,True,compared
United States of America,Male,70-74 years,1993,3715676.4637469817,3715676.4637470227,-4.0978193283081055e-08,-1.1028461084514772e-12,both,True,compared
United States of America,Male,70-74 years,1994,3778168.865186601,3778168.8651866033,-2.3283064365386963e-09,-6.162526132679098e-14,both,True,compared
United States of America,Male,70-74 years,1995,3825869.045722648,3825869.0457226955,-4.7497451305389404e-08,-1.2414813663967912e-12,both,True,compared
United States of America,Male,70-74 years,1996,3845406.819382866,3845406.8193829614,-9.546056389808655e-08,-2.48245682139313e-12,both,True,compared
United States of America,Male,70-74 years,1997,3844657.7899261536,3844657.789926157,-3.259629011154175e-09,-8.478333285462019e-14,both,True,compared
United States of America,Male,70-74 years,1998,3866553.21486332,3866553.2148633176,2.3283064365386963e-09,6.021658844855703e-14,both,True,compared
United States of America,Male,70-74 years,1999,3857399.901854463,3857399.90185456,-9.685754776000977e-08,-2.510954275532725e-12,both,True,compared
United States of America,Male,70-74 years,2000,3859196.655569758,3859196.6555697666,-8.847564458847046e-09,-2.2925922798149874e-13,both,True,compared
United States of America,Male,70-74 years,2001,3862251.573747263,3862251.5737473285,-6.565824151039124e-08,-1.6999990874930967e-12,both,True,compared
United States of America,Male,70-74 years,2002,3836011.9910116703,3836011.991011668,2.3283064365386963e-09,6.069601560146981e-14,both,True,compared
United States of America,Male,70-74 years,2003,3807071.8855184894,3807071.88551851,-2.0489096641540527e-08,-5.381851789948561e-13,both,True,compared
United States of America,Male,70-74 years,2004,3785901.4311009934,3785901.431101031,-3.771856427192688e-08,-9.962901823610814e-13,both,True,compared
United States of America,Male,70-74 years,2005,3795959.43518384,3795959.435183843,-3.259629011154175e-09,-8.587101803410893e-14,both,True,compared
United States of America,Male,70-74 years,2006,3825907.013506903,3825907.013506906,-3.259629011154175e-09,-8.51988561051392e-14,both,True,compared
United States of America,Male,70-74 years,2007,3885338.2457733736,3885338.2457733722,1.3969838619232178e-09,3.595527013492101e-14,both,True,compared
United States of America,Male,70-74 years,2008,3981951.437080348,3981951.437080453,-1.0523945093154907e-07,-2.6429114617408014e-12,both,True,compared
United States of America,Male,70-74 years,2009,4098773.52883536,4098773.528835472,-1.1222437024116516e-07,-2.7379988050487138e-12,both,True,compared
United States of America,Male,70-74 years,2010,4219806.615907975,4219806.615908027,-5.21540641784668e-08,-1.235934935545496e-12,both,True,compared
United States of America,Male,70-74 years,2011,4350070.847040917,4350070.847040918,-9.313225746154785e-10,-2.14093656715729e-14,both,True,compared
United States of America,Male,70-74 years,2012,4525061.716223224,4525061.716223225,-9.313225746154785e-10,-2.058143364711483e-14,both,True,compared
United States of America,Male,70-74 years,2013,4797903.112425135,4797903.112425135,0.0,0.0,both,True,compared
United States of America,Male,70-74 years,2014,5028600.303003665,5028600.303003665,0.0,0.0,both,True,compared
United States of America,Male,70-74 years,2015,5224372.447532013,5224372.4475320345,-2.1420419216156006e-08,-4.1000942086881623e-13,both,True,compared
United States of America,Male,70-74 years,2016,5377487.767985352,5377487.767985356,-3.725290298461914e-09,-6.927566289672054e-14,both,True,compared
United States of America,Male,70-74 years,2017,5845858.782741695,5845858.7827417925,-9.778887033462524e-08,-1.6727887889341467e-12,both,True,compared
United States of America,Male,70-74 years,2018,6176982.014413951,6176982.014414019,-6.798654794692993e-08,-1.1006434499612225e-12,both,True,compared
United States of America,Male,70-74 years,2019,6469906.230396286,6469906.230396289,-3.725290298461914e-09,-5.757873709142981e-14,both,True,compared
United States of America,Male,70-74 years,2020,6793869.111989871,6793869.111989876,-5.587935447692871e-09,-8.224967769589851e-14,both,True,compared
United States of America,Male,70-74 years,2021,7096893.581742186,7096893.58174222,-3.3527612686157227e-08,-4.724265948190628e-13,both,True,compared
United States of America,Male,70-74 years,2022,7117879.280273195,7117879.280273194,9.313225746154785e-10,1.308427043988491e-14,both,True,compared
United States of America,Male,70-74 years,2023,7214705.001154518,7214705.001154635,-1.1734664440155029e-07,-1.6264926200415977e-12,both,True,compared
United States of America,Male,75-79 years,1990,2411238.023098269,2411238.023098316,-4.7031790018081665e-08,-1.950524567361009e-12,both,True,compared
United States of America,Male,75-79 years,1991,2462992.305178294,2462992.3051783144,-2.0489096641540527e-08,-8.318782238362429e-13,both,True,compared
United States of America,Male,75-79 years,1992,2509632.8174802857,2509632.8174803164,-3.073364496231079e-08,-1.2246271545479668e-12,both,True,compared
United States of America,Male,75-79 years,1993,2559706.592950481,2559706.5929504805,4.656612873077393e-10,1.8191979056903875e-14,both,True,compared
United States of America,Male,75-79 years,1994,2606438.9971978017,2606438.9971978,1.862645149230957e-09,7.146321671957402e-14,both,True,compared
United States of America,Male,75-79 years,1995,2674953.6345206,2674953.634520622,-2.1886080503463745e-08,-8.181854152917355e-13,both,True,compared
United States of America,Male,75-79 years,1996,2750554.916640162,2750554.916640159,2.7939677238464355e-09,1.0157832904711835e-13,both,True,compared
United States of America,Male,75-79 years,1997,2839738.254218584,2839738.254218585,-9.313225746154785e-10,-3.27960710192902e-14,both,True,compared
United States of America,Male,75-79 years,1998,2903266.731893535,2903266.7318935497,-1.4901161193847656e-08,-5.132549837792201e-13,both,True,compared
United States of America,Male,75-79 years,1999,2960836.560854521,2960836.56085452,9.313225746154785e-10,3.14547107033389e-14,both,True,compared
United States of America,Male,75-79 years,2000,3008188.031455875,3008188.0314558907,-1.5832483768463135e-08,-5.263129698977187e-13,both,True,compared
United States of America,Male,75-79 years,2001,3034266.4586640885,3034266.45866409,-1.3969838619232178e-09,-4.6040249956764665e-14,both,True,compared
United States of America,Male,75-79 years,2002,3046184.037153733,3046184.0371538256,-9.266659617424011e-08,-3.0420550775660003e-12,both,True,compared
United States of America,Male,75-79 years,2003,3077434.578046231,3077434.578046227,4.190951585769653e-09,1.361832877185113e-13,both,True,compared
United States of America,Male,75-79 years,2004,3087405.819499053,3087405.8194990554,-2.3283064365386963e-09,-7.541303517127125e-14,both,True,compared
United States of America,Male,75-79 years,2005,3109658.56947618,3109658.5694761807,-9.313225746154785e-10,-2.994935147405457e-14,both,True,compared
United States of America,Male,75-79 years,2006,3131448.2110985834,3131448.211098673,-8.940696716308594e-08,-2.855131592028467e-12,both,True,compared
United States of America,Male,75-79 years,2007,3129635.025926643,3129635.0259266426,4.656612873077393e-10,1.487909240055438e-14,both,True,compared
United States of America,Male,75-79 years,2008,3124058.8026264613,3124058.802626473,-1.1641532182693481e-08,-3.726412631191898e-13,both,True,compared
United States of America,Male,75-79 years,2009,3119968.1015108107,3119968.10151085,-3.91155481338501e-08,-1.2537162836667727e-12,both,True,compared
United States of America,Male,75-79 years,2010,3143830.2684710147,3143830.268471013,1.862645149230957e-09,5.924763712313402e-14,both,True,compared
United States of America,Male,75-79 years,2011,3181068.63756,3181068.6375599965,3.725290298461914e-09,1.1710813952506704e-13,both,True,compared
United States of America,Male,75-79 years,2012,3238544.4642216284,3238544.46422163,-1.3969838619232178e-09,-4.3136164328037946e-14,both,True,compared
United States of America,Male,75-79 years,2013,3326916.68448435,3326916.6844843524,-2.3283064365386963e-09,-6.998391175219852e-14,both,True,compared
United States of America,Male,75-79 years,2014,3428152.9215514646,3428152.9215514637,9.313225746154785e-10,2.7166891207233363e-14,both,True,compared
United States of America,Male,75-79 years,2015,3531708.6012532013,3531708.6012531994,1.862645149230957e-09,5.27406238603607e-14,both,True,compared
United States of America,Male,75-79 years,2016,3642562.199373237,3642562.1993732355,1.3969838619232178e-09,3.8351681741044583e-14,both,True,compared
United States of America,Male,75-79 years,2017,3791290.480364912,3791290.4803650486,-1.364387571811676e-07,-3.5987418502429115e-12,both,True,compared
United States of America,Male,75-79 years,2018,4025157.180125136,4025157.1801252128,-7.683411240577698e-08,-1.9088475050156505e-12,both,True,compared
United States of America,Male,75-79 years,2019,4220813.153379707,4220813.1533797085,-1.862645149230957e-09,-4.413000721767303e-14,both,True,compared
United States of America,Male,75-79 years,2020,4374112.489064523,4374112.489064568,-4.470348358154297e-08,-1.02200123323997e-12,both,True,compared
United States of America,Male,75-79 years,2021,4476110.928420305,4476110.928420472,-1.6670674085617065e-07,-3.724365716624549e-12,both,True,compared
United States of America,Male,75-79 years,2022,4862072.42407364,4862072.424073644,-3.725290298461914e-09,-7.661939135288971e-14,both,True,compared
United States of America,Male,75-79 years,2023,5147543.7528601,5147543.752860154,-5.4016709327697754e-08,-1.049368629410576e-12,both,True,compared
United States of America,Male,80-84 years,1990,1371427.8878920374,1371427.8878920581,-2.0721927285194397e-08,-1.5109746176333906e-12,both,True,compared
United States of America,Male,80-84 years,1991,1417661.766779085,1417661.766779108,-2.3050233721733093e-08,-1.6259332276487234e-12,both,True,compared
United States of America,Male,80-84 years,1992,1465530.6279842746,1465530.6279842786,-3.958120942115784e-09,-2.700810796127732e-13,both,True,compared
United States of America,Male,80-84 years,1993,1511079.6813085007,1511079.681308547,-4.6333298087120056e-08,-3.0662379132117183e-12,both,True,compared
United States of America,Male,80-84 years,1994,1557093.4879019198,1557093.4879019544,-3.4691765904426575e-08,-2.227982210058012e-12,both,True,compared
United States of America,Male,80-84 years,1995,1603063.1790514144,1603063.1790514467,-3.236345946788788e-08,-2.0188511526438036e-12,both,True,compared
United States of America,Male,80-84 years,1996,1643737.167455654,1643737.1674556732,-1.932494342327118e-08,-1.1756711356222675e-12,both,True,compared
United States of America,Male,80-84 years,1997,1681347.2520864832,1681347.2520865109,-2.7706846594810486e-08,-1.6478955528328502e-12,both,True,compared
United States of America,Male,80-84 years,1998,1723913.7962331194,1723913.7962331404,-2.0954757928848267e-08,-1.2155339770837718e-12,both,True,compared
United States of America,Male,80-84 years,1999,1764120.6507786105,1764120.650778648,-3.748573362827301e-08,-2.1248962542175526e-12,both,True,compared
United States of America,Male,80-84 years,2000,1821034.1985323664,1821034.1985324242,-5.774199962615967e-08,-3.170835543489294e-12,both,True,compared
United States of America,Male,80-84 years,2001,1885251.5621740243,1885251.5621740776,-5.3318217396736145e-08,-2.828175213670208e-12,both,True,compared
United States of America,Male,80-84 years,2002,1958930.8528746148,1958930.852874632,-1.7229467630386353e-08,-8.795342421149338e-13,both,True,compared
United States of America,Male,80-84 years,2003,2013794.929844759,2013794.9298447901,-3.119930624961853e-08,-1.5492792134511753e-12,both,True,compared
United States of America,Male,80-84 years,2004,2067284.367006348,2067284.3670063675,-1.955777406692505e-08,-9.46061140840862e-13,both,True,compared
United States of America,Male,80-84 years,2005,2116526.817242727,2116526.817242766,-3.864988684654236e-08,-1.826099557618311e-12,both,True,compared
United States of America,Male,80-84 years,2006,2150167.0875132964,2150167.0875133052,-8.847564458847046e-09,-4.114826475685385e-13,both,True,compared
United States of America,Male,80-84 years,2007,2177332.831477318,2177332.831477333,-1.4901161193847656e-08,-6.843768200444226e-13,both,True,compared
United States of America,Male,80-84 years,2008,2217959.0183090973,2217959.0183091126,-1.5366822481155396e-08,-6.928361775083915e-13,both,True,compared
United States of America,Male,80-84 years,2009,2241227.978017368,2241227.9780173856,-1.7695128917694092e-08,-7.895282894579753e-13,both,True,compared
United States of America,Male,80-84 years,2010,2274596.120758761,2274596.1207587845,-2.3283064365386963e-08,-1.0236131220350532e-12,both,True,compared
United States of America,Male,80-84 years,2011,2303365.310025735,2303365.310025739,-4.190951585769653e-09,-1.8194906242305217e-13,both,True,compared
United States of America,Male,80-84 years,2012,2310929.601993386,2310929.6019934225,-3.632158041000366e-08,-1.5717302845864715e-12,both,True,compared
United States of America,Male,80-84 years,2013,2315348.413587568,2315348.4135876284,-6.05359673500061e-08,-2.614551097137355e-12,both,True,compared
United States of America,Male,80-84 years,2014,2317240.464025743,2317240.464025761,-1.816079020500183e-08,-7.837248868618099e-13,both,True,compared
United States of America,Male,80-84 years,2015,2341170.808633108,2341170.8086331524,-4.423782229423523e-08,-1.8895597933780607e-12,both,True,compared
United States of America,Male,80-84 years,2016,2374731.158389712,2374731.158389752,-3.958120942115784e-08,-1.6667659107988276e-12,both,True,compared
United States of America,Male,80-84 years,2017,2421044.164955822,2421044.164955845,-2.3283064365386963e-08,-9.616951521333285e-13,both,True,compared
United States of America,Male,80-84 years,2018,2490932.650632338,2490932.6506324075,-6.938353180885315e-08,-2.785443909583012e-12,both,True,compared
United States of America,Male,80-84 years,2019,2570133.612490992,2570133.6124910573,-6.51925802230835e-08,-2.5365444001138283e-12,both,True,compared
United States of America,Male,80-84 years,2020,2639543.061358107,2639543.0613581846,-7.776543498039246e-08,-2.94617034739264e-12,both,True,compared
United States of America,Male,80-84 years,2021,2702123.5296564493,2702123.5296564666,-1.7229467630386353e-08,-6.376269419694859e-13,both,True,compared
United States of America,Male,80-84 years,2022,2800378.8015472246,2800378.801547262,-3.725290298461914e-08,-1.3302808521488845e-12,both,True,compared
United States of America,Male,80-84 years,2023,2981568.8211011426,2981568.821101224,-8.149072527885437e-08,-2.7331492301009004e-12,both,True,compared
United States of America,Male,85-89 years,1990,607207.7230711443,607207.7230711603,-1.594889909029007e-08,-2.6265968768683457e-12,both,True,compared
United States of America,Male,85-89 years,1991,629667.8813281792,629667.8813282,-2.0838342607021332e-08,-3.3094180638634977e-12,both,True,compared
United States of America,Male,85-89 years,1992,655828.0435953221,655828.0435953408,-1.8742866814136505e-08,-2.8578934672244316e-12,both,True,compared
United States of America,Male,85-89 years,1993,682279.421005231,682279.4210052632,-3.2247044146060944e-08,-4.726369160973669e-12,both,True,compared
United States of America,Male,85-89 years,1994,703343.4678866777,703343.4678867154,-3.771856427192688e-08,-5.362751769808726e-12,both,True,compared
United States of America,Male,85-89 years,1995,729575.3705895839,729575.370589592,-8.149072527885437e-09,-1.1169610236842308e-12,both,True,compared
United States of America,Male,85-89 years,1996,755637.8439805498,755637.8439805739,-2.4097971618175507e-08,-3.189090092580883e-12,both,True,compared
United States of America,Male,85-89 years,1997,782090.0687979598,782090.0687979704,-1.0593794286251068e-08,-1.3545491381233485e-12,both,True,compared
United States of America,Male,85-89 years,1998,808766.2204228545,808766.2204228657,-1.1175870895385742e-08,-1.3818419480406293e-12,both,True,compared
United States of America,Male,85-89 years,1999,834975.0727730271,834975.0727730655,-3.841705620288849e-08,-4.600982407211511e-12,both,True,compared
United States of America,Male,85-89 years,2000,861193.0605562341,861193.0605562446,-1.0477378964424133e-08,-1.2166120982973228e-12,both,True,compared
United States of America,Male,85-89 years,2001,886799.6364784989,886799.6364785037,-4.773028194904327e-09,-5.382307342680167e-13,both,True,compared
United States of America,Male,85-89 years,2002,912207.0013574574,912207.0013574725,-1.5133991837501526e-08,-1.6590523658534298e-12,both,True,compared
United States of America,Male,85-89 years,2003,943104.4722249488,943104.4722249762,-2.735760062932968e-08,-2.9008027673528367e-12,both,True,compared
United States of America,Male,85-89 years,2004,977328.3575115228,977328.357511559,-3.620516508817673e-08,-3.704503692122723e-12,both,True,compared
United States of America,Male,85-89 years,2005,1024011.3128183356,1024011.3128183858,-5.0175003707408905e-08,-4.899848573871194e-12,both,True,compared
United States of America,Male,85-89 years,2006,1074069.4940691283,1074069.4940691697,-4.1443854570388794e-08,-3.858582223891131e-12,both,True,compared
United States of America,Male,85-89 years,2007,1130963.892872669,1130963.8928727163,-4.7264620661735535e-08,-4.179144971788846e-12,both,True,compared
United States of America,Male,85-89 years,2008,1174845.1574157225,1174845.157415792,-6.961636245250702e-08,-5.9255776825637506e-12,both,True,compared
United States of America,Male,85-89 years,2009,1216289.467124234,1216289.467124287,-5.3085386753082275e-08,-4.3645355968259846e-12,both,True,compared
United States of America,Male,85-89 years,2010,1256971.7411229743,1256971.741122998,-2.3748725652694702e-08,-1.889360347232442e-12,both,True,compared
United States of America,Male,85-89 years,2011,1286199.246910671,1286199.2469107322,-6.123445928096771e-08,-4.7608843985912055e-12,both,True,compared
United States of America,Male,85-89 years,2012,1311081.4469039952,1311081.446904032,-3.67872416973114e-08,-2.805870053624912e-12,both,True,compared
United States of America,Male,85-89 years,2013,1343065.939306567,1343065.9393065814,-1.4435499906539917e-08,-1.0748169158390728e-12,both,True,compared
United States of America,Male,85-89 years,2014,1362164.5934928,1362164.5934928376,-3.771856427192688e-08,-2.769016641022115e-12,both,True,compared
United States of America,Male,85-89 years,2015,1387691.2367997246,1387691.2367997863,-6.170012056827545e-08,-4.446242718269769e-12,both,True,compared
United States of America,Male,85-89 years,2016,1409426.603198479,1409426.603198539,-6.007030606269836e-08,-4.262038613885814e-12,both,True,compared
United States of America,Male,85-89 years,2017,1416450.6763901042,1416450.676390113,-8.847564458847046e-09,-6.246291950945661e-13,both,True,compared
United States of America,Male,85-89 years,2018,1421654.7069271212,1421654.7069271924,-7.12461769580841e-08,-5.0114965758514825e-12,both,True,compared
United States of America,Male,85-89 years,2019,1425008.6387794337,1425008.6387794921,-5.844049155712128e-08,-4.1010622649401945e-12,both,True,compared
United States of America,Male,85-89 years,2020,1433729.973344582,1433729.973344611,-2.9103830456733704e-08,-2.0299380635002534e-12,both,True,compared
United States of America,Male,85-89 years,2021,1439264.5670594766,1439264.5670595309,-5.4249539971351624e-08,-3.769254188073804e-12,both,True,compared
United States of America,Male,85-89 years,2022,1459818.5604543628,1459818.5604544403,-7.753260433673859e-08,-5.311112383213354e-12,both,True,compared
United States of America,Male,85-89 years,2023,1508618.448736243,1508618.4487362884,-4.540197551250458e-08,-3.0095068471777894e-12,both,True,compared
United States of America,Male,90-94 years,1990,181112.39500292388,181112.39500292466,-7.8580342233181e-10,-4.3387611450841007e-13,both,True,compared
United States of America,Male,90-94 years,1991,187633.05331989285,187633.05331989477,-1.9208528101444244e-09,-1.0237283762949755e-12,both,True,compared
United States of America,Male,90-94 years,1992,193248.38464568715,193248.38464570005,-1.289299689233303e-08,-6.671722982819133e-12,both,True,compared
United States of America,Male,90-94 years,1993,209023.231714726,209023.23171473335,-7.363269105553627e-09,-3.522703694296998e-12,both,True,compared
United States of America,Male,90-94 years,1994,218228.56230095035,218228.56230096862,-1.8277205526828766e-08,-8.375258185325621e-12,both,True,compared
United States of America,Male,90-94 years,1995,229358.8091446489,229358.80914466997,-2.10711732506752e-08,-9.186991042226035e-12,both,True,compared
United States of America,Male,90-94 years,1996,238116.45838075143,238116.45838076895,-1.752050593495369e-08,-7.357956713323094e-12,both,True,compared
United States of America,Male,90-94 years,1997,249601.209238254,249601.20923827117,-1.7171259969472885e-08,-6.879477876680579e-12,both,True,compared
United States of America,Male,90-94 years,1998,257620.4864623492,257620.48646235053,-1.3387762010097504e-09,-5.19669929745828e-13,both,True,compared
United States of America,Male,90-94 years,1999,270705.95629771287,270705.95629773755,-2.468004822731018e-08,-9.116921018231285e-12,both,True,compared
United States of America,Male,90-94 years,2000,281019.917372292,281019.9173723201,-2.805609256029129e-08,-9.983666931024998e-12,both,True,compared
United States of America,Male,90-94 years,2001,288095.79806419,288095.7980642016,-1.1583324521780014e-08,-4.020650283555735e-12,both,True,compared
United States of America,Male,90-94 years,2002,304574.3696727058,304574.36967271665,-1.0826624929904938e-08,-3.554673671832327e-12,both,True,compared
United States of America,Male,90-94 years,2003,313009.1058616643,313009.10586167953,-1.525040715932846e-08,-4.872192812840545e-12,both,True,compared
United States of America,Male,90-94 years,2004,316010.91832098697,316010.9183210033,-1.635635271668434e-08,-5.175882151030755e-12,both,True,compared
United States of America,Male,90-94 years,2005,340161.71880628413,340161.71880631184,-2.7706846594810486e-08,-8.145198316859701e-12,both,True,compared
United States of America,Male,90-94 years,2006,344984.0418247051,344984.0418247306,-2.5494955480098724e-08,-7.390184005396209e-12,both,True,compared
United States of America,Male,90-94 years,2007,357191.0654687423,357191.06546875276,-1.0477378964424133e-08,-2.9332701675151522e-12,both,True,compared
United States of America,Male,90-94 years,2008,381331.8667691829,381331.86676918704,-4.132743924856186e-09,-1.083765686794202e-12,both,True,compared
United States of America,Male,90-94 years,2009,386525.2646828021,386525.2646828253,-2.3224856704473495e-08,-6.008625781171829e-12,both,True,compared
United States of America,Male,90-94 years,2010,417181.2149939095,417181.21499393246,-2.293381839990616e-08,-5.497327678150842e-12,both,True,compared
United States of America,Male,90-94 years,2011,446914.8837459122,446914.8837459439,-3.172317519783974e-08,-7.0982588299465875e-12,both,True,compared
United States of America,Male,90-94 years,2012,472809.3841667248,472809.38416676363,-3.882450982928276e-08,-8.211450772642075e-12,both,True,compared
United States of America,Male,90-94 years,2013,497745.86848557845,497745.86848559976,-2.130400389432907e-08,-4.2800965800374745e-12,both,True,compared
United States of America,Male,90-94 years,2014,516477.4902439343,516477.49024394795,-1.3620592653751373e-08,-2.6372093481398993e-12,both,True,compared
United States of America,Male,90-94 years,2015,545009.502039535,545009.5020395417,-6.752088665962219e-09,-1.2388937515207622e-12,both,True,compared
United States of America,Male,90-94 years,2016,550376.8253178211,550376.8253178595,-3.841705620288849e-08,-6.980136959928162e-12,both,True,compared
United States of America,Male,90-94 years,2017,571571.9446004177,571571.944600426,-8.265487849712372e-09,-1.4460975434143677e-12,both,True,compared
United States of America,Male,90-94 years,2018,580934.4892117783,580934.4892118318,-5.3551048040390015e-08,-9.218087243029586e-12,both,True,compared
United States of America,Male,90-94 years,2019,586042.7633988303,586042.7633988592,-2.8870999813079834e-08,-4.926432270170654e-12,both,True,compared
United States of America,Male,90-94 years,2020,600820.4186617715,600820.4186618119,-4.039611667394638e-08,-6.723492647590453e-12,both,True,compared
United States of America,Male,90-94 years,2021,582701.6419046943,582701.6419047161,-2.1886080503463745e-08,-3.755966849848588e-12,both,True,compared
United States of America,Male,90-94 years,2022,593633.6800952969,593633.6800953157,-1.8742866814136505e-08,-3.157311898328896e-12,both,True,compared
United States of America,Male,90-94 years,2023,585876.794021818,585876.7940218602,-4.225876182317734e-08,-7.21290931034958e-12,both,True,compared
United States of America,Male,95+ years,1990,48242.58098146848,48242.580981475905,-7.4214767664670944e-09,-1.5383664421515758e-11,both,True,compared
United States of America,Male,95+ years,1991,50085.80831670378,50085.80831670805,-4.270987119525671e-09,-8.5273399053865e-12,both,True,compared
United States of America,Male,95+ years,1992,51468.16986220612,51468.16986221486,-8.738425094634295e-09,-1.697830934736822e-11,both,True,compared
United States of America,Male,95+ years,1993,53222.49870330101,53222.49870330292,-1.9063008949160576e-09,-3.5817576050743056e-12,both,True,compared
United States of America,Male,95+ years,1994,53047.52686016936,53047.52686017215,-2.786691766232252e-09,-5.253198275534754e-12,both,True,compared
United States of America,Male,95+ years,1995,54514.96821835343,54514.96821835633,-2.8958311304450035e-09,-5.311992696842609e-12,both,True,compared
United States of America,Male,95+ years,1996,56220.5455727438,56220.54557274935,-5.551555659621954e-09,-9.874602964211352e-12,both,True,compared
United States of America,Male,95+ years,1997,57861.60018836711,57861.60018836721,-9.458744898438454e-11,-1.6347188580415553e-13,both,True,compared
United States of America,Male,95+ years,1998,60071.37671578426,60071.376715794235,-9.975337889045477e-09,-1.66058086803001e-11,both,True,compared
United States of America,Male,95+ years,1999,64150.44701228918,64150.44701230012,-1.0943040251731873e-08,-1.7058400621332437e-11,both,True,compared
United States of America,Male,95+ years,2000,65915.59859873055,65915.59859873253,-1.979060471057892e-09,-3.002415988218009e-12,both,True,compared
United States of America,Male,95+ years,2001,66776.41911264393,66776.41911264672,-2.7939677238464355e-09,-4.184063417856148e-12,both,True,compared
United States of America,Male,95+ years,2002,69717.4562291769,69717.45622918801,-1.1117663234472275e-08,-1.5946742517291546e-11,both,True,compared
United States of America,Male,95+ years,2003,71334.08328827679,71334.08328828297,-6.184563972055912e-09,-8.669858343959819e-12,both,True,compared
United States of America,Male,95+ years,2004,71460.81522196175,71460.81522196377,-2.0227162167429924e-09,-2.8305249673689135e-12,both,True,compared
United States of America,Male,95+ years,2005,75289.0859507656,75289.0859507689,-3.3032847568392754e-09,-4.387468269968663e-12,both,True,compared
United States of America,Male,95+ years,2006,76519.89313594127,76519.89313594406,-2.7939677238464355e-09,-3.651295904037422e-12,both,True,compared
United States of America,Male,95+ years,2007,80108.01797637723,80108.0179763789,-1.673470251262188e-09,-2.089017171484222e-12,both,True,compared
United States of America,Male,95+ years,2008,84891.46418860707,84891.46418861547,-8.396455086767673e-09,-9.890811952675127e-12,both,True,compared
United States of America,Male,95+ years,2009,88262.15861007321,88262.15861007743,-4.220055416226387e-09,-4.781273744810451e-12,both,True,compared
United States of America,Male,95+ years,2010,95185.35160875198,95185.35160875577,-3.7834979593753815e-09,-3.974874174890899e-12,both,True,compared
United States of America,Male,95+ years,2011,100796.65304555371,100796.65304556114,-7.4214767664670944e-09,-7.362820631666268e-12,both,True,compared
United States of America,Male,95+ years,2012,108849.82559285771,108849.8255928637,-5.980837158858776e-09,-5.4945767035305336e-12,both,True,compared
United States of America,Male,95+ years,2013,114500.96746236086,114500.96746237151,-1.0652001947164536e-08,-9.302979864048831e-12,both,True,compared
United States of America,Male,95+ years,2014,120427.0367496904,120427.03674970478,-1.4391844160854816e-08,-1.1950675321164387e-11,both,True,compared
United States of America,Male,95+ years,2015,131821.8599307305,131821.8599307444,-1.3882527127861977e-08,-1.0531278450445882e-11,both,True,compared
United States of America,Male,95+ years,2016,138517.17468633168,138517.17468633366,-1.979060471057892e-09,-1.428747356087373e-12,both,True,compared
United States of America,Male,95+ years,2017,151295.66115956954,151295.66115959233,-2.278829924762249e-08,-1.506209700461137e-11,both,True,compared
United States of America,Male,95+ years,2018,158133.9499262146,158133.94992621656,-1.949956640601158e-09,-1.233104365957474e-12,both,True,compared
United States of America,Male,95+ years,2019,163796.4945044901,163796.4945045121,-2.200249582529068e-08,-1.3432824610716887e-11,both,True,compared
United States of America,Male,95+ years,2020,171448.31925097972,171448.31925100076,-2.1042069420218468e-08,-1.2273126684558167e-11,both,True,compared
United States of America,Male,95+ years,2021,165648.9910232881,165648.99102330935,-2.1245796233415604e-08,-1.282579272120572e-11,both,True,compared
United States of America,Male,95+ years,2022,171131.20260256744,171131.20260259858,-3.114109858870506e-08,-1.8197206654958587e-11,both,True,compared
United States of America,Male,95+ years,2023,171169.6566494538,171169.65664948194,-2.814340405166149e-08,-1.6441818370470686e-11,both,True,compared
